archive_or_file,available,content_type,dataset,filelist_error,filelist_size_bytes,filelist_time,filelist_type,head_error,http_status,remote_last_modified,remote_size_bytes,supplement_name,supplement_url
Archive,True,application/x-tar,GSE92486,,3063808000,02/25/2017 13:54:25,TAR,,200,"Sat, 25 Feb 2017 18:54:25 GMT",3063808000,GSE92486_RAW.tar,https://ftp.ncbi.nlm.nih.gov/geo/series/GSE92nnn/GSE92486/suppl/GSE92486_RAW.tar
File,,,GSE92486,,165138636,12/13/2016 10:35:07,TXT,,,,,GSM2430564_AL_26m_PE_Rep1_BS-seq.cov.txt.gz,https://ftp.ncbi.nlm.nih.gov/geo/series/GSE92nnn/GSE92486/suppl/GSM2430564_AL_26m_PE_Rep1_BS-seq.cov.txt.gz
File,,,GSE92486,,119130203,12/13/2016 10:37:13,TXT,,,,,GSM2430565_AL_26m_PE_Rep2_BS-seq.cov.txt.gz,https://ftp.ncbi.nlm.nih.gov/geo/series/GSE92nnn/GSE92486/suppl/GSM2430565_AL_26m_PE_Rep2_BS-seq.cov.txt.gz
File,,,GSE92486,,123873845,12/13/2016 10:38:21,TXT,,,,,GSM2430566_AL_26m_PE_Rep3_BS-seq.cov.txt.gz,https://ftp.ncbi.nlm.nih.gov/geo/series/GSE92nnn/GSE92486/suppl/GSM2430566_AL_26m_PE_Rep3_BS-seq.cov.txt.gz
File,,,GSE92486,,158065376,12/13/2016 10:39:29,TXT,,,,,GSM2430567_DR_26m_PE_Rep1_BS-seq.cov.txt.gz,https://ftp.ncbi.nlm.nih.gov/geo/series/GSE92nnn/GSE92486/suppl/GSM2430567_DR_26m_PE_Rep1_BS-seq.cov.txt.gz
File,,,GSE92486,,159946470,12/13/2016 10:40:52,TXT,,,,,GSM2430568_DR_26m_PE_Rep2_BS-seq.cov.txt.gz,https://ftp.ncbi.nlm.nih.gov/geo/series/GSE92nnn/GSE92486/suppl/GSM2430568_DR_26m_PE_Rep2_BS-seq.cov.txt.gz
File,,,GSE92486,,160900258,12/13/2016 10:42:19,TXT,,,,,GSM2430569_DR_26m_PE_Rep3_BS-seq.cov.txt.gz,https://ftp.ncbi.nlm.nih.gov/geo/series/GSE92nnn/GSE92486/suppl/GSM2430569_DR_26m_PE_Rep3_BS-seq.cov.txt.gz
File,,,GSE92486,,205931478,12/13/2016 09:59:24,TXT,,,,,GSM2430570_AL_5m_PE_Rep1_BS-seq.cov.txt.gz,https://ftp.ncbi.nlm.nih.gov/geo/series/GSE92nnn/GSE92486/suppl/GSM2430570_AL_5m_PE_Rep1_BS-seq.cov.txt.gz
File,,,GSE92486,,193110471,12/13/2016 09:59:26,TXT,,,,,GSM2430571_AL_5m_PE_Rep2_BS-seq.cov.txt.gz,https://ftp.ncbi.nlm.nih.gov/geo/series/GSE92nnn/GSE92486/suppl/GSM2430571_AL_5m_PE_Rep2_BS-seq.cov.txt.gz
File,,,GSE92486,,187493599,12/13/2016 09:59:21,TXT,,,,,GSM2430572_AL_5m_PE_Rep3_BS-seq.cov.txt.gz,https://ftp.ncbi.nlm.nih.gov/geo/series/GSE92nnn/GSE92486/suppl/GSM2430572_AL_5m_PE_Rep3_BS-seq.cov.txt.gz
File,,,GSE92486,,177074850,12/13/2016 09:59:13,TXT,,,,,GSM2430573_DR_5m_PE_Rep1_BS-seq.cov.txt.gz,https://ftp.ncbi.nlm.nih.gov/geo/series/GSE92nnn/GSE92486/suppl/GSM2430573_DR_5m_PE_Rep1_BS-seq.cov.txt.gz
File,,,GSE92486,,162489325,12/13/2016 09:59:18,TXT,,,,,GSM2430574_DR_5m_PE_Rep2_BS-seq.cov.txt.gz,https://ftp.ncbi.nlm.nih.gov/geo/series/GSE92nnn/GSE92486/suppl/GSM2430574_DR_5m_PE_Rep2_BS-seq.cov.txt.gz
File,,,GSE92486,,195101219,12/13/2016 09:59:16,TXT,,,,,GSM2430575_DR_5m_PE_Rep3_BS-seq.cov.txt.gz,https://ftp.ncbi.nlm.nih.gov/geo/series/GSE92nnn/GSE92486/suppl/GSM2430575_DR_5m_PE_Rep3_BS-seq.cov.txt.gz
File,,,GSE92486,,189955095,12/13/2016 10:21:57,TXT,,,,,GSM2430576_AL_26m_SE_Rep1_BS-seq.cov.txt.gz,https://ftp.ncbi.nlm.nih.gov/geo/series/GSE92nnn/GSE92486/suppl/GSM2430576_AL_26m_SE_Rep1_BS-seq.cov.txt.gz
File,,,GSE92486,,166493174,12/13/2016 10:23:50,TXT,,,,,GSM2430577_AL_26m_SE_Rep2_BS-seq.cov.txt.gz,https://ftp.ncbi.nlm.nih.gov/geo/series/GSE92nnn/GSE92486/suppl/GSM2430577_AL_26m_SE_Rep2_BS-seq.cov.txt.gz
File,,,GSE92486,,157458768,12/13/2016 10:25:52,TXT,,,,,GSM2430578_AL_26m_SE_Rep3_BS-seq.cov.txt.gz,https://ftp.ncbi.nlm.nih.gov/geo/series/GSE92nnn/GSE92486/suppl/GSM2430578_AL_26m_SE_Rep3_BS-seq.cov.txt.gz
File,,,GSE92486,,178527396,12/13/2016 10:28:01,TXT,,,,,GSM2430579_DR_26m_SE_Rep1_BS-seq.cov.txt.gz,https://ftp.ncbi.nlm.nih.gov/geo/series/GSE92nnn/GSE92486/suppl/GSM2430579_DR_26m_SE_Rep1_BS-seq.cov.txt.gz
File,,,GSE92486,,176106259,12/13/2016 10:29:39,TXT,,,,,GSM2430580_DR_26m_SE_Rep2_BS-seq.cov.txt.gz,https://ftp.ncbi.nlm.nih.gov/geo/series/GSE92nnn/GSE92486/suppl/GSM2430580_DR_26m_SE_Rep2_BS-seq.cov.txt.gz
File,,,GSE92486,,186992489,12/13/2016 10:31:12,TXT,,,,,GSM2430581_DR_26m_SE_Rep3_BS-seq.cov.txt.gz,https://ftp.ncbi.nlm.nih.gov/geo/series/GSE92nnn/GSE92486/suppl/GSM2430581_DR_26m_SE_Rep3_BS-seq.cov.txt.gz
Archive,True,application/x-tar,GSE175410,,360263680,12/31/2021 17:00:05,TAR,,200,"Fri, 31 Dec 2021 22:00:05 GMT",360263680,GSE175410_RAW.tar,https://ftp.ncbi.nlm.nih.gov/geo/series/GSE175nnn/GSE175410/suppl/GSE175410_RAW.tar
File,,,GSE175410,,25358031,10/05/2020 15:37:42,COV,,,,,GSM5333067_zr3463_1_R1_val_1_bismark_bt2_pe.bismark.cov.gz,https://ftp.ncbi.nlm.nih.gov/geo/series/GSE175nnn/GSE175410/suppl/GSM5333067_zr3463_1_R1_val_1_bismark_bt2_pe.bismark.cov.gz
File,,,GSE175410,,25930285,10/05/2020 15:43:23,COV,,,,,GSM5333068_zr3463_2_R1_val_1_bismark_bt2_pe.bismark.cov.gz,https://ftp.ncbi.nlm.nih.gov/geo/series/GSE175nnn/GSE175410/suppl/GSM5333068_zr3463_2_R1_val_1_bismark_bt2_pe.bismark.cov.gz
File,,,GSE175410,,25103759,10/05/2020 15:48:49,COV,,,,,GSM5333069_zr3463_3_R1_val_1_bismark_bt2_pe.bismark.cov.gz,https://ftp.ncbi.nlm.nih.gov/geo/series/GSE175nnn/GSE175410/suppl/GSM5333069_zr3463_3_R1_val_1_bismark_bt2_pe.bismark.cov.gz
File,,,GSE175410,,24514571,10/05/2020 15:54:36,COV,,,,,GSM5333070_zr3463_4_R1_val_1_bismark_bt2_pe.bismark.cov.gz,https://ftp.ncbi.nlm.nih.gov/geo/series/GSE175nnn/GSE175410/suppl/GSM5333070_zr3463_4_R1_val_1_bismark_bt2_pe.bismark.cov.gz
File,,,GSE175410,,25448570,10/05/2020 16:00:14,COV,,,,,GSM5333071_zr3463_5_R1_val_1_bismark_bt2_pe.bismark.cov.gz,https://ftp.ncbi.nlm.nih.gov/geo/series/GSE175nnn/GSE175410/suppl/GSM5333071_zr3463_5_R1_val_1_bismark_bt2_pe.bismark.cov.gz
File,,,GSE175410,,25956032,10/05/2020 16:05:59,COV,,,,,GSM5333072_zr3463_6_R1_val_1_bismark_bt2_pe.bismark.cov.gz,https://ftp.ncbi.nlm.nih.gov/geo/series/GSE175nnn/GSE175410/suppl/GSM5333072_zr3463_6_R1_val_1_bismark_bt2_pe.bismark.cov.gz
File,,,GSE175410,,23887887,10/05/2020 16:11:01,COV,,,,,GSM5333073_zr3463_7_R1_val_1_bismark_bt2_pe.bismark.cov.gz,https://ftp.ncbi.nlm.nih.gov/geo/series/GSE175nnn/GSE175410/suppl/GSM5333073_zr3463_7_R1_val_1_bismark_bt2_pe.bismark.cov.gz
File,,,GSE175410,,25811802,10/05/2020 16:17:07,COV,,,,,GSM5333074_zr3463_8_R1_val_1_bismark_bt2_pe.bismark.cov.gz,https://ftp.ncbi.nlm.nih.gov/geo/series/GSE175nnn/GSE175410/suppl/GSM5333074_zr3463_8_R1_val_1_bismark_bt2_pe.bismark.cov.gz
File,,,GSE175410,,20321106,10/05/2020 16:21:54,COV,,,,,GSM5333075_zr3463_9_R1_val_1_bismark_bt2_pe.bismark.cov.gz,https://ftp.ncbi.nlm.nih.gov/geo/series/GSE175nnn/GSE175410/suppl/GSM5333075_zr3463_9_R1_val_1_bismark_bt2_pe.bismark.cov.gz
File,,,GSE175410,,21003043,10/09/2020 04:58:59,COV,,,,,GSM5333076_zr3463_10_R1_val_1_bismark_bt2_pe.bismark.cov.gz,https://ftp.ncbi.nlm.nih.gov/geo/series/GSE175nnn/GSE175410/suppl/GSM5333076_zr3463_10_R1_val_1_bismark_bt2_pe.bismark.cov.gz
File,,,GSE175410,,23437315,10/09/2020 05:04:20,COV,,,,,GSM5333077_zr3463_11_R1_val_1_bismark_bt2_pe.bismark.cov.gz,https://ftp.ncbi.nlm.nih.gov/geo/series/GSE175nnn/GSE175410/suppl/GSM5333077_zr3463_11_R1_val_1_bismark_bt2_pe.bismark.cov.gz
File,,,GSE175410,,22708300,10/05/2020 15:14:23,COV,,,,,GSM5333078_zr3463_12_R1_val_1_bismark_bt2_pe.bismark.cov.gz,https://ftp.ncbi.nlm.nih.gov/geo/series/GSE175nnn/GSE175410/suppl/GSM5333078_zr3463_12_R1_val_1_bismark_bt2_pe.bismark.cov.gz
File,,,GSE175410,,23294443,10/05/2020 15:19:11,COV,,,,,GSM5333079_zr3463_13_R1_val_1_bismark_bt2_pe.bismark.cov.gz,https://ftp.ncbi.nlm.nih.gov/geo/series/GSE175nnn/GSE175410/suppl/GSM5333079_zr3463_13_R1_val_1_bismark_bt2_pe.bismark.cov.gz
File,,,GSE175410,,25598384,10/05/2020 15:26:01,COV,,,,,GSM5333080_zr3463_14_R1_val_1_bismark_bt2_pe.bismark.cov.gz,https://ftp.ncbi.nlm.nih.gov/geo/series/GSE175nnn/GSE175410/suppl/GSM5333080_zr3463_14_R1_val_1_bismark_bt2_pe.bismark.cov.gz
File,,,GSE175410,,21868367,10/05/2020 15:31:45,COV,,,,,GSM5333081_zr3463_15_R1_val_1_bismark_bt2_pe.bismark.cov.gz,https://ftp.ncbi.nlm.nih.gov/geo/series/GSE175nnn/GSE175410/suppl/GSM5333081_zr3463_15_R1_val_1_bismark_bt2_pe.bismark.cov.gz
Archive,True,application/x-tar,GSE213628,,3260723200,02/13/2024 19:30:55,TAR,,200,"Wed, 14 Feb 2024 00:30:55 GMT",3260723200,GSE213628_RAW.tar,https://ftp.ncbi.nlm.nih.gov/geo/series/GSE213nnn/GSE213628/suppl/GSE213628_RAW.tar
File,,,GSE213628,,38790563,09/19/2022 11:46:41,COV,,,,,GSM6590383_YL_gfp_neg_24B.cov.gz,https://ftp.ncbi.nlm.nih.gov/geo/series/GSE213nnn/GSE213628/suppl/GSM6590383_YL_gfp_neg_24B.cov.gz
File,,,GSE213628,,19825346,09/19/2022 11:46:46,COV,,,,,GSM6590384_YL_gfp_neg_34B.cov.gz,https://ftp.ncbi.nlm.nih.gov/geo/series/GSE213nnn/GSE213628/suppl/GSM6590384_YL_gfp_neg_34B.cov.gz
File,,,GSE213628,,27173103,09/19/2022 11:46:55,COV,,,,,GSM6590385_YL_gfp_pos_24B.cov.gz,https://ftp.ncbi.nlm.nih.gov/geo/series/GSE213nnn/GSE213628/suppl/GSM6590385_YL_gfp_pos_24B.cov.gz
File,,,GSE213628,,25201913,09/19/2022 11:47:02,COV,,,,,GSM6590386_YL_gfp_pos_34B.cov.gz,https://ftp.ncbi.nlm.nih.gov/geo/series/GSE213nnn/GSE213628/suppl/GSM6590386_YL_gfp_pos_34B.cov.gz
File,,,GSE213628,,22595894,09/19/2022 11:47:09,COV,,,,,GSM6590387_YU_gfp_neg_24B.cov.gz,https://ftp.ncbi.nlm.nih.gov/geo/series/GSE213nnn/GSE213628/suppl/GSM6590387_YU_gfp_neg_24B.cov.gz
File,,,GSE213628,,26122681,09/19/2022 11:47:17,COV,,,,,GSM6590388_YU_gfp_neg_34B.cov.gz,https://ftp.ncbi.nlm.nih.gov/geo/series/GSE213nnn/GSE213628/suppl/GSM6590388_YU_gfp_neg_34B.cov.gz
File,,,GSE213628,,20646955,09/19/2022 11:47:23,COV,,,,,GSM6590389_YU_gfp_pos_24B.cov.gz,https://ftp.ncbi.nlm.nih.gov/geo/series/GSE213nnn/GSE213628/suppl/GSM6590389_YU_gfp_pos_24B.cov.gz
File,,,GSE213628,,21234120,09/19/2022 11:47:30,COV,,,,,GSM6590390_YU_gfp_pos_34B.cov.gz,https://ftp.ncbi.nlm.nih.gov/geo/series/GSE213nnn/GSE213628/suppl/GSM6590390_YU_gfp_pos_34B.cov.gz
File,,,GSE213628,,19144554,09/19/2022 11:47:35,COV,,,,,GSM6590391_YC_gfp_neg_24B.cov.gz,https://ftp.ncbi.nlm.nih.gov/geo/series/GSE213nnn/GSE213628/suppl/GSM6590391_YC_gfp_neg_24B.cov.gz
File,,,GSE213628,,41990116,09/19/2022 11:47:48,COV,,,,,GSM6590392_YC_gfp_neg_34B.cov.gz,https://ftp.ncbi.nlm.nih.gov/geo/series/GSE213nnn/GSE213628/suppl/GSM6590392_YC_gfp_neg_34B.cov.gz
File,,,GSE213628,,18989928,09/19/2022 11:47:54,COV,,,,,GSM6590393_YC_gfp_pos_24B.cov.gz,https://ftp.ncbi.nlm.nih.gov/geo/series/GSE213nnn/GSE213628/suppl/GSM6590393_YC_gfp_pos_24B.cov.gz
File,,,GSE213628,,34669538,09/19/2022 11:48:05,COV,,,,,GSM6590394_YC_gfp_pos_34B.cov.gz,https://ftp.ncbi.nlm.nih.gov/geo/series/GSE213nnn/GSE213628/suppl/GSM6590394_YC_gfp_pos_34B.cov.gz
File,,,GSE213628,,21125677,09/19/2022 11:48:11,COV,,,,,GSM6590395_ML_gfp_neg_39a.cov.gz,https://ftp.ncbi.nlm.nih.gov/geo/series/GSE213nnn/GSE213628/suppl/GSM6590395_ML_gfp_neg_39a.cov.gz
File,,,GSE213628,,22113462,09/19/2022 11:48:18,COV,,,,,GSM6590396_ML_gfp_neg_39b.cov.gz,https://ftp.ncbi.nlm.nih.gov/geo/series/GSE213nnn/GSE213628/suppl/GSM6590396_ML_gfp_neg_39b.cov.gz
File,,,GSE213628,,17827988,09/19/2022 11:48:23,COV,,,,,GSM6590397_MU_gfp_neg_39a.cov.gz,https://ftp.ncbi.nlm.nih.gov/geo/series/GSE213nnn/GSE213628/suppl/GSM6590397_MU_gfp_neg_39a.cov.gz
File,,,GSE213628,,19585978,09/19/2022 11:48:29,COV,,,,,GSM6590398_MU_gfp_neg_39b.cov.gz,https://ftp.ncbi.nlm.nih.gov/geo/series/GSE213nnn/GSE213628/suppl/GSM6590398_MU_gfp_neg_39b.cov.gz
File,,,GSE213628,,32122544,09/19/2022 11:48:39,COV,,,,,GSM6590399_MC_gfp_neg_39a.cov.gz,https://ftp.ncbi.nlm.nih.gov/geo/series/GSE213nnn/GSE213628/suppl/GSM6590399_MC_gfp_neg_39a.cov.gz
File,,,GSE213628,,41455452,09/19/2022 11:48:51,COV,,,,,GSM6590400_MC_gfp_neg_39b.cov.gz,https://ftp.ncbi.nlm.nih.gov/geo/series/GSE213nnn/GSE213628/suppl/GSM6590400_MC_gfp_neg_39b.cov.gz
File,,,GSE213628,,25135686,09/19/2022 11:48:59,COV,,,,,GSM6590401_MC_gfp_pos_39a.cov.gz,https://ftp.ncbi.nlm.nih.gov/geo/series/GSE213nnn/GSE213628/suppl/GSM6590401_MC_gfp_pos_39a.cov.gz
File,,,GSE213628,,27579082,09/19/2022 11:49:07,COV,,,,,GSM6590402_MC_gfp_pos_39b.cov.gz,https://ftp.ncbi.nlm.nih.gov/geo/series/GSE213nnn/GSE213628/suppl/GSM6590402_MC_gfp_pos_39b.cov.gz
File,,,GSE213628,,58112691,09/19/2022 11:49:25,COV,,,,,GSM6590403_NL_gfp_neg_60a.cov.gz,https://ftp.ncbi.nlm.nih.gov/geo/series/GSE213nnn/GSE213628/suppl/GSM6590403_NL_gfp_neg_60a.cov.gz
File,,,GSE213628,,49505476,09/19/2022 11:49:40,COV,,,,,GSM6590404_NL_gfp_neg_60b.cov.gz,https://ftp.ncbi.nlm.nih.gov/geo/series/GSE213nnn/GSE213628/suppl/GSM6590404_NL_gfp_neg_60b.cov.gz
File,,,GSE213628,,35838892,09/19/2022 11:49:51,COV,,,,,GSM6590405_NL_gfp_pos_60a.cov.gz,https://ftp.ncbi.nlm.nih.gov/geo/series/GSE213nnn/GSE213628/suppl/GSM6590405_NL_gfp_pos_60a.cov.gz
File,,,GSE213628,,46718148,09/19/2022 11:50:05,COV,,,,,GSM6590406_NL_gfp_pos_60b.cov.gz,https://ftp.ncbi.nlm.nih.gov/geo/series/GSE213nnn/GSE213628/suppl/GSM6590406_NL_gfp_pos_60b.cov.gz
File,,,GSE213628,,34481650,09/19/2022 11:50:16,COV,,,,,GSM6590407_NU_gfp_neg_60a.cov.gz,https://ftp.ncbi.nlm.nih.gov/geo/series/GSE213nnn/GSE213628/suppl/GSM6590407_NU_gfp_neg_60a.cov.gz
File,,,GSE213628,,47327093,09/19/2022 11:50:30,COV,,,,,GSM6590408_NU_gfp_neg_60b.cov.gz,https://ftp.ncbi.nlm.nih.gov/geo/series/GSE213nnn/GSE213628/suppl/GSM6590408_NU_gfp_neg_60b.cov.gz
File,,,GSE213628,,48007311,09/19/2022 11:50:45,COV,,,,,GSM6590409_NU_gfp_pos_60a.cov.gz,https://ftp.ncbi.nlm.nih.gov/geo/series/GSE213nnn/GSE213628/suppl/GSM6590409_NU_gfp_pos_60a.cov.gz
File,,,GSE213628,,45300002,09/19/2022 11:50:59,COV,,,,,GSM6590410_NU_gfp_pos_60b.cov.gz,https://ftp.ncbi.nlm.nih.gov/geo/series/GSE213nnn/GSE213628/suppl/GSM6590410_NU_gfp_pos_60b.cov.gz
File,,,GSE213628,,42972779,09/19/2022 11:51:11,COV,,,,,GSM6590411_NC_gfp_neg_60a.cov.gz,https://ftp.ncbi.nlm.nih.gov/geo/series/GSE213nnn/GSE213628/suppl/GSM6590411_NC_gfp_neg_60a.cov.gz
File,,,GSE213628,,33011102,09/19/2022 11:51:21,COV,,,,,GSM6590412_NC_gfp_neg_60b.cov.gz,https://ftp.ncbi.nlm.nih.gov/geo/series/GSE213nnn/GSE213628/suppl/GSM6590412_NC_gfp_neg_60b.cov.gz
File,,,GSE213628,,45232884,09/19/2022 11:51:40,COV,,,,,GSM6590413_NC_gfp_pos_60a.cov.gz,https://ftp.ncbi.nlm.nih.gov/geo/series/GSE213nnn/GSE213628/suppl/GSM6590413_NC_gfp_pos_60a.cov.gz
File,,,GSE213628,,49761383,09/19/2022 11:51:56,COV,,,,,GSM6590414_NC_gfp_pos_60b.cov.gz,https://ftp.ncbi.nlm.nih.gov/geo/series/GSE213nnn/GSE213628/suppl/GSM6590414_NC_gfp_pos_60b.cov.gz
File,,,GSE213628,,24761517,09/19/2022 11:52:03,COV,,,,,GSM6590415_OL_gfp_neg_24B.cov.gz,https://ftp.ncbi.nlm.nih.gov/geo/series/GSE213nnn/GSE213628/suppl/GSM6590415_OL_gfp_neg_24B.cov.gz
File,,,GSE213628,,26353456,09/19/2022 11:52:11,COV,,,,,GSM6590416_OL_gfp_neg_34B.cov.gz,https://ftp.ncbi.nlm.nih.gov/geo/series/GSE213nnn/GSE213628/suppl/GSM6590416_OL_gfp_neg_34B.cov.gz
File,,,GSE213628,,16114064,09/19/2022 11:52:16,COV,,,,,GSM6590417_OL_gfp_pos_24B.cov.gz,https://ftp.ncbi.nlm.nih.gov/geo/series/GSE213nnn/GSE213628/suppl/GSM6590417_OL_gfp_pos_24B.cov.gz
File,,,GSE213628,,20752634,09/19/2022 11:52:23,COV,,,,,GSM6590418_OL_gfp_pos_34B.cov.gz,https://ftp.ncbi.nlm.nih.gov/geo/series/GSE213nnn/GSE213628/suppl/GSM6590418_OL_gfp_pos_34B.cov.gz
File,,,GSE213628,,18505392,09/19/2022 11:52:28,COV,,,,,GSM6590419_OU_gfp_neg_24B.cov.gz,https://ftp.ncbi.nlm.nih.gov/geo/series/GSE213nnn/GSE213628/suppl/GSM6590419_OU_gfp_neg_24B.cov.gz
File,,,GSE213628,,35811403,09/19/2022 11:52:39,COV,,,,,GSM6590420_OU_gfp_neg_34B.cov.gz,https://ftp.ncbi.nlm.nih.gov/geo/series/GSE213nnn/GSE213628/suppl/GSM6590420_OU_gfp_neg_34B.cov.gz
File,,,GSE213628,,17689944,09/19/2022 11:52:44,COV,,,,,GSM6590421_OU_gfp_pos_24B.cov.gz,https://ftp.ncbi.nlm.nih.gov/geo/series/GSE213nnn/GSE213628/suppl/GSM6590421_OU_gfp_pos_24B.cov.gz
File,,,GSE213628,,26020008,09/19/2022 11:52:52,COV,,,,,GSM6590422_OU_gfp_pos_34B.cov.gz,https://ftp.ncbi.nlm.nih.gov/geo/series/GSE213nnn/GSE213628/suppl/GSM6590422_OU_gfp_pos_34B.cov.gz
File,,,GSE213628,,17459676,09/19/2022 11:52:57,COV,,,,,GSM6590423_OC_gfp_neg_24B.cov.gz,https://ftp.ncbi.nlm.nih.gov/geo/series/GSE213nnn/GSE213628/suppl/GSM6590423_OC_gfp_neg_24B.cov.gz
File,,,GSE213628,,31277308,09/19/2022 11:53:07,COV,,,,,GSM6590424_OC_gfp_neg_34B.cov.gz,https://ftp.ncbi.nlm.nih.gov/geo/series/GSE213nnn/GSE213628/suppl/GSM6590424_OC_gfp_neg_34B.cov.gz
File,,,GSE213628,,9261188,09/19/2022 11:53:10,COV,,,,,GSM6590425_OC_gfp_pos_24B.cov.gz,https://ftp.ncbi.nlm.nih.gov/geo/series/GSE213nnn/GSE213628/suppl/GSM6590425_OC_gfp_pos_24B.cov.gz
File,,,GSE213628,,27843088,09/19/2022 11:53:18,COV,,,,,GSM6590426_OC_gfp_pos_34B.cov.gz,https://ftp.ncbi.nlm.nih.gov/geo/series/GSE213nnn/GSE213628/suppl/GSM6590426_OC_gfp_pos_34B.cov.gz
File,,,GSE213628,,13712668,09/19/2022 11:53:22,COV,,,,,GSM6590427_BLD_Y1.bismark.cov.gz,https://ftp.ncbi.nlm.nih.gov/geo/series/GSE213nnn/GSE213628/suppl/GSM6590427_BLD_Y1.bismark.cov.gz
File,,,GSE213628,,14904856,09/19/2022 11:53:27,COV,,,,,GSM6590428_BLD_Y2.bismark.cov.gz,https://ftp.ncbi.nlm.nih.gov/geo/series/GSE213nnn/GSE213628/suppl/GSM6590428_BLD_Y2.bismark.cov.gz
File,,,GSE213628,,75417756,09/19/2022 11:53:49,COV,,,,,GSM6590429_BLD_Y3.bismark.cov.gz,https://ftp.ncbi.nlm.nih.gov/geo/series/GSE213nnn/GSE213628/suppl/GSM6590429_BLD_Y3.bismark.cov.gz
File,,,GSE213628,,9513280,09/19/2022 11:53:52,COV,,,,,GSM6590430_BLD_M1.bismark.cov.gz,https://ftp.ncbi.nlm.nih.gov/geo/series/GSE213nnn/GSE213628/suppl/GSM6590430_BLD_M1.bismark.cov.gz
File,,,GSE213628,,10225422,09/19/2022 11:53:55,COV,,,,,GSM6590431_BLD_M2.bismark.cov.gz,https://ftp.ncbi.nlm.nih.gov/geo/series/GSE213nnn/GSE213628/suppl/GSM6590431_BLD_M2.bismark.cov.gz
File,,,GSE213628,,28524911,09/19/2022 11:54:07,COV,,,,,GSM6590432_BLD_M3.bismark.cov.gz,https://ftp.ncbi.nlm.nih.gov/geo/series/GSE213nnn/GSE213628/suppl/GSM6590432_BLD_M3.bismark.cov.gz
File,,,GSE213628,,14152235,09/19/2022 11:54:12,COV,,,,,GSM6590433_BLD_O1.bismark.cov.gz,https://ftp.ncbi.nlm.nih.gov/geo/series/GSE213nnn/GSE213628/suppl/GSM6590433_BLD_O1.bismark.cov.gz
File,,,GSE213628,,14343695,09/19/2022 11:54:16,COV,,,,,GSM6590434_BLD_O2.bismark.cov.gz,https://ftp.ncbi.nlm.nih.gov/geo/series/GSE213nnn/GSE213628/suppl/GSM6590434_BLD_O2.bismark.cov.gz
File,,,GSE213628,,26945669,09/19/2022 11:54:24,COV,,,,,GSM6590435_BLD_O3.bismark.cov.gz,https://ftp.ncbi.nlm.nih.gov/geo/series/GSE213nnn/GSE213628/suppl/GSM6590435_BLD_O3.bismark.cov.gz
File,,,GSE213628,,26814719,09/19/2022 11:54:32,COV,,,,,GSM6590436_BLD_O4.bismark.cov.gz,https://ftp.ncbi.nlm.nih.gov/geo/series/GSE213nnn/GSE213628/suppl/GSM6590436_BLD_O4.bismark.cov.gz
File,,,GSE213628,,24319399,09/19/2022 11:54:40,COV,,,,,GSM6590437_HT_Y1.bismark.cov.gz,https://ftp.ncbi.nlm.nih.gov/geo/series/GSE213nnn/GSE213628/suppl/GSM6590437_HT_Y1.bismark.cov.gz
File,,,GSE213628,,24891355,09/19/2022 11:54:47,COV,,,,,GSM6590438_HT_Y2.bismark.cov.gz,https://ftp.ncbi.nlm.nih.gov/geo/series/GSE213nnn/GSE213628/suppl/GSM6590438_HT_Y2.bismark.cov.gz
File,,,GSE213628,,23704426,09/19/2022 11:54:55,COV,,,,,GSM6590439_HT_Y3.bismark.cov.gz,https://ftp.ncbi.nlm.nih.gov/geo/series/GSE213nnn/GSE213628/suppl/GSM6590439_HT_Y3.bismark.cov.gz
File,,,GSE213628,,17219627,09/19/2022 11:55:00,COV,,,,,GSM6590440_HT_Y4.bismark.cov.gz,https://ftp.ncbi.nlm.nih.gov/geo/series/GSE213nnn/GSE213628/suppl/GSM6590440_HT_Y4.bismark.cov.gz
File,,,GSE213628,,16359661,09/19/2022 11:55:05,COV,,,,,GSM6590441_HT_Y5.bismark.cov.gz,https://ftp.ncbi.nlm.nih.gov/geo/series/GSE213nnn/GSE213628/suppl/GSM6590441_HT_Y5.bismark.cov.gz
File,,,GSE213628,,33451696,09/19/2022 11:55:14,COV,,,,,GSM6590442_HT_Y6.bismark.cov.gz,https://ftp.ncbi.nlm.nih.gov/geo/series/GSE213nnn/GSE213628/suppl/GSM6590442_HT_Y6.bismark.cov.gz
File,,,GSE213628,,25191242,09/19/2022 11:55:22,COV,,,,,GSM6590443_HT_M1.bismark.cov.gz,https://ftp.ncbi.nlm.nih.gov/geo/series/GSE213nnn/GSE213628/suppl/GSM6590443_HT_M1.bismark.cov.gz
File,,,GSE213628,,23368240,09/19/2022 11:55:29,COV,,,,,GSM6590444_HT_M2.bismark.cov.gz,https://ftp.ncbi.nlm.nih.gov/geo/series/GSE213nnn/GSE213628/suppl/GSM6590444_HT_M2.bismark.cov.gz
File,,,GSE213628,,22211955,09/19/2022 11:55:37,COV,,,,,GSM6590445_HT_M3.bismark.cov.gz,https://ftp.ncbi.nlm.nih.gov/geo/series/GSE213nnn/GSE213628/suppl/GSM6590445_HT_M3.bismark.cov.gz
File,,,GSE213628,,15025106,09/19/2022 11:55:41,COV,,,,,GSM6590446_HT_M4.bismark.cov.gz,https://ftp.ncbi.nlm.nih.gov/geo/series/GSE213nnn/GSE213628/suppl/GSM6590446_HT_M4.bismark.cov.gz
File,,,GSE213628,,15749289,09/19/2022 11:55:46,COV,,,,,GSM6590447_HT_M5.bismark.cov.gz,https://ftp.ncbi.nlm.nih.gov/geo/series/GSE213nnn/GSE213628/suppl/GSM6590447_HT_M5.bismark.cov.gz
File,,,GSE213628,,26924185,09/19/2022 11:55:57,COV,,,,,GSM6590448_HT_M6.bismark.cov.gz,https://ftp.ncbi.nlm.nih.gov/geo/series/GSE213nnn/GSE213628/suppl/GSM6590448_HT_M6.bismark.cov.gz
File,,,GSE213628,,27630928,09/19/2022 11:56:05,COV,,,,,GSM6590449_HT_O1.bismark.cov.gz,https://ftp.ncbi.nlm.nih.gov/geo/series/GSE213nnn/GSE213628/suppl/GSM6590449_HT_O1.bismark.cov.gz
File,,,GSE213628,,28127156,09/19/2022 11:56:14,COV,,,,,GSM6590450_HT_O10.bismark.cov.gz,https://ftp.ncbi.nlm.nih.gov/geo/series/GSE213nnn/GSE213628/suppl/GSM6590450_HT_O10.bismark.cov.gz
File,,,GSE213628,,20592565,09/19/2022 11:56:20,COV,,,,,GSM6590451_HT_O2.bismark.cov.gz,https://ftp.ncbi.nlm.nih.gov/geo/series/GSE213nnn/GSE213628/suppl/GSM6590451_HT_O2.bismark.cov.gz
File,,,GSE213628,,27754090,09/19/2022 11:56:29,COV,,,,,GSM6590452_HT_O3.bismark.cov.gz,https://ftp.ncbi.nlm.nih.gov/geo/series/GSE213nnn/GSE213628/suppl/GSM6590452_HT_O3.bismark.cov.gz
File,,,GSE213628,,27624586,09/19/2022 11:56:38,COV,,,,,GSM6590453_HT_O4.bismark.cov.gz,https://ftp.ncbi.nlm.nih.gov/geo/series/GSE213nnn/GSE213628/suppl/GSM6590453_HT_O4.bismark.cov.gz
File,,,GSE213628,,27092287,09/19/2022 11:56:46,COV,,,,,GSM6590454_HT_O5.bismark.cov.gz,https://ftp.ncbi.nlm.nih.gov/geo/series/GSE213nnn/GSE213628/suppl/GSM6590454_HT_O5.bismark.cov.gz
File,,,GSE213628,,25170414,09/19/2022 11:56:54,COV,,,,,GSM6590455_HT_O6.bismark.cov.gz,https://ftp.ncbi.nlm.nih.gov/geo/series/GSE213nnn/GSE213628/suppl/GSM6590455_HT_O6.bismark.cov.gz
File,,,GSE213628,,14649266,09/19/2022 11:56:58,COV,,,,,GSM6590456_HT_O7.bismark.cov.gz,https://ftp.ncbi.nlm.nih.gov/geo/series/GSE213nnn/GSE213628/suppl/GSM6590456_HT_O7.bismark.cov.gz
File,,,GSE213628,,16158206,09/19/2022 11:57:03,COV,,,,,GSM6590457_HT_O8.bismark.cov.gz,https://ftp.ncbi.nlm.nih.gov/geo/series/GSE213nnn/GSE213628/suppl/GSM6590457_HT_O8.bismark.cov.gz
File,,,GSE213628,,30577931,09/19/2022 11:57:12,COV,,,,,GSM6590458_HT_O9.bismark.cov.gz,https://ftp.ncbi.nlm.nih.gov/geo/series/GSE213nnn/GSE213628/suppl/GSM6590458_HT_O9.bismark.cov.gz
File,,,GSE213628,,15032773,09/19/2022 11:57:16,COV,,,,,GSM6590459_KID_Y1.bismark.cov.gz,https://ftp.ncbi.nlm.nih.gov/geo/series/GSE213nnn/GSE213628/suppl/GSM6590459_KID_Y1.bismark.cov.gz
File,,,GSE213628,,12770129,09/19/2022 11:57:20,COV,,,,,GSM6590460_KID_Y2.bismark.cov.gz,https://ftp.ncbi.nlm.nih.gov/geo/series/GSE213nnn/GSE213628/suppl/GSM6590460_KID_Y2.bismark.cov.gz
File,,,GSE213628,,39317766,09/19/2022 11:57:31,COV,,,,,GSM6590461_KID_Y3.bismark.cov.gz,https://ftp.ncbi.nlm.nih.gov/geo/series/GSE213nnn/GSE213628/suppl/GSM6590461_KID_Y3.bismark.cov.gz
File,,,GSE213628,,15662052,09/19/2022 11:57:36,COV,,,,,GSM6590462_KID_M1.bismark.cov.gz,https://ftp.ncbi.nlm.nih.gov/geo/series/GSE213nnn/GSE213628/suppl/GSM6590462_KID_M1.bismark.cov.gz
File,,,GSE213628,,13413266,09/19/2022 11:57:40,COV,,,,,GSM6590463_KID_M2.bismark.cov.gz,https://ftp.ncbi.nlm.nih.gov/geo/series/GSE213nnn/GSE213628/suppl/GSM6590463_KID_M2.bismark.cov.gz
File,,,GSE213628,,28527128,09/19/2022 11:57:49,COV,,,,,GSM6590464_KID_M3.bismark.cov.gz,https://ftp.ncbi.nlm.nih.gov/geo/series/GSE213nnn/GSE213628/suppl/GSM6590464_KID_M3.bismark.cov.gz
File,,,GSE213628,,14508995,09/19/2022 11:57:53,COV,,,,,GSM6590465_KID_O1.bismark.cov.gz,https://ftp.ncbi.nlm.nih.gov/geo/series/GSE213nnn/GSE213628/suppl/GSM6590465_KID_O1.bismark.cov.gz
File,,,GSE213628,,15466033,09/19/2022 11:57:58,COV,,,,,GSM6590466_KID_O2.bismark.cov.gz,https://ftp.ncbi.nlm.nih.gov/geo/series/GSE213nnn/GSE213628/suppl/GSM6590466_KID_O2.bismark.cov.gz
File,,,GSE213628,,35753093,09/19/2022 11:58:09,COV,,,,,GSM6590467_KID_O3.bismark.cov.gz,https://ftp.ncbi.nlm.nih.gov/geo/series/GSE213nnn/GSE213628/suppl/GSM6590467_KID_O3.bismark.cov.gz
File,,,GSE213628,,31577683,09/19/2022 11:58:19,COV,,,,,GSM6590468_KID_O4.bismark.cov.gz,https://ftp.ncbi.nlm.nih.gov/geo/series/GSE213nnn/GSE213628/suppl/GSM6590468_KID_O4.bismark.cov.gz
File,,,GSE213628,,26003652,09/19/2022 11:58:27,COV,,,,,GSM6590469_LIV_Y1.bismark.cov.gz,https://ftp.ncbi.nlm.nih.gov/geo/series/GSE213nnn/GSE213628/suppl/GSM6590469_LIV_Y1.bismark.cov.gz
File,,,GSE213628,,26390052,09/19/2022 11:58:35,COV,,,,,GSM6590470_LIV_Y2.bismark.cov.gz,https://ftp.ncbi.nlm.nih.gov/geo/series/GSE213nnn/GSE213628/suppl/GSM6590470_LIV_Y2.bismark.cov.gz
File,,,GSE213628,,31908464,09/19/2022 11:58:45,COV,,,,,GSM6590471_LIV_M1.bismark.cov.gz,https://ftp.ncbi.nlm.nih.gov/geo/series/GSE213nnn/GSE213628/suppl/GSM6590471_LIV_M1.bismark.cov.gz
File,,,GSE213628,,39123870,09/19/2022 11:58:56,COV,,,,,GSM6590472_LIV_M2.bismark.cov.gz,https://ftp.ncbi.nlm.nih.gov/geo/series/GSE213nnn/GSE213628/suppl/GSM6590472_LIV_M2.bismark.cov.gz
File,,,GSE213628,,33500883,09/19/2022 11:59:06,COV,,,,,GSM6590473_LIV_O1.bismark.cov.gz,https://ftp.ncbi.nlm.nih.gov/geo/series/GSE213nnn/GSE213628/suppl/GSM6590473_LIV_O1.bismark.cov.gz
File,,,GSE213628,,31236298,09/19/2022 11:59:16,COV,,,,,GSM6590474_LIV_O2.bismark.cov.gz,https://ftp.ncbi.nlm.nih.gov/geo/series/GSE213nnn/GSE213628/suppl/GSM6590474_LIV_O2.bismark.cov.gz
File,,,GSE213628,,25464082,09/19/2022 11:59:24,COV,,,,,GSM6590475_LUN_Y1.bismark.cov.gz,https://ftp.ncbi.nlm.nih.gov/geo/series/GSE213nnn/GSE213628/suppl/GSM6590475_LUN_Y1.bismark.cov.gz
File,,,GSE213628,,25255828,09/19/2022 11:59:31,COV,,,,,GSM6590476_LUN_Y2.bismark.cov.gz,https://ftp.ncbi.nlm.nih.gov/geo/series/GSE213nnn/GSE213628/suppl/GSM6590476_LUN_Y2.bismark.cov.gz
File,,,GSE213628,,33611932,09/19/2022 11:59:41,COV,,,,,GSM6590477_LUN_M1.bismark.cov.gz,https://ftp.ncbi.nlm.nih.gov/geo/series/GSE213nnn/GSE213628/suppl/GSM6590477_LUN_M1.bismark.cov.gz
File,,,GSE213628,,35612148,09/19/2022 11:59:51,COV,,,,,GSM6590478_LUN_M2.bismark.cov.gz,https://ftp.ncbi.nlm.nih.gov/geo/series/GSE213nnn/GSE213628/suppl/GSM6590478_LUN_M2.bismark.cov.gz
File,,,GSE213628,,33581256,09/19/2022 12:00:00,COV,,,,,GSM6590479_LUN_O1.bismark.cov.gz,https://ftp.ncbi.nlm.nih.gov/geo/series/GSE213nnn/GSE213628/suppl/GSM6590479_LUN_O1.bismark.cov.gz
File,,,GSE213628,,33550956,09/19/2022 12:00:11,COV,,,,,GSM6590480_LUN_O2.bismark.cov.gz,https://ftp.ncbi.nlm.nih.gov/geo/series/GSE213nnn/GSE213628/suppl/GSM6590480_LUN_O2.bismark.cov.gz
File,,,GSE213628,,25342117,09/19/2022 12:00:18,COV,,,,,GSM6590481_SKM_Y1.bismark.cov.gz,https://ftp.ncbi.nlm.nih.gov/geo/series/GSE213nnn/GSE213628/suppl/GSM6590481_SKM_Y1.bismark.cov.gz
File,,,GSE213628,,25930121,09/19/2022 12:00:26,COV,,,,,GSM6590482_SKM_Y2.bismark.cov.gz,https://ftp.ncbi.nlm.nih.gov/geo/series/GSE213nnn/GSE213628/suppl/GSM6590482_SKM_Y2.bismark.cov.gz
File,,,GSE213628,,33920900,09/19/2022 12:00:36,COV,,,,,GSM6590483_SKM_M1.bismark.cov.gz,https://ftp.ncbi.nlm.nih.gov/geo/series/GSE213nnn/GSE213628/suppl/GSM6590483_SKM_M1.bismark.cov.gz
File,,,GSE213628,,35300967,09/19/2022 12:00:47,COV,,,,,GSM6590484_SKM_M2.bismark.cov.gz,https://ftp.ncbi.nlm.nih.gov/geo/series/GSE213nnn/GSE213628/suppl/GSM6590484_SKM_M2.bismark.cov.gz
File,,,GSE213628,,28882485,09/19/2022 12:00:55,COV,,,,,GSM6590485_SKM_O1.bismark.cov.gz,https://ftp.ncbi.nlm.nih.gov/geo/series/GSE213nnn/GSE213628/suppl/GSM6590485_SKM_O1.bismark.cov.gz
File,,,GSE213628,,28885398,09/19/2022 12:01:03,COV,,,,,GSM6590486_SKM_O2.bismark.cov.gz,https://ftp.ncbi.nlm.nih.gov/geo/series/GSE213nnn/GSE213628/suppl/GSM6590486_SKM_O2.bismark.cov.gz
File,,,GSE213628,,26501441,09/19/2022 12:01:11,COV,,,,,GSM6590487_SPL_Y1.bismark.cov.gz,https://ftp.ncbi.nlm.nih.gov/geo/series/GSE213nnn/GSE213628/suppl/GSM6590487_SPL_Y1.bismark.cov.gz
File,,,GSE213628,,21322203,09/19/2022 12:01:18,COV,,,,,GSM6590488_SPL_Y2.bismark.cov.gz,https://ftp.ncbi.nlm.nih.gov/geo/series/GSE213nnn/GSE213628/suppl/GSM6590488_SPL_Y2.bismark.cov.gz
File,,,GSE213628,,25793610,09/19/2022 12:01:26,COV,,,,,GSM6590489_SPL_Y3.bismark.cov.gz,https://ftp.ncbi.nlm.nih.gov/geo/series/GSE213nnn/GSE213628/suppl/GSM6590489_SPL_Y3.bismark.cov.gz
File,,,GSE213628,,25778878,09/19/2022 12:01:34,COV,,,,,GSM6590490_SPL_Y4.bismark.cov.gz,https://ftp.ncbi.nlm.nih.gov/geo/series/GSE213nnn/GSE213628/suppl/GSM6590490_SPL_Y4.bismark.cov.gz
File,,,GSE213628,,25294880,09/19/2022 12:01:42,COV,,,,,GSM6590491_SPL_Y5.bismark.cov.gz,https://ftp.ncbi.nlm.nih.gov/geo/series/GSE213nnn/GSE213628/suppl/GSM6590491_SPL_Y5.bismark.cov.gz
File,,,GSE213628,,22681168,09/19/2022 12:01:49,COV,,,,,GSM6590492_SPL_M1.bismark.cov.gz,https://ftp.ncbi.nlm.nih.gov/geo/series/GSE213nnn/GSE213628/suppl/GSM6590492_SPL_M1.bismark.cov.gz
File,,,GSE213628,,23063509,09/19/2022 12:01:56,COV,,,,,GSM6590493_SPL_M2.bismark.cov.gz,https://ftp.ncbi.nlm.nih.gov/geo/series/GSE213nnn/GSE213628/suppl/GSM6590493_SPL_M2.bismark.cov.gz
File,,,GSE213628,,24405658,09/19/2022 12:02:03,COV,,,,,GSM6590494_SPL_M3.bismark.cov.gz,https://ftp.ncbi.nlm.nih.gov/geo/series/GSE213nnn/GSE213628/suppl/GSM6590494_SPL_M3.bismark.cov.gz
File,,,GSE213628,,27820091,09/19/2022 12:02:12,COV,,,,,GSM6590495_SPL_M4.bismark.cov.gz,https://ftp.ncbi.nlm.nih.gov/geo/series/GSE213nnn/GSE213628/suppl/GSM6590495_SPL_M4.bismark.cov.gz
File,,,GSE213628,,26438719,09/19/2022 12:02:20,COV,,,,,GSM6590496_SPL_M5.bismark.cov.gz,https://ftp.ncbi.nlm.nih.gov/geo/series/GSE213nnn/GSE213628/suppl/GSM6590496_SPL_M5.bismark.cov.gz
File,,,GSE213628,,21994581,09/19/2022 12:02:27,COV,,,,,GSM6590497_SPL_O1.bismark.cov.gz,https://ftp.ncbi.nlm.nih.gov/geo/series/GSE213nnn/GSE213628/suppl/GSM6590497_SPL_O1.bismark.cov.gz
File,,,GSE213628,,21735334,09/19/2022 12:02:33,COV,,,,,GSM6590498_SPL_O2.bismark.cov.gz,https://ftp.ncbi.nlm.nih.gov/geo/series/GSE213nnn/GSE213628/suppl/GSM6590498_SPL_O2.bismark.cov.gz
File,,,GSE213628,,25599735,09/19/2022 12:02:41,COV,,,,,GSM6590499_SPL_O3.bismark.cov.gz,https://ftp.ncbi.nlm.nih.gov/geo/series/GSE213nnn/GSE213628/suppl/GSM6590499_SPL_O3.bismark.cov.gz
File,,,GSE213628,,25401756,09/19/2022 12:02:49,COV,,,,,GSM6590500_SPL_O4.bismark.cov.gz,https://ftp.ncbi.nlm.nih.gov/geo/series/GSE213nnn/GSE213628/suppl/GSM6590500_SPL_O4.bismark.cov.gz
File,,,GSE213628,,30431841,09/19/2022 12:02:58,COV,,,,,GSM6590501_SPL_O5.bismark.cov.gz,https://ftp.ncbi.nlm.nih.gov/geo/series/GSE213nnn/GSE213628/suppl/GSM6590501_SPL_O5.bismark.cov.gz
File,,,GSE213628,,31028260,09/19/2022 12:03:06,COV,,,,,GSM6590502_SPL_O6.bismark.cov.gz,https://ftp.ncbi.nlm.nih.gov/geo/series/GSE213nnn/GSE213628/suppl/GSM6590502_SPL_O6.bismark.cov.gz
Archive,True,application/x-tar,GSE224442,,2426613760,07/07/2023 10:13:43,TAR,,200,"Fri, 07 Jul 2023 14:13:43 GMT",2426613760,GSE224442_RAW.tar,https://ftp.ncbi.nlm.nih.gov/geo/series/GSE224nnn/GSE224442/suppl/GSE224442_RAW.tar
File,,,GSE224442,,29427691,02/03/2023 10:07:15,COV,,,,,GSM7022431_BZ11_CKDL200159086-1a-3_HC7TWCCX2_L2_1_val_1.fq.gz_bismark_bt2_pe.bismark.cov.gz,https://ftp.ncbi.nlm.nih.gov/geo/series/GSE224nnn/GSE224442/suppl/GSM7022431_BZ11_CKDL200159086-1a-3_HC7TWCCX2_L2_1_val_1.fq.gz_bismark_bt2_pe.bismark.cov.gz
File,,,GSE224442,,29188882,02/03/2023 10:07:24,COV,,,,,GSM7022432_BZ12_CKDL200159087-1a-3_HC7TWCCX2_L3_1_val_1.fq.gz_bismark_bt2_pe.bismark.cov.gz,https://ftp.ncbi.nlm.nih.gov/geo/series/GSE224nnn/GSE224442/suppl/GSM7022432_BZ12_CKDL200159087-1a-3_HC7TWCCX2_L3_1_val_1.fq.gz_bismark_bt2_pe.bismark.cov.gz
File,,,GSE224442,,30106083,02/03/2023 10:07:33,COV,,,,,GSM7022433_BZ13_CKDL200159088-1a-3_HC7TWCCX2_L4_1_val_1.fq.gz_bismark_bt2_pe.bismark.cov.gz,https://ftp.ncbi.nlm.nih.gov/geo/series/GSE224nnn/GSE224442/suppl/GSM7022433_BZ13_CKDL200159088-1a-3_HC7TWCCX2_L4_1_val_1.fq.gz_bismark_bt2_pe.bismark.cov.gz
File,,,GSE224442,,28154590,02/03/2023 10:07:42,COV,,,,,GSM7022434_BZ14_CKDL200159089-1a-3_HC7TWCCX2_L5_1_val_1.fq.gz_bismark_bt2_pe.bismark.cov.gz,https://ftp.ncbi.nlm.nih.gov/geo/series/GSE224nnn/GSE224442/suppl/GSM7022434_BZ14_CKDL200159089-1a-3_HC7TWCCX2_L5_1_val_1.fq.gz_bismark_bt2_pe.bismark.cov.gz
File,,,GSE224442,,35279357,02/03/2023 10:07:52,COV,,,,,GSM7022435_BZ15_CKDL200159090-1a-3_HC7TWCCX2_L6_1_val_1.fq.gz_bismark_bt2_pe.bismark.cov.gz,https://ftp.ncbi.nlm.nih.gov/geo/series/GSE224nnn/GSE224442/suppl/GSM7022435_BZ15_CKDL200159090-1a-3_HC7TWCCX2_L6_1_val_1.fq.gz_bismark_bt2_pe.bismark.cov.gz
File,,,GSE224442,,29681897,02/03/2023 10:08:02,COV,,,,,GSM7022436_BZ16_CKDL200159086-1a-6_HC7TWCCX2_L2_1_val_1.fq.gz_bismark_bt2_pe.bismark.cov.gz,https://ftp.ncbi.nlm.nih.gov/geo/series/GSE224nnn/GSE224442/suppl/GSM7022436_BZ16_CKDL200159086-1a-6_HC7TWCCX2_L2_1_val_1.fq.gz_bismark_bt2_pe.bismark.cov.gz
File,,,GSE224442,,26637464,02/03/2023 10:08:11,COV,,,,,GSM7022437_BZ21_CKDL200159086-1a-7_HC7TWCCX2_L2_1_val_1.fq.gz_bismark_bt2_pe.bismark.cov.gz,https://ftp.ncbi.nlm.nih.gov/geo/series/GSE224nnn/GSE224442/suppl/GSM7022437_BZ21_CKDL200159086-1a-7_HC7TWCCX2_L2_1_val_1.fq.gz_bismark_bt2_pe.bismark.cov.gz
File,,,GSE224442,,30305036,02/03/2023 10:08:20,COV,,,,,GSM7022438_BZ22_CKDL200159087-1a-6_HC7TWCCX2_L3_1_val_1.fq.gz_bismark_bt2_pe.bismark.cov.gz,https://ftp.ncbi.nlm.nih.gov/geo/series/GSE224nnn/GSE224442/suppl/GSM7022438_BZ22_CKDL200159087-1a-6_HC7TWCCX2_L3_1_val_1.fq.gz_bismark_bt2_pe.bismark.cov.gz
File,,,GSE224442,,30535925,02/03/2023 10:08:29,COV,,,,,GSM7022439_BZ23_CKDL200159088-1a-6_HC7TWCCX2_L4_1_val_1.fq.gz_bismark_bt2_pe.bismark.cov.gz,https://ftp.ncbi.nlm.nih.gov/geo/series/GSE224nnn/GSE224442/suppl/GSM7022439_BZ23_CKDL200159088-1a-6_HC7TWCCX2_L4_1_val_1.fq.gz_bismark_bt2_pe.bismark.cov.gz
File,,,GSE224442,,27492968,02/03/2023 10:08:38,COV,,,,,GSM7022440_BZ24_CKDL200159089-1a-6_HC7TWCCX2_L5_1_val_1.fq.gz_bismark_bt2_pe.bismark.cov.gz,https://ftp.ncbi.nlm.nih.gov/geo/series/GSE224nnn/GSE224442/suppl/GSM7022440_BZ24_CKDL200159089-1a-6_HC7TWCCX2_L5_1_val_1.fq.gz_bismark_bt2_pe.bismark.cov.gz
File,,,GSE224442,,29464279,02/03/2023 10:08:47,COV,,,,,GSM7022441_BZ25_CKDL200159090-1a-6_HC7TWCCX2_L6_1_val_1.fq.gz_bismark_bt2_pe.bismark.cov.gz,https://ftp.ncbi.nlm.nih.gov/geo/series/GSE224nnn/GSE224442/suppl/GSM7022441_BZ25_CKDL200159090-1a-6_HC7TWCCX2_L6_1_val_1.fq.gz_bismark_bt2_pe.bismark.cov.gz
File,,,GSE224442,,25289177,02/03/2023 10:08:55,COV,,,,,GSM7022442_BZ26_CKDL200159087-1a-7_HC7TWCCX2_L3_1_val_1.fq.gz_bismark_bt2_pe.bismark.cov.gz,https://ftp.ncbi.nlm.nih.gov/geo/series/GSE224nnn/GSE224442/suppl/GSM7022442_BZ26_CKDL200159087-1a-7_HC7TWCCX2_L3_1_val_1.fq.gz_bismark_bt2_pe.bismark.cov.gz
File,,,GSE224442,,29273850,02/03/2023 10:09:04,COV,,,,,GSM7022443_BZ71_CKDL200159086-1a-22_HC7TWCCX2_L2_1_val_1.fq.gz_bismark_bt2_pe.bismark.cov.gz,https://ftp.ncbi.nlm.nih.gov/geo/series/GSE224nnn/GSE224442/suppl/GSM7022443_BZ71_CKDL200159086-1a-22_HC7TWCCX2_L2_1_val_1.fq.gz_bismark_bt2_pe.bismark.cov.gz
File,,,GSE224442,,31471196,02/03/2023 10:09:14,COV,,,,,GSM7022444_BZ72_CKDL200159087-1a-22_HC7TWCCX2_L3_1_val_1.fq.gz_bismark_bt2_pe.bismark.cov.gz,https://ftp.ncbi.nlm.nih.gov/geo/series/GSE224nnn/GSE224442/suppl/GSM7022444_BZ72_CKDL200159087-1a-22_HC7TWCCX2_L3_1_val_1.fq.gz_bismark_bt2_pe.bismark.cov.gz
File,,,GSE224442,,31824180,02/03/2023 10:09:23,COV,,,,,GSM7022445_BZ73_CKDL200159088-1a-22_HC7TWCCX2_L4_1_val_1.fq.gz_bismark_bt2_pe.bismark.cov.gz,https://ftp.ncbi.nlm.nih.gov/geo/series/GSE224nnn/GSE224442/suppl/GSM7022445_BZ73_CKDL200159088-1a-22_HC7TWCCX2_L4_1_val_1.fq.gz_bismark_bt2_pe.bismark.cov.gz
File,,,GSE224442,,27781505,02/03/2023 10:09:32,COV,,,,,GSM7022446_BZ74_CKDL200159089-1a-15_HC7TWCCX2_L5_1_val_1.fq.gz_bismark_bt2_pe.bismark.cov.gz,https://ftp.ncbi.nlm.nih.gov/geo/series/GSE224nnn/GSE224442/suppl/GSM7022446_BZ74_CKDL200159089-1a-15_HC7TWCCX2_L5_1_val_1.fq.gz_bismark_bt2_pe.bismark.cov.gz
File,,,GSE224442,,29241890,02/03/2023 10:09:41,COV,,,,,GSM7022447_BZ75_CKDL200159090-1a-15_HC7TWCCX2_L6_1_val_1.fq.gz_bismark_bt2_pe.bismark.cov.gz,https://ftp.ncbi.nlm.nih.gov/geo/series/GSE224nnn/GSE224442/suppl/GSM7022447_BZ75_CKDL200159090-1a-15_HC7TWCCX2_L6_1_val_1.fq.gz_bismark_bt2_pe.bismark.cov.gz
File,,,GSE224442,,26227678,02/03/2023 10:09:49,COV,,,,,GSM7022448_BZ81_CKDL200159086-1a-23_HC7TWCCX2_L2_1_val_1.fq.gz_bismark_bt2_pe.bismark.cov.gz,https://ftp.ncbi.nlm.nih.gov/geo/series/GSE224nnn/GSE224442/suppl/GSM7022448_BZ81_CKDL200159086-1a-23_HC7TWCCX2_L2_1_val_1.fq.gz_bismark_bt2_pe.bismark.cov.gz
File,,,GSE224442,,27201820,02/03/2023 10:09:58,COV,,,,,GSM7022449_BZ82_CKDL200159087-1a-23_HC7TWCCX2_L3_1_val_1.fq.gz_bismark_bt2_pe.bismark.cov.gz,https://ftp.ncbi.nlm.nih.gov/geo/series/GSE224nnn/GSE224442/suppl/GSM7022449_BZ82_CKDL200159087-1a-23_HC7TWCCX2_L3_1_val_1.fq.gz_bismark_bt2_pe.bismark.cov.gz
File,,,GSE224442,,28421450,02/03/2023 10:10:07,COV,,,,,GSM7022450_BZ83_CKDL200159088-1a-23_HC7TWCCX2_L4_1_val_1.fq.gz_bismark_bt2_pe.bismark.cov.gz,https://ftp.ncbi.nlm.nih.gov/geo/series/GSE224nnn/GSE224442/suppl/GSM7022450_BZ83_CKDL200159088-1a-23_HC7TWCCX2_L4_1_val_1.fq.gz_bismark_bt2_pe.bismark.cov.gz
File,,,GSE224442,,29621471,02/03/2023 10:10:16,COV,,,,,GSM7022451_BZ84_CKDL200159089-1a-18_HC7TWCCX2_L5_1_val_1.fq.gz_bismark_bt2_pe.bismark.cov.gz,https://ftp.ncbi.nlm.nih.gov/geo/series/GSE224nnn/GSE224442/suppl/GSM7022451_BZ84_CKDL200159089-1a-18_HC7TWCCX2_L5_1_val_1.fq.gz_bismark_bt2_pe.bismark.cov.gz
File,,,GSE224442,,30720257,02/03/2023 10:10:25,COV,,,,,GSM7022452_BZ85_CKDL200159090-1a-18_HC7TWCCX2_L6_1_val_1.fq.gz_bismark_bt2_pe.bismark.cov.gz,https://ftp.ncbi.nlm.nih.gov/geo/series/GSE224nnn/GSE224442/suppl/GSM7022452_BZ85_CKDL200159090-1a-18_HC7TWCCX2_L6_1_val_1.fq.gz_bismark_bt2_pe.bismark.cov.gz
File,,,GSE224442,,26254024,06/21/2023 06:44:55,COV,,,,,GSM7501770_BZ31_CKDL200159086-1a-8_HC7TWCCX2_L2_1_val_1.fq.gz_bismark_bt2_pe.bismark.cov.gz,https://ftp.ncbi.nlm.nih.gov/geo/series/GSE224nnn/GSE224442/suppl/GSM7501770_BZ31_CKDL200159086-1a-8_HC7TWCCX2_L2_1_val_1.fq.gz_bismark_bt2_pe.bismark.cov.gz
File,,,GSE224442,,24528454,06/21/2023 06:45:03,COV,,,,,GSM7501771_BZ32_CKDL200159087-1a-8_HC7TWCCX2_L3_1_val_1.fq.gz_bismark_bt2_pe.bismark.cov.gz,https://ftp.ncbi.nlm.nih.gov/geo/series/GSE224nnn/GSE224442/suppl/GSM7501771_BZ32_CKDL200159087-1a-8_HC7TWCCX2_L3_1_val_1.fq.gz_bismark_bt2_pe.bismark.cov.gz
File,,,GSE224442,,27422402,06/21/2023 06:45:13,COV,,,,,GSM7501772_BZ33_CKDL200159088-1a-7_HC7TWCCX2_L4_1_val_1.fq.gz_bismark_bt2_pe.bismark.cov.gz,https://ftp.ncbi.nlm.nih.gov/geo/series/GSE224nnn/GSE224442/suppl/GSM7501772_BZ33_CKDL200159088-1a-7_HC7TWCCX2_L4_1_val_1.fq.gz_bismark_bt2_pe.bismark.cov.gz
File,,,GSE224442,,26662191,06/21/2023 06:45:22,COV,,,,,GSM7501773_BZ34_CKDL200159089-1a-7_HC7TWCCX2_L5_1_val_1.fq.gz_bismark_bt2_pe.bismark.cov.gz,https://ftp.ncbi.nlm.nih.gov/geo/series/GSE224nnn/GSE224442/suppl/GSM7501773_BZ34_CKDL200159089-1a-7_HC7TWCCX2_L5_1_val_1.fq.gz_bismark_bt2_pe.bismark.cov.gz
File,,,GSE224442,,30820567,06/21/2023 06:45:33,COV,,,,,GSM7501774_BZ35_CKDL200159090-1a-7_HC7TWCCX2_L6_1_val_1.fq.gz_bismark_bt2_pe.bismark.cov.gz,https://ftp.ncbi.nlm.nih.gov/geo/series/GSE224nnn/GSE224442/suppl/GSM7501774_BZ35_CKDL200159090-1a-7_HC7TWCCX2_L6_1_val_1.fq.gz_bismark_bt2_pe.bismark.cov.gz
File,,,GSE224442,,27659945,06/21/2023 06:45:42,COV,,,,,GSM7501775_BZ36_CKDL200159088-1a-8_HC7TWCCX2_L4_1_val_1.fq.gz_bismark_bt2_pe.bismark.cov.gz,https://ftp.ncbi.nlm.nih.gov/geo/series/GSE224nnn/GSE224442/suppl/GSM7501775_BZ36_CKDL200159088-1a-8_HC7TWCCX2_L4_1_val_1.fq.gz_bismark_bt2_pe.bismark.cov.gz
File,,,GSE224442,,29672871,06/21/2023 06:45:52,COV,,,,,GSM7501776_BZ41_CKDL200159086-1a-10_HC7TWCCX2_L2_1_val_1.fq.gz_bismark_bt2_pe.bismark.cov.gz,https://ftp.ncbi.nlm.nih.gov/geo/series/GSE224nnn/GSE224442/suppl/GSM7501776_BZ41_CKDL200159086-1a-10_HC7TWCCX2_L2_1_val_1.fq.gz_bismark_bt2_pe.bismark.cov.gz
File,,,GSE224442,,29556248,06/21/2023 06:46:01,COV,,,,,GSM7501777_BZ42_CKDL200159087-1a-10_HC7TWCCX2_L3_1_val_1.fq.gz_bismark_bt2_pe.bismark.cov.gz,https://ftp.ncbi.nlm.nih.gov/geo/series/GSE224nnn/GSE224442/suppl/GSM7501777_BZ42_CKDL200159087-1a-10_HC7TWCCX2_L3_1_val_1.fq.gz_bismark_bt2_pe.bismark.cov.gz
File,,,GSE224442,,31433383,06/21/2023 06:46:11,COV,,,,,GSM7501778_BZ43_CKDL200159088-1a-10_HC7TWCCX2_L4_1_val_1.fq.gz_bismark_bt2_pe.bismark.cov.gz,https://ftp.ncbi.nlm.nih.gov/geo/series/GSE224nnn/GSE224442/suppl/GSM7501778_BZ43_CKDL200159088-1a-10_HC7TWCCX2_L4_1_val_1.fq.gz_bismark_bt2_pe.bismark.cov.gz
File,,,GSE224442,,31703711,06/21/2023 06:46:21,COV,,,,,GSM7501779_BZ44_CKDL200159089-1a-8_HC7TWCCX2_L5_1_val_1.fq.gz_bismark_bt2_pe.bismark.cov.gz,https://ftp.ncbi.nlm.nih.gov/geo/series/GSE224nnn/GSE224442/suppl/GSM7501779_BZ44_CKDL200159089-1a-8_HC7TWCCX2_L5_1_val_1.fq.gz_bismark_bt2_pe.bismark.cov.gz
File,,,GSE224442,,31082439,06/21/2023 06:46:31,COV,,,,,GSM7501780_BZ45_CKDL200159090-1a-8_HC7TWCCX2_L6_1_val_1.fq.gz_bismark_bt2_pe.bismark.cov.gz,https://ftp.ncbi.nlm.nih.gov/geo/series/GSE224nnn/GSE224442/suppl/GSM7501780_BZ45_CKDL200159090-1a-8_HC7TWCCX2_L6_1_val_1.fq.gz_bismark_bt2_pe.bismark.cov.gz
File,,,GSE224442,,25684151,06/21/2023 06:46:40,COV,,,,,GSM7501781_BZ46_CKDL200159087-1a-11_HC7TWCCX2_L3_1_val_1.fq.gz_bismark_bt2_pe.bismark.cov.gz,https://ftp.ncbi.nlm.nih.gov/geo/series/GSE224nnn/GSE224442/suppl/GSM7501781_BZ46_CKDL200159087-1a-11_HC7TWCCX2_L3_1_val_1.fq.gz_bismark_bt2_pe.bismark.cov.gz
File,,,GSE224442,,27209985,06/21/2023 06:46:49,COV,,,,,GSM7501782_BZ47_CKDL200159088-1a-11_HC7TWCCX2_L4_1_val_1.fq.gz_bismark_bt2_pe.bismark.cov.gz,https://ftp.ncbi.nlm.nih.gov/geo/series/GSE224nnn/GSE224442/suppl/GSM7501782_BZ47_CKDL200159088-1a-11_HC7TWCCX2_L4_1_val_1.fq.gz_bismark_bt2_pe.bismark.cov.gz
File,,,GSE224442,,25688717,06/21/2023 06:46:58,COV,,,,,GSM7501783_BZ51_CKDL200159086-1a-11_HC7TWCCX2_L2_1_val_1.fq.gz_bismark_bt2_pe.bismark.cov.gz,https://ftp.ncbi.nlm.nih.gov/geo/series/GSE224nnn/GSE224442/suppl/GSM7501783_BZ51_CKDL200159086-1a-11_HC7TWCCX2_L2_1_val_1.fq.gz_bismark_bt2_pe.bismark.cov.gz
File,,,GSE224442,,23718849,06/21/2023 06:47:06,COV,,,,,GSM7501784_BZ52_CKDL200159087-1a-15_HC7TWCCX2_L3_1_val_1.fq.gz_bismark_bt2_pe.bismark.cov.gz,https://ftp.ncbi.nlm.nih.gov/geo/series/GSE224nnn/GSE224442/suppl/GSM7501784_BZ52_CKDL200159087-1a-15_HC7TWCCX2_L3_1_val_1.fq.gz_bismark_bt2_pe.bismark.cov.gz
File,,,GSE224442,,27064195,06/21/2023 06:47:15,COV,,,,,GSM7501785_BZ53_CKDL200159088-1a-15_HC7TWCCX2_L4_1_val_1.fq.gz_bismark_bt2_pe.bismark.cov.gz,https://ftp.ncbi.nlm.nih.gov/geo/series/GSE224nnn/GSE224442/suppl/GSM7501785_BZ53_CKDL200159088-1a-15_HC7TWCCX2_L4_1_val_1.fq.gz_bismark_bt2_pe.bismark.cov.gz
File,,,GSE224442,,25346086,06/21/2023 06:47:24,COV,,,,,GSM7501786_BZ54_CKDL200159089-1a-10_HC7TWCCX2_L5_1_val_1.fq.gz_bismark_bt2_pe.bismark.cov.gz,https://ftp.ncbi.nlm.nih.gov/geo/series/GSE224nnn/GSE224442/suppl/GSM7501786_BZ54_CKDL200159089-1a-10_HC7TWCCX2_L5_1_val_1.fq.gz_bismark_bt2_pe.bismark.cov.gz
File,,,GSE224442,,29425126,06/21/2023 06:47:34,COV,,,,,GSM7501787_BZ55_CKDL200159090-1a-10_HC7TWCCX2_L6_1_val_1.fq.gz_bismark_bt2_pe.bismark.cov.gz,https://ftp.ncbi.nlm.nih.gov/geo/series/GSE224nnn/GSE224442/suppl/GSM7501787_BZ55_CKDL200159090-1a-10_HC7TWCCX2_L6_1_val_1.fq.gz_bismark_bt2_pe.bismark.cov.gz
File,,,GSE224442,,27133631,06/21/2023 06:47:43,COV,,,,,GSM7501788_BZ61_CKDL200159086-1a-15_HC7TWCCX2_L2_1_val_1.fq.gz_bismark_bt2_pe.bismark.cov.gz,https://ftp.ncbi.nlm.nih.gov/geo/series/GSE224nnn/GSE224442/suppl/GSM7501788_BZ61_CKDL200159086-1a-15_HC7TWCCX2_L2_1_val_1.fq.gz_bismark_bt2_pe.bismark.cov.gz
File,,,GSE224442,,30286559,06/21/2023 06:47:53,COV,,,,,GSM7501789_BZ62_CKDL200159087-1a-18_HC7TWCCX2_L3_1_val_1.fq.gz_bismark_bt2_pe.bismark.cov.gz,https://ftp.ncbi.nlm.nih.gov/geo/series/GSE224nnn/GSE224442/suppl/GSM7501789_BZ62_CKDL200159087-1a-18_HC7TWCCX2_L3_1_val_1.fq.gz_bismark_bt2_pe.bismark.cov.gz
File,,,GSE224442,,32296080,06/21/2023 06:48:03,COV,,,,,GSM7501790_BZ63_CKDL200159088-1a-18_HC7TWCCX2_L4_1_val_1.fq.gz_bismark_bt2_pe.bismark.cov.gz,https://ftp.ncbi.nlm.nih.gov/geo/series/GSE224nnn/GSE224442/suppl/GSM7501790_BZ63_CKDL200159088-1a-18_HC7TWCCX2_L4_1_val_1.fq.gz_bismark_bt2_pe.bismark.cov.gz
File,,,GSE224442,,29860692,06/21/2023 06:48:12,COV,,,,,GSM7501791_BZ64_CKDL200159089-1a-11_HC7TWCCX2_L5_1_val_1.fq.gz_bismark_bt2_pe.bismark.cov.gz,https://ftp.ncbi.nlm.nih.gov/geo/series/GSE224nnn/GSE224442/suppl/GSM7501791_BZ64_CKDL200159089-1a-11_HC7TWCCX2_L5_1_val_1.fq.gz_bismark_bt2_pe.bismark.cov.gz
File,,,GSE224442,,31296146,06/21/2023 06:48:23,COV,,,,,GSM7501792_BZ65_CKDL200159090-1a-11_HC7TWCCX2_L6_1_val_1.fq.gz_bismark_bt2_pe.bismark.cov.gz,https://ftp.ncbi.nlm.nih.gov/geo/series/GSE224nnn/GSE224442/suppl/GSM7501792_BZ65_CKDL200159090-1a-11_HC7TWCCX2_L6_1_val_1.fq.gz_bismark_bt2_pe.bismark.cov.gz
File,,,GSE224442,,28981489,06/21/2023 06:48:32,COV,,,,,GSM7501793_BZ66_CKDL200159086-1a-18_HC7TWCCX2_L2_1_val_1.fq.gz_bismark_bt2_pe.bismark.cov.gz,https://ftp.ncbi.nlm.nih.gov/geo/series/GSE224nnn/GSE224442/suppl/GSM7501793_BZ66_CKDL200159086-1a-18_HC7TWCCX2_L2_1_val_1.fq.gz_bismark_bt2_pe.bismark.cov.gz
File,,,GSE224442,,35207805,06/21/2023 06:48:43,COV,,,,,GSM7501794_BldBZ11_CKDL200160015-1a-3_HC2WYCCX2_L7_1_val_1.fq.gz_bismark_bt2_pe.bismark.cov.gz,https://ftp.ncbi.nlm.nih.gov/geo/series/GSE224nnn/GSE224442/suppl/GSM7501794_BldBZ11_CKDL200160015-1a-3_HC2WYCCX2_L7_1_val_1.fq.gz_bismark_bt2_pe.bismark.cov.gz
File,,,GSE224442,,37575867,06/21/2023 06:48:55,COV,,,,,GSM7501795_BldBZ12_CKDL200160012-1a-6_HC2WYCCX2_L4_1_val_1.fq.gz_bismark_bt2_pe.bismark.cov.gz,https://ftp.ncbi.nlm.nih.gov/geo/series/GSE224nnn/GSE224442/suppl/GSM7501795_BldBZ12_CKDL200160012-1a-6_HC2WYCCX2_L4_1_val_1.fq.gz_bismark_bt2_pe.bismark.cov.gz
File,,,GSE224442,,30625840,06/21/2023 06:49:05,COV,,,,,GSM7501796_BldBZ13_CKDL200160013-1a-3_HC2WYCCX2_L5_1_val_1.fq.gz_bismark_bt2_pe.bismark.cov.gz,https://ftp.ncbi.nlm.nih.gov/geo/series/GSE224nnn/GSE224442/suppl/GSM7501796_BldBZ13_CKDL200160013-1a-3_HC2WYCCX2_L5_1_val_1.fq.gz_bismark_bt2_pe.bismark.cov.gz
File,,,GSE224442,,32886802,06/21/2023 06:49:16,COV,,,,,GSM7501797_BldBZ14_CKDL200160015-1a-6_HC2WYCCX2_L7_1_val_1.fq.gz_bismark_bt2_pe.bismark.cov.gz,https://ftp.ncbi.nlm.nih.gov/geo/series/GSE224nnn/GSE224442/suppl/GSM7501797_BldBZ14_CKDL200160015-1a-6_HC2WYCCX2_L7_1_val_1.fq.gz_bismark_bt2_pe.bismark.cov.gz
File,,,GSE224442,,36133136,06/21/2023 06:49:28,COV,,,,,GSM7501798_BldBZ15_CKDL200160014-1a-3_HC2WYCCX2_L6_1_val_1.fq.gz_bismark_bt2_pe.bismark.cov.gz,https://ftp.ncbi.nlm.nih.gov/geo/series/GSE224nnn/GSE224442/suppl/GSM7501798_BldBZ15_CKDL200160014-1a-3_HC2WYCCX2_L6_1_val_1.fq.gz_bismark_bt2_pe.bismark.cov.gz
File,,,GSE224442,,31047038,06/21/2023 06:49:39,COV,,,,,GSM7501799_BldBZ16_CKDL200160013-1a-25_HC2WYCCX2_L5_1_val_1.fq.gz_bismark_bt2_pe.bismark.cov.gz,https://ftp.ncbi.nlm.nih.gov/geo/series/GSE224nnn/GSE224442/suppl/GSM7501799_BldBZ16_CKDL200160013-1a-25_HC2WYCCX2_L5_1_val_1.fq.gz_bismark_bt2_pe.bismark.cov.gz
File,,,GSE224442,,36098970,06/21/2023 06:49:50,COV,,,,,GSM7501800_BldBZ21_CKDL200160012-1a-7_HC2WYCCX2_L4_1_val_1.fq.gz_bismark_bt2_pe.bismark.cov.gz,https://ftp.ncbi.nlm.nih.gov/geo/series/GSE224nnn/GSE224442/suppl/GSM7501800_BldBZ21_CKDL200160012-1a-7_HC2WYCCX2_L4_1_val_1.fq.gz_bismark_bt2_pe.bismark.cov.gz
File,,,GSE224442,,35367964,06/21/2023 06:50:02,COV,,,,,GSM7501801_BldBZ22_CKDL200160012-1a-8_HC2WYCCX2_L4_1_val_1.fq.gz_bismark_bt2_pe.bismark.cov.gz,https://ftp.ncbi.nlm.nih.gov/geo/series/GSE224nnn/GSE224442/suppl/GSM7501801_BldBZ22_CKDL200160012-1a-8_HC2WYCCX2_L4_1_val_1.fq.gz_bismark_bt2_pe.bismark.cov.gz
File,,,GSE224442,,30194660,06/21/2023 06:50:12,COV,,,,,GSM7501802_BldBZ23_CKDL200160013-1a-7_HC2WYCCX2_L5_1_val_1.fq.gz_bismark_bt2_pe.bismark.cov.gz,https://ftp.ncbi.nlm.nih.gov/geo/series/GSE224nnn/GSE224442/suppl/GSM7501802_BldBZ23_CKDL200160013-1a-7_HC2WYCCX2_L5_1_val_1.fq.gz_bismark_bt2_pe.bismark.cov.gz
File,,,GSE224442,,30110919,06/21/2023 06:50:22,COV,,,,,GSM7501803_BldBZ24_CKDL200160013-1a-8_HC2WYCCX2_L5_1_val_1.fq.gz_bismark_bt2_pe.bismark.cov.gz,https://ftp.ncbi.nlm.nih.gov/geo/series/GSE224nnn/GSE224442/suppl/GSM7501803_BldBZ24_CKDL200160013-1a-8_HC2WYCCX2_L5_1_val_1.fq.gz_bismark_bt2_pe.bismark.cov.gz
File,,,GSE224442,,36859022,06/21/2023 06:50:34,COV,,,,,GSM7501804_BldBZ25_CKDL200160014-1a-6_HC2WYCCX2_L6_1_val_1.fq.gz_bismark_bt2_pe.bismark.cov.gz,https://ftp.ncbi.nlm.nih.gov/geo/series/GSE224nnn/GSE224442/suppl/GSM7501804_BldBZ25_CKDL200160014-1a-6_HC2WYCCX2_L6_1_val_1.fq.gz_bismark_bt2_pe.bismark.cov.gz
File,,,GSE224442,,38478865,06/21/2023 06:50:47,COV,,,,,GSM7501805_BldBZ26_CKDL200160015-1a-25_HC2WYCCX2_L7_1_val_1.fq.gz_bismark_bt2_pe.bismark.cov.gz,https://ftp.ncbi.nlm.nih.gov/geo/series/GSE224nnn/GSE224442/suppl/GSM7501805_BldBZ26_CKDL200160015-1a-25_HC2WYCCX2_L7_1_val_1.fq.gz_bismark_bt2_pe.bismark.cov.gz
File,,,GSE224442,,34626443,06/21/2023 06:50:58,COV,,,,,GSM7501806_BldBZ31_CKDL200160015-1a-10_HC2WYCCX2_L7_1_val_1.fq.gz_bismark_bt2_pe.bismark.cov.gz,https://ftp.ncbi.nlm.nih.gov/geo/series/GSE224nnn/GSE224442/suppl/GSM7501806_BldBZ31_CKDL200160015-1a-10_HC2WYCCX2_L7_1_val_1.fq.gz_bismark_bt2_pe.bismark.cov.gz
File,,,GSE224442,,35578741,06/21/2023 06:51:10,COV,,,,,GSM7501807_BldBZ32_CKDL200160012-1a-11_HC2WYCCX2_L4_1_val_1.fq.gz_bismark_bt2_pe.bismark.cov.gz,https://ftp.ncbi.nlm.nih.gov/geo/series/GSE224nnn/GSE224442/suppl/GSM7501807_BldBZ32_CKDL200160012-1a-11_HC2WYCCX2_L4_1_val_1.fq.gz_bismark_bt2_pe.bismark.cov.gz
File,,,GSE224442,,30343341,06/21/2023 06:51:20,COV,,,,,GSM7501808_BldBZ33_CKDL200160013-1a-10_HC2WYCCX2_L5_1_val_1.fq.gz_bismark_bt2_pe.bismark.cov.gz,https://ftp.ncbi.nlm.nih.gov/geo/series/GSE224nnn/GSE224442/suppl/GSM7501808_BldBZ33_CKDL200160013-1a-10_HC2WYCCX2_L5_1_val_1.fq.gz_bismark_bt2_pe.bismark.cov.gz
File,,,GSE224442,,33915502,06/21/2023 06:51:31,COV,,,,,GSM7501809_BldBZ34_CKDL200160015-1a-7_HC2WYCCX2_L7_1_val_1.fq.gz_bismark_bt2_pe.bismark.cov.gz,https://ftp.ncbi.nlm.nih.gov/geo/series/GSE224nnn/GSE224442/suppl/GSM7501809_BldBZ34_CKDL200160015-1a-7_HC2WYCCX2_L7_1_val_1.fq.gz_bismark_bt2_pe.bismark.cov.gz
File,,,GSE224442,,35792223,06/21/2023 06:51:43,COV,,,,,GSM7501810_BldBZ35_CKDL200160014-1a-8_HC2WYCCX2_L6_1_val_1.fq.gz_bismark_bt2_pe.bismark.cov.gz,https://ftp.ncbi.nlm.nih.gov/geo/series/GSE224nnn/GSE224442/suppl/GSM7501810_BldBZ35_CKDL200160014-1a-8_HC2WYCCX2_L6_1_val_1.fq.gz_bismark_bt2_pe.bismark.cov.gz
File,,,GSE224442,,35230747,06/21/2023 06:51:54,COV,,,,,GSM7501811_BldBZ41_CKDL200160012-1a-15_HC2WYCCX2_L4_1_val_1.fq.gz_bismark_bt2_pe.bismark.cov.gz,https://ftp.ncbi.nlm.nih.gov/geo/series/GSE224nnn/GSE224442/suppl/GSM7501811_BldBZ41_CKDL200160012-1a-15_HC2WYCCX2_L4_1_val_1.fq.gz_bismark_bt2_pe.bismark.cov.gz
File,,,GSE224442,,34357260,06/21/2023 06:52:05,COV,,,,,GSM7501812_BldBZ42_CKDL200160012-1a-18_HC2WYCCX2_L4_1_val_1.fq.gz_bismark_bt2_pe.bismark.cov.gz,https://ftp.ncbi.nlm.nih.gov/geo/series/GSE224nnn/GSE224442/suppl/GSM7501812_BldBZ42_CKDL200160012-1a-18_HC2WYCCX2_L4_1_val_1.fq.gz_bismark_bt2_pe.bismark.cov.gz
File,,,GSE224442,,32494471,06/21/2023 06:52:16,COV,,,,,GSM7501813_BldBZ43_CKDL200160013-1a-11_HC2WYCCX2_L5_1_val_1.fq.gz_bismark_bt2_pe.bismark.cov.gz,https://ftp.ncbi.nlm.nih.gov/geo/series/GSE224nnn/GSE224442/suppl/GSM7501813_BldBZ43_CKDL200160013-1a-11_HC2WYCCX2_L5_1_val_1.fq.gz_bismark_bt2_pe.bismark.cov.gz
File,,,GSE224442,,37621284,06/21/2023 06:52:27,COV,,,,,GSM7501814_BldBZ44_CKDL200160014-1a-10_HC2WYCCX2_L6_1_val_1.fq.gz_bismark_bt2_pe.bismark.cov.gz,https://ftp.ncbi.nlm.nih.gov/geo/series/GSE224nnn/GSE224442/suppl/GSM7501814_BldBZ44_CKDL200160014-1a-10_HC2WYCCX2_L6_1_val_1.fq.gz_bismark_bt2_pe.bismark.cov.gz
File,,,GSE224442,,38625238,06/21/2023 06:52:39,COV,,,,,GSM7501815_BldBZ45_CKDL200160015-1a-11_HC2WYCCX2_L7_1_val_1.fq.gz_bismark_bt2_pe.bismark.cov.gz,https://ftp.ncbi.nlm.nih.gov/geo/series/GSE224nnn/GSE224442/suppl/GSM7501815_BldBZ45_CKDL200160015-1a-11_HC2WYCCX2_L7_1_val_1.fq.gz_bismark_bt2_pe.bismark.cov.gz
File,,,GSE224442,,37856886,06/21/2023 06:52:51,COV,,,,,GSM7501816_BldBZ51_CKDL200160012-1a-22_HC2WYCCX2_L4_1_val_1.fq.gz_bismark_bt2_pe.bismark.cov.gz,https://ftp.ncbi.nlm.nih.gov/geo/series/GSE224nnn/GSE224442/suppl/GSM7501816_BldBZ51_CKDL200160012-1a-22_HC2WYCCX2_L4_1_val_1.fq.gz_bismark_bt2_pe.bismark.cov.gz
File,,,GSE224442,,35357481,06/21/2023 06:53:02,COV,,,,,GSM7501817_BldBZ52_CKDL200160015-1a-15_HC2WYCCX2_L7_1_val_1.fq.gz_bismark_bt2_pe.bismark.cov.gz,https://ftp.ncbi.nlm.nih.gov/geo/series/GSE224nnn/GSE224442/suppl/GSM7501817_BldBZ52_CKDL200160015-1a-15_HC2WYCCX2_L7_1_val_1.fq.gz_bismark_bt2_pe.bismark.cov.gz
File,,,GSE224442,,31332847,06/21/2023 06:53:12,COV,,,,,GSM7501818_BldBZ53_CKDL200160013-1a-18_HC2WYCCX2_L5_1_val_1.fq.gz_bismark_bt2_pe.bismark.cov.gz,https://ftp.ncbi.nlm.nih.gov/geo/series/GSE224nnn/GSE224442/suppl/GSM7501818_BldBZ53_CKDL200160013-1a-18_HC2WYCCX2_L5_1_val_1.fq.gz_bismark_bt2_pe.bismark.cov.gz
File,,,GSE224442,,34821901,06/21/2023 06:53:23,COV,,,,,GSM7501819_BldBZ54_CKDL200160014-1a-15_HC2WYCCX2_L6_1_val_1.fq.gz_bismark_bt2_pe.bismark.cov.gz,https://ftp.ncbi.nlm.nih.gov/geo/series/GSE224nnn/GSE224442/suppl/GSM7501819_BldBZ54_CKDL200160014-1a-15_HC2WYCCX2_L6_1_val_1.fq.gz_bismark_bt2_pe.bismark.cov.gz
File,,,GSE224442,,36878335,06/21/2023 06:53:35,COV,,,,,GSM7501820_BldBZ55_CKDL200160014-1a-18_HC2WYCCX2_L6_1_val_1.fq.gz_bismark_bt2_pe.bismark.cov.gz,https://ftp.ncbi.nlm.nih.gov/geo/series/GSE224nnn/GSE224442/suppl/GSM7501820_BldBZ55_CKDL200160014-1a-18_HC2WYCCX2_L6_1_val_1.fq.gz_bismark_bt2_pe.bismark.cov.gz
File,,,GSE224442,,34781927,06/21/2023 06:53:46,COV,,,,,GSM7501821_BldBZ61_CKDL200160012-1a-23_HC2WYCCX2_L4_1_val_1.fq.gz_bismark_bt2_pe.bismark.cov.gz,https://ftp.ncbi.nlm.nih.gov/geo/series/GSE224nnn/GSE224442/suppl/GSM7501821_BldBZ61_CKDL200160012-1a-23_HC2WYCCX2_L4_1_val_1.fq.gz_bismark_bt2_pe.bismark.cov.gz
File,,,GSE224442,,33172903,06/21/2023 06:53:57,COV,,,,,GSM7501822_BldBZ62_CKDL200160015-1a-22_HC2WYCCX2_L7_1_val_1.fq.gz_bismark_bt2_pe.bismark.cov.gz,https://ftp.ncbi.nlm.nih.gov/geo/series/GSE224nnn/GSE224442/suppl/GSM7501822_BldBZ62_CKDL200160015-1a-22_HC2WYCCX2_L7_1_val_1.fq.gz_bismark_bt2_pe.bismark.cov.gz
File,,,GSE224442,,32363705,06/21/2023 06:54:07,COV,,,,,GSM7501823_BldBZ64_CKDL200160013-1a-23_HC2WYCCX2_L5_1_val_1.fq.gz_bismark_bt2_pe.bismark.cov.gz,https://ftp.ncbi.nlm.nih.gov/geo/series/GSE224nnn/GSE224442/suppl/GSM7501823_BldBZ64_CKDL200160013-1a-23_HC2WYCCX2_L5_1_val_1.fq.gz_bismark_bt2_pe.bismark.cov.gz
File,,,GSE224442,,32550108,06/21/2023 06:54:18,COV,,,,,GSM7501824_BldBZ65_CKDL200160014-1a-22_HC2WYCCX2_L6_1_val_1.fq.gz_bismark_bt2_pe.bismark.cov.gz,https://ftp.ncbi.nlm.nih.gov/geo/series/GSE224nnn/GSE224442/suppl/GSM7501824_BldBZ65_CKDL200160014-1a-22_HC2WYCCX2_L6_1_val_1.fq.gz_bismark_bt2_pe.bismark.cov.gz
File,,,GSE224442,,34123670,06/21/2023 06:54:29,COV,,,,,GSM7501825_BldBZ66_CKDL200160014-1a-23_HC2WYCCX2_L6_1_val_1.fq.gz_bismark_bt2_pe.bismark.cov.gz,https://ftp.ncbi.nlm.nih.gov/geo/series/GSE224nnn/GSE224442/suppl/GSM7501825_BldBZ66_CKDL200160014-1a-23_HC2WYCCX2_L6_1_val_1.fq.gz_bismark_bt2_pe.bismark.cov.gz
Archive,True,application/x-tar,GSE233879,,2120140800,01/03/2025 00:25:49,TAR,,200,"Fri, 03 Jan 2025 05:25:49 GMT",2120140800,GSE233879_RAW.tar,https://ftp.ncbi.nlm.nih.gov/geo/series/GSE233nnn/GSE233879/suppl/GSE233879_RAW.tar
File,,,GSE233879,,156600,06/01/2023 07:37:45,TXT,,,,,GSM7438410_Young_fresh_HSC_RNA_rep1_FPKM.txt.gz,https://ftp.ncbi.nlm.nih.gov/geo/series/GSE233nnn/GSE233879/suppl/GSM7438410_Young_fresh_HSC_RNA_rep1_FPKM.txt.gz
File,,,GSE233879,,157580,06/01/2023 07:37:45,TXT,,,,,GSM7438411_Young_fresh_HSC_RNA_rep2_FPKM.txt.gz,https://ftp.ncbi.nlm.nih.gov/geo/series/GSE233nnn/GSE233879/suppl/GSM7438411_Young_fresh_HSC_RNA_rep2_FPKM.txt.gz
File,,,GSE233879,,155304,06/01/2023 07:37:45,TXT,,,,,GSM7438412_Young_fresh_HSC_RNA_rep3_FPKM.txt.gz,https://ftp.ncbi.nlm.nih.gov/geo/series/GSE233nnn/GSE233879/suppl/GSM7438412_Young_fresh_HSC_RNA_rep3_FPKM.txt.gz
File,,,GSE233879,,155300,06/01/2023 07:37:45,TXT,,,,,GSM7438413_Old_fresh_HSC_RNA_rep1_FPKM.txt.gz,https://ftp.ncbi.nlm.nih.gov/geo/series/GSE233nnn/GSE233879/suppl/GSM7438413_Old_fresh_HSC_RNA_rep1_FPKM.txt.gz
File,,,GSE233879,,153791,06/01/2023 07:37:45,TXT,,,,,GSM7438414_Old_fresh_HSC_RNA_rep2_FPKM.txt.gz,https://ftp.ncbi.nlm.nih.gov/geo/series/GSE233nnn/GSE233879/suppl/GSM7438414_Old_fresh_HSC_RNA_rep2_FPKM.txt.gz
File,,,GSE233879,,154320,06/01/2023 07:37:45,TXT,,,,,GSM7438415_Old_fresh_HSC_RNA_rep3_FPKM.txt.gz,https://ftp.ncbi.nlm.nih.gov/geo/series/GSE233nnn/GSE233879/suppl/GSM7438415_Old_fresh_HSC_RNA_rep3_FPKM.txt.gz
File,,,GSE233879,,154368,06/01/2023 07:37:45,TXT,,,,,GSM7438416_Old_HSC_CD150_G1_RNA_mouse1.txt.gz,https://ftp.ncbi.nlm.nih.gov/geo/series/GSE233nnn/GSE233879/suppl/GSM7438416_Old_HSC_CD150_G1_RNA_mouse1.txt.gz
File,,,GSE233879,,156469,06/01/2023 07:37:45,TXT,,,,,GSM7438417_Old_HSC_CD150_G1_RNA_mouse2.txt.gz,https://ftp.ncbi.nlm.nih.gov/geo/series/GSE233nnn/GSE233879/suppl/GSM7438417_Old_HSC_CD150_G1_RNA_mouse2.txt.gz
File,,,GSE233879,,154924,06/01/2023 07:37:45,TXT,,,,,GSM7438418_Old_HSC_CD150_G1_RNA_mouse3.txt.gz,https://ftp.ncbi.nlm.nih.gov/geo/series/GSE233nnn/GSE233879/suppl/GSM7438418_Old_HSC_CD150_G1_RNA_mouse3.txt.gz
File,,,GSE233879,,154066,06/01/2023 07:37:45,TXT,,,,,GSM7438419_Old_HSC_CD150_G2_RNA_mouse1.txt.gz,https://ftp.ncbi.nlm.nih.gov/geo/series/GSE233nnn/GSE233879/suppl/GSM7438419_Old_HSC_CD150_G2_RNA_mouse1.txt.gz
File,,,GSE233879,,154120,06/01/2023 07:37:45,TXT,,,,,GSM7438420_Old_HSC_CD150_G2_RNA_mouse2.txt.gz,https://ftp.ncbi.nlm.nih.gov/geo/series/GSE233nnn/GSE233879/suppl/GSM7438420_Old_HSC_CD150_G2_RNA_mouse2.txt.gz
File,,,GSE233879,,154315,06/01/2023 07:37:45,TXT,,,,,GSM7438421_Old_HSC_CD150_G2_RNA_mouse3.txt.gz,https://ftp.ncbi.nlm.nih.gov/geo/series/GSE233nnn/GSE233879/suppl/GSM7438421_Old_HSC_CD150_G2_RNA_mouse3.txt.gz
File,,,GSE233879,,156595,06/01/2023 07:37:46,TXT,,,,,GSM7438422_Old_HSC_CD150_G3_RNA_mouse1.txt.gz,https://ftp.ncbi.nlm.nih.gov/geo/series/GSE233nnn/GSE233879/suppl/GSM7438422_Old_HSC_CD150_G3_RNA_mouse1.txt.gz
File,,,GSE233879,,155768,06/01/2023 07:37:46,TXT,,,,,GSM7438423_Old_HSC_CD150_G3_RNA_mouse2.txt.gz,https://ftp.ncbi.nlm.nih.gov/geo/series/GSE233nnn/GSE233879/suppl/GSM7438423_Old_HSC_CD150_G3_RNA_mouse2.txt.gz
File,,,GSE233879,,160648,06/01/2023 07:37:46,TXT,,,,,GSM7438424_Old_HSC_CD150_G3_RNA_mouse3.txt.gz,https://ftp.ncbi.nlm.nih.gov/geo/series/GSE233nnn/GSE233879/suppl/GSM7438424_Old_HSC_CD150_G3_RNA_mouse3.txt.gz
File,,,GSE233879,,153379,06/01/2023 07:37:46,TXT,,,,,GSM7438425_Old_HSC_CD150_G4_RNA_mouse1.txt.gz,https://ftp.ncbi.nlm.nih.gov/geo/series/GSE233nnn/GSE233879/suppl/GSM7438425_Old_HSC_CD150_G4_RNA_mouse1.txt.gz
File,,,GSE233879,,153778,06/01/2023 07:37:46,TXT,,,,,GSM7438426_Old_HSC_CD150_G4_RNA_mouse2.txt.gz,https://ftp.ncbi.nlm.nih.gov/geo/series/GSE233nnn/GSE233879/suppl/GSM7438426_Old_HSC_CD150_G4_RNA_mouse2.txt.gz
File,,,GSE233879,,152179,06/01/2023 07:37:46,TXT,,,,,GSM7438427_Old_HSC_CD150_G4_RNA_mouse3.txt.gz,https://ftp.ncbi.nlm.nih.gov/geo/series/GSE233nnn/GSE233879/suppl/GSM7438427_Old_HSC_CD150_G4_RNA_mouse3.txt.gz
File,,,GSE233879,,149100,06/01/2023 07:37:46,TXT,,,,,GSM7438428_Old_HSC_CD150H_4p5D_TX_RNA_rep1.txt.gz,https://ftp.ncbi.nlm.nih.gov/geo/series/GSE233nnn/GSE233879/suppl/GSM7438428_Old_HSC_CD150H_4p5D_TX_RNA_rep1.txt.gz
File,,,GSE233879,,150297,06/01/2023 07:37:46,TXT,,,,,GSM7438429_Old_HSC_CD150H_4p5D_TX_RNA_rep2.txt.gz,https://ftp.ncbi.nlm.nih.gov/geo/series/GSE233nnn/GSE233879/suppl/GSM7438429_Old_HSC_CD150H_4p5D_TX_RNA_rep2.txt.gz
File,,,GSE233879,,151511,06/01/2023 07:37:46,TXT,,,,,GSM7438430_Old_HSC_CD150H_4p5D_TX_RNA_rep3.txt.gz,https://ftp.ncbi.nlm.nih.gov/geo/series/GSE233nnn/GSE233879/suppl/GSM7438430_Old_HSC_CD150H_4p5D_TX_RNA_rep3.txt.gz
File,,,GSE233879,,152609,06/01/2023 07:37:46,TXT,,,,,GSM7438431_Old_HSC_CD150L_4p5D_TX_RNA_rep1.txt.gz,https://ftp.ncbi.nlm.nih.gov/geo/series/GSE233nnn/GSE233879/suppl/GSM7438431_Old_HSC_CD150L_4p5D_TX_RNA_rep1.txt.gz
File,,,GSE233879,,153919,06/01/2023 07:37:46,TXT,,,,,GSM7438432_Old_HSC_CD150L_4p5D_TX_RNA_rep2.txt.gz,https://ftp.ncbi.nlm.nih.gov/geo/series/GSE233nnn/GSE233879/suppl/GSM7438432_Old_HSC_CD150L_4p5D_TX_RNA_rep2.txt.gz
File,,,GSE233879,,151637,06/01/2023 07:37:46,TXT,,,,,GSM7438433_Old_HSC_CD150L_4p5D_TX_RNA_rep3.txt.gz,https://ftp.ncbi.nlm.nih.gov/geo/series/GSE233nnn/GSE233879/suppl/GSM7438433_Old_HSC_CD150L_4p5D_TX_RNA_rep3.txt.gz
File,,,GSE233879,,8326,05/31/2023 10:42:24,TSV,,,,,GSM7438434_Young_fresh_HSC_scRNA_barcodes.tsv.gz,https://ftp.ncbi.nlm.nih.gov/geo/series/GSE233nnn/GSE233879/suppl/GSM7438434_Young_fresh_HSC_scRNA_barcodes.tsv.gz
File,,,GSE233879,,168977,05/31/2023 10:42:27,TSV,,,,,GSM7438434_Young_fresh_HSC_scRNA_features.tsv.gz,https://ftp.ncbi.nlm.nih.gov/geo/series/GSE233nnn/GSE233879/suppl/GSM7438434_Young_fresh_HSC_scRNA_features.tsv.gz
File,,,GSE233879,,16585150,05/31/2023 10:42:26,MTX,,,,,GSM7438434_Young_fresh_HSC_scRNA_matrix.mtx.gz,https://ftp.ncbi.nlm.nih.gov/geo/series/GSE233nnn/GSE233879/suppl/GSM7438434_Young_fresh_HSC_scRNA_matrix.mtx.gz
File,,,GSE233879,,20119,05/31/2023 10:42:21,TSV,,,,,GSM7438435_Old_fresh_HSC_scRNA_barcodes.tsv.gz,https://ftp.ncbi.nlm.nih.gov/geo/series/GSE233nnn/GSE233879/suppl/GSM7438435_Old_fresh_HSC_scRNA_barcodes.tsv.gz
File,,,GSE233879,,168977,05/31/2023 10:42:20,TSV,,,,,GSM7438435_Old_fresh_HSC_scRNA_features.tsv.gz,https://ftp.ncbi.nlm.nih.gov/geo/series/GSE233nnn/GSE233879/suppl/GSM7438435_Old_fresh_HSC_scRNA_features.tsv.gz
File,,,GSE233879,,38520812,05/31/2023 10:42:24,MTX,,,,,GSM7438435_Old_fresh_HSC_scRNA_matrix.mtx.gz,https://ftp.ncbi.nlm.nih.gov/geo/series/GSE233nnn/GSE233879/suppl/GSM7438435_Old_fresh_HSC_scRNA_matrix.mtx.gz
File,,,GSE233879,,19301,05/31/2023 10:42:26,TSV,,,,,GSM7438436_Old_HSC_CD150L_14D_TX_scRNA_barcodes.tsv.gz,https://ftp.ncbi.nlm.nih.gov/geo/series/GSE233nnn/GSE233879/suppl/GSM7438436_Old_HSC_CD150L_14D_TX_scRNA_barcodes.tsv.gz
File,,,GSE233879,,168977,05/31/2023 10:42:24,TSV,,,,,GSM7438436_Old_HSC_CD150L_14D_TX_scRNA_features.tsv.gz,https://ftp.ncbi.nlm.nih.gov/geo/series/GSE233nnn/GSE233879/suppl/GSM7438436_Old_HSC_CD150L_14D_TX_scRNA_features.tsv.gz
File,,,GSE233879,,42492175,05/31/2023 10:42:31,MTX,,,,,GSM7438436_Old_HSC_CD150L_14D_TX_scRNA_matrix.mtx.gz,https://ftp.ncbi.nlm.nih.gov/geo/series/GSE233nnn/GSE233879/suppl/GSM7438436_Old_HSC_CD150L_14D_TX_scRNA_matrix.mtx.gz
File,,,GSE233879,,48921,05/31/2023 10:42:20,TSV,,,,,GSM7438437_Old_HSC_CD150H_14D_TX_scRNA_barcodes.tsv.gz,https://ftp.ncbi.nlm.nih.gov/geo/series/GSE233nnn/GSE233879/suppl/GSM7438437_Old_HSC_CD150H_14D_TX_scRNA_barcodes.tsv.gz
File,,,GSE233879,,168977,05/31/2023 10:42:20,TSV,,,,,GSM7438437_Old_HSC_CD150H_14D_TX_scRNA_features.tsv.gz,https://ftp.ncbi.nlm.nih.gov/geo/series/GSE233nnn/GSE233879/suppl/GSM7438437_Old_HSC_CD150H_14D_TX_scRNA_features.tsv.gz
File,,,GSE233879,,54166350,05/31/2023 10:42:27,MTX,,,,,GSM7438437_Old_HSC_CD150H_14D_TX_scRNA_matrix.mtx.gz,https://ftp.ncbi.nlm.nih.gov/geo/series/GSE233nnn/GSE233879/suppl/GSM7438437_Old_HSC_CD150H_14D_TX_scRNA_matrix.mtx.gz
File,,,GSE233879,,12397048,06/01/2023 07:37:52,WIG,,,,,GSM7438438_Old_HSC_CD150L_RRBS_rep1.wig.gz,https://ftp.ncbi.nlm.nih.gov/geo/series/GSE233nnn/GSE233879/suppl/GSM7438438_Old_HSC_CD150L_RRBS_rep1.wig.gz
File,,,GSE233879,,12166464,06/01/2023 07:37:57,WIG,,,,,GSM7438439_Old_HSC_CD150L_RRBS_rep2.wig.gz,https://ftp.ncbi.nlm.nih.gov/geo/series/GSE233nnn/GSE233879/suppl/GSM7438439_Old_HSC_CD150L_RRBS_rep2.wig.gz
File,,,GSE233879,,12802399,06/01/2023 07:38:03,WIG,,,,,GSM7438440_Old_HSC_CD150H_RRBS_rep1.wig.gz,https://ftp.ncbi.nlm.nih.gov/geo/series/GSE233nnn/GSE233879/suppl/GSM7438440_Old_HSC_CD150H_RRBS_rep1.wig.gz
File,,,GSE233879,,12808519,06/01/2023 07:38:09,WIG,,,,,GSM7438441_Old_HSC_CD150H_RRBS_rep2.wig.gz,https://ftp.ncbi.nlm.nih.gov/geo/series/GSE233nnn/GSE233879/suppl/GSM7438441_Old_HSC_CD150H_RRBS_rep2.wig.gz
File,,,GSE233879,,12100002,06/01/2023 07:38:14,WIG,,,,,GSM7438442_Blood_CD150H_6M_TX_RRBS_rep1.wig.gz,https://ftp.ncbi.nlm.nih.gov/geo/series/GSE233nnn/GSE233879/suppl/GSM7438442_Blood_CD150H_6M_TX_RRBS_rep1.wig.gz
File,,,GSE233879,,12006535,06/01/2023 07:38:19,WIG,,,,,GSM7438443_Blood_CD150H_6M_TX_RRBS_rep2.wig.gz,https://ftp.ncbi.nlm.nih.gov/geo/series/GSE233nnn/GSE233879/suppl/GSM7438443_Blood_CD150H_6M_TX_RRBS_rep2.wig.gz
File,,,GSE233879,,10465956,06/01/2023 07:38:24,WIG,,,,,GSM7438444_Blood_CD150H_6M_TX_RRBS_rep3.wig.gz,https://ftp.ncbi.nlm.nih.gov/geo/series/GSE233nnn/GSE233879/suppl/GSM7438444_Blood_CD150H_6M_TX_RRBS_rep3.wig.gz
File,,,GSE233879,,10051367,06/01/2023 07:38:28,WIG,,,,,GSM7438445_Blood_CD150H_6M_TX_RRBS_rep4.wig.gz,https://ftp.ncbi.nlm.nih.gov/geo/series/GSE233nnn/GSE233879/suppl/GSM7438445_Blood_CD150H_6M_TX_RRBS_rep4.wig.gz
File,,,GSE233879,,12444682,06/01/2023 07:38:33,WIG,,,,,GSM7438446_Blood_CD150L_6M_TX_RRBS_rep1.wig.gz,https://ftp.ncbi.nlm.nih.gov/geo/series/GSE233nnn/GSE233879/suppl/GSM7438446_Blood_CD150L_6M_TX_RRBS_rep1.wig.gz
File,,,GSE233879,,9929860,06/01/2023 07:38:38,WIG,,,,,GSM7438447_Blood_CD150L_6M_TX_RRBS_rep2.wig.gz,https://ftp.ncbi.nlm.nih.gov/geo/series/GSE233nnn/GSE233879/suppl/GSM7438447_Blood_CD150L_6M_TX_RRBS_rep2.wig.gz
File,,,GSE233879,,8878311,06/01/2023 07:38:42,WIG,,,,,GSM7438448_Blood_CD150L_6M_TX_RRBS_rep3.wig.gz,https://ftp.ncbi.nlm.nih.gov/geo/series/GSE233nnn/GSE233879/suppl/GSM7438448_Blood_CD150L_6M_TX_RRBS_rep3.wig.gz
File,,,GSE233879,,10199751,06/01/2023 07:38:47,WIG,,,,,GSM7438449_Blood_CD150L_6M_TX_RRBS_rep4.wig.gz,https://ftp.ncbi.nlm.nih.gov/geo/series/GSE233nnn/GSE233879/suppl/GSM7438449_Blood_CD150L_6M_TX_RRBS_rep4.wig.gz
File,,,GSE233879,,13114921,06/01/2023 07:38:53,WIG,,,,,GSM7438450_Blood_Unsorted_6M_TX_RRBS_rep1.wig.gz,https://ftp.ncbi.nlm.nih.gov/geo/series/GSE233nnn/GSE233879/suppl/GSM7438450_Blood_Unsorted_6M_TX_RRBS_rep1.wig.gz
File,,,GSE233879,,11735112,06/01/2023 07:38:59,WIG,,,,,GSM7438451_Blood_Unsorted_6M_TX_RRBS_rep2.wig.gz,https://ftp.ncbi.nlm.nih.gov/geo/series/GSE233nnn/GSE233879/suppl/GSM7438451_Blood_Unsorted_6M_TX_RRBS_rep2.wig.gz
File,,,GSE233879,,9343681,06/01/2023 07:39:03,WIG,,,,,GSM7438452_Blood_Unsorted_6M_TX_RRBS_rep3.wig.gz,https://ftp.ncbi.nlm.nih.gov/geo/series/GSE233nnn/GSE233879/suppl/GSM7438452_Blood_Unsorted_6M_TX_RRBS_rep3.wig.gz
File,,,GSE233879,,9833957,06/01/2023 07:39:08,WIG,,,,,GSM7438453_Blood_Unsorted_6M_TX_RRBS_rep4.wig.gz,https://ftp.ncbi.nlm.nih.gov/geo/series/GSE233nnn/GSE233879/suppl/GSM7438453_Blood_Unsorted_6M_TX_RRBS_rep4.wig.gz
File,,,GSE233879,,17714233,07/25/2023 21:25:12,BW,,,,,GSM7664990_HSC_ATAC_young_1.bw,https://ftp.ncbi.nlm.nih.gov/geo/series/GSE233nnn/GSE233879/suppl/GSM7664990_HSC_ATAC_young_1.bw
File,,,GSE233879,,39331421,07/25/2023 21:25:12,BW,,,,,GSM7664991_HSC_ATAC_young_2.bw,https://ftp.ncbi.nlm.nih.gov/geo/series/GSE233nnn/GSE233879/suppl/GSM7664991_HSC_ATAC_young_2.bw
File,,,GSE233879,,16971695,07/25/2023 21:25:13,BW,,,,,GSM7664992_HSC_ATAC_young_3.bw,https://ftp.ncbi.nlm.nih.gov/geo/series/GSE233nnn/GSE233879/suppl/GSM7664992_HSC_ATAC_young_3.bw
File,,,GSE233879,,24079911,07/25/2023 21:25:10,BW,,,,,GSM7664993_HSC_ATAC_old_1.bw,https://ftp.ncbi.nlm.nih.gov/geo/series/GSE233nnn/GSE233879/suppl/GSM7664993_HSC_ATAC_old_1.bw
File,,,GSE233879,,20894708,07/25/2023 21:25:11,BW,,,,,GSM7664994_HSC_ATAC_old_2.bw,https://ftp.ncbi.nlm.nih.gov/geo/series/GSE233nnn/GSE233879/suppl/GSM7664994_HSC_ATAC_old_2.bw
File,,,GSE233879,,26332625,07/25/2023 21:25:11,BW,,,,,GSM7664995_HSC_ATAC_old_3.bw,https://ftp.ncbi.nlm.nih.gov/geo/series/GSE233nnn/GSE233879/suppl/GSM7664995_HSC_ATAC_old_3.bw
File,,,GSE233879,,33884305,07/25/2023 21:30:50,BW,,,,,GSM7664996_HSC_old_CD150_low_ATAC_rep1_pair.bw,https://ftp.ncbi.nlm.nih.gov/geo/series/GSE233nnn/GSE233879/suppl/GSM7664996_HSC_old_CD150_low_ATAC_rep1_pair.bw
File,,,GSE233879,,40001926,07/25/2023 21:30:50,BW,,,,,GSM7664997_HSC_old_CD150_low_ATAC_rep2_pair.bw,https://ftp.ncbi.nlm.nih.gov/geo/series/GSE233nnn/GSE233879/suppl/GSM7664997_HSC_old_CD150_low_ATAC_rep2_pair.bw
File,,,GSE233879,,32835778,07/25/2023 21:30:51,BW,,,,,GSM7664998_HSC_old_CD150_low_ATAC_rep3_pair.bw,https://ftp.ncbi.nlm.nih.gov/geo/series/GSE233nnn/GSE233879/suppl/GSM7664998_HSC_old_CD150_low_ATAC_rep3_pair.bw
File,,,GSE233879,,39546343,07/25/2023 21:30:47,BW,,,,,GSM7664999_HSC_old_CD150_high_ATAC_rep1_pair.bw,https://ftp.ncbi.nlm.nih.gov/geo/series/GSE233nnn/GSE233879/suppl/GSM7664999_HSC_old_CD150_high_ATAC_rep1_pair.bw
File,,,GSE233879,,38329988,07/25/2023 21:30:48,BW,,,,,GSM7665000_HSC_old_CD150_high_ATAC_rep2_pair.bw,https://ftp.ncbi.nlm.nih.gov/geo/series/GSE233nnn/GSE233879/suppl/GSM7665000_HSC_old_CD150_high_ATAC_rep2_pair.bw
File,,,GSE233879,,41526339,07/25/2023 21:30:49,BW,,,,,GSM7665001_HSC_old_CD150_high_ATAC_rep3_pair.bw,https://ftp.ncbi.nlm.nih.gov/geo/series/GSE233nnn/GSE233879/suppl/GSM7665001_HSC_old_CD150_high_ATAC_rep3_pair.bw
File,,,GSE233879,,35638875,07/25/2023 21:30:09,BW,,,,,GSM7665002_H3K4me3_CD150_Low_rep1.bw,https://ftp.ncbi.nlm.nih.gov/geo/series/GSE233nnn/GSE233879/suppl/GSM7665002_H3K4me3_CD150_Low_rep1.bw
File,,,GSE233879,,72176939,07/25/2023 21:30:10,BW,,,,,GSM7665003_H3K4me3_CD150_Low_rep2.bw,https://ftp.ncbi.nlm.nih.gov/geo/series/GSE233nnn/GSE233879/suppl/GSM7665003_H3K4me3_CD150_Low_rep2.bw
File,,,GSE233879,,47346546,07/25/2023 21:30:11,BW,,,,,GSM7665004_H3K4me3_CD150_Low_rep3.bw,https://ftp.ncbi.nlm.nih.gov/geo/series/GSE233nnn/GSE233879/suppl/GSM7665004_H3K4me3_CD150_Low_rep3.bw
File,,,GSE233879,,60624213,07/25/2023 21:30:05,BW,,,,,GSM7665005_H3K4me3_CD150_High_rep1.bw,https://ftp.ncbi.nlm.nih.gov/geo/series/GSE233nnn/GSE233879/suppl/GSM7665005_H3K4me3_CD150_High_rep1.bw
File,,,GSE233879,,55117830,07/25/2023 21:30:07,BW,,,,,GSM7665006_H3K4me3_CD150_High_rep2.bw,https://ftp.ncbi.nlm.nih.gov/geo/series/GSE233nnn/GSE233879/suppl/GSM7665006_H3K4me3_CD150_High_rep2.bw
File,,,GSE233879,,55024287,07/25/2023 21:30:08,BW,,,,,GSM7665007_H3K4me3_CD150_High_rep3.bw,https://ftp.ncbi.nlm.nih.gov/geo/series/GSE233nnn/GSE233879/suppl/GSM7665007_H3K4me3_CD150_High_rep3.bw
File,,,GSE233879,,96341161,07/25/2023 21:29:56,BW,,,,,GSM7665008_H3K27ac_CD150_Low_rep1.bw,https://ftp.ncbi.nlm.nih.gov/geo/series/GSE233nnn/GSE233879/suppl/GSM7665008_H3K27ac_CD150_Low_rep1.bw
File,,,GSE233879,,193198078,07/25/2023 21:29:59,BW,,,,,GSM7665009_H3K27ac_CD150_Low_rep2.bw,https://ftp.ncbi.nlm.nih.gov/geo/series/GSE233nnn/GSE233879/suppl/GSM7665009_H3K27ac_CD150_Low_rep2.bw
File,,,GSE233879,,171030632,07/25/2023 21:30:03,BW,,,,,GSM7665010_H3K27ac_CD150_Low_rep3.bw,https://ftp.ncbi.nlm.nih.gov/geo/series/GSE233nnn/GSE233879/suppl/GSM7665010_H3K27ac_CD150_Low_rep3.bw
File,,,GSE233879,,71488613,07/25/2023 21:29:48,BW,,,,,GSM7665011_H3K27ac_CD150_High_rep1.bw,https://ftp.ncbi.nlm.nih.gov/geo/series/GSE233nnn/GSE233879/suppl/GSM7665011_H3K27ac_CD150_High_rep1.bw
File,,,GSE233879,,151988225,07/25/2023 21:29:50,BW,,,,,GSM7665012_H3K27ac_CD150_High_rep2.bw,https://ftp.ncbi.nlm.nih.gov/geo/series/GSE233nnn/GSE233879/suppl/GSM7665012_H3K27ac_CD150_High_rep2.bw
File,,,GSE233879,,146489711,07/25/2023 21:29:54,BW,,,,,GSM7665013_H3K27ac_CD150_High_rep3.bw,https://ftp.ncbi.nlm.nih.gov/geo/series/GSE233nnn/GSE233879/suppl/GSM7665013_H3K27ac_CD150_High_rep3.bw
File,,,GSE233879,,23498101,06/10/2024 12:13:03,COV,,,,,GSM8316447_Blood_Recipient_old_HSCs_10M_TX_RRBS_rep1.bismark.cov.gz,https://ftp.ncbi.nlm.nih.gov/geo/series/GSE233nnn/GSE233879/suppl/GSM8316447_Blood_Recipient_old_HSCs_10M_TX_RRBS_rep1.bismark.cov.gz
File,,,GSE233879,,23372156,06/10/2024 12:13:11,COV,,,,,GSM8316448_Blood_Recipient_old_HSCs_10M_TX_RRBS_rep2.bismark.cov.gz,https://ftp.ncbi.nlm.nih.gov/geo/series/GSE233nnn/GSE233879/suppl/GSM8316448_Blood_Recipient_old_HSCs_10M_TX_RRBS_rep2.bismark.cov.gz
File,,,GSE233879,,21806259,06/10/2024 12:13:19,COV,,,,,GSM8316449_Blood_Recipient_old_HSCs_10M_TX_RRBS_rep3.bismark.cov.gz,https://ftp.ncbi.nlm.nih.gov/geo/series/GSE233nnn/GSE233879/suppl/GSM8316449_Blood_Recipient_old_HSCs_10M_TX_RRBS_rep3.bismark.cov.gz
File,,,GSE233879,,23873524,06/10/2024 12:13:27,COV,,,,,GSM8316450_Blood_Recipient_old_HSCs_10M_TX_RRBS_rep4.bismark.cov.gz,https://ftp.ncbi.nlm.nih.gov/geo/series/GSE233nnn/GSE233879/suppl/GSM8316450_Blood_Recipient_old_HSCs_10M_TX_RRBS_rep4.bismark.cov.gz
File,,,GSE233879,,21670319,06/10/2024 12:13:34,COV,,,,,GSM8316451_Blood_Recipient_young_HSCs_10M_TX_RRBS_rep1.bismark.cov.gz,https://ftp.ncbi.nlm.nih.gov/geo/series/GSE233nnn/GSE233879/suppl/GSM8316451_Blood_Recipient_young_HSCs_10M_TX_RRBS_rep1.bismark.cov.gz
File,,,GSE233879,,21122517,06/10/2024 12:13:41,COV,,,,,GSM8316452_Blood_Recipient_young_HSCs_10M_TX_RRBS_rep2.bismark.cov.gz,https://ftp.ncbi.nlm.nih.gov/geo/series/GSE233nnn/GSE233879/suppl/GSM8316452_Blood_Recipient_young_HSCs_10M_TX_RRBS_rep2.bismark.cov.gz
File,,,GSE233879,,19992012,06/10/2024 12:13:48,COV,,,,,GSM8316453_Blood_Recipient_young_HSCs_10M_TX_RRBS_rep3.bismark.cov.gz,https://ftp.ncbi.nlm.nih.gov/geo/series/GSE233nnn/GSE233879/suppl/GSM8316453_Blood_Recipient_young_HSCs_10M_TX_RRBS_rep3.bismark.cov.gz
File,,,GSE233879,,20173349,06/10/2024 12:13:55,COV,,,,,GSM8316454_Blood_Recipient_young_HSCs_10M_TX_RRBS_rep4.bismark.cov.gz,https://ftp.ncbi.nlm.nih.gov/geo/series/GSE233nnn/GSE233879/suppl/GSM8316454_Blood_Recipient_young_HSCs_10M_TX_RRBS_rep4.bismark.cov.gz
File,,,GSE233879,,19806374,06/10/2024 12:14:02,COV,,,,,GSM8316455_Old_HSC_CD150L_RRBS_rep3.bismark.cov.gz,https://ftp.ncbi.nlm.nih.gov/geo/series/GSE233nnn/GSE233879/suppl/GSM8316455_Old_HSC_CD150L_RRBS_rep3.bismark.cov.gz
File,,,GSE233879,,20429184,06/10/2024 12:14:09,COV,,,,,GSM8316456_Old_HSC_CD150L_RRBS_rep4.bismark.cov.gz,https://ftp.ncbi.nlm.nih.gov/geo/series/GSE233nnn/GSE233879/suppl/GSM8316456_Old_HSC_CD150L_RRBS_rep4.bismark.cov.gz
File,,,GSE233879,,19767885,06/10/2024 12:14:16,COV,,,,,GSM8316457_Old_HSC_CD150H_RRBS_rep3.bismark.cov.gz,https://ftp.ncbi.nlm.nih.gov/geo/series/GSE233nnn/GSE233879/suppl/GSM8316457_Old_HSC_CD150H_RRBS_rep3.bismark.cov.gz
File,,,GSE233879,,20127166,06/10/2024 12:14:23,COV,,,,,GSM8316458_Old_HSC_CD150H_RRBS_rep4.bismark.cov.gz,https://ftp.ncbi.nlm.nih.gov/geo/series/GSE233nnn/GSE233879/suppl/GSM8316458_Old_HSC_CD150H_RRBS_rep4.bismark.cov.gz
Archive,True,application/x-tar,GSE276335,,2744565760,05/15/2026 13:22:10,TAR,,200,"Fri, 15 May 2026 17:22:10 GMT",2744565760,GSE276335_RAW.tar,https://ftp.ncbi.nlm.nih.gov/geo/series/GSE276nnn/GSE276335/suppl/GSE276335_RAW.tar
File,,,GSE276335,,270082984,09/03/2024 12:02:03,COV,,,,,GSM8496685_45b_file_list_merged_WGBSy1.cov.gz,https://ftp.ncbi.nlm.nih.gov/geo/series/GSE276nnn/GSE276335/suppl/GSM8496685_45b_file_list_merged_WGBSy1.cov.gz
File,,,GSE276335,,269674727,09/03/2024 12:02:04,COV,,,,,GSM8496686_45b_file_list_merged_WGBSy2.cov.gz,https://ftp.ncbi.nlm.nih.gov/geo/series/GSE276nnn/GSE276335/suppl/GSM8496686_45b_file_list_merged_WGBSy2.cov.gz
File,,,GSE276335,,259881881,09/03/2024 12:02:05,COV,,,,,GSM8496687_45b_file_list_merged_WGBSy3.cov.gz,https://ftp.ncbi.nlm.nih.gov/geo/series/GSE276nnn/GSE276335/suppl/GSM8496687_45b_file_list_merged_WGBSy3.cov.gz
File,,,GSE276335,,264817441,09/03/2024 12:01:59,COV,,,,,GSM8496688_45b_file_list_merged_WGBS1.cov.gz,https://ftp.ncbi.nlm.nih.gov/geo/series/GSE276nnn/GSE276335/suppl/GSM8496688_45b_file_list_merged_WGBS1.cov.gz
File,,,GSE276335,,263443168,09/03/2024 12:02:00,COV,,,,,GSM8496689_45b_file_list_merged_WGBS2.cov.gz,https://ftp.ncbi.nlm.nih.gov/geo/series/GSE276nnn/GSE276335/suppl/GSM8496689_45b_file_list_merged_WGBS2.cov.gz
File,,,GSE276335,,275938071,09/03/2024 12:02:02,COV,,,,,GSM8496690_45b_file_list_merged_WGBS3.cov.gz,https://ftp.ncbi.nlm.nih.gov/geo/series/GSE276nnn/GSE276335/suppl/GSM8496690_45b_file_list_merged_WGBS3.cov.gz
File,,,GSE276335,,291358937,09/03/2024 12:02:10,COV,,,,,GSM8496691_Y2_F_HSC_1_val_1_bismark_bt2_pe.bismark.cov.gz,https://ftp.ncbi.nlm.nih.gov/geo/series/GSE276nnn/GSE276335/suppl/GSM8496691_Y2_F_HSC_1_val_1_bismark_bt2_pe.bismark.cov.gz
File,,,GSE276335,,294318601,09/03/2024 12:02:11,COV,,,,,GSM8496692_Y3_F_HSC_1_val_1_bismark_bt2_pe.bismark.cov.gz,https://ftp.ncbi.nlm.nih.gov/geo/series/GSE276nnn/GSE276335/suppl/GSM8496692_Y3_F_HSC_1_val_1_bismark_bt2_pe.bismark.cov.gz
File,,,GSE276335,,277129644,09/03/2024 17:03:39,COV,,,,,GSM8496693_O1_F_HSC_1_val_1_bismark_bt2_pe.bismark.cov.gz,https://ftp.ncbi.nlm.nih.gov/geo/series/GSE276nnn/GSE276335/suppl/GSM8496693_O1_F_HSC_1_val_1_bismark_bt2_pe.bismark.cov.gz
File,,,GSE276335,,272695019,09/03/2024 16:59:29,COV,,,,,GSM8496694_O4_F_HSC_1_val_1_bismark_bt2_pe.bismark.cov.gz,https://ftp.ncbi.nlm.nih.gov/geo/series/GSE276nnn/GSE276335/suppl/GSM8496694_O4_F_HSC_1_val_1_bismark_bt2_pe.bismark.cov.gz
File,,,GSE276335,,282672,09/04/2024 13:02:43,TXT,,,,,GSM8496695_fc_KO_O1_S1_R1_001.txt.gz,https://ftp.ncbi.nlm.nih.gov/geo/series/GSE276nnn/GSE276335/suppl/GSM8496695_fc_KO_O1_S1_R1_001.txt.gz
File,,,GSE276335,,278186,09/04/2024 13:02:43,TXT,,,,,GSM8496696_fc_KO_O2_S2_R1_001.txt.gz,https://ftp.ncbi.nlm.nih.gov/geo/series/GSE276nnn/GSE276335/suppl/GSM8496696_fc_KO_O2_S2_R1_001.txt.gz
File,,,GSE276335,,278700,09/04/2024 13:02:43,TXT,,,,,GSM8496697_fc_KO_O3_S3_R1_001.txt.gz,https://ftp.ncbi.nlm.nih.gov/geo/series/GSE276nnn/GSE276335/suppl/GSM8496697_fc_KO_O3_S3_R1_001.txt.gz
File,,,GSE276335,,259567,09/04/2024 13:02:43,TXT,,,,,GSM8496698_fc_KO_Y1_S4_R1_001.txt.gz,https://ftp.ncbi.nlm.nih.gov/geo/series/GSE276nnn/GSE276335/suppl/GSM8496698_fc_KO_Y1_S4_R1_001.txt.gz
File,,,GSE276335,,278146,09/04/2024 13:02:43,TXT,,,,,GSM8496699_fc_KO_Y2_S5_R1_001.txt.gz,https://ftp.ncbi.nlm.nih.gov/geo/series/GSE276nnn/GSE276335/suppl/GSM8496699_fc_KO_Y2_S5_R1_001.txt.gz
File,,,GSE276335,,270083,09/04/2024 13:02:43,TXT,,,,,GSM8496700_fc_KO_Y3_S6_R1_001.txt.gz,https://ftp.ncbi.nlm.nih.gov/geo/series/GSE276nnn/GSE276335/suppl/GSM8496700_fc_KO_Y3_S6_R1_001.txt.gz
File,,,GSE276335,,271008,09/04/2024 13:02:43,TXT,,,,,GSM8496701_fc_KO_Y4_S7_R1_001.txt.gz,https://ftp.ncbi.nlm.nih.gov/geo/series/GSE276nnn/GSE276335/suppl/GSM8496701_fc_KO_Y4_S7_R1_001.txt.gz
File,,,GSE276335,,272604,09/04/2024 13:02:44,TXT,,,,,GSM8496702_fc_WT_Y1_S8_R1_001.txt.gz,https://ftp.ncbi.nlm.nih.gov/geo/series/GSE276nnn/GSE276335/suppl/GSM8496702_fc_WT_Y1_S8_R1_001.txt.gz
File,,,GSE276335,,269036,09/04/2024 13:02:44,TXT,,,,,GSM8496703_fc_WT_Y2_S9_R1_001.txt.gz,https://ftp.ncbi.nlm.nih.gov/geo/series/GSE276nnn/GSE276335/suppl/GSM8496703_fc_WT_Y2_S9_R1_001.txt.gz
File,,,GSE276335,,274769,09/04/2024 13:02:44,TXT,,,,,GSM8496704_fc_WT_Y3_S10_R1_001.txt.gz,https://ftp.ncbi.nlm.nih.gov/geo/series/GSE276nnn/GSE276335/suppl/GSM8496704_fc_WT_Y3_S10_R1_001.txt.gz
File,,,GSE276335,,276883,09/04/2024 13:02:44,TXT,,,,,GSM8496705_fc_WT_Y4_S11_R1_001.txt.gz,https://ftp.ncbi.nlm.nih.gov/geo/series/GSE276nnn/GSE276335/suppl/GSM8496705_fc_WT_Y4_S11_R1_001.txt.gz
File,,,GSE276335,,277640,09/04/2024 13:02:44,TXT,,,,,GSM8496706_fc_IB15_1_KO_O4_S1_R1_001.txt.gz,https://ftp.ncbi.nlm.nih.gov/geo/series/GSE276nnn/GSE276335/suppl/GSM8496706_fc_IB15_1_KO_O4_S1_R1_001.txt.gz
File,,,GSE276335,,274596,09/04/2024 13:02:44,TXT,,,,,GSM8496707_fc_IB15_2_KO_O5_S2_R1_001.txt.gz,https://ftp.ncbi.nlm.nih.gov/geo/series/GSE276nnn/GSE276335/suppl/GSM8496707_fc_IB15_2_KO_O5_S2_R1_001.txt.gz
File,,,GSE276335,,272663,09/04/2024 13:02:44,TXT,,,,,GSM8496708_fc_IB15_3_WT_O1_S3_R1_001.txt.gz,https://ftp.ncbi.nlm.nih.gov/geo/series/GSE276nnn/GSE276335/suppl/GSM8496708_fc_IB15_3_WT_O1_S3_R1_001.txt.gz
File,,,GSE276335,,273087,09/04/2024 13:02:44,TXT,,,,,GSM8496709_fc_IB15_4_WT_O2_S4_R1_001.txt.gz,https://ftp.ncbi.nlm.nih.gov/geo/series/GSE276nnn/GSE276335/suppl/GSM8496709_fc_IB15_4_WT_O2_S4_R1_001.txt.gz
File,,,GSE276335,,271962,09/04/2024 13:02:44,TXT,,,,,GSM8496710_fc_IB15_5_WT_O3_S5_R1_001.txt.gz,https://ftp.ncbi.nlm.nih.gov/geo/series/GSE276nnn/GSE276335/suppl/GSM8496710_fc_IB15_5_WT_O3_S5_R1_001.txt.gz
File,,,GSE276335,,276025,09/04/2024 13:02:44,TXT,,,,,GSM8496711_fc_IB15_6_WT_O4_S6_R1_001.txt.gz,https://ftp.ncbi.nlm.nih.gov/geo/series/GSE276nnn/GSE276335/suppl/GSM8496711_fc_IB15_6_WT_O4_S6_R1_001.txt.gz
File,,,GSE276335,,271557,09/04/2024 13:02:44,TXT,,,,,GSM8496712_fc_IB15_7_KO_O6_S7_R1_001.txt.gz,https://ftp.ncbi.nlm.nih.gov/geo/series/GSE276nnn/GSE276335/suppl/GSM8496712_fc_IB15_7_KO_O6_S7_R1_001.txt.gz
File,,,GSE276335,,270188,09/04/2024 13:02:44,TXT,,,,,GSM8496713_fc_IB15_8_KO_O7_S8_R1_001.txt.gz,https://ftp.ncbi.nlm.nih.gov/geo/series/GSE276nnn/GSE276335/suppl/GSM8496713_fc_IB15_8_KO_O7_S8_R1_001.txt.gz
Archive,True,application/x-tar,GSE286302,,6347182080,03/09/2026 00:19:58,TAR,,200,"Mon, 09 Mar 2026 04:19:58 GMT",6347182080,GSE286302_RAW.tar,https://ftp.ncbi.nlm.nih.gov/geo/series/GSE286nnn/GSE286302/suppl/GSE286302_RAW.tar
File,,,GSE286302,,34647489,01/09/2025 00:43:02,COV,,,,,GSM8723111_liver_Young1.bismark.cov.gz,https://ftp.ncbi.nlm.nih.gov/geo/series/GSE286nnn/GSE286302/suppl/GSM8723111_liver_Young1.bismark.cov.gz
File,,,GSE286302,,40064834,01/09/2025 01:21:09,COV,,,,,GSM8723112_liver_Young2.bismark.cov.gz,https://ftp.ncbi.nlm.nih.gov/geo/series/GSE286nnn/GSE286302/suppl/GSM8723112_liver_Young2.bismark.cov.gz
File,,,GSE286302,,194620717,01/09/2025 02:08:22,COV,,,,,GSM8723113_liver_Young3.bismark.cov.gz,https://ftp.ncbi.nlm.nih.gov/geo/series/GSE286nnn/GSE286302/suppl/GSM8723113_liver_Young3.bismark.cov.gz
File,,,GSE286302,,163668295,01/09/2025 02:41:49,COV,,,,,GSM8723114_liver_Young4.bismark.cov.gz,https://ftp.ncbi.nlm.nih.gov/geo/series/GSE286nnn/GSE286302/suppl/GSM8723114_liver_Young4.bismark.cov.gz
File,,,GSE286302,,34285385,01/08/2025 22:32:43,COV,,,,,GSM8723115_liver_Aged_Vehicle1.bismark.cov.gz,https://ftp.ncbi.nlm.nih.gov/geo/series/GSE286nnn/GSE286302/suppl/GSM8723115_liver_Aged_Vehicle1.bismark.cov.gz
File,,,GSE286302,,34679837,01/08/2025 23:09:34,COV,,,,,GSM8723116_liver_Aged_Vehicle2.bismark.cov.gz,https://ftp.ncbi.nlm.nih.gov/geo/series/GSE286nnn/GSE286302/suppl/GSM8723116_liver_Aged_Vehicle2.bismark.cov.gz
File,,,GSE286302,,155909777,01/08/2025 23:56:49,COV,,,,,GSM8723117_liver_Aged_Vehicle3.bismark.cov.gz,https://ftp.ncbi.nlm.nih.gov/geo/series/GSE286nnn/GSE286302/suppl/GSM8723117_liver_Aged_Vehicle3.bismark.cov.gz
File,,,GSE286302,,157632688,01/09/2025 00:20:49,COV,,,,,GSM8723118_liver_Aged_Vehicle4.bismark.cov.gz,https://ftp.ncbi.nlm.nih.gov/geo/series/GSE286nnn/GSE286302/suppl/GSM8723118_liver_Aged_Vehicle4.bismark.cov.gz
File,,,GSE286302,,31021342,01/08/2025 20:40:24,COV,,,,,GSM8723119_liver_Aged_3dA1.bismark.cov.gz,https://ftp.ncbi.nlm.nih.gov/geo/series/GSE286nnn/GSE286302/suppl/GSM8723119_liver_Aged_3dA1.bismark.cov.gz
File,,,GSE286302,,27675962,01/08/2025 21:19:17,COV,,,,,GSM8723120_liver_Aged_3dA2.bismark.cov.gz,https://ftp.ncbi.nlm.nih.gov/geo/series/GSE286nnn/GSE286302/suppl/GSM8723120_liver_Aged_3dA2.bismark.cov.gz
File,,,GSE286302,,172632579,01/08/2025 21:45:46,COV,,,,,GSM8723121_liver_Aged_3dA3.bismark.cov.gz,https://ftp.ncbi.nlm.nih.gov/geo/series/GSE286nnn/GSE286302/suppl/GSM8723121_liver_Aged_3dA3.bismark.cov.gz
File,,,GSE286302,,186541977,01/08/2025 22:09:16,COV,,,,,GSM8723122_liver_Aged_3dA4.bismark.cov.gz,https://ftp.ncbi.nlm.nih.gov/geo/series/GSE286nnn/GSE286302/suppl/GSM8723122_liver_Aged_3dA4.bismark.cov.gz
File,,,GSE286302,,132007125,01/08/2025 04:21:06,COV,,,,,GSM8723123_S1-Liver.bismark.cov.gz,https://ftp.ncbi.nlm.nih.gov/geo/series/GSE286nnn/GSE286302/suppl/GSM8723123_S1-Liver.bismark.cov.gz
File,,,GSE286302,,151509970,01/08/2025 04:22:45,COV,,,,,GSM8723124_S11-Liver.bismark.cov.gz,https://ftp.ncbi.nlm.nih.gov/geo/series/GSE286nnn/GSE286302/suppl/GSM8723124_S11-Liver.bismark.cov.gz
File,,,GSE286302,,147982185,01/08/2025 04:24:21,COV,,,,,GSM8723125_S12-Liver.bismark.cov.gz,https://ftp.ncbi.nlm.nih.gov/geo/series/GSE286nnn/GSE286302/suppl/GSM8723125_S12-Liver.bismark.cov.gz
File,,,GSE286302,,141177365,01/08/2025 03:42:56,COV,,,,,GSM8723126_C1-Liver.bismark.cov.gz,https://ftp.ncbi.nlm.nih.gov/geo/series/GSE286nnn/GSE286302/suppl/GSM8723126_C1-Liver.bismark.cov.gz
File,,,GSE286302,,140610746,01/08/2025 03:45:34,COV,,,,,GSM8723127_C2-Liver.bismark.cov.gz,https://ftp.ncbi.nlm.nih.gov/geo/series/GSE286nnn/GSE286302/suppl/GSM8723127_C2-Liver.bismark.cov.gz
File,,,GSE286302,,155755601,01/08/2025 03:47:10,COV,,,,,GSM8723128_C3-Liver.bismark.cov.gz,https://ftp.ncbi.nlm.nih.gov/geo/series/GSE286nnn/GSE286302/suppl/GSM8723128_C3-Liver.bismark.cov.gz
File,,,GSE286302,,137912333,01/08/2025 03:49:26,COV,,,,,GSM8723129_C6-Liver.bismark.cov.gz,https://ftp.ncbi.nlm.nih.gov/geo/series/GSE286nnn/GSE286302/suppl/GSM8723129_C6-Liver.bismark.cov.gz
File,,,GSE286302,,108310514,01/08/2025 04:17:04,COV,,,,,GSM8723130_GY3M.bismark.cov.gz,https://ftp.ncbi.nlm.nih.gov/geo/series/GSE286nnn/GSE286302/suppl/GSM8723130_GY3M.bismark.cov.gz
File,,,GSE286302,,122134429,01/08/2025 04:18:50,COV,,,,,GSM8723131_GY4M.bismark.cov.gz,https://ftp.ncbi.nlm.nih.gov/geo/series/GSE286nnn/GSE286302/suppl/GSM8723131_GY4M.bismark.cov.gz
File,,,GSE286302,,120189201,01/08/2025 04:19:32,COV,,,,,GSM8723132_GY5M.bismark.cov.gz,https://ftp.ncbi.nlm.nih.gov/geo/series/GSE286nnn/GSE286302/suppl/GSM8723132_GY5M.bismark.cov.gz
File,,,GSE286302,,132299976,01/08/2025 04:20:19,COV,,,,,GSM8723133_GY6M.bismark.cov.gz,https://ftp.ncbi.nlm.nih.gov/geo/series/GSE286nnn/GSE286302/suppl/GSM8723133_GY6M.bismark.cov.gz
File,,,GSE286302,,134710550,01/08/2025 03:51:42,COV,,,,,GSM8723134_GA2M.bismark.cov.gz,https://ftp.ncbi.nlm.nih.gov/geo/series/GSE286nnn/GSE286302/suppl/GSM8723134_GA2M.bismark.cov.gz
File,,,GSE286302,,116584150,01/08/2025 03:52:43,COV,,,,,GSM8723135_GA3M.bismark.cov.gz,https://ftp.ncbi.nlm.nih.gov/geo/series/GSE286nnn/GSE286302/suppl/GSM8723135_GA3M.bismark.cov.gz
File,,,GSE286302,,218432829,01/08/2025 03:54:36,COV,,,,,GSM8723136_GA6M.bismark.cov.gz,https://ftp.ncbi.nlm.nih.gov/geo/series/GSE286nnn/GSE286302/suppl/GSM8723136_GA6M.bismark.cov.gz
File,,,GSE286302,,132646821,01/08/2025 03:57:22,COV,,,,,GSM8723137_GC1M.bismark.cov.gz,https://ftp.ncbi.nlm.nih.gov/geo/series/GSE286nnn/GSE286302/suppl/GSM8723137_GC1M.bismark.cov.gz
File,,,GSE286302,,169853975,01/08/2025 04:01:49,COV,,,,,GSM8723138_GC3M.bismark.cov.gz,https://ftp.ncbi.nlm.nih.gov/geo/series/GSE286nnn/GSE286302/suppl/GSM8723138_GC3M.bismark.cov.gz
File,,,GSE286302,,136827026,01/08/2025 04:04:25,COV,,,,,GSM8723139_GC4M.bismark.cov.gz,https://ftp.ncbi.nlm.nih.gov/geo/series/GSE286nnn/GSE286302/suppl/GSM8723139_GC4M.bismark.cov.gz
File,,,GSE286302,,119789369,01/08/2025 04:05:40,COV,,,,,GSM8723140_GC5M.bismark.cov.gz,https://ftp.ncbi.nlm.nih.gov/geo/series/GSE286nnn/GSE286302/suppl/GSM8723140_GC5M.bismark.cov.gz
File,,,GSE286302,,125226963,01/08/2025 04:21:51,COV,,,,,GSM8723141_S1-Muscle.bismark.cov.gz,https://ftp.ncbi.nlm.nih.gov/geo/series/GSE286nnn/GSE286302/suppl/GSM8723141_S1-Muscle.bismark.cov.gz
File,,,GSE286302,,135983475,01/08/2025 04:25:53,COV,,,,,GSM8723142_S2-Muscle.bismark.cov.gz,https://ftp.ncbi.nlm.nih.gov/geo/series/GSE286nnn/GSE286302/suppl/GSM8723142_S2-Muscle.bismark.cov.gz
File,,,GSE286302,,124300580,01/08/2025 04:23:29,COV,,,,,GSM8723143_S11-Muscle.bismark.cov.gz,https://ftp.ncbi.nlm.nih.gov/geo/series/GSE286nnn/GSE286302/suppl/GSM8723143_S11-Muscle.bismark.cov.gz
File,,,GSE286302,,121996303,01/08/2025 04:25:05,COV,,,,,GSM8723144_S13-Muscle.bismark.cov.gz,https://ftp.ncbi.nlm.nih.gov/geo/series/GSE286nnn/GSE286302/suppl/GSM8723144_S13-Muscle.bismark.cov.gz
File,,,GSE286302,,121589173,01/08/2025 03:43:53,COV,,,,,GSM8723145_C1-Muscle.bismark.cov.gz,https://ftp.ncbi.nlm.nih.gov/geo/series/GSE286nnn/GSE286302/suppl/GSM8723145_C1-Muscle.bismark.cov.gz
File,,,GSE286302,,122065011,01/08/2025 03:48:18,COV,,,,,GSM8723146_C5-Muscle.bismark.cov.gz,https://ftp.ncbi.nlm.nih.gov/geo/series/GSE286nnn/GSE286302/suppl/GSM8723146_C5-Muscle.bismark.cov.gz
File,,,GSE286302,,121745317,01/08/2025 03:50:31,COV,,,,,GSM8723147_C6-Muscle.bismark.cov.gz,https://ftp.ncbi.nlm.nih.gov/geo/series/GSE286nnn/GSE286302/suppl/GSM8723147_C6-Muscle.bismark.cov.gz
File,,,GSE286302,,137767852,01/08/2025 04:12:54,COV,,,,,GSM8723148_GY1L.bismark.cov.gz,https://ftp.ncbi.nlm.nih.gov/geo/series/GSE286nnn/GSE286302/suppl/GSM8723148_GY1L.bismark.cov.gz
File,,,GSE286302,,140235700,01/08/2025 04:14:20,COV,,,,,GSM8723149_GY2L.bismark.cov.gz,https://ftp.ncbi.nlm.nih.gov/geo/series/GSE286nnn/GSE286302/suppl/GSM8723149_GY2L.bismark.cov.gz
File,,,GSE286302,,153500768,01/08/2025 04:15:50,COV,,,,,GSM8723150_GY3L.bismark.cov.gz,https://ftp.ncbi.nlm.nih.gov/geo/series/GSE286nnn/GSE286302/suppl/GSM8723150_GY3L.bismark.cov.gz
File,,,GSE286302,,147892219,01/08/2025 04:18:07,COV,,,,,GSM8723151_GY4L.bismark.cov.gz,https://ftp.ncbi.nlm.nih.gov/geo/series/GSE286nnn/GSE286302/suppl/GSM8723151_GY4L.bismark.cov.gz
File,,,GSE286302,,138797531,01/08/2025 04:11:27,COV,,,,,GSM8723152_GV3L.bismark.cov.gz,https://ftp.ncbi.nlm.nih.gov/geo/series/GSE286nnn/GSE286302/suppl/GSM8723152_GV3L.bismark.cov.gz
File,,,GSE286302,,138454069,01/08/2025 04:06:58,COV,,,,,GSM8723153_GV11L.bismark.cov.gz,https://ftp.ncbi.nlm.nih.gov/geo/series/GSE286nnn/GSE286302/suppl/GSM8723153_GV11L.bismark.cov.gz
File,,,GSE286302,,136062150,01/08/2025 04:08:40,COV,,,,,GSM8723154_GV21L.bismark.cov.gz,https://ftp.ncbi.nlm.nih.gov/geo/series/GSE286nnn/GSE286302/suppl/GSM8723154_GV21L.bismark.cov.gz
File,,,GSE286302,,160816204,01/08/2025 04:10:08,COV,,,,,GSM8723155_GV31L.bismark.cov.gz,https://ftp.ncbi.nlm.nih.gov/geo/series/GSE286nnn/GSE286302/suppl/GSM8723155_GV31L.bismark.cov.gz
File,,,GSE286302,,145080541,01/08/2025 04:00:05,COV,,,,,GSM8723156_GC3L.bismark.cov.gz,https://ftp.ncbi.nlm.nih.gov/geo/series/GSE286nnn/GSE286302/suppl/GSM8723156_GC3L.bismark.cov.gz
File,,,GSE286302,,140435785,01/08/2025 04:02:57,COV,,,,,GSM8723157_GC4L.bismark.cov.gz,https://ftp.ncbi.nlm.nih.gov/geo/series/GSE286nnn/GSE286302/suppl/GSM8723157_GC4L.bismark.cov.gz
File,,,GSE286302,,148139470,01/08/2025 03:56:06,COV,,,,,GSM8723158_GC11L.bismark.cov.gz,https://ftp.ncbi.nlm.nih.gov/geo/series/GSE286nnn/GSE286302/suppl/GSM8723158_GC11L.bismark.cov.gz
File,,,GSE286302,,134938039,01/08/2025 03:58:43,COV,,,,,GSM8723159_GC31L.bismark.cov.gz,https://ftp.ncbi.nlm.nih.gov/geo/series/GSE286nnn/GSE286302/suppl/GSM8723159_GC31L.bismark.cov.gz
Archive,True,application/x-tar,GSE295059,,5126604800,06/02/2025 00:21:27,TAR,,200,"Mon, 02 Jun 2025 04:21:27 GMT",5126604800,GSE295059_RAW.tar,https://ftp.ncbi.nlm.nih.gov/geo/series/GSE295nnn/GSE295059/suppl/GSE295059_RAW.tar
File,,,GSE295059,,87975255,10/12/2023 22:54:13,COV,,,,,GSM8941285_D1_283_sL_1_val_1_bismark_bt2_pe.bismark.cov.gz,https://ftp.ncbi.nlm.nih.gov/geo/series/GSE295nnn/GSE295059/suppl/GSM8941285_D1_283_sL_1_val_1_bismark_bt2_pe.bismark.cov.gz
File,,,GSE295059,,76067228,10/12/2023 22:53:27,COV,,,,,GSM8941286_D1_285_sL_1_val_1_bismark_bt2_pe.bismark.cov.gz,https://ftp.ncbi.nlm.nih.gov/geo/series/GSE295nnn/GSE295059/suppl/GSM8941286_D1_285_sL_1_val_1_bismark_bt2_pe.bismark.cov.gz
File,,,GSE295059,,105582102,10/12/2023 22:52:31,COV,,,,,GSM8941287_D1P1_283_sL_1_val_1_bismark_bt2_pe.bismark.cov.gz,https://ftp.ncbi.nlm.nih.gov/geo/series/GSE295nnn/GSE295059/suppl/GSM8941287_D1P1_283_sL_1_val_1_bismark_bt2_pe.bismark.cov.gz
File,,,GSE295059,,91269314,10/12/2023 22:53:40,COV,,,,,GSM8941288_D1P1_285_sL_1_val_1_bismark_bt2_pe.bismark.cov.gz,https://ftp.ncbi.nlm.nih.gov/geo/series/GSE295nnn/GSE295059/suppl/GSM8941288_D1P1_285_sL_1_val_1_bismark_bt2_pe.bismark.cov.gz
File,,,GSE295059,,93749634,10/12/2023 22:51:54,COV,,,,,GSM8941289_D1P2_283_sL_1_val_1_bismark_bt2_pe.bismark.cov.gz,https://ftp.ncbi.nlm.nih.gov/geo/series/GSE295nnn/GSE295059/suppl/GSM8941289_D1P2_283_sL_1_val_1_bismark_bt2_pe.bismark.cov.gz
File,,,GSE295059,,83350586,10/12/2023 22:54:17,COV,,,,,GSM8941290_D1P2_285_sL_1_val_1_bismark_bt2_pe.bismark.cov.gz,https://ftp.ncbi.nlm.nih.gov/geo/series/GSE295nnn/GSE295059/suppl/GSM8941290_D1P2_285_sL_1_val_1_bismark_bt2_pe.bismark.cov.gz
File,,,GSE295059,,94544938,01/10/2024 14:48:54,COV,,,,,GSM8941291_D3P2M283_sL_1_val_1_bismark_bt2_pe.bismark.cov.gz,https://ftp.ncbi.nlm.nih.gov/geo/series/GSE295nnn/GSE295059/suppl/GSM8941291_D3P2M283_sL_1_val_1_bismark_bt2_pe.bismark.cov.gz
File,,,GSE295059,,94982707,01/10/2024 14:49:04,COV,,,,,GSM8941292_D3P2M285_sL_1_val_1_bismark_bt2_pe.bismark.cov.gz,https://ftp.ncbi.nlm.nih.gov/geo/series/GSE295nnn/GSE295059/suppl/GSM8941292_D3P2M285_sL_1_val_1_bismark_bt2_pe.bismark.cov.gz
File,,,GSE295059,,74251302,10/12/2023 22:51:57,COV,,,,,GSM8941293_D4_283_sL_1_val_1_bismark_bt2_pe.bismark.cov.gz,https://ftp.ncbi.nlm.nih.gov/geo/series/GSE295nnn/GSE295059/suppl/GSM8941293_D4_283_sL_1_val_1_bismark_bt2_pe.bismark.cov.gz
File,,,GSE295059,,84944933,10/12/2023 22:51:52,COV,,,,,GSM8941294_D4_285_sL_1_val_1_bismark_bt2_pe.bismark.cov.gz,https://ftp.ncbi.nlm.nih.gov/geo/series/GSE295nnn/GSE295059/suppl/GSM8941294_D4_285_sL_1_val_1_bismark_bt2_pe.bismark.cov.gz
File,,,GSE295059,,89643696,10/12/2023 22:52:37,COV,,,,,GSM8941295_D4P1_283_sL_1_val_1_bismark_bt2_pe.bismark.cov.gz,https://ftp.ncbi.nlm.nih.gov/geo/series/GSE295nnn/GSE295059/suppl/GSM8941295_D4P1_283_sL_1_val_1_bismark_bt2_pe.bismark.cov.gz
File,,,GSE295059,,84463163,10/12/2023 22:53:14,COV,,,,,GSM8941296_D4P1_285_sL_1_val_1_bismark_bt2_pe.bismark.cov.gz,https://ftp.ncbi.nlm.nih.gov/geo/series/GSE295nnn/GSE295059/suppl/GSM8941296_D4P1_285_sL_1_val_1_bismark_bt2_pe.bismark.cov.gz
File,,,GSE295059,,75631349,10/12/2023 22:52:46,COV,,,,,GSM8941297_D4P2_283_sL_1_val_1_bismark_bt2_pe.bismark.cov.gz,https://ftp.ncbi.nlm.nih.gov/geo/series/GSE295nnn/GSE295059/suppl/GSM8941297_D4P2_283_sL_1_val_1_bismark_bt2_pe.bismark.cov.gz
File,,,GSE295059,,81188982,10/12/2023 22:52:55,COV,,,,,GSM8941298_D4P2_285_sL_1_val_1_bismark_bt2_pe.bismark.cov.gz,https://ftp.ncbi.nlm.nih.gov/geo/series/GSE295nnn/GSE295059/suppl/GSM8941298_D4P2_285_sL_1_val_1_bismark_bt2_pe.bismark.cov.gz
File,,,GSE295059,,77960383,10/02/2024 12:44:27,COV,,,,,GSM8941299_Org_USI_P0_283_sL_1_val_1_bismark_bt2_pe.bismark.cov.gz,https://ftp.ncbi.nlm.nih.gov/geo/series/GSE295nnn/GSE295059/suppl/GSM8941299_Org_USI_P0_283_sL_1_val_1_bismark_bt2_pe.bismark.cov.gz
File,,,GSE295059,,121364755,10/02/2024 16:15:32,COV,,,,,GSM8941300_Org_USI_P0_283_1_sL_1_val_1_bismark_bt2_pe.bismark.cov.gz,https://ftp.ncbi.nlm.nih.gov/geo/series/GSE295nnn/GSE295059/suppl/GSM8941300_Org_USI_P0_283_1_sL_1_val_1_bismark_bt2_pe.bismark.cov.gz
File,,,GSE295059,,81608950,09/14/2024 14:54:33,COV,,,,,GSM8941301_Org_USI_P25_283_1_sL_1_val_1_bismark_bt2_pe.bismark.cov.gz,https://ftp.ncbi.nlm.nih.gov/geo/series/GSE295nnn/GSE295059/suppl/GSM8941301_Org_USI_P25_283_1_sL_1_val_1_bismark_bt2_pe.bismark.cov.gz
File,,,GSE295059,,78474883,10/02/2024 16:02:24,COV,,,,,GSM8941302_Org_USI_P25_283_sL_1_val_1_bismark_bt2_pe.bismark.cov.gz,https://ftp.ncbi.nlm.nih.gov/geo/series/GSE295nnn/GSE295059/suppl/GSM8941302_Org_USI_P25_283_sL_1_val_1_bismark_bt2_pe.bismark.cov.gz
File,,,GSE295059,,51741922,10/02/2024 11:04:19,COV,,,,,GSM8941303_Org_USI_P0_285_1_sL_1_val_1_bismark_bt2_pe.bismark.cov.gz,https://ftp.ncbi.nlm.nih.gov/geo/series/GSE295nnn/GSE295059/suppl/GSM8941303_Org_USI_P0_285_1_sL_1_val_1_bismark_bt2_pe.bismark.cov.gz
File,,,GSE295059,,30399233,10/02/2024 13:52:52,COV,,,,,GSM8941304_Org_USI_P0_285_sL_1_val_1_bismark_bt2_pe.bismark.cov.gz,https://ftp.ncbi.nlm.nih.gov/geo/series/GSE295nnn/GSE295059/suppl/GSM8941304_Org_USI_P0_285_sL_1_val_1_bismark_bt2_pe.bismark.cov.gz
File,,,GSE295059,,96456464,10/02/2024 15:08:52,COV,,,,,GSM8941305_Org_USI_P25_285_1_sL_1_val_1_bismark_bt2_pe.bismark.cov.gz,https://ftp.ncbi.nlm.nih.gov/geo/series/GSE295nnn/GSE295059/suppl/GSM8941305_Org_USI_P25_285_1_sL_1_val_1_bismark_bt2_pe.bismark.cov.gz
File,,,GSE295059,,37391749,09/14/2024 14:19:27,COV,,,,,GSM8941306_Org_USI_P25_285_sL_1_val_1_bismark_bt2_pe.bismark.cov.gz,https://ftp.ncbi.nlm.nih.gov/geo/series/GSE295nnn/GSE295059/suppl/GSM8941306_Org_USI_P25_285_sL_1_val_1_bismark_bt2_pe.bismark.cov.gz
File,,,GSE295059,,51196410,09/14/2024 14:36:43,COV,,,,,GSM8941307_Org_COL_24mo_14p_sL_1_val_1_bismark_bt2_pe.bismark.cov.gz,https://ftp.ncbi.nlm.nih.gov/geo/series/GSE295nnn/GSE295059/suppl/GSM8941307_Org_COL_24mo_14p_sL_1_val_1_bismark_bt2_pe.bismark.cov.gz
File,,,GSE295059,,33470603,09/14/2024 15:22:08,COV,,,,,GSM8941308_Org_COL_24mo_3p_sL_1_val_1_bismark_bt2_pe.bismark.cov.gz,https://ftp.ncbi.nlm.nih.gov/geo/series/GSE295nnn/GSE295059/suppl/GSM8941308_Org_COL_24mo_3p_sL_1_val_1_bismark_bt2_pe.bismark.cov.gz
File,,,GSE295059,,48742761,10/02/2024 13:20:43,COV,,,,,GSM8941309_Org_LSI_24mo_14p_sL_1_val_1_bismark_bt2_pe.bismark.cov.gz,https://ftp.ncbi.nlm.nih.gov/geo/series/GSE295nnn/GSE295059/suppl/GSM8941309_Org_LSI_24mo_14p_sL_1_val_1_bismark_bt2_pe.bismark.cov.gz
File,,,GSE295059,,61266426,10/02/2024 13:47:10,COV,,,,,GSM8941310_Org_LSI_24mo_3p_sL_1_val_1_bismark_bt2_pe.bismark.cov.gz,https://ftp.ncbi.nlm.nih.gov/geo/series/GSE295nnn/GSE295059/suppl/GSM8941310_Org_LSI_24mo_3p_sL_1_val_1_bismark_bt2_pe.bismark.cov.gz
File,,,GSE295059,,22052463,09/04/2019 06:15:18,COV,,,,,GSM8941311_OCorg3P_concat_trimmed_bismark_bt2.bismark.cov.gz,https://ftp.ncbi.nlm.nih.gov/geo/series/GSE295nnn/GSE295059/suppl/GSM8941311_OCorg3P_concat_trimmed_bismark_bt2.bismark.cov.gz
File,,,GSE295059,,42749507,09/04/2019 08:37:17,COV,,,,,GSM8941312_YCorg3p_concat_trimmed_bismark_bt2.bismark.cov.gz,https://ftp.ncbi.nlm.nih.gov/geo/series/GSE295nnn/GSE295059/suppl/GSM8941312_YCorg3p_concat_trimmed_bismark_bt2.bismark.cov.gz
File,,,GSE295059,,43977573,09/04/2019 07:09:05,COV,,,,,GSM8941313_OLorg3p_concat_trimmed_bismark_bt2.bismark.cov.gz,https://ftp.ncbi.nlm.nih.gov/geo/series/GSE295nnn/GSE295059/suppl/GSM8941313_OLorg3p_concat_trimmed_bismark_bt2.bismark.cov.gz
File,,,GSE295059,,35781399,09/04/2019 09:15:25,COV,,,,,GSM8941314_YLorg3p_concat_trimmed_bismark_bt2.bismark.cov.gz,https://ftp.ncbi.nlm.nih.gov/geo/series/GSE295nnn/GSE295059/suppl/GSM8941314_YLorg3p_concat_trimmed_bismark_bt2.bismark.cov.gz
File,,,GSE295059,,37689400,09/04/2019 07:49:59,COV,,,,,GSM8941315_OUorg3p_concat_trimmed_bismark_bt2.bismark.cov.gz,https://ftp.ncbi.nlm.nih.gov/geo/series/GSE295nnn/GSE295059/suppl/GSM8941315_OUorg3p_concat_trimmed_bismark_bt2.bismark.cov.gz
File,,,GSE295059,,31261680,09/04/2019 09:45:32,COV,,,,,GSM8941316_YUorg3p_concat_trimmed_bismark_bt2.bismark.cov.gz,https://ftp.ncbi.nlm.nih.gov/geo/series/GSE295nnn/GSE295059/suppl/GSM8941316_YUorg3p_concat_trimmed_bismark_bt2.bismark.cov.gz
File,,,GSE295059,,50329499,10/02/2024 10:54:00,COV,,,,,GSM8941317_Org_USI_24mo_14p_sL_1_val_1_bismark_bt2_pe.bismark.cov.gz,https://ftp.ncbi.nlm.nih.gov/geo/series/GSE295nnn/GSE295059/suppl/GSM8941317_Org_USI_24mo_14p_sL_1_val_1_bismark_bt2_pe.bismark.cov.gz
File,,,GSE295059,,53443320,10/02/2024 14:12:48,COV,,,,,GSM8941318_Org_USI_24mo_3p_sL_1_val_1_bismark_bt2_pe.bismark.cov.gz,https://ftp.ncbi.nlm.nih.gov/geo/series/GSE295nnn/GSE295059/suppl/GSM8941318_Org_USI_24mo_3p_sL_1_val_1_bismark_bt2_pe.bismark.cov.gz
File,,,GSE295059,,94141816,09/14/2024 15:15:47,COV,,,,,GSM8941319_Org_USI_P0_24mo_1_sL_1_val_1_bismark_bt2_pe.bismark.cov.gz,https://ftp.ncbi.nlm.nih.gov/geo/series/GSE295nnn/GSE295059/suppl/GSM8941319_Org_USI_P0_24mo_1_sL_1_val_1_bismark_bt2_pe.bismark.cov.gz
File,,,GSE295059,,56183110,10/02/2024 10:59:03,COV,,,,,GSM8941320_Org_USI_P0_24mo_sL_1_val_1_bismark_bt2_pe.bismark.cov.gz,https://ftp.ncbi.nlm.nih.gov/geo/series/GSE295nnn/GSE295059/suppl/GSM8941320_Org_USI_P0_24mo_sL_1_val_1_bismark_bt2_pe.bismark.cov.gz
File,,,GSE295059,,76073569,10/02/2024 12:47:09,COV,,,,,GSM8941321_Org_USI_P0_4mo_1_sL_1_val_1_bismark_bt2_pe.bismark.cov.gz,https://ftp.ncbi.nlm.nih.gov/geo/series/GSE295nnn/GSE295059/suppl/GSM8941321_Org_USI_P0_4mo_1_sL_1_val_1_bismark_bt2_pe.bismark.cov.gz
File,,,GSE295059,,70047928,10/02/2024 15:00:07,COV,,,,,GSM8941322_Org_USI_P0_4mo_sL_1_val_1_bismark_bt2_pe.bismark.cov.gz,https://ftp.ncbi.nlm.nih.gov/geo/series/GSE295nnn/GSE295059/suppl/GSM8941322_Org_USI_P0_4mo_sL_1_val_1_bismark_bt2_pe.bismark.cov.gz
File,,,GSE295059,,97824554,01/10/2024 14:49:23,COV,,,,,GSM8941323_P11CT283_sL_1_val_1_bismark_bt2_pe.bismark.cov.gz,https://ftp.ncbi.nlm.nih.gov/geo/series/GSE295nnn/GSE295059/suppl/GSM8941323_P11CT283_sL_1_val_1_bismark_bt2_pe.bismark.cov.gz
File,,,GSE295059,,99480822,01/10/2024 14:49:32,COV,,,,,GSM8941324_P11CT285_sL_1_val_1_bismark_bt2_pe.bismark.cov.gz,https://ftp.ncbi.nlm.nih.gov/geo/series/GSE295nnn/GSE295059/suppl/GSM8941324_P11CT285_sL_1_val_1_bismark_bt2_pe.bismark.cov.gz
File,,,GSE295059,,94589404,10/12/2023 22:52:33,COV,,,,,GSM8941325_P12_283_ctrl_sL_1_val_1_bismark_bt2_pe.bismark.cov.gz,https://ftp.ncbi.nlm.nih.gov/geo/series/GSE295nnn/GSE295059/suppl/GSM8941325_P12_283_ctrl_sL_1_val_1_bismark_bt2_pe.bismark.cov.gz
File,,,GSE295059,,92536682,10/12/2023 22:54:24,COV,,,,,GSM8941326_P12_285_ctrl_sL_1_val_1_bismark_bt2_pe.bismark.cov.gz,https://ftp.ncbi.nlm.nih.gov/geo/series/GSE295nnn/GSE295059/suppl/GSM8941326_P12_285_ctrl_sL_1_val_1_bismark_bt2_pe.bismark.cov.gz
File,,,GSE295059,,93386769,10/12/2023 22:54:11,COV,,,,,GSM8941327_P13_283_ctrl_sL_1_val_1_bismark_bt2_pe.bismark.cov.gz,https://ftp.ncbi.nlm.nih.gov/geo/series/GSE295nnn/GSE295059/suppl/GSM8941327_P13_283_ctrl_sL_1_val_1_bismark_bt2_pe.bismark.cov.gz
File,,,GSE295059,,91146744,10/12/2023 22:52:57,COV,,,,,GSM8941328_P13_285_ctrl_sL_1_val_1_bismark_bt2_pe.bismark.cov.gz,https://ftp.ncbi.nlm.nih.gov/geo/series/GSE295nnn/GSE295059/suppl/GSM8941328_P13_285_ctrl_sL_1_val_1_bismark_bt2_pe.bismark.cov.gz
File,,,GSE295059,,67317908,10/12/2023 22:54:29,COV,,,,,GSM8941329_P14_24mo_sL_1_val_1_bismark_bt2_pe.bismark.cov.gz,https://ftp.ncbi.nlm.nih.gov/geo/series/GSE295nnn/GSE295059/suppl/GSM8941329_P14_24mo_sL_1_val_1_bismark_bt2_pe.bismark.cov.gz
File,,,GSE295059,,91957694,10/12/2023 22:52:47,COV,,,,,GSM8941330_P14_283_ctrl_sL_1_val_1_bismark_bt2_pe.bismark.cov.gz,https://ftp.ncbi.nlm.nih.gov/geo/series/GSE295nnn/GSE295059/suppl/GSM8941330_P14_283_ctrl_sL_1_val_1_bismark_bt2_pe.bismark.cov.gz
File,,,GSE295059,,85969258,10/12/2023 22:53:18,COV,,,,,GSM8941331_P14_285_ctrl_sL_1_val_1_bismark_bt2_pe.bismark.cov.gz,https://ftp.ncbi.nlm.nih.gov/geo/series/GSE295nnn/GSE295059/suppl/GSM8941331_P14_285_ctrl_sL_1_val_1_bismark_bt2_pe.bismark.cov.gz
File,,,GSE295059,,73299579,10/12/2023 22:51:47,COV,,,,,GSM8941332_P14_4mo_sL_1_val_1_bismark_bt2_pe.bismark.cov.gz,https://ftp.ncbi.nlm.nih.gov/geo/series/GSE295nnn/GSE295059/suppl/GSM8941332_P14_4mo_sL_1_val_1_bismark_bt2_pe.bismark.cov.gz
File,,,GSE295059,,83421861,10/12/2023 22:54:30,COV,,,,,GSM8941333_P25_24mo_sL_1_val_1_bismark_bt2_pe.bismark.cov.gz,https://ftp.ncbi.nlm.nih.gov/geo/series/GSE295nnn/GSE295059/suppl/GSM8941333_P25_24mo_sL_1_val_1_bismark_bt2_pe.bismark.cov.gz
File,,,GSE295059,,76241718,10/12/2023 22:52:53,COV,,,,,GSM8941334_P25_4mo_sL_1_val_1_bismark_bt2_pe.bismark.cov.gz,https://ftp.ncbi.nlm.nih.gov/geo/series/GSE295nnn/GSE295059/suppl/GSM8941334_P25_4mo_sL_1_val_1_bismark_bt2_pe.bismark.cov.gz
File,,,GSE295059,,87992488,10/02/2024 11:37:03,COV,,,,,GSM8941335_Org_USI_P28_24mo_1_sL_1_val_1_bismark_bt2_pe.bismark.cov.gz,https://ftp.ncbi.nlm.nih.gov/geo/series/GSE295nnn/GSE295059/suppl/GSM8941335_Org_USI_P28_24mo_1_sL_1_val_1_bismark_bt2_pe.bismark.cov.gz
File,,,GSE295059,,53313070,10/02/2024 11:41:28,COV,,,,,GSM8941336_Org_USI_P28_24mo_sL_1_val_1_bismark_bt2_pe.bismark.cov.gz,https://ftp.ncbi.nlm.nih.gov/geo/series/GSE295nnn/GSE295059/suppl/GSM8941336_Org_USI_P28_24mo_sL_1_val_1_bismark_bt2_pe.bismark.cov.gz
File,,,GSE295059,,81770948,10/12/2023 22:52:56,COV,,,,,GSM8941337_P28_283_24mo_sL_1_val_1_bismark_bt2_pe.bismark.cov.gz,https://ftp.ncbi.nlm.nih.gov/geo/series/GSE295nnn/GSE295059/suppl/GSM8941337_P28_283_24mo_sL_1_val_1_bismark_bt2_pe.bismark.cov.gz
File,,,GSE295059,,90935325,10/12/2023 22:54:19,COV,,,,,GSM8941338_P28_285_24mo_sL_1_val_1_bismark_bt2_pe.bismark.cov.gz,https://ftp.ncbi.nlm.nih.gov/geo/series/GSE295nnn/GSE295059/suppl/GSM8941338_P28_285_24mo_sL_1_val_1_bismark_bt2_pe.bismark.cov.gz
File,,,GSE295059,,81829236,10/02/2024 15:06:52,COV,,,,,GSM8941339_Org_USI_P28_4mo_1_sL_1_val_1_bismark_bt2_pe.bismark.cov.gz,https://ftp.ncbi.nlm.nih.gov/geo/series/GSE295nnn/GSE295059/suppl/GSM8941339_Org_USI_P28_4mo_1_sL_1_val_1_bismark_bt2_pe.bismark.cov.gz
File,,,GSE295059,,60842496,10/02/2024 12:42:23,COV,,,,,GSM8941340_Org_USI_P28_4mo_sL_1_val_1_bismark_bt2_pe.bismark.cov.gz,https://ftp.ncbi.nlm.nih.gov/geo/series/GSE295nnn/GSE295059/suppl/GSM8941340_Org_USI_P28_4mo_sL_1_val_1_bismark_bt2_pe.bismark.cov.gz
File,,,GSE295059,,77250168,10/12/2023 22:54:31,COV,,,,,GSM8941341_P3_24mo_sL_1_val_1_bismark_bt2_pe.bismark.cov.gz,https://ftp.ncbi.nlm.nih.gov/geo/series/GSE295nnn/GSE295059/suppl/GSM8941341_P3_24mo_sL_1_val_1_bismark_bt2_pe.bismark.cov.gz
File,,,GSE295059,,72343403,10/12/2023 22:54:26,COV,,,,,GSM8941342_P3_283_ctrl_sL_1_val_1_bismark_bt2_pe.bismark.cov.gz,https://ftp.ncbi.nlm.nih.gov/geo/series/GSE295nnn/GSE295059/suppl/GSM8941342_P3_283_ctrl_sL_1_val_1_bismark_bt2_pe.bismark.cov.gz
File,,,GSE295059,,90877562,10/12/2023 22:52:34,COV,,,,,GSM8941343_P3_285_ctrl_sL_1_val_1_bismark_bt2_pe.bismark.cov.gz,https://ftp.ncbi.nlm.nih.gov/geo/series/GSE295nnn/GSE295059/suppl/GSM8941343_P3_285_ctrl_sL_1_val_1_bismark_bt2_pe.bismark.cov.gz
File,,,GSE295059,,81105517,10/12/2023 22:53:29,COV,,,,,GSM8941344_P3_4mo_sL_1_val_1_bismark_bt2_pe.bismark.cov.gz,https://ftp.ncbi.nlm.nih.gov/geo/series/GSE295nnn/GSE295059/suppl/GSM8941344_P3_4mo_sL_1_val_1_bismark_bt2_pe.bismark.cov.gz
File,,,GSE295059,,90714781,10/12/2023 22:54:04,COV,,,,,GSM8941345_P4_283_ctrl_sL_1_val_1_bismark_bt2_pe.bismark.cov.gz,https://ftp.ncbi.nlm.nih.gov/geo/series/GSE295nnn/GSE295059/suppl/GSM8941345_P4_283_ctrl_sL_1_val_1_bismark_bt2_pe.bismark.cov.gz
File,,,GSE295059,,95682805,10/12/2023 22:53:38,COV,,,,,GSM8941346_P4_285_ctrl_sL_1_val_1_bismark_bt2_pe.bismark.cov.gz,https://ftp.ncbi.nlm.nih.gov/geo/series/GSE295nnn/GSE295059/suppl/GSM8941346_P4_285_ctrl_sL_1_val_1_bismark_bt2_pe.bismark.cov.gz
File,,,GSE295059,,93124316,10/12/2023 22:54:06,COV,,,,,GSM8941347_P5_283_ctrl_sL_1_val_1_bismark_bt2_pe.bismark.cov.gz,https://ftp.ncbi.nlm.nih.gov/geo/series/GSE295nnn/GSE295059/suppl/GSM8941347_P5_283_ctrl_sL_1_val_1_bismark_bt2_pe.bismark.cov.gz
File,,,GSE295059,,96663826,10/12/2023 22:54:27,COV,,,,,GSM8941348_P5_285_ctrl_sL_1_val_1_bismark_bt2_pe.bismark.cov.gz,https://ftp.ncbi.nlm.nih.gov/geo/series/GSE295nnn/GSE295059/suppl/GSM8941348_P5_285_ctrl_sL_1_val_1_bismark_bt2_pe.bismark.cov.gz
File,,,GSE295059,,55903797,10/02/2024 13:23:52,COV,,,,,GSM8941349_Org_COL_4mo_14p_sL_1_val_1_bismark_bt2_pe.bismark.cov.gz,https://ftp.ncbi.nlm.nih.gov/geo/series/GSE295nnn/GSE295059/suppl/GSM8941349_Org_COL_4mo_14p_sL_1_val_1_bismark_bt2_pe.bismark.cov.gz
File,,,GSE295059,,66733634,10/02/2024 12:36:19,COV,,,,,GSM8941350_Org_COL_4mo_3p_sL_1_val_1_bismark_bt2_pe.bismark.cov.gz,https://ftp.ncbi.nlm.nih.gov/geo/series/GSE295nnn/GSE295059/suppl/GSM8941350_Org_COL_4mo_3p_sL_1_val_1_bismark_bt2_pe.bismark.cov.gz
File,,,GSE295059,,50552234,09/14/2024 15:13:11,COV,,,,,GSM8941351_Org_LSI_4mo_14p_sL_1_val_1_bismark_bt2_pe.bismark.cov.gz,https://ftp.ncbi.nlm.nih.gov/geo/series/GSE295nnn/GSE295059/suppl/GSM8941351_Org_LSI_4mo_14p_sL_1_val_1_bismark_bt2_pe.bismark.cov.gz
File,,,GSE295059,,57481221,10/02/2024 11:49:36,COV,,,,,GSM8941352_Org_LSI_4mo_3p_sL_1_val_1_bismark_bt2_pe.bismark.cov.gz,https://ftp.ncbi.nlm.nih.gov/geo/series/GSE295nnn/GSE295059/suppl/GSM8941352_Org_LSI_4mo_3p_sL_1_val_1_bismark_bt2_pe.bismark.cov.gz
File,,,GSE295059,,41622595,10/02/2024 11:43:52,COV,,,,,GSM8941353_Org_USI_4mo_14p_sL_1_val_1_bismark_bt2_pe.bismark.cov.gz,https://ftp.ncbi.nlm.nih.gov/geo/series/GSE295nnn/GSE295059/suppl/GSM8941353_Org_USI_4mo_14p_sL_1_val_1_bismark_bt2_pe.bismark.cov.gz
File,,,GSE295059,,51178845,10/02/2024 13:26:59,COV,,,,,GSM8941354_Org_USI_4mo_3p_sL_1_val_1_bismark_bt2_pe.bismark.cov.gz,https://ftp.ncbi.nlm.nih.gov/geo/series/GSE295nnn/GSE295059/suppl/GSM8941354_Org_USI_4mo_3p_sL_1_val_1_bismark_bt2_pe.bismark.cov.gz
Archive,True,application/x-tar,GSE281602,,454676480,11/11/2025 00:26:48,TAR,,200,"Tue, 11 Nov 2025 05:26:48 GMT",454676480,GSE281602_RAW.tar,https://ftp.ncbi.nlm.nih.gov/geo/series/GSE281nnn/GSE281602/suppl/GSE281602_RAW.tar
File,,,GSE281602,,27514207,11/11/2024 11:40:54,BEDGRAPH,,,,,GSM8624622_4F1_R1_val_1_bismark_bt2_pe.bedGraph.gz,https://ftp.ncbi.nlm.nih.gov/geo/series/GSE281nnn/GSE281602/suppl/GSM8624622_4F1_R1_val_1_bismark_bt2_pe.bedGraph.gz
File,,,GSE281602,,29383974,11/11/2024 11:41:00,COV,,,,,GSM8624622_4F1_R1_val_1_bismark_bt2_pe.bismark.cov.gz,https://ftp.ncbi.nlm.nih.gov/geo/series/GSE281nnn/GSE281602/suppl/GSM8624622_4F1_R1_val_1_bismark_bt2_pe.bismark.cov.gz
File,,,GSE281602,,25730619,11/11/2024 11:58:07,BEDGRAPH,,,,,GSM8624623_4F2_R1_val_1_bismark_bt2_pe.bedGraph.gz,https://ftp.ncbi.nlm.nih.gov/geo/series/GSE281nnn/GSE281602/suppl/GSM8624623_4F2_R1_val_1_bismark_bt2_pe.bedGraph.gz
File,,,GSE281602,,27116880,11/11/2024 11:58:11,COV,,,,,GSM8624623_4F2_R1_val_1_bismark_bt2_pe.bismark.cov.gz,https://ftp.ncbi.nlm.nih.gov/geo/series/GSE281nnn/GSE281602/suppl/GSM8624623_4F2_R1_val_1_bismark_bt2_pe.bismark.cov.gz
File,,,GSE281602,,28107543,11/11/2024 12:03:52,BEDGRAPH,,,,,GSM8624624_4M1_R1_val_1_bismark_bt2_pe.bedGraph.gz,https://ftp.ncbi.nlm.nih.gov/geo/series/GSE281nnn/GSE281602/suppl/GSM8624624_4M1_R1_val_1_bismark_bt2_pe.bedGraph.gz
File,,,GSE281602,,29858032,11/11/2024 12:03:56,COV,,,,,GSM8624624_4M1_R1_val_1_bismark_bt2_pe.bismark.cov.gz,https://ftp.ncbi.nlm.nih.gov/geo/series/GSE281nnn/GSE281602/suppl/GSM8624624_4M1_R1_val_1_bismark_bt2_pe.bismark.cov.gz
File,,,GSE281602,,27525406,11/11/2024 12:10:11,BEDGRAPH,,,,,GSM8624625_4M2_R1_val_1_bismark_bt2_pe.bedGraph.gz,https://ftp.ncbi.nlm.nih.gov/geo/series/GSE281nnn/GSE281602/suppl/GSM8624625_4M2_R1_val_1_bismark_bt2_pe.bedGraph.gz
File,,,GSE281602,,29183721,11/11/2024 12:10:14,COV,,,,,GSM8624625_4M2_R1_val_1_bismark_bt2_pe.bismark.cov.gz,https://ftp.ncbi.nlm.nih.gov/geo/series/GSE281nnn/GSE281602/suppl/GSM8624625_4M2_R1_val_1_bismark_bt2_pe.bismark.cov.gz
File,,,GSE281602,,29485200,11/11/2024 10:59:47,BEDGRAPH,,,,,GSM8624626_28F1_R1_val_1_bismark_bt2_pe.bedGraph.gz,https://ftp.ncbi.nlm.nih.gov/geo/series/GSE281nnn/GSE281602/suppl/GSM8624626_28F1_R1_val_1_bismark_bt2_pe.bedGraph.gz
File,,,GSE281602,,31040287,11/11/2024 11:00:24,COV,,,,,GSM8624626_28F1_R1_val_1_bismark_bt2_pe.bismark.cov.gz,https://ftp.ncbi.nlm.nih.gov/geo/series/GSE281nnn/GSE281602/suppl/GSM8624626_28F1_R1_val_1_bismark_bt2_pe.bismark.cov.gz
File,,,GSE281602,,26567807,11/11/2024 11:12:00,BEDGRAPH,,,,,GSM8624627_28F2_R1_val_1_bismark_bt2_pe.bedGraph.gz,https://ftp.ncbi.nlm.nih.gov/geo/series/GSE281nnn/GSE281602/suppl/GSM8624627_28F2_R1_val_1_bismark_bt2_pe.bedGraph.gz
File,,,GSE281602,,27841185,11/11/2024 11:12:05,COV,,,,,GSM8624627_28F2_R1_val_1_bismark_bt2_pe.bismark.cov.gz,https://ftp.ncbi.nlm.nih.gov/geo/series/GSE281nnn/GSE281602/suppl/GSM8624627_28F2_R1_val_1_bismark_bt2_pe.bismark.cov.gz
File,,,GSE281602,,29243101,11/11/2024 11:20:14,BEDGRAPH,,,,,GSM8624628_28M1_R1_val_1_bismark_bt2_pe.bedGraph.gz,https://ftp.ncbi.nlm.nih.gov/geo/series/GSE281nnn/GSE281602/suppl/GSM8624628_28M1_R1_val_1_bismark_bt2_pe.bedGraph.gz
File,,,GSE281602,,30899956,11/11/2024 11:20:17,COV,,,,,GSM8624628_28M1_R1_val_1_bismark_bt2_pe.bismark.cov.gz,https://ftp.ncbi.nlm.nih.gov/geo/series/GSE281nnn/GSE281602/suppl/GSM8624628_28M1_R1_val_1_bismark_bt2_pe.bismark.cov.gz
File,,,GSE281602,,26901773,11/11/2024 11:31:33,BEDGRAPH,,,,,GSM8624629_28M2_R1_val_1_bismark_bt2_pe.bedGraph.gz,https://ftp.ncbi.nlm.nih.gov/geo/series/GSE281nnn/GSE281602/suppl/GSM8624629_28M2_R1_val_1_bismark_bt2_pe.bedGraph.gz
File,,,GSE281602,,28261417,11/11/2024 11:31:38,COV,,,,,GSM8624629_28M2_R1_val_1_bismark_bt2_pe.bismark.cov.gz,https://ftp.ncbi.nlm.nih.gov/geo/series/GSE281nnn/GSE281602/suppl/GSM8624629_28M2_R1_val_1_bismark_bt2_pe.bismark.cov.gz
Archive,True,application/x-tar,GSE47815,,2676193280,04/30/2014 05:29:22,TAR,,200,"Wed, 30 Apr 2014 09:29:22 GMT",2676193280,GSE47815_RAW.tar,https://ftp.ncbi.nlm.nih.gov/geo/series/GSE47nnn/GSE47815/suppl/GSE47815_RAW.tar
File,,,GSE47815,,158576397,06/11/2013 06:42:29,BED,,,,,GSM1160012_m04_b3.bsmapv260R.bam.G.bed.gz,https://ftp.ncbi.nlm.nih.gov/geo/series/GSE47nnn/GSE47815/suppl/GSM1160012_m04_b3.bsmapv260R.bam.G.bed.gz
File,,,GSE47815,,216007398,06/11/2013 06:44:01,BED,,,,,GSM1160013_m04_b4l1.bsmapv260R.bam.G.bed.gz,https://ftp.ncbi.nlm.nih.gov/geo/series/GSE47nnn/GSE47815/suppl/GSM1160013_m04_b4l1.bsmapv260R.bam.G.bed.gz
File,,,GSE47815,,223646549,06/11/2013 06:46:30,BED,,,,,GSM1160014_m04_b4l2.bsmapv260R.bam.G.bed.gz,https://ftp.ncbi.nlm.nih.gov/geo/series/GSE47nnn/GSE47815/suppl/GSM1160014_m04_b4l2.bsmapv260R.bam.G.bed.gz
File,,,GSE47815,,176998632,06/11/2013 06:47:48,BED,,,,,GSM1160015_m04_b5.bsmapv260R.bam.G.bed.gz,https://ftp.ncbi.nlm.nih.gov/geo/series/GSE47nnn/GSE47815/suppl/GSM1160015_m04_b5.bsmapv260R.bam.G.bed.gz
File,,,GSE47815,,198943239,06/11/2013 06:49:03,BED,,,,,GSM1160016_m04_b6l1.bsmapv260R.bam.G.bed.gz,https://ftp.ncbi.nlm.nih.gov/geo/series/GSE47nnn/GSE47815/suppl/GSM1160016_m04_b6l1.bsmapv260R.bam.G.bed.gz
File,,,GSE47815,,217225394,06/11/2013 06:50:25,BED,,,,,GSM1160017_m04_b6l2.bsmapv260R.bam.G.bed.gz,https://ftp.ncbi.nlm.nih.gov/geo/series/GSE47nnn/GSE47815/suppl/GSM1160017_m04_b6l2.bsmapv260R.bam.G.bed.gz
File,,,GSE47815,,230754979,06/11/2013 06:51:51,BED,,,,,GSM1160018_m04_b6l3.bsmapv260R.bam.G.bed.gz,https://ftp.ncbi.nlm.nih.gov/geo/series/GSE47nnn/GSE47815/suppl/GSM1160018_m04_b6l3.bsmapv260R.bam.G.bed.gz
File,,,GSE47815,,165482891,06/11/2013 06:52:51,BED,,,,,GSM1160019_m24_b3.bsmapv260R.bam.G.bed.gz,https://ftp.ncbi.nlm.nih.gov/geo/series/GSE47nnn/GSE47815/suppl/GSM1160019_m24_b3.bsmapv260R.bam.G.bed.gz
File,,,GSE47815,,229927897,06/11/2013 06:54:19,BED,,,,,GSM1160020_m24_b4l1.bsmapv260R.bam.G.bed.gz,https://ftp.ncbi.nlm.nih.gov/geo/series/GSE47nnn/GSE47815/suppl/GSM1160020_m24_b4l1.bsmapv260R.bam.G.bed.gz
File,,,GSE47815,,230662667,06/11/2013 06:55:47,BED,,,,,GSM1160021_m24_b4l2.bsmapv260R.bam.G.bed.gz,https://ftp.ncbi.nlm.nih.gov/geo/series/GSE47nnn/GSE47815/suppl/GSM1160021_m24_b4l2.bsmapv260R.bam.G.bed.gz
File,,,GSE47815,,154224982,06/11/2013 06:56:44,BED,,,,,GSM1160022_m24_b5.bsmapv260R.bam.G.bed.gz,https://ftp.ncbi.nlm.nih.gov/geo/series/GSE47nnn/GSE47815/suppl/GSM1160022_m24_b5.bsmapv260R.bam.G.bed.gz
File,,,GSE47815,,243866866,06/11/2013 06:58:17,BED,,,,,GSM1160023_m24_b6l1.bsmapv260R.bam.G.bed.gz,https://ftp.ncbi.nlm.nih.gov/geo/series/GSE47nnn/GSE47815/suppl/GSM1160023_m24_b6l1.bsmapv260R.bam.G.bed.gz
File,,,GSE47815,,229859884,06/11/2013 06:59:47,BED,,,,,GSM1160024_m24_b6l2.bsmapv260R.bam.G.bed.gz,https://ftp.ncbi.nlm.nih.gov/geo/series/GSE47nnn/GSE47815/suppl/GSM1160024_m24_b6l2.bsmapv260R.bam.G.bed.gz
,,,GSE304754,HTTP Error 404: Not Found,,,,,,,,,https://ftp.ncbi.nlm.nih.gov/geo/series/GSE304nnn/GSE304754/suppl/filelist.txt
Archive,True,application/x-tar,GSE319289,,509634560,02/13/2026 01:56:53,TAR,,200,"Fri, 13 Feb 2026 06:56:53 GMT",509634560,GSE319289_RAW.tar,https://ftp.ncbi.nlm.nih.gov/geo/series/GSE319nnn/GSE319289/suppl/GSE319289_RAW.tar
File,,,GSE319289,,42542767,02/09/2026 14:45:10,COV,,,,,GSM9514924_sample1_R1_val_1_bismark_bt2_pe.bismark.cov.gz,https://ftp.ncbi.nlm.nih.gov/geo/series/GSE319nnn/GSE319289/suppl/GSM9514924_sample1_R1_val_1_bismark_bt2_pe.bismark.cov.gz
File,,,GSE319289,,52480430,02/09/2026 14:49:44,COV,,,,,GSM9514925_sample3_R1_val_1_bismark_bt2_pe.bismark.cov.gz,https://ftp.ncbi.nlm.nih.gov/geo/series/GSE319nnn/GSE319289/suppl/GSM9514925_sample3_R1_val_1_bismark_bt2_pe.bismark.cov.gz
File,,,GSE319289,,44734760,02/09/2026 14:50:03,COV,,,,,GSM9514926_sample5_R1_val_1_bismark_bt2_pe.bismark.cov.gz,https://ftp.ncbi.nlm.nih.gov/geo/series/GSE319nnn/GSE319289/suppl/GSM9514926_sample5_R1_val_1_bismark_bt2_pe.bismark.cov.gz
File,,,GSE319289,,26335917,02/09/2026 14:43:41,COV,,,,,GSM9514927_sample15_R1_val_1_bismark_bt2_pe.bismark.cov.gz,https://ftp.ncbi.nlm.nih.gov/geo/series/GSE319nnn/GSE319289/suppl/GSM9514927_sample15_R1_val_1_bismark_bt2_pe.bismark.cov.gz
File,,,GSE319289,,32237431,02/09/2026 14:43:29,COV,,,,,GSM9514928_sample17_R1_val_1_bismark_bt2_pe.bismark.cov.gz,https://ftp.ncbi.nlm.nih.gov/geo/series/GSE319nnn/GSE319289/suppl/GSM9514928_sample17_R1_val_1_bismark_bt2_pe.bismark.cov.gz
File,,,GSE319289,,42188396,02/09/2026 14:44:58,COV,,,,,GSM9514929_sample19_R1_val_1_bismark_bt2_pe.bismark.cov.gz,https://ftp.ncbi.nlm.nih.gov/geo/series/GSE319nnn/GSE319289/suppl/GSM9514929_sample19_R1_val_1_bismark_bt2_pe.bismark.cov.gz
File,,,GSE319289,,38694476,02/09/2026 14:45:59,COV,,,,,GSM9514930_sample21_R1_val_1_bismark_bt2_pe.bismark.cov.gz,https://ftp.ncbi.nlm.nih.gov/geo/series/GSE319nnn/GSE319289/suppl/GSM9514930_sample21_R1_val_1_bismark_bt2_pe.bismark.cov.gz
File,,,GSE319289,,24677986,02/09/2026 14:47:23,COV,,,,,GSM9514931_sample23_R1_val_1_bismark_bt2_pe.bismark.cov.gz,https://ftp.ncbi.nlm.nih.gov/geo/series/GSE319nnn/GSE319289/suppl/GSM9514931_sample23_R1_val_1_bismark_bt2_pe.bismark.cov.gz
File,,,GSE319289,,37191962,02/09/2026 14:46:41,COV,,,,,GSM9514932_sample25_R1_val_1_bismark_bt2_pe.bismark.cov.gz,https://ftp.ncbi.nlm.nih.gov/geo/series/GSE319nnn/GSE319289/suppl/GSM9514932_sample25_R1_val_1_bismark_bt2_pe.bismark.cov.gz
File,,,GSE319289,,33918343,02/09/2026 14:48:48,COV,,,,,GSM9514933_sample29_R1_val_1_bismark_bt2_pe.bismark.cov.gz,https://ftp.ncbi.nlm.nih.gov/geo/series/GSE319nnn/GSE319289/suppl/GSM9514933_sample29_R1_val_1_bismark_bt2_pe.bismark.cov.gz
File,,,GSE319289,,40862194,02/09/2026 14:48:41,COV,,,,,GSM9514934_sample31_R1_val_1_bismark_bt2_pe.bismark.cov.gz,https://ftp.ncbi.nlm.nih.gov/geo/series/GSE319nnn/GSE319289/suppl/GSM9514934_sample31_R1_val_1_bismark_bt2_pe.bismark.cov.gz
File,,,GSE319289,,47499042,02/09/2026 14:49:39,COV,,,,,GSM9514935_sample35_R1_val_1_bismark_bt2_pe.bismark.cov.gz,https://ftp.ncbi.nlm.nih.gov/geo/series/GSE319nnn/GSE319289/suppl/GSM9514935_sample35_R1_val_1_bismark_bt2_pe.bismark.cov.gz
File,,,GSE319289,,34546342,02/09/2026 14:49:22,COV,,,,,GSM9514936_sample39_R1_val_1_bismark_bt2_pe.bismark.cov.gz,https://ftp.ncbi.nlm.nih.gov/geo/series/GSE319nnn/GSE319289/suppl/GSM9514936_sample39_R1_val_1_bismark_bt2_pe.bismark.cov.gz
File,,,GSE319289,,2697739,02/07/2026 07:10:22,H5,,,,,GSM9514937_YSH_filtered_feature_bc_matrix.h5,https://ftp.ncbi.nlm.nih.gov/geo/series/GSE319nnn/GSE319289/suppl/GSM9514937_YSH_filtered_feature_bc_matrix.h5
File,,,GSE319289,,1871293,02/07/2026 07:10:21,H5,,,,,GSM9514938_YOV_filtered_feature_bc_matrix.h5,https://ftp.ncbi.nlm.nih.gov/geo/series/GSE319nnn/GSE319289/suppl/GSM9514938_YOV_filtered_feature_bc_matrix.h5
File,,,GSE319289,,6042003,02/07/2026 07:10:20,H5,,,,,GSM9514939_OSH_filtered_feature_bc_matrix.h5,https://ftp.ncbi.nlm.nih.gov/geo/series/GSE319nnn/GSE319289/suppl/GSM9514939_OSH_filtered_feature_bc_matrix.h5
File,,,GSE319289,,1097530,02/07/2026 07:10:18,H5,,,,,GSM9514940_OOV_filtered_feature_bc_matrix.h5,https://ftp.ncbi.nlm.nih.gov/geo/series/GSE319nnn/GSE319289/suppl/GSM9514940_OOV_filtered_feature_bc_matrix.h5
Archive,True,application/x-tar,GSE129712,,349480960,09/26/2025 00:25:02,TAR,,200,"Fri, 26 Sep 2025 04:25:02 GMT",349480960,GSE129712_RAW.tar,https://ftp.ncbi.nlm.nih.gov/geo/series/GSE129nnn/GSE129712/suppl/GSE129712_RAW.tar
File,,,GSE129712,,13175593,04/12/2019 09:16:04,TXT,,,,,GSM3720735_crypt_f_18m_rep1_CG.txt.gz,https://ftp.ncbi.nlm.nih.gov/geo/series/GSE129nnn/GSE129712/suppl/GSM3720735_crypt_f_18m_rep1_CG.txt.gz
File,,,GSE129712,,12836308,04/12/2019 09:16:07,TXT,,,,,GSM3720736_crypt_f_18m_rep2_CG.txt.gz,https://ftp.ncbi.nlm.nih.gov/geo/series/GSE129nnn/GSE129712/suppl/GSM3720736_crypt_f_18m_rep2_CG.txt.gz
File,,,GSE129712,,12292583,04/12/2019 09:16:10,TXT,,,,,GSM3720737_crypt_f_18m_rep3_CG.txt.gz,https://ftp.ncbi.nlm.nih.gov/geo/series/GSE129nnn/GSE129712/suppl/GSM3720737_crypt_f_18m_rep3_CG.txt.gz
File,,,GSE129712,,17025372,04/12/2019 09:16:14,TXT,,,,,GSM3720738_crypt_f_18m_rep4_CG.txt.gz,https://ftp.ncbi.nlm.nih.gov/geo/series/GSE129nnn/GSE129712/suppl/GSM3720738_crypt_f_18m_rep4_CG.txt.gz
File,,,GSE129712,,11719944,04/12/2019 09:16:17,TXT,,,,,GSM3720739_crypt_f_26m_rep1_CG.txt.gz,https://ftp.ncbi.nlm.nih.gov/geo/series/GSE129nnn/GSE129712/suppl/GSM3720739_crypt_f_26m_rep1_CG.txt.gz
File,,,GSE129712,,15632577,04/12/2019 09:16:21,TXT,,,,,GSM3720740_crypt_f_26m_rep2_CG.txt.gz,https://ftp.ncbi.nlm.nih.gov/geo/series/GSE129nnn/GSE129712/suppl/GSM3720740_crypt_f_26m_rep2_CG.txt.gz
File,,,GSE129712,,17536681,04/12/2019 09:16:26,TXT,,,,,GSM3720741_crypt_f_26m_rep3_CG.txt.gz,https://ftp.ncbi.nlm.nih.gov/geo/series/GSE129nnn/GSE129712/suppl/GSM3720741_crypt_f_26m_rep3_CG.txt.gz
File,,,GSE129712,,15947566,04/12/2019 09:16:30,TXT,,,,,GSM3720742_crypt_f_26m_rep4_CG.txt.gz,https://ftp.ncbi.nlm.nih.gov/geo/series/GSE129nnn/GSE129712/suppl/GSM3720742_crypt_f_26m_rep4_CG.txt.gz
File,,,GSE129712,,12612576,04/12/2019 09:16:34,TXT,,,,,GSM3720743_crypt_f_2m_rep1_CG.txt.gz,https://ftp.ncbi.nlm.nih.gov/geo/series/GSE129nnn/GSE129712/suppl/GSM3720743_crypt_f_2m_rep1_CG.txt.gz
File,,,GSE129712,,16243016,04/12/2019 09:16:38,TXT,,,,,GSM3720744_crypt_f_2m_rep2_CG.txt.gz,https://ftp.ncbi.nlm.nih.gov/geo/series/GSE129nnn/GSE129712/suppl/GSM3720744_crypt_f_2m_rep2_CG.txt.gz
File,,,GSE129712,,16164032,04/12/2019 09:16:41,TXT,,,,,GSM3720745_crypt_f_2m_rep3_CG.txt.gz,https://ftp.ncbi.nlm.nih.gov/geo/series/GSE129nnn/GSE129712/suppl/GSM3720745_crypt_f_2m_rep3_CG.txt.gz
File,,,GSE129712,,12271792,04/12/2019 09:16:46,TXT,,,,,GSM3720746_crypt_f_2m_rep4_CG.txt.gz,https://ftp.ncbi.nlm.nih.gov/geo/series/GSE129nnn/GSE129712/suppl/GSM3720746_crypt_f_2m_rep4_CG.txt.gz
File,,,GSE129712,,16830481,04/12/2019 09:16:50,TXT,,,,,GSM3720747_crypt_m_18m_rep1_CG.txt.gz,https://ftp.ncbi.nlm.nih.gov/geo/series/GSE129nnn/GSE129712/suppl/GSM3720747_crypt_m_18m_rep1_CG.txt.gz
File,,,GSE129712,,12413640,04/12/2019 09:16:53,TXT,,,,,GSM3720748_crypt_m_18m_rep2_CG.txt.gz,https://ftp.ncbi.nlm.nih.gov/geo/series/GSE129nnn/GSE129712/suppl/GSM3720748_crypt_m_18m_rep2_CG.txt.gz
File,,,GSE129712,,14597180,04/12/2019 09:16:57,TXT,,,,,GSM3720749_crypt_m_18m_rep3_CG.txt.gz,https://ftp.ncbi.nlm.nih.gov/geo/series/GSE129nnn/GSE129712/suppl/GSM3720749_crypt_m_18m_rep3_CG.txt.gz
File,,,GSE129712,,16065340,04/12/2019 09:17:01,TXT,,,,,GSM3720750_crypt_m_18m_rep4_CG.txt.gz,https://ftp.ncbi.nlm.nih.gov/geo/series/GSE129nnn/GSE129712/suppl/GSM3720750_crypt_m_18m_rep4_CG.txt.gz
File,,,GSE129712,,13651037,04/12/2019 09:17:04,TXT,,,,,GSM3720751_crypt_m_26m_rep1_CG.txt.gz,https://ftp.ncbi.nlm.nih.gov/geo/series/GSE129nnn/GSE129712/suppl/GSM3720751_crypt_m_26m_rep1_CG.txt.gz
File,,,GSE129712,,15397745,04/12/2019 09:17:08,TXT,,,,,GSM3720752_crypt_m_26m_rep2_CG.txt.gz,https://ftp.ncbi.nlm.nih.gov/geo/series/GSE129nnn/GSE129712/suppl/GSM3720752_crypt_m_26m_rep2_CG.txt.gz
File,,,GSE129712,,16143145,04/12/2019 09:17:11,TXT,,,,,GSM3720753_crypt_m_26m_rep3_CG.txt.gz,https://ftp.ncbi.nlm.nih.gov/geo/series/GSE129nnn/GSE129712/suppl/GSM3720753_crypt_m_26m_rep3_CG.txt.gz
File,,,GSE129712,,16323199,04/12/2019 09:17:15,TXT,,,,,GSM3720754_crypt_m_26m_rep4_CG.txt.gz,https://ftp.ncbi.nlm.nih.gov/geo/series/GSE129nnn/GSE129712/suppl/GSM3720754_crypt_m_26m_rep4_CG.txt.gz
File,,,GSE129712,,13508443,04/12/2019 09:17:18,TXT,,,,,GSM3720755_crypt_m_2m_rep1_CG.txt.gz,https://ftp.ncbi.nlm.nih.gov/geo/series/GSE129nnn/GSE129712/suppl/GSM3720755_crypt_m_2m_rep1_CG.txt.gz
File,,,GSE129712,,11039120,04/12/2019 09:17:21,TXT,,,,,GSM3720756_crypt_m_2m_rep2_CG.txt.gz,https://ftp.ncbi.nlm.nih.gov/geo/series/GSE129nnn/GSE129712/suppl/GSM3720756_crypt_m_2m_rep2_CG.txt.gz
File,,,GSE129712,,13241751,04/12/2019 09:17:24,TXT,,,,,GSM3720757_crypt_m_2m_rep3_CG.txt.gz,https://ftp.ncbi.nlm.nih.gov/geo/series/GSE129nnn/GSE129712/suppl/GSM3720757_crypt_m_2m_rep3_CG.txt.gz
File,,,GSE129712,,16790306,04/12/2019 09:17:29,TXT,,,,,GSM3720758_crypt_m_2m_rep4_CG.txt.gz,https://ftp.ncbi.nlm.nih.gov/geo/series/GSE129nnn/GSE129712/suppl/GSM3720758_crypt_m_2m_rep4_CG.txt.gz
Archive,True,application/x-tar,GSE231658,,5751050240,02/02/2026 00:24:22,TAR,,200,"Mon, 02 Feb 2026 05:24:22 GMT",5751050240,GSE231658_RAW.tar,https://ftp.ncbi.nlm.nih.gov/geo/series/GSE231nnn/GSE231658/suppl/GSE231658_RAW.tar
File,,,GSE231658,,99900422,05/04/2023 00:27:40,BW,,,,,GSM7295273_JSD-Y4F-1-VS-5761-con.bw,https://ftp.ncbi.nlm.nih.gov/geo/series/GSE231nnn/GSE231658/suppl/GSM7295273_JSD-Y4F-1-VS-5761-con.bw
File,,,GSE231658,,98042213,05/04/2023 02:38:27,BW,,,,,GSM7295273_MML-Y4F-1.bw,https://ftp.ncbi.nlm.nih.gov/geo/series/GSE231nnn/GSE231658/suppl/GSM7295273_MML-Y4F-1.bw
File,,,GSE231658,,98540757,05/04/2023 00:27:38,BW,,,,,GSM7295273_NME-Y4F-1.bw,https://ftp.ncbi.nlm.nih.gov/geo/series/GSE231nnn/GSE231658/suppl/GSM7295273_NME-Y4F-1.bw
File,,,GSE231658,,100131882,05/04/2023 00:49:33,BW,,,,,GSM7295274_JSD-Y4F-3-VS-5761-con.bw,https://ftp.ncbi.nlm.nih.gov/geo/series/GSE231nnn/GSE231658/suppl/GSM7295274_JSD-Y4F-3-VS-5761-con.bw
File,,,GSE231658,,98334259,05/04/2023 02:00:38,BW,,,,,GSM7295274_MML-Y4F-3.bw,https://ftp.ncbi.nlm.nih.gov/geo/series/GSE231nnn/GSE231658/suppl/GSM7295274_MML-Y4F-3.bw
File,,,GSE231658,,98930837,05/04/2023 00:27:33,BW,,,,,GSM7295274_NME-Y4F-3.bw,https://ftp.ncbi.nlm.nih.gov/geo/series/GSE231nnn/GSE231658/suppl/GSM7295274_NME-Y4F-3.bw
File,,,GSE231658,,100189042,05/04/2023 00:49:29,BW,,,,,GSM7295275_JSD-Y4F-4-VS-5761-con.bw,https://ftp.ncbi.nlm.nih.gov/geo/series/GSE231nnn/GSE231658/suppl/GSM7295275_JSD-Y4F-4-VS-5761-con.bw
File,,,GSE231658,,98376540,05/04/2023 01:14:14,BW,,,,,GSM7295275_MML-Y4F-4.bw,https://ftp.ncbi.nlm.nih.gov/geo/series/GSE231nnn/GSE231658/suppl/GSM7295275_MML-Y4F-4.bw
File,,,GSE231658,,98991537,05/04/2023 00:38:27,BW,,,,,GSM7295275_NME-Y4F-4.bw,https://ftp.ncbi.nlm.nih.gov/geo/series/GSE231nnn/GSE231658/suppl/GSM7295275_NME-Y4F-4.bw
File,,,GSE231658,,100271836,05/04/2023 01:38:31,BW,,,,,GSM7295276_JSD-5760-con-VS-5761-con.bw,https://ftp.ncbi.nlm.nih.gov/geo/series/GSE231nnn/GSE231658/suppl/GSM7295276_JSD-5760-con-VS-5761-con.bw
File,,,GSE231658,,100122055,05/04/2023 00:38:25,BW,,,,,GSM7295276_JSD-5760-con-VS-5762-con.bw,https://ftp.ncbi.nlm.nih.gov/geo/series/GSE231nnn/GSE231658/suppl/GSM7295276_JSD-5760-con-VS-5762-con.bw
File,,,GSE231658,,99950734,05/04/2023 00:27:42,BW,,,,,GSM7295276_JSD-5760-con-VS-5764-con.bw,https://ftp.ncbi.nlm.nih.gov/geo/series/GSE231nnn/GSE231658/suppl/GSM7295276_JSD-5760-con-VS-5764-con.bw
File,,,GSE231658,,98576444,05/04/2023 02:12:48,BW,,,,,GSM7295276_MML-5760-con.bw,https://ftp.ncbi.nlm.nih.gov/geo/series/GSE231nnn/GSE231658/suppl/GSM7295276_MML-5760-con.bw
File,,,GSE231658,,99076527,05/04/2023 00:27:37,BW,,,,,GSM7295276_NME-5760-con.bw,https://ftp.ncbi.nlm.nih.gov/geo/series/GSE231nnn/GSE231658/suppl/GSM7295276_NME-5760-con.bw
File,,,GSE231658,,100208050,05/04/2023 01:26:29,BW,,,,,GSM7295277_JSD-5761-con-VS-5762-con.bw,https://ftp.ncbi.nlm.nih.gov/geo/series/GSE231nnn/GSE231658/suppl/GSM7295277_JSD-5761-con-VS-5762-con.bw
File,,,GSE231658,,100014666,05/04/2023 01:48:48,BW,,,,,GSM7295277_JSD-5761-con-VS-5764-con.bw,https://ftp.ncbi.nlm.nih.gov/geo/series/GSE231nnn/GSE231658/suppl/GSM7295277_JSD-5761-con-VS-5764-con.bw
File,,,GSE231658,,98781227,05/04/2023 00:38:23,BW,,,,,GSM7295277_MML-5761-con.bw,https://ftp.ncbi.nlm.nih.gov/geo/series/GSE231nnn/GSE231658/suppl/GSM7295277_MML-5761-con.bw
File,,,GSE231658,,98939317,05/04/2023 02:00:40,BW,,,,,GSM7295277_NME-5761-con.bw,https://ftp.ncbi.nlm.nih.gov/geo/series/GSE231nnn/GSE231658/suppl/GSM7295277_NME-5761-con.bw
File,,,GSE231658,,99903128,05/04/2023 00:49:31,BW,,,,,GSM7295278_JSD-5762-con-VS-5764-con.bw,https://ftp.ncbi.nlm.nih.gov/geo/series/GSE231nnn/GSE231658/suppl/GSM7295278_JSD-5762-con-VS-5764-con.bw
File,,,GSE231658,,98521761,05/04/2023 01:48:47,BW,,,,,GSM7295278_MML-5762-con.bw,https://ftp.ncbi.nlm.nih.gov/geo/series/GSE231nnn/GSE231658/suppl/GSM7295278_MML-5762-con.bw
File,,,GSE231658,,98724621,05/04/2023 00:38:21,BW,,,,,GSM7295278_NME-5762-con.bw,https://ftp.ncbi.nlm.nih.gov/geo/series/GSE231nnn/GSE231658/suppl/GSM7295278_NME-5762-con.bw
File,,,GSE231658,,98225191,05/04/2023 01:26:27,BW,,,,,GSM7295279_MML-5764-con.bw,https://ftp.ncbi.nlm.nih.gov/geo/series/GSE231nnn/GSE231658/suppl/GSM7295279_MML-5764-con.bw
File,,,GSE231658,,98591871,05/04/2023 00:49:18,BW,,,,,GSM7295279_NME-5764-con.bw,https://ftp.ncbi.nlm.nih.gov/geo/series/GSE231nnn/GSE231658/suppl/GSM7295279_NME-5764-con.bw
File,,,GSE231658,,98832933,05/04/2023 00:49:27,BW,,,,,GSM7295280_JSD-253-dox-VS-5761-con.bw,https://ftp.ncbi.nlm.nih.gov/geo/series/GSE231nnn/GSE231658/suppl/GSM7295280_JSD-253-dox-VS-5761-con.bw
File,,,GSE231658,,97011275,05/04/2023 00:49:25,BW,,,,,GSM7295280_MML-253-dox.bw,https://ftp.ncbi.nlm.nih.gov/geo/series/GSE231nnn/GSE231658/suppl/GSM7295280_MML-253-dox.bw
File,,,GSE231658,,97467884,05/04/2023 00:27:31,BW,,,,,GSM7295280_NME-253-dox.bw,https://ftp.ncbi.nlm.nih.gov/geo/series/GSE231nnn/GSE231658/suppl/GSM7295280_NME-253-dox.bw
File,,,GSE231658,,99164829,05/04/2023 00:27:24,BW,,,,,GSM7295281_JSD-284-dox-VS-5761-con.bw,https://ftp.ncbi.nlm.nih.gov/geo/series/GSE231nnn/GSE231658/suppl/GSM7295281_JSD-284-dox-VS-5761-con.bw
File,,,GSE231658,,97393567,05/04/2023 01:01:18,BW,,,,,GSM7295281_MML-284-dox.bw,https://ftp.ncbi.nlm.nih.gov/geo/series/GSE231nnn/GSE231658/suppl/GSM7295281_MML-284-dox.bw
File,,,GSE231658,,97950081,05/04/2023 02:00:42,BW,,,,,GSM7295281_NME-284-dox.bw,https://ftp.ncbi.nlm.nih.gov/geo/series/GSE231nnn/GSE231658/suppl/GSM7295281_NME-284-dox.bw
File,,,GSE231658,,99438349,05/04/2023 02:12:46,BW,,,,,GSM7295282_JSD-285-dox-VS-5761-con.bw,https://ftp.ncbi.nlm.nih.gov/geo/series/GSE231nnn/GSE231658/suppl/GSM7295282_JSD-285-dox-VS-5761-con.bw
File,,,GSE231658,,97664032,05/04/2023 00:49:20,BW,,,,,GSM7295282_MML-285-dox.bw,https://ftp.ncbi.nlm.nih.gov/geo/series/GSE231nnn/GSE231658/suppl/GSM7295282_MML-285-dox.bw
File,,,GSE231658,,98173270,05/04/2023 00:27:29,BW,,,,,GSM7295282_NME-285-dox.bw,https://ftp.ncbi.nlm.nih.gov/geo/series/GSE231nnn/GSE231658/suppl/GSM7295282_NME-285-dox.bw
File,,,GSE231658,,99334752,05/04/2023 00:27:27,BW,,,,,GSM7295283_JSD-288-dox-VS-5761-con.bw,https://ftp.ncbi.nlm.nih.gov/geo/series/GSE231nnn/GSE231658/suppl/GSM7295283_JSD-288-dox-VS-5761-con.bw
File,,,GSE231658,,97516138,05/04/2023 00:49:23,BW,,,,,GSM7295283_MML-288-dox.bw,https://ftp.ncbi.nlm.nih.gov/geo/series/GSE231nnn/GSE231658/suppl/GSM7295283_MML-288-dox.bw
File,,,GSE231658,,98086629,05/04/2023 00:27:35,BW,,,,,GSM7295283_NME-288-dox.bw,https://ftp.ncbi.nlm.nih.gov/geo/series/GSE231nnn/GSE231658/suppl/GSM7295283_NME-288-dox.bw
File,,,GSE231658,,99794000,05/04/2023 01:26:25,BW,,,,,GSM7295284_JSD-904-dox-VS-5761-con.bw,https://ftp.ncbi.nlm.nih.gov/geo/series/GSE231nnn/GSE231658/suppl/GSM7295284_JSD-904-dox-VS-5761-con.bw
File,,,GSE231658,,97984547,05/04/2023 00:49:22,BW,,,,,GSM7295284_MML-904-dox.bw,https://ftp.ncbi.nlm.nih.gov/geo/series/GSE231nnn/GSE231658/suppl/GSM7295284_MML-904-dox.bw
File,,,GSE231658,,98367514,05/04/2023 00:27:26,BW,,,,,GSM7295284_NME-904-dox.bw,https://ftp.ncbi.nlm.nih.gov/geo/series/GSE231nnn/GSE231658/suppl/GSM7295284_NME-904-dox.bw
File,,,GSE231658,,99605028,02/02/2025 14:30:11,BW,,,,,GSM8800284_MML-Y-458.bw,https://ftp.ncbi.nlm.nih.gov/geo/series/GSE231nnn/GSE231658/suppl/GSM8800284_MML-Y-458.bw
File,,,GSE231658,,100272120,02/02/2025 14:30:54,BW,,,,,GSM8800284_NME-Y-458.bw,https://ftp.ncbi.nlm.nih.gov/geo/series/GSE231nnn/GSE231658/suppl/GSM8800284_NME-Y-458.bw
File,,,GSE231658,,99386751,02/02/2025 14:30:15,BW,,,,,GSM8800285_MML-Y-459.bw,https://ftp.ncbi.nlm.nih.gov/geo/series/GSE231nnn/GSE231658/suppl/GSM8800285_MML-Y-459.bw
File,,,GSE231658,,100013876,02/02/2025 14:30:58,BW,,,,,GSM8800285_NME-Y-459.bw,https://ftp.ncbi.nlm.nih.gov/geo/series/GSE231nnn/GSE231658/suppl/GSM8800285_NME-Y-459.bw
File,,,GSE231658,,99550387,02/02/2025 14:30:19,BW,,,,,GSM8800286_MML-Y-461.bw,https://ftp.ncbi.nlm.nih.gov/geo/series/GSE231nnn/GSE231658/suppl/GSM8800286_MML-Y-461.bw
File,,,GSE231658,,100194992,02/02/2025 14:31:02,BW,,,,,GSM8800286_NME-Y-461.bw,https://ftp.ncbi.nlm.nih.gov/geo/series/GSE231nnn/GSE231658/suppl/GSM8800286_NME-Y-461.bw
File,,,GSE231658,,99398214,02/02/2025 14:30:24,BW,,,,,GSM8800287_MML-Y-463.bw,https://ftp.ncbi.nlm.nih.gov/geo/series/GSE231nnn/GSE231658/suppl/GSM8800287_MML-Y-463.bw
File,,,GSE231658,,99903163,02/02/2025 14:31:07,BW,,,,,GSM8800287_NME-Y-463.bw,https://ftp.ncbi.nlm.nih.gov/geo/series/GSE231nnn/GSE231658/suppl/GSM8800287_NME-Y-463.bw
File,,,GSE231658,,99421473,02/02/2025 14:30:28,BW,,,,,GSM8800288_MML-Y-464.bw,https://ftp.ncbi.nlm.nih.gov/geo/series/GSE231nnn/GSE231658/suppl/GSM8800288_MML-Y-464.bw
File,,,GSE231658,,99956209,02/02/2025 14:31:11,BW,,,,,GSM8800288_NME-Y-464.bw,https://ftp.ncbi.nlm.nih.gov/geo/series/GSE231nnn/GSE231658/suppl/GSM8800288_NME-Y-464.bw
File,,,GSE231658,,99435270,02/02/2025 14:29:46,BW,,,,,GSM8800289_MML-O-005.bw,https://ftp.ncbi.nlm.nih.gov/geo/series/GSE231nnn/GSE231658/suppl/GSM8800289_MML-O-005.bw
File,,,GSE231658,,99684535,02/02/2025 14:30:32,BW,,,,,GSM8800289_NME-O-005.bw,https://ftp.ncbi.nlm.nih.gov/geo/series/GSE231nnn/GSE231658/suppl/GSM8800289_NME-O-005.bw
File,,,GSE231658,,99863440,02/02/2025 14:29:51,BW,,,,,GSM8800290_MML-O-989.bw,https://ftp.ncbi.nlm.nih.gov/geo/series/GSE231nnn/GSE231658/suppl/GSM8800290_MML-O-989.bw
File,,,GSE231658,,100011957,02/02/2025 14:30:37,BW,,,,,GSM8800290_NME-O-989.bw,https://ftp.ncbi.nlm.nih.gov/geo/series/GSE231nnn/GSE231658/suppl/GSM8800290_NME-O-989.bw
File,,,GSE231658,,99940413,02/02/2025 14:29:57,BW,,,,,GSM8800291_MML-O-990.bw,https://ftp.ncbi.nlm.nih.gov/geo/series/GSE231nnn/GSE231658/suppl/GSM8800291_MML-O-990.bw
File,,,GSE231658,,99974417,02/02/2025 14:30:41,BW,,,,,GSM8800291_NME-O-990.bw,https://ftp.ncbi.nlm.nih.gov/geo/series/GSE231nnn/GSE231658/suppl/GSM8800291_NME-O-990.bw
File,,,GSE231658,,99535013,02/02/2025 14:30:02,BW,,,,,GSM8800292_MML-O-991.bw,https://ftp.ncbi.nlm.nih.gov/geo/series/GSE231nnn/GSE231658/suppl/GSM8800292_MML-O-991.bw
File,,,GSE231658,,99650949,02/02/2025 14:30:45,BW,,,,,GSM8800292_NME-O-991.bw,https://ftp.ncbi.nlm.nih.gov/geo/series/GSE231nnn/GSE231658/suppl/GSM8800292_NME-O-991.bw
File,,,GSE231658,,99777085,02/02/2025 14:30:06,BW,,,,,GSM8800293_MML-O-992.bw,https://ftp.ncbi.nlm.nih.gov/geo/series/GSE231nnn/GSE231658/suppl/GSM8800293_MML-O-992.bw
File,,,GSE231658,,99902533,02/02/2025 14:30:50,BW,,,,,GSM8800293_NME-O-992.bw,https://ftp.ncbi.nlm.nih.gov/geo/series/GSE231nnn/GSE231658/suppl/GSM8800293_NME-O-992.bw
Archive,True,application/x-tar,GSE266961,,27028019200,06/03/2025 00:22:33,TAR,,200,"Tue, 03 Jun 2025 04:22:33 GMT",27028019200,GSE266961_RAW.tar,https://ftp.ncbi.nlm.nih.gov/geo/series/GSE266nnn/GSE266961/suppl/GSE266961_RAW.tar
File,,,GSE266961,,236776912,04/30/2024 14:12:34,COV,,,,,GSM8257423_WGEM_seq_Treg1_S1_R1_001_val_1_bismark_bt2_pe.deduplicated.bismark.cov.gz,https://ftp.ncbi.nlm.nih.gov/geo/series/GSE266nnn/GSE266961/suppl/GSM8257423_WGEM_seq_Treg1_S1_R1_001_val_1_bismark_bt2_pe.deduplicated.bismark.cov.gz
File,,,GSE266961,,259536089,01/21/2025 16:06:31,BW,,,,,GSM8257423_WGEMseq_Treg1.bw,https://ftp.ncbi.nlm.nih.gov/geo/series/GSE266nnn/GSE266961/suppl/GSM8257423_WGEMseq_Treg1.bw
File,,,GSE266961,,234321877,01/21/2025 15:29:45,BEDGRAPH,,,,,GSM8257423_WGEMseq_Treg1_S1_R1_001_val_1_bismark_bt2_pe.deduplicated.bedGraph.gz,https://ftp.ncbi.nlm.nih.gov/geo/series/GSE266nnn/GSE266961/suppl/GSM8257423_WGEMseq_Treg1_S1_R1_001_val_1_bismark_bt2_pe.deduplicated.bedGraph.gz
File,,,GSE266961,,230692132,04/30/2024 14:12:34,COV,,,,,GSM8257424_WGEM_seq_Treg2_S2_R1_001_val_1_bismark_bt2_pe.deduplicated.bismark.cov.gz,https://ftp.ncbi.nlm.nih.gov/geo/series/GSE266nnn/GSE266961/suppl/GSM8257424_WGEM_seq_Treg2_S2_R1_001_val_1_bismark_bt2_pe.deduplicated.bismark.cov.gz
File,,,GSE266961,,253080611,01/21/2025 16:07:34,BW,,,,,GSM8257424_WGEMseq_Treg2.bw,https://ftp.ncbi.nlm.nih.gov/geo/series/GSE266nnn/GSE266961/suppl/GSM8257424_WGEMseq_Treg2.bw
File,,,GSE266961,,229448763,01/21/2025 15:29:44,BEDGRAPH,,,,,GSM8257424_WGEMseq_Treg2_S2_R1_001_val_1_bismark_bt2_pe.deduplicated.bedGraph.gz,https://ftp.ncbi.nlm.nih.gov/geo/series/GSE266nnn/GSE266961/suppl/GSM8257424_WGEMseq_Treg2_S2_R1_001_val_1_bismark_bt2_pe.deduplicated.bedGraph.gz
File,,,GSE266961,,145642490,01/21/2025 15:46:11,BW,,,,,GSM8257425_RRBS_Treg1.bw,https://ftp.ncbi.nlm.nih.gov/geo/series/GSE266nnn/GSE266961/suppl/GSM8257425_RRBS_Treg1.bw
File,,,GSE266961,,115476973,01/21/2025 15:29:00,BEDGRAPH,,,,,GSM8257425_RRBS_Treg1_S1_R1_001_trimmed_bismark_bt2_sorted.bedGraph.gz,https://ftp.ncbi.nlm.nih.gov/geo/series/GSE266nnn/GSE266961/suppl/GSM8257425_RRBS_Treg1_S1_R1_001_trimmed_bismark_bt2_sorted.bedGraph.gz
File,,,GSE266961,,113294709,04/30/2024 14:08:37,COV,,,,,GSM8257425_RRBS_Treg1_S1_R1_001_trimmed_bismark_bt2_sorted.bismark.cov.gz,https://ftp.ncbi.nlm.nih.gov/geo/series/GSE266nnn/GSE266961/suppl/GSM8257425_RRBS_Treg1_S1_R1_001_trimmed_bismark_bt2_sorted.bismark.cov.gz
File,,,GSE266961,,135422006,01/21/2025 15:46:39,BW,,,,,GSM8257426_RRBS_Treg2.bw,https://ftp.ncbi.nlm.nih.gov/geo/series/GSE266nnn/GSE266961/suppl/GSM8257426_RRBS_Treg2.bw
File,,,GSE266961,,105815667,01/21/2025 15:29:01,BEDGRAPH,,,,,GSM8257426_RRBS_Treg2_S2_R1_001_trimmed_bismark_bt2_sorted.bedGraph.gz,https://ftp.ncbi.nlm.nih.gov/geo/series/GSE266nnn/GSE266961/suppl/GSM8257426_RRBS_Treg2_S2_R1_001_trimmed_bismark_bt2_sorted.bedGraph.gz
File,,,GSE266961,,102890489,04/30/2024 14:08:37,COV,,,,,GSM8257426_RRBS_Treg2_S2_R1_001_trimmed_bismark_bt2_sorted.bismark.cov.gz,https://ftp.ncbi.nlm.nih.gov/geo/series/GSE266nnn/GSE266961/suppl/GSM8257426_RRBS_Treg2_S2_R1_001_trimmed_bismark_bt2_sorted.bismark.cov.gz
File,,,GSE266961,,46356814,04/30/2024 14:08:41,COV,,,,,GSM8257427_RREM_seq_Treg1_S1_R1_001_trimmed_bismark_bt2_sorted.bismark.cov.gz,https://ftp.ncbi.nlm.nih.gov/geo/series/GSE266nnn/GSE266961/suppl/GSM8257427_RREM_seq_Treg1_S1_R1_001_trimmed_bismark_bt2_sorted.bismark.cov.gz
File,,,GSE266961,,49863281,01/21/2025 15:49:30,BW,,,,,GSM8257427_RREMseq_Treg1.bw,https://ftp.ncbi.nlm.nih.gov/geo/series/GSE266nnn/GSE266961/suppl/GSM8257427_RREMseq_Treg1.bw
File,,,GSE266961,,44611508,01/21/2025 15:29:02,BEDGRAPH,,,,,GSM8257427_RREMseq_Treg1_S1_R1_001_trimmed_bismark_bt2_sorted.bedGraph.gz,https://ftp.ncbi.nlm.nih.gov/geo/series/GSE266nnn/GSE266961/suppl/GSM8257427_RREMseq_Treg1_S1_R1_001_trimmed_bismark_bt2_sorted.bedGraph.gz
File,,,GSE266961,,46872685,04/30/2024 14:08:41,COV,,,,,GSM8257428_RREM_seq_Treg2_S2_R1_001_trimmed_bismark_bt2_sorted.bismark.cov.gz,https://ftp.ncbi.nlm.nih.gov/geo/series/GSE266nnn/GSE266961/suppl/GSM8257428_RREM_seq_Treg2_S2_R1_001_trimmed_bismark_bt2_sorted.bismark.cov.gz
File,,,GSE266961,,49770589,01/21/2025 15:49:41,BW,,,,,GSM8257428_RREMseq_Treg2.bw,https://ftp.ncbi.nlm.nih.gov/geo/series/GSE266nnn/GSE266961/suppl/GSM8257428_RREMseq_Treg2.bw
File,,,GSE266961,,44887841,01/21/2025 15:29:02,BEDGRAPH,,,,,GSM8257428_RREMseq_Treg2_S2_R1_001_trimmed_bismark_bt2_sorted.bedGraph.gz,https://ftp.ncbi.nlm.nih.gov/geo/series/GSE266nnn/GSE266961/suppl/GSM8257428_RREMseq_Treg2_S2_R1_001_trimmed_bismark_bt2_sorted.bedGraph.gz
File,,,GSE266961,,34758475,04/30/2024 14:02:00,COV,,,,,GSM8257429_RREM-seq_2ng_Treg1_S1_R1_001_trimmed_bismark_bt2_sorted.bismark.cov.gz,https://ftp.ncbi.nlm.nih.gov/geo/series/GSE266nnn/GSE266961/suppl/GSM8257429_RREM-seq_2ng_Treg1_S1_R1_001_trimmed_bismark_bt2_sorted.bismark.cov.gz
File,,,GSE266961,,38328551,01/21/2025 15:47:46,BW,,,,,GSM8257429_RREMseq2ng_Treg1.bw,https://ftp.ncbi.nlm.nih.gov/geo/series/GSE266nnn/GSE266961/suppl/GSM8257429_RREMseq2ng_Treg1.bw
File,,,GSE266961,,32435860,01/21/2025 15:35:12,BEDGRAPH,,,,,GSM8257429_RREMseq2ng_Treg1_S1_R1_001_trimmed_bismark_bt2_sorted.bedGraph.gz,https://ftp.ncbi.nlm.nih.gov/geo/series/GSE266nnn/GSE266961/suppl/GSM8257429_RREMseq2ng_Treg1_S1_R1_001_trimmed_bismark_bt2_sorted.bedGraph.gz
File,,,GSE266961,,26811154,04/30/2024 14:02:00,COV,,,,,GSM8257430_RREM-seq_2ng_Treg2_S2_R1_001_trimmed_bismark_bt2_sorted.bismark.cov.gz,https://ftp.ncbi.nlm.nih.gov/geo/series/GSE266nnn/GSE266961/suppl/GSM8257430_RREM-seq_2ng_Treg2_S2_R1_001_trimmed_bismark_bt2_sorted.bismark.cov.gz
File,,,GSE266961,,30772488,01/21/2025 15:47:52,BW,,,,,GSM8257430_RREMseq2ng_Treg2.bw,https://ftp.ncbi.nlm.nih.gov/geo/series/GSE266nnn/GSE266961/suppl/GSM8257430_RREMseq2ng_Treg2.bw
File,,,GSE266961,,24738790,01/21/2025 15:35:12,BEDGRAPH,,,,,GSM8257430_RREMseq2ng_Treg2_S2_R1_001_trimmed_bismark_bt2_sorted.bedGraph.gz,https://ftp.ncbi.nlm.nih.gov/geo/series/GSE266nnn/GSE266961/suppl/GSM8257430_RREMseq2ng_Treg2_S2_R1_001_trimmed_bismark_bt2_sorted.bedGraph.gz
File,,,GSE266961,,236613078,04/30/2024 14:12:34,COV,,,,,GSM8257433_WGEM_seq_Tconv1_S3_R1_001_val_1_bismark_bt2_pe.deduplicated.bismark.cov.gz,https://ftp.ncbi.nlm.nih.gov/geo/series/GSE266nnn/GSE266961/suppl/GSM8257433_WGEM_seq_Tconv1_S3_R1_001_val_1_bismark_bt2_pe.deduplicated.bismark.cov.gz
File,,,GSE266961,,258402225,01/21/2025 16:01:15,BW,,,,,GSM8257433_WGEMseq_Tconv1.bw,https://ftp.ncbi.nlm.nih.gov/geo/series/GSE266nnn/GSE266961/suppl/GSM8257433_WGEMseq_Tconv1.bw
File,,,GSE266961,,233716811,01/21/2025 15:29:45,BEDGRAPH,,,,,GSM8257433_WGEMseq_Tconv1_S3_R1_001_val_1_bismark_bt2_pe.deduplicated.bedGraph.gz,https://ftp.ncbi.nlm.nih.gov/geo/series/GSE266nnn/GSE266961/suppl/GSM8257433_WGEMseq_Tconv1_S3_R1_001_val_1_bismark_bt2_pe.deduplicated.bedGraph.gz
File,,,GSE266961,,239823777,04/30/2024 14:12:34,COV,,,,,GSM8257434_WGEM_seq_Tconv2_S4_R1_001_val_1_bismark_bt2_pe.deduplicated.bismark.cov.gz,https://ftp.ncbi.nlm.nih.gov/geo/series/GSE266nnn/GSE266961/suppl/GSM8257434_WGEM_seq_Tconv2_S4_R1_001_val_1_bismark_bt2_pe.deduplicated.bismark.cov.gz
File,,,GSE266961,,261825267,01/21/2025 16:02:17,BW,,,,,GSM8257434_WGEMseq_Tconv2.bw,https://ftp.ncbi.nlm.nih.gov/geo/series/GSE266nnn/GSE266961/suppl/GSM8257434_WGEMseq_Tconv2.bw
File,,,GSE266961,,236090961,01/21/2025 15:29:44,BEDGRAPH,,,,,GSM8257434_WGEMseq_Tconv2_S4_R1_001_val_1_bismark_bt2_pe.deduplicated.bedGraph.gz,https://ftp.ncbi.nlm.nih.gov/geo/series/GSE266nnn/GSE266961/suppl/GSM8257434_WGEMseq_Tconv2_S4_R1_001_val_1_bismark_bt2_pe.deduplicated.bedGraph.gz
File,,,GSE266961,,144101842,01/21/2025 15:44:57,BW,,,,,GSM8257435_RRBS_Tconv1.bw,https://ftp.ncbi.nlm.nih.gov/geo/series/GSE266nnn/GSE266961/suppl/GSM8257435_RRBS_Tconv1.bw
File,,,GSE266961,,114128375,01/21/2025 15:29:00,BEDGRAPH,,,,,GSM8257435_RRBS_Tconv1_S3_R1_001_trimmed_bismark_bt2_sorted.bedGraph.gz,https://ftp.ncbi.nlm.nih.gov/geo/series/GSE266nnn/GSE266961/suppl/GSM8257435_RRBS_Tconv1_S3_R1_001_trimmed_bismark_bt2_sorted.bedGraph.gz
File,,,GSE266961,,112295019,04/30/2024 14:08:36,COV,,,,,GSM8257435_RRBS_Tconv1_S3_R1_001_trimmed_bismark_bt2_sorted.bismark.cov.gz,https://ftp.ncbi.nlm.nih.gov/geo/series/GSE266nnn/GSE266961/suppl/GSM8257435_RRBS_Tconv1_S3_R1_001_trimmed_bismark_bt2_sorted.bismark.cov.gz
File,,,GSE266961,,152395730,01/21/2025 15:45:31,BW,,,,,GSM8257436_RRBS_Tconv2.bw,https://ftp.ncbi.nlm.nih.gov/geo/series/GSE266nnn/GSE266961/suppl/GSM8257436_RRBS_Tconv2.bw
File,,,GSE266961,,122126608,01/21/2025 15:28:59,BEDGRAPH,,,,,GSM8257436_RRBS_Tconv2_S4_R1_001_trimmed_bismark_bt2_sorted.bedGraph.gz,https://ftp.ncbi.nlm.nih.gov/geo/series/GSE266nnn/GSE266961/suppl/GSM8257436_RRBS_Tconv2_S4_R1_001_trimmed_bismark_bt2_sorted.bedGraph.gz
File,,,GSE266961,,120839099,04/30/2024 14:08:37,COV,,,,,GSM8257436_RRBS_Tconv2_S4_R1_001_trimmed_bismark_bt2_sorted.bismark.cov.gz,https://ftp.ncbi.nlm.nih.gov/geo/series/GSE266nnn/GSE266961/suppl/GSM8257436_RRBS_Tconv2_S4_R1_001_trimmed_bismark_bt2_sorted.bismark.cov.gz
File,,,GSE266961,,55375049,04/30/2024 14:08:43,COV,,,,,GSM8257437_RREM_seq_Tconv1_S3_R1_001_trimmed_bismark_bt2_sorted.bismark.cov.gz,https://ftp.ncbi.nlm.nih.gov/geo/series/GSE266nnn/GSE266961/suppl/GSM8257437_RREM_seq_Tconv1_S3_R1_001_trimmed_bismark_bt2_sorted.bismark.cov.gz
File,,,GSE266961,,58778977,01/21/2025 15:48:21,BW,,,,,GSM8257437_RREMseq_Tconv1.bw,https://ftp.ncbi.nlm.nih.gov/geo/series/GSE266nnn/GSE266961/suppl/GSM8257437_RREMseq_Tconv1.bw
File,,,GSE266961,,54199776,01/21/2025 15:29:02,BEDGRAPH,,,,,GSM8257437_RREMseq_Tconv1_S3_R1_001_trimmed_bismark_bt2_sorted.bedGraph.gz,https://ftp.ncbi.nlm.nih.gov/geo/series/GSE266nnn/GSE266961/suppl/GSM8257437_RREMseq_Tconv1_S3_R1_001_trimmed_bismark_bt2_sorted.bedGraph.gz
File,,,GSE266961,,55757054,04/30/2024 14:08:41,COV,,,,,GSM8257438_RREM_seq_Tconv2_S4_R1_001_trimmed_bismark_bt2_sorted.bismark.cov.gz,https://ftp.ncbi.nlm.nih.gov/geo/series/GSE266nnn/GSE266961/suppl/GSM8257438_RREM_seq_Tconv2_S4_R1_001_trimmed_bismark_bt2_sorted.bismark.cov.gz
File,,,GSE266961,,58403801,01/21/2025 15:48:34,BW,,,,,GSM8257438_RREMseq_Tconv2.bw,https://ftp.ncbi.nlm.nih.gov/geo/series/GSE266nnn/GSE266961/suppl/GSM8257438_RREMseq_Tconv2.bw
File,,,GSE266961,,54193270,01/21/2025 15:29:02,BEDGRAPH,,,,,GSM8257438_RREMseq_Tconv2_S4_R1_001_trimmed_bismark_bt2_sorted.bedGraph.gz,https://ftp.ncbi.nlm.nih.gov/geo/series/GSE266nnn/GSE266961/suppl/GSM8257438_RREMseq_Tconv2_S4_R1_001_trimmed_bismark_bt2_sorted.bedGraph.gz
File,,,GSE266961,,34563983,04/30/2024 14:02:00,COV,,,,,GSM8257439_RREM-seq_2ng_Tconv1_S3_R1_001_trimmed_bismark_bt2_sorted.bismark.cov.gz,https://ftp.ncbi.nlm.nih.gov/geo/series/GSE266nnn/GSE266961/suppl/GSM8257439_RREM-seq_2ng_Tconv1_S3_R1_001_trimmed_bismark_bt2_sorted.bismark.cov.gz
File,,,GSE266961,,37930015,01/21/2025 15:47:14,BW,,,,,GSM8257439_RREMseq2ng_Tconv1.bw,https://ftp.ncbi.nlm.nih.gov/geo/series/GSE266nnn/GSE266961/suppl/GSM8257439_RREMseq2ng_Tconv1.bw
File,,,GSE266961,,32215258,01/21/2025 15:35:12,BEDGRAPH,,,,,GSM8257439_RREMseq2ng_Tconv1_S3_R1_001_trimmed_bismark_bt2_sorted.bedGraph.gz,https://ftp.ncbi.nlm.nih.gov/geo/series/GSE266nnn/GSE266961/suppl/GSM8257439_RREMseq2ng_Tconv1_S3_R1_001_trimmed_bismark_bt2_sorted.bedGraph.gz
File,,,GSE266961,,36484288,04/30/2024 14:02:00,COV,,,,,GSM8257440_RREM-seq_2ng_Tconv2_S4_R1_001_trimmed_bismark_bt2_sorted.bismark.cov.gz,https://ftp.ncbi.nlm.nih.gov/geo/series/GSE266nnn/GSE266961/suppl/GSM8257440_RREM-seq_2ng_Tconv2_S4_R1_001_trimmed_bismark_bt2_sorted.bismark.cov.gz
File,,,GSE266961,,39250120,01/21/2025 15:47:21,BW,,,,,GSM8257440_RREMseq2ng_Tconv2.bw,https://ftp.ncbi.nlm.nih.gov/geo/series/GSE266nnn/GSE266961/suppl/GSM8257440_RREMseq2ng_Tconv2.bw
File,,,GSE266961,,33919892,01/21/2025 15:35:11,BEDGRAPH,,,,,GSM8257440_RREMseq2ng_Tconv2_S4_R1_001_trimmed_bismark_bt2_sorted.bedGraph.gz,https://ftp.ncbi.nlm.nih.gov/geo/series/GSE266nnn/GSE266961/suppl/GSM8257440_RREMseq2ng_Tconv2_S4_R1_001_trimmed_bismark_bt2_sorted.bedGraph.gz
File,,,GSE266961,,45316637,01/29/2025 15:29:59,BW,,,,,GSM8257441_P1_CD4.bw,https://ftp.ncbi.nlm.nih.gov/geo/series/GSE266nnn/GSE266961/suppl/GSM8257441_P1_CD4.bw
File,,,GSE266961,,38980386,01/29/2025 14:59:15,BEDGRAPH,,,,,GSM8257441_P1_CD4_S1_R1_001_trimmed_bismark_bt2_sorted.bedGraph.gz,https://ftp.ncbi.nlm.nih.gov/geo/series/GSE266nnn/GSE266961/suppl/GSM8257441_P1_CD4_S1_R1_001_trimmed_bismark_bt2_sorted.bedGraph.gz
File,,,GSE266961,,41095466,04/30/2024 13:59:17,COV,,,,,GSM8257441_P1_Tconv_S1_R1_001_trimmed_bismark_bt2_sorted.bismark.cov.gz,https://ftp.ncbi.nlm.nih.gov/geo/series/GSE266nnn/GSE266961/suppl/GSM8257441_P1_Tconv_S1_R1_001_trimmed_bismark_bt2_sorted.bismark.cov.gz
File,,,GSE266961,,56792728,01/29/2025 15:30:12,BW,,,,,GSM8257442_P1_Treg.bw,https://ftp.ncbi.nlm.nih.gov/geo/series/GSE266nnn/GSE266961/suppl/GSM8257442_P1_Treg.bw
File,,,GSE266961,,49195333,01/29/2025 14:59:17,BEDGRAPH,,,,,GSM8257442_P1_Treg_S2_R1_001_trimmed_bismark_bt2_sorted.bedGraph.gz,https://ftp.ncbi.nlm.nih.gov/geo/series/GSE266nnn/GSE266961/suppl/GSM8257442_P1_Treg_S2_R1_001_trimmed_bismark_bt2_sorted.bedGraph.gz
File,,,GSE266961,,50654970,04/30/2024 13:59:16,COV,,,,,GSM8257442_P1_Treg_S2_R1_001_trimmed_bismark_bt2_sorted.bismark.cov.gz,https://ftp.ncbi.nlm.nih.gov/geo/series/GSE266nnn/GSE266961/suppl/GSM8257442_P1_Treg_S2_R1_001_trimmed_bismark_bt2_sorted.bismark.cov.gz
File,,,GSE266961,,37959788,01/29/2025 15:30:20,BW,,,,,GSM8257443_P2_CD4.bw,https://ftp.ncbi.nlm.nih.gov/geo/series/GSE266nnn/GSE266961/suppl/GSM8257443_P2_CD4.bw
File,,,GSE266961,,32277959,01/29/2025 14:59:15,BEDGRAPH,,,,,GSM8257443_P2_CD4_S3_R1_001_trimmed_bismark_bt2_sorted.bedGraph.gz,https://ftp.ncbi.nlm.nih.gov/geo/series/GSE266nnn/GSE266961/suppl/GSM8257443_P2_CD4_S3_R1_001_trimmed_bismark_bt2_sorted.bedGraph.gz
File,,,GSE266961,,34087187,04/30/2024 13:59:18,COV,,,,,GSM8257443_P2_Tconv_S3_R1_001_trimmed_bismark_bt2_sorted.bismark.cov.gz,https://ftp.ncbi.nlm.nih.gov/geo/series/GSE266nnn/GSE266961/suppl/GSM8257443_P2_Tconv_S3_R1_001_trimmed_bismark_bt2_sorted.bismark.cov.gz
File,,,GSE266961,,42357810,01/29/2025 15:30:29,BW,,,,,GSM8257444_P2_Treg.bw,https://ftp.ncbi.nlm.nih.gov/geo/series/GSE266nnn/GSE266961/suppl/GSM8257444_P2_Treg.bw
File,,,GSE266961,,36108398,01/29/2025 14:59:14,BEDGRAPH,,,,,GSM8257444_P2_Treg_S4_R1_001_trimmed_bismark_bt2_sorted.bedGraph.gz,https://ftp.ncbi.nlm.nih.gov/geo/series/GSE266nnn/GSE266961/suppl/GSM8257444_P2_Treg_S4_R1_001_trimmed_bismark_bt2_sorted.bedGraph.gz
File,,,GSE266961,,37891515,04/30/2024 13:59:18,COV,,,,,GSM8257444_P2_Treg_S4_R1_001_trimmed_bismark_bt2_sorted.bismark.cov.gz,https://ftp.ncbi.nlm.nih.gov/geo/series/GSE266nnn/GSE266961/suppl/GSM8257444_P2_Treg_S4_R1_001_trimmed_bismark_bt2_sorted.bismark.cov.gz
File,,,GSE266961,,47233019,01/29/2025 15:30:40,BW,,,,,GSM8257445_P3_CD4.bw,https://ftp.ncbi.nlm.nih.gov/geo/series/GSE266nnn/GSE266961/suppl/GSM8257445_P3_CD4.bw
File,,,GSE266961,,41255290,01/29/2025 14:59:14,BEDGRAPH,,,,,GSM8257445_P3_CD4_S5_R1_001_trimmed_bismark_bt2_sorted.bedGraph.gz,https://ftp.ncbi.nlm.nih.gov/geo/series/GSE266nnn/GSE266961/suppl/GSM8257445_P3_CD4_S5_R1_001_trimmed_bismark_bt2_sorted.bedGraph.gz
File,,,GSE266961,,42992687,04/30/2024 13:59:17,COV,,,,,GSM8257445_P3_Tconv_S5_R1_001_trimmed_bismark_bt2_sorted.bismark.cov.gz,https://ftp.ncbi.nlm.nih.gov/geo/series/GSE266nnn/GSE266961/suppl/GSM8257445_P3_Tconv_S5_R1_001_trimmed_bismark_bt2_sorted.bismark.cov.gz
File,,,GSE266961,,38969111,01/29/2025 15:30:48,BW,,,,,GSM8257446_P3_Treg.bw,https://ftp.ncbi.nlm.nih.gov/geo/series/GSE266nnn/GSE266961/suppl/GSM8257446_P3_Treg.bw
File,,,GSE266961,,32099153,01/29/2025 14:59:15,BEDGRAPH,,,,,GSM8257446_P3_Treg_S6_R1_001_trimmed_bismark_bt2_sorted.bedGraph.gz,https://ftp.ncbi.nlm.nih.gov/geo/series/GSE266nnn/GSE266961/suppl/GSM8257446_P3_Treg_S6_R1_001_trimmed_bismark_bt2_sorted.bedGraph.gz
File,,,GSE266961,,33301623,04/30/2024 13:59:20,COV,,,,,GSM8257446_P3_Treg_S6_R1_001_trimmed_bismark_bt2_sorted.bismark.cov.gz,https://ftp.ncbi.nlm.nih.gov/geo/series/GSE266nnn/GSE266961/suppl/GSM8257446_P3_Treg_S6_R1_001_trimmed_bismark_bt2_sorted.bismark.cov.gz
File,,,GSE266961,,62091894,01/29/2025 15:31:00,BW,,,,,GSM8257447_P4_CD4.bw,https://ftp.ncbi.nlm.nih.gov/geo/series/GSE266nnn/GSE266961/suppl/GSM8257447_P4_CD4.bw
File,,,GSE266961,,43807097,01/29/2025 14:58:45,BEDGRAPH,,,,,GSM8257447_P4_CD4_S1_R1_001_trimmed_bismark_bt2_sorted.bedGraph.gz,https://ftp.ncbi.nlm.nih.gov/geo/series/GSE266nnn/GSE266961/suppl/GSM8257447_P4_CD4_S1_R1_001_trimmed_bismark_bt2_sorted.bedGraph.gz
File,,,GSE266961,,46984458,04/30/2024 13:59:16,COV,,,,,GSM8257447_P4_Tconv_S1_R1_001_trimmed_bismark_bt2_sorted.bismark.cov.gz,https://ftp.ncbi.nlm.nih.gov/geo/series/GSE266nnn/GSE266961/suppl/GSM8257447_P4_Tconv_S1_R1_001_trimmed_bismark_bt2_sorted.bismark.cov.gz
File,,,GSE266961,,32228084,01/29/2025 15:31:07,BW,,,,,GSM8257448_P4_Treg.bw,https://ftp.ncbi.nlm.nih.gov/geo/series/GSE266nnn/GSE266961/suppl/GSM8257448_P4_Treg.bw
File,,,GSE266961,,26453300,01/29/2025 14:58:46,BEDGRAPH,,,,,GSM8257448_P4_Treg_S2_R1_001_trimmed_bismark_bt2_sorted.bedGraph.gz,https://ftp.ncbi.nlm.nih.gov/geo/series/GSE266nnn/GSE266961/suppl/GSM8257448_P4_Treg_S2_R1_001_trimmed_bismark_bt2_sorted.bedGraph.gz
File,,,GSE266961,,28495073,04/30/2024 13:59:20,COV,,,,,GSM8257448_P4_Treg_S2_R1_001_trimmed_bismark_bt2_sorted.bismark.cov.gz,https://ftp.ncbi.nlm.nih.gov/geo/series/GSE266nnn/GSE266961/suppl/GSM8257448_P4_Treg_S2_R1_001_trimmed_bismark_bt2_sorted.bismark.cov.gz
File,,,GSE266961,,57422095,01/29/2025 15:31:17,BW,,,,,GSM8257449_P5_CD4.bw,https://ftp.ncbi.nlm.nih.gov/geo/series/GSE266nnn/GSE266961/suppl/GSM8257449_P5_CD4.bw
File,,,GSE266961,,40226142,01/29/2025 14:58:45,BEDGRAPH,,,,,GSM8257449_P5_CD4_S3_R1_001_trimmed_bismark_bt2_sorted.bedGraph.gz,https://ftp.ncbi.nlm.nih.gov/geo/series/GSE266nnn/GSE266961/suppl/GSM8257449_P5_CD4_S3_R1_001_trimmed_bismark_bt2_sorted.bedGraph.gz
File,,,GSE266961,,42954563,04/30/2024 13:59:17,COV,,,,,GSM8257449_P5_Tconv_S3_R1_001_trimmed_bismark_bt2_sorted.bismark.cov.gz,https://ftp.ncbi.nlm.nih.gov/geo/series/GSE266nnn/GSE266961/suppl/GSM8257449_P5_Tconv_S3_R1_001_trimmed_bismark_bt2_sorted.bismark.cov.gz
File,,,GSE266961,,44374022,01/29/2025 15:31:27,BW,,,,,GSM8257450_P5_Treg.bw,https://ftp.ncbi.nlm.nih.gov/geo/series/GSE266nnn/GSE266961/suppl/GSM8257450_P5_Treg.bw
File,,,GSE266961,,39572879,01/29/2025 14:58:45,BEDGRAPH,,,,,GSM8257450_P5_Treg_S4_R1_001_trimmed_bismark_bt2_sorted.bedGraph.gz,https://ftp.ncbi.nlm.nih.gov/geo/series/GSE266nnn/GSE266961/suppl/GSM8257450_P5_Treg_S4_R1_001_trimmed_bismark_bt2_sorted.bedGraph.gz
File,,,GSE266961,,42019512,04/30/2024 13:59:17,COV,,,,,GSM8257450_P5_Treg_S4_R1_001_trimmed_bismark_bt2_sorted.bismark.cov.gz,https://ftp.ncbi.nlm.nih.gov/geo/series/GSE266nnn/GSE266961/suppl/GSM8257450_P5_Treg_S4_R1_001_trimmed_bismark_bt2_sorted.bismark.cov.gz
File,,,GSE266961,,49850006,01/29/2025 15:31:38,BW,,,,,GSM8257451_P6_CD4.bw,https://ftp.ncbi.nlm.nih.gov/geo/series/GSE266nnn/GSE266961/suppl/GSM8257451_P6_CD4.bw
File,,,GSE266961,,44823032,01/29/2025 14:58:44,BEDGRAPH,,,,,GSM8257451_P6_CD4_S1_R1_001_trimmed_bismark_bt2_sorted.bedGraph.gz,https://ftp.ncbi.nlm.nih.gov/geo/series/GSE266nnn/GSE266961/suppl/GSM8257451_P6_CD4_S1_R1_001_trimmed_bismark_bt2_sorted.bedGraph.gz
File,,,GSE266961,,47952757,04/30/2024 13:59:16,COV,,,,,GSM8257451_P6_Tconv_S1_R1_001_trimmed_bismark_bt2_sorted.bismark.cov.gz,https://ftp.ncbi.nlm.nih.gov/geo/series/GSE266nnn/GSE266961/suppl/GSM8257451_P6_Tconv_S1_R1_001_trimmed_bismark_bt2_sorted.bismark.cov.gz
File,,,GSE266961,,38131138,01/29/2025 15:31:46,BW,,,,,GSM8257452_P6_Treg.bw,https://ftp.ncbi.nlm.nih.gov/geo/series/GSE266nnn/GSE266961/suppl/GSM8257452_P6_Treg.bw
File,,,GSE266961,,32219040,01/29/2025 14:58:45,BEDGRAPH,,,,,GSM8257452_P6_Treg_S2_R1_001_trimmed_bismark_bt2_sorted.bedGraph.gz,https://ftp.ncbi.nlm.nih.gov/geo/series/GSE266nnn/GSE266961/suppl/GSM8257452_P6_Treg_S2_R1_001_trimmed_bismark_bt2_sorted.bedGraph.gz
File,,,GSE266961,,34604959,04/30/2024 13:59:18,COV,,,,,GSM8257452_P6_Treg_S2_R1_001_trimmed_bismark_bt2_sorted.bismark.cov.gz,https://ftp.ncbi.nlm.nih.gov/geo/series/GSE266nnn/GSE266961/suppl/GSM8257452_P6_Treg_S2_R1_001_trimmed_bismark_bt2_sorted.bismark.cov.gz
File,,,GSE266961,,51406928,01/29/2025 15:31:58,BW,,,,,GSM8257453_P7_CD4.bw,https://ftp.ncbi.nlm.nih.gov/geo/series/GSE266nnn/GSE266961/suppl/GSM8257453_P7_CD4.bw
File,,,GSE266961,,45841318,01/29/2025 14:58:44,BEDGRAPH,,,,,GSM8257453_P7_CD4_S3_R1_001_trimmed_bismark_bt2_sorted.bedGraph.gz,https://ftp.ncbi.nlm.nih.gov/geo/series/GSE266nnn/GSE266961/suppl/GSM8257453_P7_CD4_S3_R1_001_trimmed_bismark_bt2_sorted.bedGraph.gz
File,,,GSE266961,,48617884,04/30/2024 13:59:16,COV,,,,,GSM8257453_P7_Tconv_S3_R1_001_trimmed_bismark_bt2_sorted.bismark.cov.gz,https://ftp.ncbi.nlm.nih.gov/geo/series/GSE266nnn/GSE266961/suppl/GSM8257453_P7_Tconv_S3_R1_001_trimmed_bismark_bt2_sorted.bismark.cov.gz
File,,,GSE266961,,43779523,01/29/2025 15:32:07,BW,,,,,GSM8257454_P7_Treg.bw,https://ftp.ncbi.nlm.nih.gov/geo/series/GSE266nnn/GSE266961/suppl/GSM8257454_P7_Treg.bw
File,,,GSE266961,,37379649,01/29/2025 14:58:45,BEDGRAPH,,,,,GSM8257454_P7_Treg_S4_R1_001_trimmed_bismark_bt2_sorted.bedGraph.gz,https://ftp.ncbi.nlm.nih.gov/geo/series/GSE266nnn/GSE266961/suppl/GSM8257454_P7_Treg_S4_R1_001_trimmed_bismark_bt2_sorted.bedGraph.gz
File,,,GSE266961,,39296009,04/30/2024 13:59:18,COV,,,,,GSM8257454_P7_Treg_S4_R1_001_trimmed_bismark_bt2_sorted.bismark.cov.gz,https://ftp.ncbi.nlm.nih.gov/geo/series/GSE266nnn/GSE266961/suppl/GSM8257454_P7_Treg_S4_R1_001_trimmed_bismark_bt2_sorted.bismark.cov.gz
File,,,GSE266961,,233465278,01/28/2025 15:30:11,BW,,,,,GSM8767989_WGBS_Tconv1.bw,https://ftp.ncbi.nlm.nih.gov/geo/series/GSE266nnn/GSE266961/suppl/GSM8767989_WGBS_Tconv1.bw
File,,,GSE266961,,206223632,01/28/2025 15:23:49,BEDGRAPH,,,,,GSM8767989_WGBS_Tconv1_S1_CpG_context_merged.bedGraph.gz,https://ftp.ncbi.nlm.nih.gov/geo/series/GSE266nnn/GSE266961/suppl/GSM8767989_WGBS_Tconv1_S1_CpG_context_merged.bedGraph.gz
File,,,GSE266961,,205926307,01/24/2025 12:06:11,COV,,,,,GSM8767989_WGBS_Tconv1_S1_CpG_context_merged.gz.bismark.cov.gz,https://ftp.ncbi.nlm.nih.gov/geo/series/GSE266nnn/GSE266961/suppl/GSM8767989_WGBS_Tconv1_S1_CpG_context_merged.gz.bismark.cov.gz
File,,,GSE266961,,224963782,01/28/2025 15:31:02,BW,,,,,GSM8767990_WGBS_Tconv2.bw,https://ftp.ncbi.nlm.nih.gov/geo/series/GSE266nnn/GSE266961/suppl/GSM8767990_WGBS_Tconv2.bw
File,,,GSE266961,,196365104,01/28/2025 15:23:49,BEDGRAPH,,,,,GSM8767990_WGBS_Tconv2_S2_CpG_context_merged.bedGraph.gz,https://ftp.ncbi.nlm.nih.gov/geo/series/GSE266nnn/GSE266961/suppl/GSM8767990_WGBS_Tconv2_S2_CpG_context_merged.bedGraph.gz
File,,,GSE266961,,196683786,01/24/2025 12:06:12,COV,,,,,GSM8767990_WGBS_Tconv2_S2_CpG_context_merged.gz.bismark.cov.gz,https://ftp.ncbi.nlm.nih.gov/geo/series/GSE266nnn/GSE266961/suppl/GSM8767990_WGBS_Tconv2_S2_CpG_context_merged.gz.bismark.cov.gz
File,,,GSE266961,,228584384,01/28/2025 15:31:55,BW,,,,,GSM8767991_WGBS_Tconv3.bw,https://ftp.ncbi.nlm.nih.gov/geo/series/GSE266nnn/GSE266961/suppl/GSM8767991_WGBS_Tconv3.bw
File,,,GSE266961,,201608157,01/28/2025 15:24:29,BEDGRAPH,,,,,GSM8767991_WGBS_Tconv3_S1_CpG_context_merged.bedGraph.gz,https://ftp.ncbi.nlm.nih.gov/geo/series/GSE266nnn/GSE266961/suppl/GSM8767991_WGBS_Tconv3_S1_CpG_context_merged.bedGraph.gz
File,,,GSE266961,,200336474,01/23/2025 11:49:17,COV,,,,,GSM8767991_WGBS_Tconv3_S1_CpG_context_merged.gz.bismark.cov.gz,https://ftp.ncbi.nlm.nih.gov/geo/series/GSE266nnn/GSE266961/suppl/GSM8767991_WGBS_Tconv3_S1_CpG_context_merged.gz.bismark.cov.gz
File,,,GSE266961,,249639436,01/28/2025 15:32:53,BW,,,,,GSM8767992_WGBS_Tconv4.bw,https://ftp.ncbi.nlm.nih.gov/geo/series/GSE266nnn/GSE266961/suppl/GSM8767992_WGBS_Tconv4.bw
File,,,GSE266961,,221461615,01/28/2025 15:24:29,BEDGRAPH,,,,,GSM8767992_WGBS_Tconv4_S2_CpG_context_merged.bedGraph.gz,https://ftp.ncbi.nlm.nih.gov/geo/series/GSE266nnn/GSE266961/suppl/GSM8767992_WGBS_Tconv4_S2_CpG_context_merged.bedGraph.gz
File,,,GSE266961,,222727607,01/23/2025 11:49:16,COV,,,,,GSM8767992_WGBS_Tconv4_S2_CpG_context_merged.gz.bismark.cov.gz,https://ftp.ncbi.nlm.nih.gov/geo/series/GSE266nnn/GSE266961/suppl/GSM8767992_WGBS_Tconv4_S2_CpG_context_merged.gz.bismark.cov.gz
File,,,GSE266961,,231995233,01/28/2025 15:33:46,BW,,,,,GSM8767993_WGBS_Tconv5.bw,https://ftp.ncbi.nlm.nih.gov/geo/series/GSE266nnn/GSE266961/suppl/GSM8767993_WGBS_Tconv5.bw
File,,,GSE266961,,203138915,01/28/2025 15:24:44,BEDGRAPH,,,,,GSM8767993_WGBS_Tconv5_S3_CpG_context_merged.bedGraph.gz,https://ftp.ncbi.nlm.nih.gov/geo/series/GSE266nnn/GSE266961/suppl/GSM8767993_WGBS_Tconv5_S3_CpG_context_merged.bedGraph.gz
File,,,GSE266961,,203817060,01/23/2025 11:33:30,COV,,,,,GSM8767993_WGBS_Tconv5_S3_CpG_context_merged.gz.bismark.cov.gz,https://ftp.ncbi.nlm.nih.gov/geo/series/GSE266nnn/GSE266961/suppl/GSM8767993_WGBS_Tconv5_S3_CpG_context_merged.gz.bismark.cov.gz
File,,,GSE266961,,261761569,01/21/2025 16:03:19,BW,,,,,GSM8767994_WGEMseq_Tconv3.bw,https://ftp.ncbi.nlm.nih.gov/geo/series/GSE266nnn/GSE266961/suppl/GSM8767994_WGEMseq_Tconv3.bw
File,,,GSE266961,,236736574,01/18/2025 09:42:58,BEDGRAPH,,,,,GSM8767994_WGEMseq_Tconv3_S1_R1_001_val_1_bismark_bt2_pe.deduplicated.bedGraph.gz,https://ftp.ncbi.nlm.nih.gov/geo/series/GSE266nnn/GSE266961/suppl/GSM8767994_WGEMseq_Tconv3_S1_R1_001_val_1_bismark_bt2_pe.deduplicated.bedGraph.gz
File,,,GSE266961,,238974176,01/18/2025 09:42:37,COV,,,,,GSM8767994_WGEMseq_Tconv3_S1_R1_001_val_1_bismark_bt2_pe.deduplicated.bismark.cov.gz,https://ftp.ncbi.nlm.nih.gov/geo/series/GSE266nnn/GSE266961/suppl/GSM8767994_WGEMseq_Tconv3_S1_R1_001_val_1_bismark_bt2_pe.deduplicated.bismark.cov.gz
File,,,GSE266961,,264321962,01/21/2025 16:04:21,BW,,,,,GSM8767995_WGEMseq_Tconv4.bw,https://ftp.ncbi.nlm.nih.gov/geo/series/GSE266nnn/GSE266961/suppl/GSM8767995_WGEMseq_Tconv4.bw
File,,,GSE266961,,238836147,01/18/2025 09:42:57,BEDGRAPH,,,,,GSM8767995_WGEMseq_Tconv4_S2_R1_001_val_1_bismark_bt2_pe.deduplicated.bedGraph.gz,https://ftp.ncbi.nlm.nih.gov/geo/series/GSE266nnn/GSE266961/suppl/GSM8767995_WGEMseq_Tconv4_S2_R1_001_val_1_bismark_bt2_pe.deduplicated.bedGraph.gz
File,,,GSE266961,,241905650,01/18/2025 09:42:37,COV,,,,,GSM8767995_WGEMseq_Tconv4_S2_R1_001_val_1_bismark_bt2_pe.deduplicated.bismark.cov.gz,https://ftp.ncbi.nlm.nih.gov/geo/series/GSE266nnn/GSE266961/suppl/GSM8767995_WGEMseq_Tconv4_S2_R1_001_val_1_bismark_bt2_pe.deduplicated.bismark.cov.gz
File,,,GSE266961,,268810221,01/21/2025 16:05:27,BW,,,,,GSM8767996_WGEMseq_Tconv5.bw,https://ftp.ncbi.nlm.nih.gov/geo/series/GSE266nnn/GSE266961/suppl/GSM8767996_WGEMseq_Tconv5.bw
File,,,GSE266961,,241560451,01/18/2025 09:46:51,BEDGRAPH,,,,,GSM8767996_WGEMseq_Tconv5_S3_R1_001_val_1_bismark_bt2_pe.deduplicated.bedGraph.gz,https://ftp.ncbi.nlm.nih.gov/geo/series/GSE266nnn/GSE266961/suppl/GSM8767996_WGEMseq_Tconv5_S3_R1_001_val_1_bismark_bt2_pe.deduplicated.bedGraph.gz
File,,,GSE266961,,244828161,01/18/2025 09:47:11,COV,,,,,GSM8767996_WGEMseq_Tconv5_S3_R1_001_val_1_bismark_bt2_pe.deduplicated.bismark.cov.gz,https://ftp.ncbi.nlm.nih.gov/geo/series/GSE266nnn/GSE266961/suppl/GSM8767996_WGEMseq_Tconv5_S3_R1_001_val_1_bismark_bt2_pe.deduplicated.bismark.cov.gz
File,,,GSE266961,,236217195,01/21/2025 15:51:32,BW,,,,,GSM8767997_WGEMseq2ng_Tconv1.bw,https://ftp.ncbi.nlm.nih.gov/geo/series/GSE266nnn/GSE266961/suppl/GSM8767997_WGEMseq2ng_Tconv1.bw
File,,,GSE266961,,213891735,01/18/2025 09:43:22,BEDGRAPH,,,,,GSM8767997_WGEMseq2ng_Tconv1_S1_R1_001_val_1_bismark_bt2_pe.deduplicated.bedGraph.gz,https://ftp.ncbi.nlm.nih.gov/geo/series/GSE266nnn/GSE266961/suppl/GSM8767997_WGEMseq2ng_Tconv1_S1_R1_001_val_1_bismark_bt2_pe.deduplicated.bedGraph.gz
File,,,GSE266961,,210395761,01/18/2025 09:43:32,COV,,,,,GSM8767997_WGEMseq2ng_Tconv1_S1_R1_001_val_1_bismark_bt2_pe.deduplicated.bismark.cov.gz,https://ftp.ncbi.nlm.nih.gov/geo/series/GSE266nnn/GSE266961/suppl/GSM8767997_WGEMseq2ng_Tconv1_S1_R1_001_val_1_bismark_bt2_pe.deduplicated.bismark.cov.gz
File,,,GSE266961,,236783513,01/21/2025 15:52:29,BW,,,,,GSM8767998_WGEMseq2ng_Tconv2.bw,https://ftp.ncbi.nlm.nih.gov/geo/series/GSE266nnn/GSE266961/suppl/GSM8767998_WGEMseq2ng_Tconv2.bw
File,,,GSE266961,,215793603,01/18/2025 09:43:22,BEDGRAPH,,,,,GSM8767998_WGEMseq2ng_Tconv2_S2_R1_001_val_1_bismark_bt2_pe.deduplicated.bedGraph.gz,https://ftp.ncbi.nlm.nih.gov/geo/series/GSE266nnn/GSE266961/suppl/GSM8767998_WGEMseq2ng_Tconv2_S2_R1_001_val_1_bismark_bt2_pe.deduplicated.bedGraph.gz
File,,,GSE266961,,212940946,01/18/2025 09:43:32,COV,,,,,GSM8767998_WGEMseq2ng_Tconv2_S2_R1_001_val_1_bismark_bt2_pe.deduplicated.bismark.cov.gz,https://ftp.ncbi.nlm.nih.gov/geo/series/GSE266nnn/GSE266961/suppl/GSM8767998_WGEMseq2ng_Tconv2_S2_R1_001_val_1_bismark_bt2_pe.deduplicated.bismark.cov.gz
File,,,GSE266961,,226485836,01/21/2025 15:53:26,BW,,,,,GSM8767999_WGEMseq2ng_Tconv3.bw,https://ftp.ncbi.nlm.nih.gov/geo/series/GSE266nnn/GSE266961/suppl/GSM8767999_WGEMseq2ng_Tconv3.bw
File,,,GSE266961,,206823001,01/18/2025 09:45:57,BEDGRAPH,,,,,GSM8767999_WGEMseq2ng_Tconv3_S1_R1_001_val_1_bismark_bt2_pe.deduplicated.bedGraph.gz,https://ftp.ncbi.nlm.nih.gov/geo/series/GSE266nnn/GSE266961/suppl/GSM8767999_WGEMseq2ng_Tconv3_S1_R1_001_val_1_bismark_bt2_pe.deduplicated.bedGraph.gz
File,,,GSE266961,,202420286,01/18/2025 09:45:34,COV,,,,,GSM8767999_WGEMseq2ng_Tconv3_S1_R1_001_val_1_bismark_bt2_pe.deduplicated.bismark.cov.gz,https://ftp.ncbi.nlm.nih.gov/geo/series/GSE266nnn/GSE266961/suppl/GSM8767999_WGEMseq2ng_Tconv3_S1_R1_001_val_1_bismark_bt2_pe.deduplicated.bismark.cov.gz
File,,,GSE266961,,245419845,01/21/2025 15:54:25,BW,,,,,GSM8768000_WGEMseq2ng_Tconv4.bw,https://ftp.ncbi.nlm.nih.gov/geo/series/GSE266nnn/GSE266961/suppl/GSM8768000_WGEMseq2ng_Tconv4.bw
File,,,GSE266961,,223965183,01/18/2025 09:45:56,BEDGRAPH,,,,,GSM8768000_WGEMseq2ng_Tconv4_S2_R1_001_val_1_bismark_bt2_pe.deduplicated.bedGraph.gz,https://ftp.ncbi.nlm.nih.gov/geo/series/GSE266nnn/GSE266961/suppl/GSM8768000_WGEMseq2ng_Tconv4_S2_R1_001_val_1_bismark_bt2_pe.deduplicated.bedGraph.gz
File,,,GSE266961,,222869638,01/18/2025 09:45:34,COV,,,,,GSM8768000_WGEMseq2ng_Tconv4_S2_R1_001_val_1_bismark_bt2_pe.deduplicated.bismark.cov.gz,https://ftp.ncbi.nlm.nih.gov/geo/series/GSE266nnn/GSE266961/suppl/GSM8768000_WGEMseq2ng_Tconv4_S2_R1_001_val_1_bismark_bt2_pe.deduplicated.bismark.cov.gz
File,,,GSE266961,,230587469,01/21/2025 15:55:19,BW,,,,,GSM8768001_WGEMseq2ng_Tconv5.bw,https://ftp.ncbi.nlm.nih.gov/geo/series/GSE266nnn/GSE266961/suppl/GSM8768001_WGEMseq2ng_Tconv5.bw
File,,,GSE266961,,210772603,01/18/2025 09:46:52,BEDGRAPH,,,,,GSM8768001_WGEMseq2ng_Tconv5_S1_R1_001_val_1_bismark_bt2_pe.deduplicated.bedGraph.gz,https://ftp.ncbi.nlm.nih.gov/geo/series/GSE266nnn/GSE266961/suppl/GSM8768001_WGEMseq2ng_Tconv5_S1_R1_001_val_1_bismark_bt2_pe.deduplicated.bedGraph.gz
File,,,GSE266961,,207086993,01/18/2025 09:47:11,COV,,,,,GSM8768001_WGEMseq2ng_Tconv5_S1_R1_001_val_1_bismark_bt2_pe.deduplicated.bismark.cov.gz,https://ftp.ncbi.nlm.nih.gov/geo/series/GSE266nnn/GSE266961/suppl/GSM8768001_WGEMseq2ng_Tconv5_S1_R1_001_val_1_bismark_bt2_pe.deduplicated.bismark.cov.gz
File,,,GSE266961,,15986226,01/21/2025 15:45:34,BW,,,,,GSM8768002_RRBS_Tconv3.bw,https://ftp.ncbi.nlm.nih.gov/geo/series/GSE266nnn/GSE266961/suppl/GSM8768002_RRBS_Tconv3.bw
File,,,GSE266961,,12449319,01/20/2025 11:21:18,BEDGRAPH,,,,,GSM8768002_RRBS_Tconv3_S1_R1_001_trimmed_bismark_bt2_sorted.bedGraph.gz,https://ftp.ncbi.nlm.nih.gov/geo/series/GSE266nnn/GSE266961/suppl/GSM8768002_RRBS_Tconv3_S1_R1_001_trimmed_bismark_bt2_sorted.bedGraph.gz
File,,,GSE266961,,13586305,01/20/2025 11:20:54,COV,,,,,GSM8768002_RRBS_Tconv3_S1_R1_001_trimmed_bismark_bt2_sorted.bismark.cov.gz,https://ftp.ncbi.nlm.nih.gov/geo/series/GSE266nnn/GSE266961/suppl/GSM8768002_RRBS_Tconv3_S1_R1_001_trimmed_bismark_bt2_sorted.bismark.cov.gz
File,,,GSE266961,,12266722,01/21/2025 15:45:36,BW,,,,,GSM8768003_RRBS_Tconv4.bw,https://ftp.ncbi.nlm.nih.gov/geo/series/GSE266nnn/GSE266961/suppl/GSM8768003_RRBS_Tconv4.bw
File,,,GSE266961,,8899384,01/20/2025 11:21:34,BEDGRAPH,,,,,GSM8768003_RRBS_Tconv4_S1_R1_001_trimmed_bismark_bt2_sorted.bedGraph.gz,https://ftp.ncbi.nlm.nih.gov/geo/series/GSE266nnn/GSE266961/suppl/GSM8768003_RRBS_Tconv4_S1_R1_001_trimmed_bismark_bt2_sorted.bedGraph.gz
File,,,GSE266961,,9880702,01/20/2025 11:20:26,COV,,,,,GSM8768003_RRBS_Tconv4_S1_R1_001_trimmed_bismark_bt2_sorted.bismark.cov.gz,https://ftp.ncbi.nlm.nih.gov/geo/series/GSE266nnn/GSE266961/suppl/GSM8768003_RRBS_Tconv4_S1_R1_001_trimmed_bismark_bt2_sorted.bismark.cov.gz
File,,,GSE266961,,25511932,01/21/2025 15:45:40,BW,,,,,GSM8768004_RRBS_Tconv5.bw,https://ftp.ncbi.nlm.nih.gov/geo/series/GSE266nnn/GSE266961/suppl/GSM8768004_RRBS_Tconv5.bw
File,,,GSE266961,,22000396,01/20/2025 11:21:34,BEDGRAPH,,,,,GSM8768004_RRBS_Tconv5_S2_R1_001_trimmed_bismark_bt2_sorted.bedGraph.gz,https://ftp.ncbi.nlm.nih.gov/geo/series/GSE266nnn/GSE266961/suppl/GSM8768004_RRBS_Tconv5_S2_R1_001_trimmed_bismark_bt2_sorted.bedGraph.gz
File,,,GSE266961,,23859100,01/20/2025 11:20:26,COV,,,,,GSM8768004_RRBS_Tconv5_S2_R1_001_trimmed_bismark_bt2_sorted.bismark.cov.gz,https://ftp.ncbi.nlm.nih.gov/geo/series/GSE266nnn/GSE266961/suppl/GSM8768004_RRBS_Tconv5_S2_R1_001_trimmed_bismark_bt2_sorted.bismark.cov.gz
File,,,GSE266961,,70524398,01/21/2025 15:48:49,BW,,,,,GSM8768005_RREMseq_Tconv3.bw,https://ftp.ncbi.nlm.nih.gov/geo/series/GSE266nnn/GSE266961/suppl/GSM8768005_RREMseq_Tconv3.bw
File,,,GSE266961,,64483744,01/20/2025 11:36:09,BEDGRAPH,,,,,GSM8768005_RREMseq_Tconv3_S1_R1_001_trimmed_bismark_bt2_sorted.bedGraph.gz,https://ftp.ncbi.nlm.nih.gov/geo/series/GSE266nnn/GSE266961/suppl/GSM8768005_RREMseq_Tconv3_S1_R1_001_trimmed_bismark_bt2_sorted.bedGraph.gz
File,,,GSE266961,,63949517,01/20/2025 11:36:00,COV,,,,,GSM8768005_RREMseq_Tconv3_S1_R1_001_trimmed_bismark_bt2_sorted.bismark.cov.gz,https://ftp.ncbi.nlm.nih.gov/geo/series/GSE266nnn/GSE266961/suppl/GSM8768005_RREMseq_Tconv3_S1_R1_001_trimmed_bismark_bt2_sorted.bismark.cov.gz
File,,,GSE266961,,70496096,01/21/2025 15:49:04,BW,,,,,GSM8768006_RREMseq_Tconv4.bw,https://ftp.ncbi.nlm.nih.gov/geo/series/GSE266nnn/GSE266961/suppl/GSM8768006_RREMseq_Tconv4.bw
File,,,GSE266961,,64132100,01/20/2025 11:35:00,BEDGRAPH,,,,,GSM8768006_RREMseq_Tconv4_S1_R1_001_trimmed_bismark_bt2_sorted.bedGraph.gz,https://ftp.ncbi.nlm.nih.gov/geo/series/GSE266nnn/GSE266961/suppl/GSM8768006_RREMseq_Tconv4_S1_R1_001_trimmed_bismark_bt2_sorted.bedGraph.gz
File,,,GSE266961,,64699840,01/20/2025 11:35:13,COV,,,,,GSM8768006_RREMseq_Tconv4_S1_R1_001_trimmed_bismark_bt2_sorted.bismark.cov.gz,https://ftp.ncbi.nlm.nih.gov/geo/series/GSE266nnn/GSE266961/suppl/GSM8768006_RREMseq_Tconv4_S1_R1_001_trimmed_bismark_bt2_sorted.bismark.cov.gz
File,,,GSE266961,,70173911,01/21/2025 15:49:20,BW,,,,,GSM8768007_RREMseq_Tconv5.bw,https://ftp.ncbi.nlm.nih.gov/geo/series/GSE266nnn/GSE266961/suppl/GSM8768007_RREMseq_Tconv5.bw
File,,,GSE266961,,63727632,01/20/2025 11:36:09,BEDGRAPH,,,,,GSM8768007_RREMseq_Tconv5_S2_R1_001_trimmed_bismark_bt2_sorted.bedGraph.gz,https://ftp.ncbi.nlm.nih.gov/geo/series/GSE266nnn/GSE266961/suppl/GSM8768007_RREMseq_Tconv5_S2_R1_001_trimmed_bismark_bt2_sorted.bedGraph.gz
File,,,GSE266961,,63327521,01/20/2025 11:36:00,COV,,,,,GSM8768007_RREMseq_Tconv5_S2_R1_001_trimmed_bismark_bt2_sorted.bismark.cov.gz,https://ftp.ncbi.nlm.nih.gov/geo/series/GSE266nnn/GSE266961/suppl/GSM8768007_RREMseq_Tconv5_S2_R1_001_trimmed_bismark_bt2_sorted.bismark.cov.gz
File,,,GSE266961,,28793060,01/21/2025 15:47:27,BW,,,,,GSM8768008_RREMseq2ng_Tconv3.bw,https://ftp.ncbi.nlm.nih.gov/geo/series/GSE266nnn/GSE266961/suppl/GSM8768008_RREMseq2ng_Tconv3.bw
File,,,GSE266961,,21752618,01/20/2025 11:35:00,BEDGRAPH,,,,,GSM8768008_RREMseq2ng_Tconv3_S1_R1_001_trimmed_bismark_bt2_sorted.bedGraph.gz,https://ftp.ncbi.nlm.nih.gov/geo/series/GSE266nnn/GSE266961/suppl/GSM8768008_RREMseq2ng_Tconv3_S1_R1_001_trimmed_bismark_bt2_sorted.bedGraph.gz
File,,,GSE266961,,23367733,01/20/2025 11:35:14,COV,,,,,GSM8768008_RREMseq2ng_Tconv3_S1_R1_001_trimmed_bismark_bt2_sorted.bismark.cov.gz,https://ftp.ncbi.nlm.nih.gov/geo/series/GSE266nnn/GSE266961/suppl/GSM8768008_RREMseq2ng_Tconv3_S1_R1_001_trimmed_bismark_bt2_sorted.bismark.cov.gz
File,,,GSE266961,,37834277,01/21/2025 15:47:34,BW,,,,,GSM8768009_RREMseq2ng_Tconv4.bw,https://ftp.ncbi.nlm.nih.gov/geo/series/GSE266nnn/GSE266961/suppl/GSM8768009_RREMseq2ng_Tconv4.bw
File,,,GSE266961,,29706582,01/20/2025 11:35:00,BEDGRAPH,,,,,GSM8768009_RREMseq2ng_Tconv4_S2_R1_001_trimmed_bismark_bt2_sorted.bedGraph.gz,https://ftp.ncbi.nlm.nih.gov/geo/series/GSE266nnn/GSE266961/suppl/GSM8768009_RREMseq2ng_Tconv4_S2_R1_001_trimmed_bismark_bt2_sorted.bedGraph.gz
File,,,GSE266961,,31543288,01/20/2025 11:35:13,COV,,,,,GSM8768009_RREMseq2ng_Tconv4_S2_R1_001_trimmed_bismark_bt2_sorted.bismark.cov.gz,https://ftp.ncbi.nlm.nih.gov/geo/series/GSE266nnn/GSE266961/suppl/GSM8768009_RREMseq2ng_Tconv4_S2_R1_001_trimmed_bismark_bt2_sorted.bismark.cov.gz
File,,,GSE266961,,24096539,01/21/2025 15:47:38,BW,,,,,GSM8768010_RREMseq2ng_Tconv5.bw,https://ftp.ncbi.nlm.nih.gov/geo/series/GSE266nnn/GSE266961/suppl/GSM8768010_RREMseq2ng_Tconv5.bw
File,,,GSE266961,,17914202,01/20/2025 11:35:01,BEDGRAPH,,,,,GSM8768010_RREMseq2ng_Tconv5_S3_R1_001_trimmed_bismark_bt2_sorted.bedGraph.gz,https://ftp.ncbi.nlm.nih.gov/geo/series/GSE266nnn/GSE266961/suppl/GSM8768010_RREMseq2ng_Tconv5_S3_R1_001_trimmed_bismark_bt2_sorted.bedGraph.gz
File,,,GSE266961,,19508648,01/20/2025 11:35:14,COV,,,,,GSM8768010_RREMseq2ng_Tconv5_S3_R1_001_trimmed_bismark_bt2_sorted.bismark.cov.gz,https://ftp.ncbi.nlm.nih.gov/geo/series/GSE266nnn/GSE266961/suppl/GSM8768010_RREMseq2ng_Tconv5_S3_R1_001_trimmed_bismark_bt2_sorted.bismark.cov.gz
File,,,GSE266961,,219855938,01/28/2025 15:34:36,BW,,,,,GSM8768011_WGBS_Treg1.bw,https://ftp.ncbi.nlm.nih.gov/geo/series/GSE266nnn/GSE266961/suppl/GSM8768011_WGBS_Treg1.bw
File,,,GSE266961,,189496983,01/28/2025 15:23:49,BEDGRAPH,,,,,GSM8768011_WGBS_Treg1_S3_CpG_context_merged.bedGraph.gz,https://ftp.ncbi.nlm.nih.gov/geo/series/GSE266nnn/GSE266961/suppl/GSM8768011_WGBS_Treg1_S3_CpG_context_merged.bedGraph.gz
File,,,GSE266961,,188987097,01/23/2025 11:50:51,COV,,,,,GSM8768011_WGBS_Treg1_S3_CpG_context_merged.gz.bismark.cov.gz,https://ftp.ncbi.nlm.nih.gov/geo/series/GSE266nnn/GSE266961/suppl/GSM8768011_WGBS_Treg1_S3_CpG_context_merged.gz.bismark.cov.gz
File,,,GSE266961,,233834668,01/28/2025 15:35:30,BW,,,,,GSM8768012_WGBS_Treg2.bw,https://ftp.ncbi.nlm.nih.gov/geo/series/GSE266nnn/GSE266961/suppl/GSM8768012_WGBS_Treg2.bw
File,,,GSE266961,,204976329,01/28/2025 15:23:49,BEDGRAPH,,,,,GSM8768012_WGBS_Treg2_S4_CpG_context_merged.bedGraph.gz,https://ftp.ncbi.nlm.nih.gov/geo/series/GSE266nnn/GSE266961/suppl/GSM8768012_WGBS_Treg2_S4_CpG_context_merged.bedGraph.gz
File,,,GSE266961,,204093164,01/23/2025 11:50:50,COV,,,,,GSM8768012_WGBS_Treg2_S4_CpG_context_merged.gz.bismark.cov.gz,https://ftp.ncbi.nlm.nih.gov/geo/series/GSE266nnn/GSE266961/suppl/GSM8768012_WGBS_Treg2_S4_CpG_context_merged.gz.bismark.cov.gz
File,,,GSE266961,,232638937,01/28/2025 15:36:23,BW,,,,,GSM8768013_WGBS_Treg3.bw,https://ftp.ncbi.nlm.nih.gov/geo/series/GSE266nnn/GSE266961/suppl/GSM8768013_WGBS_Treg3.bw
File,,,GSE266961,,203395917,01/28/2025 15:24:29,BEDGRAPH,,,,,GSM8768013_WGBS_Treg3_S3_CpG_context_merged.bedGraph.gz,https://ftp.ncbi.nlm.nih.gov/geo/series/GSE266nnn/GSE266961/suppl/GSM8768013_WGBS_Treg3_S3_CpG_context_merged.bedGraph.gz
File,,,GSE266961,,203491390,01/23/2025 11:49:17,COV,,,,,GSM8768013_WGBS_Treg3_S3_CpG_context_merged.gz.bismark.cov.gz,https://ftp.ncbi.nlm.nih.gov/geo/series/GSE266nnn/GSE266961/suppl/GSM8768013_WGBS_Treg3_S3_CpG_context_merged.gz.bismark.cov.gz
File,,,GSE266961,,232569482,01/28/2025 15:37:16,BW,,,,,GSM8768014_WGBS_Treg4.bw,https://ftp.ncbi.nlm.nih.gov/geo/series/GSE266nnn/GSE266961/suppl/GSM8768014_WGBS_Treg4.bw
File,,,GSE266961,,202721659,01/28/2025 15:24:29,BEDGRAPH,,,,,GSM8768014_WGBS_Treg4_S4_CpG_context_merged.bedGraph.gz,https://ftp.ncbi.nlm.nih.gov/geo/series/GSE266nnn/GSE266961/suppl/GSM8768014_WGBS_Treg4_S4_CpG_context_merged.bedGraph.gz
File,,,GSE266961,,203002758,01/23/2025 11:49:17,COV,,,,,GSM8768014_WGBS_Treg4_S4_CpG_context_merged.gz.bismark.cov.gz,https://ftp.ncbi.nlm.nih.gov/geo/series/GSE266nnn/GSE266961/suppl/GSM8768014_WGBS_Treg4_S4_CpG_context_merged.gz.bismark.cov.gz
File,,,GSE266961,,272960417,01/28/2025 15:38:19,BW,,,,,GSM8768015_WGBS_Treg5.bw,https://ftp.ncbi.nlm.nih.gov/geo/series/GSE266nnn/GSE266961/suppl/GSM8768015_WGBS_Treg5.bw
File,,,GSE266961,,243474295,01/28/2025 15:24:43,BEDGRAPH,,,,,GSM8768015_WGBS_Treg5_S4_CpG_context_merged.bedGraph.gz,https://ftp.ncbi.nlm.nih.gov/geo/series/GSE266nnn/GSE266961/suppl/GSM8768015_WGBS_Treg5_S4_CpG_context_merged.bedGraph.gz
File,,,GSE266961,,246339704,01/23/2025 11:33:30,COV,,,,,GSM8768015_WGBS_Treg5_S4_CpG_context_merged.gz.bismark.cov.gz,https://ftp.ncbi.nlm.nih.gov/geo/series/GSE266nnn/GSE266961/suppl/GSM8768015_WGBS_Treg5_S4_CpG_context_merged.gz.bismark.cov.gz
File,,,GSE266961,,261563673,01/21/2025 16:08:37,BW,,,,,GSM8768016_WGEMseq_Treg3.bw,https://ftp.ncbi.nlm.nih.gov/geo/series/GSE266nnn/GSE266961/suppl/GSM8768016_WGEMseq_Treg3.bw
File,,,GSE266961,,236042358,01/18/2025 09:42:58,BEDGRAPH,,,,,GSM8768016_WGEMseq_Treg3_S3_R1_001_val_1_bismark_bt2_pe.deduplicated.bedGraph.gz,https://ftp.ncbi.nlm.nih.gov/geo/series/GSE266nnn/GSE266961/suppl/GSM8768016_WGEMseq_Treg3_S3_R1_001_val_1_bismark_bt2_pe.deduplicated.bedGraph.gz
File,,,GSE266961,,237565380,01/18/2025 09:42:37,COV,,,,,GSM8768016_WGEMseq_Treg3_S3_R1_001_val_1_bismark_bt2_pe.deduplicated.bismark.cov.gz,https://ftp.ncbi.nlm.nih.gov/geo/series/GSE266nnn/GSE266961/suppl/GSM8768016_WGEMseq_Treg3_S3_R1_001_val_1_bismark_bt2_pe.deduplicated.bismark.cov.gz
File,,,GSE266961,,264688037,01/21/2025 16:09:42,BW,,,,,GSM8768017_WGEMseq_Treg4.bw,https://ftp.ncbi.nlm.nih.gov/geo/series/GSE266nnn/GSE266961/suppl/GSM8768017_WGEMseq_Treg4.bw
File,,,GSE266961,,238156223,01/18/2025 09:42:58,BEDGRAPH,,,,,GSM8768017_WGEMseq_Treg4_S4_R1_001_val_1_bismark_bt2_pe.deduplicated.bedGraph.gz,https://ftp.ncbi.nlm.nih.gov/geo/series/GSE266nnn/GSE266961/suppl/GSM8768017_WGEMseq_Treg4_S4_R1_001_val_1_bismark_bt2_pe.deduplicated.bedGraph.gz
File,,,GSE266961,,239973745,01/18/2025 09:42:37,COV,,,,,GSM8768017_WGEMseq_Treg4_S4_R1_001_val_1_bismark_bt2_pe.deduplicated.bismark.cov.gz,https://ftp.ncbi.nlm.nih.gov/geo/series/GSE266nnn/GSE266961/suppl/GSM8768017_WGEMseq_Treg4_S4_R1_001_val_1_bismark_bt2_pe.deduplicated.bismark.cov.gz
File,,,GSE266961,,264117100,01/21/2025 16:10:48,BW,,,,,GSM8768018_WGEMseq_Treg5.bw,https://ftp.ncbi.nlm.nih.gov/geo/series/GSE266nnn/GSE266961/suppl/GSM8768018_WGEMseq_Treg5.bw
File,,,GSE266961,,237511101,01/18/2025 09:46:52,BEDGRAPH,,,,,GSM8768018_WGEMseq_Treg5_S4_R1_001_val_1_bismark_bt2_pe.deduplicated.bedGraph.gz,https://ftp.ncbi.nlm.nih.gov/geo/series/GSE266nnn/GSE266961/suppl/GSM8768018_WGEMseq_Treg5_S4_R1_001_val_1_bismark_bt2_pe.deduplicated.bedGraph.gz
File,,,GSE266961,,238865054,01/18/2025 09:47:11,COV,,,,,GSM8768018_WGEMseq_Treg5_S4_R1_001_val_1_bismark_bt2_pe.deduplicated.bismark.cov.gz,https://ftp.ncbi.nlm.nih.gov/geo/series/GSE266nnn/GSE266961/suppl/GSM8768018_WGEMseq_Treg5_S4_R1_001_val_1_bismark_bt2_pe.deduplicated.bismark.cov.gz
File,,,GSE266961,,248067295,01/21/2025 15:56:19,BW,,,,,GSM8768019_WGEMseq2ng_Treg1.bw,https://ftp.ncbi.nlm.nih.gov/geo/series/GSE266nnn/GSE266961/suppl/GSM8768019_WGEMseq2ng_Treg1.bw
File,,,GSE266961,,224689518,01/18/2025 09:43:22,BEDGRAPH,,,,,GSM8768019_WGEMseq2ng_Treg1_S3_R1_001_val_1_bismark_bt2_pe.deduplicated.bedGraph.gz,https://ftp.ncbi.nlm.nih.gov/geo/series/GSE266nnn/GSE266961/suppl/GSM8768019_WGEMseq2ng_Treg1_S3_R1_001_val_1_bismark_bt2_pe.deduplicated.bedGraph.gz
File,,,GSE266961,,222973944,01/18/2025 09:43:33,COV,,,,,GSM8768019_WGEMseq2ng_Treg1_S3_R1_001_val_1_bismark_bt2_pe.deduplicated.bismark.cov.gz,https://ftp.ncbi.nlm.nih.gov/geo/series/GSE266nnn/GSE266961/suppl/GSM8768019_WGEMseq2ng_Treg1_S3_R1_001_val_1_bismark_bt2_pe.deduplicated.bismark.cov.gz
File,,,GSE266961,,261079163,01/21/2025 15:57:24,BW,,,,,GSM8768020_WGEMseq2ng_Treg2.bw,https://ftp.ncbi.nlm.nih.gov/geo/series/GSE266nnn/GSE266961/suppl/GSM8768020_WGEMseq2ng_Treg2.bw
File,,,GSE266961,,234678825,01/18/2025 09:43:22,BEDGRAPH,,,,,GSM8768020_WGEMseq2ng_Treg2_S4_R1_001_val_1_bismark_bt2_pe.deduplicated.bedGraph.gz,https://ftp.ncbi.nlm.nih.gov/geo/series/GSE266nnn/GSE266961/suppl/GSM8768020_WGEMseq2ng_Treg2_S4_R1_001_val_1_bismark_bt2_pe.deduplicated.bedGraph.gz
File,,,GSE266961,,235009071,01/18/2025 09:43:32,COV,,,,,GSM8768020_WGEMseq2ng_Treg2_S4_R1_001_val_1_bismark_bt2_pe.deduplicated.bismark.cov.gz,https://ftp.ncbi.nlm.nih.gov/geo/series/GSE266nnn/GSE266961/suppl/GSM8768020_WGEMseq2ng_Treg2_S4_R1_001_val_1_bismark_bt2_pe.deduplicated.bismark.cov.gz
File,,,GSE266961,,245944778,01/21/2025 15:58:24,BW,,,,,GSM8768021_WGEMseq2ng_Treg3.bw,https://ftp.ncbi.nlm.nih.gov/geo/series/GSE266nnn/GSE266961/suppl/GSM8768021_WGEMseq2ng_Treg3.bw
File,,,GSE266961,,223628787,01/18/2025 09:45:57,BEDGRAPH,,,,,GSM8768021_WGEMseq2ng_Treg3_S3_R1_001_val_1_bismark_bt2_pe.deduplicated.bedGraph.gz,https://ftp.ncbi.nlm.nih.gov/geo/series/GSE266nnn/GSE266961/suppl/GSM8768021_WGEMseq2ng_Treg3_S3_R1_001_val_1_bismark_bt2_pe.deduplicated.bedGraph.gz
File,,,GSE266961,,222254385,01/18/2025 09:45:34,COV,,,,,GSM8768021_WGEMseq2ng_Treg3_S3_R1_001_val_1_bismark_bt2_pe.deduplicated.bismark.cov.gz,https://ftp.ncbi.nlm.nih.gov/geo/series/GSE266nnn/GSE266961/suppl/GSM8768021_WGEMseq2ng_Treg3_S3_R1_001_val_1_bismark_bt2_pe.deduplicated.bismark.cov.gz
File,,,GSE266961,,217841630,01/21/2025 15:59:16,BW,,,,,GSM8768022_WGEMseq2ng_Treg4.bw,https://ftp.ncbi.nlm.nih.gov/geo/series/GSE266nnn/GSE266961/suppl/GSM8768022_WGEMseq2ng_Treg4.bw
File,,,GSE266961,,196807574,01/18/2025 09:45:57,BEDGRAPH,,,,,GSM8768022_WGEMseq2ng_Treg4_S4_R1_001_val_1_bismark_bt2_pe.deduplicated.bedGraph.gz,https://ftp.ncbi.nlm.nih.gov/geo/series/GSE266nnn/GSE266961/suppl/GSM8768022_WGEMseq2ng_Treg4_S4_R1_001_val_1_bismark_bt2_pe.deduplicated.bedGraph.gz
File,,,GSE266961,,190699125,01/18/2025 09:45:34,COV,,,,,GSM8768022_WGEMseq2ng_Treg4_S4_R1_001_val_1_bismark_bt2_pe.deduplicated.bismark.cov.gz,https://ftp.ncbi.nlm.nih.gov/geo/series/GSE266nnn/GSE266961/suppl/GSM8768022_WGEMseq2ng_Treg4_S4_R1_001_val_1_bismark_bt2_pe.deduplicated.bismark.cov.gz
File,,,GSE266961,,233495309,01/21/2025 16:00:11,BW,,,,,GSM8768023_WGEMseq2ng_Treg5.bw,https://ftp.ncbi.nlm.nih.gov/geo/series/GSE266nnn/GSE266961/suppl/GSM8768023_WGEMseq2ng_Treg5.bw
File,,,GSE266961,,212560149,01/18/2025 09:46:52,BEDGRAPH,,,,,GSM8768023_WGEMseq2ng_Treg5_S2_R1_001_val_1_bismark_bt2_pe.deduplicated.bedGraph.gz,https://ftp.ncbi.nlm.nih.gov/geo/series/GSE266nnn/GSE266961/suppl/GSM8768023_WGEMseq2ng_Treg5_S2_R1_001_val_1_bismark_bt2_pe.deduplicated.bedGraph.gz
File,,,GSE266961,,209334797,01/18/2025 09:47:11,COV,,,,,GSM8768023_WGEMseq2ng_Treg5_S2_R1_001_val_1_bismark_bt2_pe.deduplicated.bismark.cov.gz,https://ftp.ncbi.nlm.nih.gov/geo/series/GSE266nnn/GSE266961/suppl/GSM8768023_WGEMseq2ng_Treg5_S2_R1_001_val_1_bismark_bt2_pe.deduplicated.bismark.cov.gz
File,,,GSE266961,,40408364,01/21/2025 15:46:47,BW,,,,,GSM8768024_RRBS_Treg3.bw,https://ftp.ncbi.nlm.nih.gov/geo/series/GSE266nnn/GSE266961/suppl/GSM8768024_RRBS_Treg3.bw
File,,,GSE266961,,29088379,01/20/2025 11:21:34,BEDGRAPH,,,,,GSM8768024_RRBS_Treg3_S3_R1_001_trimmed_bismark_bt2_sorted.bedGraph.gz,https://ftp.ncbi.nlm.nih.gov/geo/series/GSE266nnn/GSE266961/suppl/GSM8768024_RRBS_Treg3_S3_R1_001_trimmed_bismark_bt2_sorted.bedGraph.gz
File,,,GSE266961,,31151745,01/20/2025 11:20:26,COV,,,,,GSM8768024_RRBS_Treg3_S3_R1_001_trimmed_bismark_bt2_sorted.bismark.cov.gz,https://ftp.ncbi.nlm.nih.gov/geo/series/GSE266nnn/GSE266961/suppl/GSM8768024_RRBS_Treg3_S3_R1_001_trimmed_bismark_bt2_sorted.bismark.cov.gz
File,,,GSE266961,,50937457,01/21/2025 15:46:56,BW,,,,,GSM8768025_RRBS_Treg4.bw,https://ftp.ncbi.nlm.nih.gov/geo/series/GSE266nnn/GSE266961/suppl/GSM8768025_RRBS_Treg4.bw
File,,,GSE266961,,39066110,01/20/2025 11:21:34,BEDGRAPH,,,,,GSM8768025_RRBS_Treg4_S4_R1_001_trimmed_bismark_bt2_sorted.bedGraph.gz,https://ftp.ncbi.nlm.nih.gov/geo/series/GSE266nnn/GSE266961/suppl/GSM8768025_RRBS_Treg4_S4_R1_001_trimmed_bismark_bt2_sorted.bedGraph.gz
File,,,GSE266961,,41010292,01/20/2025 11:20:26,COV,,,,,GSM8768025_RRBS_Treg4_S4_R1_001_trimmed_bismark_bt2_sorted.bismark.cov.gz,https://ftp.ncbi.nlm.nih.gov/geo/series/GSE266nnn/GSE266961/suppl/GSM8768025_RRBS_Treg4_S4_R1_001_trimmed_bismark_bt2_sorted.bismark.cov.gz
File,,,GSE266961,,49124787,01/21/2025 15:47:06,BW,,,,,GSM8768026_RRBS_Treg5.bw,https://ftp.ncbi.nlm.nih.gov/geo/series/GSE266nnn/GSE266961/suppl/GSM8768026_RRBS_Treg5.bw
File,,,GSE266961,,37318544,01/20/2025 11:21:18,BEDGRAPH,,,,,GSM8768026_RRBS_Treg5_S2_R1_001_trimmed_bismark_bt2_sorted.bedGraph.gz,https://ftp.ncbi.nlm.nih.gov/geo/series/GSE266nnn/GSE266961/suppl/GSM8768026_RRBS_Treg5_S2_R1_001_trimmed_bismark_bt2_sorted.bedGraph.gz
File,,,GSE266961,,39336303,01/20/2025 11:20:53,COV,,,,,GSM8768026_RRBS_Treg5_S2_R1_001_trimmed_bismark_bt2_sorted.bismark.cov.gz,https://ftp.ncbi.nlm.nih.gov/geo/series/GSE266nnn/GSE266961/suppl/GSM8768026_RRBS_Treg5_S2_R1_001_trimmed_bismark_bt2_sorted.bismark.cov.gz
File,,,GSE266961,,96806730,01/21/2025 15:50:03,BW,,,,,GSM8768027_RREMseq_Treg3.bw,https://ftp.ncbi.nlm.nih.gov/geo/series/GSE266nnn/GSE266961/suppl/GSM8768027_RREMseq_Treg3.bw
File,,,GSE266961,,90934333,01/20/2025 11:36:08,BEDGRAPH,,,,,GSM8768027_RREMseq_Treg3_S3_R1_001_trimmed_bismark_bt2_sorted.bedGraph.gz,https://ftp.ncbi.nlm.nih.gov/geo/series/GSE266nnn/GSE266961/suppl/GSM8768027_RREMseq_Treg3_S3_R1_001_trimmed_bismark_bt2_sorted.bedGraph.gz
File,,,GSE266961,,88794310,01/20/2025 11:36:00,COV,,,,,GSM8768027_RREMseq_Treg3_S3_R1_001_trimmed_bismark_bt2_sorted.bismark.cov.gz,https://ftp.ncbi.nlm.nih.gov/geo/series/GSE266nnn/GSE266961/suppl/GSM8768027_RREMseq_Treg3_S3_R1_001_trimmed_bismark_bt2_sorted.bismark.cov.gz
File,,,GSE266961,,53213026,01/21/2025 15:50:13,BW,,,,,GSM8768028_RREMseq_Treg4.bw,https://ftp.ncbi.nlm.nih.gov/geo/series/GSE266nnn/GSE266961/suppl/GSM8768028_RREMseq_Treg4.bw
File,,,GSE266961,,45103025,01/20/2025 11:36:09,BEDGRAPH,,,,,GSM8768028_RREMseq_Treg4_S4_R1_001_trimmed_bismark_bt2_sorted.bedGraph.gz,https://ftp.ncbi.nlm.nih.gov/geo/series/GSE266nnn/GSE266961/suppl/GSM8768028_RREMseq_Treg4_S4_R1_001_trimmed_bismark_bt2_sorted.bedGraph.gz
File,,,GSE266961,,45312208,01/20/2025 11:36:00,COV,,,,,GSM8768028_RREMseq_Treg4_S4_R1_001_trimmed_bismark_bt2_sorted.bismark.cov.gz,https://ftp.ncbi.nlm.nih.gov/geo/series/GSE266nnn/GSE266961/suppl/GSM8768028_RREMseq_Treg4_S4_R1_001_trimmed_bismark_bt2_sorted.bismark.cov.gz
File,,,GSE266961,,88844490,01/21/2025 15:50:32,BW,,,,,GSM8768029_RREMseq_Treg5.bw,https://ftp.ncbi.nlm.nih.gov/geo/series/GSE266nnn/GSE266961/suppl/GSM8768029_RREMseq_Treg5.bw
File,,,GSE266961,,82743432,01/20/2025 11:35:00,BEDGRAPH,,,,,GSM8768029_RREMseq_Treg5_S2_R1_001_trimmed_bismark_bt2_sorted.bedGraph.gz,https://ftp.ncbi.nlm.nih.gov/geo/series/GSE266nnn/GSE266961/suppl/GSM8768029_RREMseq_Treg5_S2_R1_001_trimmed_bismark_bt2_sorted.bedGraph.gz
File,,,GSE266961,,82886981,01/20/2025 11:35:13,COV,,,,,GSM8768029_RREMseq_Treg5_S2_R1_001_trimmed_bismark_bt2_sorted.bismark.cov.gz,https://ftp.ncbi.nlm.nih.gov/geo/series/GSE266nnn/GSE266961/suppl/GSM8768029_RREMseq_Treg5_S2_R1_001_trimmed_bismark_bt2_sorted.bismark.cov.gz
File,,,GSE266961,,28544680,01/21/2025 15:47:58,BW,,,,,GSM8768030_RREMseq2ng_Treg3.bw,https://ftp.ncbi.nlm.nih.gov/geo/series/GSE266nnn/GSE266961/suppl/GSM8768030_RREMseq2ng_Treg3.bw
File,,,GSE266961,,21371962,01/20/2025 11:35:00,BEDGRAPH,,,,,GSM8768030_RREMseq2ng_Treg3_S3_R1_001_trimmed_bismark_bt2_sorted.bedGraph.gz,https://ftp.ncbi.nlm.nih.gov/geo/series/GSE266nnn/GSE266961/suppl/GSM8768030_RREMseq2ng_Treg3_S3_R1_001_trimmed_bismark_bt2_sorted.bedGraph.gz
File,,,GSE266961,,22860743,01/20/2025 11:35:14,COV,,,,,GSM8768030_RREMseq2ng_Treg3_S3_R1_001_trimmed_bismark_bt2_sorted.bismark.cov.gz,https://ftp.ncbi.nlm.nih.gov/geo/series/GSE266nnn/GSE266961/suppl/GSM8768030_RREMseq2ng_Treg3_S3_R1_001_trimmed_bismark_bt2_sorted.bismark.cov.gz
File,,,GSE266961,,23160121,01/21/2025 15:48:03,BW,,,,,GSM8768031_RREMseq2ng_Treg4.bw,https://ftp.ncbi.nlm.nih.gov/geo/series/GSE266nnn/GSE266961/suppl/GSM8768031_RREMseq2ng_Treg4.bw
File,,,GSE266961,,16531657,01/20/2025 11:35:01,BEDGRAPH,,,,,GSM8768031_RREMseq2ng_Treg4_S4_R1_001_trimmed_bismark_bt2_sorted.bedGraph.gz,https://ftp.ncbi.nlm.nih.gov/geo/series/GSE266nnn/GSE266961/suppl/GSM8768031_RREMseq2ng_Treg4_S4_R1_001_trimmed_bismark_bt2_sorted.bedGraph.gz
File,,,GSE266961,,17810538,01/20/2025 11:35:14,COV,,,,,GSM8768031_RREMseq2ng_Treg4_S4_R1_001_trimmed_bismark_bt2_sorted.bismark.cov.gz,https://ftp.ncbi.nlm.nih.gov/geo/series/GSE266nnn/GSE266961/suppl/GSM8768031_RREMseq2ng_Treg4_S4_R1_001_trimmed_bismark_bt2_sorted.bismark.cov.gz
File,,,GSE266961,,27940405,01/21/2025 15:48:08,BW,,,,,GSM8768032_RREMseq2ng_Treg5.bw,https://ftp.ncbi.nlm.nih.gov/geo/series/GSE266nnn/GSE266961/suppl/GSM8768032_RREMseq2ng_Treg5.bw
File,,,GSE266961,,19977844,01/20/2025 11:35:01,BEDGRAPH,,,,,GSM8768032_RREMseq2ng_Treg5_S4_R1_001_trimmed_bismark_bt2_sorted.bedGraph.gz,https://ftp.ncbi.nlm.nih.gov/geo/series/GSE266nnn/GSE266961/suppl/GSM8768032_RREMseq2ng_Treg5_S4_R1_001_trimmed_bismark_bt2_sorted.bedGraph.gz
File,,,GSE266961,,21444412,01/20/2025 11:35:14,COV,,,,,GSM8768032_RREMseq2ng_Treg5_S4_R1_001_trimmed_bismark_bt2_sorted.bismark.cov.gz,https://ftp.ncbi.nlm.nih.gov/geo/series/GSE266nnn/GSE266961/suppl/GSM8768032_RREMseq2ng_Treg5_S4_R1_001_trimmed_bismark_bt2_sorted.bismark.cov.gz
,,,GSE313655,HTTP Error 404: Not Found,,,,,,,,,https://ftp.ncbi.nlm.nih.gov/geo/series/GSE313nnn/GSE313655/suppl/filelist.txt
Archive,True,application/x-tar,GSE213723,,3334041600,02/13/2024 19:31:02,TAR,,200,"Wed, 14 Feb 2024 00:31:02 GMT",3334041600,GSE213723_RAW.tar,https://ftp.ncbi.nlm.nih.gov/geo/series/GSE213nnn/GSE213723/suppl/GSE213723_RAW.tar
File,,,GSE213723,,38790563,09/19/2022 11:46:41,COV,,,,,GSM6590383_YL_gfp_neg_24B.cov.gz,https://ftp.ncbi.nlm.nih.gov/geo/series/GSE213nnn/GSE213723/suppl/GSM6590383_YL_gfp_neg_24B.cov.gz
File,,,GSE213723,,19825346,09/19/2022 11:46:46,COV,,,,,GSM6590384_YL_gfp_neg_34B.cov.gz,https://ftp.ncbi.nlm.nih.gov/geo/series/GSE213nnn/GSE213723/suppl/GSM6590384_YL_gfp_neg_34B.cov.gz
File,,,GSE213723,,27173103,09/19/2022 11:46:55,COV,,,,,GSM6590385_YL_gfp_pos_24B.cov.gz,https://ftp.ncbi.nlm.nih.gov/geo/series/GSE213nnn/GSE213723/suppl/GSM6590385_YL_gfp_pos_24B.cov.gz
File,,,GSE213723,,25201913,09/19/2022 11:47:02,COV,,,,,GSM6590386_YL_gfp_pos_34B.cov.gz,https://ftp.ncbi.nlm.nih.gov/geo/series/GSE213nnn/GSE213723/suppl/GSM6590386_YL_gfp_pos_34B.cov.gz
File,,,GSE213723,,22595894,09/19/2022 11:47:09,COV,,,,,GSM6590387_YU_gfp_neg_24B.cov.gz,https://ftp.ncbi.nlm.nih.gov/geo/series/GSE213nnn/GSE213723/suppl/GSM6590387_YU_gfp_neg_24B.cov.gz
File,,,GSE213723,,26122681,09/19/2022 11:47:17,COV,,,,,GSM6590388_YU_gfp_neg_34B.cov.gz,https://ftp.ncbi.nlm.nih.gov/geo/series/GSE213nnn/GSE213723/suppl/GSM6590388_YU_gfp_neg_34B.cov.gz
File,,,GSE213723,,20646955,09/19/2022 11:47:23,COV,,,,,GSM6590389_YU_gfp_pos_24B.cov.gz,https://ftp.ncbi.nlm.nih.gov/geo/series/GSE213nnn/GSE213723/suppl/GSM6590389_YU_gfp_pos_24B.cov.gz
File,,,GSE213723,,21234120,09/19/2022 11:47:30,COV,,,,,GSM6590390_YU_gfp_pos_34B.cov.gz,https://ftp.ncbi.nlm.nih.gov/geo/series/GSE213nnn/GSE213723/suppl/GSM6590390_YU_gfp_pos_34B.cov.gz
File,,,GSE213723,,19144554,09/19/2022 11:47:35,COV,,,,,GSM6590391_YC_gfp_neg_24B.cov.gz,https://ftp.ncbi.nlm.nih.gov/geo/series/GSE213nnn/GSE213723/suppl/GSM6590391_YC_gfp_neg_24B.cov.gz
File,,,GSE213723,,41990116,09/19/2022 11:47:48,COV,,,,,GSM6590392_YC_gfp_neg_34B.cov.gz,https://ftp.ncbi.nlm.nih.gov/geo/series/GSE213nnn/GSE213723/suppl/GSM6590392_YC_gfp_neg_34B.cov.gz
File,,,GSE213723,,18989928,09/19/2022 11:47:54,COV,,,,,GSM6590393_YC_gfp_pos_24B.cov.gz,https://ftp.ncbi.nlm.nih.gov/geo/series/GSE213nnn/GSE213723/suppl/GSM6590393_YC_gfp_pos_24B.cov.gz
File,,,GSE213723,,34669538,09/19/2022 11:48:05,COV,,,,,GSM6590394_YC_gfp_pos_34B.cov.gz,https://ftp.ncbi.nlm.nih.gov/geo/series/GSE213nnn/GSE213723/suppl/GSM6590394_YC_gfp_pos_34B.cov.gz
File,,,GSE213723,,21125677,09/19/2022 11:48:11,COV,,,,,GSM6590395_ML_gfp_neg_39a.cov.gz,https://ftp.ncbi.nlm.nih.gov/geo/series/GSE213nnn/GSE213723/suppl/GSM6590395_ML_gfp_neg_39a.cov.gz
File,,,GSE213723,,22113462,09/19/2022 11:48:18,COV,,,,,GSM6590396_ML_gfp_neg_39b.cov.gz,https://ftp.ncbi.nlm.nih.gov/geo/series/GSE213nnn/GSE213723/suppl/GSM6590396_ML_gfp_neg_39b.cov.gz
File,,,GSE213723,,17827988,09/19/2022 11:48:23,COV,,,,,GSM6590397_MU_gfp_neg_39a.cov.gz,https://ftp.ncbi.nlm.nih.gov/geo/series/GSE213nnn/GSE213723/suppl/GSM6590397_MU_gfp_neg_39a.cov.gz
File,,,GSE213723,,19585978,09/19/2022 11:48:29,COV,,,,,GSM6590398_MU_gfp_neg_39b.cov.gz,https://ftp.ncbi.nlm.nih.gov/geo/series/GSE213nnn/GSE213723/suppl/GSM6590398_MU_gfp_neg_39b.cov.gz
File,,,GSE213723,,32122544,09/19/2022 11:48:39,COV,,,,,GSM6590399_MC_gfp_neg_39a.cov.gz,https://ftp.ncbi.nlm.nih.gov/geo/series/GSE213nnn/GSE213723/suppl/GSM6590399_MC_gfp_neg_39a.cov.gz
File,,,GSE213723,,41455452,09/19/2022 11:48:51,COV,,,,,GSM6590400_MC_gfp_neg_39b.cov.gz,https://ftp.ncbi.nlm.nih.gov/geo/series/GSE213nnn/GSE213723/suppl/GSM6590400_MC_gfp_neg_39b.cov.gz
File,,,GSE213723,,25135686,09/19/2022 11:48:59,COV,,,,,GSM6590401_MC_gfp_pos_39a.cov.gz,https://ftp.ncbi.nlm.nih.gov/geo/series/GSE213nnn/GSE213723/suppl/GSM6590401_MC_gfp_pos_39a.cov.gz
File,,,GSE213723,,27579082,09/19/2022 11:49:07,COV,,,,,GSM6590402_MC_gfp_pos_39b.cov.gz,https://ftp.ncbi.nlm.nih.gov/geo/series/GSE213nnn/GSE213723/suppl/GSM6590402_MC_gfp_pos_39b.cov.gz
File,,,GSE213723,,58112691,09/19/2022 11:49:25,COV,,,,,GSM6590403_NL_gfp_neg_60a.cov.gz,https://ftp.ncbi.nlm.nih.gov/geo/series/GSE213nnn/GSE213723/suppl/GSM6590403_NL_gfp_neg_60a.cov.gz
File,,,GSE213723,,49505476,09/19/2022 11:49:40,COV,,,,,GSM6590404_NL_gfp_neg_60b.cov.gz,https://ftp.ncbi.nlm.nih.gov/geo/series/GSE213nnn/GSE213723/suppl/GSM6590404_NL_gfp_neg_60b.cov.gz
File,,,GSE213723,,35838892,09/19/2022 11:49:51,COV,,,,,GSM6590405_NL_gfp_pos_60a.cov.gz,https://ftp.ncbi.nlm.nih.gov/geo/series/GSE213nnn/GSE213723/suppl/GSM6590405_NL_gfp_pos_60a.cov.gz
File,,,GSE213723,,46718148,09/19/2022 11:50:05,COV,,,,,GSM6590406_NL_gfp_pos_60b.cov.gz,https://ftp.ncbi.nlm.nih.gov/geo/series/GSE213nnn/GSE213723/suppl/GSM6590406_NL_gfp_pos_60b.cov.gz
File,,,GSE213723,,34481650,09/19/2022 11:50:16,COV,,,,,GSM6590407_NU_gfp_neg_60a.cov.gz,https://ftp.ncbi.nlm.nih.gov/geo/series/GSE213nnn/GSE213723/suppl/GSM6590407_NU_gfp_neg_60a.cov.gz
File,,,GSE213723,,47327093,09/19/2022 11:50:30,COV,,,,,GSM6590408_NU_gfp_neg_60b.cov.gz,https://ftp.ncbi.nlm.nih.gov/geo/series/GSE213nnn/GSE213723/suppl/GSM6590408_NU_gfp_neg_60b.cov.gz
File,,,GSE213723,,48007311,09/19/2022 11:50:45,COV,,,,,GSM6590409_NU_gfp_pos_60a.cov.gz,https://ftp.ncbi.nlm.nih.gov/geo/series/GSE213nnn/GSE213723/suppl/GSM6590409_NU_gfp_pos_60a.cov.gz
File,,,GSE213723,,45300002,09/19/2022 11:50:59,COV,,,,,GSM6590410_NU_gfp_pos_60b.cov.gz,https://ftp.ncbi.nlm.nih.gov/geo/series/GSE213nnn/GSE213723/suppl/GSM6590410_NU_gfp_pos_60b.cov.gz
File,,,GSE213723,,42972779,09/19/2022 11:51:11,COV,,,,,GSM6590411_NC_gfp_neg_60a.cov.gz,https://ftp.ncbi.nlm.nih.gov/geo/series/GSE213nnn/GSE213723/suppl/GSM6590411_NC_gfp_neg_60a.cov.gz
File,,,GSE213723,,33011102,09/19/2022 11:51:21,COV,,,,,GSM6590412_NC_gfp_neg_60b.cov.gz,https://ftp.ncbi.nlm.nih.gov/geo/series/GSE213nnn/GSE213723/suppl/GSM6590412_NC_gfp_neg_60b.cov.gz
File,,,GSE213723,,45232884,09/19/2022 11:51:40,COV,,,,,GSM6590413_NC_gfp_pos_60a.cov.gz,https://ftp.ncbi.nlm.nih.gov/geo/series/GSE213nnn/GSE213723/suppl/GSM6590413_NC_gfp_pos_60a.cov.gz
File,,,GSE213723,,49761383,09/19/2022 11:51:56,COV,,,,,GSM6590414_NC_gfp_pos_60b.cov.gz,https://ftp.ncbi.nlm.nih.gov/geo/series/GSE213nnn/GSE213723/suppl/GSM6590414_NC_gfp_pos_60b.cov.gz
File,,,GSE213723,,24761517,09/19/2022 11:52:03,COV,,,,,GSM6590415_OL_gfp_neg_24B.cov.gz,https://ftp.ncbi.nlm.nih.gov/geo/series/GSE213nnn/GSE213723/suppl/GSM6590415_OL_gfp_neg_24B.cov.gz
File,,,GSE213723,,26353456,09/19/2022 11:52:11,COV,,,,,GSM6590416_OL_gfp_neg_34B.cov.gz,https://ftp.ncbi.nlm.nih.gov/geo/series/GSE213nnn/GSE213723/suppl/GSM6590416_OL_gfp_neg_34B.cov.gz
File,,,GSE213723,,16114064,09/19/2022 11:52:16,COV,,,,,GSM6590417_OL_gfp_pos_24B.cov.gz,https://ftp.ncbi.nlm.nih.gov/geo/series/GSE213nnn/GSE213723/suppl/GSM6590417_OL_gfp_pos_24B.cov.gz
File,,,GSE213723,,20752634,09/19/2022 11:52:23,COV,,,,,GSM6590418_OL_gfp_pos_34B.cov.gz,https://ftp.ncbi.nlm.nih.gov/geo/series/GSE213nnn/GSE213723/suppl/GSM6590418_OL_gfp_pos_34B.cov.gz
File,,,GSE213723,,18505392,09/19/2022 11:52:28,COV,,,,,GSM6590419_OU_gfp_neg_24B.cov.gz,https://ftp.ncbi.nlm.nih.gov/geo/series/GSE213nnn/GSE213723/suppl/GSM6590419_OU_gfp_neg_24B.cov.gz
File,,,GSE213723,,35811403,09/19/2022 11:52:39,COV,,,,,GSM6590420_OU_gfp_neg_34B.cov.gz,https://ftp.ncbi.nlm.nih.gov/geo/series/GSE213nnn/GSE213723/suppl/GSM6590420_OU_gfp_neg_34B.cov.gz
File,,,GSE213723,,17689944,09/19/2022 11:52:44,COV,,,,,GSM6590421_OU_gfp_pos_24B.cov.gz,https://ftp.ncbi.nlm.nih.gov/geo/series/GSE213nnn/GSE213723/suppl/GSM6590421_OU_gfp_pos_24B.cov.gz
File,,,GSE213723,,26020008,09/19/2022 11:52:52,COV,,,,,GSM6590422_OU_gfp_pos_34B.cov.gz,https://ftp.ncbi.nlm.nih.gov/geo/series/GSE213nnn/GSE213723/suppl/GSM6590422_OU_gfp_pos_34B.cov.gz
File,,,GSE213723,,17459676,09/19/2022 11:52:57,COV,,,,,GSM6590423_OC_gfp_neg_24B.cov.gz,https://ftp.ncbi.nlm.nih.gov/geo/series/GSE213nnn/GSE213723/suppl/GSM6590423_OC_gfp_neg_24B.cov.gz
File,,,GSE213723,,31277308,09/19/2022 11:53:07,COV,,,,,GSM6590424_OC_gfp_neg_34B.cov.gz,https://ftp.ncbi.nlm.nih.gov/geo/series/GSE213nnn/GSE213723/suppl/GSM6590424_OC_gfp_neg_34B.cov.gz
File,,,GSE213723,,9261188,09/19/2022 11:53:10,COV,,,,,GSM6590425_OC_gfp_pos_24B.cov.gz,https://ftp.ncbi.nlm.nih.gov/geo/series/GSE213nnn/GSE213723/suppl/GSM6590425_OC_gfp_pos_24B.cov.gz
File,,,GSE213723,,27843088,09/19/2022 11:53:18,COV,,,,,GSM6590426_OC_gfp_pos_34B.cov.gz,https://ftp.ncbi.nlm.nih.gov/geo/series/GSE213nnn/GSE213723/suppl/GSM6590426_OC_gfp_pos_34B.cov.gz
File,,,GSE213723,,13712668,09/19/2022 11:53:22,COV,,,,,GSM6590427_BLD_Y1.bismark.cov.gz,https://ftp.ncbi.nlm.nih.gov/geo/series/GSE213nnn/GSE213723/suppl/GSM6590427_BLD_Y1.bismark.cov.gz
File,,,GSE213723,,14904856,09/19/2022 11:53:27,COV,,,,,GSM6590428_BLD_Y2.bismark.cov.gz,https://ftp.ncbi.nlm.nih.gov/geo/series/GSE213nnn/GSE213723/suppl/GSM6590428_BLD_Y2.bismark.cov.gz
File,,,GSE213723,,75417756,09/19/2022 11:53:49,COV,,,,,GSM6590429_BLD_Y3.bismark.cov.gz,https://ftp.ncbi.nlm.nih.gov/geo/series/GSE213nnn/GSE213723/suppl/GSM6590429_BLD_Y3.bismark.cov.gz
File,,,GSE213723,,9513280,09/19/2022 11:53:52,COV,,,,,GSM6590430_BLD_M1.bismark.cov.gz,https://ftp.ncbi.nlm.nih.gov/geo/series/GSE213nnn/GSE213723/suppl/GSM6590430_BLD_M1.bismark.cov.gz
File,,,GSE213723,,10225422,09/19/2022 11:53:55,COV,,,,,GSM6590431_BLD_M2.bismark.cov.gz,https://ftp.ncbi.nlm.nih.gov/geo/series/GSE213nnn/GSE213723/suppl/GSM6590431_BLD_M2.bismark.cov.gz
File,,,GSE213723,,28524911,09/19/2022 11:54:07,COV,,,,,GSM6590432_BLD_M3.bismark.cov.gz,https://ftp.ncbi.nlm.nih.gov/geo/series/GSE213nnn/GSE213723/suppl/GSM6590432_BLD_M3.bismark.cov.gz
File,,,GSE213723,,14152235,09/19/2022 11:54:12,COV,,,,,GSM6590433_BLD_O1.bismark.cov.gz,https://ftp.ncbi.nlm.nih.gov/geo/series/GSE213nnn/GSE213723/suppl/GSM6590433_BLD_O1.bismark.cov.gz
File,,,GSE213723,,14343695,09/19/2022 11:54:16,COV,,,,,GSM6590434_BLD_O2.bismark.cov.gz,https://ftp.ncbi.nlm.nih.gov/geo/series/GSE213nnn/GSE213723/suppl/GSM6590434_BLD_O2.bismark.cov.gz
File,,,GSE213723,,26945669,09/19/2022 11:54:24,COV,,,,,GSM6590435_BLD_O3.bismark.cov.gz,https://ftp.ncbi.nlm.nih.gov/geo/series/GSE213nnn/GSE213723/suppl/GSM6590435_BLD_O3.bismark.cov.gz
File,,,GSE213723,,26814719,09/19/2022 11:54:32,COV,,,,,GSM6590436_BLD_O4.bismark.cov.gz,https://ftp.ncbi.nlm.nih.gov/geo/series/GSE213nnn/GSE213723/suppl/GSM6590436_BLD_O4.bismark.cov.gz
File,,,GSE213723,,24319399,09/19/2022 11:54:40,COV,,,,,GSM6590437_HT_Y1.bismark.cov.gz,https://ftp.ncbi.nlm.nih.gov/geo/series/GSE213nnn/GSE213723/suppl/GSM6590437_HT_Y1.bismark.cov.gz
File,,,GSE213723,,24891355,09/19/2022 11:54:47,COV,,,,,GSM6590438_HT_Y2.bismark.cov.gz,https://ftp.ncbi.nlm.nih.gov/geo/series/GSE213nnn/GSE213723/suppl/GSM6590438_HT_Y2.bismark.cov.gz
File,,,GSE213723,,23704426,09/19/2022 11:54:55,COV,,,,,GSM6590439_HT_Y3.bismark.cov.gz,https://ftp.ncbi.nlm.nih.gov/geo/series/GSE213nnn/GSE213723/suppl/GSM6590439_HT_Y3.bismark.cov.gz
File,,,GSE213723,,17219627,09/19/2022 11:55:00,COV,,,,,GSM6590440_HT_Y4.bismark.cov.gz,https://ftp.ncbi.nlm.nih.gov/geo/series/GSE213nnn/GSE213723/suppl/GSM6590440_HT_Y4.bismark.cov.gz
File,,,GSE213723,,16359661,09/19/2022 11:55:05,COV,,,,,GSM6590441_HT_Y5.bismark.cov.gz,https://ftp.ncbi.nlm.nih.gov/geo/series/GSE213nnn/GSE213723/suppl/GSM6590441_HT_Y5.bismark.cov.gz
File,,,GSE213723,,33451696,09/19/2022 11:55:14,COV,,,,,GSM6590442_HT_Y6.bismark.cov.gz,https://ftp.ncbi.nlm.nih.gov/geo/series/GSE213nnn/GSE213723/suppl/GSM6590442_HT_Y6.bismark.cov.gz
File,,,GSE213723,,25191242,09/19/2022 11:55:22,COV,,,,,GSM6590443_HT_M1.bismark.cov.gz,https://ftp.ncbi.nlm.nih.gov/geo/series/GSE213nnn/GSE213723/suppl/GSM6590443_HT_M1.bismark.cov.gz
File,,,GSE213723,,23368240,09/19/2022 11:55:29,COV,,,,,GSM6590444_HT_M2.bismark.cov.gz,https://ftp.ncbi.nlm.nih.gov/geo/series/GSE213nnn/GSE213723/suppl/GSM6590444_HT_M2.bismark.cov.gz
File,,,GSE213723,,22211955,09/19/2022 11:55:37,COV,,,,,GSM6590445_HT_M3.bismark.cov.gz,https://ftp.ncbi.nlm.nih.gov/geo/series/GSE213nnn/GSE213723/suppl/GSM6590445_HT_M3.bismark.cov.gz
File,,,GSE213723,,15025106,09/19/2022 11:55:41,COV,,,,,GSM6590446_HT_M4.bismark.cov.gz,https://ftp.ncbi.nlm.nih.gov/geo/series/GSE213nnn/GSE213723/suppl/GSM6590446_HT_M4.bismark.cov.gz
File,,,GSE213723,,15749289,09/19/2022 11:55:46,COV,,,,,GSM6590447_HT_M5.bismark.cov.gz,https://ftp.ncbi.nlm.nih.gov/geo/series/GSE213nnn/GSE213723/suppl/GSM6590447_HT_M5.bismark.cov.gz
File,,,GSE213723,,26924185,09/19/2022 11:55:57,COV,,,,,GSM6590448_HT_M6.bismark.cov.gz,https://ftp.ncbi.nlm.nih.gov/geo/series/GSE213nnn/GSE213723/suppl/GSM6590448_HT_M6.bismark.cov.gz
File,,,GSE213723,,27630928,09/19/2022 11:56:05,COV,,,,,GSM6590449_HT_O1.bismark.cov.gz,https://ftp.ncbi.nlm.nih.gov/geo/series/GSE213nnn/GSE213723/suppl/GSM6590449_HT_O1.bismark.cov.gz
File,,,GSE213723,,28127156,09/19/2022 11:56:14,COV,,,,,GSM6590450_HT_O10.bismark.cov.gz,https://ftp.ncbi.nlm.nih.gov/geo/series/GSE213nnn/GSE213723/suppl/GSM6590450_HT_O10.bismark.cov.gz
File,,,GSE213723,,20592565,09/19/2022 11:56:20,COV,,,,,GSM6590451_HT_O2.bismark.cov.gz,https://ftp.ncbi.nlm.nih.gov/geo/series/GSE213nnn/GSE213723/suppl/GSM6590451_HT_O2.bismark.cov.gz
File,,,GSE213723,,27754090,09/19/2022 11:56:29,COV,,,,,GSM6590452_HT_O3.bismark.cov.gz,https://ftp.ncbi.nlm.nih.gov/geo/series/GSE213nnn/GSE213723/suppl/GSM6590452_HT_O3.bismark.cov.gz
File,,,GSE213723,,27624586,09/19/2022 11:56:38,COV,,,,,GSM6590453_HT_O4.bismark.cov.gz,https://ftp.ncbi.nlm.nih.gov/geo/series/GSE213nnn/GSE213723/suppl/GSM6590453_HT_O4.bismark.cov.gz
File,,,GSE213723,,27092287,09/19/2022 11:56:46,COV,,,,,GSM6590454_HT_O5.bismark.cov.gz,https://ftp.ncbi.nlm.nih.gov/geo/series/GSE213nnn/GSE213723/suppl/GSM6590454_HT_O5.bismark.cov.gz
File,,,GSE213723,,25170414,09/19/2022 11:56:54,COV,,,,,GSM6590455_HT_O6.bismark.cov.gz,https://ftp.ncbi.nlm.nih.gov/geo/series/GSE213nnn/GSE213723/suppl/GSM6590455_HT_O6.bismark.cov.gz
File,,,GSE213723,,14649266,09/19/2022 11:56:58,COV,,,,,GSM6590456_HT_O7.bismark.cov.gz,https://ftp.ncbi.nlm.nih.gov/geo/series/GSE213nnn/GSE213723/suppl/GSM6590456_HT_O7.bismark.cov.gz
File,,,GSE213723,,16158206,09/19/2022 11:57:03,COV,,,,,GSM6590457_HT_O8.bismark.cov.gz,https://ftp.ncbi.nlm.nih.gov/geo/series/GSE213nnn/GSE213723/suppl/GSM6590457_HT_O8.bismark.cov.gz
File,,,GSE213723,,30577931,09/19/2022 11:57:12,COV,,,,,GSM6590458_HT_O9.bismark.cov.gz,https://ftp.ncbi.nlm.nih.gov/geo/series/GSE213nnn/GSE213723/suppl/GSM6590458_HT_O9.bismark.cov.gz
File,,,GSE213723,,15032773,09/19/2022 11:57:16,COV,,,,,GSM6590459_KID_Y1.bismark.cov.gz,https://ftp.ncbi.nlm.nih.gov/geo/series/GSE213nnn/GSE213723/suppl/GSM6590459_KID_Y1.bismark.cov.gz
File,,,GSE213723,,12770129,09/19/2022 11:57:20,COV,,,,,GSM6590460_KID_Y2.bismark.cov.gz,https://ftp.ncbi.nlm.nih.gov/geo/series/GSE213nnn/GSE213723/suppl/GSM6590460_KID_Y2.bismark.cov.gz
File,,,GSE213723,,39317766,09/19/2022 11:57:31,COV,,,,,GSM6590461_KID_Y3.bismark.cov.gz,https://ftp.ncbi.nlm.nih.gov/geo/series/GSE213nnn/GSE213723/suppl/GSM6590461_KID_Y3.bismark.cov.gz
File,,,GSE213723,,15662052,09/19/2022 11:57:36,COV,,,,,GSM6590462_KID_M1.bismark.cov.gz,https://ftp.ncbi.nlm.nih.gov/geo/series/GSE213nnn/GSE213723/suppl/GSM6590462_KID_M1.bismark.cov.gz
File,,,GSE213723,,13413266,09/19/2022 11:57:40,COV,,,,,GSM6590463_KID_M2.bismark.cov.gz,https://ftp.ncbi.nlm.nih.gov/geo/series/GSE213nnn/GSE213723/suppl/GSM6590463_KID_M2.bismark.cov.gz
File,,,GSE213723,,28527128,09/19/2022 11:57:49,COV,,,,,GSM6590464_KID_M3.bismark.cov.gz,https://ftp.ncbi.nlm.nih.gov/geo/series/GSE213nnn/GSE213723/suppl/GSM6590464_KID_M3.bismark.cov.gz
File,,,GSE213723,,14508995,09/19/2022 11:57:53,COV,,,,,GSM6590465_KID_O1.bismark.cov.gz,https://ftp.ncbi.nlm.nih.gov/geo/series/GSE213nnn/GSE213723/suppl/GSM6590465_KID_O1.bismark.cov.gz
File,,,GSE213723,,15466033,09/19/2022 11:57:58,COV,,,,,GSM6590466_KID_O2.bismark.cov.gz,https://ftp.ncbi.nlm.nih.gov/geo/series/GSE213nnn/GSE213723/suppl/GSM6590466_KID_O2.bismark.cov.gz
File,,,GSE213723,,35753093,09/19/2022 11:58:09,COV,,,,,GSM6590467_KID_O3.bismark.cov.gz,https://ftp.ncbi.nlm.nih.gov/geo/series/GSE213nnn/GSE213723/suppl/GSM6590467_KID_O3.bismark.cov.gz
File,,,GSE213723,,31577683,09/19/2022 11:58:19,COV,,,,,GSM6590468_KID_O4.bismark.cov.gz,https://ftp.ncbi.nlm.nih.gov/geo/series/GSE213nnn/GSE213723/suppl/GSM6590468_KID_O4.bismark.cov.gz
File,,,GSE213723,,26003652,09/19/2022 11:58:27,COV,,,,,GSM6590469_LIV_Y1.bismark.cov.gz,https://ftp.ncbi.nlm.nih.gov/geo/series/GSE213nnn/GSE213723/suppl/GSM6590469_LIV_Y1.bismark.cov.gz
File,,,GSE213723,,26390052,09/19/2022 11:58:35,COV,,,,,GSM6590470_LIV_Y2.bismark.cov.gz,https://ftp.ncbi.nlm.nih.gov/geo/series/GSE213nnn/GSE213723/suppl/GSM6590470_LIV_Y2.bismark.cov.gz
File,,,GSE213723,,31908464,09/19/2022 11:58:45,COV,,,,,GSM6590471_LIV_M1.bismark.cov.gz,https://ftp.ncbi.nlm.nih.gov/geo/series/GSE213nnn/GSE213723/suppl/GSM6590471_LIV_M1.bismark.cov.gz
File,,,GSE213723,,39123870,09/19/2022 11:58:56,COV,,,,,GSM6590472_LIV_M2.bismark.cov.gz,https://ftp.ncbi.nlm.nih.gov/geo/series/GSE213nnn/GSE213723/suppl/GSM6590472_LIV_M2.bismark.cov.gz
File,,,GSE213723,,33500883,09/19/2022 11:59:06,COV,,,,,GSM6590473_LIV_O1.bismark.cov.gz,https://ftp.ncbi.nlm.nih.gov/geo/series/GSE213nnn/GSE213723/suppl/GSM6590473_LIV_O1.bismark.cov.gz
File,,,GSE213723,,31236298,09/19/2022 11:59:16,COV,,,,,GSM6590474_LIV_O2.bismark.cov.gz,https://ftp.ncbi.nlm.nih.gov/geo/series/GSE213nnn/GSE213723/suppl/GSM6590474_LIV_O2.bismark.cov.gz
File,,,GSE213723,,25464082,09/19/2022 11:59:24,COV,,,,,GSM6590475_LUN_Y1.bismark.cov.gz,https://ftp.ncbi.nlm.nih.gov/geo/series/GSE213nnn/GSE213723/suppl/GSM6590475_LUN_Y1.bismark.cov.gz
File,,,GSE213723,,25255828,09/19/2022 11:59:31,COV,,,,,GSM6590476_LUN_Y2.bismark.cov.gz,https://ftp.ncbi.nlm.nih.gov/geo/series/GSE213nnn/GSE213723/suppl/GSM6590476_LUN_Y2.bismark.cov.gz
File,,,GSE213723,,33611932,09/19/2022 11:59:41,COV,,,,,GSM6590477_LUN_M1.bismark.cov.gz,https://ftp.ncbi.nlm.nih.gov/geo/series/GSE213nnn/GSE213723/suppl/GSM6590477_LUN_M1.bismark.cov.gz
File,,,GSE213723,,35612148,09/19/2022 11:59:51,COV,,,,,GSM6590478_LUN_M2.bismark.cov.gz,https://ftp.ncbi.nlm.nih.gov/geo/series/GSE213nnn/GSE213723/suppl/GSM6590478_LUN_M2.bismark.cov.gz
File,,,GSE213723,,33581256,09/19/2022 12:00:00,COV,,,,,GSM6590479_LUN_O1.bismark.cov.gz,https://ftp.ncbi.nlm.nih.gov/geo/series/GSE213nnn/GSE213723/suppl/GSM6590479_LUN_O1.bismark.cov.gz
File,,,GSE213723,,33550956,09/19/2022 12:00:11,COV,,,,,GSM6590480_LUN_O2.bismark.cov.gz,https://ftp.ncbi.nlm.nih.gov/geo/series/GSE213nnn/GSE213723/suppl/GSM6590480_LUN_O2.bismark.cov.gz
File,,,GSE213723,,25342117,09/19/2022 12:00:18,COV,,,,,GSM6590481_SKM_Y1.bismark.cov.gz,https://ftp.ncbi.nlm.nih.gov/geo/series/GSE213nnn/GSE213723/suppl/GSM6590481_SKM_Y1.bismark.cov.gz
File,,,GSE213723,,25930121,09/19/2022 12:00:26,COV,,,,,GSM6590482_SKM_Y2.bismark.cov.gz,https://ftp.ncbi.nlm.nih.gov/geo/series/GSE213nnn/GSE213723/suppl/GSM6590482_SKM_Y2.bismark.cov.gz
File,,,GSE213723,,33920900,09/19/2022 12:00:36,COV,,,,,GSM6590483_SKM_M1.bismark.cov.gz,https://ftp.ncbi.nlm.nih.gov/geo/series/GSE213nnn/GSE213723/suppl/GSM6590483_SKM_M1.bismark.cov.gz
File,,,GSE213723,,35300967,09/19/2022 12:00:47,COV,,,,,GSM6590484_SKM_M2.bismark.cov.gz,https://ftp.ncbi.nlm.nih.gov/geo/series/GSE213nnn/GSE213723/suppl/GSM6590484_SKM_M2.bismark.cov.gz
File,,,GSE213723,,28882485,09/19/2022 12:00:55,COV,,,,,GSM6590485_SKM_O1.bismark.cov.gz,https://ftp.ncbi.nlm.nih.gov/geo/series/GSE213nnn/GSE213723/suppl/GSM6590485_SKM_O1.bismark.cov.gz
File,,,GSE213723,,28885398,09/19/2022 12:01:03,COV,,,,,GSM6590486_SKM_O2.bismark.cov.gz,https://ftp.ncbi.nlm.nih.gov/geo/series/GSE213nnn/GSE213723/suppl/GSM6590486_SKM_O2.bismark.cov.gz
File,,,GSE213723,,26501441,09/19/2022 12:01:11,COV,,,,,GSM6590487_SPL_Y1.bismark.cov.gz,https://ftp.ncbi.nlm.nih.gov/geo/series/GSE213nnn/GSE213723/suppl/GSM6590487_SPL_Y1.bismark.cov.gz
File,,,GSE213723,,21322203,09/19/2022 12:01:18,COV,,,,,GSM6590488_SPL_Y2.bismark.cov.gz,https://ftp.ncbi.nlm.nih.gov/geo/series/GSE213nnn/GSE213723/suppl/GSM6590488_SPL_Y2.bismark.cov.gz
File,,,GSE213723,,25793610,09/19/2022 12:01:26,COV,,,,,GSM6590489_SPL_Y3.bismark.cov.gz,https://ftp.ncbi.nlm.nih.gov/geo/series/GSE213nnn/GSE213723/suppl/GSM6590489_SPL_Y3.bismark.cov.gz
File,,,GSE213723,,25778878,09/19/2022 12:01:34,COV,,,,,GSM6590490_SPL_Y4.bismark.cov.gz,https://ftp.ncbi.nlm.nih.gov/geo/series/GSE213nnn/GSE213723/suppl/GSM6590490_SPL_Y4.bismark.cov.gz
File,,,GSE213723,,25294880,09/19/2022 12:01:42,COV,,,,,GSM6590491_SPL_Y5.bismark.cov.gz,https://ftp.ncbi.nlm.nih.gov/geo/series/GSE213nnn/GSE213723/suppl/GSM6590491_SPL_Y5.bismark.cov.gz
File,,,GSE213723,,22681168,09/19/2022 12:01:49,COV,,,,,GSM6590492_SPL_M1.bismark.cov.gz,https://ftp.ncbi.nlm.nih.gov/geo/series/GSE213nnn/GSE213723/suppl/GSM6590492_SPL_M1.bismark.cov.gz
File,,,GSE213723,,23063509,09/19/2022 12:01:56,COV,,,,,GSM6590493_SPL_M2.bismark.cov.gz,https://ftp.ncbi.nlm.nih.gov/geo/series/GSE213nnn/GSE213723/suppl/GSM6590493_SPL_M2.bismark.cov.gz
File,,,GSE213723,,24405658,09/19/2022 12:02:03,COV,,,,,GSM6590494_SPL_M3.bismark.cov.gz,https://ftp.ncbi.nlm.nih.gov/geo/series/GSE213nnn/GSE213723/suppl/GSM6590494_SPL_M3.bismark.cov.gz
File,,,GSE213723,,27820091,09/19/2022 12:02:12,COV,,,,,GSM6590495_SPL_M4.bismark.cov.gz,https://ftp.ncbi.nlm.nih.gov/geo/series/GSE213nnn/GSE213723/suppl/GSM6590495_SPL_M4.bismark.cov.gz
File,,,GSE213723,,26438719,09/19/2022 12:02:20,COV,,,,,GSM6590496_SPL_M5.bismark.cov.gz,https://ftp.ncbi.nlm.nih.gov/geo/series/GSE213nnn/GSE213723/suppl/GSM6590496_SPL_M5.bismark.cov.gz
File,,,GSE213723,,21994581,09/19/2022 12:02:27,COV,,,,,GSM6590497_SPL_O1.bismark.cov.gz,https://ftp.ncbi.nlm.nih.gov/geo/series/GSE213nnn/GSE213723/suppl/GSM6590497_SPL_O1.bismark.cov.gz
File,,,GSE213723,,21735334,09/19/2022 12:02:33,COV,,,,,GSM6590498_SPL_O2.bismark.cov.gz,https://ftp.ncbi.nlm.nih.gov/geo/series/GSE213nnn/GSE213723/suppl/GSM6590498_SPL_O2.bismark.cov.gz
File,,,GSE213723,,25599735,09/19/2022 12:02:41,COV,,,,,GSM6590499_SPL_O3.bismark.cov.gz,https://ftp.ncbi.nlm.nih.gov/geo/series/GSE213nnn/GSE213723/suppl/GSM6590499_SPL_O3.bismark.cov.gz
File,,,GSE213723,,25401756,09/19/2022 12:02:49,COV,,,,,GSM6590500_SPL_O4.bismark.cov.gz,https://ftp.ncbi.nlm.nih.gov/geo/series/GSE213nnn/GSE213723/suppl/GSM6590500_SPL_O4.bismark.cov.gz
File,,,GSE213723,,30431841,09/19/2022 12:02:58,COV,,,,,GSM6590501_SPL_O5.bismark.cov.gz,https://ftp.ncbi.nlm.nih.gov/geo/series/GSE213nnn/GSE213723/suppl/GSM6590501_SPL_O5.bismark.cov.gz
File,,,GSE213723,,31028260,09/19/2022 12:03:06,COV,,,,,GSM6590502_SPL_O6.bismark.cov.gz,https://ftp.ncbi.nlm.nih.gov/geo/series/GSE213nnn/GSE213723/suppl/GSM6590502_SPL_O6.bismark.cov.gz
File,,,GSE213723,,3053919,09/19/2022 15:59:28,TXT,,,,,GSM6592552_COL_12mo_A_counts.txt.gz,https://ftp.ncbi.nlm.nih.gov/geo/series/GSE213nnn/GSE213723/suppl/GSM6592552_COL_12mo_A_counts.txt.gz
File,,,GSE213723,,3053867,09/19/2022 15:59:29,TXT,,,,,GSM6592553_COL_12mo_B_counts.txt.gz,https://ftp.ncbi.nlm.nih.gov/geo/series/GSE213nnn/GSE213723/suppl/GSM6592553_COL_12mo_B_counts.txt.gz
File,,,GSE213723,,3054576,09/19/2022 15:59:30,TXT,,,,,GSM6592554_COL_12mo_C_counts.txt.gz,https://ftp.ncbi.nlm.nih.gov/geo/series/GSE213nnn/GSE213723/suppl/GSM6592554_COL_12mo_C_counts.txt.gz
File,,,GSE213723,,3054008,09/19/2022 15:59:30,TXT,,,,,GSM6592555_COL_24mo_A_counts.txt.gz,https://ftp.ncbi.nlm.nih.gov/geo/series/GSE213nnn/GSE213723/suppl/GSM6592555_COL_24mo_A_counts.txt.gz
File,,,GSE213723,,3054243,09/19/2022 15:59:31,TXT,,,,,GSM6592556_COL_24mo_B_counts.txt.gz,https://ftp.ncbi.nlm.nih.gov/geo/series/GSE213nnn/GSE213723/suppl/GSM6592556_COL_24mo_B_counts.txt.gz
File,,,GSE213723,,3054341,09/19/2022 15:59:32,TXT,,,,,GSM6592557_COL_4mo_A_counts.txt.gz,https://ftp.ncbi.nlm.nih.gov/geo/series/GSE213nnn/GSE213723/suppl/GSM6592557_COL_4mo_A_counts.txt.gz
File,,,GSE213723,,3054266,09/19/2022 15:59:33,TXT,,,,,GSM6592558_COL_4mo_B_counts.txt.gz,https://ftp.ncbi.nlm.nih.gov/geo/series/GSE213nnn/GSE213723/suppl/GSM6592558_COL_4mo_B_counts.txt.gz
File,,,GSE213723,,3054484,09/19/2022 15:59:33,TXT,,,,,GSM6592559_COL_4mo_C_counts.txt.gz,https://ftp.ncbi.nlm.nih.gov/geo/series/GSE213nnn/GSE213723/suppl/GSM6592559_COL_4mo_C_counts.txt.gz
File,,,GSE213723,,3054479,09/19/2022 15:59:34,TXT,,,,,GSM6592560_LSI_12mo_A_counts.txt.gz,https://ftp.ncbi.nlm.nih.gov/geo/series/GSE213nnn/GSE213723/suppl/GSM6592560_LSI_12mo_A_counts.txt.gz
File,,,GSE213723,,3053474,09/19/2022 15:59:35,TXT,,,,,GSM6592561_LSI_12mo_B_counts.txt.gz,https://ftp.ncbi.nlm.nih.gov/geo/series/GSE213nnn/GSE213723/suppl/GSM6592561_LSI_12mo_B_counts.txt.gz
File,,,GSE213723,,3054292,09/19/2022 15:59:35,TXT,,,,,GSM6592562_LSI_12mo_C_counts.txt.gz,https://ftp.ncbi.nlm.nih.gov/geo/series/GSE213nnn/GSE213723/suppl/GSM6592562_LSI_12mo_C_counts.txt.gz
File,,,GSE213723,,3053999,09/19/2022 15:59:36,TXT,,,,,GSM6592563_LSI_24mo_A_counts.txt.gz,https://ftp.ncbi.nlm.nih.gov/geo/series/GSE213nnn/GSE213723/suppl/GSM6592563_LSI_24mo_A_counts.txt.gz
File,,,GSE213723,,3053457,09/19/2022 15:59:37,TXT,,,,,GSM6592564_LSI_24mo_B_counts.txt.gz,https://ftp.ncbi.nlm.nih.gov/geo/series/GSE213nnn/GSE213723/suppl/GSM6592564_LSI_24mo_B_counts.txt.gz
File,,,GSE213723,,3054113,09/19/2022 15:59:37,TXT,,,,,GSM6592565_LSI_4mo_A_counts.txt.gz,https://ftp.ncbi.nlm.nih.gov/geo/series/GSE213nnn/GSE213723/suppl/GSM6592565_LSI_4mo_A_counts.txt.gz
File,,,GSE213723,,3054059,09/19/2022 15:59:38,TXT,,,,,GSM6592566_LSI_4mo_B_counts.txt.gz,https://ftp.ncbi.nlm.nih.gov/geo/series/GSE213nnn/GSE213723/suppl/GSM6592566_LSI_4mo_B_counts.txt.gz
File,,,GSE213723,,3054165,09/19/2022 15:59:39,TXT,,,,,GSM6592567_LSI_4mo_C_counts.txt.gz,https://ftp.ncbi.nlm.nih.gov/geo/series/GSE213nnn/GSE213723/suppl/GSM6592567_LSI_4mo_C_counts.txt.gz
File,,,GSE213723,,3054541,09/19/2022 15:59:40,TXT,,,,,GSM6592568_USI_12mo_A_counts.txt.gz,https://ftp.ncbi.nlm.nih.gov/geo/series/GSE213nnn/GSE213723/suppl/GSM6592568_USI_12mo_A_counts.txt.gz
File,,,GSE213723,,3054481,09/19/2022 15:59:40,TXT,,,,,GSM6592569_USI_12mo_B_counts.txt.gz,https://ftp.ncbi.nlm.nih.gov/geo/series/GSE213nnn/GSE213723/suppl/GSM6592569_USI_12mo_B_counts.txt.gz
File,,,GSE213723,,3054480,09/19/2022 15:59:41,TXT,,,,,GSM6592570_USI_12mo_C_counts.txt.gz,https://ftp.ncbi.nlm.nih.gov/geo/series/GSE213nnn/GSE213723/suppl/GSM6592570_USI_12mo_C_counts.txt.gz
File,,,GSE213723,,3053906,09/19/2022 15:59:42,TXT,,,,,GSM6592571_USI_24mo_A_counts.txt.gz,https://ftp.ncbi.nlm.nih.gov/geo/series/GSE213nnn/GSE213723/suppl/GSM6592571_USI_24mo_A_counts.txt.gz
File,,,GSE213723,,3054527,09/19/2022 15:59:42,TXT,,,,,GSM6592572_USI_24mo_B_counts.txt.gz,https://ftp.ncbi.nlm.nih.gov/geo/series/GSE213nnn/GSE213723/suppl/GSM6592572_USI_24mo_B_counts.txt.gz
File,,,GSE213723,,3054765,09/19/2022 15:59:43,TXT,,,,,GSM6592573_USI_4mo_A_counts.txt.gz,https://ftp.ncbi.nlm.nih.gov/geo/series/GSE213nnn/GSE213723/suppl/GSM6592573_USI_4mo_A_counts.txt.gz
File,,,GSE213723,,3054700,09/19/2022 15:59:44,TXT,,,,,GSM6592574_USI_4mo_B_counts.txt.gz,https://ftp.ncbi.nlm.nih.gov/geo/series/GSE213nnn/GSE213723/suppl/GSM6592574_USI_4mo_B_counts.txt.gz
File,,,GSE213723,,3054325,09/19/2022 15:59:45,TXT,,,,,GSM6592575_USI_4mo_C_counts.txt.gz,https://ftp.ncbi.nlm.nih.gov/geo/series/GSE213nnn/GSE213723/suppl/GSM6592575_USI_4mo_C_counts.txt.gz
,,,GSE312263,HTTP Error 404: Not Found,,,,,,,,,https://ftp.ncbi.nlm.nih.gov/geo/series/GSE312nnn/GSE312263/suppl/filelist.txt
