sample_id,title,age_days,age_weeks,raw_age_value,raw_age_unit,normalized_age_unit,age_unit_source,age_parse_warning,tissue,strain,sex,intervention,dataset_batch,assay,fastq_on_disk,parse_status,raw_source_name,raw_characteristics
GSM3394172,Mouse_Adipose_SH001,608.4,86.914,20.0,months,months,parsed,,adipose,C57BL/6J,F,control,GSE120137,RRBS,True,ok,Adipose,strain: C57BL/6J | tissue: Adipose | age: 20mo | Sex: Female
GSM3394173,Mouse_Adipose_SH002,608.4,86.914,20.0,months,months,parsed,,adipose,C57BL/6J,F,control,GSE120137,RRBS,True,ok,Adipose,strain: C57BL/6J | tissue: Adipose | age: 20mo | Sex: Female
GSM3394174,Mouse_Adipose_SH003,608.4,86.914,20.0,months,months,parsed,,adipose,C57BL/6J,F,control,GSE120137,RRBS,True,ok,Adipose,strain: C57BL/6J | tissue: Adipose | age: 20mo | Sex: Female
GSM3394175,Mouse_Adipose_SH004,608.4,86.914,20.0,months,months,parsed,,adipose,C57BL/6J,F,control,GSE120137,RRBS,True,ok,Adipose,strain: C57BL/6J | tissue: Adipose | age: 20mo | Sex: Female
GSM3394176,Mouse_Adipose_SH005,608.4,86.914,20.0,months,months,parsed,,adipose,C57BL/6J,F,control,GSE120137,RRBS,True,ok,Adipose,strain: C57BL/6J | tissue: Adipose | age: 20mo | Sex: Female
GSM3394177,Mouse_Adipose_SH006,608.4,86.914,20.0,months,months,parsed,,adipose,C57BL/6J,M,control,GSE120137,RRBS,True,ok,Adipose,strain: C57BL/6J | tissue: Adipose | age: 20mo | Sex: Male
GSM3394178,Mouse_Adipose_SH007,608.4,86.914,20.0,months,months,parsed,,adipose,C57BL/6J,M,control,GSE120137,RRBS,True,ok,Adipose,strain: C57BL/6J | tissue: Adipose | age: 20mo | Sex: Male
GSM3394179,Mouse_Adipose_SH008,608.4,86.914,20.0,months,months,parsed,,adipose,C57BL/6J,M,control,GSE120137,RRBS,True,ok,Adipose,strain: C57BL/6J | tissue: Adipose | age: 20mo | Sex: Male
GSM3394180,Mouse_Adipose_SH009,608.4,86.914,20.0,months,months,parsed,,adipose,C57BL/6J,M,control,GSE120137,RRBS,True,ok,Adipose,strain: C57BL/6J | tissue: Adipose | age: 20mo | Sex: Male
GSM3394181,Mouse_Adipose_SH010,608.4,86.914,20.0,months,months,parsed,,adipose,C57BL/6J,M,control,GSE120137,RRBS,True,ok,Adipose,strain: C57BL/6J | tissue: Adipose | age: 20mo | Sex: Male
GSM3394182,Mouse_Adipose_SH011,608.4,86.914,20.0,months,months,parsed,,adipose,BALB/cByJ,F,control,GSE120137,RRBS,True,ok,Adipose,strain: BALB/cByJ | tissue: Adipose | age: 20mo | Sex: Female
GSM3394183,Mouse_Adipose_SH012,608.4,86.914,20.0,months,months,parsed,,adipose,BALB/cByJ,F,control,GSE120137,RRBS,True,ok,Adipose,strain: BALB/cByJ | tissue: Adipose | age: 20mo | Sex: Female
GSM3394184,Mouse_Adipose_SH013,608.4,86.914,20.0,months,months,parsed,,adipose,BALB/cByJ,F,control,GSE120137,RRBS,True,ok,Adipose,strain: BALB/cByJ | tissue: Adipose | age: 20mo | Sex: Female
GSM3394185,Mouse_Adipose_SH014,608.4,86.914,20.0,months,months,parsed,,adipose,BALB/cByJ,F,control,GSE120137,RRBS,True,ok,Adipose,strain: BALB/cByJ | tissue: Adipose | age: 20mo | Sex: Female
GSM3394186,Mouse_Adipose_SH015,608.4,86.914,20.0,months,months,parsed,,adipose,BALB/cByJ,F,control,GSE120137,RRBS,True,ok,Adipose,strain: BALB/cByJ | tissue: Adipose | age: 20mo | Sex: Female
GSM3394187,Mouse_Adipose_SH016,608.4,86.914,20.0,months,months,parsed,,adipose,BALB/cByJ,M,control,GSE120137,RRBS,True,ok,Adipose,strain: BALB/cByJ | tissue: Adipose | age: 20mo | Sex: Male
GSM3394188,Mouse_Adipose_SH017,608.4,86.914,20.0,months,months,parsed,,adipose,BALB/cByJ,M,control,GSE120137,RRBS,True,ok,Adipose,strain: BALB/cByJ | tissue: Adipose | age: 20mo | Sex: Male
GSM3394189,Mouse_Adipose_SH018,608.4,86.914,20.0,months,months,parsed,,adipose,BALB/cByJ,M,control,GSE120137,RRBS,True,ok,Adipose,strain: BALB/cByJ | tissue: Adipose | age: 20mo | Sex: Male
GSM3394190,Mouse_Adipose_SH019,608.4,86.914,20.0,months,months,parsed,,adipose,BALB/cByJ,M,control,GSE120137,RRBS,True,ok,Adipose,strain: BALB/cByJ | tissue: Adipose | age: 20mo | Sex: Male
GSM3394191,Mouse_Adipose_SH020,608.4,86.914,20.0,months,months,parsed,,adipose,BALB/cByJ,M,control,GSE120137,RRBS,True,ok,Adipose,strain: BALB/cByJ | tissue: Adipose | age: 20mo | Sex: Male
GSM3394192,Mouse_Adipose_SH021,304.2,43.457,10.0,months,months,parsed,,adipose,C57BL/6J,F,control,GSE120137,RRBS,True,ok,Adipose,strain: C57BL/6J | tissue: Adipose | age: 10mo | Sex: Female
GSM3394193,Mouse_Adipose_SH022,304.2,43.457,10.0,months,months,parsed,,adipose,C57BL/6J,F,control,GSE120137,RRBS,True,ok,Adipose,strain: C57BL/6J | tissue: Adipose | age: 10mo | Sex: Female
GSM3394194,Mouse_Adipose_SH023,304.2,43.457,10.0,months,months,parsed,,adipose,C57BL/6J,F,control,GSE120137,RRBS,True,ok,Adipose,strain: C57BL/6J | tissue: Adipose | age: 10mo | Sex: Female
GSM3394195,Mouse_Adipose_SH024,304.2,43.457,10.0,months,months,parsed,,adipose,C57BL/6J,F,control,GSE120137,RRBS,True,ok,Adipose,strain: C57BL/6J | tissue: Adipose | age: 10mo | Sex: Female
GSM3394196,Mouse_Adipose_SH025,304.2,43.457,10.0,months,months,parsed,,adipose,C57BL/6J,F,control,GSE120137,RRBS,True,ok,Adipose,strain: C57BL/6J | tissue: Adipose | age: 10mo | Sex: Female
GSM3394197,Mouse_Adipose_SH026,304.2,43.457,10.0,months,months,parsed,,adipose,C57BL/6J,M,control,GSE120137,RRBS,True,ok,Adipose,strain: C57BL/6J | tissue: Adipose | age: 10mo | Sex: Male
GSM3394198,Mouse_Adipose_SH027,304.2,43.457,10.0,months,months,parsed,,adipose,C57BL/6J,M,control,GSE120137,RRBS,True,ok,Adipose,strain: C57BL/6J | tissue: Adipose | age: 10mo | Sex: Male
GSM3394199,Mouse_Adipose_SH028,304.2,43.457,10.0,months,months,parsed,,adipose,C57BL/6J,M,control,GSE120137,RRBS,True,ok,Adipose,strain: C57BL/6J | tissue: Adipose | age: 10mo | Sex: Male
GSM3394200,Mouse_Adipose_SH029,304.2,43.457,10.0,months,months,parsed,,adipose,C57BL/6J,M,control,GSE120137,RRBS,True,ok,Adipose,strain: C57BL/6J | tissue: Adipose | age: 10mo | Sex: Male
GSM3394201,Mouse_Adipose_SH030,304.2,43.457,10.0,months,months,parsed,,adipose,C57BL/6J,M,control,GSE120137,RRBS,True,ok,Adipose,strain: C57BL/6J | tissue: Adipose | age: 10mo | Sex: Male
GSM3394202,Mouse_Adipose_SH031,304.2,43.457,10.0,months,months,parsed,,adipose,BALB/cByJ,F,control,GSE120137,RRBS,True,ok,Adipose,strain: BALB/cByJ | tissue: Adipose | age: 10mo | Sex: Female
GSM3394203,Mouse_Adipose_SH032,304.2,43.457,10.0,months,months,parsed,,adipose,BALB/cByJ,F,control,GSE120137,RRBS,True,ok,Adipose,strain: BALB/cByJ | tissue: Adipose | age: 10mo | Sex: Female
GSM3394204,Mouse_Adipose_SH033,304.2,43.457,10.0,months,months,parsed,,adipose,BALB/cByJ,F,control,GSE120137,RRBS,True,ok,Adipose,strain: BALB/cByJ | tissue: Adipose | age: 10mo | Sex: Female
GSM3394205,Mouse_Adipose_SH034,304.2,43.457,10.0,months,months,parsed,,adipose,BALB/cByJ,F,control,GSE120137,RRBS,True,ok,Adipose,strain: BALB/cByJ | tissue: Adipose | age: 10mo | Sex: Female
GSM3394206,Mouse_Adipose_SH035,304.2,43.457,10.0,months,months,parsed,,adipose,BALB/cByJ,F,control,GSE120137,RRBS,True,ok,Adipose,strain: BALB/cByJ | tissue: Adipose | age: 10mo | Sex: Female
GSM3394207,Mouse_Adipose_SH036,304.2,43.457,10.0,months,months,parsed,,adipose,BALB/cByJ,M,control,GSE120137,RRBS,True,ok,Adipose,strain: BALB/cByJ | tissue: Adipose | age: 10mo | Sex: Male
GSM3394208,Mouse_Adipose_SH037,304.2,43.457,10.0,months,months,parsed,,adipose,BALB/cByJ,M,control,GSE120137,RRBS,True,ok,Adipose,strain: BALB/cByJ | tissue: Adipose | age: 10mo | Sex: Male
GSM3394209,Mouse_Adipose_SH038,304.2,43.457,10.0,months,months,parsed,,adipose,BALB/cByJ,M,control,GSE120137,RRBS,True,ok,Adipose,strain: BALB/cByJ | tissue: Adipose | age: 10mo | Sex: Male
GSM3394210,Mouse_Adipose_SH039,304.2,43.457,10.0,months,months,parsed,,adipose,BALB/cByJ,M,control,GSE120137,RRBS,True,ok,Adipose,strain: BALB/cByJ | tissue: Adipose | age: 10mo | Sex: Male
GSM3394211,Mouse_Adipose_SH040,304.2,43.457,10.0,months,months,parsed,,adipose,BALB/cByJ,M,control,GSE120137,RRBS,True,ok,Adipose,strain: BALB/cByJ | tissue: Adipose | age: 10mo | Sex: Male
GSM3394212,Mouse_Adipose_SH041,60.84,8.691,2.0,months,months,parsed,,adipose,C57BL/6J,F,control,GSE120137,RRBS,True,ok,Adipose,strain: C57BL/6J | tissue: Adipose | age: 2mo | Sex: Female
GSM3394213,Mouse_Adipose_SH042,60.84,8.691,2.0,months,months,parsed,,adipose,C57BL/6J,F,control,GSE120137,RRBS,True,ok,Adipose,strain: C57BL/6J | tissue: Adipose | age: 2mo | Sex: Female
GSM3394214,Mouse_Adipose_SH043,60.84,8.691,2.0,months,months,parsed,,adipose,C57BL/6J,F,control,GSE120137,RRBS,True,ok,Adipose,strain: C57BL/6J | tissue: Adipose | age: 2mo | Sex: Female
GSM3394215,Mouse_Adipose_SH044,60.84,8.691,2.0,months,months,parsed,,adipose,C57BL/6J,F,control,GSE120137,RRBS,True,ok,Adipose,strain: C57BL/6J | tissue: Adipose | age: 2mo | Sex: Female
GSM3394216,Mouse_Adipose_SH045,60.84,8.691,2.0,months,months,parsed,,adipose,C57BL/6J,F,control,GSE120137,RRBS,True,ok,Adipose,strain: C57BL/6J | tissue: Adipose | age: 2mo | Sex: Female
GSM3394217,Mouse_Adipose_SH046,60.84,8.691,2.0,months,months,parsed,,adipose,C57BL/6J,M,control,GSE120137,RRBS,True,ok,Adipose,strain: C57BL/6J | tissue: Adipose | age: 2mo | Sex: Male
GSM3394218,Mouse_Adipose_SH047,60.84,8.691,2.0,months,months,parsed,,adipose,C57BL/6J,M,control,GSE120137,RRBS,True,ok,Adipose,strain: C57BL/6J | tissue: Adipose | age: 2mo | Sex: Male
GSM3394219,Mouse_Adipose_SH048,60.84,8.691,2.0,months,months,parsed,,adipose,C57BL/6J,M,control,GSE120137,RRBS,True,ok,Adipose,strain: C57BL/6J | tissue: Adipose | age: 2mo | Sex: Male
GSM3394220,Mouse_Adipose_SH049,60.84,8.691,2.0,months,months,parsed,,adipose,C57BL/6J,M,control,GSE120137,RRBS,True,ok,Adipose,strain: C57BL/6J | tissue: Adipose | age: 2mo | Sex: Male
GSM3394221,Mouse_Adipose_SH050,60.84,8.691,2.0,months,months,parsed,,adipose,C57BL/6J,M,control,GSE120137,RRBS,True,ok,Adipose,strain: C57BL/6J | tissue: Adipose | age: 2mo | Sex: Male
GSM3394222,Mouse_Adipose_SH051,60.84,8.691,2.0,months,months,parsed,,adipose,BALB/cByJ,F,control,GSE120137,RRBS,True,ok,Adipose,strain: BALB/cByJ | tissue: Adipose | age: 2mo | Sex: Female
GSM3394223,Mouse_Adipose_SH052,60.84,8.691,2.0,months,months,parsed,,adipose,BALB/cByJ,F,control,GSE120137,RRBS,True,ok,Adipose,strain: BALB/cByJ | tissue: Adipose | age: 2mo | Sex: Female
GSM3394224,Mouse_Adipose_SH053,60.84,8.691,2.0,months,months,parsed,,adipose,BALB/cByJ,F,control,GSE120137,RRBS,True,ok,Adipose,strain: BALB/cByJ | tissue: Adipose | age: 2mo | Sex: Female
GSM3394225,Mouse_Adipose_SH054,60.84,8.691,2.0,months,months,parsed,,adipose,BALB/cByJ,F,control,GSE120137,RRBS,True,ok,Adipose,strain: BALB/cByJ | tissue: Adipose | age: 2mo | Sex: Female
GSM3394226,Mouse_Adipose_SH055,60.84,8.691,2.0,months,months,parsed,,adipose,BALB/cByJ,F,control,GSE120137,RRBS,True,ok,Adipose,strain: BALB/cByJ | tissue: Adipose | age: 2mo | Sex: Female
GSM3394227,Mouse_Adipose_SH056,60.84,8.691,2.0,months,months,parsed,,adipose,BALB/cByJ,M,control,GSE120137,RRBS,True,ok,Adipose,strain: BALB/cByJ | tissue: Adipose | age: 2mo | Sex: Male
GSM3394228,Mouse_Blood_SH001,608.4,86.914,20.0,months,months,parsed,,blood,C57BL/6J,F,control,GSE120137,RRBS,True,ok,Blood,strain: C57BL/6J | tissue: Blood | age: 20mo | Sex: Female
GSM3394229,Mouse_Blood_SH005,608.4,86.914,20.0,months,months,parsed,,blood,C57BL/6J,F,control,GSE120137,RRBS,True,ok,Blood,strain: C57BL/6J | tissue: Blood | age: 20mo | Sex: Female
GSM3394230,Mouse_Blood_SH006,608.4,86.914,20.0,months,months,parsed,,blood,C57BL/6J,M,control,GSE120137,RRBS,True,ok,Blood,strain: C57BL/6J | tissue: Blood | age: 20mo | Sex: Male
GSM3394231,Mouse_Blood_SH007,608.4,86.914,20.0,months,months,parsed,,blood,C57BL/6J,M,control,GSE120137,RRBS,True,ok,Blood,strain: C57BL/6J | tissue: Blood | age: 20mo | Sex: Male
GSM3394232,Mouse_Blood_SH008,608.4,86.914,20.0,months,months,parsed,,blood,C57BL/6J,M,control,GSE120137,RRBS,True,ok,Blood,strain: C57BL/6J | tissue: Blood | age: 20mo | Sex: Male
GSM3394233,Mouse_Blood_SH009,608.4,86.914,20.0,months,months,parsed,,blood,C57BL/6J,M,control,GSE120137,RRBS,True,ok,Blood,strain: C57BL/6J | tissue: Blood | age: 20mo | Sex: Male
GSM3394234,Mouse_Blood_SH010,608.4,86.914,20.0,months,months,parsed,,blood,C57BL/6J,M,control,GSE120137,RRBS,True,ok,Blood,strain: C57BL/6J | tissue: Blood | age: 20mo | Sex: Male
GSM3394235,Mouse_Blood_SH011,608.4,86.914,20.0,months,months,parsed,,blood,BALB/cByJ,F,control,GSE120137,RRBS,True,ok,Blood,strain: BALB/cByJ | tissue: Blood | age: 20mo | Sex: Female
GSM3394236,Mouse_Blood_SH012,608.4,86.914,20.0,months,months,parsed,,blood,BALB/cByJ,F,control,GSE120137,RRBS,True,ok,Blood,strain: BALB/cByJ | tissue: Blood | age: 20mo | Sex: Female
GSM3394237,Mouse_Blood_SH013,608.4,86.914,20.0,months,months,parsed,,blood,BALB/cByJ,F,control,GSE120137,RRBS,True,ok,Blood,strain: BALB/cByJ | tissue: Blood | age: 20mo | Sex: Female
GSM3394238,Mouse_Blood_SH014,608.4,86.914,20.0,months,months,parsed,,blood,BALB/cByJ,F,control,GSE120137,RRBS,True,ok,Blood,strain: BALB/cByJ | tissue: Blood | age: 20mo | Sex: Female
GSM3394239,Mouse_Blood_SH015,608.4,86.914,20.0,months,months,parsed,,blood,BALB/cByJ,F,control,GSE120137,RRBS,True,ok,Blood,strain: BALB/cByJ | tissue: Blood | age: 20mo | Sex: Female
GSM3394240,Mouse_Blood_SH016,608.4,86.914,20.0,months,months,parsed,,blood,BALB/cByJ,M,control,GSE120137,RRBS,True,ok,Blood,strain: BALB/cByJ | tissue: Blood | age: 20mo | Sex: Male
GSM3394241,Mouse_Blood_SH017,608.4,86.914,20.0,months,months,parsed,,blood,BALB/cByJ,M,control,GSE120137,RRBS,True,ok,Blood,strain: BALB/cByJ | tissue: Blood | age: 20mo | Sex: Male
GSM3394242,Mouse_Blood_SH018,608.4,86.914,20.0,months,months,parsed,,blood,BALB/cByJ,M,control,GSE120137,RRBS,True,ok,Blood,strain: BALB/cByJ | tissue: Blood | age: 20mo | Sex: Male
GSM3394243,Mouse_Blood_SH019,608.4,86.914,20.0,months,months,parsed,,blood,BALB/cByJ,M,control,GSE120137,RRBS,True,ok,Blood,strain: BALB/cByJ | tissue: Blood | age: 20mo | Sex: Male
GSM3394244,Mouse_Blood_SH020,608.4,86.914,20.0,months,months,parsed,,blood,BALB/cByJ,M,control,GSE120137,RRBS,True,ok,Blood,strain: BALB/cByJ | tissue: Blood | age: 20mo | Sex: Male
GSM3394245,Mouse_Blood_SH030,304.2,43.457,10.0,months,months,parsed,,blood,C57BL/6J,M,control,GSE120137,RRBS,True,ok,Blood,strain: C57BL/6J | tissue: Blood | age: 10mo | Sex: Male
GSM3394246,Mouse_Blood_SH033,304.2,43.457,10.0,months,months,parsed,,blood,BALB/cByJ,F,control,GSE120137,RRBS,True,ok,Blood,strain: BALB/cByJ | tissue: Blood | age: 10mo | Sex: Female
GSM3394247,Mouse_Blood_SH034,304.2,43.457,10.0,months,months,parsed,,blood,BALB/cByJ,F,control,GSE120137,RRBS,True,ok,Blood,strain: BALB/cByJ | tissue: Blood | age: 10mo | Sex: Female
GSM3394248,Mouse_Blood_SH035,304.2,43.457,10.0,months,months,parsed,,blood,BALB/cByJ,F,control,GSE120137,RRBS,True,ok,Blood,strain: BALB/cByJ | tissue: Blood | age: 10mo | Sex: Female
GSM3394249,Mouse_Blood_SH036,304.2,43.457,10.0,months,months,parsed,,blood,BALB/cByJ,M,control,GSE120137,RRBS,True,ok,Blood,strain: BALB/cByJ | tissue: Blood | age: 10mo | Sex: Male
GSM3394250,Mouse_Blood_SH037,304.2,43.457,10.0,months,months,parsed,,blood,BALB/cByJ,M,control,GSE120137,RRBS,True,ok,Blood,strain: BALB/cByJ | tissue: Blood | age: 10mo | Sex: Male
GSM3394251,Mouse_Blood_SH038,304.2,43.457,10.0,months,months,parsed,,blood,BALB/cByJ,M,control,GSE120137,RRBS,True,ok,Blood,strain: BALB/cByJ | tissue: Blood | age: 10mo | Sex: Male
GSM3394252,Mouse_Blood_SH039,304.2,43.457,10.0,months,months,parsed,,blood,BALB/cByJ,M,control,GSE120137,RRBS,True,ok,Blood,strain: BALB/cByJ | tissue: Blood | age: 10mo | Sex: Male
GSM3394253,Mouse_Blood_SH040,304.2,43.457,10.0,months,months,parsed,,blood,BALB/cByJ,M,control,GSE120137,RRBS,True,ok,Blood,strain: BALB/cByJ | tissue: Blood | age: 10mo | Sex: Male
GSM3394254,Mouse_Blood_SH041,60.84,8.691,2.0,months,months,parsed,,blood,C57BL/6J,F,control,GSE120137,RRBS,True,ok,Blood,strain: C57BL/6J | tissue: Blood | age: 2mo | Sex: Female
GSM3394255,Mouse_Blood_SH045,60.84,8.691,2.0,months,months,parsed,,blood,C57BL/6J,F,control,GSE120137,RRBS,True,ok,Blood,strain: C57BL/6J | tissue: Blood | age: 2mo | Sex: Female
GSM3394256,Mouse_Blood_SH056,60.84,8.691,2.0,months,months,parsed,,blood,BALB/cByJ,M,control,GSE120137,RRBS,True,ok,Blood,strain: BALB/cByJ | tissue: Blood | age: 2mo | Sex: Male
GSM3394257,Mouse_Blood_SH057,60.84,8.691,2.0,months,months,parsed,,blood,BALB/cByJ,M,control,GSE120137,RRBS,True,ok,Blood,strain: BALB/cByJ | tissue: Blood | age: 2mo | Sex: Male
GSM3394258,Mouse_Blood_SH058,60.84,8.691,2.0,months,months,parsed,,blood,BALB/cByJ,M,control,GSE120137,RRBS,True,ok,Blood,strain: BALB/cByJ | tissue: Blood | age: 2mo | Sex: Male
GSM3394259,Mouse_Blood_SH059,60.84,8.691,2.0,months,months,parsed,,blood,BALB/cByJ,M,control,GSE120137,RRBS,True,ok,Blood,strain: BALB/cByJ | tissue: Blood | age: 2mo | Sex: Male
GSM3394260,Mouse_Blood_SH061,647.234,92.462,21.2766,months,months,parsed,,blood,C57BL/6J,F,control,GSE120137,RRBS,True,ok,Blood,strain: C57BL/6J | tissue: Blood | age: 21.2766mo | Sex: Female
GSM3394261,Mouse_Blood_SH062,647.234,92.462,21.2766,months,months,parsed,,blood,C57BL/6J,F,control,GSE120137,RRBS,True,ok,Blood,strain: C57BL/6J | tissue: Blood | age: 21.2766mo | Sex: Female
GSM3394262,Mouse_Blood_SH063,647.234,92.462,21.2766,months,months,parsed,,blood,C57BL/6J,F,control,GSE120137,RRBS,True,ok,Blood,strain: C57BL/6J | tissue: Blood | age: 21.2766mo | Sex: Female
GSM3394263,Mouse_Blood_SH064,647.234,92.462,21.2766,months,months,parsed,,blood,C57BL/6J,F,control,GSE120137,RRBS,True,ok,Blood,strain: C57BL/6J | tissue: Blood | age: 21.2766mo | Sex: Female
GSM3394264,Mouse_Blood_SH065,647.234,92.462,21.2766,months,months,parsed,,blood,C57BL/6J,F,control,GSE120137,RRBS,True,ok,Blood,strain: C57BL/6J | tissue: Blood | age: 21.2766mo | Sex: Female
GSM3394265,Mouse_Blood_SH066,553.744,79.106,18.2033,months,months,parsed,,blood,C57BL/6J,M,control,GSE120137,RRBS,True,ok,Blood,strain: C57BL/6J | tissue: Blood | age: 18.2033mo | Sex: Male
GSM3394266,Mouse_Blood_SH067,553.744,79.106,18.2033,months,months,parsed,,blood,C57BL/6J,M,control,GSE120137,RRBS,True,ok,Blood,strain: C57BL/6J | tissue: Blood | age: 18.2033mo | Sex: Male
GSM3394267,Mouse_Blood_SH068,553.744,79.106,18.2033,months,months,parsed,,blood,C57BL/6J,M,control,GSE120137,RRBS,True,ok,Blood,strain: C57BL/6J | tissue: Blood | age: 18.2033mo | Sex: Male
GSM3394268,Mouse_Blood_SH069,553.744,79.106,18.2033,months,months,parsed,,blood,C57BL/6J,M,control,GSE120137,RRBS,True,ok,Blood,strain: C57BL/6J | tissue: Blood | age: 18.2033mo | Sex: Male
GSM3394269,Mouse_Blood_SH070,553.744,79.106,18.2033,months,months,parsed,,blood,C57BL/6J,M,control,GSE120137,RRBS,True,ok,Blood,strain: C57BL/6J | tissue: Blood | age: 18.2033mo | Sex: Male
GSM3394270,Mouse_Blood_SH071,338.0,48.286,11.1111,months,months,parsed,,blood,C57BL/6J,F,control,GSE120137,RRBS,True,ok,Blood,strain: C57BL/6J | tissue: Blood | age: 11.1111mo | Sex: Female
GSM3394271,Mouse_Blood_SH072,338.0,48.286,11.1111,months,months,parsed,,blood,C57BL/6J,F,control,GSE120137,RRBS,True,ok,Blood,strain: C57BL/6J | tissue: Blood | age: 11.1111mo | Sex: Female
GSM3394272,Mouse_Blood_SH073,338.0,48.286,11.1111,months,months,parsed,,blood,C57BL/6J,F,control,GSE120137,RRBS,True,ok,Blood,strain: C57BL/6J | tissue: Blood | age: 11.1111mo | Sex: Female
GSM3394273,Mouse_Blood_SH074,338.0,48.286,11.1111,months,months,parsed,,blood,C57BL/6J,F,control,GSE120137,RRBS,True,ok,Blood,strain: C57BL/6J | tissue: Blood | age: 11.1111mo | Sex: Female
GSM3394274,Mouse_Blood_SH075,338.0,48.286,11.1111,months,months,parsed,,blood,C57BL/6J,F,control,GSE120137,RRBS,True,ok,Blood,strain: C57BL/6J | tissue: Blood | age: 11.1111mo | Sex: Female
GSM3394275,Mouse_Blood_SH076,338.0,48.286,11.1111,months,months,parsed,,blood,C57BL/6J,M,control,GSE120137,RRBS,True,ok,Blood,strain: C57BL/6J | tissue: Blood | age: 11.1111mo | Sex: Male
GSM3394276,Mouse_Blood_SH077,338.0,48.286,11.1111,months,months,parsed,,blood,C57BL/6J,M,control,GSE120137,RRBS,True,ok,Blood,strain: C57BL/6J | tissue: Blood | age: 11.1111mo | Sex: Male
GSM3394277,Mouse_Blood_SH078,338.0,48.286,11.1111,months,months,parsed,,blood,C57BL/6J,M,control,GSE120137,RRBS,True,ok,Blood,strain: C57BL/6J | tissue: Blood | age: 11.1111mo | Sex: Male
GSM3394278,Mouse_Blood_SH079,338.0,48.286,11.1111,months,months,parsed,,blood,C57BL/6J,M,control,GSE120137,RRBS,True,ok,Blood,strain: C57BL/6J | tissue: Blood | age: 11.1111mo | Sex: Male
GSM3394279,Mouse_Blood_SH080,338.0,48.286,11.1111,months,months,parsed,,blood,C57BL/6J,M,control,GSE120137,RRBS,True,ok,Blood,strain: C57BL/6J | tissue: Blood | age: 11.1111mo | Sex: Male
GSM3394280,Mouse_Blood_SH081,71.915,10.274,2.36407,months,months,parsed,,blood,C57BL/6J,F,control,GSE120137,RRBS,True,ok,Blood,strain: C57BL/6J | tissue: Blood | age: 2.36407mo | Sex: Female
GSM3394281,Mouse_Blood_SH082,71.915,10.274,2.36407,months,months,parsed,,blood,C57BL/6J,F,control,GSE120137,RRBS,True,ok,Blood,strain: C57BL/6J | tissue: Blood | age: 2.36407mo | Sex: Female
GSM3394282,Mouse_Blood_SH083,71.915,10.274,2.36407,months,months,parsed,,blood,C57BL/6J,F,control,GSE120137,RRBS,True,ok,Blood,strain: C57BL/6J | tissue: Blood | age: 2.36407mo | Sex: Female
GSM3394283,Mouse_Blood_SH084,71.915,10.274,2.36407,months,months,parsed,,blood,C57BL/6J,F,control,GSE120137,RRBS,True,ok,Blood,strain: C57BL/6J | tissue: Blood | age: 2.36407mo | Sex: Female
GSM3394284,Mouse_Blood_SH085,71.915,10.274,2.36407,months,months,parsed,,blood,C57BL/6J,F,control,GSE120137,RRBS,True,ok,Blood,strain: C57BL/6J | tissue: Blood | age: 2.36407mo | Sex: Female
GSM3394285,Mouse_Blood_SH086,79.106,11.301,2.60047,months,months,parsed,,blood,C57BL/6J,M,control,GSE120137,RRBS,True,ok,Blood,strain: C57BL/6J | tissue: Blood | age: 2.60047mo | Sex: Male
GSM3394286,Mouse_Blood_SH087,79.106,11.301,2.60047,months,months,parsed,,blood,C57BL/6J,M,control,GSE120137,RRBS,True,ok,Blood,strain: C57BL/6J | tissue: Blood | age: 2.60047mo | Sex: Male
GSM3394287,Mouse_Blood_SH088,79.106,11.301,2.60047,months,months,parsed,,blood,C57BL/6J,M,control,GSE120137,RRBS,True,ok,Blood,strain: C57BL/6J | tissue: Blood | age: 2.60047mo | Sex: Male
GSM3394288,Mouse_Blood_SH089,79.106,11.301,2.60047,months,months,parsed,,blood,C57BL/6J,M,control,GSE120137,RRBS,True,ok,Blood,strain: C57BL/6J | tissue: Blood | age: 2.60047mo | Sex: Male
GSM3394289,Mouse_Blood_SH090,79.106,11.301,2.60047,months,months,parsed,,blood,C57BL/6J,M,control,GSE120137,RRBS,True,ok,Blood,strain: C57BL/6J | tissue: Blood | age: 2.60047mo | Sex: Male
GSM3394290,Mouse_Blood_SH091,50.341,7.192,1.65485,months,months,parsed,,blood,C57BL/6J,F,control,GSE120137,RRBS,True,ok,Blood,strain: C57BL/6J | tissue: Blood | age: 1.65485mo | Sex: Female
GSM3394291,Mouse_Blood_SH092,50.341,7.192,1.65485,months,months,parsed,,blood,C57BL/6J,F,control,GSE120137,RRBS,True,ok,Blood,strain: C57BL/6J | tissue: Blood | age: 1.65485mo | Sex: Female
GSM3394292,Mouse_Blood_SH093,50.341,7.192,1.65485,months,months,parsed,,blood,C57BL/6J,F,control,GSE120137,RRBS,True,ok,Blood,strain: C57BL/6J | tissue: Blood | age: 1.65485mo | Sex: Female
GSM3394293,Mouse_Blood_SH094,50.341,7.192,1.65485,months,months,parsed,,blood,C57BL/6J,F,control,GSE120137,RRBS,True,ok,Blood,strain: C57BL/6J | tissue: Blood | age: 1.65485mo | Sex: Female
GSM3394294,Mouse_Blood_SH095,50.341,7.192,1.65485,months,months,parsed,,blood,C57BL/6J,F,control,GSE120137,RRBS,True,ok,Blood,strain: C57BL/6J | tissue: Blood | age: 1.65485mo | Sex: Female
GSM3394295,Mouse_Blood_SH096,50.341,7.192,1.65485,months,months,parsed,,blood,C57BL/6J,M,control,GSE120137,RRBS,True,ok,Blood,strain: C57BL/6J | tissue: Blood | age: 1.65485mo | Sex: Male
GSM3394296,Mouse_Blood_SH097,50.341,7.192,1.65485,months,months,parsed,,blood,C57BL/6J,M,control,GSE120137,RRBS,True,ok,Blood,strain: C57BL/6J | tissue: Blood | age: 1.65485mo | Sex: Male
GSM3394297,Mouse_Blood_SH098,50.341,7.192,1.65485,months,months,parsed,,blood,C57BL/6J,M,control,GSE120137,RRBS,True,ok,Blood,strain: C57BL/6J | tissue: Blood | age: 1.65485mo | Sex: Male
GSM3394298,Mouse_Blood_SH099,50.341,7.192,1.65485,months,months,parsed,,blood,C57BL/6J,M,control,GSE120137,RRBS,True,ok,Blood,strain: C57BL/6J | tissue: Blood | age: 1.65485mo | Sex: Male
GSM3394299,Mouse_Blood_SH100,50.341,7.192,1.65485,months,months,parsed,,blood,C57BL/6J,M,control,GSE120137,RRBS,True,ok,Blood,strain: C57BL/6J | tissue: Blood | age: 1.65485mo | Sex: Male
GSM3394300,Mouse_Kidney_SH001,608.4,86.914,20.0,months,months,parsed,,kidney,C57BL/6J,F,control,GSE120137,RRBS,True,ok,Kidney,strain: C57BL/6J | tissue: Kidney | age: 20mo | Sex: Female
GSM3394301,Mouse_Kidney_SH002,608.4,86.914,20.0,months,months,parsed,,kidney,C57BL/6J,F,control,GSE120137,RRBS,True,ok,Kidney,strain: C57BL/6J | tissue: Kidney | age: 20mo | Sex: Female
GSM3394302,Mouse_Kidney_SH003,608.4,86.914,20.0,months,months,parsed,,kidney,C57BL/6J,F,control,GSE120137,RRBS,True,ok,Kidney,strain: C57BL/6J | tissue: Kidney | age: 20mo | Sex: Female
GSM3394303,Mouse_Kidney_SH004,608.4,86.914,20.0,months,months,parsed,,kidney,C57BL/6J,F,control,GSE120137,RRBS,True,ok,Kidney,strain: C57BL/6J | tissue: Kidney | age: 20mo | Sex: Female
GSM3394304,Mouse_Kidney_SH005,608.4,86.914,20.0,months,months,parsed,,kidney,C57BL/6J,F,control,GSE120137,RRBS,True,ok,Kidney,strain: C57BL/6J | tissue: Kidney | age: 20mo | Sex: Female
GSM3394305,Mouse_Kidney_SH006,608.4,86.914,20.0,months,months,parsed,,kidney,C57BL/6J,M,control,GSE120137,RRBS,True,ok,Kidney,strain: C57BL/6J | tissue: Kidney | age: 20mo | Sex: Male
GSM3394306,Mouse_Kidney_SH007,608.4,86.914,20.0,months,months,parsed,,kidney,C57BL/6J,M,control,GSE120137,RRBS,True,ok,Kidney,strain: C57BL/6J | tissue: Kidney | age: 20mo | Sex: Male
GSM3394307,Mouse_Kidney_SH008,608.4,86.914,20.0,months,months,parsed,,kidney,C57BL/6J,M,control,GSE120137,RRBS,True,ok,Kidney,strain: C57BL/6J | tissue: Kidney | age: 20mo | Sex: Male
GSM3394308,Mouse_Kidney_SH009,608.4,86.914,20.0,months,months,parsed,,kidney,C57BL/6J,M,control,GSE120137,RRBS,True,ok,Kidney,strain: C57BL/6J | tissue: Kidney | age: 20mo | Sex: Male
GSM3394309,Mouse_Kidney_SH010,608.4,86.914,20.0,months,months,parsed,,kidney,C57BL/6J,M,control,GSE120137,RRBS,True,ok,Kidney,strain: C57BL/6J | tissue: Kidney | age: 20mo | Sex: Male
GSM3394310,Mouse_Kidney_SH011,608.4,86.914,20.0,months,months,parsed,,kidney,BALB/cByJ,F,control,GSE120137,RRBS,True,ok,Kidney,strain: BALB/cByJ | tissue: Kidney | age: 20mo | Sex: Female
GSM3394311,Mouse_Kidney_SH012,608.4,86.914,20.0,months,months,parsed,,kidney,BALB/cByJ,F,control,GSE120137,RRBS,True,ok,Kidney,strain: BALB/cByJ | tissue: Kidney | age: 20mo | Sex: Female
GSM3394312,Mouse_Kidney_SH013,608.4,86.914,20.0,months,months,parsed,,kidney,BALB/cByJ,F,control,GSE120137,RRBS,True,ok,Kidney,strain: BALB/cByJ | tissue: Kidney | age: 20mo | Sex: Female
GSM3394313,Mouse_Kidney_SH014,608.4,86.914,20.0,months,months,parsed,,kidney,BALB/cByJ,F,control,GSE120137,RRBS,True,ok,Kidney,strain: BALB/cByJ | tissue: Kidney | age: 20mo | Sex: Female
GSM3394314,Mouse_Kidney_SH015,608.4,86.914,20.0,months,months,parsed,,kidney,BALB/cByJ,F,control,GSE120137,RRBS,True,ok,Kidney,strain: BALB/cByJ | tissue: Kidney | age: 20mo | Sex: Female
GSM3394315,Mouse_Kidney_SH016,608.4,86.914,20.0,months,months,parsed,,kidney,BALB/cByJ,M,control,GSE120137,RRBS,True,ok,Kidney,strain: BALB/cByJ | tissue: Kidney | age: 20mo | Sex: Male
GSM3394316,Mouse_Kidney_SH017,608.4,86.914,20.0,months,months,parsed,,kidney,BALB/cByJ,M,control,GSE120137,RRBS,True,ok,Kidney,strain: BALB/cByJ | tissue: Kidney | age: 20mo | Sex: Male
GSM3394317,Mouse_Kidney_SH018,608.4,86.914,20.0,months,months,parsed,,kidney,BALB/cByJ,M,control,GSE120137,RRBS,True,ok,Kidney,strain: BALB/cByJ | tissue: Kidney | age: 20mo | Sex: Male
GSM3394318,Mouse_Kidney_SH019,608.4,86.914,20.0,months,months,parsed,,kidney,BALB/cByJ,M,control,GSE120137,RRBS,True,ok,Kidney,strain: BALB/cByJ | tissue: Kidney | age: 20mo | Sex: Male
GSM3394319,Mouse_Kidney_SH020,608.4,86.914,20.0,months,months,parsed,,kidney,BALB/cByJ,M,control,GSE120137,RRBS,True,ok,Kidney,strain: BALB/cByJ | tissue: Kidney | age: 20mo | Sex: Male
GSM3394320,Mouse_Kidney_SH021,304.2,43.457,10.0,months,months,parsed,,kidney,C57BL/6J,F,control,GSE120137,RRBS,True,ok,Kidney,strain: C57BL/6J | tissue: Kidney | age: 10mo | Sex: Female
GSM3394321,Mouse_Kidney_SH022,304.2,43.457,10.0,months,months,parsed,,kidney,C57BL/6J,F,control,GSE120137,RRBS,True,ok,Kidney,strain: C57BL/6J | tissue: Kidney | age: 10mo | Sex: Female
GSM3394322,Mouse_Kidney_SH023,304.2,43.457,10.0,months,months,parsed,,kidney,C57BL/6J,F,control,GSE120137,RRBS,True,ok,Kidney,strain: C57BL/6J | tissue: Kidney | age: 10mo | Sex: Female
GSM3394323,Mouse_Kidney_SH024,304.2,43.457,10.0,months,months,parsed,,kidney,C57BL/6J,F,control,GSE120137,RRBS,True,ok,Kidney,strain: C57BL/6J | tissue: Kidney | age: 10mo | Sex: Female
GSM3394324,Mouse_Kidney_SH025,304.2,43.457,10.0,months,months,parsed,,kidney,C57BL/6J,F,control,GSE120137,RRBS,True,ok,Kidney,strain: C57BL/6J | tissue: Kidney | age: 10mo | Sex: Female
GSM3394325,Mouse_Kidney_SH026,304.2,43.457,10.0,months,months,parsed,,kidney,C57BL/6J,M,control,GSE120137,RRBS,True,ok,Kidney,strain: C57BL/6J | tissue: Kidney | age: 10mo | Sex: Male
GSM3394326,Mouse_Kidney_SH027,304.2,43.457,10.0,months,months,parsed,,kidney,C57BL/6J,M,control,GSE120137,RRBS,True,ok,Kidney,strain: C57BL/6J | tissue: Kidney | age: 10mo | Sex: Male
GSM3394327,Mouse_Kidney_SH029,304.2,43.457,10.0,months,months,parsed,,kidney,C57BL/6J,M,control,GSE120137,RRBS,True,ok,Kidney,strain: C57BL/6J | tissue: Kidney | age: 10mo | Sex: Male
GSM3394328,Mouse_Kidney_SH030,304.2,43.457,10.0,months,months,parsed,,kidney,C57BL/6J,M,control,GSE120137,RRBS,True,ok,Kidney,strain: C57BL/6J | tissue: Kidney | age: 10mo | Sex: Male
GSM3394329,Mouse_Kidney_SH031,304.2,43.457,10.0,months,months,parsed,,kidney,BALB/cByJ,F,control,GSE120137,RRBS,True,ok,Kidney,strain: BALB/cByJ | tissue: Kidney | age: 10mo | Sex: Female
GSM3394330,Mouse_Kidney_SH032,304.2,43.457,10.0,months,months,parsed,,kidney,BALB/cByJ,F,control,GSE120137,RRBS,True,ok,Kidney,strain: BALB/cByJ | tissue: Kidney | age: 10mo | Sex: Female
GSM3394331,Mouse_Kidney_SH033,304.2,43.457,10.0,months,months,parsed,,kidney,BALB/cByJ,F,control,GSE120137,RRBS,True,ok,Kidney,strain: BALB/cByJ | tissue: Kidney | age: 10mo | Sex: Female
GSM3394332,Mouse_Kidney_SH034,304.2,43.457,10.0,months,months,parsed,,kidney,BALB/cByJ,F,control,GSE120137,RRBS,True,ok,Kidney,strain: BALB/cByJ | tissue: Kidney | age: 10mo | Sex: Female
GSM3394333,Mouse_Kidney_SH035,304.2,43.457,10.0,months,months,parsed,,kidney,BALB/cByJ,F,control,GSE120137,RRBS,True,ok,Kidney,strain: BALB/cByJ | tissue: Kidney | age: 10mo | Sex: Female
GSM3394334,Mouse_Kidney_SH036,304.2,43.457,10.0,months,months,parsed,,kidney,BALB/cByJ,M,control,GSE120137,RRBS,True,ok,Kidney,strain: BALB/cByJ | tissue: Kidney | age: 10mo | Sex: Male
GSM3394335,Mouse_Kidney_SH037,304.2,43.457,10.0,months,months,parsed,,kidney,BALB/cByJ,M,control,GSE120137,RRBS,True,ok,Kidney,strain: BALB/cByJ | tissue: Kidney | age: 10mo | Sex: Male
GSM3394336,Mouse_Kidney_SH038,304.2,43.457,10.0,months,months,parsed,,kidney,BALB/cByJ,M,control,GSE120137,RRBS,True,ok,Kidney,strain: BALB/cByJ | tissue: Kidney | age: 10mo | Sex: Male
GSM3394337,Mouse_Kidney_SH039,304.2,43.457,10.0,months,months,parsed,,kidney,BALB/cByJ,M,control,GSE120137,RRBS,True,ok,Kidney,strain: BALB/cByJ | tissue: Kidney | age: 10mo | Sex: Male
GSM3394338,Mouse_Kidney_SH040,304.2,43.457,10.0,months,months,parsed,,kidney,BALB/cByJ,M,control,GSE120137,RRBS,True,ok,Kidney,strain: BALB/cByJ | tissue: Kidney | age: 10mo | Sex: Male
GSM3394339,Mouse_Kidney_SH041,60.84,8.691,2.0,months,months,parsed,,kidney,C57BL/6J,F,control,GSE120137,RRBS,True,ok,Kidney,strain: C57BL/6J | tissue: Kidney | age: 2mo | Sex: Female
GSM3394340,Mouse_Kidney_SH042,60.84,8.691,2.0,months,months,parsed,,kidney,C57BL/6J,F,control,GSE120137,RRBS,True,ok,Kidney,strain: C57BL/6J | tissue: Kidney | age: 2mo | Sex: Female
GSM3394341,Mouse_Kidney_SH043,60.84,8.691,2.0,months,months,parsed,,kidney,C57BL/6J,F,control,GSE120137,RRBS,True,ok,Kidney,strain: C57BL/6J | tissue: Kidney | age: 2mo | Sex: Female
GSM3394342,Mouse_Kidney_SH044,60.84,8.691,2.0,months,months,parsed,,kidney,C57BL/6J,F,control,GSE120137,RRBS,True,ok,Kidney,strain: C57BL/6J | tissue: Kidney | age: 2mo | Sex: Female
GSM3394343,Mouse_Kidney_SH045,60.84,8.691,2.0,months,months,parsed,,kidney,C57BL/6J,F,control,GSE120137,RRBS,True,ok,Kidney,strain: C57BL/6J | tissue: Kidney | age: 2mo | Sex: Female
GSM3394344,Mouse_Kidney_SH046,60.84,8.691,2.0,months,months,parsed,,kidney,C57BL/6J,M,control,GSE120137,RRBS,True,ok,Kidney,strain: C57BL/6J | tissue: Kidney | age: 2mo | Sex: Male
GSM3394345,Mouse_Kidney_SH047,60.84,8.691,2.0,months,months,parsed,,kidney,C57BL/6J,M,control,GSE120137,RRBS,True,ok,Kidney,strain: C57BL/6J | tissue: Kidney | age: 2mo | Sex: Male
GSM3394346,Mouse_Kidney_SH048,60.84,8.691,2.0,months,months,parsed,,kidney,C57BL/6J,M,control,GSE120137,RRBS,True,ok,Kidney,strain: C57BL/6J | tissue: Kidney | age: 2mo | Sex: Male
GSM3394347,Mouse_Kidney_SH049,60.84,8.691,2.0,months,months,parsed,,kidney,C57BL/6J,M,control,GSE120137,RRBS,True,ok,Kidney,strain: C57BL/6J | tissue: Kidney | age: 2mo | Sex: Male
GSM3394348,Mouse_Kidney_SH050,60.84,8.691,2.0,months,months,parsed,,kidney,C57BL/6J,M,control,GSE120137,RRBS,True,ok,Kidney,strain: C57BL/6J | tissue: Kidney | age: 2mo | Sex: Male
GSM3394349,Mouse_Kidney_SH051,60.84,8.691,2.0,months,months,parsed,,kidney,BALB/cByJ,F,control,GSE120137,RRBS,True,ok,Kidney,strain: BALB/cByJ | tissue: Kidney | age: 2mo | Sex: Female
GSM3394350,Mouse_Kidney_SH053,60.84,8.691,2.0,months,months,parsed,,kidney,BALB/cByJ,F,control,GSE120137,RRBS,True,ok,Kidney,strain: BALB/cByJ | tissue: Kidney | age: 2mo | Sex: Female
GSM3394351,Mouse_Kidney_SH054,60.84,8.691,2.0,months,months,parsed,,kidney,BALB/cByJ,F,control,GSE120137,RRBS,True,ok,Kidney,strain: BALB/cByJ | tissue: Kidney | age: 2mo | Sex: Female
GSM3394352,Mouse_Kidney_SH055,60.84,8.691,2.0,months,months,parsed,,kidney,BALB/cByJ,F,control,GSE120137,RRBS,True,ok,Kidney,strain: BALB/cByJ | tissue: Kidney | age: 2mo | Sex: Female
GSM3394353,Mouse_Kidney_SH056,60.84,8.691,2.0,months,months,parsed,,kidney,BALB/cByJ,M,control,GSE120137,RRBS,True,ok,Kidney,strain: BALB/cByJ | tissue: Kidney | age: 2mo | Sex: Male
GSM3394354,Mouse_Liver_SH001,608.4,86.914,20.0,months,months,parsed,,liver,C57BL/6J,F,control,GSE120137,RRBS,True,ok,Liver,strain: C57BL/6J | tissue: Liver | age: 20mo | Sex: Female
GSM3394355,Mouse_Liver_SH002,608.4,86.914,20.0,months,months,parsed,,liver,C57BL/6J,F,control,GSE120137,RRBS,True,ok,Liver,strain: C57BL/6J | tissue: Liver | age: 20mo | Sex: Female
GSM3394356,Mouse_Liver_SH003,608.4,86.914,20.0,months,months,parsed,,liver,C57BL/6J,F,control,GSE120137,RRBS,True,ok,Liver,strain: C57BL/6J | tissue: Liver | age: 20mo | Sex: Female
GSM3394357,Mouse_Liver_SH004,608.4,86.914,20.0,months,months,parsed,,liver,C57BL/6J,F,control,GSE120137,RRBS,True,ok,Liver,strain: C57BL/6J | tissue: Liver | age: 20mo | Sex: Female
GSM3394358,Mouse_Liver_SH005,608.4,86.914,20.0,months,months,parsed,,liver,C57BL/6J,F,control,GSE120137,RRBS,True,ok,Liver,strain: C57BL/6J | tissue: Liver | age: 20mo | Sex: Female
GSM3394359,Mouse_Liver_SH006,608.4,86.914,20.0,months,months,parsed,,liver,C57BL/6J,M,control,GSE120137,RRBS,True,ok,Liver,strain: C57BL/6J | tissue: Liver | age: 20mo | Sex: Male
GSM3394360,Mouse_Liver_SH007,608.4,86.914,20.0,months,months,parsed,,liver,C57BL/6J,M,control,GSE120137,RRBS,True,ok,Liver,strain: C57BL/6J | tissue: Liver | age: 20mo | Sex: Male
GSM3394361,Mouse_Liver_SH008,608.4,86.914,20.0,months,months,parsed,,liver,C57BL/6J,M,control,GSE120137,RRBS,True,ok,Liver,strain: C57BL/6J | tissue: Liver | age: 20mo | Sex: Male
GSM3394362,Mouse_Liver_SH009,608.4,86.914,20.0,months,months,parsed,,liver,C57BL/6J,M,control,GSE120137,RRBS,True,ok,Liver,strain: C57BL/6J | tissue: Liver | age: 20mo | Sex: Male
GSM3394363,Mouse_Liver_SH010,608.4,86.914,20.0,months,months,parsed,,liver,C57BL/6J,M,control,GSE120137,RRBS,True,ok,Liver,strain: C57BL/6J | tissue: Liver | age: 20mo | Sex: Male
GSM3394364,Mouse_Liver_SH011,608.4,86.914,20.0,months,months,parsed,,liver,BALB/cByJ,F,control,GSE120137,RRBS,True,ok,Liver,strain: BALB/cByJ | tissue: Liver | age: 20mo | Sex: Female
GSM3394365,Mouse_Liver_SH012,608.4,86.914,20.0,months,months,parsed,,liver,BALB/cByJ,F,control,GSE120137,RRBS,True,ok,Liver,strain: BALB/cByJ | tissue: Liver | age: 20mo | Sex: Female
GSM3394366,Mouse_Liver_SH013,608.4,86.914,20.0,months,months,parsed,,liver,BALB/cByJ,F,control,GSE120137,RRBS,True,ok,Liver,strain: BALB/cByJ | tissue: Liver | age: 20mo | Sex: Female
GSM3394367,Mouse_Liver_SH014,608.4,86.914,20.0,months,months,parsed,,liver,BALB/cByJ,F,control,GSE120137,RRBS,True,ok,Liver,strain: BALB/cByJ | tissue: Liver | age: 20mo | Sex: Female
GSM3394368,Mouse_Liver_SH015,608.4,86.914,20.0,months,months,parsed,,liver,BALB/cByJ,F,control,GSE120137,RRBS,True,ok,Liver,strain: BALB/cByJ | tissue: Liver | age: 20mo | Sex: Female
GSM3394369,Mouse_Liver_SH016,608.4,86.914,20.0,months,months,parsed,,liver,BALB/cByJ,M,control,GSE120137,RRBS,True,ok,Liver,strain: BALB/cByJ | tissue: Liver | age: 20mo | Sex: Male
GSM3394370,Mouse_Liver_SH017,608.4,86.914,20.0,months,months,parsed,,liver,BALB/cByJ,M,control,GSE120137,RRBS,True,ok,Liver,strain: BALB/cByJ | tissue: Liver | age: 20mo | Sex: Male
GSM3394371,Mouse_Liver_SH018,608.4,86.914,20.0,months,months,parsed,,liver,BALB/cByJ,M,control,GSE120137,RRBS,True,ok,Liver,strain: BALB/cByJ | tissue: Liver | age: 20mo | Sex: Male
GSM3394372,Mouse_Liver_SH019,608.4,86.914,20.0,months,months,parsed,,liver,BALB/cByJ,M,control,GSE120137,RRBS,True,ok,Liver,strain: BALB/cByJ | tissue: Liver | age: 20mo | Sex: Male
GSM3394373,Mouse_Liver_SH020,608.4,86.914,20.0,months,months,parsed,,liver,BALB/cByJ,M,control,GSE120137,RRBS,True,ok,Liver,strain: BALB/cByJ | tissue: Liver | age: 20mo | Sex: Male
GSM3394374,Mouse_Liver_SH021,304.2,43.457,10.0,months,months,parsed,,liver,C57BL/6J,F,control,GSE120137,RRBS,True,ok,Liver,strain: C57BL/6J | tissue: Liver | age: 10mo | Sex: Female
GSM3394375,Mouse_Liver_SH022,304.2,43.457,10.0,months,months,parsed,,liver,C57BL/6J,F,control,GSE120137,RRBS,True,ok,Liver,strain: C57BL/6J | tissue: Liver | age: 10mo | Sex: Female
GSM3394376,Mouse_Liver_SH023,304.2,43.457,10.0,months,months,parsed,,liver,C57BL/6J,F,control,GSE120137,RRBS,True,ok,Liver,strain: C57BL/6J | tissue: Liver | age: 10mo | Sex: Female
GSM3394377,Mouse_Liver_SH024,304.2,43.457,10.0,months,months,parsed,,liver,C57BL/6J,F,control,GSE120137,RRBS,True,ok,Liver,strain: C57BL/6J | tissue: Liver | age: 10mo | Sex: Female
GSM3394378,Mouse_Liver_SH025,304.2,43.457,10.0,months,months,parsed,,liver,C57BL/6J,F,control,GSE120137,RRBS,True,ok,Liver,strain: C57BL/6J | tissue: Liver | age: 10mo | Sex: Female
GSM3394379,Mouse_Liver_SH026,304.2,43.457,10.0,months,months,parsed,,liver,C57BL/6J,M,control,GSE120137,RRBS,True,ok,Liver,strain: C57BL/6J | tissue: Liver | age: 10mo | Sex: Male
GSM3394380,Mouse_Liver_SH027,304.2,43.457,10.0,months,months,parsed,,liver,C57BL/6J,M,control,GSE120137,RRBS,True,ok,Liver,strain: C57BL/6J | tissue: Liver | age: 10mo | Sex: Male
GSM3394381,Mouse_Liver_SH028,304.2,43.457,10.0,months,months,parsed,,liver,C57BL/6J,M,control,GSE120137,RRBS,True,ok,Liver,strain: C57BL/6J | tissue: Liver | age: 10mo | Sex: Male
GSM3394382,Mouse_Liver_SH029,304.2,43.457,10.0,months,months,parsed,,liver,C57BL/6J,M,control,GSE120137,RRBS,True,ok,Liver,strain: C57BL/6J | tissue: Liver | age: 10mo | Sex: Male
GSM3394383,Mouse_Liver_SH030,304.2,43.457,10.0,months,months,parsed,,liver,C57BL/6J,M,control,GSE120137,RRBS,True,ok,Liver,strain: C57BL/6J | tissue: Liver | age: 10mo | Sex: Male
GSM3394384,Mouse_Liver_SH031,304.2,43.457,10.0,months,months,parsed,,liver,BALB/cByJ,F,control,GSE120137,RRBS,True,ok,Liver,strain: BALB/cByJ | tissue: Liver | age: 10mo | Sex: Female
GSM3394385,Mouse_Liver_SH032,304.2,43.457,10.0,months,months,parsed,,liver,BALB/cByJ,F,control,GSE120137,RRBS,True,ok,Liver,strain: BALB/cByJ | tissue: Liver | age: 10mo | Sex: Female
GSM3394386,Mouse_Liver_SH033,304.2,43.457,10.0,months,months,parsed,,liver,BALB/cByJ,F,control,GSE120137,RRBS,True,ok,Liver,strain: BALB/cByJ | tissue: Liver | age: 10mo | Sex: Female
GSM3394387,Mouse_Liver_SH034,304.2,43.457,10.0,months,months,parsed,,liver,BALB/cByJ,F,control,GSE120137,RRBS,True,ok,Liver,strain: BALB/cByJ | tissue: Liver | age: 10mo | Sex: Female
GSM3394388,Mouse_Liver_SH035,304.2,43.457,10.0,months,months,parsed,,liver,BALB/cByJ,F,control,GSE120137,RRBS,True,ok,Liver,strain: BALB/cByJ | tissue: Liver | age: 10mo | Sex: Female
GSM3394389,Mouse_Liver_SH036,304.2,43.457,10.0,months,months,parsed,,liver,BALB/cByJ,M,control,GSE120137,RRBS,True,ok,Liver,strain: BALB/cByJ | tissue: Liver | age: 10mo | Sex: Male
GSM3394390,Mouse_Liver_SH037,304.2,43.457,10.0,months,months,parsed,,liver,BALB/cByJ,M,control,GSE120137,RRBS,True,ok,Liver,strain: BALB/cByJ | tissue: Liver | age: 10mo | Sex: Male
GSM3394391,Mouse_Liver_SH038,304.2,43.457,10.0,months,months,parsed,,liver,BALB/cByJ,M,control,GSE120137,RRBS,True,ok,Liver,strain: BALB/cByJ | tissue: Liver | age: 10mo | Sex: Male
GSM3394392,Mouse_Liver_SH039,304.2,43.457,10.0,months,months,parsed,,liver,BALB/cByJ,M,control,GSE120137,RRBS,True,ok,Liver,strain: BALB/cByJ | tissue: Liver | age: 10mo | Sex: Male
GSM3394393,Mouse_Liver_SH040,304.2,43.457,10.0,months,months,parsed,,liver,BALB/cByJ,M,control,GSE120137,RRBS,True,ok,Liver,strain: BALB/cByJ | tissue: Liver | age: 10mo | Sex: Male
GSM3394394,Mouse_Liver_SH041,60.84,8.691,2.0,months,months,parsed,,liver,C57BL/6J,F,control,GSE120137,RRBS,True,ok,Liver,strain: C57BL/6J | tissue: Liver | age: 2mo | Sex: Female
GSM3394395,Mouse_Liver_SH042,60.84,8.691,2.0,months,months,parsed,,liver,C57BL/6J,F,control,GSE120137,RRBS,True,ok,Liver,strain: C57BL/6J | tissue: Liver | age: 2mo | Sex: Female
GSM3394396,Mouse_Liver_SH043,60.84,8.691,2.0,months,months,parsed,,liver,C57BL/6J,F,control,GSE120137,RRBS,True,ok,Liver,strain: C57BL/6J | tissue: Liver | age: 2mo | Sex: Female
GSM3394397,Mouse_Liver_SH044,60.84,8.691,2.0,months,months,parsed,,liver,C57BL/6J,F,control,GSE120137,RRBS,True,ok,Liver,strain: C57BL/6J | tissue: Liver | age: 2mo | Sex: Female
GSM3394398,Mouse_Liver_SH045,60.84,8.691,2.0,months,months,parsed,,liver,C57BL/6J,F,control,GSE120137,RRBS,True,ok,Liver,strain: C57BL/6J | tissue: Liver | age: 2mo | Sex: Female
GSM3394399,Mouse_Liver_SH046,60.84,8.691,2.0,months,months,parsed,,liver,C57BL/6J,M,control,GSE120137,RRBS,True,ok,Liver,strain: C57BL/6J | tissue: Liver | age: 2mo | Sex: Male
GSM3394400,Mouse_Liver_SH047,60.84,8.691,2.0,months,months,parsed,,liver,C57BL/6J,M,control,GSE120137,RRBS,True,ok,Liver,strain: C57BL/6J | tissue: Liver | age: 2mo | Sex: Male
GSM3394401,Mouse_Liver_SH048,60.84,8.691,2.0,months,months,parsed,,liver,C57BL/6J,M,control,GSE120137,RRBS,True,ok,Liver,strain: C57BL/6J | tissue: Liver | age: 2mo | Sex: Male
GSM3394402,Mouse_Liver_SH049,60.84,8.691,2.0,months,months,parsed,,liver,C57BL/6J,M,control,GSE120137,RRBS,True,ok,Liver,strain: C57BL/6J | tissue: Liver | age: 2mo | Sex: Male
GSM3394403,Mouse_Liver_SH050,60.84,8.691,2.0,months,months,parsed,,liver,C57BL/6J,M,control,GSE120137,RRBS,True,ok,Liver,strain: C57BL/6J | tissue: Liver | age: 2mo | Sex: Male
GSM3394404,Mouse_Liver_SH051,60.84,8.691,2.0,months,months,parsed,,liver,BALB/cByJ,F,control,GSE120137,RRBS,True,ok,Liver,strain: BALB/cByJ | tissue: Liver | age: 2mo | Sex: Female
GSM3394405,Mouse_Liver_SH052,60.84,8.691,2.0,months,months,parsed,,liver,BALB/cByJ,F,control,GSE120137,RRBS,True,ok,Liver,strain: BALB/cByJ | tissue: Liver | age: 2mo | Sex: Female
GSM3394406,Mouse_Liver_SH053,60.84,8.691,2.0,months,months,parsed,,liver,BALB/cByJ,F,control,GSE120137,RRBS,True,ok,Liver,strain: BALB/cByJ | tissue: Liver | age: 2mo | Sex: Female
GSM3394407,Mouse_Liver_SH054,60.84,8.691,2.0,months,months,parsed,,liver,BALB/cByJ,F,control,GSE120137,RRBS,True,ok,Liver,strain: BALB/cByJ | tissue: Liver | age: 2mo | Sex: Female
GSM3394408,Mouse_Liver_SH055,60.84,8.691,2.0,months,months,parsed,,liver,BALB/cByJ,F,control,GSE120137,RRBS,True,ok,Liver,strain: BALB/cByJ | tissue: Liver | age: 2mo | Sex: Female
GSM3394409,Mouse_Liver_SH056,60.84,8.691,2.0,months,months,parsed,,liver,BALB/cByJ,M,control,GSE120137,RRBS,True,ok,Liver,strain: BALB/cByJ | tissue: Liver | age: 2mo | Sex: Male
GSM3394410,Mouse_Liver_SH057,60.84,8.691,2.0,months,months,parsed,,liver,BALB/cByJ,M,control,GSE120137,RRBS,True,ok,Liver,strain: BALB/cByJ | tissue: Liver | age: 2mo | Sex: Male
GSM3394411,Mouse_Liver_SH058,60.84,8.691,2.0,months,months,parsed,,liver,BALB/cByJ,M,control,GSE120137,RRBS,True,ok,Liver,strain: BALB/cByJ | tissue: Liver | age: 2mo | Sex: Male
GSM3394412,Mouse_Liver_SH059,60.84,8.691,2.0,months,months,parsed,,liver,BALB/cByJ,M,control,GSE120137,RRBS,True,ok,Liver,strain: BALB/cByJ | tissue: Liver | age: 2mo | Sex: Male
GSM3394413,Mouse_Liver_SH060,60.84,8.691,2.0,months,months,parsed,,liver,BALB/cByJ,M,control,GSE120137,RRBS,True,ok,Liver,strain: BALB/cByJ | tissue: Liver | age: 2mo | Sex: Male
GSM3394414,Mouse_Lung_SH001,608.4,86.914,20.0,months,months,parsed,,lung,C57BL/6J,F,control,GSE120137,RRBS,True,ok,Lung,strain: C57BL/6J | tissue: Lung | age: 20mo | Sex: Female
GSM3394415,Mouse_Lung_SH002,608.4,86.914,20.0,months,months,parsed,,lung,C57BL/6J,F,control,GSE120137,RRBS,True,ok,Lung,strain: C57BL/6J | tissue: Lung | age: 20mo | Sex: Female
GSM3394416,Mouse_Lung_SH003,608.4,86.914,20.0,months,months,parsed,,lung,C57BL/6J,F,control,GSE120137,RRBS,True,ok,Lung,strain: C57BL/6J | tissue: Lung | age: 20mo | Sex: Female
GSM3394417,Mouse_Lung_SH004,608.4,86.914,20.0,months,months,parsed,,lung,C57BL/6J,F,control,GSE120137,RRBS,True,ok,Lung,strain: C57BL/6J | tissue: Lung | age: 20mo | Sex: Female
GSM3394418,Mouse_Lung_SH005,608.4,86.914,20.0,months,months,parsed,,lung,C57BL/6J,F,control,GSE120137,RRBS,True,ok,Lung,strain: C57BL/6J | tissue: Lung | age: 20mo | Sex: Female
GSM3394419,Mouse_Lung_SH006,608.4,86.914,20.0,months,months,parsed,,lung,C57BL/6J,M,control,GSE120137,RRBS,True,ok,Lung,strain: C57BL/6J | tissue: Lung | age: 20mo | Sex: Male
GSM3394420,Mouse_Lung_SH007,608.4,86.914,20.0,months,months,parsed,,lung,C57BL/6J,M,control,GSE120137,RRBS,True,ok,Lung,strain: C57BL/6J | tissue: Lung | age: 20mo | Sex: Male
GSM3394421,Mouse_Lung_SH008,608.4,86.914,20.0,months,months,parsed,,lung,C57BL/6J,M,control,GSE120137,RRBS,True,ok,Lung,strain: C57BL/6J | tissue: Lung | age: 20mo | Sex: Male
GSM3394422,Mouse_Lung_SH009,608.4,86.914,20.0,months,months,parsed,,lung,C57BL/6J,M,control,GSE120137,RRBS,True,ok,Lung,strain: C57BL/6J | tissue: Lung | age: 20mo | Sex: Male
GSM3394423,Mouse_Lung_SH010,608.4,86.914,20.0,months,months,parsed,,lung,C57BL/6J,M,control,GSE120137,RRBS,True,ok,Lung,strain: C57BL/6J | tissue: Lung | age: 20mo | Sex: Male
GSM3394424,Mouse_Lung_SH011,608.4,86.914,20.0,months,months,parsed,,lung,BALB/cByJ,F,control,GSE120137,RRBS,True,ok,Lung,strain: BALB/cByJ | tissue: Lung | age: 20mo | Sex: Female
GSM3394425,Mouse_Lung_SH012,608.4,86.914,20.0,months,months,parsed,,lung,BALB/cByJ,F,control,GSE120137,RRBS,True,ok,Lung,strain: BALB/cByJ | tissue: Lung | age: 20mo | Sex: Female
GSM3394426,Mouse_Lung_SH013,608.4,86.914,20.0,months,months,parsed,,lung,BALB/cByJ,F,control,GSE120137,RRBS,True,ok,Lung,strain: BALB/cByJ | tissue: Lung | age: 20mo | Sex: Female
GSM3394427,Mouse_Lung_SH014,608.4,86.914,20.0,months,months,parsed,,lung,BALB/cByJ,F,control,GSE120137,RRBS,True,ok,Lung,strain: BALB/cByJ | tissue: Lung | age: 20mo | Sex: Female
GSM3394428,Mouse_Lung_SH015,608.4,86.914,20.0,months,months,parsed,,lung,BALB/cByJ,F,control,GSE120137,RRBS,True,ok,Lung,strain: BALB/cByJ | tissue: Lung | age: 20mo | Sex: Female
GSM3394429,Mouse_Lung_SH016,608.4,86.914,20.0,months,months,parsed,,lung,BALB/cByJ,M,control,GSE120137,RRBS,True,ok,Lung,strain: BALB/cByJ | tissue: Lung | age: 20mo | Sex: Male
GSM3394430,Mouse_Lung_SH017,608.4,86.914,20.0,months,months,parsed,,lung,BALB/cByJ,M,control,GSE120137,RRBS,True,ok,Lung,strain: BALB/cByJ | tissue: Lung | age: 20mo | Sex: Male
GSM3394431,Mouse_Lung_SH018,608.4,86.914,20.0,months,months,parsed,,lung,BALB/cByJ,M,control,GSE120137,RRBS,True,ok,Lung,strain: BALB/cByJ | tissue: Lung | age: 20mo | Sex: Male
GSM3394432,Mouse_Lung_SH019,608.4,86.914,20.0,months,months,parsed,,lung,BALB/cByJ,M,control,GSE120137,RRBS,True,ok,Lung,strain: BALB/cByJ | tissue: Lung | age: 20mo | Sex: Male
GSM3394433,Mouse_Lung_SH020,608.4,86.914,20.0,months,months,parsed,,lung,BALB/cByJ,M,control,GSE120137,RRBS,True,ok,Lung,strain: BALB/cByJ | tissue: Lung | age: 20mo | Sex: Male
GSM3394434,Mouse_Lung_SH021,304.2,43.457,10.0,months,months,parsed,,lung,C57BL/6J,F,control,GSE120137,RRBS,True,ok,Lung,strain: C57BL/6J | tissue: Lung | age: 10mo | Sex: Female
GSM3394435,Mouse_Lung_SH022,304.2,43.457,10.0,months,months,parsed,,lung,C57BL/6J,F,control,GSE120137,RRBS,True,ok,Lung,strain: C57BL/6J | tissue: Lung | age: 10mo | Sex: Female
GSM3394436,Mouse_Lung_SH023,304.2,43.457,10.0,months,months,parsed,,lung,C57BL/6J,F,control,GSE120137,RRBS,True,ok,Lung,strain: C57BL/6J | tissue: Lung | age: 10mo | Sex: Female
GSM3394437,Mouse_Lung_SH024,304.2,43.457,10.0,months,months,parsed,,lung,C57BL/6J,F,control,GSE120137,RRBS,True,ok,Lung,strain: C57BL/6J | tissue: Lung | age: 10mo | Sex: Female
GSM3394438,Mouse_Lung_SH025,304.2,43.457,10.0,months,months,parsed,,lung,C57BL/6J,F,control,GSE120137,RRBS,True,ok,Lung,strain: C57BL/6J | tissue: Lung | age: 10mo | Sex: Female
GSM3394439,Mouse_Lung_SH026,304.2,43.457,10.0,months,months,parsed,,lung,C57BL/6J,M,control,GSE120137,RRBS,True,ok,Lung,strain: C57BL/6J | tissue: Lung | age: 10mo | Sex: Male
GSM3394440,Mouse_Lung_SH027,304.2,43.457,10.0,months,months,parsed,,lung,C57BL/6J,M,control,GSE120137,RRBS,True,ok,Lung,strain: C57BL/6J | tissue: Lung | age: 10mo | Sex: Male
GSM3394441,Mouse_Lung_SH028,304.2,43.457,10.0,months,months,parsed,,lung,C57BL/6J,M,control,GSE120137,RRBS,True,ok,Lung,strain: C57BL/6J | tissue: Lung | age: 10mo | Sex: Male
GSM3394442,Mouse_Lung_SH029,304.2,43.457,10.0,months,months,parsed,,lung,C57BL/6J,M,control,GSE120137,RRBS,True,ok,Lung,strain: C57BL/6J | tissue: Lung | age: 10mo | Sex: Male
GSM3394443,Mouse_Lung_SH030,304.2,43.457,10.0,months,months,parsed,,lung,C57BL/6J,M,control,GSE120137,RRBS,True,ok,Lung,strain: C57BL/6J | tissue: Lung | age: 10mo | Sex: Male
GSM3394444,Mouse_Lung_SH031,304.2,43.457,10.0,months,months,parsed,,lung,BALB/cByJ,F,control,GSE120137,RRBS,True,ok,Lung,strain: BALB/cByJ | tissue: Lung | age: 10mo | Sex: Female
GSM3394445,Mouse_Lung_SH032,304.2,43.457,10.0,months,months,parsed,,lung,BALB/cByJ,F,control,GSE120137,RRBS,True,ok,Lung,strain: BALB/cByJ | tissue: Lung | age: 10mo | Sex: Female
GSM3394446,Mouse_Lung_SH033,304.2,43.457,10.0,months,months,parsed,,lung,BALB/cByJ,F,control,GSE120137,RRBS,True,ok,Lung,strain: BALB/cByJ | tissue: Lung | age: 10mo | Sex: Female
GSM3394447,Mouse_Lung_SH034,304.2,43.457,10.0,months,months,parsed,,lung,BALB/cByJ,F,control,GSE120137,RRBS,True,ok,Lung,strain: BALB/cByJ | tissue: Lung | age: 10mo | Sex: Female
GSM3394448,Mouse_Lung_SH035,304.2,43.457,10.0,months,months,parsed,,lung,BALB/cByJ,F,control,GSE120137,RRBS,True,ok,Lung,strain: BALB/cByJ | tissue: Lung | age: 10mo | Sex: Female
GSM3394449,Mouse_Lung_SH036,304.2,43.457,10.0,months,months,parsed,,lung,BALB/cByJ,M,control,GSE120137,RRBS,True,ok,Lung,strain: BALB/cByJ | tissue: Lung | age: 10mo | Sex: Male
GSM3394450,Mouse_Lung_SH037,304.2,43.457,10.0,months,months,parsed,,lung,BALB/cByJ,M,control,GSE120137,RRBS,True,ok,Lung,strain: BALB/cByJ | tissue: Lung | age: 10mo | Sex: Male
GSM3394451,Mouse_Lung_SH038,304.2,43.457,10.0,months,months,parsed,,lung,BALB/cByJ,M,control,GSE120137,RRBS,True,ok,Lung,strain: BALB/cByJ | tissue: Lung | age: 10mo | Sex: Male
GSM3394452,Mouse_Lung_SH039,304.2,43.457,10.0,months,months,parsed,,lung,BALB/cByJ,M,control,GSE120137,RRBS,True,ok,Lung,strain: BALB/cByJ | tissue: Lung | age: 10mo | Sex: Male
GSM3394453,Mouse_Lung_SH040,304.2,43.457,10.0,months,months,parsed,,lung,BALB/cByJ,M,control,GSE120137,RRBS,True,ok,Lung,strain: BALB/cByJ | tissue: Lung | age: 10mo | Sex: Male
GSM3394454,Mouse_Lung_SH042,60.84,8.691,2.0,months,months,parsed,,lung,C57BL/6J,F,control,GSE120137,RRBS,True,ok,Lung,strain: C57BL/6J | tissue: Lung | age: 2mo | Sex: Female
GSM3394455,Mouse_Lung_SH045,60.84,8.691,2.0,months,months,parsed,,lung,C57BL/6J,F,control,GSE120137,RRBS,True,ok,Lung,strain: C57BL/6J | tissue: Lung | age: 2mo | Sex: Female
GSM3394456,Mouse_Lung_SH046,60.84,8.691,2.0,months,months,parsed,,lung,C57BL/6J,M,control,GSE120137,RRBS,True,ok,Lung,strain: C57BL/6J | tissue: Lung | age: 2mo | Sex: Male
GSM3394457,Mouse_Lung_SH047,60.84,8.691,2.0,months,months,parsed,,lung,C57BL/6J,M,control,GSE120137,RRBS,True,ok,Lung,strain: C57BL/6J | tissue: Lung | age: 2mo | Sex: Male
GSM3394458,Mouse_Lung_SH048,60.84,8.691,2.0,months,months,parsed,,lung,C57BL/6J,M,control,GSE120137,RRBS,True,ok,Lung,strain: C57BL/6J | tissue: Lung | age: 2mo | Sex: Male
GSM3394459,Mouse_Lung_SH049,60.84,8.691,2.0,months,months,parsed,,lung,C57BL/6J,M,control,GSE120137,RRBS,True,ok,Lung,strain: C57BL/6J | tissue: Lung | age: 2mo | Sex: Male
GSM3394460,Mouse_Lung_SH050,60.84,8.691,2.0,months,months,parsed,,lung,C57BL/6J,M,control,GSE120137,RRBS,True,ok,Lung,strain: C57BL/6J | tissue: Lung | age: 2mo | Sex: Male
GSM3394461,Mouse_Lung_SH051,60.84,8.691,2.0,months,months,parsed,,lung,BALB/cByJ,F,control,GSE120137,RRBS,True,ok,Lung,strain: BALB/cByJ | tissue: Lung | age: 2mo | Sex: Female
GSM3394462,Mouse_Lung_SH052,60.84,8.691,2.0,months,months,parsed,,lung,BALB/cByJ,F,control,GSE120137,RRBS,True,ok,Lung,strain: BALB/cByJ | tissue: Lung | age: 2mo | Sex: Female
GSM3394463,Mouse_Lung_SH053,60.84,8.691,2.0,months,months,parsed,,lung,BALB/cByJ,F,control,GSE120137,RRBS,True,ok,Lung,strain: BALB/cByJ | tissue: Lung | age: 2mo | Sex: Female
GSM3394464,Mouse_Lung_SH054,60.84,8.691,2.0,months,months,parsed,,lung,BALB/cByJ,F,control,GSE120137,RRBS,True,ok,Lung,strain: BALB/cByJ | tissue: Lung | age: 2mo | Sex: Female
GSM3394465,Mouse_Lung_SH055,60.84,8.691,2.0,months,months,parsed,,lung,BALB/cByJ,F,control,GSE120137,RRBS,True,ok,Lung,strain: BALB/cByJ | tissue: Lung | age: 2mo | Sex: Female
GSM3394466,Mouse_Lung_SH056,60.84,8.691,2.0,months,months,parsed,,lung,BALB/cByJ,M,control,GSE120137,RRBS,True,ok,Lung,strain: BALB/cByJ | tissue: Lung | age: 2mo | Sex: Male
GSM3394467,Mouse_Lung_SH057,60.84,8.691,2.0,months,months,parsed,,lung,BALB/cByJ,M,control,GSE120137,RRBS,True,ok,Lung,strain: BALB/cByJ | tissue: Lung | age: 2mo | Sex: Male
GSM3394468,Mouse_Lung_SH058,60.84,8.691,2.0,months,months,parsed,,lung,BALB/cByJ,M,control,GSE120137,RRBS,True,ok,Lung,strain: BALB/cByJ | tissue: Lung | age: 2mo | Sex: Male
GSM3394469,Mouse_Lung_SH059,60.84,8.691,2.0,months,months,parsed,,lung,BALB/cByJ,M,control,GSE120137,RRBS,True,ok,Lung,strain: BALB/cByJ | tissue: Lung | age: 2mo | Sex: Male
GSM3394470,Mouse_Lung_SH060,60.84,8.691,2.0,months,months,parsed,,lung,BALB/cByJ,M,control,GSE120137,RRBS,True,ok,Lung,strain: BALB/cByJ | tissue: Lung | age: 2mo | Sex: Male
GSM3394471,Mouse_Muscle_SH001,608.4,86.914,20.0,months,months,parsed,,muscle,C57BL/6J,F,control,GSE120137,RRBS,True,ok,Muscle,strain: C57BL/6J | tissue: Muscle | age: 20mo | Sex: Female
GSM3394472,Mouse_Muscle_SH002,608.4,86.914,20.0,months,months,parsed,,muscle,C57BL/6J,F,control,GSE120137,RRBS,True,ok,Muscle,strain: C57BL/6J | tissue: Muscle | age: 20mo | Sex: Female
GSM3394473,Mouse_Muscle_SH003,608.4,86.914,20.0,months,months,parsed,,muscle,C57BL/6J,F,control,GSE120137,RRBS,True,ok,Muscle,strain: C57BL/6J | tissue: Muscle | age: 20mo | Sex: Female
GSM3394474,Mouse_Muscle_SH004,608.4,86.914,20.0,months,months,parsed,,muscle,C57BL/6J,F,control,GSE120137,RRBS,True,ok,Muscle,strain: C57BL/6J | tissue: Muscle | age: 20mo | Sex: Female
GSM3394475,Mouse_Muscle_SH005,608.4,86.914,20.0,months,months,parsed,,muscle,C57BL/6J,F,control,GSE120137,RRBS,True,ok,Muscle,strain: C57BL/6J | tissue: Muscle | age: 20mo | Sex: Female
GSM3394476,Mouse_Muscle_SH006,608.4,86.914,20.0,months,months,parsed,,muscle,C57BL/6J,M,control,GSE120137,RRBS,True,ok,Muscle,strain: C57BL/6J | tissue: Muscle | age: 20mo | Sex: Male
GSM3394477,Mouse_Muscle_SH007,608.4,86.914,20.0,months,months,parsed,,muscle,C57BL/6J,M,control,GSE120137,RRBS,True,ok,Muscle,strain: C57BL/6J | tissue: Muscle | age: 20mo | Sex: Male
GSM3394478,Mouse_Muscle_SH008,608.4,86.914,20.0,months,months,parsed,,muscle,C57BL/6J,M,control,GSE120137,RRBS,True,ok,Muscle,strain: C57BL/6J | tissue: Muscle | age: 20mo | Sex: Male
GSM3394479,Mouse_Muscle_SH009,608.4,86.914,20.0,months,months,parsed,,muscle,C57BL/6J,M,control,GSE120137,RRBS,True,ok,Muscle,strain: C57BL/6J | tissue: Muscle | age: 20mo | Sex: Male
GSM3394480,Mouse_Muscle_SH010,608.4,86.914,20.0,months,months,parsed,,muscle,C57BL/6J,M,control,GSE120137,RRBS,True,ok,Muscle,strain: C57BL/6J | tissue: Muscle | age: 20mo | Sex: Male
GSM3394481,Mouse_Muscle_SH011,608.4,86.914,20.0,months,months,parsed,,muscle,BALB/cByJ,F,control,GSE120137,RRBS,True,ok,Muscle,strain: BALB/cByJ | tissue: Muscle | age: 20mo | Sex: Female
GSM3394482,Mouse_Muscle_SH012,608.4,86.914,20.0,months,months,parsed,,muscle,BALB/cByJ,F,control,GSE120137,RRBS,True,ok,Muscle,strain: BALB/cByJ | tissue: Muscle | age: 20mo | Sex: Female
GSM3394483,Mouse_Muscle_SH013,608.4,86.914,20.0,months,months,parsed,,muscle,BALB/cByJ,F,control,GSE120137,RRBS,True,ok,Muscle,strain: BALB/cByJ | tissue: Muscle | age: 20mo | Sex: Female
GSM3394484,Mouse_Muscle_SH014,608.4,86.914,20.0,months,months,parsed,,muscle,BALB/cByJ,F,control,GSE120137,RRBS,True,ok,Muscle,strain: BALB/cByJ | tissue: Muscle | age: 20mo | Sex: Female
GSM3394485,Mouse_Muscle_SH015,608.4,86.914,20.0,months,months,parsed,,muscle,BALB/cByJ,F,control,GSE120137,RRBS,True,ok,Muscle,strain: BALB/cByJ | tissue: Muscle | age: 20mo | Sex: Female
GSM3394486,Mouse_Muscle_SH016,608.4,86.914,20.0,months,months,parsed,,muscle,BALB/cByJ,M,control,GSE120137,RRBS,True,ok,Muscle,strain: BALB/cByJ | tissue: Muscle | age: 20mo | Sex: Male
GSM3394487,Mouse_Muscle_SH017,608.4,86.914,20.0,months,months,parsed,,muscle,BALB/cByJ,M,control,GSE120137,RRBS,True,ok,Muscle,strain: BALB/cByJ | tissue: Muscle | age: 20mo | Sex: Male
GSM3394488,Mouse_Muscle_SH018,608.4,86.914,20.0,months,months,parsed,,muscle,BALB/cByJ,M,control,GSE120137,RRBS,True,ok,Muscle,strain: BALB/cByJ | tissue: Muscle | age: 20mo | Sex: Male
GSM3394489,Mouse_Muscle_SH019,608.4,86.914,20.0,months,months,parsed,,muscle,BALB/cByJ,M,control,GSE120137,RRBS,True,ok,Muscle,strain: BALB/cByJ | tissue: Muscle | age: 20mo | Sex: Male
GSM3394490,Mouse_Muscle_SH020,608.4,86.914,20.0,months,months,parsed,,muscle,BALB/cByJ,M,control,GSE120137,RRBS,True,ok,Muscle,strain: BALB/cByJ | tissue: Muscle | age: 20mo | Sex: Male
GSM3394491,Mouse_Muscle_SH021,304.2,43.457,10.0,months,months,parsed,,muscle,C57BL/6J,F,control,GSE120137,RRBS,True,ok,Muscle,strain: C57BL/6J | tissue: Muscle | age: 10mo | Sex: Female
GSM3394492,Mouse_Muscle_SH022,304.2,43.457,10.0,months,months,parsed,,muscle,C57BL/6J,F,control,GSE120137,RRBS,True,ok,Muscle,strain: C57BL/6J | tissue: Muscle | age: 10mo | Sex: Female
GSM3394493,Mouse_Muscle_SH023,304.2,43.457,10.0,months,months,parsed,,muscle,C57BL/6J,F,control,GSE120137,RRBS,True,ok,Muscle,strain: C57BL/6J | tissue: Muscle | age: 10mo | Sex: Female
GSM3394494,Mouse_Muscle_SH024,304.2,43.457,10.0,months,months,parsed,,muscle,C57BL/6J,F,control,GSE120137,RRBS,True,ok,Muscle,strain: C57BL/6J | tissue: Muscle | age: 10mo | Sex: Female
GSM3394495,Mouse_Muscle_SH025,304.2,43.457,10.0,months,months,parsed,,muscle,C57BL/6J,F,control,GSE120137,RRBS,True,ok,Muscle,strain: C57BL/6J | tissue: Muscle | age: 10mo | Sex: Female
GSM3394496,Mouse_Muscle_SH026,304.2,43.457,10.0,months,months,parsed,,muscle,C57BL/6J,M,control,GSE120137,RRBS,True,ok,Muscle,strain: C57BL/6J | tissue: Muscle | age: 10mo | Sex: Male
GSM3394497,Mouse_Muscle_SH027,304.2,43.457,10.0,months,months,parsed,,muscle,C57BL/6J,M,control,GSE120137,RRBS,True,ok,Muscle,strain: C57BL/6J | tissue: Muscle | age: 10mo | Sex: Male
GSM3394498,Mouse_Muscle_SH028,304.2,43.457,10.0,months,months,parsed,,muscle,C57BL/6J,M,control,GSE120137,RRBS,True,ok,Muscle,strain: C57BL/6J | tissue: Muscle | age: 10mo | Sex: Male
GSM3394499,Mouse_Muscle_SH029,304.2,43.457,10.0,months,months,parsed,,muscle,C57BL/6J,M,control,GSE120137,RRBS,True,ok,Muscle,strain: C57BL/6J | tissue: Muscle | age: 10mo | Sex: Male
GSM3394500,Mouse_Muscle_SH030,304.2,43.457,10.0,months,months,parsed,,muscle,C57BL/6J,M,control,GSE120137,RRBS,True,ok,Muscle,strain: C57BL/6J | tissue: Muscle | age: 10mo | Sex: Male
GSM3394501,Mouse_Muscle_SH031,304.2,43.457,10.0,months,months,parsed,,muscle,BALB/cByJ,F,control,GSE120137,RRBS,True,ok,Muscle,strain: BALB/cByJ | tissue: Muscle | age: 10mo | Sex: Female
GSM3394502,Mouse_Muscle_SH032,304.2,43.457,10.0,months,months,parsed,,muscle,BALB/cByJ,F,control,GSE120137,RRBS,True,ok,Muscle,strain: BALB/cByJ | tissue: Muscle | age: 10mo | Sex: Female
GSM3394503,Mouse_Muscle_SH033,304.2,43.457,10.0,months,months,parsed,,muscle,BALB/cByJ,F,control,GSE120137,RRBS,True,ok,Muscle,strain: BALB/cByJ | tissue: Muscle | age: 10mo | Sex: Female
GSM3394504,Mouse_Muscle_SH034,304.2,43.457,10.0,months,months,parsed,,muscle,BALB/cByJ,F,control,GSE120137,RRBS,True,ok,Muscle,strain: BALB/cByJ | tissue: Muscle | age: 10mo | Sex: Female
GSM3394505,Mouse_Muscle_SH035,304.2,43.457,10.0,months,months,parsed,,muscle,BALB/cByJ,F,control,GSE120137,RRBS,True,ok,Muscle,strain: BALB/cByJ | tissue: Muscle | age: 10mo | Sex: Female
GSM3394506,Mouse_Muscle_SH036,304.2,43.457,10.0,months,months,parsed,,muscle,BALB/cByJ,M,control,GSE120137,RRBS,True,ok,Muscle,strain: BALB/cByJ | tissue: Muscle | age: 10mo | Sex: Male
GSM3394507,Mouse_Muscle_SH037,304.2,43.457,10.0,months,months,parsed,,muscle,BALB/cByJ,M,control,GSE120137,RRBS,True,ok,Muscle,strain: BALB/cByJ | tissue: Muscle | age: 10mo | Sex: Male
GSM3394508,Mouse_Muscle_SH038,304.2,43.457,10.0,months,months,parsed,,muscle,BALB/cByJ,M,control,GSE120137,RRBS,True,ok,Muscle,strain: BALB/cByJ | tissue: Muscle | age: 10mo | Sex: Male
GSM3394509,Mouse_Muscle_SH039,304.2,43.457,10.0,months,months,parsed,,muscle,BALB/cByJ,M,control,GSE120137,RRBS,True,ok,Muscle,strain: BALB/cByJ | tissue: Muscle | age: 10mo | Sex: Male
GSM3394510,Mouse_Muscle_SH040,304.2,43.457,10.0,months,months,parsed,,muscle,BALB/cByJ,M,control,GSE120137,RRBS,True,ok,Muscle,strain: BALB/cByJ | tissue: Muscle | age: 10mo | Sex: Male
GSM3394511,Mouse_Muscle_SH041,60.84,8.691,2.0,months,months,parsed,,muscle,C57BL/6J,F,control,GSE120137,RRBS,True,ok,Muscle,strain: C57BL/6J | tissue: Muscle | age: 2mo | Sex: Female
GSM3394512,Mouse_Muscle_SH042,60.84,8.691,2.0,months,months,parsed,,muscle,C57BL/6J,F,control,GSE120137,RRBS,True,ok,Muscle,strain: C57BL/6J | tissue: Muscle | age: 2mo | Sex: Female
GSM3394513,Mouse_Muscle_SH043,60.84,8.691,2.0,months,months,parsed,,muscle,C57BL/6J,F,control,GSE120137,RRBS,True,ok,Muscle,strain: C57BL/6J | tissue: Muscle | age: 2mo | Sex: Female
GSM3394514,Mouse_Muscle_SH044,60.84,8.691,2.0,months,months,parsed,,muscle,C57BL/6J,F,control,GSE120137,RRBS,True,ok,Muscle,strain: C57BL/6J | tissue: Muscle | age: 2mo | Sex: Female
GSM3394515,Mouse_Muscle_SH045,60.84,8.691,2.0,months,months,parsed,,muscle,C57BL/6J,F,control,GSE120137,RRBS,True,ok,Muscle,strain: C57BL/6J | tissue: Muscle | age: 2mo | Sex: Female
GSM3394516,Mouse_Muscle_SH046,60.84,8.691,2.0,months,months,parsed,,muscle,C57BL/6J,M,control,GSE120137,RRBS,True,ok,Muscle,strain: C57BL/6J | tissue: Muscle | age: 2mo | Sex: Male
GSM3394517,Mouse_Muscle_SH047,60.84,8.691,2.0,months,months,parsed,,muscle,C57BL/6J,M,control,GSE120137,RRBS,True,ok,Muscle,strain: C57BL/6J | tissue: Muscle | age: 2mo | Sex: Male
GSM3394518,Mouse_Muscle_SH048,60.84,8.691,2.0,months,months,parsed,,muscle,C57BL/6J,M,control,GSE120137,RRBS,True,ok,Muscle,strain: C57BL/6J | tissue: Muscle | age: 2mo | Sex: Male
GSM3394519,Mouse_Muscle_SH049,60.84,8.691,2.0,months,months,parsed,,muscle,C57BL/6J,M,control,GSE120137,RRBS,True,ok,Muscle,strain: C57BL/6J | tissue: Muscle | age: 2mo | Sex: Male
GSM3394520,Mouse_Muscle_SH050,60.84,8.691,2.0,months,months,parsed,,muscle,C57BL/6J,M,control,GSE120137,RRBS,True,ok,Muscle,strain: C57BL/6J | tissue: Muscle | age: 2mo | Sex: Male
GSM3394521,Mouse_Muscle_SH051,60.84,8.691,2.0,months,months,parsed,,muscle,BALB/cByJ,F,control,GSE120137,RRBS,True,ok,Muscle,strain: BALB/cByJ | tissue: Muscle | age: 2mo | Sex: Female
GSM3394522,Mouse_Muscle_SH052,60.84,8.691,2.0,months,months,parsed,,muscle,BALB/cByJ,F,control,GSE120137,RRBS,True,ok,Muscle,strain: BALB/cByJ | tissue: Muscle | age: 2mo | Sex: Female
GSM3394523,Mouse_Muscle_SH053,60.84,8.691,2.0,months,months,parsed,,muscle,BALB/cByJ,F,control,GSE120137,RRBS,True,ok,Muscle,strain: BALB/cByJ | tissue: Muscle | age: 2mo | Sex: Female
GSM3394524,Mouse_Muscle_SH054,60.84,8.691,2.0,months,months,parsed,,muscle,BALB/cByJ,F,control,GSE120137,RRBS,True,ok,Muscle,strain: BALB/cByJ | tissue: Muscle | age: 2mo | Sex: Female
GSM3394525,Mouse_Muscle_SH055,60.84,8.691,2.0,months,months,parsed,,muscle,BALB/cByJ,F,control,GSE120137,RRBS,True,ok,Muscle,strain: BALB/cByJ | tissue: Muscle | age: 2mo | Sex: Female
GSM3394526,Mouse_Muscle_SH056,60.84,8.691,2.0,months,months,parsed,,muscle,BALB/cByJ,M,control,GSE120137,RRBS,True,ok,Muscle,strain: BALB/cByJ | tissue: Muscle | age: 2mo | Sex: Male
GSM3394527,Mouse_Muscle_SH057,60.84,8.691,2.0,months,months,parsed,,muscle,BALB/cByJ,M,control,GSE120137,RRBS,True,ok,Muscle,strain: BALB/cByJ | tissue: Muscle | age: 2mo | Sex: Male
GSM3394528,Mouse_Muscle_SH058,60.84,8.691,2.0,months,months,parsed,,muscle,BALB/cByJ,M,control,GSE120137,RRBS,True,ok,Muscle,strain: BALB/cByJ | tissue: Muscle | age: 2mo | Sex: Male
GSM3394529,Mouse_Muscle_SH059,60.84,8.691,2.0,months,months,parsed,,muscle,BALB/cByJ,M,control,GSE120137,RRBS,True,ok,Muscle,strain: BALB/cByJ | tissue: Muscle | age: 2mo | Sex: Male
GSM3394530,Mouse_Muscle_SH060,60.84,8.691,2.0,months,months,parsed,,muscle,BALB/cByJ,M,control,GSE120137,RRBS,True,ok,Muscle,strain: BALB/cByJ | tissue: Muscle | age: 2mo | Sex: Male
GSM3394531,GES15-03314-DO-0809,182.52,26.074,6.0,months,months,parsed,,kidney,"Collaborative Cross strains, were developed by crossing eight unique and genetically diverseinbred mouse strains (A/J, C57BL/6J, 129S1/SvImJ, NOD/ShiLtJ, NZO/HlLtJ, CAST/EiJ, PWK/PhJ, and WSB/EiJ",F,control,GSE120137,RRBS,True,ok,Kidney,"strain: Collaborative Cross strains, were developed by crossing eight unique and genetically diverseinbred mouse strains (A/J, C57BL/6J, 129S1/SvImJ, NOD/ShiLtJ, NZO/HlLtJ, CAST/EiJ, PWK/PhJ, and WSB/EiJ | tissue: Kidney | age: 6mo | Sex: Female"
GSM3394532,GES15-03315-DO-1248,182.52,26.074,6.0,months,months,parsed,,kidney,"Collaborative Cross strains, were developed by crossing eight unique and genetically diverseinbred mouse strains (A/J, C57BL/6J, 129S1/SvImJ, NOD/ShiLtJ, NZO/HlLtJ, CAST/EiJ, PWK/PhJ, and WSB/EiJ",F,control,GSE120137,RRBS,True,ok,Kidney,"strain: Collaborative Cross strains, were developed by crossing eight unique and genetically diverseinbred mouse strains (A/J, C57BL/6J, 129S1/SvImJ, NOD/ShiLtJ, NZO/HlLtJ, CAST/EiJ, PWK/PhJ, and WSB/EiJ | tissue: Kidney | age: 6mo | Sex: Female"
GSM3394533,GES15-03316-DO-0758,365.04,52.149,12.0,months,months,parsed,,kidney,"Collaborative Cross strains, were developed by crossing eight unique and genetically diverseinbred mouse strains (A/J, C57BL/6J, 129S1/SvImJ, NOD/ShiLtJ, NZO/HlLtJ, CAST/EiJ, PWK/PhJ, and WSB/EiJ",F,control,GSE120137,RRBS,True,ok,Kidney,"strain: Collaborative Cross strains, were developed by crossing eight unique and genetically diverseinbred mouse strains (A/J, C57BL/6J, 129S1/SvImJ, NOD/ShiLtJ, NZO/HlLtJ, CAST/EiJ, PWK/PhJ, and WSB/EiJ | tissue: Kidney | age: 12mo | Sex: Female"
GSM3394534,GES15-03317-DO-0744,547.56,78.223,18.0,months,months,parsed,,kidney,"Collaborative Cross strains, were developed by crossing eight unique and genetically diverseinbred mouse strains (A/J, C57BL/6J, 129S1/SvImJ, NOD/ShiLtJ, NZO/HlLtJ, CAST/EiJ, PWK/PhJ, and WSB/EiJ",F,control,GSE120137,RRBS,True,ok,Kidney,"strain: Collaborative Cross strains, were developed by crossing eight unique and genetically diverseinbred mouse strains (A/J, C57BL/6J, 129S1/SvImJ, NOD/ShiLtJ, NZO/HlLtJ, CAST/EiJ, PWK/PhJ, and WSB/EiJ | tissue: Kidney | age: 18mo | Sex: Female"
GSM3394535,GES15-03318-DO-1119,182.52,26.074,6.0,months,months,parsed,,kidney,"Collaborative Cross strains, were developed by crossing eight unique and genetically diverseinbred mouse strains (A/J, C57BL/6J, 129S1/SvImJ, NOD/ShiLtJ, NZO/HlLtJ, CAST/EiJ, PWK/PhJ, and WSB/EiJ",F,control,GSE120137,RRBS,True,ok,Kidney,"strain: Collaborative Cross strains, were developed by crossing eight unique and genetically diverseinbred mouse strains (A/J, C57BL/6J, 129S1/SvImJ, NOD/ShiLtJ, NZO/HlLtJ, CAST/EiJ, PWK/PhJ, and WSB/EiJ | tissue: Kidney | age: 6mo | Sex: Female"
GSM3394536,GES15-03319-DO-0821,365.04,52.149,12.0,months,months,parsed,,kidney,"Collaborative Cross strains, were developed by crossing eight unique and genetically diverseinbred mouse strains (A/J, C57BL/6J, 129S1/SvImJ, NOD/ShiLtJ, NZO/HlLtJ, CAST/EiJ, PWK/PhJ, and WSB/EiJ",F,control,GSE120137,RRBS,True,ok,Kidney,"strain: Collaborative Cross strains, were developed by crossing eight unique and genetically diverseinbred mouse strains (A/J, C57BL/6J, 129S1/SvImJ, NOD/ShiLtJ, NZO/HlLtJ, CAST/EiJ, PWK/PhJ, and WSB/EiJ | tissue: Kidney | age: 12mo | Sex: Female"
GSM3394537,GES15-03320-DO-1297,182.52,26.074,6.0,months,months,parsed,,kidney,"Collaborative Cross strains, were developed by crossing eight unique and genetically diverseinbred mouse strains (A/J, C57BL/6J, 129S1/SvImJ, NOD/ShiLtJ, NZO/HlLtJ, CAST/EiJ, PWK/PhJ, and WSB/EiJ",M,control,GSE120137,RRBS,True,ok,Kidney,"strain: Collaborative Cross strains, were developed by crossing eight unique and genetically diverseinbred mouse strains (A/J, C57BL/6J, 129S1/SvImJ, NOD/ShiLtJ, NZO/HlLtJ, CAST/EiJ, PWK/PhJ, and WSB/EiJ | tissue: Kidney | age: 6mo | Sex: Male"
GSM3394538,GES15-03321-DO-1208,365.04,52.149,12.0,months,months,parsed,,kidney,"Collaborative Cross strains, were developed by crossing eight unique and genetically diverseinbred mouse strains (A/J, C57BL/6J, 129S1/SvImJ, NOD/ShiLtJ, NZO/HlLtJ, CAST/EiJ, PWK/PhJ, and WSB/EiJ",F,control,GSE120137,RRBS,True,ok,Kidney,"strain: Collaborative Cross strains, were developed by crossing eight unique and genetically diverseinbred mouse strains (A/J, C57BL/6J, 129S1/SvImJ, NOD/ShiLtJ, NZO/HlLtJ, CAST/EiJ, PWK/PhJ, and WSB/EiJ | tissue: Kidney | age: 12mo | Sex: Female"
GSM3394539,GES15-03322-DO-1067,365.04,52.149,12.0,months,months,parsed,,kidney,"Collaborative Cross strains, were developed by crossing eight unique and genetically diverseinbred mouse strains (A/J, C57BL/6J, 129S1/SvImJ, NOD/ShiLtJ, NZO/HlLtJ, CAST/EiJ, PWK/PhJ, and WSB/EiJ",M,control,GSE120137,RRBS,True,ok,Kidney,"strain: Collaborative Cross strains, were developed by crossing eight unique and genetically diverseinbred mouse strains (A/J, C57BL/6J, 129S1/SvImJ, NOD/ShiLtJ, NZO/HlLtJ, CAST/EiJ, PWK/PhJ, and WSB/EiJ | tissue: Kidney | age: 12mo | Sex: Male"
GSM3394540,GES15-03323-DO-0712,547.56,78.223,18.0,months,months,parsed,,kidney,"Collaborative Cross strains, were developed by crossing eight unique and genetically diverseinbred mouse strains (A/J, C57BL/6J, 129S1/SvImJ, NOD/ShiLtJ, NZO/HlLtJ, CAST/EiJ, PWK/PhJ, and WSB/EiJ",F,control,GSE120137,RRBS,True,ok,Kidney,"strain: Collaborative Cross strains, were developed by crossing eight unique and genetically diverseinbred mouse strains (A/J, C57BL/6J, 129S1/SvImJ, NOD/ShiLtJ, NZO/HlLtJ, CAST/EiJ, PWK/PhJ, and WSB/EiJ | tissue: Kidney | age: 18mo | Sex: Female"
GSM3394541,GES15-03324-DO-1222,182.52,26.074,6.0,months,months,parsed,,kidney,"Collaborative Cross strains, were developed by crossing eight unique and genetically diverseinbred mouse strains (A/J, C57BL/6J, 129S1/SvImJ, NOD/ShiLtJ, NZO/HlLtJ, CAST/EiJ, PWK/PhJ, and WSB/EiJ",F,control,GSE120137,RRBS,True,ok,Kidney,"strain: Collaborative Cross strains, were developed by crossing eight unique and genetically diverseinbred mouse strains (A/J, C57BL/6J, 129S1/SvImJ, NOD/ShiLtJ, NZO/HlLtJ, CAST/EiJ, PWK/PhJ, and WSB/EiJ | tissue: Kidney | age: 6mo | Sex: Female"
GSM3394542,GES15-03325-DO-1243,182.52,26.074,6.0,months,months,parsed,,kidney,"Collaborative Cross strains, were developed by crossing eight unique and genetically diverseinbred mouse strains (A/J, C57BL/6J, 129S1/SvImJ, NOD/ShiLtJ, NZO/HlLtJ, CAST/EiJ, PWK/PhJ, and WSB/EiJ",F,control,GSE120137,RRBS,True,ok,Kidney,"strain: Collaborative Cross strains, were developed by crossing eight unique and genetically diverseinbred mouse strains (A/J, C57BL/6J, 129S1/SvImJ, NOD/ShiLtJ, NZO/HlLtJ, CAST/EiJ, PWK/PhJ, and WSB/EiJ | tissue: Kidney | age: 6mo | Sex: Female"
GSM3394543,GES15-03326-DO-1249,182.52,26.074,6.0,months,months,parsed,,kidney,"Collaborative Cross strains, were developed by crossing eight unique and genetically diverseinbred mouse strains (A/J, C57BL/6J, 129S1/SvImJ, NOD/ShiLtJ, NZO/HlLtJ, CAST/EiJ, PWK/PhJ, and WSB/EiJ",F,control,GSE120137,RRBS,True,ok,Kidney,"strain: Collaborative Cross strains, were developed by crossing eight unique and genetically diverseinbred mouse strains (A/J, C57BL/6J, 129S1/SvImJ, NOD/ShiLtJ, NZO/HlLtJ, CAST/EiJ, PWK/PhJ, and WSB/EiJ | tissue: Kidney | age: 6mo | Sex: Female"
GSM3394544,GES15-03327-DO-1251,182.52,26.074,6.0,months,months,parsed,,kidney,"Collaborative Cross strains, were developed by crossing eight unique and genetically diverseinbred mouse strains (A/J, C57BL/6J, 129S1/SvImJ, NOD/ShiLtJ, NZO/HlLtJ, CAST/EiJ, PWK/PhJ, and WSB/EiJ",F,control,GSE120137,RRBS,True,ok,Kidney,"strain: Collaborative Cross strains, were developed by crossing eight unique and genetically diverseinbred mouse strains (A/J, C57BL/6J, 129S1/SvImJ, NOD/ShiLtJ, NZO/HlLtJ, CAST/EiJ, PWK/PhJ, and WSB/EiJ | tissue: Kidney | age: 6mo | Sex: Female"
GSM3394545,GES15-03328-DO-0674,365.04,52.149,12.0,months,months,parsed,,kidney,"Collaborative Cross strains, were developed by crossing eight unique and genetically diverseinbred mouse strains (A/J, C57BL/6J, 129S1/SvImJ, NOD/ShiLtJ, NZO/HlLtJ, CAST/EiJ, PWK/PhJ, and WSB/EiJ",F,control,GSE120137,RRBS,True,ok,Kidney,"strain: Collaborative Cross strains, were developed by crossing eight unique and genetically diverseinbred mouse strains (A/J, C57BL/6J, 129S1/SvImJ, NOD/ShiLtJ, NZO/HlLtJ, CAST/EiJ, PWK/PhJ, and WSB/EiJ | tissue: Kidney | age: 12mo | Sex: Female"
GSM3394546,GES15-03329-DO-0686,365.04,52.149,12.0,months,months,parsed,,kidney,"Collaborative Cross strains, were developed by crossing eight unique and genetically diverseinbred mouse strains (A/J, C57BL/6J, 129S1/SvImJ, NOD/ShiLtJ, NZO/HlLtJ, CAST/EiJ, PWK/PhJ, and WSB/EiJ",F,control,GSE120137,RRBS,True,ok,Kidney,"strain: Collaborative Cross strains, were developed by crossing eight unique and genetically diverseinbred mouse strains (A/J, C57BL/6J, 129S1/SvImJ, NOD/ShiLtJ, NZO/HlLtJ, CAST/EiJ, PWK/PhJ, and WSB/EiJ | tissue: Kidney | age: 12mo | Sex: Female"
GSM3394547,GES15-03330-DO-0721,365.04,52.149,12.0,months,months,parsed,,kidney,"Collaborative Cross strains, were developed by crossing eight unique and genetically diverseinbred mouse strains (A/J, C57BL/6J, 129S1/SvImJ, NOD/ShiLtJ, NZO/HlLtJ, CAST/EiJ, PWK/PhJ, and WSB/EiJ",F,control,GSE120137,RRBS,True,ok,Kidney,"strain: Collaborative Cross strains, were developed by crossing eight unique and genetically diverseinbred mouse strains (A/J, C57BL/6J, 129S1/SvImJ, NOD/ShiLtJ, NZO/HlLtJ, CAST/EiJ, PWK/PhJ, and WSB/EiJ | tissue: Kidney | age: 12mo | Sex: Female"
GSM3394548,GES15-03331-DO-1209,365.04,52.149,12.0,months,months,parsed,,kidney,"Collaborative Cross strains, were developed by crossing eight unique and genetically diverseinbred mouse strains (A/J, C57BL/6J, 129S1/SvImJ, NOD/ShiLtJ, NZO/HlLtJ, CAST/EiJ, PWK/PhJ, and WSB/EiJ",F,control,GSE120137,RRBS,True,ok,Kidney,"strain: Collaborative Cross strains, were developed by crossing eight unique and genetically diverseinbred mouse strains (A/J, C57BL/6J, 129S1/SvImJ, NOD/ShiLtJ, NZO/HlLtJ, CAST/EiJ, PWK/PhJ, and WSB/EiJ | tissue: Kidney | age: 12mo | Sex: Female"
GSM3394549,GES15-03332-DO-0923,365.04,52.149,12.0,months,months,parsed,,kidney,"Collaborative Cross strains, were developed by crossing eight unique and genetically diverseinbred mouse strains (A/J, C57BL/6J, 129S1/SvImJ, NOD/ShiLtJ, NZO/HlLtJ, CAST/EiJ, PWK/PhJ, and WSB/EiJ",M,control,GSE120137,RRBS,True,ok,Kidney,"strain: Collaborative Cross strains, were developed by crossing eight unique and genetically diverseinbred mouse strains (A/J, C57BL/6J, 129S1/SvImJ, NOD/ShiLtJ, NZO/HlLtJ, CAST/EiJ, PWK/PhJ, and WSB/EiJ | tissue: Kidney | age: 12mo | Sex: Male"
GSM3394550,GES15-03333-DO-0945,365.04,52.149,12.0,months,months,parsed,,kidney,"Collaborative Cross strains, were developed by crossing eight unique and genetically diverseinbred mouse strains (A/J, C57BL/6J, 129S1/SvImJ, NOD/ShiLtJ, NZO/HlLtJ, CAST/EiJ, PWK/PhJ, and WSB/EiJ",M,control,GSE120137,RRBS,True,ok,Kidney,"strain: Collaborative Cross strains, were developed by crossing eight unique and genetically diverseinbred mouse strains (A/J, C57BL/6J, 129S1/SvImJ, NOD/ShiLtJ, NZO/HlLtJ, CAST/EiJ, PWK/PhJ, and WSB/EiJ | tissue: Kidney | age: 12mo | Sex: Male"
GSM3394551,GES15-03334-DO-0673,547.56,78.223,18.0,months,months,parsed,,kidney,"Collaborative Cross strains, were developed by crossing eight unique and genetically diverseinbred mouse strains (A/J, C57BL/6J, 129S1/SvImJ, NOD/ShiLtJ, NZO/HlLtJ, CAST/EiJ, PWK/PhJ, and WSB/EiJ",F,control,GSE120137,RRBS,True,ok,Kidney,"strain: Collaborative Cross strains, were developed by crossing eight unique and genetically diverseinbred mouse strains (A/J, C57BL/6J, 129S1/SvImJ, NOD/ShiLtJ, NZO/HlLtJ, CAST/EiJ, PWK/PhJ, and WSB/EiJ | tissue: Kidney | age: 18mo | Sex: Female"
GSM3394552,GES15-03335-DO-0766,547.56,78.223,18.0,months,months,parsed,,kidney,"Collaborative Cross strains, were developed by crossing eight unique and genetically diverseinbred mouse strains (A/J, C57BL/6J, 129S1/SvImJ, NOD/ShiLtJ, NZO/HlLtJ, CAST/EiJ, PWK/PhJ, and WSB/EiJ",F,control,GSE120137,RRBS,True,ok,Kidney,"strain: Collaborative Cross strains, were developed by crossing eight unique and genetically diverseinbred mouse strains (A/J, C57BL/6J, 129S1/SvImJ, NOD/ShiLtJ, NZO/HlLtJ, CAST/EiJ, PWK/PhJ, and WSB/EiJ | tissue: Kidney | age: 18mo | Sex: Female"
GSM3394553,GES15-03336-DO-0817,547.56,78.223,18.0,months,months,parsed,,kidney,"Collaborative Cross strains, were developed by crossing eight unique and genetically diverseinbred mouse strains (A/J, C57BL/6J, 129S1/SvImJ, NOD/ShiLtJ, NZO/HlLtJ, CAST/EiJ, PWK/PhJ, and WSB/EiJ",F,control,GSE120137,RRBS,True,ok,Kidney,"strain: Collaborative Cross strains, were developed by crossing eight unique and genetically diverseinbred mouse strains (A/J, C57BL/6J, 129S1/SvImJ, NOD/ShiLtJ, NZO/HlLtJ, CAST/EiJ, PWK/PhJ, and WSB/EiJ | tissue: Kidney | age: 18mo | Sex: Female"
GSM3394554,GES15-03337-DO-0980,547.56,78.223,18.0,months,months,parsed,,kidney,"Collaborative Cross strains, were developed by crossing eight unique and genetically diverseinbred mouse strains (A/J, C57BL/6J, 129S1/SvImJ, NOD/ShiLtJ, NZO/HlLtJ, CAST/EiJ, PWK/PhJ, and WSB/EiJ",M,control,GSE120137,RRBS,True,ok,Kidney,"strain: Collaborative Cross strains, were developed by crossing eight unique and genetically diverseinbred mouse strains (A/J, C57BL/6J, 129S1/SvImJ, NOD/ShiLtJ, NZO/HlLtJ, CAST/EiJ, PWK/PhJ, and WSB/EiJ | tissue: Kidney | age: 18mo | Sex: Male"
GSM3394555,GES15-03338-DO-1160,547.56,78.223,18.0,months,months,parsed,,kidney,"Collaborative Cross strains, were developed by crossing eight unique and genetically diverseinbred mouse strains (A/J, C57BL/6J, 129S1/SvImJ, NOD/ShiLtJ, NZO/HlLtJ, CAST/EiJ, PWK/PhJ, and WSB/EiJ",M,control,GSE120137,RRBS,True,ok,Kidney,"strain: Collaborative Cross strains, were developed by crossing eight unique and genetically diverseinbred mouse strains (A/J, C57BL/6J, 129S1/SvImJ, NOD/ShiLtJ, NZO/HlLtJ, CAST/EiJ, PWK/PhJ, and WSB/EiJ | tissue: Kidney | age: 18mo | Sex: Male"
GSM3394556,GES15-03339-DO-1124,182.52,26.074,6.0,months,months,parsed,,kidney,"Collaborative Cross strains, were developed by crossing eight unique and genetically diverseinbred mouse strains (A/J, C57BL/6J, 129S1/SvImJ, NOD/ShiLtJ, NZO/HlLtJ, CAST/EiJ, PWK/PhJ, and WSB/EiJ",F,control,GSE120137,RRBS,True,ok,Kidney,"strain: Collaborative Cross strains, were developed by crossing eight unique and genetically diverseinbred mouse strains (A/J, C57BL/6J, 129S1/SvImJ, NOD/ShiLtJ, NZO/HlLtJ, CAST/EiJ, PWK/PhJ, and WSB/EiJ | tissue: Kidney | age: 6mo | Sex: Female"
GSM3394557,GES15-03340-DO-0911,365.04,52.149,12.0,months,months,parsed,,kidney,"Collaborative Cross strains, were developed by crossing eight unique and genetically diverseinbred mouse strains (A/J, C57BL/6J, 129S1/SvImJ, NOD/ShiLtJ, NZO/HlLtJ, CAST/EiJ, PWK/PhJ, and WSB/EiJ",M,control,GSE120137,RRBS,True,ok,Kidney,"strain: Collaborative Cross strains, were developed by crossing eight unique and genetically diverseinbred mouse strains (A/J, C57BL/6J, 129S1/SvImJ, NOD/ShiLtJ, NZO/HlLtJ, CAST/EiJ, PWK/PhJ, and WSB/EiJ | tissue: Kidney | age: 12mo | Sex: Male"
GSM3394558,GES15-03341-DO-0818,547.56,78.223,18.0,months,months,parsed,,kidney,"Collaborative Cross strains, were developed by crossing eight unique and genetically diverseinbred mouse strains (A/J, C57BL/6J, 129S1/SvImJ, NOD/ShiLtJ, NZO/HlLtJ, CAST/EiJ, PWK/PhJ, and WSB/EiJ",F,control,GSE120137,RRBS,True,ok,Kidney,"strain: Collaborative Cross strains, were developed by crossing eight unique and genetically diverseinbred mouse strains (A/J, C57BL/6J, 129S1/SvImJ, NOD/ShiLtJ, NZO/HlLtJ, CAST/EiJ, PWK/PhJ, and WSB/EiJ | tissue: Kidney | age: 18mo | Sex: Female"
GSM3394559,GES15-03342-DO-0819,547.56,78.223,18.0,months,months,parsed,,kidney,"Collaborative Cross strains, were developed by crossing eight unique and genetically diverseinbred mouse strains (A/J, C57BL/6J, 129S1/SvImJ, NOD/ShiLtJ, NZO/HlLtJ, CAST/EiJ, PWK/PhJ, and WSB/EiJ",F,control,GSE120137,RRBS,True,ok,Kidney,"strain: Collaborative Cross strains, were developed by crossing eight unique and genetically diverseinbred mouse strains (A/J, C57BL/6J, 129S1/SvImJ, NOD/ShiLtJ, NZO/HlLtJ, CAST/EiJ, PWK/PhJ, and WSB/EiJ | tissue: Kidney | age: 18mo | Sex: Female"
GSM3394560,GES15-03343-DO-0979,547.56,78.223,18.0,months,months,parsed,,kidney,"Collaborative Cross strains, were developed by crossing eight unique and genetically diverseinbred mouse strains (A/J, C57BL/6J, 129S1/SvImJ, NOD/ShiLtJ, NZO/HlLtJ, CAST/EiJ, PWK/PhJ, and WSB/EiJ",M,control,GSE120137,RRBS,True,ok,Kidney,"strain: Collaborative Cross strains, were developed by crossing eight unique and genetically diverseinbred mouse strains (A/J, C57BL/6J, 129S1/SvImJ, NOD/ShiLtJ, NZO/HlLtJ, CAST/EiJ, PWK/PhJ, and WSB/EiJ | tissue: Kidney | age: 18mo | Sex: Male"
GSM3394561,GES15-03344-DO-1148,547.56,78.223,18.0,months,months,parsed,,kidney,"Collaborative Cross strains, were developed by crossing eight unique and genetically diverseinbred mouse strains (A/J, C57BL/6J, 129S1/SvImJ, NOD/ShiLtJ, NZO/HlLtJ, CAST/EiJ, PWK/PhJ, and WSB/EiJ",M,control,GSE120137,RRBS,True,ok,Kidney,"strain: Collaborative Cross strains, were developed by crossing eight unique and genetically diverseinbred mouse strains (A/J, C57BL/6J, 129S1/SvImJ, NOD/ShiLtJ, NZO/HlLtJ, CAST/EiJ, PWK/PhJ, and WSB/EiJ | tissue: Kidney | age: 18mo | Sex: Male"
GSM3394562,GES15-03345-DO-1037,182.52,26.074,6.0,months,months,parsed,,kidney,"Collaborative Cross strains, were developed by crossing eight unique and genetically diverseinbred mouse strains (A/J, C57BL/6J, 129S1/SvImJ, NOD/ShiLtJ, NZO/HlLtJ, CAST/EiJ, PWK/PhJ, and WSB/EiJ",M,control,GSE120137,RRBS,True,ok,Kidney,"strain: Collaborative Cross strains, were developed by crossing eight unique and genetically diverseinbred mouse strains (A/J, C57BL/6J, 129S1/SvImJ, NOD/ShiLtJ, NZO/HlLtJ, CAST/EiJ, PWK/PhJ, and WSB/EiJ | tissue: Kidney | age: 6mo | Sex: Male"
GSM3394563,GES15-03346-DO-1299,182.52,26.074,6.0,months,months,parsed,,kidney,"Collaborative Cross strains, were developed by crossing eight unique and genetically diverseinbred mouse strains (A/J, C57BL/6J, 129S1/SvImJ, NOD/ShiLtJ, NZO/HlLtJ, CAST/EiJ, PWK/PhJ, and WSB/EiJ",M,control,GSE120137,RRBS,True,ok,Kidney,"strain: Collaborative Cross strains, were developed by crossing eight unique and genetically diverseinbred mouse strains (A/J, C57BL/6J, 129S1/SvImJ, NOD/ShiLtJ, NZO/HlLtJ, CAST/EiJ, PWK/PhJ, and WSB/EiJ | tissue: Kidney | age: 6mo | Sex: Male"
GSM3394564,GES15-03347-DO-0909,365.04,52.149,12.0,months,months,parsed,,kidney,"Collaborative Cross strains, were developed by crossing eight unique and genetically diverseinbred mouse strains (A/J, C57BL/6J, 129S1/SvImJ, NOD/ShiLtJ, NZO/HlLtJ, CAST/EiJ, PWK/PhJ, and WSB/EiJ",M,control,GSE120137,RRBS,True,ok,Kidney,"strain: Collaborative Cross strains, were developed by crossing eight unique and genetically diverseinbred mouse strains (A/J, C57BL/6J, 129S1/SvImJ, NOD/ShiLtJ, NZO/HlLtJ, CAST/EiJ, PWK/PhJ, and WSB/EiJ | tissue: Kidney | age: 12mo | Sex: Male"
GSM3394565,GES15-03348-DO-0669,547.56,78.223,18.0,months,months,parsed,,kidney,"Collaborative Cross strains, were developed by crossing eight unique and genetically diverseinbred mouse strains (A/J, C57BL/6J, 129S1/SvImJ, NOD/ShiLtJ, NZO/HlLtJ, CAST/EiJ, PWK/PhJ, and WSB/EiJ",F,control,GSE120137,RRBS,True,ok,Kidney,"strain: Collaborative Cross strains, were developed by crossing eight unique and genetically diverseinbred mouse strains (A/J, C57BL/6J, 129S1/SvImJ, NOD/ShiLtJ, NZO/HlLtJ, CAST/EiJ, PWK/PhJ, and WSB/EiJ | tissue: Kidney | age: 18mo | Sex: Female"
GSM3394566,GES15-03349-DO-1015,547.56,78.223,18.0,months,months,parsed,,kidney,"Collaborative Cross strains, were developed by crossing eight unique and genetically diverseinbred mouse strains (A/J, C57BL/6J, 129S1/SvImJ, NOD/ShiLtJ, NZO/HlLtJ, CAST/EiJ, PWK/PhJ, and WSB/EiJ",M,control,GSE120137,RRBS,True,ok,Kidney,"strain: Collaborative Cross strains, were developed by crossing eight unique and genetically diverseinbred mouse strains (A/J, C57BL/6J, 129S1/SvImJ, NOD/ShiLtJ, NZO/HlLtJ, CAST/EiJ, PWK/PhJ, and WSB/EiJ | tissue: Kidney | age: 18mo | Sex: Male"
GSM3394567,GES15-03350-DO-1263,182.52,26.074,6.0,months,months,parsed,,kidney,"Collaborative Cross strains, were developed by crossing eight unique and genetically diverseinbred mouse strains (A/J, C57BL/6J, 129S1/SvImJ, NOD/ShiLtJ, NZO/HlLtJ, CAST/EiJ, PWK/PhJ, and WSB/EiJ",M,control,GSE120137,RRBS,True,ok,Kidney,"strain: Collaborative Cross strains, were developed by crossing eight unique and genetically diverseinbred mouse strains (A/J, C57BL/6J, 129S1/SvImJ, NOD/ShiLtJ, NZO/HlLtJ, CAST/EiJ, PWK/PhJ, and WSB/EiJ | tissue: Kidney | age: 6mo | Sex: Male"
GSM3394568,GES15-03351-DO-1267,182.52,26.074,6.0,months,months,parsed,,kidney,"Collaborative Cross strains, were developed by crossing eight unique and genetically diverseinbred mouse strains (A/J, C57BL/6J, 129S1/SvImJ, NOD/ShiLtJ, NZO/HlLtJ, CAST/EiJ, PWK/PhJ, and WSB/EiJ",M,control,GSE120137,RRBS,True,ok,Kidney,"strain: Collaborative Cross strains, were developed by crossing eight unique and genetically diverseinbred mouse strains (A/J, C57BL/6J, 129S1/SvImJ, NOD/ShiLtJ, NZO/HlLtJ, CAST/EiJ, PWK/PhJ, and WSB/EiJ | tissue: Kidney | age: 6mo | Sex: Male"
GSM3394569,GES15-03352-DO-1316,182.52,26.074,6.0,months,months,parsed,,kidney,"Collaborative Cross strains, were developed by crossing eight unique and genetically diverseinbred mouse strains (A/J, C57BL/6J, 129S1/SvImJ, NOD/ShiLtJ, NZO/HlLtJ, CAST/EiJ, PWK/PhJ, and WSB/EiJ",M,control,GSE120137,RRBS,True,ok,Kidney,"strain: Collaborative Cross strains, were developed by crossing eight unique and genetically diverseinbred mouse strains (A/J, C57BL/6J, 129S1/SvImJ, NOD/ShiLtJ, NZO/HlLtJ, CAST/EiJ, PWK/PhJ, and WSB/EiJ | tissue: Kidney | age: 6mo | Sex: Male"
GSM3394570,GES15-03353-DO-0951,365.04,52.149,12.0,months,months,parsed,,kidney,"Collaborative Cross strains, were developed by crossing eight unique and genetically diverseinbred mouse strains (A/J, C57BL/6J, 129S1/SvImJ, NOD/ShiLtJ, NZO/HlLtJ, CAST/EiJ, PWK/PhJ, and WSB/EiJ",M,control,GSE120137,RRBS,True,ok,Kidney,"strain: Collaborative Cross strains, were developed by crossing eight unique and genetically diverseinbred mouse strains (A/J, C57BL/6J, 129S1/SvImJ, NOD/ShiLtJ, NZO/HlLtJ, CAST/EiJ, PWK/PhJ, and WSB/EiJ | tissue: Kidney | age: 12mo | Sex: Male"
GSM3394571,GES15-03354-DO-1025,365.04,52.149,12.0,months,months,parsed,,kidney,"Collaborative Cross strains, were developed by crossing eight unique and genetically diverseinbred mouse strains (A/J, C57BL/6J, 129S1/SvImJ, NOD/ShiLtJ, NZO/HlLtJ, CAST/EiJ, PWK/PhJ, and WSB/EiJ",M,control,GSE120137,RRBS,True,ok,Kidney,"strain: Collaborative Cross strains, were developed by crossing eight unique and genetically diverseinbred mouse strains (A/J, C57BL/6J, 129S1/SvImJ, NOD/ShiLtJ, NZO/HlLtJ, CAST/EiJ, PWK/PhJ, and WSB/EiJ | tissue: Kidney | age: 12mo | Sex: Male"
GSM3394572,GES15-03355-DO-1182,365.04,52.149,12.0,months,months,parsed,,kidney,"Collaborative Cross strains, were developed by crossing eight unique and genetically diverseinbred mouse strains (A/J, C57BL/6J, 129S1/SvImJ, NOD/ShiLtJ, NZO/HlLtJ, CAST/EiJ, PWK/PhJ, and WSB/EiJ",M,control,GSE120137,RRBS,True,ok,Kidney,"strain: Collaborative Cross strains, were developed by crossing eight unique and genetically diverseinbred mouse strains (A/J, C57BL/6J, 129S1/SvImJ, NOD/ShiLtJ, NZO/HlLtJ, CAST/EiJ, PWK/PhJ, and WSB/EiJ | tissue: Kidney | age: 12mo | Sex: Male"
GSM3394573,GES15-03356-DO-0950,547.56,78.223,18.0,months,months,parsed,,kidney,"Collaborative Cross strains, were developed by crossing eight unique and genetically diverseinbred mouse strains (A/J, C57BL/6J, 129S1/SvImJ, NOD/ShiLtJ, NZO/HlLtJ, CAST/EiJ, PWK/PhJ, and WSB/EiJ",M,control,GSE120137,RRBS,True,ok,Kidney,"strain: Collaborative Cross strains, were developed by crossing eight unique and genetically diverseinbred mouse strains (A/J, C57BL/6J, 129S1/SvImJ, NOD/ShiLtJ, NZO/HlLtJ, CAST/EiJ, PWK/PhJ, and WSB/EiJ | tissue: Kidney | age: 18mo | Sex: Male"
GSM3394574,GES15-03357-DO-1033,547.56,78.223,18.0,months,months,parsed,,kidney,"Collaborative Cross strains, were developed by crossing eight unique and genetically diverseinbred mouse strains (A/J, C57BL/6J, 129S1/SvImJ, NOD/ShiLtJ, NZO/HlLtJ, CAST/EiJ, PWK/PhJ, and WSB/EiJ",M,control,GSE120137,RRBS,True,ok,Kidney,"strain: Collaborative Cross strains, were developed by crossing eight unique and genetically diverseinbred mouse strains (A/J, C57BL/6J, 129S1/SvImJ, NOD/ShiLtJ, NZO/HlLtJ, CAST/EiJ, PWK/PhJ, and WSB/EiJ | tissue: Kidney | age: 18mo | Sex: Male"
GSM3394575,GES15-03358-DO-1035,547.56,78.223,18.0,months,months,parsed,,kidney,"Collaborative Cross strains, were developed by crossing eight unique and genetically diverseinbred mouse strains (A/J, C57BL/6J, 129S1/SvImJ, NOD/ShiLtJ, NZO/HlLtJ, CAST/EiJ, PWK/PhJ, and WSB/EiJ",M,control,GSE120137,RRBS,True,ok,Kidney,"strain: Collaborative Cross strains, were developed by crossing eight unique and genetically diverseinbred mouse strains (A/J, C57BL/6J, 129S1/SvImJ, NOD/ShiLtJ, NZO/HlLtJ, CAST/EiJ, PWK/PhJ, and WSB/EiJ | tissue: Kidney | age: 18mo | Sex: Male"
GSM3394576,GES15-03359-DO-1195,182.52,26.074,6.0,months,months,parsed,,kidney,"Collaborative Cross strains, were developed by crossing eight unique and genetically diverseinbred mouse strains (A/J, C57BL/6J, 129S1/SvImJ, NOD/ShiLtJ, NZO/HlLtJ, CAST/EiJ, PWK/PhJ, and WSB/EiJ",M,control,GSE120137,RRBS,True,ok,Kidney,"strain: Collaborative Cross strains, were developed by crossing eight unique and genetically diverseinbred mouse strains (A/J, C57BL/6J, 129S1/SvImJ, NOD/ShiLtJ, NZO/HlLtJ, CAST/EiJ, PWK/PhJ, and WSB/EiJ | tissue: Kidney | age: 6mo | Sex: Male"
GSM3394577,GES15-03360-DO-1300,182.52,26.074,6.0,months,months,parsed,,kidney,"Collaborative Cross strains, were developed by crossing eight unique and genetically diverseinbred mouse strains (A/J, C57BL/6J, 129S1/SvImJ, NOD/ShiLtJ, NZO/HlLtJ, CAST/EiJ, PWK/PhJ, and WSB/EiJ",M,control,GSE120137,RRBS,True,ok,Kidney,"strain: Collaborative Cross strains, were developed by crossing eight unique and genetically diverseinbred mouse strains (A/J, C57BL/6J, 129S1/SvImJ, NOD/ShiLtJ, NZO/HlLtJ, CAST/EiJ, PWK/PhJ, and WSB/EiJ | tissue: Kidney | age: 6mo | Sex: Male"
GSM3394578,GES15-03361-DO-0836,365.04,52.149,12.0,months,months,parsed,,kidney,"Collaborative Cross strains, were developed by crossing eight unique and genetically diverseinbred mouse strains (A/J, C57BL/6J, 129S1/SvImJ, NOD/ShiLtJ, NZO/HlLtJ, CAST/EiJ, PWK/PhJ, and WSB/EiJ",F,control,GSE120137,RRBS,True,ok,Kidney,"strain: Collaborative Cross strains, were developed by crossing eight unique and genetically diverseinbred mouse strains (A/J, C57BL/6J, 129S1/SvImJ, NOD/ShiLtJ, NZO/HlLtJ, CAST/EiJ, PWK/PhJ, and WSB/EiJ | tissue: Kidney | age: 12mo | Sex: Female"
GSM3394579,GES15-04906-790,182.52,26.074,6.0,months,months,parsed,,kidney,"Collaborative Cross strains, were developed by crossing eight unique and genetically diverseinbred mouse strains (A/J, C57BL/6J, 129S1/SvImJ, NOD/ShiLtJ, NZO/HlLtJ, CAST/EiJ, PWK/PhJ, and WSB/EiJ",F,control,GSE120137,RRBS,True,ok,Kidney,"strain: Collaborative Cross strains, were developed by crossing eight unique and genetically diverseinbred mouse strains (A/J, C57BL/6J, 129S1/SvImJ, NOD/ShiLtJ, NZO/HlLtJ, CAST/EiJ, PWK/PhJ, and WSB/EiJ | tissue: Kidney | age: 6mo | Sex: Female"
GSM3394580,GES15-04907-1061,182.52,26.074,6.0,months,months,parsed,,kidney,"Collaborative Cross strains, were developed by crossing eight unique and genetically diverseinbred mouse strains (A/J, C57BL/6J, 129S1/SvImJ, NOD/ShiLtJ, NZO/HlLtJ, CAST/EiJ, PWK/PhJ, and WSB/EiJ",M,control,GSE120137,RRBS,True,ok,Kidney,"strain: Collaborative Cross strains, were developed by crossing eight unique and genetically diverseinbred mouse strains (A/J, C57BL/6J, 129S1/SvImJ, NOD/ShiLtJ, NZO/HlLtJ, CAST/EiJ, PWK/PhJ, and WSB/EiJ | tissue: Kidney | age: 6mo | Sex: Male"
GSM3394581,GES15-04908-676,365.04,52.149,12.0,months,months,parsed,,kidney,"Collaborative Cross strains, were developed by crossing eight unique and genetically diverseinbred mouse strains (A/J, C57BL/6J, 129S1/SvImJ, NOD/ShiLtJ, NZO/HlLtJ, CAST/EiJ, PWK/PhJ, and WSB/EiJ",F,control,GSE120137,RRBS,True,ok,Kidney,"strain: Collaborative Cross strains, were developed by crossing eight unique and genetically diverseinbred mouse strains (A/J, C57BL/6J, 129S1/SvImJ, NOD/ShiLtJ, NZO/HlLtJ, CAST/EiJ, PWK/PhJ, and WSB/EiJ | tissue: Kidney | age: 12mo | Sex: Female"
GSM3394582,GES15-04909-735,365.04,52.149,12.0,months,months,parsed,,kidney,"Collaborative Cross strains, were developed by crossing eight unique and genetically diverseinbred mouse strains (A/J, C57BL/6J, 129S1/SvImJ, NOD/ShiLtJ, NZO/HlLtJ, CAST/EiJ, PWK/PhJ, and WSB/EiJ",F,control,GSE120137,RRBS,True,ok,Kidney,"strain: Collaborative Cross strains, were developed by crossing eight unique and genetically diverseinbred mouse strains (A/J, C57BL/6J, 129S1/SvImJ, NOD/ShiLtJ, NZO/HlLtJ, CAST/EiJ, PWK/PhJ, and WSB/EiJ | tissue: Kidney | age: 12mo | Sex: Female"
GSM3394583,GES15-04910-683,547.56,78.223,18.0,months,months,parsed,,kidney,"Collaborative Cross strains, were developed by crossing eight unique and genetically diverseinbred mouse strains (A/J, C57BL/6J, 129S1/SvImJ, NOD/ShiLtJ, NZO/HlLtJ, CAST/EiJ, PWK/PhJ, and WSB/EiJ",F,control,GSE120137,RRBS,True,ok,Kidney,"strain: Collaborative Cross strains, were developed by crossing eight unique and genetically diverseinbred mouse strains (A/J, C57BL/6J, 129S1/SvImJ, NOD/ShiLtJ, NZO/HlLtJ, CAST/EiJ, PWK/PhJ, and WSB/EiJ | tissue: Kidney | age: 18mo | Sex: Female"
GSM3394584,GES15-04911-787,182.52,26.074,6.0,months,months,parsed,,kidney,"Collaborative Cross strains, were developed by crossing eight unique and genetically diverseinbred mouse strains (A/J, C57BL/6J, 129S1/SvImJ, NOD/ShiLtJ, NZO/HlLtJ, CAST/EiJ, PWK/PhJ, and WSB/EiJ",F,control,GSE120137,RRBS,True,ok,Kidney,"strain: Collaborative Cross strains, were developed by crossing eight unique and genetically diverseinbred mouse strains (A/J, C57BL/6J, 129S1/SvImJ, NOD/ShiLtJ, NZO/HlLtJ, CAST/EiJ, PWK/PhJ, and WSB/EiJ | tissue: Kidney | age: 6mo | Sex: Female"
GSM3394585,GES15-04912-801,182.52,26.074,6.0,months,months,parsed,,kidney,"Collaborative Cross strains, were developed by crossing eight unique and genetically diverseinbred mouse strains (A/J, C57BL/6J, 129S1/SvImJ, NOD/ShiLtJ, NZO/HlLtJ, CAST/EiJ, PWK/PhJ, and WSB/EiJ",F,control,GSE120137,RRBS,True,ok,Kidney,"strain: Collaborative Cross strains, were developed by crossing eight unique and genetically diverseinbred mouse strains (A/J, C57BL/6J, 129S1/SvImJ, NOD/ShiLtJ, NZO/HlLtJ, CAST/EiJ, PWK/PhJ, and WSB/EiJ | tissue: Kidney | age: 6mo | Sex: Female"
GSM3394586,GES15-04913-831,182.52,26.074,6.0,months,months,parsed,,kidney,"Collaborative Cross strains, were developed by crossing eight unique and genetically diverseinbred mouse strains (A/J, C57BL/6J, 129S1/SvImJ, NOD/ShiLtJ, NZO/HlLtJ, CAST/EiJ, PWK/PhJ, and WSB/EiJ",F,control,GSE120137,RRBS,True,ok,Kidney,"strain: Collaborative Cross strains, were developed by crossing eight unique and genetically diverseinbred mouse strains (A/J, C57BL/6J, 129S1/SvImJ, NOD/ShiLtJ, NZO/HlLtJ, CAST/EiJ, PWK/PhJ, and WSB/EiJ | tissue: Kidney | age: 6mo | Sex: Female"
GSM3394587,GES15-04914-1097,182.52,26.074,6.0,months,months,parsed,,kidney,"Collaborative Cross strains, were developed by crossing eight unique and genetically diverseinbred mouse strains (A/J, C57BL/6J, 129S1/SvImJ, NOD/ShiLtJ, NZO/HlLtJ, CAST/EiJ, PWK/PhJ, and WSB/EiJ",F,control,GSE120137,RRBS,True,ok,Kidney,"strain: Collaborative Cross strains, were developed by crossing eight unique and genetically diverseinbred mouse strains (A/J, C57BL/6J, 129S1/SvImJ, NOD/ShiLtJ, NZO/HlLtJ, CAST/EiJ, PWK/PhJ, and WSB/EiJ | tissue: Kidney | age: 6mo | Sex: Female"
GSM3394588,GES15-04915-1099,182.52,26.074,6.0,months,months,parsed,,kidney,"Collaborative Cross strains, were developed by crossing eight unique and genetically diverseinbred mouse strains (A/J, C57BL/6J, 129S1/SvImJ, NOD/ShiLtJ, NZO/HlLtJ, CAST/EiJ, PWK/PhJ, and WSB/EiJ",F,control,GSE120137,RRBS,True,ok,Kidney,"strain: Collaborative Cross strains, were developed by crossing eight unique and genetically diverseinbred mouse strains (A/J, C57BL/6J, 129S1/SvImJ, NOD/ShiLtJ, NZO/HlLtJ, CAST/EiJ, PWK/PhJ, and WSB/EiJ | tissue: Kidney | age: 6mo | Sex: Female"
GSM3394589,GES15-04916-670,365.04,52.149,12.0,months,months,parsed,,kidney,"Collaborative Cross strains, were developed by crossing eight unique and genetically diverseinbred mouse strains (A/J, C57BL/6J, 129S1/SvImJ, NOD/ShiLtJ, NZO/HlLtJ, CAST/EiJ, PWK/PhJ, and WSB/EiJ",F,control,GSE120137,RRBS,True,ok,Kidney,"strain: Collaborative Cross strains, were developed by crossing eight unique and genetically diverseinbred mouse strains (A/J, C57BL/6J, 129S1/SvImJ, NOD/ShiLtJ, NZO/HlLtJ, CAST/EiJ, PWK/PhJ, and WSB/EiJ | tissue: Kidney | age: 12mo | Sex: Female"
GSM3394590,GES15-04917-774,365.04,52.149,12.0,months,months,parsed,,kidney,"Collaborative Cross strains, were developed by crossing eight unique and genetically diverseinbred mouse strains (A/J, C57BL/6J, 129S1/SvImJ, NOD/ShiLtJ, NZO/HlLtJ, CAST/EiJ, PWK/PhJ, and WSB/EiJ",F,control,GSE120137,RRBS,True,ok,Kidney,"strain: Collaborative Cross strains, were developed by crossing eight unique and genetically diverseinbred mouse strains (A/J, C57BL/6J, 129S1/SvImJ, NOD/ShiLtJ, NZO/HlLtJ, CAST/EiJ, PWK/PhJ, and WSB/EiJ | tissue: Kidney | age: 12mo | Sex: Female"
GSM3394591,GES15-04918-1210,365.04,52.149,12.0,months,months,parsed,,kidney,"Collaborative Cross strains, were developed by crossing eight unique and genetically diverseinbred mouse strains (A/J, C57BL/6J, 129S1/SvImJ, NOD/ShiLtJ, NZO/HlLtJ, CAST/EiJ, PWK/PhJ, and WSB/EiJ",F,control,GSE120137,RRBS,True,ok,Kidney,"strain: Collaborative Cross strains, were developed by crossing eight unique and genetically diverseinbred mouse strains (A/J, C57BL/6J, 129S1/SvImJ, NOD/ShiLtJ, NZO/HlLtJ, CAST/EiJ, PWK/PhJ, and WSB/EiJ | tissue: Kidney | age: 12mo | Sex: Female"
GSM3394592,GES15-04919-710,547.56,78.223,18.0,months,months,parsed,,kidney,"Collaborative Cross strains, were developed by crossing eight unique and genetically diverseinbred mouse strains (A/J, C57BL/6J, 129S1/SvImJ, NOD/ShiLtJ, NZO/HlLtJ, CAST/EiJ, PWK/PhJ, and WSB/EiJ",F,control,GSE120137,RRBS,True,ok,Kidney,"strain: Collaborative Cross strains, were developed by crossing eight unique and genetically diverseinbred mouse strains (A/J, C57BL/6J, 129S1/SvImJ, NOD/ShiLtJ, NZO/HlLtJ, CAST/EiJ, PWK/PhJ, and WSB/EiJ | tissue: Kidney | age: 18mo | Sex: Female"
GSM3394593,GES15-04920-779,547.56,78.223,18.0,months,months,parsed,,kidney,"Collaborative Cross strains, were developed by crossing eight unique and genetically diverseinbred mouse strains (A/J, C57BL/6J, 129S1/SvImJ, NOD/ShiLtJ, NZO/HlLtJ, CAST/EiJ, PWK/PhJ, and WSB/EiJ",F,control,GSE120137,RRBS,True,ok,Kidney,"strain: Collaborative Cross strains, were developed by crossing eight unique and genetically diverseinbred mouse strains (A/J, C57BL/6J, 129S1/SvImJ, NOD/ShiLtJ, NZO/HlLtJ, CAST/EiJ, PWK/PhJ, and WSB/EiJ | tissue: Kidney | age: 18mo | Sex: Female"
GSM3394594,GES15-04921-816,547.56,78.223,18.0,months,months,parsed,,kidney,"Collaborative Cross strains, were developed by crossing eight unique and genetically diverseinbred mouse strains (A/J, C57BL/6J, 129S1/SvImJ, NOD/ShiLtJ, NZO/HlLtJ, CAST/EiJ, PWK/PhJ, and WSB/EiJ",F,control,GSE120137,RRBS,True,ok,Kidney,"strain: Collaborative Cross strains, were developed by crossing eight unique and genetically diverseinbred mouse strains (A/J, C57BL/6J, 129S1/SvImJ, NOD/ShiLtJ, NZO/HlLtJ, CAST/EiJ, PWK/PhJ, and WSB/EiJ | tissue: Kidney | age: 18mo | Sex: Female"
GSM3394595,GES15-04922-1006,547.56,78.223,18.0,months,months,parsed,,kidney,"Collaborative Cross strains, were developed by crossing eight unique and genetically diverseinbred mouse strains (A/J, C57BL/6J, 129S1/SvImJ, NOD/ShiLtJ, NZO/HlLtJ, CAST/EiJ, PWK/PhJ, and WSB/EiJ",M,control,GSE120137,RRBS,True,ok,Kidney,"strain: Collaborative Cross strains, were developed by crossing eight unique and genetically diverseinbred mouse strains (A/J, C57BL/6J, 129S1/SvImJ, NOD/ShiLtJ, NZO/HlLtJ, CAST/EiJ, PWK/PhJ, and WSB/EiJ | tissue: Kidney | age: 18mo | Sex: Male"
GSM3394596,GES15-04923-1107,547.56,78.223,18.0,months,months,parsed,,kidney,"Collaborative Cross strains, were developed by crossing eight unique and genetically diverseinbred mouse strains (A/J, C57BL/6J, 129S1/SvImJ, NOD/ShiLtJ, NZO/HlLtJ, CAST/EiJ, PWK/PhJ, and WSB/EiJ",F,control,GSE120137,RRBS,True,ok,Kidney,"strain: Collaborative Cross strains, were developed by crossing eight unique and genetically diverseinbred mouse strains (A/J, C57BL/6J, 129S1/SvImJ, NOD/ShiLtJ, NZO/HlLtJ, CAST/EiJ, PWK/PhJ, and WSB/EiJ | tissue: Kidney | age: 18mo | Sex: Female"
GSM3394597,GES15-04924-789,182.52,26.074,6.0,months,months,parsed,,kidney,"Collaborative Cross strains, were developed by crossing eight unique and genetically diverseinbred mouse strains (A/J, C57BL/6J, 129S1/SvImJ, NOD/ShiLtJ, NZO/HlLtJ, CAST/EiJ, PWK/PhJ, and WSB/EiJ",F,control,GSE120137,RRBS,True,ok,Kidney,"strain: Collaborative Cross strains, were developed by crossing eight unique and genetically diverseinbred mouse strains (A/J, C57BL/6J, 129S1/SvImJ, NOD/ShiLtJ, NZO/HlLtJ, CAST/EiJ, PWK/PhJ, and WSB/EiJ | tissue: Kidney | age: 6mo | Sex: Female"
GSM3394598,GES15-04925-1098,182.52,26.074,6.0,months,months,parsed,,kidney,"Collaborative Cross strains, were developed by crossing eight unique and genetically diverseinbred mouse strains (A/J, C57BL/6J, 129S1/SvImJ, NOD/ShiLtJ, NZO/HlLtJ, CAST/EiJ, PWK/PhJ, and WSB/EiJ",F,control,GSE120137,RRBS,True,ok,Kidney,"strain: Collaborative Cross strains, were developed by crossing eight unique and genetically diverseinbred mouse strains (A/J, C57BL/6J, 129S1/SvImJ, NOD/ShiLtJ, NZO/HlLtJ, CAST/EiJ, PWK/PhJ, and WSB/EiJ | tissue: Kidney | age: 6mo | Sex: Female"
GSM3394599,GES15-04926-1121,182.52,26.074,6.0,months,months,parsed,,kidney,"Collaborative Cross strains, were developed by crossing eight unique and genetically diverseinbred mouse strains (A/J, C57BL/6J, 129S1/SvImJ, NOD/ShiLtJ, NZO/HlLtJ, CAST/EiJ, PWK/PhJ, and WSB/EiJ",F,control,GSE120137,RRBS,True,ok,Kidney,"strain: Collaborative Cross strains, were developed by crossing eight unique and genetically diverseinbred mouse strains (A/J, C57BL/6J, 129S1/SvImJ, NOD/ShiLtJ, NZO/HlLtJ, CAST/EiJ, PWK/PhJ, and WSB/EiJ | tissue: Kidney | age: 6mo | Sex: Female"
GSM3394600,GES15-04927-1140,182.52,26.074,6.0,months,months,parsed,,kidney,"Collaborative Cross strains, were developed by crossing eight unique and genetically diverseinbred mouse strains (A/J, C57BL/6J, 129S1/SvImJ, NOD/ShiLtJ, NZO/HlLtJ, CAST/EiJ, PWK/PhJ, and WSB/EiJ",F,control,GSE120137,RRBS,True,ok,Kidney,"strain: Collaborative Cross strains, were developed by crossing eight unique and genetically diverseinbred mouse strains (A/J, C57BL/6J, 129S1/SvImJ, NOD/ShiLtJ, NZO/HlLtJ, CAST/EiJ, PWK/PhJ, and WSB/EiJ | tissue: Kidney | age: 6mo | Sex: Female"
GSM3394601,GES15-04928-1250,182.52,26.074,6.0,months,months,parsed,,kidney,"Collaborative Cross strains, were developed by crossing eight unique and genetically diverseinbred mouse strains (A/J, C57BL/6J, 129S1/SvImJ, NOD/ShiLtJ, NZO/HlLtJ, CAST/EiJ, PWK/PhJ, and WSB/EiJ",F,control,GSE120137,RRBS,True,ok,Kidney,"strain: Collaborative Cross strains, were developed by crossing eight unique and genetically diverseinbred mouse strains (A/J, C57BL/6J, 129S1/SvImJ, NOD/ShiLtJ, NZO/HlLtJ, CAST/EiJ, PWK/PhJ, and WSB/EiJ | tissue: Kidney | age: 6mo | Sex: Female"
GSM3394602,GES15-04929-1307,182.52,26.074,6.0,months,months,parsed,,kidney,"Collaborative Cross strains, were developed by crossing eight unique and genetically diverseinbred mouse strains (A/J, C57BL/6J, 129S1/SvImJ, NOD/ShiLtJ, NZO/HlLtJ, CAST/EiJ, PWK/PhJ, and WSB/EiJ",M,control,GSE120137,RRBS,True,ok,Kidney,"strain: Collaborative Cross strains, were developed by crossing eight unique and genetically diverseinbred mouse strains (A/J, C57BL/6J, 129S1/SvImJ, NOD/ShiLtJ, NZO/HlLtJ, CAST/EiJ, PWK/PhJ, and WSB/EiJ | tissue: Kidney | age: 6mo | Sex: Male"
GSM3394603,GES15-04930-682,365.04,52.149,12.0,months,months,parsed,,kidney,"Collaborative Cross strains, were developed by crossing eight unique and genetically diverseinbred mouse strains (A/J, C57BL/6J, 129S1/SvImJ, NOD/ShiLtJ, NZO/HlLtJ, CAST/EiJ, PWK/PhJ, and WSB/EiJ",F,control,GSE120137,RRBS,True,ok,Kidney,"strain: Collaborative Cross strains, were developed by crossing eight unique and genetically diverseinbred mouse strains (A/J, C57BL/6J, 129S1/SvImJ, NOD/ShiLtJ, NZO/HlLtJ, CAST/EiJ, PWK/PhJ, and WSB/EiJ | tissue: Kidney | age: 12mo | Sex: Female"
GSM3394604,GES15-04931-711,365.04,52.149,12.0,months,months,parsed,,kidney,"Collaborative Cross strains, were developed by crossing eight unique and genetically diverseinbred mouse strains (A/J, C57BL/6J, 129S1/SvImJ, NOD/ShiLtJ, NZO/HlLtJ, CAST/EiJ, PWK/PhJ, and WSB/EiJ",F,control,GSE120137,RRBS,True,ok,Kidney,"strain: Collaborative Cross strains, were developed by crossing eight unique and genetically diverseinbred mouse strains (A/J, C57BL/6J, 129S1/SvImJ, NOD/ShiLtJ, NZO/HlLtJ, CAST/EiJ, PWK/PhJ, and WSB/EiJ | tissue: Kidney | age: 12mo | Sex: Female"
GSM3394605,GES15-04932-685,547.56,78.223,18.0,months,months,parsed,,kidney,"Collaborative Cross strains, were developed by crossing eight unique and genetically diverseinbred mouse strains (A/J, C57BL/6J, 129S1/SvImJ, NOD/ShiLtJ, NZO/HlLtJ, CAST/EiJ, PWK/PhJ, and WSB/EiJ",F,control,GSE120137,RRBS,True,ok,Kidney,"strain: Collaborative Cross strains, were developed by crossing eight unique and genetically diverseinbred mouse strains (A/J, C57BL/6J, 129S1/SvImJ, NOD/ShiLtJ, NZO/HlLtJ, CAST/EiJ, PWK/PhJ, and WSB/EiJ | tissue: Kidney | age: 18mo | Sex: Female"
GSM3394606,GES15-04933-692,547.56,78.223,18.0,months,months,parsed,,kidney,"Collaborative Cross strains, were developed by crossing eight unique and genetically diverseinbred mouse strains (A/J, C57BL/6J, 129S1/SvImJ, NOD/ShiLtJ, NZO/HlLtJ, CAST/EiJ, PWK/PhJ, and WSB/EiJ",F,control,GSE120137,RRBS,True,ok,Kidney,"strain: Collaborative Cross strains, were developed by crossing eight unique and genetically diverseinbred mouse strains (A/J, C57BL/6J, 129S1/SvImJ, NOD/ShiLtJ, NZO/HlLtJ, CAST/EiJ, PWK/PhJ, and WSB/EiJ | tissue: Kidney | age: 18mo | Sex: Female"
GSM3394607,GES15-04934-693,547.56,78.223,18.0,months,months,parsed,,kidney,"Collaborative Cross strains, were developed by crossing eight unique and genetically diverseinbred mouse strains (A/J, C57BL/6J, 129S1/SvImJ, NOD/ShiLtJ, NZO/HlLtJ, CAST/EiJ, PWK/PhJ, and WSB/EiJ",F,control,GSE120137,RRBS,True,ok,Kidney,"strain: Collaborative Cross strains, were developed by crossing eight unique and genetically diverseinbred mouse strains (A/J, C57BL/6J, 129S1/SvImJ, NOD/ShiLtJ, NZO/HlLtJ, CAST/EiJ, PWK/PhJ, and WSB/EiJ | tissue: Kidney | age: 18mo | Sex: Female"
GSM3394608,GES15-04935-709,547.56,78.223,18.0,months,months,parsed,,kidney,"Collaborative Cross strains, were developed by crossing eight unique and genetically diverseinbred mouse strains (A/J, C57BL/6J, 129S1/SvImJ, NOD/ShiLtJ, NZO/HlLtJ, CAST/EiJ, PWK/PhJ, and WSB/EiJ",F,control,GSE120137,RRBS,True,ok,Kidney,"strain: Collaborative Cross strains, were developed by crossing eight unique and genetically diverseinbred mouse strains (A/J, C57BL/6J, 129S1/SvImJ, NOD/ShiLtJ, NZO/HlLtJ, CAST/EiJ, PWK/PhJ, and WSB/EiJ | tissue: Kidney | age: 18mo | Sex: Female"
GSM3394609,GES15-04936-936,547.56,78.223,18.0,months,months,parsed,,kidney,"Collaborative Cross strains, were developed by crossing eight unique and genetically diverseinbred mouse strains (A/J, C57BL/6J, 129S1/SvImJ, NOD/ShiLtJ, NZO/HlLtJ, CAST/EiJ, PWK/PhJ, and WSB/EiJ",M,control,GSE120137,RRBS,True,ok,Kidney,"strain: Collaborative Cross strains, were developed by crossing eight unique and genetically diverseinbred mouse strains (A/J, C57BL/6J, 129S1/SvImJ, NOD/ShiLtJ, NZO/HlLtJ, CAST/EiJ, PWK/PhJ, and WSB/EiJ | tissue: Kidney | age: 18mo | Sex: Male"
GSM3394610,GES15-04937-937,547.56,78.223,18.0,months,months,parsed,,kidney,"Collaborative Cross strains, were developed by crossing eight unique and genetically diverseinbred mouse strains (A/J, C57BL/6J, 129S1/SvImJ, NOD/ShiLtJ, NZO/HlLtJ, CAST/EiJ, PWK/PhJ, and WSB/EiJ",M,control,GSE120137,RRBS,True,ok,Kidney,"strain: Collaborative Cross strains, were developed by crossing eight unique and genetically diverseinbred mouse strains (A/J, C57BL/6J, 129S1/SvImJ, NOD/ShiLtJ, NZO/HlLtJ, CAST/EiJ, PWK/PhJ, and WSB/EiJ | tissue: Kidney | age: 18mo | Sex: Male"
GSM3394611,GES15-04938-941,547.56,78.223,18.0,months,months,parsed,,kidney,"Collaborative Cross strains, were developed by crossing eight unique and genetically diverseinbred mouse strains (A/J, C57BL/6J, 129S1/SvImJ, NOD/ShiLtJ, NZO/HlLtJ, CAST/EiJ, PWK/PhJ, and WSB/EiJ",M,control,GSE120137,RRBS,True,ok,Kidney,"strain: Collaborative Cross strains, were developed by crossing eight unique and genetically diverseinbred mouse strains (A/J, C57BL/6J, 129S1/SvImJ, NOD/ShiLtJ, NZO/HlLtJ, CAST/EiJ, PWK/PhJ, and WSB/EiJ | tissue: Kidney | age: 18mo | Sex: Male"
GSM3394612,GES15-04939-1058,547.56,78.223,18.0,months,months,parsed,,kidney,"Collaborative Cross strains, were developed by crossing eight unique and genetically diverseinbred mouse strains (A/J, C57BL/6J, 129S1/SvImJ, NOD/ShiLtJ, NZO/HlLtJ, CAST/EiJ, PWK/PhJ, and WSB/EiJ",M,control,GSE120137,RRBS,True,ok,Kidney,"strain: Collaborative Cross strains, were developed by crossing eight unique and genetically diverseinbred mouse strains (A/J, C57BL/6J, 129S1/SvImJ, NOD/ShiLtJ, NZO/HlLtJ, CAST/EiJ, PWK/PhJ, and WSB/EiJ | tissue: Kidney | age: 18mo | Sex: Male"
GSM3394613,GES15-04940-788,182.52,26.074,6.0,months,months,parsed,,kidney,"Collaborative Cross strains, were developed by crossing eight unique and genetically diverseinbred mouse strains (A/J, C57BL/6J, 129S1/SvImJ, NOD/ShiLtJ, NZO/HlLtJ, CAST/EiJ, PWK/PhJ, and WSB/EiJ",F,control,GSE120137,RRBS,True,ok,Kidney,"strain: Collaborative Cross strains, were developed by crossing eight unique and genetically diverseinbred mouse strains (A/J, C57BL/6J, 129S1/SvImJ, NOD/ShiLtJ, NZO/HlLtJ, CAST/EiJ, PWK/PhJ, and WSB/EiJ | tissue: Kidney | age: 6mo | Sex: Female"
GSM3394614,GES15-04941-803,182.52,26.074,6.0,months,months,parsed,,kidney,"Collaborative Cross strains, were developed by crossing eight unique and genetically diverseinbred mouse strains (A/J, C57BL/6J, 129S1/SvImJ, NOD/ShiLtJ, NZO/HlLtJ, CAST/EiJ, PWK/PhJ, and WSB/EiJ",F,control,GSE120137,RRBS,True,ok,Kidney,"strain: Collaborative Cross strains, were developed by crossing eight unique and genetically diverseinbred mouse strains (A/J, C57BL/6J, 129S1/SvImJ, NOD/ShiLtJ, NZO/HlLtJ, CAST/EiJ, PWK/PhJ, and WSB/EiJ | tissue: Kidney | age: 6mo | Sex: Female"
GSM3394615,GES15-04942-1078,182.52,26.074,6.0,months,months,parsed,,kidney,"Collaborative Cross strains, were developed by crossing eight unique and genetically diverseinbred mouse strains (A/J, C57BL/6J, 129S1/SvImJ, NOD/ShiLtJ, NZO/HlLtJ, CAST/EiJ, PWK/PhJ, and WSB/EiJ",M,control,GSE120137,RRBS,True,ok,Kidney,"strain: Collaborative Cross strains, were developed by crossing eight unique and genetically diverseinbred mouse strains (A/J, C57BL/6J, 129S1/SvImJ, NOD/ShiLtJ, NZO/HlLtJ, CAST/EiJ, PWK/PhJ, and WSB/EiJ | tissue: Kidney | age: 6mo | Sex: Male"
GSM3394616,GES15-04943-1100,182.52,26.074,6.0,months,months,parsed,,kidney,"Collaborative Cross strains, were developed by crossing eight unique and genetically diverseinbred mouse strains (A/J, C57BL/6J, 129S1/SvImJ, NOD/ShiLtJ, NZO/HlLtJ, CAST/EiJ, PWK/PhJ, and WSB/EiJ",F,control,GSE120137,RRBS,True,ok,Kidney,"strain: Collaborative Cross strains, were developed by crossing eight unique and genetically diverseinbred mouse strains (A/J, C57BL/6J, 129S1/SvImJ, NOD/ShiLtJ, NZO/HlLtJ, CAST/EiJ, PWK/PhJ, and WSB/EiJ | tissue: Kidney | age: 6mo | Sex: Female"
GSM3394617,GES15-04944-1118,182.52,26.074,6.0,months,months,parsed,,kidney,"Collaborative Cross strains, were developed by crossing eight unique and genetically diverseinbred mouse strains (A/J, C57BL/6J, 129S1/SvImJ, NOD/ShiLtJ, NZO/HlLtJ, CAST/EiJ, PWK/PhJ, and WSB/EiJ",F,control,GSE120137,RRBS,True,ok,Kidney,"strain: Collaborative Cross strains, were developed by crossing eight unique and genetically diverseinbred mouse strains (A/J, C57BL/6J, 129S1/SvImJ, NOD/ShiLtJ, NZO/HlLtJ, CAST/EiJ, PWK/PhJ, and WSB/EiJ | tissue: Kidney | age: 6mo | Sex: Female"
GSM3394618,GES15-04945-1172,182.52,26.074,6.0,months,months,parsed,,kidney,"Collaborative Cross strains, were developed by crossing eight unique and genetically diverseinbred mouse strains (A/J, C57BL/6J, 129S1/SvImJ, NOD/ShiLtJ, NZO/HlLtJ, CAST/EiJ, PWK/PhJ, and WSB/EiJ",M,control,GSE120137,RRBS,True,ok,Kidney,"strain: Collaborative Cross strains, were developed by crossing eight unique and genetically diverseinbred mouse strains (A/J, C57BL/6J, 129S1/SvImJ, NOD/ShiLtJ, NZO/HlLtJ, CAST/EiJ, PWK/PhJ, and WSB/EiJ | tissue: Kidney | age: 6mo | Sex: Male"
GSM3394619,GES15-04946-1174,182.52,26.074,6.0,months,months,parsed,,kidney,"Collaborative Cross strains, were developed by crossing eight unique and genetically diverseinbred mouse strains (A/J, C57BL/6J, 129S1/SvImJ, NOD/ShiLtJ, NZO/HlLtJ, CAST/EiJ, PWK/PhJ, and WSB/EiJ",M,control,GSE120137,RRBS,True,ok,Kidney,"strain: Collaborative Cross strains, were developed by crossing eight unique and genetically diverseinbred mouse strains (A/J, C57BL/6J, 129S1/SvImJ, NOD/ShiLtJ, NZO/HlLtJ, CAST/EiJ, PWK/PhJ, and WSB/EiJ | tissue: Kidney | age: 6mo | Sex: Male"
GSM3394620,GES15-04947-1191,182.52,26.074,6.0,months,months,parsed,,kidney,"Collaborative Cross strains, were developed by crossing eight unique and genetically diverseinbred mouse strains (A/J, C57BL/6J, 129S1/SvImJ, NOD/ShiLtJ, NZO/HlLtJ, CAST/EiJ, PWK/PhJ, and WSB/EiJ",M,control,GSE120137,RRBS,True,ok,Kidney,"strain: Collaborative Cross strains, were developed by crossing eight unique and genetically diverseinbred mouse strains (A/J, C57BL/6J, 129S1/SvImJ, NOD/ShiLtJ, NZO/HlLtJ, CAST/EiJ, PWK/PhJ, and WSB/EiJ | tissue: Kidney | age: 6mo | Sex: Male"
GSM3394621,GES15-04948-1197,182.52,26.074,6.0,months,months,parsed,,kidney,"Collaborative Cross strains, were developed by crossing eight unique and genetically diverseinbred mouse strains (A/J, C57BL/6J, 129S1/SvImJ, NOD/ShiLtJ, NZO/HlLtJ, CAST/EiJ, PWK/PhJ, and WSB/EiJ",M,control,GSE120137,RRBS,True,ok,Kidney,"strain: Collaborative Cross strains, were developed by crossing eight unique and genetically diverseinbred mouse strains (A/J, C57BL/6J, 129S1/SvImJ, NOD/ShiLtJ, NZO/HlLtJ, CAST/EiJ, PWK/PhJ, and WSB/EiJ | tissue: Kidney | age: 6mo | Sex: Male"
GSM3394622,GES15-04949-1201,182.52,26.074,6.0,months,months,parsed,,kidney,"Collaborative Cross strains, were developed by crossing eight unique and genetically diverseinbred mouse strains (A/J, C57BL/6J, 129S1/SvImJ, NOD/ShiLtJ, NZO/HlLtJ, CAST/EiJ, PWK/PhJ, and WSB/EiJ",F,control,GSE120137,RRBS,True,ok,Kidney,"strain: Collaborative Cross strains, were developed by crossing eight unique and genetically diverseinbred mouse strains (A/J, C57BL/6J, 129S1/SvImJ, NOD/ShiLtJ, NZO/HlLtJ, CAST/EiJ, PWK/PhJ, and WSB/EiJ | tissue: Kidney | age: 6mo | Sex: Female"
GSM3394623,GES15-04950-1224,182.52,26.074,6.0,months,months,parsed,,kidney,"Collaborative Cross strains, were developed by crossing eight unique and genetically diverseinbred mouse strains (A/J, C57BL/6J, 129S1/SvImJ, NOD/ShiLtJ, NZO/HlLtJ, CAST/EiJ, PWK/PhJ, and WSB/EiJ",F,control,GSE120137,RRBS,True,ok,Kidney,"strain: Collaborative Cross strains, were developed by crossing eight unique and genetically diverseinbred mouse strains (A/J, C57BL/6J, 129S1/SvImJ, NOD/ShiLtJ, NZO/HlLtJ, CAST/EiJ, PWK/PhJ, and WSB/EiJ | tissue: Kidney | age: 6mo | Sex: Female"
GSM3394624,GES15-04952-1242,182.52,26.074,6.0,months,months,parsed,,kidney,"Collaborative Cross strains, were developed by crossing eight unique and genetically diverseinbred mouse strains (A/J, C57BL/6J, 129S1/SvImJ, NOD/ShiLtJ, NZO/HlLtJ, CAST/EiJ, PWK/PhJ, and WSB/EiJ",F,control,GSE120137,RRBS,True,ok,Kidney,"strain: Collaborative Cross strains, were developed by crossing eight unique and genetically diverseinbred mouse strains (A/J, C57BL/6J, 129S1/SvImJ, NOD/ShiLtJ, NZO/HlLtJ, CAST/EiJ, PWK/PhJ, and WSB/EiJ | tissue: Kidney | age: 6mo | Sex: Female"
GSM3394625,GES15-04953-1247,182.52,26.074,6.0,months,months,parsed,,kidney,"Collaborative Cross strains, were developed by crossing eight unique and genetically diverseinbred mouse strains (A/J, C57BL/6J, 129S1/SvImJ, NOD/ShiLtJ, NZO/HlLtJ, CAST/EiJ, PWK/PhJ, and WSB/EiJ",F,control,GSE120137,RRBS,True,ok,Kidney,"strain: Collaborative Cross strains, were developed by crossing eight unique and genetically diverseinbred mouse strains (A/J, C57BL/6J, 129S1/SvImJ, NOD/ShiLtJ, NZO/HlLtJ, CAST/EiJ, PWK/PhJ, and WSB/EiJ | tissue: Kidney | age: 6mo | Sex: Female"
GSM3394626,GES15-04954-1265,182.52,26.074,6.0,months,months,parsed,,kidney,"Collaborative Cross strains, were developed by crossing eight unique and genetically diverseinbred mouse strains (A/J, C57BL/6J, 129S1/SvImJ, NOD/ShiLtJ, NZO/HlLtJ, CAST/EiJ, PWK/PhJ, and WSB/EiJ",M,control,GSE120137,RRBS,True,ok,Kidney,"strain: Collaborative Cross strains, were developed by crossing eight unique and genetically diverseinbred mouse strains (A/J, C57BL/6J, 129S1/SvImJ, NOD/ShiLtJ, NZO/HlLtJ, CAST/EiJ, PWK/PhJ, and WSB/EiJ | tissue: Kidney | age: 6mo | Sex: Male"
GSM3394627,GES15-04955-1309,182.52,26.074,6.0,months,months,parsed,,kidney,"Collaborative Cross strains, were developed by crossing eight unique and genetically diverseinbred mouse strains (A/J, C57BL/6J, 129S1/SvImJ, NOD/ShiLtJ, NZO/HlLtJ, CAST/EiJ, PWK/PhJ, and WSB/EiJ",M,control,GSE120137,RRBS,True,ok,Kidney,"strain: Collaborative Cross strains, were developed by crossing eight unique and genetically diverseinbred mouse strains (A/J, C57BL/6J, 129S1/SvImJ, NOD/ShiLtJ, NZO/HlLtJ, CAST/EiJ, PWK/PhJ, and WSB/EiJ | tissue: Kidney | age: 6mo | Sex: Male"
GSM3394628,GES15-04956-1318,182.52,26.074,6.0,months,months,parsed,,kidney,"Collaborative Cross strains, were developed by crossing eight unique and genetically diverseinbred mouse strains (A/J, C57BL/6J, 129S1/SvImJ, NOD/ShiLtJ, NZO/HlLtJ, CAST/EiJ, PWK/PhJ, and WSB/EiJ",M,control,GSE120137,RRBS,True,ok,Kidney,"strain: Collaborative Cross strains, were developed by crossing eight unique and genetically diverseinbred mouse strains (A/J, C57BL/6J, 129S1/SvImJ, NOD/ShiLtJ, NZO/HlLtJ, CAST/EiJ, PWK/PhJ, and WSB/EiJ | tissue: Kidney | age: 6mo | Sex: Male"
GSM3394629,GES15-04957-677,365.04,52.149,12.0,months,months,parsed,,kidney,"Collaborative Cross strains, were developed by crossing eight unique and genetically diverseinbred mouse strains (A/J, C57BL/6J, 129S1/SvImJ, NOD/ShiLtJ, NZO/HlLtJ, CAST/EiJ, PWK/PhJ, and WSB/EiJ",F,control,GSE120137,RRBS,True,ok,Kidney,"strain: Collaborative Cross strains, were developed by crossing eight unique and genetically diverseinbred mouse strains (A/J, C57BL/6J, 129S1/SvImJ, NOD/ShiLtJ, NZO/HlLtJ, CAST/EiJ, PWK/PhJ, and WSB/EiJ | tissue: Kidney | age: 12mo | Sex: Female"
GSM3394630,GES15-04958-704,365.04,52.149,12.0,months,months,parsed,,kidney,"Collaborative Cross strains, were developed by crossing eight unique and genetically diverseinbred mouse strains (A/J, C57BL/6J, 129S1/SvImJ, NOD/ShiLtJ, NZO/HlLtJ, CAST/EiJ, PWK/PhJ, and WSB/EiJ",F,control,GSE120137,RRBS,True,ok,Kidney,"strain: Collaborative Cross strains, were developed by crossing eight unique and genetically diverseinbred mouse strains (A/J, C57BL/6J, 129S1/SvImJ, NOD/ShiLtJ, NZO/HlLtJ, CAST/EiJ, PWK/PhJ, and WSB/EiJ | tissue: Kidney | age: 12mo | Sex: Female"
GSM3394631,GES15-04959-719,365.04,52.149,12.0,months,months,parsed,,kidney,"Collaborative Cross strains, were developed by crossing eight unique and genetically diverseinbred mouse strains (A/J, C57BL/6J, 129S1/SvImJ, NOD/ShiLtJ, NZO/HlLtJ, CAST/EiJ, PWK/PhJ, and WSB/EiJ",F,control,GSE120137,RRBS,True,ok,Kidney,"strain: Collaborative Cross strains, were developed by crossing eight unique and genetically diverseinbred mouse strains (A/J, C57BL/6J, 129S1/SvImJ, NOD/ShiLtJ, NZO/HlLtJ, CAST/EiJ, PWK/PhJ, and WSB/EiJ | tissue: Kidney | age: 12mo | Sex: Female"
GSM3394632,GES15-04960-746,365.04,52.149,12.0,months,months,parsed,,kidney,"Collaborative Cross strains, were developed by crossing eight unique and genetically diverseinbred mouse strains (A/J, C57BL/6J, 129S1/SvImJ, NOD/ShiLtJ, NZO/HlLtJ, CAST/EiJ, PWK/PhJ, and WSB/EiJ",F,control,GSE120137,RRBS,True,ok,Kidney,"strain: Collaborative Cross strains, were developed by crossing eight unique and genetically diverseinbred mouse strains (A/J, C57BL/6J, 129S1/SvImJ, NOD/ShiLtJ, NZO/HlLtJ, CAST/EiJ, PWK/PhJ, and WSB/EiJ | tissue: Kidney | age: 12mo | Sex: Female"
GSM3394633,GES15-04961-756,365.04,52.149,12.0,months,months,parsed,,kidney,"Collaborative Cross strains, were developed by crossing eight unique and genetically diverseinbred mouse strains (A/J, C57BL/6J, 129S1/SvImJ, NOD/ShiLtJ, NZO/HlLtJ, CAST/EiJ, PWK/PhJ, and WSB/EiJ",F,control,GSE120137,RRBS,True,ok,Kidney,"strain: Collaborative Cross strains, were developed by crossing eight unique and genetically diverseinbred mouse strains (A/J, C57BL/6J, 129S1/SvImJ, NOD/ShiLtJ, NZO/HlLtJ, CAST/EiJ, PWK/PhJ, and WSB/EiJ | tissue: Kidney | age: 12mo | Sex: Female"
GSM3394634,GES15-04962-760,365.04,52.149,12.0,months,months,parsed,,kidney,"Collaborative Cross strains, were developed by crossing eight unique and genetically diverseinbred mouse strains (A/J, C57BL/6J, 129S1/SvImJ, NOD/ShiLtJ, NZO/HlLtJ, CAST/EiJ, PWK/PhJ, and WSB/EiJ",F,control,GSE120137,RRBS,True,ok,Kidney,"strain: Collaborative Cross strains, were developed by crossing eight unique and genetically diverseinbred mouse strains (A/J, C57BL/6J, 129S1/SvImJ, NOD/ShiLtJ, NZO/HlLtJ, CAST/EiJ, PWK/PhJ, and WSB/EiJ | tissue: Kidney | age: 12mo | Sex: Female"
GSM3394635,GES15-04963-823,365.04,52.149,12.0,months,months,parsed,,kidney,"Collaborative Cross strains, were developed by crossing eight unique and genetically diverseinbred mouse strains (A/J, C57BL/6J, 129S1/SvImJ, NOD/ShiLtJ, NZO/HlLtJ, CAST/EiJ, PWK/PhJ, and WSB/EiJ",F,control,GSE120137,RRBS,True,ok,Kidney,"strain: Collaborative Cross strains, were developed by crossing eight unique and genetically diverseinbred mouse strains (A/J, C57BL/6J, 129S1/SvImJ, NOD/ShiLtJ, NZO/HlLtJ, CAST/EiJ, PWK/PhJ, and WSB/EiJ | tissue: Kidney | age: 12mo | Sex: Female"
GSM3394636,GES15-04964-907,365.04,52.149,12.0,months,months,parsed,,kidney,"Collaborative Cross strains, were developed by crossing eight unique and genetically diverseinbred mouse strains (A/J, C57BL/6J, 129S1/SvImJ, NOD/ShiLtJ, NZO/HlLtJ, CAST/EiJ, PWK/PhJ, and WSB/EiJ",M,control,GSE120137,RRBS,True,ok,Kidney,"strain: Collaborative Cross strains, were developed by crossing eight unique and genetically diverseinbred mouse strains (A/J, C57BL/6J, 129S1/SvImJ, NOD/ShiLtJ, NZO/HlLtJ, CAST/EiJ, PWK/PhJ, and WSB/EiJ | tissue: Kidney | age: 12mo | Sex: Male"
GSM3394637,GES15-04965-989,365.04,52.149,12.0,months,months,parsed,,kidney,"Collaborative Cross strains, were developed by crossing eight unique and genetically diverseinbred mouse strains (A/J, C57BL/6J, 129S1/SvImJ, NOD/ShiLtJ, NZO/HlLtJ, CAST/EiJ, PWK/PhJ, and WSB/EiJ",M,control,GSE120137,RRBS,True,ok,Kidney,"strain: Collaborative Cross strains, were developed by crossing eight unique and genetically diverseinbred mouse strains (A/J, C57BL/6J, 129S1/SvImJ, NOD/ShiLtJ, NZO/HlLtJ, CAST/EiJ, PWK/PhJ, and WSB/EiJ | tissue: Kidney | age: 12mo | Sex: Male"
GSM3394638,GES15-04966-1023,365.04,52.149,12.0,months,months,parsed,,kidney,"Collaborative Cross strains, were developed by crossing eight unique and genetically diverseinbred mouse strains (A/J, C57BL/6J, 129S1/SvImJ, NOD/ShiLtJ, NZO/HlLtJ, CAST/EiJ, PWK/PhJ, and WSB/EiJ",M,control,GSE120137,RRBS,True,ok,Kidney,"strain: Collaborative Cross strains, were developed by crossing eight unique and genetically diverseinbred mouse strains (A/J, C57BL/6J, 129S1/SvImJ, NOD/ShiLtJ, NZO/HlLtJ, CAST/EiJ, PWK/PhJ, and WSB/EiJ | tissue: Kidney | age: 12mo | Sex: Male"
GSM3394639,GES15-04967-1114,365.04,52.149,12.0,months,months,parsed,,kidney,"Collaborative Cross strains, were developed by crossing eight unique and genetically diverseinbred mouse strains (A/J, C57BL/6J, 129S1/SvImJ, NOD/ShiLtJ, NZO/HlLtJ, CAST/EiJ, PWK/PhJ, and WSB/EiJ",F,control,GSE120137,RRBS,True,ok,Kidney,"strain: Collaborative Cross strains, were developed by crossing eight unique and genetically diverseinbred mouse strains (A/J, C57BL/6J, 129S1/SvImJ, NOD/ShiLtJ, NZO/HlLtJ, CAST/EiJ, PWK/PhJ, and WSB/EiJ | tissue: Kidney | age: 12mo | Sex: Female"
GSM3394640,GES15-04968-1163,365.04,52.149,12.0,months,months,parsed,,kidney,"Collaborative Cross strains, were developed by crossing eight unique and genetically diverseinbred mouse strains (A/J, C57BL/6J, 129S1/SvImJ, NOD/ShiLtJ, NZO/HlLtJ, CAST/EiJ, PWK/PhJ, and WSB/EiJ",M,control,GSE120137,RRBS,True,ok,Kidney,"strain: Collaborative Cross strains, were developed by crossing eight unique and genetically diverseinbred mouse strains (A/J, C57BL/6J, 129S1/SvImJ, NOD/ShiLtJ, NZO/HlLtJ, CAST/EiJ, PWK/PhJ, and WSB/EiJ | tissue: Kidney | age: 12mo | Sex: Male"
GSM3394641,GES15-04969-1213,365.04,52.149,12.0,months,months,parsed,,kidney,"Collaborative Cross strains, were developed by crossing eight unique and genetically diverseinbred mouse strains (A/J, C57BL/6J, 129S1/SvImJ, NOD/ShiLtJ, NZO/HlLtJ, CAST/EiJ, PWK/PhJ, and WSB/EiJ",F,control,GSE120137,RRBS,True,ok,Kidney,"strain: Collaborative Cross strains, were developed by crossing eight unique and genetically diverseinbred mouse strains (A/J, C57BL/6J, 129S1/SvImJ, NOD/ShiLtJ, NZO/HlLtJ, CAST/EiJ, PWK/PhJ, and WSB/EiJ | tissue: Kidney | age: 12mo | Sex: Female"
GSM3394642,GES15-04970-1215,365.04,52.149,12.0,months,months,parsed,,kidney,"Collaborative Cross strains, were developed by crossing eight unique and genetically diverseinbred mouse strains (A/J, C57BL/6J, 129S1/SvImJ, NOD/ShiLtJ, NZO/HlLtJ, CAST/EiJ, PWK/PhJ, and WSB/EiJ",F,control,GSE120137,RRBS,True,ok,Kidney,"strain: Collaborative Cross strains, were developed by crossing eight unique and genetically diverseinbred mouse strains (A/J, C57BL/6J, 129S1/SvImJ, NOD/ShiLtJ, NZO/HlLtJ, CAST/EiJ, PWK/PhJ, and WSB/EiJ | tissue: Kidney | age: 12mo | Sex: Female"
GSM3394643,GES15-04971-1279,365.04,52.149,12.0,months,months,parsed,,kidney,"Collaborative Cross strains, were developed by crossing eight unique and genetically diverseinbred mouse strains (A/J, C57BL/6J, 129S1/SvImJ, NOD/ShiLtJ, NZO/HlLtJ, CAST/EiJ, PWK/PhJ, and WSB/EiJ",M,control,GSE120137,RRBS,True,ok,Kidney,"strain: Collaborative Cross strains, were developed by crossing eight unique and genetically diverseinbred mouse strains (A/J, C57BL/6J, 129S1/SvImJ, NOD/ShiLtJ, NZO/HlLtJ, CAST/EiJ, PWK/PhJ, and WSB/EiJ | tissue: Kidney | age: 12mo | Sex: Male"
GSM3394644,GES15-04972-765,547.56,78.223,18.0,months,months,parsed,,kidney,"Collaborative Cross strains, were developed by crossing eight unique and genetically diverseinbred mouse strains (A/J, C57BL/6J, 129S1/SvImJ, NOD/ShiLtJ, NZO/HlLtJ, CAST/EiJ, PWK/PhJ, and WSB/EiJ",F,control,GSE120137,RRBS,True,ok,Kidney,"strain: Collaborative Cross strains, were developed by crossing eight unique and genetically diverseinbred mouse strains (A/J, C57BL/6J, 129S1/SvImJ, NOD/ShiLtJ, NZO/HlLtJ, CAST/EiJ, PWK/PhJ, and WSB/EiJ | tissue: Kidney | age: 18mo | Sex: Female"
GSM3394645,GES15-04973-767,547.56,78.223,18.0,months,months,parsed,,kidney,"Collaborative Cross strains, were developed by crossing eight unique and genetically diverseinbred mouse strains (A/J, C57BL/6J, 129S1/SvImJ, NOD/ShiLtJ, NZO/HlLtJ, CAST/EiJ, PWK/PhJ, and WSB/EiJ",F,control,GSE120137,RRBS,True,ok,Kidney,"strain: Collaborative Cross strains, were developed by crossing eight unique and genetically diverseinbred mouse strains (A/J, C57BL/6J, 129S1/SvImJ, NOD/ShiLtJ, NZO/HlLtJ, CAST/EiJ, PWK/PhJ, and WSB/EiJ | tissue: Kidney | age: 18mo | Sex: Female"
GSM3394646,GES15-04974-781,547.56,78.223,18.0,months,months,parsed,,kidney,"Collaborative Cross strains, were developed by crossing eight unique and genetically diverseinbred mouse strains (A/J, C57BL/6J, 129S1/SvImJ, NOD/ShiLtJ, NZO/HlLtJ, CAST/EiJ, PWK/PhJ, and WSB/EiJ",F,control,GSE120137,RRBS,True,ok,Kidney,"strain: Collaborative Cross strains, were developed by crossing eight unique and genetically diverseinbred mouse strains (A/J, C57BL/6J, 129S1/SvImJ, NOD/ShiLtJ, NZO/HlLtJ, CAST/EiJ, PWK/PhJ, and WSB/EiJ | tissue: Kidney | age: 18mo | Sex: Female"
GSM3394647,GES15-04975-795,547.56,78.223,18.0,months,months,parsed,,kidney,"Collaborative Cross strains, were developed by crossing eight unique and genetically diverseinbred mouse strains (A/J, C57BL/6J, 129S1/SvImJ, NOD/ShiLtJ, NZO/HlLtJ, CAST/EiJ, PWK/PhJ, and WSB/EiJ",F,control,GSE120137,RRBS,True,ok,Kidney,"strain: Collaborative Cross strains, were developed by crossing eight unique and genetically diverseinbred mouse strains (A/J, C57BL/6J, 129S1/SvImJ, NOD/ShiLtJ, NZO/HlLtJ, CAST/EiJ, PWK/PhJ, and WSB/EiJ | tissue: Kidney | age: 18mo | Sex: Female"
GSM3394648,GES15-04976-929,547.56,78.223,18.0,months,months,parsed,,kidney,"Collaborative Cross strains, were developed by crossing eight unique and genetically diverseinbred mouse strains (A/J, C57BL/6J, 129S1/SvImJ, NOD/ShiLtJ, NZO/HlLtJ, CAST/EiJ, PWK/PhJ, and WSB/EiJ",M,control,GSE120137,RRBS,True,ok,Kidney,"strain: Collaborative Cross strains, were developed by crossing eight unique and genetically diverseinbred mouse strains (A/J, C57BL/6J, 129S1/SvImJ, NOD/ShiLtJ, NZO/HlLtJ, CAST/EiJ, PWK/PhJ, and WSB/EiJ | tissue: Kidney | age: 18mo | Sex: Male"
GSM3394649,GES15-04977-969,547.56,78.223,18.0,months,months,parsed,,kidney,"Collaborative Cross strains, were developed by crossing eight unique and genetically diverseinbred mouse strains (A/J, C57BL/6J, 129S1/SvImJ, NOD/ShiLtJ, NZO/HlLtJ, CAST/EiJ, PWK/PhJ, and WSB/EiJ",M,control,GSE120137,RRBS,True,ok,Kidney,"strain: Collaborative Cross strains, were developed by crossing eight unique and genetically diverseinbred mouse strains (A/J, C57BL/6J, 129S1/SvImJ, NOD/ShiLtJ, NZO/HlLtJ, CAST/EiJ, PWK/PhJ, and WSB/EiJ | tissue: Kidney | age: 18mo | Sex: Male"
GSM3394650,GES15-04978-972,547.56,78.223,18.0,months,months,parsed,,kidney,"Collaborative Cross strains, were developed by crossing eight unique and genetically diverseinbred mouse strains (A/J, C57BL/6J, 129S1/SvImJ, NOD/ShiLtJ, NZO/HlLtJ, CAST/EiJ, PWK/PhJ, and WSB/EiJ",M,control,GSE120137,RRBS,True,ok,Kidney,"strain: Collaborative Cross strains, were developed by crossing eight unique and genetically diverseinbred mouse strains (A/J, C57BL/6J, 129S1/SvImJ, NOD/ShiLtJ, NZO/HlLtJ, CAST/EiJ, PWK/PhJ, and WSB/EiJ | tissue: Kidney | age: 18mo | Sex: Male"
GSM3394651,GES15-04979-1057,547.56,78.223,18.0,months,months,parsed,,kidney,"Collaborative Cross strains, were developed by crossing eight unique and genetically diverseinbred mouse strains (A/J, C57BL/6J, 129S1/SvImJ, NOD/ShiLtJ, NZO/HlLtJ, CAST/EiJ, PWK/PhJ, and WSB/EiJ",M,control,GSE120137,RRBS,True,ok,Kidney,"strain: Collaborative Cross strains, were developed by crossing eight unique and genetically diverseinbred mouse strains (A/J, C57BL/6J, 129S1/SvImJ, NOD/ShiLtJ, NZO/HlLtJ, CAST/EiJ, PWK/PhJ, and WSB/EiJ | tissue: Kidney | age: 18mo | Sex: Male"
GSM3394652,GES15-04980-1135,547.56,78.223,18.0,months,months,parsed,,kidney,"Collaborative Cross strains, were developed by crossing eight unique and genetically diverseinbred mouse strains (A/J, C57BL/6J, 129S1/SvImJ, NOD/ShiLtJ, NZO/HlLtJ, CAST/EiJ, PWK/PhJ, and WSB/EiJ",F,control,GSE120137,RRBS,True,ok,Kidney,"strain: Collaborative Cross strains, were developed by crossing eight unique and genetically diverseinbred mouse strains (A/J, C57BL/6J, 129S1/SvImJ, NOD/ShiLtJ, NZO/HlLtJ, CAST/EiJ, PWK/PhJ, and WSB/EiJ | tissue: Kidney | age: 18mo | Sex: Female"
GSM3394653,GES15-04981-1159,547.56,78.223,18.0,months,months,parsed,,kidney,"Collaborative Cross strains, were developed by crossing eight unique and genetically diverseinbred mouse strains (A/J, C57BL/6J, 129S1/SvImJ, NOD/ShiLtJ, NZO/HlLtJ, CAST/EiJ, PWK/PhJ, and WSB/EiJ",M,control,GSE120137,RRBS,True,ok,Kidney,"strain: Collaborative Cross strains, were developed by crossing eight unique and genetically diverseinbred mouse strains (A/J, C57BL/6J, 129S1/SvImJ, NOD/ShiLtJ, NZO/HlLtJ, CAST/EiJ, PWK/PhJ, and WSB/EiJ | tissue: Kidney | age: 18mo | Sex: Male"
GSM3394654,GES15-04982-804,182.52,26.074,6.0,months,months,parsed,,kidney,"Collaborative Cross strains, were developed by crossing eight unique and genetically diverseinbred mouse strains (A/J, C57BL/6J, 129S1/SvImJ, NOD/ShiLtJ, NZO/HlLtJ, CAST/EiJ, PWK/PhJ, and WSB/EiJ",F,control,GSE120137,RRBS,True,ok,Kidney,"strain: Collaborative Cross strains, were developed by crossing eight unique and genetically diverseinbred mouse strains (A/J, C57BL/6J, 129S1/SvImJ, NOD/ShiLtJ, NZO/HlLtJ, CAST/EiJ, PWK/PhJ, and WSB/EiJ | tissue: Kidney | age: 6mo | Sex: Female"
GSM3394655,GES15-04983-1042,182.52,26.074,6.0,months,months,parsed,,kidney,"Collaborative Cross strains, were developed by crossing eight unique and genetically diverseinbred mouse strains (A/J, C57BL/6J, 129S1/SvImJ, NOD/ShiLtJ, NZO/HlLtJ, CAST/EiJ, PWK/PhJ, and WSB/EiJ",M,control,GSE120137,RRBS,True,ok,Kidney,"strain: Collaborative Cross strains, were developed by crossing eight unique and genetically diverseinbred mouse strains (A/J, C57BL/6J, 129S1/SvImJ, NOD/ShiLtJ, NZO/HlLtJ, CAST/EiJ, PWK/PhJ, and WSB/EiJ | tissue: Kidney | age: 6mo | Sex: Male"
GSM3394656,GES15-04984-1076,182.52,26.074,6.0,months,months,parsed,,kidney,"Collaborative Cross strains, were developed by crossing eight unique and genetically diverseinbred mouse strains (A/J, C57BL/6J, 129S1/SvImJ, NOD/ShiLtJ, NZO/HlLtJ, CAST/EiJ, PWK/PhJ, and WSB/EiJ",M,control,GSE120137,RRBS,True,ok,Kidney,"strain: Collaborative Cross strains, were developed by crossing eight unique and genetically diverseinbred mouse strains (A/J, C57BL/6J, 129S1/SvImJ, NOD/ShiLtJ, NZO/HlLtJ, CAST/EiJ, PWK/PhJ, and WSB/EiJ | tissue: Kidney | age: 6mo | Sex: Male"
GSM3394657,GES15-04985-1138,182.52,26.074,6.0,months,months,parsed,,kidney,"Collaborative Cross strains, were developed by crossing eight unique and genetically diverseinbred mouse strains (A/J, C57BL/6J, 129S1/SvImJ, NOD/ShiLtJ, NZO/HlLtJ, CAST/EiJ, PWK/PhJ, and WSB/EiJ",F,control,GSE120137,RRBS,True,ok,Kidney,"strain: Collaborative Cross strains, were developed by crossing eight unique and genetically diverseinbred mouse strains (A/J, C57BL/6J, 129S1/SvImJ, NOD/ShiLtJ, NZO/HlLtJ, CAST/EiJ, PWK/PhJ, and WSB/EiJ | tissue: Kidney | age: 6mo | Sex: Female"
GSM3394658,GES15-04986-1153,182.52,26.074,6.0,months,months,parsed,,kidney,"Collaborative Cross strains, were developed by crossing eight unique and genetically diverseinbred mouse strains (A/J, C57BL/6J, 129S1/SvImJ, NOD/ShiLtJ, NZO/HlLtJ, CAST/EiJ, PWK/PhJ, and WSB/EiJ",M,control,GSE120137,RRBS,True,ok,Kidney,"strain: Collaborative Cross strains, were developed by crossing eight unique and genetically diverseinbred mouse strains (A/J, C57BL/6J, 129S1/SvImJ, NOD/ShiLtJ, NZO/HlLtJ, CAST/EiJ, PWK/PhJ, and WSB/EiJ | tissue: Kidney | age: 6mo | Sex: Male"
GSM3394659,GES15-04987-1193,182.52,26.074,6.0,months,months,parsed,,kidney,"Collaborative Cross strains, were developed by crossing eight unique and genetically diverseinbred mouse strains (A/J, C57BL/6J, 129S1/SvImJ, NOD/ShiLtJ, NZO/HlLtJ, CAST/EiJ, PWK/PhJ, and WSB/EiJ",M,control,GSE120137,RRBS,True,ok,Kidney,"strain: Collaborative Cross strains, were developed by crossing eight unique and genetically diverseinbred mouse strains (A/J, C57BL/6J, 129S1/SvImJ, NOD/ShiLtJ, NZO/HlLtJ, CAST/EiJ, PWK/PhJ, and WSB/EiJ | tissue: Kidney | age: 6mo | Sex: Male"
GSM3394660,GES15-04988-1196,182.52,26.074,6.0,months,months,parsed,,kidney,"Collaborative Cross strains, were developed by crossing eight unique and genetically diverseinbred mouse strains (A/J, C57BL/6J, 129S1/SvImJ, NOD/ShiLtJ, NZO/HlLtJ, CAST/EiJ, PWK/PhJ, and WSB/EiJ",M,control,GSE120137,RRBS,True,ok,Kidney,"strain: Collaborative Cross strains, were developed by crossing eight unique and genetically diverseinbred mouse strains (A/J, C57BL/6J, 129S1/SvImJ, NOD/ShiLtJ, NZO/HlLtJ, CAST/EiJ, PWK/PhJ, and WSB/EiJ | tissue: Kidney | age: 6mo | Sex: Male"
GSM3394661,GES15-04989-1218,182.52,26.074,6.0,months,months,parsed,,kidney,"Collaborative Cross strains, were developed by crossing eight unique and genetically diverseinbred mouse strains (A/J, C57BL/6J, 129S1/SvImJ, NOD/ShiLtJ, NZO/HlLtJ, CAST/EiJ, PWK/PhJ, and WSB/EiJ",F,control,GSE120137,RRBS,True,ok,Kidney,"strain: Collaborative Cross strains, were developed by crossing eight unique and genetically diverseinbred mouse strains (A/J, C57BL/6J, 129S1/SvImJ, NOD/ShiLtJ, NZO/HlLtJ, CAST/EiJ, PWK/PhJ, and WSB/EiJ | tissue: Kidney | age: 6mo | Sex: Female"
GSM3394662,GES15-04990-1252,182.52,26.074,6.0,months,months,parsed,,kidney,"Collaborative Cross strains, were developed by crossing eight unique and genetically diverseinbred mouse strains (A/J, C57BL/6J, 129S1/SvImJ, NOD/ShiLtJ, NZO/HlLtJ, CAST/EiJ, PWK/PhJ, and WSB/EiJ",F,control,GSE120137,RRBS,True,ok,Kidney,"strain: Collaborative Cross strains, were developed by crossing eight unique and genetically diverseinbred mouse strains (A/J, C57BL/6J, 129S1/SvImJ, NOD/ShiLtJ, NZO/HlLtJ, CAST/EiJ, PWK/PhJ, and WSB/EiJ | tissue: Kidney | age: 6mo | Sex: Female"
GSM3394663,GES15-04991-661,365.04,52.149,12.0,months,months,parsed,,kidney,"Collaborative Cross strains, were developed by crossing eight unique and genetically diverseinbred mouse strains (A/J, C57BL/6J, 129S1/SvImJ, NOD/ShiLtJ, NZO/HlLtJ, CAST/EiJ, PWK/PhJ, and WSB/EiJ",F,control,GSE120137,RRBS,True,ok,Kidney,"strain: Collaborative Cross strains, were developed by crossing eight unique and genetically diverseinbred mouse strains (A/J, C57BL/6J, 129S1/SvImJ, NOD/ShiLtJ, NZO/HlLtJ, CAST/EiJ, PWK/PhJ, and WSB/EiJ | tissue: Kidney | age: 12mo | Sex: Female"
GSM3394664,GES15-04992-723,365.04,52.149,12.0,months,months,parsed,,kidney,"Collaborative Cross strains, were developed by crossing eight unique and genetically diverseinbred mouse strains (A/J, C57BL/6J, 129S1/SvImJ, NOD/ShiLtJ, NZO/HlLtJ, CAST/EiJ, PWK/PhJ, and WSB/EiJ",F,control,GSE120137,RRBS,True,ok,Kidney,"strain: Collaborative Cross strains, were developed by crossing eight unique and genetically diverseinbred mouse strains (A/J, C57BL/6J, 129S1/SvImJ, NOD/ShiLtJ, NZO/HlLtJ, CAST/EiJ, PWK/PhJ, and WSB/EiJ | tissue: Kidney | age: 12mo | Sex: Female"
GSM3394665,GES15-04993-828,365.04,52.149,12.0,months,months,parsed,,kidney,"Collaborative Cross strains, were developed by crossing eight unique and genetically diverseinbred mouse strains (A/J, C57BL/6J, 129S1/SvImJ, NOD/ShiLtJ, NZO/HlLtJ, CAST/EiJ, PWK/PhJ, and WSB/EiJ",F,control,GSE120137,RRBS,True,ok,Kidney,"strain: Collaborative Cross strains, were developed by crossing eight unique and genetically diverseinbred mouse strains (A/J, C57BL/6J, 129S1/SvImJ, NOD/ShiLtJ, NZO/HlLtJ, CAST/EiJ, PWK/PhJ, and WSB/EiJ | tissue: Kidney | age: 12mo | Sex: Female"
GSM3394666,GES15-04994-959,365.04,52.149,12.0,months,months,parsed,,kidney,"Collaborative Cross strains, were developed by crossing eight unique and genetically diverseinbred mouse strains (A/J, C57BL/6J, 129S1/SvImJ, NOD/ShiLtJ, NZO/HlLtJ, CAST/EiJ, PWK/PhJ, and WSB/EiJ",M,control,GSE120137,RRBS,True,ok,Kidney,"strain: Collaborative Cross strains, were developed by crossing eight unique and genetically diverseinbred mouse strains (A/J, C57BL/6J, 129S1/SvImJ, NOD/ShiLtJ, NZO/HlLtJ, CAST/EiJ, PWK/PhJ, and WSB/EiJ | tissue: Kidney | age: 12mo | Sex: Male"
GSM3394667,GES15-04995-960,365.04,52.149,12.0,months,months,parsed,,kidney,"Collaborative Cross strains, were developed by crossing eight unique and genetically diverseinbred mouse strains (A/J, C57BL/6J, 129S1/SvImJ, NOD/ShiLtJ, NZO/HlLtJ, CAST/EiJ, PWK/PhJ, and WSB/EiJ",M,control,GSE120137,RRBS,True,ok,Kidney,"strain: Collaborative Cross strains, were developed by crossing eight unique and genetically diverseinbred mouse strains (A/J, C57BL/6J, 129S1/SvImJ, NOD/ShiLtJ, NZO/HlLtJ, CAST/EiJ, PWK/PhJ, and WSB/EiJ | tissue: Kidney | age: 12mo | Sex: Male"
GSM3394668,GES15-04996-982,365.04,52.149,12.0,months,months,parsed,,kidney,"Collaborative Cross strains, were developed by crossing eight unique and genetically diverseinbred mouse strains (A/J, C57BL/6J, 129S1/SvImJ, NOD/ShiLtJ, NZO/HlLtJ, CAST/EiJ, PWK/PhJ, and WSB/EiJ",M,control,GSE120137,RRBS,True,ok,Kidney,"strain: Collaborative Cross strains, were developed by crossing eight unique and genetically diverseinbred mouse strains (A/J, C57BL/6J, 129S1/SvImJ, NOD/ShiLtJ, NZO/HlLtJ, CAST/EiJ, PWK/PhJ, and WSB/EiJ | tissue: Kidney | age: 12mo | Sex: Male"
GSM3394669,GES15-04997-1181,365.04,52.149,12.0,months,months,parsed,,kidney,"Collaborative Cross strains, were developed by crossing eight unique and genetically diverseinbred mouse strains (A/J, C57BL/6J, 129S1/SvImJ, NOD/ShiLtJ, NZO/HlLtJ, CAST/EiJ, PWK/PhJ, and WSB/EiJ",M,control,GSE120137,RRBS,True,ok,Kidney,"strain: Collaborative Cross strains, were developed by crossing eight unique and genetically diverseinbred mouse strains (A/J, C57BL/6J, 129S1/SvImJ, NOD/ShiLtJ, NZO/HlLtJ, CAST/EiJ, PWK/PhJ, and WSB/EiJ | tissue: Kidney | age: 12mo | Sex: Male"
GSM3394670,GES15-04998-1285,365.04,52.149,12.0,months,months,parsed,,kidney,"Collaborative Cross strains, were developed by crossing eight unique and genetically diverseinbred mouse strains (A/J, C57BL/6J, 129S1/SvImJ, NOD/ShiLtJ, NZO/HlLtJ, CAST/EiJ, PWK/PhJ, and WSB/EiJ",M,control,GSE120137,RRBS,True,ok,Kidney,"strain: Collaborative Cross strains, were developed by crossing eight unique and genetically diverseinbred mouse strains (A/J, C57BL/6J, 129S1/SvImJ, NOD/ShiLtJ, NZO/HlLtJ, CAST/EiJ, PWK/PhJ, and WSB/EiJ | tissue: Kidney | age: 12mo | Sex: Male"
GSM3394671,GES15-04999-701,547.56,78.223,18.0,months,months,parsed,,kidney,"Collaborative Cross strains, were developed by crossing eight unique and genetically diverseinbred mouse strains (A/J, C57BL/6J, 129S1/SvImJ, NOD/ShiLtJ, NZO/HlLtJ, CAST/EiJ, PWK/PhJ, and WSB/EiJ",F,control,GSE120137,RRBS,True,ok,Kidney,"strain: Collaborative Cross strains, were developed by crossing eight unique and genetically diverseinbred mouse strains (A/J, C57BL/6J, 129S1/SvImJ, NOD/ShiLtJ, NZO/HlLtJ, CAST/EiJ, PWK/PhJ, and WSB/EiJ | tissue: Kidney | age: 18mo | Sex: Female"
GSM3394672,GES15-05000-763,547.56,78.223,18.0,months,months,parsed,,kidney,"Collaborative Cross strains, were developed by crossing eight unique and genetically diverseinbred mouse strains (A/J, C57BL/6J, 129S1/SvImJ, NOD/ShiLtJ, NZO/HlLtJ, CAST/EiJ, PWK/PhJ, and WSB/EiJ",F,control,GSE120137,RRBS,True,ok,Kidney,"strain: Collaborative Cross strains, were developed by crossing eight unique and genetically diverseinbred mouse strains (A/J, C57BL/6J, 129S1/SvImJ, NOD/ShiLtJ, NZO/HlLtJ, CAST/EiJ, PWK/PhJ, and WSB/EiJ | tissue: Kidney | age: 18mo | Sex: Female"
GSM3394673,GES15-05001-776,547.56,78.223,18.0,months,months,parsed,,kidney,"Collaborative Cross strains, were developed by crossing eight unique and genetically diverseinbred mouse strains (A/J, C57BL/6J, 129S1/SvImJ, NOD/ShiLtJ, NZO/HlLtJ, CAST/EiJ, PWK/PhJ, and WSB/EiJ",F,control,GSE120137,RRBS,True,ok,Kidney,"strain: Collaborative Cross strains, were developed by crossing eight unique and genetically diverseinbred mouse strains (A/J, C57BL/6J, 129S1/SvImJ, NOD/ShiLtJ, NZO/HlLtJ, CAST/EiJ, PWK/PhJ, and WSB/EiJ | tissue: Kidney | age: 18mo | Sex: Female"
GSM3394674,GES15-05002-777,547.56,78.223,18.0,months,months,parsed,,kidney,"Collaborative Cross strains, were developed by crossing eight unique and genetically diverseinbred mouse strains (A/J, C57BL/6J, 129S1/SvImJ, NOD/ShiLtJ, NZO/HlLtJ, CAST/EiJ, PWK/PhJ, and WSB/EiJ",F,control,GSE120137,RRBS,True,ok,Kidney,"strain: Collaborative Cross strains, were developed by crossing eight unique and genetically diverseinbred mouse strains (A/J, C57BL/6J, 129S1/SvImJ, NOD/ShiLtJ, NZO/HlLtJ, CAST/EiJ, PWK/PhJ, and WSB/EiJ | tissue: Kidney | age: 18mo | Sex: Female"
GSM3394675,GES15-05003-938,547.56,78.223,18.0,months,months,parsed,,kidney,"Collaborative Cross strains, were developed by crossing eight unique and genetically diverseinbred mouse strains (A/J, C57BL/6J, 129S1/SvImJ, NOD/ShiLtJ, NZO/HlLtJ, CAST/EiJ, PWK/PhJ, and WSB/EiJ",M,control,GSE120137,RRBS,True,ok,Kidney,"strain: Collaborative Cross strains, were developed by crossing eight unique and genetically diverseinbred mouse strains (A/J, C57BL/6J, 129S1/SvImJ, NOD/ShiLtJ, NZO/HlLtJ, CAST/EiJ, PWK/PhJ, and WSB/EiJ | tissue: Kidney | age: 18mo | Sex: Male"
GSM3394676,GES15-05004-940,547.56,78.223,18.0,months,months,parsed,,kidney,"Collaborative Cross strains, were developed by crossing eight unique and genetically diverseinbred mouse strains (A/J, C57BL/6J, 129S1/SvImJ, NOD/ShiLtJ, NZO/HlLtJ, CAST/EiJ, PWK/PhJ, and WSB/EiJ",M,control,GSE120137,RRBS,True,ok,Kidney,"strain: Collaborative Cross strains, were developed by crossing eight unique and genetically diverseinbred mouse strains (A/J, C57BL/6J, 129S1/SvImJ, NOD/ShiLtJ, NZO/HlLtJ, CAST/EiJ, PWK/PhJ, and WSB/EiJ | tissue: Kidney | age: 18mo | Sex: Male"
GSM3394677,GES15-05005-952,547.56,78.223,18.0,months,months,parsed,,kidney,"Collaborative Cross strains, were developed by crossing eight unique and genetically diverseinbred mouse strains (A/J, C57BL/6J, 129S1/SvImJ, NOD/ShiLtJ, NZO/HlLtJ, CAST/EiJ, PWK/PhJ, and WSB/EiJ",M,control,GSE120137,RRBS,True,ok,Kidney,"strain: Collaborative Cross strains, were developed by crossing eight unique and genetically diverseinbred mouse strains (A/J, C57BL/6J, 129S1/SvImJ, NOD/ShiLtJ, NZO/HlLtJ, CAST/EiJ, PWK/PhJ, and WSB/EiJ | tissue: Kidney | age: 18mo | Sex: Male"
GSM3394678,GES15-05006-1007,547.56,78.223,18.0,months,months,parsed,,kidney,"Collaborative Cross strains, were developed by crossing eight unique and genetically diverseinbred mouse strains (A/J, C57BL/6J, 129S1/SvImJ, NOD/ShiLtJ, NZO/HlLtJ, CAST/EiJ, PWK/PhJ, and WSB/EiJ",M,control,GSE120137,RRBS,True,ok,Kidney,"strain: Collaborative Cross strains, were developed by crossing eight unique and genetically diverseinbred mouse strains (A/J, C57BL/6J, 129S1/SvImJ, NOD/ShiLtJ, NZO/HlLtJ, CAST/EiJ, PWK/PhJ, and WSB/EiJ | tissue: Kidney | age: 18mo | Sex: Male"
GSM3394679,GES15-05007-1131,547.56,78.223,18.0,months,months,parsed,,kidney,"Collaborative Cross strains, were developed by crossing eight unique and genetically diverseinbred mouse strains (A/J, C57BL/6J, 129S1/SvImJ, NOD/ShiLtJ, NZO/HlLtJ, CAST/EiJ, PWK/PhJ, and WSB/EiJ",F,control,GSE120137,RRBS,True,ok,Kidney,"strain: Collaborative Cross strains, were developed by crossing eight unique and genetically diverseinbred mouse strains (A/J, C57BL/6J, 129S1/SvImJ, NOD/ShiLtJ, NZO/HlLtJ, CAST/EiJ, PWK/PhJ, and WSB/EiJ | tissue: Kidney | age: 18mo | Sex: Female"
GSM3394680,GES15-05008-1149,547.56,78.223,18.0,months,months,parsed,,kidney,"Collaborative Cross strains, were developed by crossing eight unique and genetically diverseinbred mouse strains (A/J, C57BL/6J, 129S1/SvImJ, NOD/ShiLtJ, NZO/HlLtJ, CAST/EiJ, PWK/PhJ, and WSB/EiJ",M,control,GSE120137,RRBS,True,ok,Kidney,"strain: Collaborative Cross strains, were developed by crossing eight unique and genetically diverseinbred mouse strains (A/J, C57BL/6J, 129S1/SvImJ, NOD/ShiLtJ, NZO/HlLtJ, CAST/EiJ, PWK/PhJ, and WSB/EiJ | tissue: Kidney | age: 18mo | Sex: Male"
GSM3394681,GES15-05009-1157,547.56,78.223,18.0,months,months,parsed,,kidney,"Collaborative Cross strains, were developed by crossing eight unique and genetically diverseinbred mouse strains (A/J, C57BL/6J, 129S1/SvImJ, NOD/ShiLtJ, NZO/HlLtJ, CAST/EiJ, PWK/PhJ, and WSB/EiJ",M,control,GSE120137,RRBS,True,ok,Kidney,"strain: Collaborative Cross strains, were developed by crossing eight unique and genetically diverseinbred mouse strains (A/J, C57BL/6J, 129S1/SvImJ, NOD/ShiLtJ, NZO/HlLtJ, CAST/EiJ, PWK/PhJ, and WSB/EiJ | tissue: Kidney | age: 18mo | Sex: Male"
GSM3394682,GES15-05010-1041,182.52,26.074,6.0,months,months,parsed,,kidney,"Collaborative Cross strains, were developed by crossing eight unique and genetically diverseinbred mouse strains (A/J, C57BL/6J, 129S1/SvImJ, NOD/ShiLtJ, NZO/HlLtJ, CAST/EiJ, PWK/PhJ, and WSB/EiJ",M,control,GSE120137,RRBS,True,ok,Kidney,"strain: Collaborative Cross strains, were developed by crossing eight unique and genetically diverseinbred mouse strains (A/J, C57BL/6J, 129S1/SvImJ, NOD/ShiLtJ, NZO/HlLtJ, CAST/EiJ, PWK/PhJ, and WSB/EiJ | tissue: Kidney | age: 6mo | Sex: Male"
GSM3394683,GES15-05011-1199,182.52,26.074,6.0,months,months,parsed,,kidney,"Collaborative Cross strains, were developed by crossing eight unique and genetically diverseinbred mouse strains (A/J, C57BL/6J, 129S1/SvImJ, NOD/ShiLtJ, NZO/HlLtJ, CAST/EiJ, PWK/PhJ, and WSB/EiJ",M,control,GSE120137,RRBS,True,ok,Kidney,"strain: Collaborative Cross strains, were developed by crossing eight unique and genetically diverseinbred mouse strains (A/J, C57BL/6J, 129S1/SvImJ, NOD/ShiLtJ, NZO/HlLtJ, CAST/EiJ, PWK/PhJ, and WSB/EiJ | tissue: Kidney | age: 6mo | Sex: Male"
GSM3394684,GES15-05012-1200,182.52,26.074,6.0,months,months,parsed,,kidney,"Collaborative Cross strains, were developed by crossing eight unique and genetically diverseinbred mouse strains (A/J, C57BL/6J, 129S1/SvImJ, NOD/ShiLtJ, NZO/HlLtJ, CAST/EiJ, PWK/PhJ, and WSB/EiJ",M,control,GSE120137,RRBS,True,ok,Kidney,"strain: Collaborative Cross strains, were developed by crossing eight unique and genetically diverseinbred mouse strains (A/J, C57BL/6J, 129S1/SvImJ, NOD/ShiLtJ, NZO/HlLtJ, CAST/EiJ, PWK/PhJ, and WSB/EiJ | tissue: Kidney | age: 6mo | Sex: Male"
GSM3394685,GES15-05013-1237,182.52,26.074,6.0,months,months,parsed,,kidney,"Collaborative Cross strains, were developed by crossing eight unique and genetically diverseinbred mouse strains (A/J, C57BL/6J, 129S1/SvImJ, NOD/ShiLtJ, NZO/HlLtJ, CAST/EiJ, PWK/PhJ, and WSB/EiJ",F,control,GSE120137,RRBS,True,ok,Kidney,"strain: Collaborative Cross strains, were developed by crossing eight unique and genetically diverseinbred mouse strains (A/J, C57BL/6J, 129S1/SvImJ, NOD/ShiLtJ, NZO/HlLtJ, CAST/EiJ, PWK/PhJ, and WSB/EiJ | tissue: Kidney | age: 6mo | Sex: Female"
GSM3394686,GES15-05014-1268,182.52,26.074,6.0,months,months,parsed,,kidney,"Collaborative Cross strains, were developed by crossing eight unique and genetically diverseinbred mouse strains (A/J, C57BL/6J, 129S1/SvImJ, NOD/ShiLtJ, NZO/HlLtJ, CAST/EiJ, PWK/PhJ, and WSB/EiJ",M,control,GSE120137,RRBS,True,ok,Kidney,"strain: Collaborative Cross strains, were developed by crossing eight unique and genetically diverseinbred mouse strains (A/J, C57BL/6J, 129S1/SvImJ, NOD/ShiLtJ, NZO/HlLtJ, CAST/EiJ, PWK/PhJ, and WSB/EiJ | tissue: Kidney | age: 6mo | Sex: Male"
GSM3394687,GES15-05015-698,365.04,52.149,12.0,months,months,parsed,,kidney,"Collaborative Cross strains, were developed by crossing eight unique and genetically diverseinbred mouse strains (A/J, C57BL/6J, 129S1/SvImJ, NOD/ShiLtJ, NZO/HlLtJ, CAST/EiJ, PWK/PhJ, and WSB/EiJ",F,control,GSE120137,RRBS,True,ok,Kidney,"strain: Collaborative Cross strains, were developed by crossing eight unique and genetically diverseinbred mouse strains (A/J, C57BL/6J, 129S1/SvImJ, NOD/ShiLtJ, NZO/HlLtJ, CAST/EiJ, PWK/PhJ, and WSB/EiJ | tissue: Kidney | age: 12mo | Sex: Female"
GSM3394688,GES15-05016-956,365.04,52.149,12.0,months,months,parsed,,kidney,"Collaborative Cross strains, were developed by crossing eight unique and genetically diverseinbred mouse strains (A/J, C57BL/6J, 129S1/SvImJ, NOD/ShiLtJ, NZO/HlLtJ, CAST/EiJ, PWK/PhJ, and WSB/EiJ",M,control,GSE120137,RRBS,True,ok,Kidney,"strain: Collaborative Cross strains, were developed by crossing eight unique and genetically diverseinbred mouse strains (A/J, C57BL/6J, 129S1/SvImJ, NOD/ShiLtJ, NZO/HlLtJ, CAST/EiJ, PWK/PhJ, and WSB/EiJ | tissue: Kidney | age: 12mo | Sex: Male"
GSM3394689,GES15-05017-992,365.04,52.149,12.0,months,months,parsed,,kidney,"Collaborative Cross strains, were developed by crossing eight unique and genetically diverseinbred mouse strains (A/J, C57BL/6J, 129S1/SvImJ, NOD/ShiLtJ, NZO/HlLtJ, CAST/EiJ, PWK/PhJ, and WSB/EiJ",M,control,GSE120137,RRBS,True,ok,Kidney,"strain: Collaborative Cross strains, were developed by crossing eight unique and genetically diverseinbred mouse strains (A/J, C57BL/6J, 129S1/SvImJ, NOD/ShiLtJ, NZO/HlLtJ, CAST/EiJ, PWK/PhJ, and WSB/EiJ | tissue: Kidney | age: 12mo | Sex: Male"
GSM3394690,GES15-05018-995,365.04,52.149,12.0,months,months,parsed,,kidney,"Collaborative Cross strains, were developed by crossing eight unique and genetically diverseinbred mouse strains (A/J, C57BL/6J, 129S1/SvImJ, NOD/ShiLtJ, NZO/HlLtJ, CAST/EiJ, PWK/PhJ, and WSB/EiJ",M,control,GSE120137,RRBS,True,ok,Kidney,"strain: Collaborative Cross strains, were developed by crossing eight unique and genetically diverseinbred mouse strains (A/J, C57BL/6J, 129S1/SvImJ, NOD/ShiLtJ, NZO/HlLtJ, CAST/EiJ, PWK/PhJ, and WSB/EiJ | tissue: Kidney | age: 12mo | Sex: Male"
GSM3394691,GES15-05019-1103,365.04,52.149,12.0,months,months,parsed,,kidney,"Collaborative Cross strains, were developed by crossing eight unique and genetically diverseinbred mouse strains (A/J, C57BL/6J, 129S1/SvImJ, NOD/ShiLtJ, NZO/HlLtJ, CAST/EiJ, PWK/PhJ, and WSB/EiJ",F,control,GSE120137,RRBS,True,ok,Kidney,"strain: Collaborative Cross strains, were developed by crossing eight unique and genetically diverseinbred mouse strains (A/J, C57BL/6J, 129S1/SvImJ, NOD/ShiLtJ, NZO/HlLtJ, CAST/EiJ, PWK/PhJ, and WSB/EiJ | tissue: Kidney | age: 12mo | Sex: Female"
GSM3394692,GES15-05020-1115,365.04,52.149,12.0,months,months,parsed,,kidney,"Collaborative Cross strains, were developed by crossing eight unique and genetically diverseinbred mouse strains (A/J, C57BL/6J, 129S1/SvImJ, NOD/ShiLtJ, NZO/HlLtJ, CAST/EiJ, PWK/PhJ, and WSB/EiJ",F,control,GSE120137,RRBS,True,ok,Kidney,"strain: Collaborative Cross strains, were developed by crossing eight unique and genetically diverseinbred mouse strains (A/J, C57BL/6J, 129S1/SvImJ, NOD/ShiLtJ, NZO/HlLtJ, CAST/EiJ, PWK/PhJ, and WSB/EiJ | tissue: Kidney | age: 12mo | Sex: Female"
GSM3394693,GES15-05021-1311,365.04,52.149,12.0,months,months,parsed,,kidney,"Collaborative Cross strains, were developed by crossing eight unique and genetically diverseinbred mouse strains (A/J, C57BL/6J, 129S1/SvImJ, NOD/ShiLtJ, NZO/HlLtJ, CAST/EiJ, PWK/PhJ, and WSB/EiJ",M,control,GSE120137,RRBS,True,ok,Kidney,"strain: Collaborative Cross strains, were developed by crossing eight unique and genetically diverseinbred mouse strains (A/J, C57BL/6J, 129S1/SvImJ, NOD/ShiLtJ, NZO/HlLtJ, CAST/EiJ, PWK/PhJ, and WSB/EiJ | tissue: Kidney | age: 12mo | Sex: Male"
GSM3394694,GES15-05022-1010,547.56,78.223,18.0,months,months,parsed,,kidney,"Collaborative Cross strains, were developed by crossing eight unique and genetically diverseinbred mouse strains (A/J, C57BL/6J, 129S1/SvImJ, NOD/ShiLtJ, NZO/HlLtJ, CAST/EiJ, PWK/PhJ, and WSB/EiJ",M,control,GSE120137,RRBS,True,ok,Kidney,"strain: Collaborative Cross strains, were developed by crossing eight unique and genetically diverseinbred mouse strains (A/J, C57BL/6J, 129S1/SvImJ, NOD/ShiLtJ, NZO/HlLtJ, CAST/EiJ, PWK/PhJ, and WSB/EiJ | tissue: Kidney | age: 18mo | Sex: Male"
GSM3394695,GES15-05023-1031,547.56,78.223,18.0,months,months,parsed,,kidney,"Collaborative Cross strains, were developed by crossing eight unique and genetically diverseinbred mouse strains (A/J, C57BL/6J, 129S1/SvImJ, NOD/ShiLtJ, NZO/HlLtJ, CAST/EiJ, PWK/PhJ, and WSB/EiJ",M,control,GSE120137,RRBS,True,ok,Kidney,"strain: Collaborative Cross strains, were developed by crossing eight unique and genetically diverseinbred mouse strains (A/J, C57BL/6J, 129S1/SvImJ, NOD/ShiLtJ, NZO/HlLtJ, CAST/EiJ, PWK/PhJ, and WSB/EiJ | tissue: Kidney | age: 18mo | Sex: Male"
GSM3394696,GES15-05024-1093,547.56,78.223,18.0,months,months,parsed,,kidney,"Collaborative Cross strains, were developed by crossing eight unique and genetically diverseinbred mouse strains (A/J, C57BL/6J, 129S1/SvImJ, NOD/ShiLtJ, NZO/HlLtJ, CAST/EiJ, PWK/PhJ, and WSB/EiJ",F,control,GSE120137,RRBS,True,ok,Kidney,"strain: Collaborative Cross strains, were developed by crossing eight unique and genetically diverseinbred mouse strains (A/J, C57BL/6J, 129S1/SvImJ, NOD/ShiLtJ, NZO/HlLtJ, CAST/EiJ, PWK/PhJ, and WSB/EiJ | tissue: Kidney | age: 18mo | Sex: Female"
GSM3394697,GES15-05025-1077,182.52,26.074,6.0,months,months,parsed,,kidney,"Collaborative Cross strains, were developed by crossing eight unique and genetically diverseinbred mouse strains (A/J, C57BL/6J, 129S1/SvImJ, NOD/ShiLtJ, NZO/HlLtJ, CAST/EiJ, PWK/PhJ, and WSB/EiJ",M,control,GSE120137,RRBS,True,ok,Kidney,"strain: Collaborative Cross strains, were developed by crossing eight unique and genetically diverseinbred mouse strains (A/J, C57BL/6J, 129S1/SvImJ, NOD/ShiLtJ, NZO/HlLtJ, CAST/EiJ, PWK/PhJ, and WSB/EiJ | tissue: Kidney | age: 6mo | Sex: Male"
GSM3394698,GES15-05026-1290,182.52,26.074,6.0,months,months,parsed,,kidney,"Collaborative Cross strains, were developed by crossing eight unique and genetically diverseinbred mouse strains (A/J, C57BL/6J, 129S1/SvImJ, NOD/ShiLtJ, NZO/HlLtJ, CAST/EiJ, PWK/PhJ, and WSB/EiJ",M,control,GSE120137,RRBS,True,ok,Kidney,"strain: Collaborative Cross strains, were developed by crossing eight unique and genetically diverseinbred mouse strains (A/J, C57BL/6J, 129S1/SvImJ, NOD/ShiLtJ, NZO/HlLtJ, CAST/EiJ, PWK/PhJ, and WSB/EiJ | tissue: Kidney | age: 6mo | Sex: Male"
GSM3394699,GES15-05027-696,365.04,52.149,12.0,months,months,parsed,,kidney,"Collaborative Cross strains, were developed by crossing eight unique and genetically diverseinbred mouse strains (A/J, C57BL/6J, 129S1/SvImJ, NOD/ShiLtJ, NZO/HlLtJ, CAST/EiJ, PWK/PhJ, and WSB/EiJ",F,control,GSE120137,RRBS,True,ok,Kidney,"strain: Collaborative Cross strains, were developed by crossing eight unique and genetically diverseinbred mouse strains (A/J, C57BL/6J, 129S1/SvImJ, NOD/ShiLtJ, NZO/HlLtJ, CAST/EiJ, PWK/PhJ, and WSB/EiJ | tissue: Kidney | age: 12mo | Sex: Female"
GSM3394700,GES15-05028-957,365.04,52.149,12.0,months,months,parsed,,kidney,"Collaborative Cross strains, were developed by crossing eight unique and genetically diverseinbred mouse strains (A/J, C57BL/6J, 129S1/SvImJ, NOD/ShiLtJ, NZO/HlLtJ, CAST/EiJ, PWK/PhJ, and WSB/EiJ",M,control,GSE120137,RRBS,True,ok,Kidney,"strain: Collaborative Cross strains, were developed by crossing eight unique and genetically diverseinbred mouse strains (A/J, C57BL/6J, 129S1/SvImJ, NOD/ShiLtJ, NZO/HlLtJ, CAST/EiJ, PWK/PhJ, and WSB/EiJ | tissue: Kidney | age: 12mo | Sex: Male"
GSM3394701,GES15-05029-981,365.04,52.149,12.0,months,months,parsed,,kidney,"Collaborative Cross strains, were developed by crossing eight unique and genetically diverseinbred mouse strains (A/J, C57BL/6J, 129S1/SvImJ, NOD/ShiLtJ, NZO/HlLtJ, CAST/EiJ, PWK/PhJ, and WSB/EiJ",M,control,GSE120137,RRBS,True,ok,Kidney,"strain: Collaborative Cross strains, were developed by crossing eight unique and genetically diverseinbred mouse strains (A/J, C57BL/6J, 129S1/SvImJ, NOD/ShiLtJ, NZO/HlLtJ, CAST/EiJ, PWK/PhJ, and WSB/EiJ | tissue: Kidney | age: 12mo | Sex: Male"
GSM3394702,GES15-05030-1029,365.04,52.149,12.0,months,months,parsed,,kidney,"Collaborative Cross strains, were developed by crossing eight unique and genetically diverseinbred mouse strains (A/J, C57BL/6J, 129S1/SvImJ, NOD/ShiLtJ, NZO/HlLtJ, CAST/EiJ, PWK/PhJ, and WSB/EiJ",M,control,GSE120137,RRBS,True,ok,Kidney,"strain: Collaborative Cross strains, were developed by crossing eight unique and genetically diverseinbred mouse strains (A/J, C57BL/6J, 129S1/SvImJ, NOD/ShiLtJ, NZO/HlLtJ, CAST/EiJ, PWK/PhJ, and WSB/EiJ | tissue: Kidney | age: 12mo | Sex: Male"
GSM3394703,GES15-05031-1070,365.04,52.149,12.0,months,months,parsed,,kidney,"Collaborative Cross strains, were developed by crossing eight unique and genetically diverseinbred mouse strains (A/J, C57BL/6J, 129S1/SvImJ, NOD/ShiLtJ, NZO/HlLtJ, CAST/EiJ, PWK/PhJ, and WSB/EiJ",M,control,GSE120137,RRBS,True,ok,Kidney,"strain: Collaborative Cross strains, were developed by crossing eight unique and genetically diverseinbred mouse strains (A/J, C57BL/6J, 129S1/SvImJ, NOD/ShiLtJ, NZO/HlLtJ, CAST/EiJ, PWK/PhJ, and WSB/EiJ | tissue: Kidney | age: 12mo | Sex: Male"
GSM3394704,GES15-05032-1312,365.04,52.149,12.0,months,months,parsed,,kidney,"Collaborative Cross strains, were developed by crossing eight unique and genetically diverseinbred mouse strains (A/J, C57BL/6J, 129S1/SvImJ, NOD/ShiLtJ, NZO/HlLtJ, CAST/EiJ, PWK/PhJ, and WSB/EiJ",M,control,GSE120137,RRBS,True,ok,Kidney,"strain: Collaborative Cross strains, were developed by crossing eight unique and genetically diverseinbred mouse strains (A/J, C57BL/6J, 129S1/SvImJ, NOD/ShiLtJ, NZO/HlLtJ, CAST/EiJ, PWK/PhJ, and WSB/EiJ | tissue: Kidney | age: 12mo | Sex: Male"
GSM3394705,GES15-05033-922,547.56,78.223,18.0,months,months,parsed,,kidney,"Collaborative Cross strains, were developed by crossing eight unique and genetically diverseinbred mouse strains (A/J, C57BL/6J, 129S1/SvImJ, NOD/ShiLtJ, NZO/HlLtJ, CAST/EiJ, PWK/PhJ, and WSB/EiJ",M,control,GSE120137,RRBS,True,ok,Kidney,"strain: Collaborative Cross strains, were developed by crossing eight unique and genetically diverseinbred mouse strains (A/J, C57BL/6J, 129S1/SvImJ, NOD/ShiLtJ, NZO/HlLtJ, CAST/EiJ, PWK/PhJ, and WSB/EiJ | tissue: Kidney | age: 18mo | Sex: Male"
GSM3394706,GES15-05034-953,547.56,78.223,18.0,months,months,parsed,,kidney,"Collaborative Cross strains, were developed by crossing eight unique and genetically diverseinbred mouse strains (A/J, C57BL/6J, 129S1/SvImJ, NOD/ShiLtJ, NZO/HlLtJ, CAST/EiJ, PWK/PhJ, and WSB/EiJ",M,control,GSE120137,RRBS,True,ok,Kidney,"strain: Collaborative Cross strains, were developed by crossing eight unique and genetically diverseinbred mouse strains (A/J, C57BL/6J, 129S1/SvImJ, NOD/ShiLtJ, NZO/HlLtJ, CAST/EiJ, PWK/PhJ, and WSB/EiJ | tissue: Kidney | age: 18mo | Sex: Male"
GSM3394707,GES15-05035-967,547.56,78.223,18.0,months,months,parsed,,kidney,"Collaborative Cross strains, were developed by crossing eight unique and genetically diverseinbred mouse strains (A/J, C57BL/6J, 129S1/SvImJ, NOD/ShiLtJ, NZO/HlLtJ, CAST/EiJ, PWK/PhJ, and WSB/EiJ",M,control,GSE120137,RRBS,True,ok,Kidney,"strain: Collaborative Cross strains, were developed by crossing eight unique and genetically diverseinbred mouse strains (A/J, C57BL/6J, 129S1/SvImJ, NOD/ShiLtJ, NZO/HlLtJ, CAST/EiJ, PWK/PhJ, and WSB/EiJ | tissue: Kidney | age: 18mo | Sex: Male"
GSM3394708,GES15-05036-1003,547.56,78.223,18.0,months,months,parsed,,kidney,"Collaborative Cross strains, were developed by crossing eight unique and genetically diverseinbred mouse strains (A/J, C57BL/6J, 129S1/SvImJ, NOD/ShiLtJ, NZO/HlLtJ, CAST/EiJ, PWK/PhJ, and WSB/EiJ",M,control,GSE120137,RRBS,True,ok,Kidney,"strain: Collaborative Cross strains, were developed by crossing eight unique and genetically diverseinbred mouse strains (A/J, C57BL/6J, 129S1/SvImJ, NOD/ShiLtJ, NZO/HlLtJ, CAST/EiJ, PWK/PhJ, and WSB/EiJ | tissue: Kidney | age: 18mo | Sex: Male"
GSM3394709,GES15-05037-1020,547.56,78.223,18.0,months,months,parsed,,kidney,"Collaborative Cross strains, were developed by crossing eight unique and genetically diverseinbred mouse strains (A/J, C57BL/6J, 129S1/SvImJ, NOD/ShiLtJ, NZO/HlLtJ, CAST/EiJ, PWK/PhJ, and WSB/EiJ",M,control,GSE120137,RRBS,True,ok,Kidney,"strain: Collaborative Cross strains, were developed by crossing eight unique and genetically diverseinbred mouse strains (A/J, C57BL/6J, 129S1/SvImJ, NOD/ShiLtJ, NZO/HlLtJ, CAST/EiJ, PWK/PhJ, and WSB/EiJ | tissue: Kidney | age: 18mo | Sex: Male"
GSM3394710,GES15-05038-1046,547.56,78.223,18.0,months,months,parsed,,kidney,"Collaborative Cross strains, were developed by crossing eight unique and genetically diverseinbred mouse strains (A/J, C57BL/6J, 129S1/SvImJ, NOD/ShiLtJ, NZO/HlLtJ, CAST/EiJ, PWK/PhJ, and WSB/EiJ",M,control,GSE120137,RRBS,True,ok,Kidney,"strain: Collaborative Cross strains, were developed by crossing eight unique and genetically diverseinbred mouse strains (A/J, C57BL/6J, 129S1/SvImJ, NOD/ShiLtJ, NZO/HlLtJ, CAST/EiJ, PWK/PhJ, and WSB/EiJ | tissue: Kidney | age: 18mo | Sex: Male"
GSM3394711,GES15-05039-1179,547.56,78.223,18.0,months,months,parsed,,kidney,"Collaborative Cross strains, were developed by crossing eight unique and genetically diverseinbred mouse strains (A/J, C57BL/6J, 129S1/SvImJ, NOD/ShiLtJ, NZO/HlLtJ, CAST/EiJ, PWK/PhJ, and WSB/EiJ",M,control,GSE120137,RRBS,True,ok,Kidney,"strain: Collaborative Cross strains, were developed by crossing eight unique and genetically diverseinbred mouse strains (A/J, C57BL/6J, 129S1/SvImJ, NOD/ShiLtJ, NZO/HlLtJ, CAST/EiJ, PWK/PhJ, and WSB/EiJ | tissue: Kidney | age: 18mo | Sex: Male"
GSM3394712,GES15-05040-1306,182.52,26.074,6.0,months,months,parsed,,kidney,"Collaborative Cross strains, were developed by crossing eight unique and genetically diverseinbred mouse strains (A/J, C57BL/6J, 129S1/SvImJ, NOD/ShiLtJ, NZO/HlLtJ, CAST/EiJ, PWK/PhJ, and WSB/EiJ",M,control,GSE120137,RRBS,True,ok,Kidney,"strain: Collaborative Cross strains, were developed by crossing eight unique and genetically diverseinbred mouse strains (A/J, C57BL/6J, 129S1/SvImJ, NOD/ShiLtJ, NZO/HlLtJ, CAST/EiJ, PWK/PhJ, and WSB/EiJ | tissue: Kidney | age: 6mo | Sex: Male"
GSM3394713,GES15-05041-958,365.04,52.149,12.0,months,months,parsed,,kidney,"Collaborative Cross strains, were developed by crossing eight unique and genetically diverseinbred mouse strains (A/J, C57BL/6J, 129S1/SvImJ, NOD/ShiLtJ, NZO/HlLtJ, CAST/EiJ, PWK/PhJ, and WSB/EiJ",M,control,GSE120137,RRBS,True,ok,Kidney,"strain: Collaborative Cross strains, were developed by crossing eight unique and genetically diverseinbred mouse strains (A/J, C57BL/6J, 129S1/SvImJ, NOD/ShiLtJ, NZO/HlLtJ, CAST/EiJ, PWK/PhJ, and WSB/EiJ | tissue: Kidney | age: 12mo | Sex: Male"
GSM3394714,GES15-05042-996,365.04,52.149,12.0,months,months,parsed,,kidney,"Collaborative Cross strains, were developed by crossing eight unique and genetically diverseinbred mouse strains (A/J, C57BL/6J, 129S1/SvImJ, NOD/ShiLtJ, NZO/HlLtJ, CAST/EiJ, PWK/PhJ, and WSB/EiJ",M,control,GSE120137,RRBS,True,ok,Kidney,"strain: Collaborative Cross strains, were developed by crossing eight unique and genetically diverseinbred mouse strains (A/J, C57BL/6J, 129S1/SvImJ, NOD/ShiLtJ, NZO/HlLtJ, CAST/EiJ, PWK/PhJ, and WSB/EiJ | tissue: Kidney | age: 12mo | Sex: Male"
GSM3394715,GES15-05043-1000,365.04,52.149,12.0,months,months,parsed,,kidney,"Collaborative Cross strains, were developed by crossing eight unique and genetically diverseinbred mouse strains (A/J, C57BL/6J, 129S1/SvImJ, NOD/ShiLtJ, NZO/HlLtJ, CAST/EiJ, PWK/PhJ, and WSB/EiJ",M,control,GSE120137,RRBS,True,ok,Kidney,"strain: Collaborative Cross strains, were developed by crossing eight unique and genetically diverseinbred mouse strains (A/J, C57BL/6J, 129S1/SvImJ, NOD/ShiLtJ, NZO/HlLtJ, CAST/EiJ, PWK/PhJ, and WSB/EiJ | tissue: Kidney | age: 12mo | Sex: Male"
GSM3394716,GES15-05044-1162,365.04,52.149,12.0,months,months,parsed,,kidney,"Collaborative Cross strains, were developed by crossing eight unique and genetically diverseinbred mouse strains (A/J, C57BL/6J, 129S1/SvImJ, NOD/ShiLtJ, NZO/HlLtJ, CAST/EiJ, PWK/PhJ, and WSB/EiJ",M,control,GSE120137,RRBS,True,ok,Kidney,"strain: Collaborative Cross strains, were developed by crossing eight unique and genetically diverseinbred mouse strains (A/J, C57BL/6J, 129S1/SvImJ, NOD/ShiLtJ, NZO/HlLtJ, CAST/EiJ, PWK/PhJ, and WSB/EiJ | tissue: Kidney | age: 12mo | Sex: Male"
GSM3394717,GES15-05045-1165,365.04,52.149,12.0,months,months,parsed,,kidney,"Collaborative Cross strains, were developed by crossing eight unique and genetically diverseinbred mouse strains (A/J, C57BL/6J, 129S1/SvImJ, NOD/ShiLtJ, NZO/HlLtJ, CAST/EiJ, PWK/PhJ, and WSB/EiJ",M,control,GSE120137,RRBS,True,ok,Kidney,"strain: Collaborative Cross strains, were developed by crossing eight unique and genetically diverseinbred mouse strains (A/J, C57BL/6J, 129S1/SvImJ, NOD/ShiLtJ, NZO/HlLtJ, CAST/EiJ, PWK/PhJ, and WSB/EiJ | tissue: Kidney | age: 12mo | Sex: Male"
GSM3394718,GES15-05046-1056,547.56,78.223,18.0,months,months,parsed,,kidney,"Collaborative Cross strains, were developed by crossing eight unique and genetically diverseinbred mouse strains (A/J, C57BL/6J, 129S1/SvImJ, NOD/ShiLtJ, NZO/HlLtJ, CAST/EiJ, PWK/PhJ, and WSB/EiJ",M,control,GSE120137,RRBS,True,ok,Kidney,"strain: Collaborative Cross strains, were developed by crossing eight unique and genetically diverseinbred mouse strains (A/J, C57BL/6J, 129S1/SvImJ, NOD/ShiLtJ, NZO/HlLtJ, CAST/EiJ, PWK/PhJ, and WSB/EiJ | tissue: Kidney | age: 18mo | Sex: Male"
GSM3394719,GES15-05047-1156,547.56,78.223,18.0,months,months,parsed,,kidney,"Collaborative Cross strains, were developed by crossing eight unique and genetically diverseinbred mouse strains (A/J, C57BL/6J, 129S1/SvImJ, NOD/ShiLtJ, NZO/HlLtJ, CAST/EiJ, PWK/PhJ, and WSB/EiJ",M,control,GSE120137,RRBS,True,ok,Kidney,"strain: Collaborative Cross strains, were developed by crossing eight unique and genetically diverseinbred mouse strains (A/J, C57BL/6J, 129S1/SvImJ, NOD/ShiLtJ, NZO/HlLtJ, CAST/EiJ, PWK/PhJ, and WSB/EiJ | tissue: Kidney | age: 18mo | Sex: Male"
GSM3394720,GES15-05048-745,547.56,78.223,18.0,months,months,parsed,,kidney,"Collaborative Cross strains, were developed by crossing eight unique and genetically diverseinbred mouse strains (A/J, C57BL/6J, 129S1/SvImJ, NOD/ShiLtJ, NZO/HlLtJ, CAST/EiJ, PWK/PhJ, and WSB/EiJ",F,control,GSE120137,RRBS,True,ok,Kidney,"strain: Collaborative Cross strains, were developed by crossing eight unique and genetically diverseinbred mouse strains (A/J, C57BL/6J, 129S1/SvImJ, NOD/ShiLtJ, NZO/HlLtJ, CAST/EiJ, PWK/PhJ, and WSB/EiJ | tissue: Kidney | age: 18mo | Sex: Female"
GSM2132712,20D02,20.381,2.912,0.67,years,months,dataset_override_literature_geo,age_unit_override:years->months,blood,C57BL/6,M,control,GSE80672,RRBS,True,ok,Whole Blood,tissue: whole blood | strain: C57BL/6 | age (years): 0.67 | gender: Male | genetic condition: Wild Type | diet: standard
GSM2132713,20D03,20.381,2.912,0.67,years,months,dataset_override_literature_geo,age_unit_override:years->months,blood,C57BL/6,M,control,GSE80672,RRBS,True,ok,Whole Blood,tissue: whole blood | strain: C57BL/6 | age (years): 0.67 | gender: Male | genetic condition: Wild Type | diet: standard
GSM2132714,20D04,20.381,2.912,0.67,years,months,dataset_override_literature_geo,age_unit_override:years->months,blood,C57BL/6,M,control,GSE80672,RRBS,True,ok,Whole Blood,tissue: whole blood | strain: C57BL/6 | age (years): 0.67 | gender: Male | genetic condition: Wild Type | diet: standard
GSM2132715,20D05,20.381,2.912,0.67,years,months,dataset_override_literature_geo,age_unit_override:years->months,blood,C57BL/6,M,control,GSE80672,RRBS,True,ok,Whole Blood,tissue: whole blood | strain: C57BL/6 | age (years): 0.67 | gender: Male | genetic condition: Wild Type | diet: standard
GSM2132716,20D06,20.381,2.912,0.67,years,months,dataset_override_literature_geo,age_unit_override:years->months,blood,C57BL/6,M,control,GSE80672,RRBS,True,ok,Whole Blood,tissue: whole blood | strain: C57BL/6 | age (years): 0.67 | gender: Male | genetic condition: Wild Type | diet: standard
GSM2132717,20D07,20.381,2.912,0.67,years,months,dataset_override_literature_geo,age_unit_override:years->months,blood,C57BL/6,M,control,GSE80672,RRBS,True,ok,Whole Blood,tissue: whole blood | strain: C57BL/6 | age (years): 0.67 | gender: Male | genetic condition: Wild Type | diet: standard
GSM2132718,35D01,35.591,5.084,1.17,years,months,dataset_override_literature_geo,age_unit_override:years->months,blood,C57BL/6,M,control,GSE80672,RRBS,True,ok,Whole Blood,tissue: whole blood | strain: C57BL/6 | age (years): 1.17 | gender: Male | genetic condition: Wild Type | diet: standard
GSM2132719,35D02,35.591,5.084,1.17,years,months,dataset_override_literature_geo,age_unit_override:years->months,blood,C57BL/6,M,control,GSE80672,RRBS,True,ok,Whole Blood,tissue: whole blood | strain: C57BL/6 | age (years): 1.17 | gender: Male | genetic condition: Wild Type | diet: standard
GSM2132720,35D04,35.591,5.084,1.17,years,months,dataset_override_literature_geo,age_unit_override:years->months,blood,C57BL/6,M,control,GSE80672,RRBS,True,ok,Whole Blood,tissue: whole blood | strain: C57BL/6 | age (years): 1.17 | gender: Male | genetic condition: Wild Type | diet: standard
GSM2132721,35D05,35.591,5.084,1.17,years,months,dataset_override_literature_geo,age_unit_override:years->months,blood,C57BL/6,M,control,GSE80672,RRBS,True,ok,Whole Blood,tissue: whole blood | strain: C57BL/6 | age (years): 1.17 | gender: Male | genetic condition: Wild Type | diet: standard
GSM2132722,35D06,35.591,5.084,1.17,years,months,dataset_override_literature_geo,age_unit_override:years->months,blood,C57BL/6,M,control,GSE80672,RRBS,True,ok,Whole Blood,tissue: whole blood | strain: C57BL/6 | age (years): 1.17 | gender: Male | genetic condition: Wild Type | diet: standard
GSM2132723,35D07,35.591,5.084,1.17,years,months,dataset_override_literature_geo,age_unit_override:years->months,blood,C57BL/6,M,control,GSE80672,RRBS,True,ok,Whole Blood,tissue: whole blood | strain: C57BL/6 | age (years): 1.17 | gender: Male | genetic condition: Wild Type | diet: standard
GSM2132724,B6_CR1001,304.2,43.457,10.0,years,months,dataset_override_literature_geo,age_unit_override:years->months,blood,C57BL/6,M,CR,GSE80672,RRBS,True,ok,Whole Blood,tissue: whole blood | strain: C57BL/6 | age (years): 10 | gender: Male | genetic condition: Wild Type | diet: Calorie Restricted
GSM2132725,B6_CR1002,304.2,43.457,10.0,years,months,dataset_override_literature_geo,age_unit_override:years->months,blood,C57BL/6,M,CR,GSE80672,RRBS,True,ok,Whole Blood,tissue: whole blood | strain: C57BL/6 | age (years): 10 | gender: Male | genetic condition: Wild Type | diet: Calorie Restricted
GSM2132726,B6_CR1003,304.2,43.457,10.0,years,months,dataset_override_literature_geo,age_unit_override:years->months,blood,C57BL/6,M,CR,GSE80672,RRBS,True,ok,Whole Blood,tissue: whole blood | strain: C57BL/6 | age (years): 10 | gender: Male | genetic condition: Wild Type | diet: Calorie Restricted
GSM2132727,B6_CR1004,304.2,43.457,10.0,years,months,dataset_override_literature_geo,age_unit_override:years->months,blood,C57BL/6,M,CR,GSE80672,RRBS,True,ok,Whole Blood,tissue: whole blood | strain: C57BL/6 | age (years): 10 | gender: Male | genetic condition: Wild Type | diet: Calorie Restricted
GSM2132728,B6_CR1005,304.2,43.457,10.0,years,months,dataset_override_literature_geo,age_unit_override:years->months,blood,C57BL/6,M,CR,GSE80672,RRBS,True,ok,Whole Blood,tissue: whole blood | strain: C57BL/6 | age (years): 10 | gender: Male | genetic condition: Wild Type | diet: Calorie Restricted
GSM2132729,B6_CR1801,547.56,78.223,18.0,years,months,dataset_override_literature_geo,age_unit_override:years->months,blood,C57BL/6,M,CR,GSE80672,RRBS,True,ok,Whole Blood,tissue: whole blood | strain: C57BL/6 | age (years): 18 | gender: Male | genetic condition: Wild Type | diet: Calorie Restricted
GSM2132730,B6_CR1802,547.56,78.223,18.0,years,months,dataset_override_literature_geo,age_unit_override:years->months,blood,C57BL/6,M,CR,GSE80672,RRBS,True,ok,Whole Blood,tissue: whole blood | strain: C57BL/6 | age (years): 18 | gender: Male | genetic condition: Wild Type | diet: Calorie Restricted
GSM2132731,B6_CR1803,547.56,78.223,18.0,years,months,dataset_override_literature_geo,age_unit_override:years->months,blood,C57BL/6,M,CR,GSE80672,RRBS,True,ok,Whole Blood,tissue: whole blood | strain: C57BL/6 | age (years): 18 | gender: Male | genetic condition: Wild Type | diet: Calorie Restricted
GSM2132732,B6_CR1804,547.56,78.223,18.0,years,months,dataset_override_literature_geo,age_unit_override:years->months,blood,C57BL/6,M,CR,GSE80672,RRBS,True,ok,Whole Blood,tissue: whole blood | strain: C57BL/6 | age (years): 18 | gender: Male | genetic condition: Wild Type | diet: Calorie Restricted
GSM2132733,B6_CR1805,547.56,78.223,18.0,years,months,dataset_override_literature_geo,age_unit_override:years->months,blood,C57BL/6,M,CR,GSE80672,RRBS,True,ok,Whole Blood,tissue: whole blood | strain: C57BL/6 | age (years): 18 | gender: Male | genetic condition: Wild Type | diet: Calorie Restricted
GSM2132734,B6_CR2301,699.66,99.951,23.0,years,months,dataset_override_literature_geo,age_unit_override:years->months,blood,C57BL/6,M,CR,GSE80672,RRBS,True,ok,Whole Blood,tissue: whole blood | strain: C57BL/6 | age (years): 23 | gender: Male | genetic condition: Wild Type | diet: Calorie Restricted
GSM2132735,B6_CR2302,699.66,99.951,23.0,years,months,dataset_override_literature_geo,age_unit_override:years->months,blood,C57BL/6,M,CR,GSE80672,RRBS,True,ok,Whole Blood,tissue: whole blood | strain: C57BL/6 | age (years): 23 | gender: Male | genetic condition: Wild Type | diet: Calorie Restricted
GSM2132736,B6_CR2303,699.66,99.951,23.0,years,months,dataset_override_literature_geo,age_unit_override:years->months,blood,C57BL/6,M,CR,GSE80672,RRBS,True,ok,Whole Blood,tissue: whole blood | strain: C57BL/6 | age (years): 23 | gender: Male | genetic condition: Wild Type | diet: Calorie Restricted
GSM2132737,B6_CR2304,699.66,99.951,23.0,years,months,dataset_override_literature_geo,age_unit_override:years->months,blood,C57BL/6,M,CR,GSE80672,RRBS,True,ok,Whole Blood,tissue: whole blood | strain: C57BL/6 | age (years): 23 | gender: Male | genetic condition: Wild Type | diet: Calorie Restricted
GSM2132738,B6_CR2305,699.66,99.951,23.0,years,months,dataset_override_literature_geo,age_unit_override:years->months,blood,C57BL/6,M,CR,GSE80672,RRBS,True,ok,Whole Blood,tissue: whole blood | strain: C57BL/6 | age (years): 23 | gender: Male | genetic condition: Wild Type | diet: Calorie Restricted
GSM2132739,B6_CR2701,821.34,117.334,27.0,years,months,dataset_override_literature_geo,age_unit_override:years->months,blood,C57BL/6,M,CR,GSE80672,RRBS,True,ok,Whole Blood,tissue: whole blood | strain: C57BL/6 | age (years): 27 | gender: Male | genetic condition: Wild Type | diet: Calorie Restricted
GSM2132740,B6_CR2702,821.34,117.334,27.0,years,months,dataset_override_literature_geo,age_unit_override:years->months,blood,C57BL/6,M,CR,GSE80672,RRBS,True,ok,Whole Blood,tissue: whole blood | strain: C57BL/6 | age (years): 27 | gender: Male | genetic condition: Wild Type | diet: Calorie Restricted
GSM2132741,B6_CR2703,821.34,117.334,27.0,years,months,dataset_override_literature_geo,age_unit_override:years->months,blood,C57BL/6,M,CR,GSE80672,RRBS,True,ok,Whole Blood,tissue: whole blood | strain: C57BL/6 | age (years): 27 | gender: Male | genetic condition: Wild Type | diet: Calorie Restricted
GSM2132742,B6_CR2704,821.34,117.334,27.0,years,months,dataset_override_literature_geo,age_unit_override:years->months,blood,C57BL/6,M,CR,GSE80672,RRBS,True,ok,Whole Blood,tissue: whole blood | strain: C57BL/6 | age (years): 27 | gender: Male | genetic condition: Wild Type | diet: Calorie Restricted
GSM2132743,B6_CR2705,821.34,117.334,27.0,years,months,dataset_override_literature_geo,age_unit_override:years->months,blood,C57BL/6,M,CR,GSE80672,RRBS,True,ok,Whole Blood,tissue: whole blood | strain: C57BL/6 | age (years): 27 | gender: Male | genetic condition: Wild Type | diet: Calorie Restricted
GSM2132744,B6D2F1_2001,608.4,86.914,20.0,years,months,dataset_override_literature_geo,age_unit_override:years->months,blood,B6D2F1,M,control,GSE80672,RRBS,True,ok,Whole Blood,tissue: whole blood | strain: B6D2F1 | age (years): 20 | gender: Male | genetic condition: Wild Type | diet: standard
GSM2132745,B6D2F1_2002,608.4,86.914,20.0,years,months,dataset_override_literature_geo,age_unit_override:years->months,blood,B6D2F1,M,control,GSE80672,RRBS,True,ok,Whole Blood,tissue: whole blood | strain: B6D2F1 | age (years): 20 | gender: Male | genetic condition: Wild Type | diet: standard
GSM2132746,B6D2F1_2003,608.4,86.914,20.0,years,months,dataset_override_literature_geo,age_unit_override:years->months,blood,B6D2F1,M,control,GSE80672,RRBS,True,ok,Whole Blood,tissue: whole blood | strain: B6D2F1 | age (years): 20 | gender: Male | genetic condition: Wild Type | diet: standard
GSM2132747,B6D2F1_2004,608.4,86.914,20.0,years,months,dataset_override_literature_geo,age_unit_override:years->months,blood,B6D2F1,M,control,GSE80672,RRBS,True,ok,Whole Blood,tissue: whole blood | strain: B6D2F1 | age (years): 20 | gender: Male | genetic condition: Wild Type | diet: standard
GSM2132748,B6D2F1_2005,608.4,86.914,20.0,years,months,dataset_override_literature_geo,age_unit_override:years->months,blood,B6D2F1,M,control,GSE80672,RRBS,True,ok,Whole Blood,tissue: whole blood | strain: B6D2F1 | age (years): 20 | gender: Male | genetic condition: Wild Type | diet: standard
GSM2132749,B6D2F1_2701,821.34,117.334,27.0,years,months,dataset_override_literature_geo,age_unit_override:years->months,blood,B6D2F1,M,control,GSE80672,RRBS,True,ok,Whole Blood,tissue: whole blood | strain: B6D2F1 | age (years): 27 | gender: Male | genetic condition: Wild Type | diet: standard
GSM2132750,B6D2F1_2702,821.34,117.334,27.0,years,months,dataset_override_literature_geo,age_unit_override:years->months,blood,B6D2F1,M,control,GSE80672,RRBS,True,ok,Whole Blood,tissue: whole blood | strain: B6D2F1 | age (years): 27 | gender: Male | genetic condition: Wild Type | diet: standard
GSM2132751,B6D2F1_2703,821.34,117.334,27.0,years,months,dataset_override_literature_geo,age_unit_override:years->months,blood,B6D2F1,M,control,GSE80672,RRBS,True,ok,Whole Blood,tissue: whole blood | strain: B6D2F1 | age (years): 27 | gender: Male | genetic condition: Wild Type | diet: standard
GSM2132752,B6D2F1_2704,821.34,117.334,27.0,years,months,dataset_override_literature_geo,age_unit_override:years->months,blood,B6D2F1,M,control,GSE80672,RRBS,True,ok,Whole Blood,tissue: whole blood | strain: B6D2F1 | age (years): 27 | gender: Male | genetic condition: Wild Type | diet: standard
GSM2132753,B6D2F1_2705,821.34,117.334,27.0,years,months,dataset_override_literature_geo,age_unit_override:years->months,blood,B6D2F1,M,control,GSE80672,RRBS,True,ok,Whole Blood,tissue: whole blood | strain: B6D2F1 | age (years): 27 | gender: Male | genetic condition: Wild Type | diet: standard
GSM2132754,B6D2F1_CR2101,638.82,91.26,21.0,years,months,dataset_override_literature_geo,age_unit_override:years->months,blood,B6D2F1,M,CR,GSE80672,RRBS,True,ok,Whole Blood,tissue: whole blood | strain: B6D2F1 | age (years): 21 | gender: Male | genetic condition: Wild Type | diet: Calorie Restricted
GSM2132755,B6D2F1_CR2102,638.82,91.26,21.0,years,months,dataset_override_literature_geo,age_unit_override:years->months,blood,B6D2F1,M,CR,GSE80672,RRBS,True,ok,Whole Blood,tissue: whole blood | strain: B6D2F1 | age (years): 21 | gender: Male | genetic condition: Wild Type | diet: Calorie Restricted
GSM2132756,B6D2F1_CR2103,638.82,91.26,21.0,years,months,dataset_override_literature_geo,age_unit_override:years->months,blood,B6D2F1,M,CR,GSE80672,RRBS,True,ok,Whole Blood,tissue: whole blood | strain: B6D2F1 | age (years): 21 | gender: Male | genetic condition: Wild Type | diet: Calorie Restricted
GSM2132757,B6D2F1_CR2104,638.82,91.26,21.0,years,months,dataset_override_literature_geo,age_unit_override:years->months,blood,B6D2F1,M,CR,GSE80672,RRBS,True,ok,Whole Blood,tissue: whole blood | strain: B6D2F1 | age (years): 21 | gender: Male | genetic condition: Wild Type | diet: Calorie Restricted
GSM2132758,B6D2F1_CR2105,638.82,91.26,21.0,years,months,dataset_override_literature_geo,age_unit_override:years->months,blood,B6D2F1,M,CR,GSE80672,RRBS,True,ok,Whole Blood,tissue: whole blood | strain: B6D2F1 | age (years): 21 | gender: Male | genetic condition: Wild Type | diet: Calorie Restricted
GSM2132759,b6d2f1_CR2106,638.82,91.26,21.0,years,months,dataset_override_literature_geo,age_unit_override:years->months,blood,B6D2F1,M,CR,GSE80672,RRBS,True,ok,Whole Blood,tissue: whole blood | strain: B6D2F1 | age (years): 21 | gender: Male | genetic condition: Wild Type | diet: Calorie Restricted
GSM2132760,b6d2f1_CR2107,638.82,91.26,21.0,years,months,dataset_override_literature_geo,age_unit_override:years->months,blood,B6D2F1,M,CR,GSE80672,RRBS,True,ok,Whole Blood,tissue: whole blood | strain: B6D2F1 | age (years): 21 | gender: Male | genetic condition: Wild Type | diet: Calorie Restricted
GSM2132761,B6D2F1_CR2701,821.34,117.334,27.0,years,months,dataset_override_literature_geo,age_unit_override:years->months,blood,B6D2F1,M,CR,GSE80672,RRBS,True,ok,Whole Blood,tissue: whole blood | strain: B6D2F1 | age (years): 27 | gender: Male | genetic condition: Wild Type | diet: Calorie Restricted
GSM2132762,B6D2F1_CR2702,821.34,117.334,27.0,years,months,dataset_override_literature_geo,age_unit_override:years->months,blood,B6D2F1,M,CR,GSE80672,RRBS,True,ok,Whole Blood,tissue: whole blood | strain: B6D2F1 | age (years): 27 | gender: Male | genetic condition: Wild Type | diet: Calorie Restricted
GSM2132763,B6D2F1_CR2703,821.34,117.334,27.0,years,months,dataset_override_literature_geo,age_unit_override:years->months,blood,B6D2F1,M,CR,GSE80672,RRBS,True,ok,Whole Blood,tissue: whole blood | strain: B6D2F1 | age (years): 27 | gender: Male | genetic condition: Wild Type | diet: Calorie Restricted
GSM2132764,B6D2F1_CR2704,821.34,117.334,27.0,years,months,dataset_override_literature_geo,age_unit_override:years->months,blood,B6D2F1,M,CR,GSE80672,RRBS,True,ok,Whole Blood,tissue: whole blood | strain: B6D2F1 | age (years): 27 | gender: Male | genetic condition: Wild Type | diet: Calorie Restricted
GSM2132765,B6D2F1_CR2705,821.34,117.334,27.0,years,months,dataset_override_literature_geo,age_unit_override:years->months,blood,B6D2F1,M,CR,GSE80672,RRBS,True,ok,Whole Blood,tissue: whole blood | strain: B6D2F1 | age (years): 27 | gender: Male | genetic condition: Wild Type | diet: Calorie Restricted
GSM2132766,DW1,182.52,26.074,6.0,years,months,dataset_override_literature_geo,age_unit_override:years->months,blood,(DW/J x C3H/HEJ)/F2,F,control,GSE80672,RRBS,True,ok,Whole Blood,tissue: whole blood | strain: (DW/J x C3H/HEJ)/F2 | age (years): 6 | gender: Female | genetic condition: Snell Dwarf Control | diet: standard
GSM2132767,DW11,182.52,26.074,6.0,years,months,dataset_override_literature_geo,age_unit_override:years->months,blood,(DW/J x C3H/HEJ)/F2,F,control,GSE80672,RRBS,True,ok,Whole Blood,tissue: whole blood | strain: (DW/J x C3H/HEJ)/F2 | age (years): 6 | gender: Female | genetic condition: Snell Dwarf Control | diet: standard
GSM2132768,DW12,182.52,26.074,6.0,years,months,dataset_override_literature_geo,age_unit_override:years->months,blood,(DW/J x C3H/HEJ)/F2,F,control,GSE80672,RRBS,True,ok,Whole Blood,tissue: whole blood | strain: (DW/J x C3H/HEJ)/F2 | age (years): 6 | gender: Female | genetic condition: Snell Dwarf | diet: standard
GSM2132769,DW13,182.52,26.074,6.0,years,months,dataset_override_literature_geo,age_unit_override:years->months,blood,(DW/J x C3H/HEJ)/F2,F,control,GSE80672,RRBS,True,ok,Whole Blood,tissue: whole blood | strain: (DW/J x C3H/HEJ)/F2 | age (years): 6 | gender: Female | genetic condition: Snell Dwarf Control | diet: standard
GSM2132770,DW2,182.52,26.074,6.0,years,months,dataset_override_literature_geo,age_unit_override:years->months,blood,(DW/J x C3H/HEJ)/F2,F,control,GSE80672,RRBS,True,ok,Whole Blood,tissue: whole blood | strain: (DW/J x C3H/HEJ)/F2 | age (years): 6 | gender: Female | genetic condition: Snell Dwarf | diet: standard
GSM2132771,DW23,182.52,26.074,6.0,years,months,dataset_override_literature_geo,age_unit_override:years->months,blood,(DW/J x C3H/HEJ)/F2,M,control,GSE80672,RRBS,True,ok,Whole Blood,tissue: whole blood | strain: (DW/J x C3H/HEJ)/F2 | age (years): 6 | gender: Male | genetic condition: Snell Dwarf Control | diet: standard
GSM2132772,DW24,182.52,26.074,6.0,years,months,dataset_override_literature_geo,age_unit_override:years->months,blood,(DW/J x C3H/HEJ)/F2,M,control,GSE80672,RRBS,True,ok,Whole Blood,tissue: whole blood | strain: (DW/J x C3H/HEJ)/F2 | age (years): 6 | gender: Male | genetic condition: Snell Dwarf | diet: standard
GSM2132773,DW25,182.52,26.074,6.0,years,months,dataset_override_literature_geo,age_unit_override:years->months,blood,(DW/J x C3H/HEJ)/F2,M,control,GSE80672,RRBS,True,ok,Whole Blood,tissue: whole blood | strain: (DW/J x C3H/HEJ)/F2 | age (years): 6 | gender: Male | genetic condition: Snell Dwarf Control | diet: standard
GSM2132774,DW27,182.52,26.074,6.0,years,months,dataset_override_literature_geo,age_unit_override:years->months,blood,(DW/J x C3H/HEJ)/F2,M,control,GSE80672,RRBS,True,ok,Whole Blood,tissue: whole blood | strain: (DW/J x C3H/HEJ)/F2 | age (years): 6 | gender: Male | genetic condition: Snell Dwarf Control | diet: standard
GSM2132775,DW28,182.52,26.074,6.0,years,months,dataset_override_literature_geo,age_unit_override:years->months,blood,(DW/J x C3H/HEJ)/F2,M,control,GSE80672,RRBS,True,ok,Whole Blood,tissue: whole blood | strain: (DW/J x C3H/HEJ)/F2 | age (years): 6 | gender: Male | genetic condition: Snell Dwarf | diet: standard
GSM2132776,DW3,182.52,26.074,6.0,years,months,dataset_override_literature_geo,age_unit_override:years->months,blood,(DW/J x C3H/HEJ)/F2,M,control,GSE80672,RRBS,True,ok,Whole Blood,tissue: whole blood | strain: (DW/J x C3H/HEJ)/F2 | age (years): 6 | gender: Male | genetic condition: Snell Dwarf Control | diet: standard
GSM2132777,DW30,182.52,26.074,6.0,years,months,dataset_override_literature_geo,age_unit_override:years->months,blood,(DW/J x C3H/HEJ)/F2,M,control,GSE80672,RRBS,True,ok,Whole Blood,tissue: whole blood | strain: (DW/J x C3H/HEJ)/F2 | age (years): 6 | gender: Male | genetic condition: Snell Dwarf | diet: standard
GSM2132778,DW31,152.1,21.729,5.0,years,months,dataset_override_literature_geo,age_unit_override:years->months,blood,(DW/J x C3H/HEJ)/F2,M,control,GSE80672,RRBS,True,ok,Whole Blood,tissue: whole blood | strain: (DW/J x C3H/HEJ)/F2 | age (years): 5 | gender: Male | genetic condition: Snell Dwarf Control | diet: standard
GSM2132779,DW32,152.1,21.729,5.0,years,months,dataset_override_literature_geo,age_unit_override:years->months,blood,(DW/J x C3H/HEJ)/F2,M,control,GSE80672,RRBS,True,ok,Whole Blood,tissue: whole blood | strain: (DW/J x C3H/HEJ)/F2 | age (years): 5 | gender: Male | genetic condition: Snell Dwarf | diet: standard
GSM2132780,DW33,152.1,21.729,5.0,years,months,dataset_override_literature_geo,age_unit_override:years->months,blood,(DW/J x C3H/HEJ)/F2,M,control,GSE80672,RRBS,True,ok,Whole Blood,tissue: whole blood | strain: (DW/J x C3H/HEJ)/F2 | age (years): 5 | gender: Male | genetic condition: Snell Dwarf Control | diet: standard
GSM2132781,DW34,152.1,21.729,5.0,years,months,dataset_override_literature_geo,age_unit_override:years->months,blood,(DW/J x C3H/HEJ)/F2,M,control,GSE80672,RRBS,True,ok,Whole Blood,tissue: whole blood | strain: (DW/J x C3H/HEJ)/F2 | age (years): 5 | gender: Male | genetic condition: Snell Dwarf | diet: standard
GSM2132782,DW4,182.52,26.074,6.0,years,months,dataset_override_literature_geo,age_unit_override:years->months,blood,(DW/J x C3H/HEJ)/F2,M,control,GSE80672,RRBS,True,ok,Whole Blood,tissue: whole blood | strain: (DW/J x C3H/HEJ)/F2 | age (years): 6 | gender: Male | genetic condition: Snell Dwarf | diet: standard
GSM2132783,DW5,182.52,26.074,6.0,years,months,dataset_override_literature_geo,age_unit_override:years->months,blood,(DW/J x C3H/HEJ)/F2,F,control,GSE80672,RRBS,True,ok,Whole Blood,tissue: whole blood | strain: (DW/J x C3H/HEJ)/F2 | age (years): 6 | gender: Female | genetic condition: Snell Dwarf Control | diet: standard
GSM2132784,DW6,182.52,26.074,6.0,years,months,dataset_override_literature_geo,age_unit_override:years->months,blood,(DW/J x C3H/HEJ)/F2,F,control,GSE80672,RRBS,True,ok,Whole Blood,tissue: whole blood | strain: (DW/J x C3H/HEJ)/F2 | age (years): 6 | gender: Female | genetic condition: Snell Dwarf | diet: standard
GSM2132785,DW7,182.52,26.074,6.0,years,months,dataset_override_literature_geo,age_unit_override:years->months,blood,(DW/J x C3H/HEJ)/F2,F,control,GSE80672,RRBS,True,ok,Whole Blood,tissue: whole blood | strain: (DW/J x C3H/HEJ)/F2 | age (years): 6 | gender: Female | genetic condition: Snell Dwarf Control | diet: standard
GSM2132786,DW8,182.52,26.074,6.0,years,months,dataset_override_literature_geo,age_unit_override:years->months,blood,(DW/J x C3H/HEJ)/F2,F,control,GSE80672,RRBS,True,ok,Whole Blood,tissue: whole blood | strain: (DW/J x C3H/HEJ)/F2 | age (years): 6 | gender: Female | genetic condition: Snell Dwarf | diet: standard
GSM2132787,DW9,182.52,26.074,6.0,years,months,dataset_override_literature_geo,age_unit_override:years->months,blood,(DW/J x C3H/HEJ)/F2,M,control,GSE80672,RRBS,True,ok,Whole Blood,tissue: whole blood | strain: (DW/J x C3H/HEJ)/F2 | age (years): 6 | gender: Male | genetic condition: Snell Dwarf Control | diet: standard
GSM2132788,GX2455,182.52,26.074,6.0,years,months,dataset_override_literature_geo,age_unit_override:years->months,blood,(C57BL/6J x BALB/cByJ)/F2,F,control,GSE80672,RRBS,True,ok,Whole Blood,tissue: whole blood | strain: (C57BL/6J x BALB/cByJ)/F2 | age (years): 6 | gender: Female | genetic condition: GHRKO WT | diet: standard
GSM2132789,GX2464,182.52,26.074,6.0,years,months,dataset_override_literature_geo,age_unit_override:years->months,blood,(C57BL/6J x BALB/cByJ)/F2,F,control,GSE80672,RRBS,True,ok,Whole Blood,tissue: whole blood | strain: (C57BL/6J x BALB/cByJ)/F2 | age (years): 6 | gender: Female | genetic condition: GHRKO | diet: standard
GSM2132790,GX2465,182.52,26.074,6.0,years,months,dataset_override_literature_geo,age_unit_override:years->months,blood,(C57BL/6J x BALB/cByJ)/F2,F,control,GSE80672,RRBS,True,ok,Whole Blood,tissue: whole blood | strain: (C57BL/6J x BALB/cByJ)/F2 | age (years): 6 | gender: Female | genetic condition: GHRKO WT | diet: standard
GSM2132791,GX2466,182.52,26.074,6.0,years,months,dataset_override_literature_geo,age_unit_override:years->months,blood,(C57BL/6J x BALB/cByJ)/F2,F,control,GSE80672,RRBS,True,ok,Whole Blood,tissue: whole blood | strain: (C57BL/6J x BALB/cByJ)/F2 | age (years): 6 | gender: Female | genetic condition: GHRKO | diet: standard
GSM2132792,GX2467,182.52,26.074,6.0,years,months,dataset_override_literature_geo,age_unit_override:years->months,blood,(C57BL/6J x BALB/cByJ)/F2,F,control,GSE80672,RRBS,True,ok,Whole Blood,tissue: whole blood | strain: (C57BL/6J x BALB/cByJ)/F2 | age (years): 6 | gender: Female | genetic condition: GHRKO | diet: standard
GSM2132793,GX2468,182.52,26.074,6.0,years,months,dataset_override_literature_geo,age_unit_override:years->months,blood,(C57BL/6J x BALB/cByJ)/F2,M,control,GSE80672,RRBS,True,ok,Whole Blood,tissue: whole blood | strain: (C57BL/6J x BALB/cByJ)/F2 | age (years): 6 | gender: Male | genetic condition: GHRKO | diet: standard
GSM2132794,GX2470,182.52,26.074,6.0,years,months,dataset_override_literature_geo,age_unit_override:years->months,blood,(C57BL/6J x BALB/cByJ)/F2,M,control,GSE80672,RRBS,True,ok,Whole Blood,tissue: whole blood | strain: (C57BL/6J x BALB/cByJ)/F2 | age (years): 6 | gender: Male | genetic condition: GHRKO | diet: standard
GSM2132795,GX2471,182.52,26.074,6.0,years,months,dataset_override_literature_geo,age_unit_override:years->months,blood,(C57BL/6J x BALB/cByJ)/F2,M,control,GSE80672,RRBS,True,ok,Whole Blood,tissue: whole blood | strain: (C57BL/6J x BALB/cByJ)/F2 | age (years): 6 | gender: Male | genetic condition: GHRKO | diet: standard
GSM2132796,GX2472,182.52,26.074,6.0,years,months,dataset_override_literature_geo,age_unit_override:years->months,blood,(C57BL/6J x BALB/cByJ)/F2,M,control,GSE80672,RRBS,True,ok,Whole Blood,tissue: whole blood | strain: (C57BL/6J x BALB/cByJ)/F2 | age (years): 6 | gender: Male | genetic condition: GHRKO WT | diet: standard
GSM2132797,GX2474,182.52,26.074,6.0,years,months,dataset_override_literature_geo,age_unit_override:years->months,blood,(C57BL/6J x BALB/cByJ)/F2,F,control,GSE80672,RRBS,True,ok,Whole Blood,tissue: whole blood | strain: (C57BL/6J x BALB/cByJ)/F2 | age (years): 6 | gender: Female | genetic condition: GHRKO | diet: standard
GSM2132798,GX2479,182.52,26.074,6.0,years,months,dataset_override_literature_geo,age_unit_override:years->months,blood,(C57BL/6J x BALB/cByJ)/F2,M,control,GSE80672,RRBS,True,ok,Whole Blood,tissue: whole blood | strain: (C57BL/6J x BALB/cByJ)/F2 | age (years): 6 | gender: Male | genetic condition: GHRKO WT | diet: standard
GSM2132799,GX2481,182.52,26.074,6.0,years,months,dataset_override_literature_geo,age_unit_override:years->months,blood,(C57BL/6J x BALB/cByJ)/F2,F,control,GSE80672,RRBS,True,ok,Whole Blood,tissue: whole blood | strain: (C57BL/6J x BALB/cByJ)/F2 | age (years): 6 | gender: Female | genetic condition: GHRKO WT | diet: standard
GSM2132800,GX2483,182.52,26.074,6.0,years,months,dataset_override_literature_geo,age_unit_override:years->months,blood,(C57BL/6J x BALB/cByJ)/F2,F,control,GSE80672,RRBS,True,ok,Whole Blood,tissue: whole blood | strain: (C57BL/6J x BALB/cByJ)/F2 | age (years): 6 | gender: Female | genetic condition: GHRKO | diet: standard
GSM2132801,GX2517,182.52,26.074,6.0,years,months,dataset_override_literature_geo,age_unit_override:years->months,blood,(C57BL/6J x BALB/cByJ)/F2,M,control,GSE80672,RRBS,True,ok,Whole Blood,tissue: whole blood | strain: (C57BL/6J x BALB/cByJ)/F2 | age (years): 6 | gender: Male | genetic condition: GHRKO | diet: standard
GSM2132802,GX2518,182.52,26.074,6.0,years,months,dataset_override_literature_geo,age_unit_override:years->months,blood,(C57BL/6J x BALB/cByJ)/F2,M,control,GSE80672,RRBS,True,ok,Whole Blood,tissue: whole blood | strain: (C57BL/6J x BALB/cByJ)/F2 | age (years): 6 | gender: Male | genetic condition: GHRKO | diet: standard
GSM2132803,GX2519,182.52,26.074,6.0,years,months,dataset_override_literature_geo,age_unit_override:years->months,blood,(C57BL/6J x BALB/cByJ)/F2,M,control,GSE80672,RRBS,True,ok,Whole Blood,tissue: whole blood | strain: (C57BL/6J x BALB/cByJ)/F2 | age (years): 6 | gender: Male | genetic condition: GHRKO WT | diet: standard
GSM2132804,GX2521,182.52,26.074,6.0,years,months,dataset_override_literature_geo,age_unit_override:years->months,blood,(C57BL/6J x BALB/cByJ)/F2,M,control,GSE80672,RRBS,True,ok,Whole Blood,tissue: whole blood | strain: (C57BL/6J x BALB/cByJ)/F2 | age (years): 6 | gender: Male | genetic condition: GHRKO | diet: standard
GSM2132805,GX2522,182.52,26.074,6.0,years,months,dataset_override_literature_geo,age_unit_override:years->months,blood,(C57BL/6J x BALB/cByJ)/F2,M,control,GSE80672,RRBS,True,ok,Whole Blood,tissue: whole blood | strain: (C57BL/6J x BALB/cByJ)/F2 | age (years): 6 | gender: Male | genetic condition: GHRKO WT | diet: standard
GSM2132806,GX2582,182.52,26.074,6.0,years,months,dataset_override_literature_geo,age_unit_override:years->months,blood,(C57BL/6J x BALB/cByJ)/F2,M,control,GSE80672,RRBS,True,ok,Whole Blood,tissue: whole blood | strain: (C57BL/6J x BALB/cByJ)/F2 | age (years): 6 | gender: Male | genetic condition: GHRKO | diet: standard
GSM2132807,GX2584,182.52,26.074,6.0,years,months,dataset_override_literature_geo,age_unit_override:years->months,blood,(C57BL/6J x BALB/cByJ)/F2,M,control,GSE80672,RRBS,True,ok,Whole Blood,tissue: whole blood | strain: (C57BL/6J x BALB/cByJ)/F2 | age (years): 6 | gender: Male | genetic condition: GHRKO WT | diet: standard
GSM2132808,GX2595,182.52,26.074,6.0,years,months,dataset_override_literature_geo,age_unit_override:years->months,blood,(C57BL/6J x BALB/cByJ)/F2,M,control,GSE80672,RRBS,True,ok,Whole Blood,tissue: whole blood | strain: (C57BL/6J x BALB/cByJ)/F2 | age (years): 6 | gender: Male | genetic condition: GHRKO WT | diet: standard
GSM2132809,GX2596,182.52,26.074,6.0,years,months,dataset_override_literature_geo,age_unit_override:years->months,blood,(C57BL/6J x BALB/cByJ)/F2,M,control,GSE80672,RRBS,True,ok,Whole Blood,tissue: whole blood | strain: (C57BL/6J x BALB/cByJ)/F2 | age (years): 6 | gender: Male | genetic condition: GHRKO | diet: standard
GSM2132810,GX2623,182.52,26.074,6.0,years,months,dataset_override_literature_geo,age_unit_override:years->months,blood,(C57BL/6J x BALB/cByJ)/F2,M,control,GSE80672,RRBS,True,ok,Whole Blood,tissue: whole blood | strain: (C57BL/6J x BALB/cByJ)/F2 | age (years): 6 | gender: Male | genetic condition: GHRKO WT | diet: standard
GSM2132811,GX2627,182.52,26.074,6.0,years,months,dataset_override_literature_geo,age_unit_override:years->months,blood,(C57BL/6J x BALB/cByJ)/F2,M,control,GSE80672,RRBS,True,ok,Whole Blood,tissue: whole blood | strain: (C57BL/6J x BALB/cByJ)/F2 | age (years): 6 | gender: Male | genetic condition: GHRKO | diet: standard
GSM2132812,GX2638,182.52,26.074,6.0,years,months,dataset_override_literature_geo,age_unit_override:years->months,blood,(C57BL/6J x BALB/cByJ)/F2,M,control,GSE80672,RRBS,True,ok,Whole Blood,tissue: whole blood | strain: (C57BL/6J x BALB/cByJ)/F2 | age (years): 6 | gender: Male | genetic condition: GHRKO WT | diet: standard
GSM2132813,GX2642,182.52,26.074,6.0,years,months,dataset_override_literature_geo,age_unit_override:years->months,blood,(C57BL/6J x BALB/cByJ)/F2,F,control,GSE80672,RRBS,True,ok,Whole Blood,tissue: whole blood | strain: (C57BL/6J x BALB/cByJ)/F2 | age (years): 6 | gender: Female | genetic condition: GHRKO | diet: standard
GSM2132814,K1,76.05,10.864,2.5,years,months,dataset_override_literature_geo,age_unit_override:years->months,fibroblast,"Kidney Fibroblasts, C57BL/6",M,control,GSE80672,RRBS,True,ok,Kidney fibroblasts,"tissue: Primary Renal Fibroblasts | strain: Kidney Fibroblasts, C57BL/6 | age (years): 2.5 (at isolation) | gender: Male | genetic condition: Wild Type | diet: standard"
GSM2132815,K2,76.05,10.864,2.5,years,months,dataset_override_literature_geo,age_unit_override:years->months,fibroblast,"Kidney Fibroblasts, C57BL/6",M,control,GSE80672,RRBS,True,ok,Kidney fibroblasts,"tissue: Primary Renal Fibroblasts | strain: Kidney Fibroblasts, C57BL/6 | age (years): 2.5 (at isolation) | gender: Male | genetic condition: Wild Type | diet: standard"
GSM2132816,K3,76.05,10.864,2.5,years,months,dataset_override_literature_geo,age_unit_override:years->months,fibroblast,"Kidney Fibroblasts, C57BL/6",M,control,GSE80672,RRBS,True,ok,Kidney fibroblasts,"tissue: Primary Renal Fibroblasts | strain: Kidney Fibroblasts, C57BL/6 | age (years): 2.5 (at isolation) | gender: Male | genetic condition: Wild Type | diet: standard"
GSM2132817,L1,76.05,10.864,2.5,years,months,dataset_override_literature_geo,age_unit_override:years->months,fibroblast,"Lung Fibroblasts, C57BL/6",M,control,GSE80672,RRBS,True,ok,Lung fibroblasts,"tissue: Primary Lung Fibroblasts | strain: Lung Fibroblasts, C57BL/6 | age (years): 2.5 (at isolation) | gender: Male | genetic condition: Wild Type | diet: standard"
GSM2132818,L2,76.05,10.864,2.5,years,months,dataset_override_literature_geo,age_unit_override:years->months,fibroblast,"Lung Fibroblasts, C57BL/6",M,control,GSE80672,RRBS,True,ok,Lung fibroblasts,"tissue: Primary Lung Fibroblasts | strain: Lung Fibroblasts, C57BL/6 | age (years): 2.5 (at isolation) | gender: Male | genetic condition: Wild Type | diet: standard"
GSM2132819,L3,76.05,10.864,2.5,years,months,dataset_override_literature_geo,age_unit_override:years->months,fibroblast,"Lung Fibroblasts, C57BL/6",M,control,GSE80672,RRBS,True,ok,Lung fibroblasts,"tissue: Primary Lung Fibroblasts | strain: Lung Fibroblasts, C57BL/6 | age (years): 2.5 (at isolation) | gender: Male | genetic condition: Wild Type | diet: standard"
GSM2132820,M0301,91.26,13.037,3.0,years,months,dataset_override_literature_geo,age_unit_override:years->months,blood,C57BL/6,M,control,GSE80672,RRBS,True,ok,Whole Blood,tissue: whole blood | strain: C57BL/6 | age (years): 3 | gender: Male | genetic condition: Wild Type | diet: standard
GSM2132821,M0302,91.26,13.037,3.0,years,months,dataset_override_literature_geo,age_unit_override:years->months,blood,C57BL/6,M,control,GSE80672,RRBS,True,ok,Whole Blood,tissue: whole blood | strain: C57BL/6 | age (years): 3 | gender: Male | genetic condition: Wild Type | diet: standard
GSM2132822,M0303,91.26,13.037,3.0,years,months,dataset_override_literature_geo,age_unit_override:years->months,blood,C57BL/6,M,control,GSE80672,RRBS,True,ok,Whole Blood,tissue: whole blood | strain: C57BL/6 | age (years): 3 | gender: Male | genetic condition: Wild Type | diet: standard
GSM2132823,M0304,91.26,13.037,3.0,years,months,dataset_override_literature_geo,age_unit_override:years->months,blood,C57BL/6,M,control,GSE80672,RRBS,True,ok,Whole Blood,tissue: whole blood | strain: C57BL/6 | age (years): 3 | gender: Male | genetic condition: Wild Type | diet: standard
GSM2132824,M0305,91.26,13.037,3.0,years,months,dataset_override_literature_geo,age_unit_override:years->months,blood,C57BL/6,M,control,GSE80672,RRBS,True,ok,Whole Blood,tissue: whole blood | strain: C57BL/6 | age (years): 3 | gender: Male | genetic condition: Wild Type | diet: standard
GSM2132825,M0306,91.26,13.037,3.0,years,months,dataset_override_literature_geo,age_unit_override:years->months,blood,C57BL/6,M,control,GSE80672,RRBS,True,ok,Whole Blood,tissue: whole blood | strain: C57BL/6 | age (years): 3 | gender: Male | genetic condition: Wild Type | diet: standard
GSM2132826,M0308,91.26,13.037,3.0,years,months,dataset_override_literature_geo,age_unit_override:years->months,blood,C57BL/6,M,control,GSE80672,RRBS,True,ok,Whole Blood,tissue: whole blood | strain: C57BL/6 | age (years): 3 | gender: Male | genetic condition: Wild Type | diet: standard
GSM2132827,M0309,91.26,13.037,3.0,years,months,dataset_override_literature_geo,age_unit_override:years->months,blood,C57BL/6,M,control,GSE80672,RRBS,True,ok,Whole Blood,tissue: whole blood | strain: C57BL/6 | age (years): 3 | gender: Male | genetic condition: Wild Type | diet: standard
GSM2132828,M0310,91.26,13.037,3.0,years,months,dataset_override_literature_geo,age_unit_override:years->months,blood,C57BL/6,M,control,GSE80672,RRBS,True,ok,Whole Blood,tissue: whole blood | strain: C57BL/6 | age (years): 3 | gender: Male | genetic condition: Wild Type | diet: standard
GSM2132829,M0401,121.68,17.383,4.0,years,months,dataset_override_literature_geo,age_unit_override:years->months,blood,C57BL/6,M,control,GSE80672,RRBS,True,ok,Whole Blood,tissue: whole blood | strain: C57BL/6 | age (years): 4 | gender: Male | genetic condition: Wild Type | diet: standard
GSM2132830,M0402,121.68,17.383,4.0,years,months,dataset_override_literature_geo,age_unit_override:years->months,blood,C57BL/6,M,control,GSE80672,RRBS,True,ok,Whole Blood,tissue: whole blood | strain: C57BL/6 | age (years): 4 | gender: Male | genetic condition: Wild Type | diet: standard
GSM2132831,M0403,121.68,17.383,4.0,years,months,dataset_override_literature_geo,age_unit_override:years->months,blood,C57BL/6,M,control,GSE80672,RRBS,True,ok,Whole Blood,tissue: whole blood | strain: C57BL/6 | age (years): 4 | gender: Male | genetic condition: Wild Type | diet: standard
GSM2132832,M0404,121.68,17.383,4.0,years,months,dataset_override_literature_geo,age_unit_override:years->months,blood,C57BL/6,M,control,GSE80672,RRBS,True,ok,Whole Blood,tissue: whole blood | strain: C57BL/6 | age (years): 4 | gender: Male | genetic condition: Wild Type | diet: standard
GSM2132833,M0405,121.68,17.383,4.0,years,months,dataset_override_literature_geo,age_unit_override:years->months,blood,C57BL/6,M,control,GSE80672,RRBS,True,ok,Whole Blood,tissue: whole blood | strain: C57BL/6 | age (years): 4 | gender: Male | genetic condition: Wild Type | diet: standard
GSM2132834,M0406,121.68,17.383,4.0,years,months,dataset_override_literature_geo,age_unit_override:years->months,blood,C57BL/6,M,control,GSE80672,RRBS,True,ok,Whole Blood,tissue: whole blood | strain: C57BL/6 | age (years): 4 | gender: Male | genetic condition: Wild Type | diet: standard
GSM2132835,M0407,121.68,17.383,4.0,years,months,dataset_override_literature_geo,age_unit_override:years->months,blood,C57BL/6,M,control,GSE80672,RRBS,True,ok,Whole Blood,tissue: whole blood | strain: C57BL/6 | age (years): 4 | gender: Male | genetic condition: Wild Type | diet: standard
GSM2132836,M0409,121.68,17.383,4.0,years,months,dataset_override_literature_geo,age_unit_override:years->months,blood,C57BL/6,M,control,GSE80672,RRBS,True,ok,Whole Blood,tissue: whole blood | strain: C57BL/6 | age (years): 4 | gender: Male | genetic condition: Wild Type | diet: standard
GSM2132837,M0410,121.68,17.383,4.0,years,months,dataset_override_literature_geo,age_unit_override:years->months,blood,C57BL/6,M,control,GSE80672,RRBS,True,ok,Whole Blood,tissue: whole blood | strain: C57BL/6 | age (years): 4 | gender: Male | genetic condition: Wild Type | diet: standard
GSM2132838,M0601,182.52,26.074,6.0,years,months,dataset_override_literature_geo,age_unit_override:years->months,blood,C57BL/6,M,control,GSE80672,RRBS,True,ok,Whole Blood,tissue: whole blood | strain: C57BL/6 | age (years): 6 | gender: Male | genetic condition: Wild Type | diet: standard
GSM2132839,M0603,182.52,26.074,6.0,years,months,dataset_override_literature_geo,age_unit_override:years->months,blood,C57BL/6,M,control,GSE80672,RRBS,True,ok,Whole Blood,tissue: whole blood | strain: C57BL/6 | age (years): 6 | gender: Male | genetic condition: Wild Type | diet: standard
GSM2132840,M0604,182.52,26.074,6.0,years,months,dataset_override_literature_geo,age_unit_override:years->months,blood,C57BL/6,M,control,GSE80672,RRBS,True,ok,Whole Blood,tissue: whole blood | strain: C57BL/6 | age (years): 6 | gender: Male | genetic condition: Wild Type | diet: standard
GSM2132841,M0605,182.52,26.074,6.0,years,months,dataset_override_literature_geo,age_unit_override:years->months,blood,C57BL/6,M,control,GSE80672,RRBS,True,ok,Whole Blood,tissue: whole blood | strain: C57BL/6 | age (years): 6 | gender: Male | genetic condition: Wild Type | diet: standard
GSM2132842,M0606,182.52,26.074,6.0,years,months,dataset_override_literature_geo,age_unit_override:years->months,blood,C57BL/6,M,control,GSE80672,RRBS,True,ok,Whole Blood,tissue: whole blood | strain: C57BL/6 | age (years): 6 | gender: Male | genetic condition: Wild Type | diet: standard
GSM2132843,M0607,182.52,26.074,6.0,years,months,dataset_override_literature_geo,age_unit_override:years->months,blood,C57BL/6,M,control,GSE80672,RRBS,True,ok,Whole Blood,tissue: whole blood | strain: C57BL/6 | age (years): 6 | gender: Male | genetic condition: Wild Type | diet: standard
GSM2132844,M0608,182.52,26.074,6.0,years,months,dataset_override_literature_geo,age_unit_override:years->months,blood,C57BL/6,M,control,GSE80672,RRBS,True,ok,Whole Blood,tissue: whole blood | strain: C57BL/6 | age (years): 6 | gender: Male | genetic condition: Wild Type | diet: standard
GSM2132845,M0609,182.52,26.074,6.0,years,months,dataset_override_literature_geo,age_unit_override:years->months,blood,C57BL/6,M,control,GSE80672,RRBS,True,ok,Whole Blood,tissue: whole blood | strain: C57BL/6 | age (years): 6 | gender: Male | genetic condition: Wild Type | diet: standard
GSM2132846,M0610,182.52,26.074,6.0,years,months,dataset_override_literature_geo,age_unit_override:years->months,blood,C57BL/6,M,control,GSE80672,RRBS,True,ok,Whole Blood,tissue: whole blood | strain: C57BL/6 | age (years): 6 | gender: Male | genetic condition: Wild Type | diet: standard
GSM2132847,M0801,243.36,34.766,8.0,years,months,dataset_override_literature_geo,age_unit_override:years->months,blood,C57BL/6,M,control,GSE80672,RRBS,True,ok,Whole Blood,tissue: whole blood | strain: C57BL/6 | age (years): 8 | gender: Male | genetic condition: Wild Type | diet: standard
GSM2132848,M0802,243.36,34.766,8.0,years,months,dataset_override_literature_geo,age_unit_override:years->months,blood,C57BL/6,M,control,GSE80672,RRBS,True,ok,Whole Blood,tissue: whole blood | strain: C57BL/6 | age (years): 8 | gender: Male | genetic condition: Wild Type | diet: standard
GSM2132849,M0803,243.36,34.766,8.0,years,months,dataset_override_literature_geo,age_unit_override:years->months,blood,C57BL/6,M,control,GSE80672,RRBS,True,ok,Whole Blood,tissue: whole blood | strain: C57BL/6 | age (years): 8 | gender: Male | genetic condition: Wild Type | diet: standard
GSM2132850,M0804,243.36,34.766,8.0,years,months,dataset_override_literature_geo,age_unit_override:years->months,blood,C57BL/6,M,control,GSE80672,RRBS,True,ok,Whole Blood,tissue: whole blood | strain: C57BL/6 | age (years): 8 | gender: Male | genetic condition: Wild Type | diet: standard
GSM2132851,M0805,243.36,34.766,8.0,years,months,dataset_override_literature_geo,age_unit_override:years->months,blood,C57BL/6,M,control,GSE80672,RRBS,True,ok,Whole Blood,tissue: whole blood | strain: C57BL/6 | age (years): 8 | gender: Male | genetic condition: Wild Type | diet: standard
GSM2132852,M0806,243.36,34.766,8.0,years,months,dataset_override_literature_geo,age_unit_override:years->months,blood,C57BL/6,M,control,GSE80672,RRBS,True,ok,Whole Blood,tissue: whole blood | strain: C57BL/6 | age (years): 8 | gender: Male | genetic condition: Wild Type | diet: standard
GSM2132853,M0807,243.36,34.766,8.0,years,months,dataset_override_literature_geo,age_unit_override:years->months,blood,C57BL/6,M,control,GSE80672,RRBS,True,ok,Whole Blood,tissue: whole blood | strain: C57BL/6 | age (years): 8 | gender: Male | genetic condition: Wild Type | diet: standard
GSM2132854,M0808,243.36,34.766,8.0,years,months,dataset_override_literature_geo,age_unit_override:years->months,blood,C57BL/6,M,control,GSE80672,RRBS,True,ok,Whole Blood,tissue: whole blood | strain: C57BL/6 | age (years): 8 | gender: Male | genetic condition: Wild Type | diet: standard
GSM2132855,M0810,243.36,34.766,8.0,years,months,dataset_override_literature_geo,age_unit_override:years->months,blood,C57BL/6,M,control,GSE80672,RRBS,True,ok,Whole Blood,tissue: whole blood | strain: C57BL/6 | age (years): 8 | gender: Male | genetic condition: Wild Type | diet: standard
GSM2132856,M10_7501,304.2,43.457,10.0,years,months,dataset_override_literature_geo,age_unit_override:years->months,blood,C57BL/6,M,control,GSE80672,RRBS,True,ok,Whole Blood,tissue: whole blood | strain: C57BL/6 | age (years): 10 | gender: Male | genetic condition: Wild Type | diet: standard
GSM2132857,M10_7502,304.2,43.457,10.0,years,months,dataset_override_literature_geo,age_unit_override:years->months,blood,C57BL/6,M,control,GSE80672,RRBS,True,ok,Whole Blood,tissue: whole blood | strain: C57BL/6 | age (years): 10 | gender: Male | genetic condition: Wild Type | diet: standard
GSM2132858,M10_7504,304.2,43.457,10.0,years,months,dataset_override_literature_geo,age_unit_override:years->months,blood,C57BL/6,M,control,GSE80672,RRBS,True,ok,Whole Blood,tissue: whole blood | strain: C57BL/6 | age (years): 10 | gender: Male | genetic condition: Wild Type | diet: standard
GSM2132859,M10_7505,304.2,43.457,10.0,years,months,dataset_override_literature_geo,age_unit_override:years->months,blood,C57BL/6,M,control,GSE80672,RRBS,True,ok,Whole Blood,tissue: whole blood | strain: C57BL/6 | age (years): 10 | gender: Male | genetic condition: Wild Type | diet: standard
GSM2132860,M10_7506,304.2,43.457,10.0,years,months,dataset_override_literature_geo,age_unit_override:years->months,blood,C57BL/6,M,control,GSE80672,RRBS,True,ok,Whole Blood,tissue: whole blood | strain: C57BL/6 | age (years): 10 | gender: Male | genetic condition: Wild Type | diet: standard
GSM2132861,M10_7507,304.2,43.457,10.0,years,months,dataset_override_literature_geo,age_unit_override:years->months,blood,C57BL/6,M,control,GSE80672,RRBS,True,ok,Whole Blood,tissue: whole blood | strain: C57BL/6 | age (years): 10 | gender: Male | genetic condition: Wild Type | diet: standard
GSM2132862,M10_7508,304.2,43.457,10.0,years,months,dataset_override_literature_geo,age_unit_override:years->months,blood,C57BL/6,M,control,GSE80672,RRBS,True,ok,Whole Blood,tissue: whole blood | strain: C57BL/6 | age (years): 10 | gender: Male | genetic condition: Wild Type | diet: standard
GSM2132863,M10_7509,304.2,43.457,10.0,years,months,dataset_override_literature_geo,age_unit_override:years->months,blood,C57BL/6,M,control,GSE80672,RRBS,True,ok,Whole Blood,tissue: whole blood | strain: C57BL/6 | age (years): 10 | gender: Male | genetic condition: Wild Type | diet: standard
GSM2132864,M10_7510,304.2,43.457,10.0,years,months,dataset_override_literature_geo,age_unit_override:years->months,blood,C57BL/6,M,control,GSE80672,RRBS,True,ok,Whole Blood,tissue: whole blood | strain: C57BL/6 | age (years): 10 | gender: Male | genetic condition: Wild Type | diet: standard
GSM2132865,M1201,365.04,52.149,12.0,years,months,dataset_override_literature_geo,age_unit_override:years->months,blood,C57BL/6,M,control,GSE80672,RRBS,True,ok,Whole Blood,tissue: whole blood | strain: C57BL/6 | age (years): 12 | gender: Male | genetic condition: Wild Type | diet: standard
GSM2132866,M1202,365.04,52.149,12.0,years,months,dataset_override_literature_geo,age_unit_override:years->months,blood,C57BL/6,M,control,GSE80672,RRBS,True,ok,Whole Blood,tissue: whole blood | strain: C57BL/6 | age (years): 12 | gender: Male | genetic condition: Wild Type | diet: standard
GSM2132867,M1203,365.04,52.149,12.0,years,months,dataset_override_literature_geo,age_unit_override:years->months,blood,C57BL/6,M,control,GSE80672,RRBS,True,ok,Whole Blood,tissue: whole blood | strain: C57BL/6 | age (years): 12 | gender: Male | genetic condition: Wild Type | diet: standard
GSM2132868,M1204,365.04,52.149,12.0,years,months,dataset_override_literature_geo,age_unit_override:years->months,blood,C57BL/6,M,control,GSE80672,RRBS,True,ok,Whole Blood,tissue: whole blood | strain: C57BL/6 | age (years): 12 | gender: Male | genetic condition: Wild Type | diet: standard
GSM2132869,M1205,365.04,52.149,12.0,years,months,dataset_override_literature_geo,age_unit_override:years->months,blood,C57BL/6,M,control,GSE80672,RRBS,True,ok,Whole Blood,tissue: whole blood | strain: C57BL/6 | age (years): 12 | gender: Male | genetic condition: Wild Type | diet: standard
GSM2132870,M1206,365.04,52.149,12.0,years,months,dataset_override_literature_geo,age_unit_override:years->months,blood,C57BL/6,M,control,GSE80672,RRBS,True,ok,Whole Blood,tissue: whole blood | strain: C57BL/6 | age (years): 12 | gender: Male | genetic condition: Wild Type | diet: standard
GSM2132871,M1207,365.04,52.149,12.0,years,months,dataset_override_literature_geo,age_unit_override:years->months,blood,C57BL/6,M,control,GSE80672,RRBS,True,ok,Whole Blood,tissue: whole blood | strain: C57BL/6 | age (years): 12 | gender: Male | genetic condition: Wild Type | diet: standard
GSM2132872,M1208,365.04,52.149,12.0,years,months,dataset_override_literature_geo,age_unit_override:years->months,blood,C57BL/6,M,control,GSE80672,RRBS,True,ok,Whole Blood,tissue: whole blood | strain: C57BL/6 | age (years): 12 | gender: Male | genetic condition: Wild Type | diet: standard
GSM2132873,M1209,365.04,52.149,12.0,years,months,dataset_override_literature_geo,age_unit_override:years->months,blood,C57BL/6,M,control,GSE80672,RRBS,True,ok,Whole Blood,tissue: whole blood | strain: C57BL/6 | age (years): 12 | gender: Male | genetic condition: Wild Type | diet: standard
GSM2132874,M1210,365.04,52.149,12.0,years,months,dataset_override_literature_geo,age_unit_override:years->months,blood,C57BL/6,M,control,GSE80672,RRBS,True,ok,Whole Blood,tissue: whole blood | strain: C57BL/6 | age (years): 12 | gender: Male | genetic condition: Wild Type | diet: standard
GSM2132875,M1601,486.72,69.531,16.0,years,months,dataset_override_literature_geo,age_unit_override:years->months,blood,C57BL/6,M,control,GSE80672,RRBS,True,ok,Whole Blood,tissue: whole blood | strain: C57BL/6 | age (years): 16 | gender: Male | genetic condition: Wild Type | diet: standard
GSM2132876,M1602,486.72,69.531,16.0,years,months,dataset_override_literature_geo,age_unit_override:years->months,blood,C57BL/6,M,control,GSE80672,RRBS,True,ok,Whole Blood,tissue: whole blood | strain: C57BL/6 | age (years): 16 | gender: Male | genetic condition: Wild Type | diet: standard
GSM2132877,M1603,486.72,69.531,16.0,years,months,dataset_override_literature_geo,age_unit_override:years->months,blood,C57BL/6,M,control,GSE80672,RRBS,True,ok,Whole Blood,tissue: whole blood | strain: C57BL/6 | age (years): 16 | gender: Male | genetic condition: Wild Type | diet: standard
GSM2132878,M1605,486.72,69.531,16.0,years,months,dataset_override_literature_geo,age_unit_override:years->months,blood,C57BL/6,M,control,GSE80672,RRBS,True,ok,Whole Blood,tissue: whole blood | strain: C57BL/6 | age (years): 16 | gender: Male | genetic condition: Wild Type | diet: standard
GSM2132879,M1606,486.72,69.531,16.0,years,months,dataset_override_literature_geo,age_unit_override:years->months,blood,C57BL/6,M,control,GSE80672,RRBS,True,ok,Whole Blood,tissue: whole blood | strain: C57BL/6 | age (years): 16 | gender: Male | genetic condition: Wild Type | diet: standard
GSM2132880,M1607,486.72,69.531,16.0,years,months,dataset_override_literature_geo,age_unit_override:years->months,blood,C57BL/6,M,control,GSE80672,RRBS,True,ok,Whole Blood,tissue: whole blood | strain: C57BL/6 | age (years): 16 | gender: Male | genetic condition: Wild Type | diet: standard
GSM2132881,M1608,486.72,69.531,16.0,years,months,dataset_override_literature_geo,age_unit_override:years->months,blood,C57BL/6,M,control,GSE80672,RRBS,True,ok,Whole Blood,tissue: whole blood | strain: C57BL/6 | age (years): 16 | gender: Male | genetic condition: Wild Type | diet: standard
GSM2132882,M1609,486.72,69.531,16.0,years,months,dataset_override_literature_geo,age_unit_override:years->months,blood,C57BL/6,M,control,GSE80672,RRBS,True,ok,Whole Blood,tissue: whole blood | strain: C57BL/6 | age (years): 16 | gender: Male | genetic condition: Wild Type | diet: standard
GSM2132883,M1610,486.72,69.531,16.0,years,months,dataset_override_literature_geo,age_unit_override:years->months,blood,C57BL/6,M,control,GSE80672,RRBS,True,ok,Whole Blood,tissue: whole blood | strain: C57BL/6 | age (years): 16 | gender: Male | genetic condition: Wild Type | diet: standard
GSM2132884,M2001,608.4,86.914,20.0,years,months,dataset_override_literature_geo,age_unit_override:years->months,blood,C57BL/6,M,control,GSE80672,RRBS,True,ok,Whole Blood,tissue: whole blood | strain: C57BL/6 | age (years): 20 | gender: Male | genetic condition: Wild Type | diet: standard
GSM2132885,M2003,608.4,86.914,20.0,years,months,dataset_override_literature_geo,age_unit_override:years->months,blood,C57BL/6,M,control,GSE80672,RRBS,True,ok,Whole Blood,tissue: whole blood | strain: C57BL/6 | age (years): 20 | gender: Male | genetic condition: Wild Type | diet: standard
GSM2132886,M2004,608.4,86.914,20.0,years,months,dataset_override_literature_geo,age_unit_override:years->months,blood,C57BL/6,M,control,GSE80672,RRBS,True,ok,Whole Blood,tissue: whole blood | strain: C57BL/6 | age (years): 20 | gender: Male | genetic condition: Wild Type | diet: standard
GSM2132887,M2005,608.4,86.914,20.0,years,months,dataset_override_literature_geo,age_unit_override:years->months,blood,C57BL/6,M,control,GSE80672,RRBS,True,ok,Whole Blood,tissue: whole blood | strain: C57BL/6 | age (years): 20 | gender: Male | genetic condition: Wild Type | diet: standard
GSM2132888,M2006,608.4,86.914,20.0,years,months,dataset_override_literature_geo,age_unit_override:years->months,blood,C57BL/6,M,control,GSE80672,RRBS,True,ok,Whole Blood,tissue: whole blood | strain: C57BL/6 | age (years): 20 | gender: Male | genetic condition: Wild Type | diet: standard
GSM2132889,M2007,608.4,86.914,20.0,years,months,dataset_override_literature_geo,age_unit_override:years->months,blood,C57BL/6,M,control,GSE80672,RRBS,True,ok,Whole Blood,tissue: whole blood | strain: C57BL/6 | age (years): 20 | gender: Male | genetic condition: Wild Type | diet: standard
GSM2132890,M2008,608.4,86.914,20.0,years,months,dataset_override_literature_geo,age_unit_override:years->months,blood,C57BL/6,M,control,GSE80672,RRBS,True,ok,Whole Blood,tissue: whole blood | strain: C57BL/6 | age (years): 20 | gender: Male | genetic condition: Wild Type | diet: standard
GSM2132891,M2009,608.4,86.914,20.0,years,months,dataset_override_literature_geo,age_unit_override:years->months,blood,C57BL/6,M,control,GSE80672,RRBS,True,ok,Whole Blood,tissue: whole blood | strain: C57BL/6 | age (years): 20 | gender: Male | genetic condition: Wild Type | diet: standard
GSM2132892,M2010,608.4,86.914,20.0,years,months,dataset_override_literature_geo,age_unit_override:years->months,blood,C57BL/6,M,control,GSE80672,RRBS,True,ok,Whole Blood,tissue: whole blood | strain: C57BL/6 | age (years): 20 | gender: Male | genetic condition: Wild Type | diet: standard
GSM2132893,M2201,669.24,95.606,22.0,years,months,dataset_override_literature_geo,age_unit_override:years->months,blood,C57BL/6,M,control,GSE80672,RRBS,True,ok,Whole Blood,tissue: whole blood | strain: C57BL/6 | age (years): 22 | gender: Male | genetic condition: Wild Type | diet: standard
GSM2132894,M2202,669.24,95.606,22.0,years,months,dataset_override_literature_geo,age_unit_override:years->months,blood,C57BL/6,M,control,GSE80672,RRBS,True,ok,Whole Blood,tissue: whole blood | strain: C57BL/6 | age (years): 22 | gender: Male | genetic condition: Wild Type | diet: standard
GSM2132895,M2203,669.24,95.606,22.0,years,months,dataset_override_literature_geo,age_unit_override:years->months,blood,C57BL/6,M,control,GSE80672,RRBS,True,ok,Whole Blood,tissue: whole blood | strain: C57BL/6 | age (years): 22 | gender: Male | genetic condition: Wild Type | diet: standard
GSM2132896,M2204,669.24,95.606,22.0,years,months,dataset_override_literature_geo,age_unit_override:years->months,blood,C57BL/6,M,control,GSE80672,RRBS,True,ok,Whole Blood,tissue: whole blood | strain: C57BL/6 | age (years): 22 | gender: Male | genetic condition: Wild Type | diet: standard
GSM2132897,M2205,669.24,95.606,22.0,years,months,dataset_override_literature_geo,age_unit_override:years->months,blood,C57BL/6,M,control,GSE80672,RRBS,True,ok,Whole Blood,tissue: whole blood | strain: C57BL/6 | age (years): 22 | gender: Male | genetic condition: Wild Type | diet: standard
GSM2132898,M2206,669.24,95.606,22.0,years,months,dataset_override_literature_geo,age_unit_override:years->months,blood,C57BL/6,M,control,GSE80672,RRBS,True,ok,Whole Blood,tissue: whole blood | strain: C57BL/6 | age (years): 22 | gender: Male | genetic condition: Wild Type | diet: standard
GSM2132899,M2208,669.24,95.606,22.0,years,months,dataset_override_literature_geo,age_unit_override:years->months,blood,C57BL/6,M,control,GSE80672,RRBS,True,ok,Whole Blood,tissue: whole blood | strain: C57BL/6 | age (years): 22 | gender: Male | genetic condition: Wild Type | diet: standard
GSM2132900,M2209,669.24,95.606,22.0,years,months,dataset_override_literature_geo,age_unit_override:years->months,blood,C57BL/6,M,control,GSE80672,RRBS,True,ok,Whole Blood,tissue: whole blood | strain: C57BL/6 | age (years): 22 | gender: Male | genetic condition: Wild Type | diet: standard
GSM2132901,M2210,669.24,95.606,22.0,years,months,dataset_override_literature_geo,age_unit_override:years->months,blood,C57BL/6,M,control,GSE80672,RRBS,True,ok,Whole Blood,tissue: whole blood | strain: C57BL/6 | age (years): 22 | gender: Male | genetic condition: Wild Type | diet: standard
GSM2132902,M2401,730.08,104.297,24.0,years,months,dataset_override_literature_geo,age_unit_override:years->months,blood,C57BL/6,M,control,GSE80672,RRBS,True,ok,Whole Blood,tissue: whole blood | strain: C57BL/6 | age (years): 24 | gender: Male | genetic condition: Wild Type | diet: standard
GSM2132903,M2402,730.08,104.297,24.0,years,months,dataset_override_literature_geo,age_unit_override:years->months,blood,C57BL/6,M,control,GSE80672,RRBS,True,ok,Whole Blood,tissue: whole blood | strain: C57BL/6 | age (years): 24 | gender: Male | genetic condition: Wild Type | diet: standard
GSM2132904,M2403,730.08,104.297,24.0,years,months,dataset_override_literature_geo,age_unit_override:years->months,blood,C57BL/6,M,control,GSE80672,RRBS,True,ok,Whole Blood,tissue: whole blood | strain: C57BL/6 | age (years): 24 | gender: Male | genetic condition: Wild Type | diet: standard
GSM2132905,M2404,730.08,104.297,24.0,years,months,dataset_override_literature_geo,age_unit_override:years->months,blood,C57BL/6,M,control,GSE80672,RRBS,True,ok,Whole Blood,tissue: whole blood | strain: C57BL/6 | age (years): 24 | gender: Male | genetic condition: Wild Type | diet: standard
GSM2132906,M2405,730.08,104.297,24.0,years,months,dataset_override_literature_geo,age_unit_override:years->months,blood,C57BL/6,M,control,GSE80672,RRBS,True,ok,Whole Blood,tissue: whole blood | strain: C57BL/6 | age (years): 24 | gender: Male | genetic condition: Wild Type | diet: standard
GSM2132907,M2407,730.08,104.297,24.0,years,months,dataset_override_literature_geo,age_unit_override:years->months,blood,C57BL/6,M,control,GSE80672,RRBS,True,ok,Whole Blood,tissue: whole blood | strain: C57BL/6 | age (years): 24 | gender: Male | genetic condition: Wild Type | diet: standard
GSM2132908,M2408,730.08,104.297,24.0,years,months,dataset_override_literature_geo,age_unit_override:years->months,blood,C57BL/6,M,control,GSE80672,RRBS,True,ok,Whole Blood,tissue: whole blood | strain: C57BL/6 | age (years): 24 | gender: Male | genetic condition: Wild Type | diet: standard
GSM2132909,M2409,730.08,104.297,24.0,years,months,dataset_override_literature_geo,age_unit_override:years->months,blood,C57BL/6,M,control,GSE80672,RRBS,True,ok,Whole Blood,tissue: whole blood | strain: C57BL/6 | age (years): 24 | gender: Male | genetic condition: Wild Type | diet: standard
GSM2132910,M2411,730.08,104.297,24.0,years,months,dataset_override_literature_geo,age_unit_override:years->months,blood,C57BL/6,M,control,GSE80672,RRBS,True,ok,Whole Blood,tissue: whole blood | strain: C57BL/6 | age (years): 24 | gender: Male | genetic condition: Wild Type | diet: standard
GSM2132911,M2601,790.92,112.989,26.0,years,months,dataset_override_literature_geo,age_unit_override:years->months,blood,C57BL/6,M,control,GSE80672,RRBS,True,ok,Whole Blood,tissue: whole blood | strain: C57BL/6 | age (years): 26 | gender: Male | genetic condition: Wild Type | diet: standard
GSM2132912,M2602,790.92,112.989,26.0,years,months,dataset_override_literature_geo,age_unit_override:years->months,blood,C57BL/6,M,control,GSE80672,RRBS,True,ok,Whole Blood,tissue: whole blood | strain: C57BL/6 | age (years): 26 | gender: Male | genetic condition: Wild Type | diet: standard
GSM2132913,M2603,790.92,112.989,26.0,years,months,dataset_override_literature_geo,age_unit_override:years->months,blood,C57BL/6,M,control,GSE80672,RRBS,True,ok,Whole Blood,tissue: whole blood | strain: C57BL/6 | age (years): 26 | gender: Male | genetic condition: Wild Type | diet: standard
GSM2132914,M2604,790.92,112.989,26.0,years,months,dataset_override_literature_geo,age_unit_override:years->months,blood,C57BL/6,M,control,GSE80672,RRBS,True,ok,Whole Blood,tissue: whole blood | strain: C57BL/6 | age (years): 26 | gender: Male | genetic condition: Wild Type | diet: standard
GSM2132915,M2605,790.92,112.989,26.0,years,months,dataset_override_literature_geo,age_unit_override:years->months,blood,C57BL/6,M,control,GSE80672,RRBS,True,ok,Whole Blood,tissue: whole blood | strain: C57BL/6 | age (years): 26 | gender: Male | genetic condition: Wild Type | diet: standard
GSM2132916,M2606,790.92,112.989,26.0,years,months,dataset_override_literature_geo,age_unit_override:years->months,blood,C57BL/6,M,control,GSE80672,RRBS,True,ok,Whole Blood,tissue: whole blood | strain: C57BL/6 | age (years): 26 | gender: Male | genetic condition: Wild Type | diet: standard
GSM2132917,M2607,790.92,112.989,26.0,years,months,dataset_override_literature_geo,age_unit_override:years->months,blood,C57BL/6,M,control,GSE80672,RRBS,True,ok,Whole Blood,tissue: whole blood | strain: C57BL/6 | age (years): 26 | gender: Male | genetic condition: Wild Type | diet: standard
GSM2132918,M2608,790.92,112.989,26.0,years,months,dataset_override_literature_geo,age_unit_override:years->months,blood,C57BL/6,M,control,GSE80672,RRBS,True,ok,Whole Blood,tissue: whole blood | strain: C57BL/6 | age (years): 26 | gender: Male | genetic condition: Wild Type | diet: standard
GSM2132919,M2609,790.92,112.989,26.0,years,months,dataset_override_literature_geo,age_unit_override:years->months,blood,C57BL/6,M,control,GSE80672,RRBS,True,ok,Whole Blood,tissue: whole blood | strain: C57BL/6 | age (years): 26 | gender: Male | genetic condition: Wild Type | diet: standard
GSM2132920,M2610,790.92,112.989,26.0,years,months,dataset_override_literature_geo,age_unit_override:years->months,blood,C57BL/6,M,control,GSE80672,RRBS,True,ok,Whole Blood,tissue: whole blood | strain: C57BL/6 | age (years): 26 | gender: Male | genetic condition: Wild Type | diet: standard
GSM2132921,M2801,851.76,121.68,28.0,years,months,dataset_override_literature_geo,age_unit_override:years->months,blood,C57BL/6,M,control,GSE80672,RRBS,True,ok,Whole Blood,tissue: whole blood | strain: C57BL/6 | age (years): 28 | gender: Male | genetic condition: Wild Type | diet: standard
GSM2132922,M2802,851.76,121.68,28.0,years,months,dataset_override_literature_geo,age_unit_override:years->months,blood,C57BL/6,M,control,GSE80672,RRBS,True,ok,Whole Blood,tissue: whole blood | strain: C57BL/6 | age (years): 28 | gender: Male | genetic condition: Wild Type | diet: standard
GSM2132923,M2804,851.76,121.68,28.0,years,months,dataset_override_literature_geo,age_unit_override:years->months,blood,C57BL/6,M,control,GSE80672,RRBS,True,ok,Whole Blood,tissue: whole blood | strain: C57BL/6 | age (years): 28 | gender: Male | genetic condition: Wild Type | diet: standard
GSM2132924,M2805,851.76,121.68,28.0,years,months,dataset_override_literature_geo,age_unit_override:years->months,blood,C57BL/6,M,control,GSE80672,RRBS,True,ok,Whole Blood,tissue: whole blood | strain: C57BL/6 | age (years): 28 | gender: Male | genetic condition: Wild Type | diet: standard
GSM2132925,M2806,851.76,121.68,28.0,years,months,dataset_override_literature_geo,age_unit_override:years->months,blood,C57BL/6,M,control,GSE80672,RRBS,True,ok,Whole Blood,tissue: whole blood | strain: C57BL/6 | age (years): 28 | gender: Male | genetic condition: Wild Type | diet: standard
GSM2132926,M2807,851.76,121.68,28.0,years,months,dataset_override_literature_geo,age_unit_override:years->months,blood,C57BL/6,M,control,GSE80672,RRBS,True,ok,Whole Blood,tissue: whole blood | strain: C57BL/6 | age (years): 28 | gender: Male | genetic condition: Wild Type | diet: standard
GSM2132927,M2808,851.76,121.68,28.0,years,months,dataset_override_literature_geo,age_unit_override:years->months,blood,C57BL/6,M,control,GSE80672,RRBS,True,ok,Whole Blood,tissue: whole blood | strain: C57BL/6 | age (years): 28 | gender: Male | genetic condition: Wild Type | diet: standard
GSM2132928,M2809,851.76,121.68,28.0,years,months,dataset_override_literature_geo,age_unit_override:years->months,blood,C57BL/6,M,control,GSE80672,RRBS,True,ok,Whole Blood,tissue: whole blood | strain: C57BL/6 | age (years): 28 | gender: Male | genetic condition: Wild Type | diet: standard
GSM2132929,M2810,851.76,121.68,28.0,years,months,dataset_override_literature_geo,age_unit_override:years->months,blood,C57BL/6,M,control,GSE80672,RRBS,True,ok,Whole Blood,tissue: whole blood | strain: C57BL/6 | age (years): 28 | gender: Male | genetic condition: Wild Type | diet: standard
GSM2132930,M3001,912.6,130.371,30.0,years,months,dataset_override_literature_geo,age_unit_override:years->months,blood,C57BL/6,M,control,GSE80672,RRBS,True,ok,Whole Blood,tissue: whole blood | strain: C57BL/6 | age (years): 30 | gender: Male | genetic condition: Wild Type | diet: standard
GSM2132931,M3002,912.6,130.371,30.0,years,months,dataset_override_literature_geo,age_unit_override:years->months,blood,C57BL/6,M,control,GSE80672,RRBS,True,ok,Whole Blood,tissue: whole blood | strain: C57BL/6 | age (years): 30 | gender: Male | genetic condition: Wild Type | diet: standard
GSM2132932,M3003,912.6,130.371,30.0,years,months,dataset_override_literature_geo,age_unit_override:years->months,blood,C57BL/6,M,control,GSE80672,RRBS,True,ok,Whole Blood,tissue: whole blood | strain: C57BL/6 | age (years): 30 | gender: Male | genetic condition: Wild Type | diet: standard
GSM2132933,M3004,912.6,130.371,30.0,years,months,dataset_override_literature_geo,age_unit_override:years->months,blood,C57BL/6,M,control,GSE80672,RRBS,True,ok,Whole Blood,tissue: whole blood | strain: C57BL/6 | age (years): 30 | gender: Male | genetic condition: Wild Type | diet: standard
GSM2132934,M3005,912.6,130.371,30.0,years,months,dataset_override_literature_geo,age_unit_override:years->months,blood,C57BL/6,M,control,GSE80672,RRBS,True,ok,Whole Blood,tissue: whole blood | strain: C57BL/6 | age (years): 30 | gender: Male | genetic condition: Wild Type | diet: standard
GSM2132935,M3006,912.6,130.371,30.0,years,months,dataset_override_literature_geo,age_unit_override:years->months,blood,C57BL/6,M,control,GSE80672,RRBS,True,ok,Whole Blood,tissue: whole blood | strain: C57BL/6 | age (years): 30 | gender: Male | genetic condition: Wild Type | diet: standard
GSM2132936,M3007,912.6,130.371,30.0,years,months,dataset_override_literature_geo,age_unit_override:years->months,blood,C57BL/6,M,control,GSE80672,RRBS,True,ok,Whole Blood,tissue: whole blood | strain: C57BL/6 | age (years): 30 | gender: Male | genetic condition: Wild Type | diet: standard
GSM2132937,M3009,912.6,130.371,30.0,years,months,dataset_override_literature_geo,age_unit_override:years->months,blood,C57BL/6,M,control,GSE80672,RRBS,True,ok,Whole Blood,tissue: whole blood | strain: C57BL/6 | age (years): 30 | gender: Male | genetic condition: Wild Type | diet: standard
GSM2132938,M3010,912.6,130.371,30.0,years,months,dataset_override_literature_geo,age_unit_override:years->months,blood,C57BL/6,M,control,GSE80672,RRBS,True,ok,Whole Blood,tissue: whole blood | strain: C57BL/6 | age (years): 30 | gender: Male | genetic condition: Wild Type | diet: standard
GSM2132939,M3204,973.44,139.063,32.0,years,months,dataset_override_literature_geo,age_unit_override:years->months,blood,C57BL/6,M,control,GSE80672,RRBS,True,ok,Whole Blood,tissue: whole blood | strain: C57BL/6 | age (years): 32 | gender: Male | genetic condition: Wild Type | diet: standard
GSM2132940,M3205,973.44,139.063,32.0,years,months,dataset_override_literature_geo,age_unit_override:years->months,blood,C57BL/6,M,control,GSE80672,RRBS,True,ok,Whole Blood,tissue: whole blood | strain: C57BL/6 | age (years): 32 | gender: Male | genetic condition: Wild Type | diet: standard
GSM2132941,M3206,973.44,139.063,32.0,years,months,dataset_override_literature_geo,age_unit_override:years->months,blood,C57BL/6,M,control,GSE80672,RRBS,True,ok,Whole Blood,tissue: whole blood | strain: C57BL/6 | age (years): 32 | gender: Male | genetic condition: Wild Type | diet: standard
GSM2132942,M3207,973.44,139.063,32.0,years,months,dataset_override_literature_geo,age_unit_override:years->months,blood,C57BL/6,M,control,GSE80672,RRBS,True,ok,Whole Blood,tissue: whole blood | strain: C57BL/6 | age (years): 32 | gender: Male | genetic condition: Wild Type | diet: standard
GSM2132943,M3208,973.44,139.063,32.0,years,months,dataset_override_literature_geo,age_unit_override:years->months,blood,C57BL/6,M,control,GSE80672,RRBS,True,ok,Whole Blood,tissue: whole blood | strain: C57BL/6 | age (years): 32 | gender: Male | genetic condition: Wild Type | diet: standard
GSM2132944,M3209,973.44,139.063,32.0,years,months,dataset_override_literature_geo,age_unit_override:years->months,blood,C57BL/6,M,control,GSE80672,RRBS,True,ok,Whole Blood,tissue: whole blood | strain: C57BL/6 | age (years): 32 | gender: Male | genetic condition: Wild Type | diet: standard
GSM2132945,M3210,973.44,139.063,32.0,years,months,dataset_override_literature_geo,age_unit_override:years->months,blood,C57BL/6,M,control,GSE80672,RRBS,True,ok,Whole Blood,tissue: whole blood | strain: C57BL/6 | age (years): 32 | gender: Male | genetic condition: Wild Type | diet: standard
GSM2132946,M3401,1034.28,147.754,34.0,years,months,dataset_override_literature_geo,age_unit_override:years->months,blood,C57BL/6,M,control,GSE80672,RRBS,True,ok,Whole Blood,tissue: whole blood | strain: C57BL/6 | age (years): 34 | gender: Male | genetic condition: Wild Type | diet: standard
GSM2132947,M3402,1034.28,147.754,34.0,years,months,dataset_override_literature_geo,age_unit_override:years->months,blood,C57BL/6,M,control,GSE80672,RRBS,True,ok,Whole Blood,tissue: whole blood | strain: C57BL/6 | age (years): 34 | gender: Male | genetic condition: Wild Type | diet: standard
GSM2132948,M3403,1034.28,147.754,34.0,years,months,dataset_override_literature_geo,age_unit_override:years->months,blood,C57BL/6,M,control,GSE80672,RRBS,True,ok,Whole Blood,tissue: whole blood | strain: C57BL/6 | age (years): 34 | gender: Male | genetic condition: Wild Type | diet: standard
GSM2132949,M3404,1034.28,147.754,34.0,years,months,dataset_override_literature_geo,age_unit_override:years->months,blood,C57BL/6,M,control,GSE80672,RRBS,True,ok,Whole Blood,tissue: whole blood | strain: C57BL/6 | age (years): 34 | gender: Male | genetic condition: Wild Type | diet: standard
GSM2132950,M3405,1034.28,147.754,34.0,years,months,dataset_override_literature_geo,age_unit_override:years->months,blood,C57BL/6,M,control,GSE80672,RRBS,True,ok,Whole Blood,tissue: whole blood | strain: C57BL/6 | age (years): 34 | gender: Male | genetic condition: Wild Type | diet: standard
GSM2132951,M3406,1034.28,147.754,34.0,years,months,dataset_override_literature_geo,age_unit_override:years->months,blood,C57BL/6,M,control,GSE80672,RRBS,True,ok,Whole Blood,tissue: whole blood | strain: C57BL/6 | age (years): 34 | gender: Male | genetic condition: Wild Type | diet: standard
GSM2132952,M3408,1034.28,147.754,34.0,years,months,dataset_override_literature_geo,age_unit_override:years->months,blood,C57BL/6,M,control,GSE80672,RRBS,True,ok,Whole Blood,tissue: whole blood | strain: C57BL/6 | age (years): 34 | gender: Male | genetic condition: Wild Type | diet: standard
GSM2132953,M3409,1034.28,147.754,34.0,years,months,dataset_override_literature_geo,age_unit_override:years->months,blood,C57BL/6,M,control,GSE80672,RRBS,True,ok,Whole Blood,tissue: whole blood | strain: C57BL/6 | age (years): 34 | gender: Male | genetic condition: Wild Type | diet: standard
GSM2132954,M3410,1034.28,147.754,34.0,years,months,dataset_override_literature_geo,age_unit_override:years->months,blood,C57BL/6,M,control,GSE80672,RRBS,True,ok,Whole Blood,tissue: whole blood | strain: C57BL/6 | age (years): 34 | gender: Male | genetic condition: Wild Type | diet: standard
GSM2132955,M3501,1064.7,152.1,35.0,years,months,dataset_override_literature_geo,age_unit_override:years->months,blood,C57BL/6,M,control,GSE80672,RRBS,True,ok,Whole Blood,tissue: whole blood | strain: C57BL/6 | age (years): 35 | gender: Male | genetic condition: Wild Type | diet: standard
GSM2132956,M3501R,1064.7,152.1,35.0,years,months,dataset_override_literature_geo,age_unit_override:years->months,blood,C57BL/6,M,control,GSE80672,RRBS,True,ok,Whole Blood,tissue: whole blood | strain: C57BL/6 | age (years): 35 | gender: Male | genetic condition: Wild Type | diet: standard
GSM2132957,M3502,1064.7,152.1,35.0,years,months,dataset_override_literature_geo,age_unit_override:years->months,blood,C57BL/6,M,control,GSE80672,RRBS,True,ok,Whole Blood,tissue: whole blood | strain: C57BL/6 | age (years): 35 | gender: Male | genetic condition: Wild Type | diet: standard
GSM2132958,M3502R,1064.7,152.1,35.0,years,months,dataset_override_literature_geo,age_unit_override:years->months,blood,C57BL/6,M,control,GSE80672,RRBS,True,ok,Whole Blood,tissue: whole blood | strain: C57BL/6 | age (years): 35 | gender: Male | genetic condition: Wild Type | diet: standard
GSM2132959,M3503,1064.7,152.1,35.0,years,months,dataset_override_literature_geo,age_unit_override:years->months,blood,C57BL/6,M,control,GSE80672,RRBS,True,ok,Whole Blood,tissue: whole blood | strain: C57BL/6 | age (years): 35 | gender: Male | genetic condition: Wild Type | diet: standard
GSM2132960,M3503R,1064.7,152.1,35.0,years,months,dataset_override_literature_geo,age_unit_override:years->months,blood,C57BL/6,M,control,GSE80672,RRBS,True,ok,Whole Blood,tissue: whole blood | strain: C57BL/6 | age (years): 35 | gender: Male | genetic condition: Wild Type | diet: standard
GSM2132961,MIPSK1,76.05,10.864,2.5,years,months,dataset_override_literature_geo,age_unit_override:years->months,fibroblast,Derived from K1,M,control,GSE80672,RRBS,True,ok,iPSCs from kidney fibroblasts,tissue: iPSCs from kidney fibroblasts | strain: Derived from K1 | age (years): 2.5 (at isolation) | gender: Male | genetic condition: Wild Type | diet: standard
GSM2132962,MIPSK2,76.05,10.864,2.5,years,months,dataset_override_literature_geo,age_unit_override:years->months,fibroblast,Derived from K2,M,control,GSE80672,RRBS,True,ok,iPSCs from kidney fibroblasts,tissue: iPSCs from kidney fibroblasts | strain: Derived from K2 | age (years): 2.5 (at isolation) | gender: Male | genetic condition: Wild Type | diet: standard
GSM2132963,MIPSK3,76.05,10.864,2.5,years,months,dataset_override_literature_geo,age_unit_override:years->months,fibroblast,Derived from K3,M,control,GSE80672,RRBS,True,ok,iPSCs from kidney fibroblasts,tissue: iPSCs from kidney fibroblasts | strain: Derived from K3 | age (years): 2.5 (at isolation) | gender: Male | genetic condition: Wild Type | diet: standard
GSM2132964,MIPSL1,76.05,10.864,2.5,years,months,dataset_override_literature_geo,age_unit_override:years->months,fibroblast,Derived from L1,M,control,GSE80672,RRBS,True,ok,iPSCs from lung fibroblasts,tissue: iPSCs from lung fibroblasts | strain: Derived from L1 | age (years): 2.5 (at isolation) | gender: Male | genetic condition: Wild Type | diet: standard
GSM2132965,MIPSL2,76.05,10.864,2.5,years,months,dataset_override_literature_geo,age_unit_override:years->months,fibroblast,Derived from L2,M,control,GSE80672,RRBS,True,ok,iPSCs from lung fibroblasts,tissue: iPSCs from lung fibroblasts | strain: Derived from L2 | age (years): 2.5 (at isolation) | gender: Male | genetic condition: Wild Type | diet: standard
GSM2132966,MIPSL3,76.05,10.864,2.5,years,months,dataset_override_literature_geo,age_unit_override:years->months,fibroblast,Derived from L3,M,control,GSE80672,RRBS,True,ok,iPSCs from lung fibroblasts,tissue: iPSCs from lung fibroblasts | strain: Derived from L3 | age (years): 2.5 (at isolation) | gender: Male | genetic condition: Wild Type | diet: standard
GSM2465615,Cortex_41wk_M00018359,287.0,41.0,41.0,weeks,weeks,parsed,,brain_cortex,C57BL/6 BABR,unknown,control,GSE93957,RRBS,True,ok,Cortex_41wk,age: 41wk | tissue: Cortex | strain: C57BL/6 BABR
GSM2465616,Heart_41wk_M00018359,287.0,41.0,41.0,weeks,weeks,parsed,,heart,C57BL/6 BABR,unknown,control,GSE93957,RRBS,True,ok,Heart_41wk,age: 41wk | tissue: Heart | strain: C57BL/6 BABR
GSM2465617,Liver_41wk_M00018359,287.0,41.0,41.0,weeks,weeks,parsed,,liver,C57BL/6 BABR,unknown,control,GSE93957,RRBS,True,ok,Liver_41wk,age: 41wk | tissue: Liver | strain: C57BL/6 BABR
GSM2465618,Lung_41wk_M00018359,287.0,41.0,41.0,weeks,weeks,parsed,,lung,C57BL/6 BABR,unknown,control,GSE93957,RRBS,True,ok,Lung_41wk,age: 41wk | tissue: Lung | strain: C57BL/6 BABR
GSM2465619,Cortex_41wk_M00018362,287.0,41.0,41.0,weeks,weeks,parsed,,brain_cortex,C57BL/6 BABR,unknown,control,GSE93957,RRBS,True,ok,Cortex_41wk,age: 41wk | tissue: Cortex | strain: C57BL/6 BABR
GSM2465620,Heart_41wk_M00018362,287.0,41.0,41.0,weeks,weeks,parsed,,heart,C57BL/6 BABR,unknown,control,GSE93957,RRBS,True,ok,Heart_41wk,age: 41wk | tissue: Heart | strain: C57BL/6 BABR
GSM2465621,Liver_41wk_M00018362,287.0,41.0,41.0,weeks,weeks,parsed,,liver,C57BL/6 BABR,unknown,control,GSE93957,RRBS,True,ok,Liver_41wk,age: 41wk | tissue: Liver | strain: C57BL/6 BABR
GSM2465622,Lung_41wk_M00018362,287.0,41.0,41.0,weeks,weeks,parsed,,lung,C57BL/6 BABR,unknown,control,GSE93957,RRBS,True,ok,Lung_41wk,age: 41wk | tissue: Lung | strain: C57BL/6 BABR
GSM2465623,Cortex_41wk_M00018363,287.0,41.0,41.0,weeks,weeks,parsed,,brain_cortex,C57BL/6 BABR,unknown,control,GSE93957,RRBS,True,ok,Cortex_41wk,age: 41wk | tissue: Cortex | strain: C57BL/6 BABR
GSM2465624,Heart_41wk_M00018363,287.0,41.0,41.0,weeks,weeks,parsed,,heart,C57BL/6 BABR,unknown,control,GSE93957,RRBS,True,ok,Heart_41wk,age: 41wk | tissue: Heart | strain: C57BL/6 BABR
GSM2465625,Liver_41wk_M00018363,287.0,41.0,41.0,weeks,weeks,parsed,,liver,C57BL/6 BABR,unknown,control,GSE93957,RRBS,True,ok,Liver_41wk,age: 41wk | tissue: Liver | strain: C57BL/6 BABR
GSM2465626,Lung_41wk_M00018363,287.0,41.0,41.0,weeks,weeks,parsed,,lung,C57BL/6 BABR,unknown,control,GSE93957,RRBS,True,ok,Lung_41wk,age: 41wk | tissue: Lung | strain: C57BL/6 BABR
GSM2465627,Cortex_41wk_M00018381,287.0,41.0,41.0,weeks,weeks,parsed,,brain_cortex,C57BL/6 BABR,unknown,control,GSE93957,RRBS,True,ok,Cortex_41wk,age: 41wk | tissue: Cortex | strain: C57BL/6 BABR
GSM2465628,Heart_41wk_M00018381,287.0,41.0,41.0,weeks,weeks,parsed,,heart,C57BL/6 BABR,unknown,control,GSE93957,RRBS,True,ok,Heart_41wk,age: 41wk | tissue: Heart | strain: C57BL/6 BABR
GSM2465629,Liver_41wk_M00018381,287.0,41.0,41.0,weeks,weeks,parsed,,liver,C57BL/6 BABR,unknown,control,GSE93957,RRBS,True,ok,Liver_41wk,age: 41wk | tissue: Liver | strain: C57BL/6 BABR
GSM2465630,Lung_41wk_M00018381,287.0,41.0,41.0,weeks,weeks,parsed,,lung,C57BL/6 BABR,unknown,control,GSE93957,RRBS,True,ok,Lung_41wk,age: 41wk | tissue: Lung | strain: C57BL/6 BABR
GSM2465631,Cortex_27wk_M00018724,189.0,27.0,27.0,weeks,weeks,parsed,,brain_cortex,C57BL/6 BABR,unknown,control,GSE93957,RRBS,True,ok,Cortex_27wk,age: 27wk | tissue: Cortex | strain: C57BL/6 BABR
GSM2465632,Heart_27wk_M00018724,189.0,27.0,27.0,weeks,weeks,parsed,,heart,C57BL/6 BABR,unknown,control,GSE93957,RRBS,True,ok,Heart_27wk,age: 27wk | tissue: Heart | strain: C57BL/6 BABR
GSM2465633,Liver_27wk_M00018724,189.0,27.0,27.0,weeks,weeks,parsed,,liver,C57BL/6 BABR,unknown,control,GSE93957,RRBS,True,ok,Liver_27wk,age: 27wk | tissue: Liver | strain: C57BL/6 BABR
GSM2465634,Lung_27wk_M00018724,189.0,27.0,27.0,weeks,weeks,parsed,,lung,C57BL/6 BABR,unknown,control,GSE93957,RRBS,True,ok,Lung_27wk,age: 27wk | tissue: Lung | strain: C57BL/6 BABR
GSM2465635,Cortex_27wk_M00018752,189.0,27.0,27.0,weeks,weeks,parsed,,brain_cortex,C57BL/6 BABR,unknown,control,GSE93957,RRBS,True,ok,Cortex_27wk,age: 27wk | tissue: Cortex | strain: C57BL/6 BABR
GSM2465636,Heart_27wk_M00018752,189.0,27.0,27.0,weeks,weeks,parsed,,heart,C57BL/6 BABR,unknown,control,GSE93957,RRBS,True,ok,Heart_27wk,age: 27wk | tissue: Heart | strain: C57BL/6 BABR
GSM2465637,Liver_27wk_M00018752,189.0,27.0,27.0,weeks,weeks,parsed,,liver,C57BL/6 BABR,unknown,control,GSE93957,RRBS,True,ok,Liver_27wk,age: 27wk | tissue: Liver | strain: C57BL/6 BABR
GSM2465638,Lung_27wk_M00018752,189.0,27.0,27.0,weeks,weeks,parsed,,lung,C57BL/6 BABR,unknown,control,GSE93957,RRBS,True,ok,Lung_27wk,age: 27wk | tissue: Lung | strain: C57BL/6 BABR
GSM2465639,Cortex_27wk_M00018754,189.0,27.0,27.0,weeks,weeks,parsed,,brain_cortex,C57BL/6 BABR,unknown,control,GSE93957,RRBS,True,ok,Cortex_27wk,age: 27wk | tissue: Cortex | strain: C57BL/6 BABR
GSM2465640,Heart_27wk_M00018754,189.0,27.0,27.0,weeks,weeks,parsed,,heart,C57BL/6 BABR,unknown,control,GSE93957,RRBS,True,ok,Heart_27wk,age: 27wk | tissue: Heart | strain: C57BL/6 BABR
GSM2465641,Liver_27wk_M00018754,189.0,27.0,27.0,weeks,weeks,parsed,,liver,C57BL/6 BABR,unknown,control,GSE93957,RRBS,True,ok,Liver_27wk,age: 27wk | tissue: Liver | strain: C57BL/6 BABR
GSM2465642,Lung_27wk_M00018754,189.0,27.0,27.0,weeks,weeks,parsed,,lung,C57BL/6 BABR,unknown,control,GSE93957,RRBS,True,ok,Lung_27wk,age: 27wk | tissue: Lung | strain: C57BL/6 BABR
GSM2465643,Cortex_27wk_M0112371,189.0,27.0,27.0,weeks,weeks,parsed,,brain_cortex,C57BL/6 BABR,unknown,control,GSE93957,RRBS,True,ok,Cortex_27wk,age: 27wk | tissue: Cortex | strain: C57BL/6 BABR
GSM2465644,Heart_27wk_M0112371,189.0,27.0,27.0,weeks,weeks,parsed,,heart,C57BL/6 BABR,unknown,control,GSE93957,RRBS,True,ok,Heart_27wk,age: 27wk | tissue: Heart | strain: C57BL/6 BABR
GSM2465645,Liver_27wk_M0112371,189.0,27.0,27.0,weeks,weeks,parsed,,liver,C57BL/6 BABR,unknown,control,GSE93957,RRBS,True,ok,Liver_27wk,age: 27wk | tissue: Liver | strain: C57BL/6 BABR
GSM2465646,Lung_27wk_M0112371,189.0,27.0,27.0,weeks,weeks,parsed,,lung,C57BL/6 BABR,unknown,control,GSE93957,RRBS,True,ok,Lung_27wk,age: 27wk | tissue: Lung | strain: C57BL/6 BABR
GSM2465647,Cortex_1wk_M01NB,7.0,1.0,1.0,weeks,weeks,parsed,,brain_cortex,C57BL/6 BABR,unknown,control,GSE93957,RRBS,True,ok,Cortex_1wk,age: 1wk | tissue: Cortex | strain: C57BL/6 BABR
GSM2465648,Heart_1wk_M01NB,7.0,1.0,1.0,weeks,weeks,parsed,,heart,C57BL/6 BABR,unknown,control,GSE93957,RRBS,True,ok,Heart_1wk,age: 1wk | tissue: Heart | strain: C57BL/6 BABR
GSM2465649,Liver_1wk_M01NB,7.0,1.0,1.0,weeks,weeks,parsed,,liver,C57BL/6 BABR,unknown,control,GSE93957,RRBS,True,ok,Liver_1wk,age: 1wk | tissue: Liver | strain: C57BL/6 BABR
GSM2465650,Lung_1wk_M01NB,7.0,1.0,1.0,weeks,weeks,parsed,,lung,C57BL/6 BABR,unknown,control,GSE93957,RRBS,True,ok,Lung_1wk,age: 1wk | tissue: Lung | strain: C57BL/6 BABR
GSM2465651,Cortex_1wk_M02NB,7.0,1.0,1.0,weeks,weeks,parsed,,brain_cortex,C57BL/6 BABR,unknown,control,GSE93957,RRBS,True,ok,Cortex_1wk,age: 1wk | tissue: Cortex | strain: C57BL/6 BABR
GSM2465652,Liver_1wk_M02NB,7.0,1.0,1.0,weeks,weeks,parsed,,liver,C57BL/6 BABR,unknown,control,GSE93957,RRBS,True,ok,Liver_1wk,age: 1wk | tissue: Liver | strain: C57BL/6 BABR
GSM2465653,Lung_1wk_M02NB,7.0,1.0,1.0,weeks,weeks,parsed,,lung,C57BL/6 BABR,unknown,control,GSE93957,RRBS,True,ok,Lung_1wk,age: 1wk | tissue: Lung | strain: C57BL/6 BABR
GSM2465654,Cortex_1wk_M03NB,7.0,1.0,1.0,weeks,weeks,parsed,,brain_cortex,C57BL/6 BABR,unknown,control,GSE93957,RRBS,True,ok,Cortex_1wk,age: 1wk | tissue: Cortex | strain: C57BL/6 BABR
GSM2465655,Heart_1wk_M03NB,7.0,1.0,1.0,weeks,weeks,parsed,,heart,C57BL/6 BABR,unknown,control,GSE93957,RRBS,True,ok,Heart_1wk,age: 1wk | tissue: Heart | strain: C57BL/6 BABR
GSM2465656,Lung_1wk_M03NB,7.0,1.0,1.0,weeks,weeks,parsed,,lung,C57BL/6 BABR,unknown,control,GSE93957,RRBS,True,ok,Lung_1wk,age: 1wk | tissue: Lung | strain: C57BL/6 BABR
GSM2465657,Cortex_14wk_M0420525,98.0,14.0,14.0,weeks,weeks,parsed,,brain_cortex,C57BL/6 BABR,unknown,control,GSE93957,RRBS,True,ok,Cortex_14wk,age: 14wk | tissue: Cortex | strain: C57BL/6 BABR
GSM2465658,Heart_14wk_M0420525,98.0,14.0,14.0,weeks,weeks,parsed,,heart,C57BL/6 BABR,unknown,control,GSE93957,RRBS,True,ok,Heart_14wk,age: 14wk | tissue: Heart | strain: C57BL/6 BABR
GSM2465659,Liver_14wk_M0420525,98.0,14.0,14.0,weeks,weeks,parsed,,liver,C57BL/6 BABR,unknown,control,GSE93957,RRBS,True,ok,Liver_14wk,age: 14wk | tissue: Liver | strain: C57BL/6 BABR
GSM2465660,Lung_14wk_M0420525,98.0,14.0,14.0,weeks,weeks,parsed,,lung,C57BL/6 BABR,unknown,control,GSE93957,RRBS,True,ok,Lung_14wk,age: 14wk | tissue: Lung | strain: C57BL/6 BABR
GSM2465661,Cortex_14wk_M0420527,98.0,14.0,14.0,weeks,weeks,parsed,,brain_cortex,C57BL/6 BABR,unknown,control,GSE93957,RRBS,True,ok,Cortex_14wk,age: 14wk | tissue: Cortex | strain: C57BL/6 BABR
GSM2465662,Heart_14wk_M0420527,98.0,14.0,14.0,weeks,weeks,parsed,,heart,C57BL/6 BABR,unknown,control,GSE93957,RRBS,True,ok,Heart_14wk,age: 14wk | tissue: Heart | strain: C57BL/6 BABR
GSM2465663,Liver_14wk_M0420527,98.0,14.0,14.0,weeks,weeks,parsed,,liver,C57BL/6 BABR,unknown,control,GSE93957,RRBS,True,ok,Liver_14wk,age: 14wk | tissue: Liver | strain: C57BL/6 BABR
GSM2465664,Lung_14wk_M0420527,98.0,14.0,14.0,weeks,weeks,parsed,,lung,C57BL/6 BABR,unknown,control,GSE93957,RRBS,True,ok,Lung_14wk,age: 14wk | tissue: Lung | strain: C57BL/6 BABR
GSM2465665,Cortex_1wk_M04NB,7.0,1.0,1.0,weeks,weeks,parsed,,brain_cortex,C57BL/6 BABR,unknown,control,GSE93957,RRBS,True,ok,Cortex_1wk,age: 1wk | tissue: Cortex | strain: C57BL/6 BABR
GSM2465666,Heart_1wk_M04NB,7.0,1.0,1.0,weeks,weeks,parsed,,heart,C57BL/6 BABR,unknown,control,GSE93957,RRBS,True,ok,Heart_1wk,age: 1wk | tissue: Heart | strain: C57BL/6 BABR
GSM2465667,Liver_1wk_M04NB,7.0,1.0,1.0,weeks,weeks,parsed,,liver,C57BL/6 BABR,unknown,control,GSE93957,RRBS,True,ok,Liver_1wk,age: 1wk | tissue: Liver | strain: C57BL/6 BABR
GSM2465668,Lung_1wk_M04NB,7.0,1.0,1.0,weeks,weeks,parsed,,lung,C57BL/6 BABR,unknown,control,GSE93957,RRBS,True,ok,Lung_1wk,age: 1wk | tissue: Lung | strain: C57BL/6 BABR
GSM2465669,Cortex_27wk_M0512375,189.0,27.0,27.0,weeks,weeks,parsed,,brain_cortex,C57BL/6 BABR,unknown,control,GSE93957,RRBS,True,ok,Cortex_27wk,age: 27wk | tissue: Cortex | strain: C57BL/6 BABR
GSM2465670,Heart_27wk_M0512375,189.0,27.0,27.0,weeks,weeks,parsed,,heart,C57BL/6 BABR,unknown,control,GSE93957,RRBS,True,ok,Heart_27wk,age: 27wk | tissue: Heart | strain: C57BL/6 BABR
GSM2465671,Liver_27wk_M0512375,189.0,27.0,27.0,weeks,weeks,parsed,,liver,C57BL/6 BABR,unknown,control,GSE93957,RRBS,True,ok,Liver_27wk,age: 27wk | tissue: Liver | strain: C57BL/6 BABR
GSM2465672,Lung_27wk_M0512375,189.0,27.0,27.0,weeks,weeks,parsed,,lung,C57BL/6 BABR,unknown,control,GSE93957,RRBS,True,ok,Lung_27wk,age: 27wk | tissue: Lung | strain: C57BL/6 BABR
GSM2465673,Cortex_14wk_M0520522,98.0,14.0,14.0,weeks,weeks,parsed,,brain_cortex,C57BL/6 BABR,unknown,control,GSE93957,RRBS,True,ok,Cortex_14wk,age: 14wk | tissue: Cortex | strain: C57BL/6 BABR
GSM2465674,Heart_14wk_M0520522,98.0,14.0,14.0,weeks,weeks,parsed,,heart,C57BL/6 BABR,unknown,control,GSE93957,RRBS,True,ok,Heart_14wk,age: 14wk | tissue: Heart | strain: C57BL/6 BABR
GSM2465675,Liver_14wk_M0520522,98.0,14.0,14.0,weeks,weeks,parsed,,liver,C57BL/6 BABR,unknown,control,GSE93957,RRBS,True,ok,Liver_14wk,age: 14wk | tissue: Liver | strain: C57BL/6 BABR
GSM2465676,Lung_14wk_M0520522,98.0,14.0,14.0,weeks,weeks,parsed,,lung,C57BL/6 BABR,unknown,control,GSE93957,RRBS,True,ok,Lung_14wk,age: 14wk | tissue: Lung | strain: C57BL/6 BABR
GSM3426754,Br0603,182.52,26.074,6.0,months,months,parsed,,brain_cortex,C57BL/6,M,control,GSE121141,RRBS,True,ok,Cortex,"strain: C57BL/6 | gender: Male | age,months: 6 | genotype: Wild Type | tissue: Cortex"
GSM3426755,Br0607,182.52,26.074,6.0,months,months,parsed,,brain_cortex,C57BL/6,M,control,GSE121141,RRBS,True,ok,Cortex,"strain: C57BL/6 | gender: Male | age,months: 6 | genotype: Wild Type | tissue: Cortex"
GSM3426756,Br0608,182.52,26.074,6.0,months,months,parsed,,brain_cortex,C57BL/6,M,control,GSE121141,RRBS,True,ok,Cortex,"strain: C57BL/6 | gender: Male | age,months: 6 | genotype: Wild Type | tissue: Cortex"
GSM3426757,Br0609,182.52,26.074,6.0,months,months,parsed,,brain_cortex,C57BL/6,M,control,GSE121141,RRBS,True,ok,Cortex,"strain: C57BL/6 | gender: Male | age,months: 6 | genotype: Wild Type | tissue: Cortex"
GSM3426758,Br0610,182.52,26.074,6.0,months,months,parsed,,brain_cortex,C57BL/6,M,control,GSE121141,RRBS,True,ok,Cortex,"strain: C57BL/6 | gender: Male | age,months: 6 | genotype: Wild Type | tissue: Cortex"
GSM3426759,Br1203,365.04,52.149,12.0,months,months,parsed,,brain_cortex,C57BL/6,M,control,GSE121141,RRBS,True,ok,Cortex,"strain: C57BL/6 | gender: Male | age,months: 12 | genotype: Wild Type | tissue: Cortex"
GSM3426760,Br1204,365.04,52.149,12.0,months,months,parsed,,brain_cortex,C57BL/6,M,control,GSE121141,RRBS,True,ok,Cortex,"strain: C57BL/6 | gender: Male | age,months: 12 | genotype: Wild Type | tissue: Cortex"
GSM3426761,Br1207,365.04,52.149,12.0,months,months,parsed,,brain_cortex,C57BL/6,M,control,GSE121141,RRBS,True,ok,Cortex,"strain: C57BL/6 | gender: Male | age,months: 12 | genotype: Wild Type | tissue: Cortex"
GSM3426762,Br1208,365.04,52.149,12.0,months,months,parsed,,brain_cortex,C57BL/6,M,control,GSE121141,RRBS,True,ok,Cortex,"strain: C57BL/6 | gender: Male | age,months: 12 | genotype: Wild Type | tissue: Cortex"
GSM3426763,Br1209,365.04,52.149,12.0,months,months,parsed,,brain_cortex,C57BL/6,M,control,GSE121141,RRBS,True,ok,Cortex,"strain: C57BL/6 | gender: Male | age,months: 12 | genotype: Wild Type | tissue: Cortex"
GSM3426764,Br2003,608.4,86.914,20.0,months,months,parsed,,brain_cortex,C57BL/6,M,control,GSE121141,RRBS,True,ok,Cortex,"strain: C57BL/6 | gender: Male | age,months: 20 | genotype: Wild Type | tissue: Cortex"
GSM3426765,Br2004,608.4,86.914,20.0,months,months,parsed,,brain_cortex,C57BL/6,M,control,GSE121141,RRBS,True,ok,Cortex,"strain: C57BL/6 | gender: Male | age,months: 20 | genotype: Wild Type | tissue: Cortex"
GSM3426766,Br2005,608.4,86.914,20.0,months,months,parsed,,brain_cortex,C57BL/6,M,control,GSE121141,RRBS,True,ok,Cortex,"strain: C57BL/6 | gender: Male | age,months: 20 | genotype: Wild Type | tissue: Cortex"
GSM3426767,Br2006,608.4,86.914,20.0,months,months,parsed,,brain_cortex,C57BL/6,M,control,GSE121141,RRBS,True,ok,Cortex,"strain: C57BL/6 | gender: Male | age,months: 20 | genotype: Wild Type | tissue: Cortex"
GSM3426768,Br2010,608.4,86.914,20.0,months,months,parsed,,brain_cortex,C57BL/6,M,control,GSE121141,RRBS,True,ok,Cortex,"strain: C57BL/6 | gender: Male | age,months: 20 | genotype: Wild Type | tissue: Cortex"
GSM3426769,Br3003,912.6,130.371,30.0,months,months,parsed,,brain_cortex,C57BL/6,M,control,GSE121141,RRBS,True,ok,Cortex,"strain: C57BL/6 | gender: Male | age,months: 30 | genotype: Wild Type | tissue: Cortex"
GSM3426770,Br3004,912.6,130.371,30.0,months,months,parsed,,brain_cortex,C57BL/6,M,control,GSE121141,RRBS,True,ok,Cortex,"strain: C57BL/6 | gender: Male | age,months: 30 | genotype: Wild Type | tissue: Cortex"
GSM3426771,Br3008,912.6,130.371,30.0,months,months,parsed,,brain_cortex,C57BL/6,M,control,GSE121141,RRBS,True,ok,Cortex,"strain: C57BL/6 | gender: Male | age,months: 30 | genotype: Wild Type | tissue: Cortex"
GSM3426772,Br3009,912.6,130.371,30.0,months,months,parsed,,brain_cortex,C57BL/6,M,control,GSE121141,RRBS,True,ok,Cortex,"strain: C57BL/6 | gender: Male | age,months: 30 | genotype: Wild Type | tissue: Cortex"
GSM3426773,Br3010,912.6,130.371,30.0,months,months,parsed,,brain_cortex,C57BL/6,M,control,GSE121141,RRBS,True,ok,Cortex,"strain: C57BL/6 | gender: Male | age,months: 30 | genotype: Wild Type | tissue: Cortex"
GSM3426774,H0603,182.52,26.074,6.0,months,months,parsed,,heart,C57BL/6,M,control,GSE121141,RRBS,True,ok,Heart,"strain: C57BL/6 | gender: Male | age,months: 6 | genotype: Wild Type | tissue: Heart"
GSM3426775,H0607,182.52,26.074,6.0,months,months,parsed,,heart,C57BL/6,M,control,GSE121141,RRBS,True,ok,Heart,"strain: C57BL/6 | gender: Male | age,months: 6 | genotype: Wild Type | tissue: Heart"
GSM3426776,H0608,182.52,26.074,6.0,months,months,parsed,,heart,C57BL/6,M,control,GSE121141,RRBS,True,ok,Heart,"strain: C57BL/6 | gender: Male | age,months: 6 | genotype: Wild Type | tissue: Heart"
GSM3426777,H0609,182.52,26.074,6.0,months,months,parsed,,heart,C57BL/6,M,control,GSE121141,RRBS,True,ok,Heart,"strain: C57BL/6 | gender: Male | age,months: 6 | genotype: Wild Type | tissue: Heart"
GSM3426778,H0610,182.52,26.074,6.0,months,months,parsed,,heart,C57BL/6,M,control,GSE121141,RRBS,True,ok,Heart,"strain: C57BL/6 | gender: Male | age,months: 6 | genotype: Wild Type | tissue: Heart"
GSM3426779,H1003,304.2,43.457,10.0,months,months,parsed,,heart,C57BL/6,M,control,GSE121141,RRBS,True,ok,Heart,"strain: C57BL/6 | gender: Male | age,months: 10 | genotype: Wild Type | tissue: Heart"
GSM3426780,H1203,365.04,52.149,12.0,months,months,parsed,,heart,C57BL/6,M,control,GSE121141,RRBS,True,ok,Heart,"strain: C57BL/6 | gender: Male | age,months: 12 | genotype: Wild Type | tissue: Heart"
GSM3426781,H1204,365.04,52.149,12.0,months,months,parsed,,heart,C57BL/6,M,control,GSE121141,RRBS,True,ok,Heart,"strain: C57BL/6 | gender: Male | age,months: 12 | genotype: Wild Type | tissue: Heart"
GSM3426782,H1207,365.04,52.149,12.0,months,months,parsed,,heart,C57BL/6,M,control,GSE121141,RRBS,True,ok,Heart,"strain: C57BL/6 | gender: Male | age,months: 12 | genotype: Wild Type | tissue: Heart"
GSM3426783,H1208,365.04,52.149,12.0,months,months,parsed,,heart,C57BL/6,M,control,GSE121141,RRBS,True,ok,Heart,"strain: C57BL/6 | gender: Male | age,months: 12 | genotype: Wild Type | tissue: Heart"
GSM3426784,H1209,365.04,52.149,12.0,months,months,parsed,,heart,C57BL/6,M,control,GSE121141,RRBS,True,ok,Heart,"strain: C57BL/6 | gender: Male | age,months: 12 | genotype: Wild Type | tissue: Heart"
GSM3426785,H2003,608.4,86.914,20.0,months,months,parsed,,heart,C57BL/6,M,control,GSE121141,RRBS,True,ok,Heart,"strain: C57BL/6 | gender: Male | age,months: 20 | genotype: Wild Type | tissue: Heart"
GSM3426786,H2004,608.4,86.914,20.0,months,months,parsed,,heart,C57BL/6,M,control,GSE121141,RRBS,True,ok,Heart,"strain: C57BL/6 | gender: Male | age,months: 20 | genotype: Wild Type | tissue: Heart"
GSM3426787,H2005,608.4,86.914,20.0,months,months,parsed,,heart,C57BL/6,M,control,GSE121141,RRBS,True,ok,Heart,"strain: C57BL/6 | gender: Male | age,months: 20 | genotype: Wild Type | tissue: Heart"
GSM3426788,H2006,608.4,86.914,20.0,months,months,parsed,,heart,C57BL/6,M,control,GSE121141,RRBS,True,ok,Heart,"strain: C57BL/6 | gender: Male | age,months: 20 | genotype: Wild Type | tissue: Heart"
GSM3426789,H2010,608.4,86.914,20.0,months,months,parsed,,heart,C57BL/6,M,control,GSE121141,RRBS,True,ok,Heart,"strain: C57BL/6 | gender: Male | age,months: 20 | genotype: Wild Type | tissue: Heart"
GSM3426790,H3003,912.6,130.371,30.0,months,months,parsed,,heart,C57BL/6,M,control,GSE121141,RRBS,True,ok,Heart,"strain: C57BL/6 | gender: Male | age,months: 30 | genotype: Wild Type | tissue: Heart"
GSM3426791,H3004,912.6,130.371,30.0,months,months,parsed,,heart,C57BL/6,M,control,GSE121141,RRBS,True,ok,Heart,"strain: C57BL/6 | gender: Male | age,months: 30 | genotype: Wild Type | tissue: Heart"
GSM3426792,H3008,912.6,130.371,30.0,months,months,parsed,,heart,C57BL/6,M,control,GSE121141,RRBS,True,ok,Heart,"strain: C57BL/6 | gender: Male | age,months: 30 | genotype: Wild Type | tissue: Heart"
GSM3426793,H3009,912.6,130.371,30.0,months,months,parsed,,heart,C57BL/6,M,control,GSE121141,RRBS,True,ok,Heart,"strain: C57BL/6 | gender: Male | age,months: 30 | genotype: Wild Type | tissue: Heart"
GSM3426794,H3010,912.6,130.371,30.0,months,months,parsed,,heart,C57BL/6,M,control,GSE121141,RRBS,True,ok,Heart,"strain: C57BL/6 | gender: Male | age,months: 30 | genotype: Wild Type | tissue: Heart"
GSM3426795,L0603,182.52,26.074,6.0,months,months,parsed,,liver,C57BL/6,M,control,GSE121141,RRBS,True,ok,Liver,"strain: C57BL/6 | gender: Male | age,months: 6 | genotype: Wild Type | tissue: Liver"
GSM3426796,L0607,182.52,26.074,6.0,months,months,parsed,,liver,C57BL/6,M,control,GSE121141,RRBS,True,ok,Liver,"strain: C57BL/6 | gender: Male | age,months: 6 | genotype: Wild Type | tissue: Liver"
GSM3426797,L0608,182.52,26.074,6.0,months,months,parsed,,liver,C57BL/6,M,control,GSE121141,RRBS,True,ok,Liver,"strain: C57BL/6 | gender: Male | age,months: 6 | genotype: Wild Type | tissue: Liver"
GSM3426798,L0609,182.52,26.074,6.0,months,months,parsed,,liver,C57BL/6,M,control,GSE121141,RRBS,True,ok,Liver,"strain: C57BL/6 | gender: Male | age,months: 6 | genotype: Wild Type | tissue: Liver"
GSM3426799,L0610,182.52,26.074,6.0,months,months,parsed,,liver,C57BL/6,M,control,GSE121141,RRBS,True,ok,Liver,"strain: C57BL/6 | gender: Male | age,months: 6 | genotype: Wild Type | tissue: Liver"
GSM3426800,L1003,304.2,43.457,10.0,months,months,parsed,,liver,C57BL/6,M,control,GSE121141,RRBS,True,ok,Liver,"strain: C57BL/6 | gender: Male | age,months: 10 | genotype: Wild Type | tissue: Liver"
GSM3426801,L1203,365.04,52.149,12.0,months,months,parsed,,liver,C57BL/6,M,control,GSE121141,RRBS,True,ok,Liver,"strain: C57BL/6 | gender: Male | age,months: 12 | genotype: Wild Type | tissue: Liver"
GSM3426802,L1204,365.04,52.149,12.0,months,months,parsed,,liver,C57BL/6,M,control,GSE121141,RRBS,True,ok,Liver,"strain: C57BL/6 | gender: Male | age,months: 12 | genotype: Wild Type | tissue: Liver"
GSM3426803,L1207,365.04,52.149,12.0,months,months,parsed,,liver,C57BL/6,M,control,GSE121141,RRBS,True,ok,Liver,"strain: C57BL/6 | gender: Male | age,months: 12 | genotype: Wild Type | tissue: Liver"
GSM3426804,L1208,365.04,52.149,12.0,months,months,parsed,,liver,C57BL/6,M,control,GSE121141,RRBS,True,ok,Liver,"strain: C57BL/6 | gender: Male | age,months: 12 | genotype: Wild Type | tissue: Liver"
GSM3426805,L1209,365.04,52.149,12.0,months,months,parsed,,liver,C57BL/6,M,control,GSE121141,RRBS,True,ok,Liver,"strain: C57BL/6 | gender: Male | age,months: 12 | genotype: Wild Type | tissue: Liver"
GSM3426806,L2003,608.4,86.914,20.0,months,months,parsed,,liver,C57BL/6,M,control,GSE121141,RRBS,True,ok,Liver,"strain: C57BL/6 | gender: Male | age,months: 20 | genotype: Wild Type | tissue: Liver"
GSM3426807,L2004,608.4,86.914,20.0,months,months,parsed,,liver,C57BL/6,M,control,GSE121141,RRBS,True,ok,Liver,"strain: C57BL/6 | gender: Male | age,months: 20 | genotype: Wild Type | tissue: Liver"
GSM3426808,L2005,608.4,86.914,20.0,months,months,parsed,,liver,C57BL/6,M,control,GSE121141,RRBS,True,ok,Liver,"strain: C57BL/6 | gender: Male | age,months: 20 | genotype: Wild Type | tissue: Liver"
GSM3426809,L2006,608.4,86.914,20.0,months,months,parsed,,liver,C57BL/6,M,control,GSE121141,RRBS,True,ok,Liver,"strain: C57BL/6 | gender: Male | age,months: 20 | genotype: Wild Type | tissue: Liver"
GSM3426810,L2010,608.4,86.914,20.0,months,months,parsed,,liver,C57BL/6,M,control,GSE121141,RRBS,True,ok,Liver,"strain: C57BL/6 | gender: Male | age,months: 20 | genotype: Wild Type | tissue: Liver"
GSM3426811,L3003,912.6,130.371,30.0,months,months,parsed,,liver,C57BL/6,M,control,GSE121141,RRBS,True,ok,Liver,"strain: C57BL/6 | gender: Male | age,months: 30 | genotype: Wild Type | tissue: Liver"
GSM3426812,L3008,912.6,130.371,30.0,months,months,parsed,,liver,C57BL/6,M,control,GSE121141,RRBS,True,ok,Liver,"strain: C57BL/6 | gender: Male | age,months: 30 | genotype: Wild Type | tissue: Liver"
GSM3426813,L3009,912.6,130.371,30.0,months,months,parsed,,liver,C57BL/6,M,control,GSE121141,RRBS,True,ok,Liver,"strain: C57BL/6 | gender: Male | age,months: 30 | genotype: Wild Type | tissue: Liver"
GSM3426814,L3010,912.6,130.371,30.0,months,months,parsed,,liver,C57BL/6,M,control,GSE121141,RRBS,True,ok,Liver,"strain: C57BL/6 | gender: Male | age,months: 30 | genotype: Wild Type | tissue: Liver"
GSM3426815,Lu0603,182.52,26.074,6.0,months,months,parsed,,lung,C57BL/6,M,control,GSE121141,RRBS,True,ok,Lung,"strain: C57BL/6 | gender: Male | age,months: 6 | genotype: Wild Type | tissue: Lung"
GSM3426816,Lu0607,182.52,26.074,6.0,months,months,parsed,,lung,C57BL/6,M,control,GSE121141,RRBS,True,ok,Lung,"strain: C57BL/6 | gender: Male | age,months: 6 | genotype: Wild Type | tissue: Lung"
GSM3426817,Lu0608,182.52,26.074,6.0,months,months,parsed,,lung,C57BL/6,M,control,GSE121141,RRBS,True,ok,Lung,"strain: C57BL/6 | gender: Male | age,months: 6 | genotype: Wild Type | tissue: Lung"
GSM3426818,Lu0609,182.52,26.074,6.0,months,months,parsed,,lung,C57BL/6,M,control,GSE121141,RRBS,True,ok,Lung,"strain: C57BL/6 | gender: Male | age,months: 6 | genotype: Wild Type | tissue: Lung"
GSM3426819,Lu0610,182.52,26.074,6.0,months,months,parsed,,lung,C57BL/6,M,control,GSE121141,RRBS,True,ok,Lung,"strain: C57BL/6 | gender: Male | age,months: 6 | genotype: Wild Type | tissue: Lung"
GSM3426820,Lu1203,365.04,52.149,12.0,months,months,parsed,,lung,C57BL/6,M,control,GSE121141,RRBS,True,ok,Lung,"strain: C57BL/6 | gender: Male | age,months: 12 | genotype: Wild Type | tissue: Lung"
GSM3426821,Lu1204,365.04,52.149,12.0,months,months,parsed,,lung,C57BL/6,M,control,GSE121141,RRBS,True,ok,Lung,"strain: C57BL/6 | gender: Male | age,months: 12 | genotype: Wild Type | tissue: Lung"
GSM3426822,Lu1207,365.04,52.149,12.0,months,months,parsed,,lung,C57BL/6,M,control,GSE121141,RRBS,True,ok,Lung,"strain: C57BL/6 | gender: Male | age,months: 12 | genotype: Wild Type | tissue: Lung"
GSM3426823,Lu1208,365.04,52.149,12.0,months,months,parsed,,lung,C57BL/6,M,control,GSE121141,RRBS,True,ok,Lung,"strain: C57BL/6 | gender: Male | age,months: 12 | genotype: Wild Type | tissue: Lung"
GSM3426824,Lu1209,365.04,52.149,12.0,months,months,parsed,,lung,C57BL/6,M,control,GSE121141,RRBS,True,ok,Lung,"strain: C57BL/6 | gender: Male | age,months: 12 | genotype: Wild Type | tissue: Lung"
GSM3426825,Lu2003,608.4,86.914,20.0,months,months,parsed,,lung,C57BL/6,M,control,GSE121141,RRBS,True,ok,Lung,"strain: C57BL/6 | gender: Male | age,months: 20 | genotype: Wild Type | tissue: Lung"
GSM3426826,Lu2004,608.4,86.914,20.0,months,months,parsed,,lung,C57BL/6,M,control,GSE121141,RRBS,True,ok,Lung,"strain: C57BL/6 | gender: Male | age,months: 20 | genotype: Wild Type | tissue: Lung"
GSM3426827,Lu2005,608.4,86.914,20.0,months,months,parsed,,lung,C57BL/6,M,control,GSE121141,RRBS,True,ok,Lung,"strain: C57BL/6 | gender: Male | age,months: 20 | genotype: Wild Type | tissue: Lung"
GSM3426828,Lu2006,608.4,86.914,20.0,months,months,parsed,,lung,C57BL/6,M,control,GSE121141,RRBS,True,ok,Lung,"strain: C57BL/6 | gender: Male | age,months: 20 | genotype: Wild Type | tissue: Lung"
GSM3426829,Lu2010,608.4,86.914,20.0,months,months,parsed,,lung,C57BL/6,M,control,GSE121141,RRBS,True,ok,Lung,"strain: C57BL/6 | gender: Male | age,months: 20 | genotype: Wild Type | tissue: Lung"
GSM3426830,Lu3003,912.6,130.371,30.0,months,months,parsed,,lung,C57BL/6,M,control,GSE121141,RRBS,True,ok,Lung,"strain: C57BL/6 | gender: Male | age,months: 30 | genotype: Wild Type | tissue: Lung"
GSM3426831,Lu3004,912.6,130.371,30.0,months,months,parsed,,lung,C57BL/6,M,control,GSE121141,RRBS,True,ok,Lung,"strain: C57BL/6 | gender: Male | age,months: 30 | genotype: Wild Type | tissue: Lung"
GSM3426832,Lu3008,912.6,130.371,30.0,months,months,parsed,,lung,C57BL/6,M,control,GSE121141,RRBS,True,ok,Lung,"strain: C57BL/6 | gender: Male | age,months: 30 | genotype: Wild Type | tissue: Lung"
GSM3426833,Lu3009,912.6,130.371,30.0,months,months,parsed,,lung,C57BL/6,M,control,GSE121141,RRBS,True,ok,Lung,"strain: C57BL/6 | gender: Male | age,months: 30 | genotype: Wild Type | tissue: Lung"
GSM3426834,Lu3010,912.6,130.371,30.0,months,months,parsed,,lung,C57BL/6,M,control,GSE121141,RRBS,True,ok,Lung,"strain: C57BL/6 | gender: Male | age,months: 30 | genotype: Wild Type | tissue: Lung"
GSM1463666,RRBS_12_Mouse_Liver_F_1w_NORMAL,7.0,1.0,1.0,weeks,weeks,parsed,,liver,C57/bl,F,control,GSE60012,RRBS,True,ok,Liver,tissue: Liver | strain: C57/bl | gender: F | age: 1w | condition: NORMAL
GSM1463667,RRBS_15_Mouse_Liver_F_1w_NORMAL,7.0,1.0,1.0,weeks,weeks,parsed,,liver,C57/bl,F,control,GSE60012,RRBS,True,ok,Liver,tissue: Liver | strain: C57/bl | gender: F | age: 1w | condition: NORMAL
GSM1463668,RRBS_16_Mouse_Liver_F_1w_NORMAL,7.0,1.0,1.0,weeks,weeks,parsed,,liver,C57/bl,F,control,GSE60012,RRBS,True,ok,Liver,tissue: Liver | strain: C57/bl | gender: F | age: 1w | condition: NORMAL
GSM1463669,RRBS_17_Mouse_Liver_F_1w_NORMAL,7.0,1.0,1.0,weeks,weeks,parsed,,liver,C57/bl,F,control,GSE60012,RRBS,True,ok,Liver,tissue: Liver | strain: C57/bl | gender: F | age: 1w | condition: NORMAL
GSM1463670,RRBS_18_Mouse_Liver_F_1w_NORMAL,7.0,1.0,1.0,weeks,weeks,parsed,,liver,C57/bl,F,control,GSE60012,RRBS,True,ok,Liver,tissue: Liver | strain: C57/bl | gender: F | age: 1w | condition: NORMAL
GSM1463671,RRBS_22_Mouse_Liver_F_20w_NORMAL,140.0,20.0,20.0,weeks,weeks,parsed,,liver,C57/bl,F,control,GSE60012,RRBS,True,ok,Liver,tissue: Liver | strain: C57/bl | gender: F | age: 20w | condition: NORMAL
GSM1463672,RRBS_25_Mouse_Liver_F_20w_NORMAL,140.0,20.0,20.0,weeks,weeks,parsed,,liver,C57/bl,F,control,GSE60012,RRBS,True,ok,Liver,tissue: Liver | strain: C57/bl | gender: F | age: 20w | condition: NORMAL
GSM1463673,RRBS_27_Mouse_Liver_F_20w_NORMAL,140.0,20.0,20.0,weeks,weeks,parsed,,liver,C57/bl,F,control,GSE60012,RRBS,True,ok,Liver,tissue: Liver | strain: C57/bl | gender: F | age: 20w | condition: NORMAL
GSM1463674,RRBS_30_Mouse_Liver_F_20w_NORMAL,140.0,20.0,20.0,weeks,weeks,parsed,,liver,C57/bl,F,control,GSE60012,RRBS,True,ok,Liver,tissue: Liver | strain: C57/bl | gender: F | age: 20w | condition: NORMAL
GSM1463675,RRBS_32_Mouse_Liver_F_20w_NORMAL,140.0,20.0,20.0,weeks,weeks,parsed,,liver,C57/bl,F,control,GSE60012,RRBS,True,ok,Liver,tissue: Liver | strain: C57/bl | gender: F | age: 20w | condition: NORMAL
GSM1463676,RRBS_33_Mouse_Liver_F_20w_NORMAL,140.0,20.0,20.0,weeks,weeks,parsed,,liver,C57/bl,F,control,GSE60012,RRBS,True,ok,Liver,tissue: Liver | strain: C57/bl | gender: F | age: 20w | condition: NORMAL
GSM1463677,RRBS_36_Mouse_Liver_F_20w_NORMAL,140.0,20.0,20.0,weeks,weeks,parsed,,liver,C57/bl,F,control,GSE60012,RRBS,True,ok,Liver,tissue: Liver | strain: C57/bl | gender: F | age: 20w | condition: NORMAL
GSM1463678,RRBS_37_Mouse_Liver_F_20w_NORMAL,140.0,20.0,20.0,weeks,weeks,parsed,,liver,C57/bl,F,control,GSE60012,RRBS,True,ok,Liver,tissue: Liver | strain: C57/bl | gender: F | age: 20w | condition: NORMAL
GSM1463679,RRBS_39_Mouse_Liver_F_20w_NORMAL,140.0,20.0,20.0,weeks,weeks,parsed,,liver,C57/bl,F,control,GSE60012,RRBS,True,ok,Liver,tissue: Liver | strain: C57/bl | gender: F | age: 20w | condition: NORMAL
GSM1463680,RRBS_41_Mouse_Liver_F_20w_NORMAL,140.0,20.0,20.0,weeks,weeks,parsed,,liver,C57/bl,F,control,GSE60012,RRBS,True,ok,Liver,tissue: Liver | strain: C57/bl | gender: F | age: 20w | condition: NORMAL
GSM1463681,RRBS_43_Mouse_Liver_F_3w_NORMAL,21.0,3.0,3.0,weeks,weeks,parsed,,liver,C57/bl,F,control,GSE60012,RRBS,True,ok,Liver,tissue: Liver | strain: C57/bl | gender: F | age: 3w | condition: NORMAL
GSM1463682,RRBS_44_Mouse_Liver_F_3w_NORMAL,21.0,3.0,3.0,weeks,weeks,parsed,,liver,C57/bl,F,control,GSE60012,RRBS,True,ok,Liver,tissue: Liver | strain: C57/bl | gender: F | age: 3w | condition: NORMAL
GSM1463683,RRBS_45_Mouse_Liver_F_3w_NORMAL,21.0,3.0,3.0,weeks,weeks,parsed,,liver,C57/bl,F,control,GSE60012,RRBS,True,ok,Liver,tissue: Liver | strain: C57/bl | gender: F | age: 3w | condition: NORMAL
GSM1463684,RRBS_46_Mouse_Liver_F_3w_NORMAL,21.0,3.0,3.0,weeks,weeks,parsed,,liver,C57/bl,F,control,GSE60012,RRBS,True,ok,Liver,tissue: Liver | strain: C57/bl | gender: F | age: 3w | condition: NORMAL
GSM1463685,RRBS_56_Mouse_Liver_F_8w_NORMAL,56.0,8.0,8.0,weeks,weeks,parsed,,liver,C57/bl,F,control,GSE60012,RRBS,True,ok,Liver,tissue: Liver | strain: C57/bl | gender: F | age: 8w | condition: NORMAL
GSM1463686,RRBS_57_Mouse_Liver_F_8w_NORMAL,56.0,8.0,8.0,weeks,weeks,parsed,,liver,C57/bl,F,control,GSE60012,RRBS,True,ok,Liver,tissue: Liver | strain: C57/bl | gender: F | age: 8w | condition: NORMAL
GSM1463687,RRBS_58_Mouse_Liver_F_8w_NORMAL,56.0,8.0,8.0,weeks,weeks,parsed,,liver,C57/bl,F,control,GSE60012,RRBS,True,ok,Liver,tissue: Liver | strain: C57/bl | gender: F | age: 8w | condition: NORMAL
GSM1463688,RRBS_59_Mouse_Liver_F_8w_NORMAL,56.0,8.0,8.0,weeks,weeks,parsed,,liver,C57/bl,F,control,GSE60012,RRBS,True,ok,Liver,tissue: Liver | strain: C57/bl | gender: F | age: 8w | condition: NORMAL
GSM1463689,RRBS_60_Mouse_Liver_F_8w_NORMAL,56.0,8.0,8.0,weeks,weeks,parsed,,liver,C57/bl,F,control,GSE60012,RRBS,True,ok,Liver,tissue: Liver | strain: C57/bl | gender: F | age: 8w | condition: NORMAL
GSM1463690,RRBS_13_Mouse_Liver_M_1w_NORMAL,7.0,1.0,1.0,weeks,weeks,parsed,,liver,C57/bl,M,control,GSE60012,RRBS,True,ok,Liver,tissue: Liver | strain: C57/bl | gender: M | age: 1w | condition: NORMAL
GSM1463691,RRBS_14_Mouse_Liver_M_1w_NORMAL,7.0,1.0,1.0,weeks,weeks,parsed,,liver,C57/bl,M,control,GSE60012,RRBS,True,ok,Liver,tissue: Liver | strain: C57/bl | gender: M | age: 1w | condition: NORMAL
GSM1463692,RRBS_19_Mouse_Liver_M_1w_NORMAL,7.0,1.0,1.0,weeks,weeks,parsed,,liver,C57/bl,M,control,GSE60012,RRBS,True,ok,Liver,tissue: Liver | strain: C57/bl | gender: M | age: 1w | condition: NORMAL
GSM1463693,RRBS_20_Mouse_Liver_M_1w_NORMAL,7.0,1.0,1.0,weeks,weeks,parsed,,liver,C57/bl,M,control,GSE60012,RRBS,True,ok,Liver,tissue: Liver | strain: C57/bl | gender: M | age: 1w | condition: NORMAL
GSM1463694,RRBS_21_Mouse_Liver_M_1w_NORMAL,7.0,1.0,1.0,weeks,weeks,parsed,,liver,C57/bl,M,control,GSE60012,RRBS,True,ok,Liver,tissue: Liver | strain: C57/bl | gender: M | age: 1w | condition: NORMAL
GSM1463695,RRBS_23_Mouse_Liver_M_20w_NORMAL,140.0,20.0,20.0,weeks,weeks,parsed,,liver,C57/bl,M,control,GSE60012,RRBS,True,ok,Liver,tissue: Liver | strain: C57/bl | gender: M | age: 20w | condition: NORMAL
GSM1463696,RRBS_24_Mouse_Liver_M_20w_NORMAL,140.0,20.0,20.0,weeks,weeks,parsed,,liver,C57/bl,M,control,GSE60012,RRBS,True,ok,Liver,tissue: Liver | strain: C57/bl | gender: M | age: 20w | condition: NORMAL
GSM1463697,RRBS_26_Mouse_Liver_M_20w_NORMAL,140.0,20.0,20.0,weeks,weeks,parsed,,liver,C57/bl,M,control,GSE60012,RRBS,True,ok,Liver,tissue: Liver | strain: C57/bl | gender: M | age: 20w | condition: NORMAL
GSM1463698,RRBS_28_Mouse_Liver_M_20w_NORMAL,140.0,20.0,20.0,weeks,weeks,parsed,,liver,C57/bl,M,control,GSE60012,RRBS,True,ok,Liver,tissue: Liver | strain: C57/bl | gender: M | age: 20w | condition: NORMAL
GSM1463699,RRBS_29_Mouse_Liver_M_20w_NORMAL,140.0,20.0,20.0,weeks,weeks,parsed,,liver,C57/bl,M,control,GSE60012,RRBS,True,ok,Liver,tissue: Liver | strain: C57/bl | gender: M | age: 20w | condition: NORMAL
GSM1463700,RRBS_31_Mouse_Liver_M_20w_NORMAL,140.0,20.0,20.0,weeks,weeks,parsed,,liver,C57/bl,M,control,GSE60012,RRBS,True,ok,Liver,tissue: Liver | strain: C57/bl | gender: M | age: 20w | condition: NORMAL
GSM1463701,RRBS_34_Mouse_Liver_M_20w_NORMAL,140.0,20.0,20.0,weeks,weeks,parsed,,liver,C57/bl,M,control,GSE60012,RRBS,True,ok,Liver,tissue: Liver | strain: C57/bl | gender: M | age: 20w | condition: NORMAL
GSM1463702,RRBS_35_Mouse_Liver_M_20w_NORMAL,140.0,20.0,20.0,weeks,weeks,parsed,,liver,C57/bl,M,control,GSE60012,RRBS,True,ok,Liver,tissue: Liver | strain: C57/bl | gender: M | age: 20w | condition: NORMAL
GSM1463703,RRBS_38_Mouse_Liver_M_20w_NORMAL,140.0,20.0,20.0,weeks,weeks,parsed,,liver,C57/bl,M,control,GSE60012,RRBS,True,ok,Liver,tissue: Liver | strain: C57/bl | gender: M | age: 20w | condition: NORMAL
GSM1463704,RRBS_40_Mouse_Liver_M_20w_NORMAL,140.0,20.0,20.0,weeks,weeks,parsed,,liver,C57/bl,M,control,GSE60012,RRBS,True,ok,Liver,tissue: Liver | strain: C57/bl | gender: M | age: 20w | condition: NORMAL
GSM1463705,RRBS_42_Mouse_Liver_M_3w_NORMAL,21.0,3.0,3.0,weeks,weeks,parsed,,liver,C57/bl,M,control,GSE60012,RRBS,True,ok,Liver,tissue: Liver | strain: C57/bl | gender: M | age: 3w | condition: NORMAL
GSM1463706,RRBS_47_Mouse_Liver_M_3w_NORMAL,21.0,3.0,3.0,weeks,weeks,parsed,,liver,C57/bl,M,control,GSE60012,RRBS,True,ok,Liver,tissue: Liver | strain: C57/bl | gender: M | age: 3w | condition: NORMAL
GSM1463707,RRBS_48_Mouse_Liver_M_3w_NORMAL,21.0,3.0,3.0,weeks,weeks,parsed,,liver,C57/bl,M,control,GSE60012,RRBS,True,ok,Liver,tissue: Liver | strain: C57/bl | gender: M | age: 3w | condition: NORMAL
GSM1463708,RRBS_49_Mouse_Liver_M_3w_NORMAL,21.0,3.0,3.0,weeks,weeks,parsed,,liver,C57/bl,M,control,GSE60012,RRBS,True,ok,Liver,tissue: Liver | strain: C57/bl | gender: M | age: 3w | condition: NORMAL
GSM1463709,RRBS_50_Mouse_Liver_M_3w_NORMAL,21.0,3.0,3.0,weeks,weeks,parsed,,liver,C57/bl,M,control,GSE60012,RRBS,True,ok,Liver,tissue: Liver | strain: C57/bl | gender: M | age: 3w | condition: NORMAL
GSM1463710,RRBS_51_Mouse_Liver_M_8w_NORMAL,56.0,8.0,8.0,weeks,weeks,parsed,,liver,C57/bl,M,control,GSE60012,RRBS,True,ok,Liver,tissue: Liver | strain: C57/bl | gender: M | age: 8w | condition: NORMAL
GSM1463711,RRBS_52_Mouse_Liver_M_8w_NORMAL,56.0,8.0,8.0,weeks,weeks,parsed,,liver,C57/bl,M,control,GSE60012,RRBS,True,ok,Liver,tissue: Liver | strain: C57/bl | gender: M | age: 8w | condition: NORMAL
GSM1463712,RRBS_53_Mouse_Liver_M_8w_NORMAL,56.0,8.0,8.0,weeks,weeks,parsed,,liver,C57/bl,M,control,GSE60012,RRBS,True,ok,Liver,tissue: Liver | strain: C57/bl | gender: M | age: 8w | condition: NORMAL
GSM1463713,RRBS_54_Mouse_Liver_M_8w_NORMAL,56.0,8.0,8.0,weeks,weeks,parsed,,liver,C57/bl,M,control,GSE60012,RRBS,True,ok,Liver,tissue: Liver | strain: C57/bl | gender: M | age: 8w | condition: NORMAL
GSM1463714,RRBS_55_Mouse_Liver_M_8w_NORMAL,56.0,8.0,8.0,weeks,weeks,parsed,,liver,C57/bl,M,control,GSE60012,RRBS,True,ok,Liver,tissue: Liver | strain: C57/bl | gender: M | age: 8w | condition: NORMAL
GSM1463715,RRBS_1_Mouse_Liver_F_20w_castration,140.0,20.0,20.0,weeks,weeks,parsed,,liver,C57/bl,F,castration,GSE60012,RRBS,True,ok,Liver,tissue: Liver | strain: C57/bl | gender: F | age: 20w | condition: castration
GSM1463716,RRBS_2_Mouse_Liver_F_20w_castration,140.0,20.0,20.0,weeks,weeks,parsed,,liver,C57/bl,F,castration,GSE60012,RRBS,True,ok,Liver,tissue: Liver | strain: C57/bl | gender: F | age: 20w | condition: castration
GSM1463717,RRBS_3_Mouse_Liver_F_20w_castration,140.0,20.0,20.0,weeks,weeks,parsed,,liver,C57/bl,F,castration,GSE60012,RRBS,True,ok,Liver,tissue: Liver | strain: C57/bl | gender: F | age: 20w | condition: castration
GSM1463718,RRBS_100_Mouse_Liver_M_31w_old_castration,217.0,31.0,31.0,weeks,weeks,parsed,,liver,C57/bl,M,castration,GSE60012,RRBS,True,ok,Liver,tissue: Liver | strain: C57/bl | gender: M | age: 31w | condition: old castration
GSM1463719,RRBS_101_Mouse_Liver_M_28w_old_castration,196.0,28.0,28.0,weeks,weeks,parsed,,liver,C57/bl,M,castration,GSE60012,RRBS,True,ok,Liver,tissue: Liver | strain: C57/bl | gender: M | age: 28w | condition: old castration
GSM1463720,RRBS_102_Mouse_Liver_M_28w_old_castration,196.0,28.0,28.0,weeks,weeks,parsed,,liver,C57/bl,M,castration,GSE60012,RRBS,True,ok,Liver,tissue: Liver | strain: C57/bl | gender: M | age: 28w | condition: old castration
GSM1463721,RRBS_103_Mouse_Liver_M_28w_old_castration,196.0,28.0,28.0,weeks,weeks,parsed,,liver,C57/bl,M,castration,GSE60012,RRBS,True,ok,Liver,tissue: Liver | strain: C57/bl | gender: M | age: 28w | condition: old castration
GSM1463722,RRBS_104_Mouse_Liver_M_28w_old_castration,196.0,28.0,28.0,weeks,weeks,parsed,,liver,C57/bl,M,castration,GSE60012,RRBS,True,ok,Liver,tissue: Liver | strain: C57/bl | gender: M | age: 28w | condition: old castration
GSM1463723,RRBS_105_Mouse_Liver_M_28w_old_castration,196.0,28.0,28.0,weeks,weeks,parsed,,liver,C57/bl,M,castration,GSE60012,RRBS,True,ok,Liver,tissue: Liver | strain: C57/bl | gender: M | age: 28w | condition: old castration
GSM1463724,RRBS_96_Mouse_Liver_M_28w_old_castration,196.0,28.0,28.0,weeks,weeks,parsed,,liver,C57/bl,M,castration,GSE60012,RRBS,True,ok,Liver,tissue: Liver | strain: C57/bl | gender: M | age: 28w | condition: old castration
GSM1463725,RRBS_97_Mouse_Liver_M_28w_old_castration,196.0,28.0,28.0,weeks,weeks,parsed,,liver,C57/bl,M,castration,GSE60012,RRBS,True,ok,Liver,tissue: Liver | strain: C57/bl | gender: M | age: 28w | condition: old castration
GSM1463726,RRBS_98_Mouse_Liver_M_28w_old_castration,196.0,28.0,28.0,weeks,weeks,parsed,,liver,C57/bl,M,castration,GSE60012,RRBS,True,ok,Liver,tissue: Liver | strain: C57/bl | gender: M | age: 28w | condition: old castration
GSM1463727,RRBS_99_Mouse_Liver_M_31w_old_castration,217.0,31.0,31.0,weeks,weeks,parsed,,liver,C57/bl,M,castration,GSE60012,RRBS,True,ok,Liver,tissue: Liver | strain: C57/bl | gender: M | age: 31w | condition: old castration
GSM1463728,RRBS_106_Mouse_Liver_M_20w_old_castration_control,140.0,20.0,20.0,weeks,weeks,parsed,,liver,C57/bl,M,castration,GSE60012,RRBS,True,ok,Liver,tissue: Liver | strain: C57/bl | gender: M | age: 20w | condition: old castration control
GSM1463729,RRBS_107_Mouse_Liver_M_28w_old_castration_control,196.0,28.0,28.0,weeks,weeks,parsed,,liver,C57/bl,M,castration,GSE60012,RRBS,True,ok,Liver,tissue: Liver | strain: C57/bl | gender: M | age: 28w | condition: old castration control
GSM1463730,RRBS_108_Mouse_Liver_M_28w_old_castration_control,196.0,28.0,28.0,weeks,weeks,parsed,,liver,C57/bl,M,castration,GSE60012,RRBS,True,ok,Liver,tissue: Liver | strain: C57/bl | gender: M | age: 28w | condition: old castration control
GSM1463731,RRBS_109_Mouse_Liver_M_28w_old_castration_control,196.0,28.0,28.0,weeks,weeks,parsed,,liver,C57/bl,M,castration,GSE60012,RRBS,True,ok,Liver,tissue: Liver | strain: C57/bl | gender: M | age: 28w | condition: old castration control
GSM1463732,RRBS_110_Mouse_Liver_M_28w_old_castration_control,196.0,28.0,28.0,weeks,weeks,parsed,,liver,C57/bl,M,castration,GSE60012,RRBS,True,ok,Liver,tissue: Liver | strain: C57/bl | gender: M | age: 28w | condition: old castration control
GSM1463733,RRBS_111_Mouse_Liver_M_28w_old_castration_control,196.0,28.0,28.0,weeks,weeks,parsed,,liver,C57/bl,M,castration,GSE60012,RRBS,True,ok,Liver,tissue: Liver | strain: C57/bl | gender: M | age: 28w | condition: old castration control
GSM1463734,RRBS_112_Mouse_Liver_M_28w_old_castration_control,196.0,28.0,28.0,weeks,weeks,parsed,,liver,C57/bl,M,castration,GSE60012,RRBS,True,ok,Liver,tissue: Liver | strain: C57/bl | gender: M | age: 28w | condition: old castration control
GSM1463735,RRBS_113_Mouse_Liver_M_28w_old_castration_control,196.0,28.0,28.0,weeks,weeks,parsed,,liver,C57/bl,M,castration,GSE60012,RRBS,True,ok,Liver,tissue: Liver | strain: C57/bl | gender: M | age: 28w | condition: old castration control
GSM1463736,RRBS_114_Mouse_Liver_M_31w_old_castration_control,217.0,31.0,31.0,weeks,weeks,parsed,,liver,C57/bl,M,castration,GSE60012,RRBS,True,ok,Liver,tissue: Liver | strain: C57/bl | gender: M | age: 31w | condition: old castration control
GSM1463737,RRBS_115_Mouse_Liver_M_31w_old_castration_control,217.0,31.0,31.0,weeks,weeks,parsed,,liver,C57/bl,M,castration,GSE60012,RRBS,True,ok,Liver,tissue: Liver | strain: C57/bl | gender: M | age: 31w | condition: old castration control
GSM1463738,RRBS_116_Mouse_Liver_M_20w_testosterone,140.0,20.0,20.0,weeks,weeks,parsed,,liver,C57/bl,M,control,GSE60012,RRBS,True,ok,Liver,tissue: Liver | strain: C57/bl | gender: M | age: 20w | condition: testosterone
GSM1463739,RRBS_117_Mouse_Liver_M_20w_testosterone,140.0,20.0,20.0,weeks,weeks,parsed,,liver,C57/bl,M,control,GSE60012,RRBS,True,ok,Liver,tissue: Liver | strain: C57/bl | gender: M | age: 20w | condition: testosterone
GSM1463740,RRBS_118_Mouse_Liver_M_20w_testosterone,140.0,20.0,20.0,weeks,weeks,parsed,,liver,C57/bl,M,control,GSE60012,RRBS,True,ok,Liver,tissue: Liver | strain: C57/bl | gender: M | age: 20w | condition: testosterone
GSM1463741,RRBS_119_Mouse_Liver_M_20w_testosterone,140.0,20.0,20.0,weeks,weeks,parsed,,liver,C57/bl,M,control,GSE60012,RRBS,True,ok,Liver,tissue: Liver | strain: C57/bl | gender: M | age: 20w | condition: testosterone
GSM1463742,RRBS_120_Mouse_Liver_F_20w_testosterone_+_castaration,140.0,20.0,20.0,weeks,weeks,parsed,,liver,C57/bl,F,control,GSE60012,RRBS,True,ok,Liver,tissue: Liver | strain: C57/bl | gender: F | age: 20w | condition: testosterone + castaration
GSM1463743,RRBS_121_Mouse_Liver_F_20w_testosterone_+_castaration,140.0,20.0,20.0,weeks,weeks,parsed,,liver,C57/bl,F,control,GSE60012,RRBS,True,ok,Liver,tissue: Liver | strain: C57/bl | gender: F | age: 20w | condition: testosterone + castaration
GSM1463744,RRBS_122_Mouse_Liver_F_20w_testosterone_+_castaration,140.0,20.0,20.0,weeks,weeks,parsed,,liver,C57/bl,F,control,GSE60012,RRBS,True,ok,Liver,tissue: Liver | strain: C57/bl | gender: F | age: 20w | condition: testosterone + castaration
GSM1463745,RRBS_123_Mouse_Liver_F_20w_testosterone_+_castaration,140.0,20.0,20.0,weeks,weeks,parsed,,liver,C57/bl,F,control,GSE60012,RRBS,True,ok,Liver,tissue: Liver | strain: C57/bl | gender: F | age: 20w | condition: testosterone + castaration
GSM1463746,RRBS_124_Mouse_Liver_F_20w_testosterone_+_castaration,140.0,20.0,20.0,weeks,weeks,parsed,,liver,C57/bl,F,control,GSE60012,RRBS,True,ok,Liver,tissue: Liver | strain: C57/bl | gender: F | age: 20w | condition: testosterone + castaration
GSM1463747,RRBS_125_Mouse_Liver_F_20w_testosterone_+_castaration,140.0,20.0,20.0,weeks,weeks,parsed,,liver,C57/bl,F,control,GSE60012,RRBS,True,ok,Liver,tissue: Liver | strain: C57/bl | gender: F | age: 20w | condition: testosterone + castaration
GSM1463748,RRBS_126_Mouse_Liver_M_20w_testosterone_control,140.0,20.0,20.0,weeks,weeks,parsed,,liver,C57/bl,M,control,GSE60012,RRBS,True,ok,Liver,tissue: Liver | strain: C57/bl | gender: M | age: 20w | condition: testosterone control
GSM1463749,RRBS_127_Mouse_Liver_M_20w_testosterone_control,140.0,20.0,20.0,weeks,weeks,parsed,,liver,C57/bl,M,control,GSE60012,RRBS,True,ok,Liver,tissue: Liver | strain: C57/bl | gender: M | age: 20w | condition: testosterone control
GSM1463750,RRBS_128_Mouse_Liver_M_20w_testosterone_control,140.0,20.0,20.0,weeks,weeks,parsed,,liver,C57/bl,M,control,GSE60012,RRBS,True,ok,Liver,tissue: Liver | strain: C57/bl | gender: M | age: 20w | condition: testosterone control
GSM1463751,RRBS_129_Mouse_Liver_M_20w_testosterone_control,140.0,20.0,20.0,weeks,weeks,parsed,,liver,C57/bl,M,control,GSE60012,RRBS,True,ok,Liver,tissue: Liver | strain: C57/bl | gender: M | age: 20w | condition: testosterone control
GSM1463752,RRBS_130_Mouse_Liver_F_20w_vehacle_+_castration,140.0,20.0,20.0,weeks,weeks,parsed,,liver,C57/bl,F,castration,GSE60012,RRBS,True,ok,Liver,tissue: Liver | strain: C57/bl | gender: F | age: 20w | condition: vehicle + castration
GSM1463753,RRBS_131_Mouse_Liver_F_20w_vehacle_+_castration,140.0,20.0,20.0,weeks,weeks,parsed,,liver,C57/bl,F,castration,GSE60012,RRBS,True,ok,Liver,tissue: Liver | strain: C57/bl | gender: F | age: 20w | condition: vehicle + castration
GSM1463754,RRBS_132_Mouse_Liver_F_20w_vehacle_+_castration,140.0,20.0,20.0,weeks,weeks,parsed,,liver,C57/bl,F,castration,GSE60012,RRBS,True,ok,Liver,tissue: Liver | strain: C57/bl | gender: F | age: 20w | condition: vehicle + castration
GSM1463755,RRBS_133_Mouse_Liver_F_20w_vehacle_+_castration,140.0,20.0,20.0,weeks,weeks,parsed,,liver,C57/bl,F,castration,GSE60012,RRBS,True,ok,Liver,tissue: Liver | strain: C57/bl | gender: F | age: 20w | condition: vehicle + castration
GSM1463756,RRBS_134_Mouse_Liver_F_20w_vehacle_+_castration,140.0,20.0,20.0,weeks,weeks,parsed,,liver,C57/bl,F,castration,GSE60012,RRBS,True,ok,Liver,tissue: Liver | strain: C57/bl | gender: F | age: 20w | condition: vehicle + castration
GSM1463757,RRBS_135_Mouse_Liver_F_20w_vehacle_+_castration,140.0,20.0,20.0,weeks,weeks,parsed,,liver,C57/bl,F,castration,GSE60012,RRBS,True,ok,Liver,tissue: Liver | strain: C57/bl | gender: F | age: 20w | condition: vehicle + castration
GSM1463758,RRBS_136_Mouse_Liver_M_20w_young_castrated,140.0,20.0,20.0,weeks,weeks,parsed,,liver,C57/bl,M,castration,GSE60012,RRBS,True,ok,Liver,tissue: Liver | strain: C57/bl | gender: M | age: 20w | condition: young castrated
GSM1463759,RRBS_137_Mouse_Liver_M_20w_young_castrated,140.0,20.0,20.0,weeks,weeks,parsed,,liver,C57/bl,M,castration,GSE60012,RRBS,True,ok,Liver,tissue: Liver | strain: C57/bl | gender: M | age: 20w | condition: young castrated
GSM1463760,RRBS_138_Mouse_Liver_M_20w_young_castrated,140.0,20.0,20.0,weeks,weeks,parsed,,liver,C57/bl,M,castration,GSE60012,RRBS,True,ok,Liver,tissue: Liver | strain: C57/bl | gender: M | age: 20w | condition: young castrated
GSM1463761,RRBS_139_Mouse_Liver_M_20w_young_castrated,140.0,20.0,20.0,weeks,weeks,parsed,,liver,C57/bl,M,castration,GSE60012,RRBS,True,ok,Liver,tissue: Liver | strain: C57/bl | gender: M | age: 20w | condition: young castrated
GSM1463762,RRBS_140_Mouse_Liver_M_20w_young_castrated,140.0,20.0,20.0,weeks,weeks,parsed,,liver,C57/bl,M,castration,GSE60012,RRBS,True,ok,Liver,tissue: Liver | strain: C57/bl | gender: M | age: 20w | condition: young castrated
GSM1463763,RRBS_146_Mouse_Liver_M_20w_young_control_castrated,140.0,20.0,20.0,weeks,weeks,parsed,,liver,C57/bl,M,castration,GSE60012,RRBS,True,ok,Liver,tissue: Liver | strain: C57/bl | gender: M | age: 20w | condition: young control castrated
GSM1463764,RRBS_147_Mouse_Liver_M_20w_young_control_castrated,140.0,20.0,20.0,weeks,weeks,parsed,,liver,C57/bl,M,castration,GSE60012,RRBS,True,ok,Liver,tissue: Liver | strain: C57/bl | gender: M | age: 20w | condition: young control castrated
GSM1463765,RRBS_148_Mouse_Liver_M_20w_young_control_castrated,140.0,20.0,20.0,weeks,weeks,parsed,,liver,C57/bl,M,castration,GSE60012,RRBS,True,ok,Liver,tissue: Liver | strain: C57/bl | gender: M | age: 20w | condition: young control castrated
GSM1463766,RRBS_149_Mouse_Liver_M_20w_young_control_castrated,140.0,20.0,20.0,weeks,weeks,parsed,,liver,C57/bl,M,castration,GSE60012,RRBS,True,ok,Liver,tissue: Liver | strain: C57/bl | gender: M | age: 20w | condition: young control castrated
GSM1463767,RRBS_65_Mouse_Muscle_F_20w_NORMAL,140.0,20.0,20.0,weeks,weeks,parsed,,muscle,C57/bl,F,control,GSE60012,RRBS,True,ok,Muscle,tissue: Muscle | strain: C57/bl | gender: F | age: 20w | condition: NORMAL
GSM1463768,RRBS_66_Mouse_Muscle_F_20w_NORMAL,140.0,20.0,20.0,weeks,weeks,parsed,,muscle,C57/bl,F,control,GSE60012,RRBS,True,ok,Muscle,tissue: Muscle | strain: C57/bl | gender: F | age: 20w | condition: NORMAL
GSM1463769,RRBS_68_Mouse_Muscle_F_20w_NORMAL,140.0,20.0,20.0,weeks,weeks,parsed,,muscle,C57/bl,F,control,GSE60012,RRBS,True,ok,Muscle,tissue: Muscle | strain: C57/bl | gender: F | age: 20w | condition: NORMAL
GSM1463770,RRBS_71_Mouse_Muscle_F_20w_NORMAL,140.0,20.0,20.0,weeks,weeks,parsed,,muscle,C57/bl,F,control,GSE60012,RRBS,True,ok,Muscle,tissue: Muscle | strain: C57/bl | gender: F | age: 20w | condition: NORMAL
GSM1463771,RRBS_72_Mouse_Muscle_F_20w_NORMAL,140.0,20.0,20.0,weeks,weeks,parsed,,muscle,C57/bl,F,control,GSE60012,RRBS,True,ok,Muscle,tissue: Muscle | strain: C57/bl | gender: F | age: 20w | condition: NORMAL
GSM1463772,RRBS_75_Mouse_Muscle_F_20w_NORMAL,140.0,20.0,20.0,weeks,weeks,parsed,,muscle,C57/bl,F,control,GSE60012,RRBS,True,ok,Muscle,tissue: Muscle | strain: C57/bl | gender: F | age: 20w | condition: NORMAL
GSM1463773,RRBS_81_Mouse_Muscle_F_3w_NORMAL,21.0,3.0,3.0,weeks,weeks,parsed,,muscle,C57/bl,F,control,GSE60012,RRBS,True,ok,Muscle,tissue: Muscle | strain: C57/bl | gender: F | age: 3w | condition: NORMAL
GSM1463774,RRBS_82_Mouse_Muscle_F_3w_NORMAL,21.0,3.0,3.0,weeks,weeks,parsed,,muscle,C57/bl,F,control,GSE60012,RRBS,True,ok,Muscle,tissue: Muscle | strain: C57/bl | gender: F | age: 3w | condition: NORMAL
GSM1463775,RRBS_83_Mouse_Muscle_F_3w_NORMAL,21.0,3.0,3.0,weeks,weeks,parsed,,muscle,C57/bl,F,control,GSE60012,RRBS,True,ok,Muscle,tissue: Muscle | strain: C57/bl | gender: F | age: 3w | condition: NORMAL
GSM1463776,RRBS_84_Mouse_Muscle_F_3w_NORMAL,21.0,3.0,3.0,weeks,weeks,parsed,,muscle,C57/bl,F,control,GSE60012,RRBS,True,ok,Muscle,tissue: Muscle | strain: C57/bl | gender: F | age: 3w | condition: NORMAL
GSM1463777,RRBS_85_Mouse_Muscle_F_3w_NORMAL,21.0,3.0,3.0,weeks,weeks,parsed,,muscle,C57/bl,F,control,GSE60012,RRBS,True,ok,Muscle,tissue: Muscle | strain: C57/bl | gender: F | age: 3w | condition: NORMAL
GSM1463778,RRBS_61_Mouse_Muscle_M_20w_NORMAL,140.0,20.0,20.0,weeks,weeks,parsed,,muscle,C57/bl,M,control,GSE60012,RRBS,True,ok,Muscle,tissue: Muscle | strain: C57/bl | gender: M | age: 20w | condition: NORMAL
GSM1463779,RRBS_62_Mouse_Muscle_M_20w_NORMAL,140.0,20.0,20.0,weeks,weeks,parsed,,muscle,C57/bl,M,control,GSE60012,RRBS,True,ok,Muscle,tissue: Muscle | strain: C57/bl | gender: M | age: 20w | condition: NORMAL
GSM1463780,RRBS_63_Mouse_Muscle_M_20w_NORMAL,140.0,20.0,20.0,weeks,weeks,parsed,,muscle,C57/bl,M,control,GSE60012,RRBS,True,ok,Muscle,tissue: Muscle | strain: C57/bl | gender: M | age: 20w | condition: NORMAL
GSM1463781,RRBS_64_Mouse_Muscle_M_20w_NORMAL,140.0,20.0,20.0,weeks,weeks,parsed,,muscle,C57/bl,M,control,GSE60012,RRBS,True,ok,Muscle,tissue: Muscle | strain: C57/bl | gender: M | age: 20w | condition: NORMAL
GSM1463782,RRBS_67_Mouse_Muscle_M_20w_NORMAL,140.0,20.0,20.0,weeks,weeks,parsed,,muscle,C57/bl,M,control,GSE60012,RRBS,True,ok,Muscle,tissue: Muscle | strain: C57/bl | gender: M | age: 20w | condition: NORMAL
GSM1463783,RRBS_69_Mouse_Muscle_M_20w_NORMAL,140.0,20.0,20.0,weeks,weeks,parsed,,muscle,C57/bl,M,control,GSE60012,RRBS,True,ok,Muscle,tissue: Muscle | strain: C57/bl | gender: M | age: 20w | condition: NORMAL
GSM1463784,RRBS_70_Mouse_Muscle_M_20w_NORMAL,140.0,20.0,20.0,weeks,weeks,parsed,,muscle,C57/bl,M,control,GSE60012,RRBS,True,ok,Muscle,tissue: Muscle | strain: C57/bl | gender: M | age: 20w | condition: NORMAL
GSM1463785,RRBS_73_Mouse_Muscle_M_20w_NORMAL,140.0,20.0,20.0,weeks,weeks,parsed,,muscle,C57/bl,M,control,GSE60012,RRBS,True,ok,Muscle,tissue: Muscle | strain: C57/bl | gender: M | age: 20w | condition: NORMAL
GSM1463786,RRBS_74_Mouse_Muscle_M_20w_NORMAL,140.0,20.0,20.0,weeks,weeks,parsed,,muscle,C57/bl,M,control,GSE60012,RRBS,True,ok,Muscle,tissue: Muscle | strain: C57/bl | gender: M | age: 20w | condition: NORMAL
GSM1463787,RRBS_76_Mouse_Muscle_M_3w_NORMAL,21.0,3.0,3.0,weeks,weeks,parsed,,muscle,C57/bl,M,control,GSE60012,RRBS,True,ok,Muscle,tissue: Muscle | strain: C57/bl | gender: M | age: 3w | condition: NORMAL
GSM1463788,RRBS_77_Mouse_Muscle_M_3w_NORMAL,21.0,3.0,3.0,weeks,weeks,parsed,,muscle,C57/bl,M,control,GSE60012,RRBS,True,ok,Muscle,tissue: Muscle | strain: C57/bl | gender: M | age: 3w | condition: NORMAL
GSM1463789,RRBS_78_Mouse_Muscle_M_3w_NORMAL,21.0,3.0,3.0,weeks,weeks,parsed,,muscle,C57/bl,M,control,GSE60012,RRBS,True,ok,Muscle,tissue: Muscle | strain: C57/bl | gender: M | age: 3w | condition: NORMAL
GSM1463790,RRBS_79_Mouse_Muscle_M_3w_NORMAL,21.0,3.0,3.0,weeks,weeks,parsed,,muscle,C57/bl,M,control,GSE60012,RRBS,True,ok,Muscle,tissue: Muscle | strain: C57/bl | gender: M | age: 3w | condition: NORMAL
GSM1463791,RRBS_80_Mouse_Muscle_M_3w_NORMAL,21.0,3.0,3.0,weeks,weeks,parsed,,muscle,C57/bl,M,control,GSE60012,RRBS,True,ok,Muscle,tissue: Muscle | strain: C57/bl | gender: M | age: 3w | condition: NORMAL
GSM1463792,RRBS_141_Mouse_Muscle_M_20w_young_castrated,140.0,20.0,20.0,weeks,weeks,parsed,,muscle,C57/bl,M,castration,GSE60012,RRBS,True,ok,Muscle,tissue: Muscle | strain: C57/bl | gender: M | age: 20w | condition: young castrated
GSM1463793,RRBS_142_Mouse_Muscle_M_20w_young_castrated,140.0,20.0,20.0,weeks,weeks,parsed,,muscle,C57/bl,M,castration,GSE60012,RRBS,True,ok,Muscle,tissue: Muscle | strain: C57/bl | gender: M | age: 20w | condition: young castrated
GSM1463794,RRBS_143_Mouse_Muscle_M_20w_young_castrated,140.0,20.0,20.0,weeks,weeks,parsed,,muscle,C57/bl,M,castration,GSE60012,RRBS,True,ok,Muscle,tissue: Muscle | strain: C57/bl | gender: M | age: 20w | condition: young castrated
GSM1463795,RRBS_144_Mouse_Muscle_M_20w_young_castrated,140.0,20.0,20.0,weeks,weeks,parsed,,muscle,C57/bl,M,castration,GSE60012,RRBS,True,ok,Muscle,tissue: Muscle | strain: C57/bl | gender: M | age: 20w | condition: young castrated
GSM1463796,RRBS_145_Mouse_Muscle_M_20w_young_castrated,140.0,20.0,20.0,weeks,weeks,parsed,,muscle,C57/bl,M,castration,GSE60012,RRBS,True,ok,Muscle,tissue: Muscle | strain: C57/bl | gender: M | age: 20w | condition: young castrated
GSM1463797,RRBS_150_Mouse_Muscle_M_20w_young_control_castrated,140.0,20.0,20.0,weeks,weeks,parsed,,muscle,C57/bl,M,castration,GSE60012,RRBS,True,ok,Muscle,tissue: Muscle | strain: C57/bl | gender: M | age: 20w | condition: young control castrated
GSM1463798,RRBS_151_Mouse_Muscle_M_20w_young_control_castrated,140.0,20.0,20.0,weeks,weeks,parsed,,muscle,C57/bl,M,castration,GSE60012,RRBS,True,ok,Muscle,tissue: Muscle | strain: C57/bl | gender: M | age: 20w | condition: young control castrated
GSM1463799,RRBS_152_Mouse_Muscle_M_20w_young_control_castrated,140.0,20.0,20.0,weeks,weeks,parsed,,muscle,C57/bl,M,castration,GSE60012,RRBS,True,ok,Muscle,tissue: Muscle | strain: C57/bl | gender: M | age: 20w | condition: young control castrated
GSM1463800,RRBS_153_Mouse_Muscle_M_20w_young_control_castrated,140.0,20.0,20.0,weeks,weeks,parsed,,muscle,C57/bl,M,castration,GSE60012,RRBS,True,ok,Muscle,tissue: Muscle | strain: C57/bl | gender: M | age: 20w | condition: young control castrated
GSM1463801,RRBS_86_Mouse_Spleen_F_1w_NORMAL,7.0,1.0,1.0,weeks,weeks,parsed,,spleen,C57/bl,F,control,GSE60012,RRBS,True,ok,Spleen,tissue: Spleen | strain: C57/bl | gender: F | age: 1w | condition: NORMAL
GSM1463802,RRBS_88_Mouse_Spleen_F_20w_NORMAL,140.0,20.0,20.0,weeks,weeks,parsed,,spleen,C57/bl,F,control,GSE60012,RRBS,True,ok,Spleen,tissue: Spleen | strain: C57/bl | gender: F | age: 20w | condition: NORMAL
GSM1463803,RRBS_89_Mouse_Spleen_F_20w_NORMAL,140.0,20.0,20.0,weeks,weeks,parsed,,spleen,C57/bl,F,control,GSE60012,RRBS,True,ok,Spleen,tissue: Spleen | strain: C57/bl | gender: F | age: 20w | condition: NORMAL
GSM1463804,RRBS_90_Mouse_Spleen_F_20w_NORMAL,140.0,20.0,20.0,weeks,weeks,parsed,,spleen,C57/bl,F,control,GSE60012,RRBS,True,ok,Spleen,tissue: Spleen | strain: C57/bl | gender: F | age: 20w | condition: NORMAL
GSM1463805,RRBS_95_Mouse_Spleen_F_20w_NORMAL,140.0,20.0,20.0,weeks,weeks,parsed,,spleen,C57/bl,F,control,GSE60012,RRBS,True,ok,Spleen,tissue: Spleen | strain: C57/bl | gender: F | age: 20w | condition: NORMAL
GSM1463806,RRBS_87_Mouse_Spleen_M_1w_NORMAL,7.0,1.0,1.0,weeks,weeks,parsed,,spleen,C57/bl,M,control,GSE60012,RRBS,True,ok,Spleen,tissue: Spleen | strain: C57/bl | gender: M | age: 1w | condition: NORMAL
GSM1463807,RRBS_91_Mouse_Spleen_M_20w_NORMAL,140.0,20.0,20.0,weeks,weeks,parsed,,spleen,C57/bl,M,control,GSE60012,RRBS,True,ok,Spleen,tissue: Spleen | strain: C57/bl | gender: M | age: 20w | condition: NORMAL
GSM1463809,RRBS_92_Mouse_Spleen_M_20w_NORMAL,140.0,20.0,20.0,weeks,weeks,parsed,,spleen,C57/bl,M,control,GSE60012,RRBS,True,ok,Spleen,tissue: Spleen | strain: C57/bl | gender: M | age: 20w | condition: NORMAL
GSM1463811,RRBS_93_Mouse_Spleen_M_20w_NORMAL,140.0,20.0,20.0,weeks,weeks,parsed,,spleen,C57/bl,M,control,GSE60012,RRBS,True,ok,Spleen,tissue: Spleen | strain: C57/bl | gender: M | age: 20w | condition: NORMAL
GSM1463813,RRBS_94_Mouse_Spleen_M_20w_NORMAL,140.0,20.0,20.0,weeks,weeks,parsed,,spleen,C57/bl,M,control,GSE60012,RRBS,True,ok,Spleen,tissue: Spleen | strain: C57/bl | gender: M | age: 20w | condition: NORMAL
GSM1463815,RRBS_10_Mouse_Cerebellum_F_20w_NORMAL,140.0,20.0,20.0,weeks,weeks,parsed,,brain_cerebellum,C57/bl,F,control,GSE60012,RRBS,True,ok,Cerebellum,tissue: Cerebellum | strain: C57/bl | gender: F | age: 20w | condition: NORMAL
GSM1463817,RRBS_11_Mouse_Cerebellum_F_20w_NORMAL,140.0,20.0,20.0,weeks,weeks,parsed,,brain_cerebellum,C57/bl,F,control,GSE60012,RRBS,True,ok,Cerebellum,tissue: Cerebellum | strain: C57/bl | gender: F | age: 20w | condition: NORMAL
GSM1463818,RRBS_8_Mouse_Cerebellum_F_20w_NORMAL,140.0,20.0,20.0,weeks,weeks,parsed,,brain_cerebellum,C57/bl,F,control,GSE60012,RRBS,True,ok,Cerebellum,tissue: Cerebellum | strain: C57/bl | gender: F | age: 20w | condition: NORMAL
GSM1463819,RRBS_9_Mouse_Cerebellum_F_20w_NORMAL,140.0,20.0,20.0,weeks,weeks,parsed,,brain_cerebellum,C57/bl,F,control,GSE60012,RRBS,True,ok,Cerebellum,tissue: Cerebellum | strain: C57/bl | gender: F | age: 20w | condition: NORMAL
GSM1463820,RRBS_4_Mouse_Cerebellum_M_1w_NORMAL,7.0,1.0,1.0,weeks,weeks,parsed,,brain_cerebellum,C57/bl,M,control,GSE60012,RRBS,True,ok,Cerebellum,tissue: Cerebellum | strain: C57/bl | gender: M | age: 1w | condition: NORMAL
GSM1463821,RRBS_5_Mouse_Cerebellum_M_1w_NORMAL,7.0,1.0,1.0,weeks,weeks,parsed,,brain_cerebellum,C57/bl,M,control,GSE60012,RRBS,True,ok,Cerebellum,tissue: Cerebellum | strain: C57/bl | gender: M | age: 1w | condition: NORMAL
GSM1463822,RRBS_6_Mouse_Cerebellum_M_20w_NORMAL,140.0,20.0,20.0,weeks,weeks,parsed,,brain_cerebellum,C57/bl,M,control,GSE60012,RRBS,True,ok,Cerebellum,tissue: Cerebellum | strain: C57/bl | gender: M | age: 20w | condition: NORMAL
GSM1463823,RRBS_7_Mouse_Cerebellum_M_20w_NORMAL,140.0,20.0,20.0,weeks,weeks,parsed,,brain_cerebellum,C57/bl,M,control,GSE60012,RRBS,True,ok,Cerebellum,tissue: Cerebellum | strain: C57/bl | gender: M | age: 20w | condition: NORMAL
GSM1463824,RRBS_1_Human_Liver_F_Adult_NORMAL,,,,,,,,liver,unknown,F,control,GSE60012,RRBS,True,missing_age,Liver,tissue: Liver | gender: F | age: Adult | condition: NORMAL
GSM1463825,RRBS_2_Human_Liver_F_Adult_NORMAL,,,,,,,,liver,unknown,F,control,GSE60012,RRBS,True,missing_age,Liver,tissue: Liver | gender: F | age: Adult | condition: NORMAL
GSM1463826,RRBS_3_Human_Liver_F_Adult_NORMAL,,,,,,,,liver,unknown,F,control,GSE60012,RRBS,True,missing_age,Liver,tissue: Liver | gender: F | age: Adult | condition: NORMAL
GSM1463827,RRBS_5_Human_Liver_F_Adult_NORMAL,,,,,,,,liver,unknown,F,control,GSE60012,RRBS,True,missing_age,Liver,tissue: Liver | gender: F | age: Adult | condition: NORMAL
GSM1463828,RRBS_6_Human_Liver_F_Adult_NORMAL,,,,,,,,liver,unknown,F,control,GSE60012,RRBS,True,missing_age,Liver,tissue: Liver | gender: F | age: Adult | condition: NORMAL
GSM1463829,RRBS_4_Human_Liver_M_Adult_NORMAL,,,,,,,,liver,unknown,M,control,GSE60012,RRBS,True,missing_age,Liver,tissue: Liver | gender: M | age: Adult | condition: NORMAL
GSM1463830,RRBS_7_Human_Liver_M_Adult_NORMAL,,,,,,,,liver,unknown,M,control,GSE60012,RRBS,True,missing_age,Liver,tissue: Liver | gender: M | age: Adult | condition: NORMAL
GSM1463831,RRBS_8_Human_Liver_M_Adult_NORMAL,,,,,,,,liver,unknown,M,control,GSE60012,RRBS,True,missing_age,Liver,tissue: Liver | gender: M | age: Adult | condition: NORMAL
GSM1463832,RRBS_9_Human_Liver_M_Adult_NORMAL,,,,,,,,liver,unknown,M,control,GSE60012,RRBS,True,missing_age,Liver,tissue: Liver | gender: M | age: Adult | condition: NORMAL
GSM1463833,WGBS_20w_female,140.0,20.0,20.0,weeks,weeks,parsed,,liver,C57/bl,F,control,GSE60012,RRBS,True,ok,Liver,tissue: Liver | strain: C57/bl | gender: F | age: 20w | condition: NORMAL
GSM1463834,WGBS_3w_male,21.0,3.0,3.0,weeks,weeks,parsed,,liver,C57/bl,M,control,GSE60012,RRBS,True,ok,Liver,tissue: Liver | strain: C57/bl | gender: M | age: 3w | condition: NORMAL
GSM1463835,WGBS_20w_male,140.0,20.0,20.0,weeks,weeks,parsed,,liver,C57/bl,M,control,GSE60012,RRBS,True,ok,Liver,tissue: Liver | strain: C57/bl | gender: M | age: 20w | condition: NORMAL
GSM1463836,RNA_1_Mouse_Liver_M_20w_NORMAL,140.0,20.0,20.0,weeks,weeks,parsed,,liver,C57/bl,M,control,GSE60012,RRBS,True,ok,Liver,tissue: Liver | strain: C57/bl | gender: M | age: 20w | condition: NORMAL
GSM1463837,RNA_2_Mouse_Liver_M_20w_NORMAL,140.0,20.0,20.0,weeks,weeks,parsed,,liver,C57/bl,M,control,GSE60012,RRBS,True,ok,Liver,tissue: Liver | strain: C57/bl | gender: M | age: 20w | condition: NORMAL
GSM1463838,RNA_3_Mouse_Liver_M_20w_NORMAL,140.0,20.0,20.0,weeks,weeks,parsed,,liver,C57/bl,M,control,GSE60012,RRBS,True,ok,Liver,tissue: Liver | strain: C57/bl | gender: M | age: 20w | condition: NORMAL
GSM1463839,RNA_4_Mouse_Liver_M_20w_NORMAL,140.0,20.0,20.0,weeks,weeks,parsed,,liver,C57/bl,M,control,GSE60012,RRBS,True,ok,Liver,tissue: Liver | strain: C57/bl | gender: M | age: 20w | condition: NORMAL
GSM1463840,RNA_1_Mouse_Liver_F_20w_NORMAL,140.0,20.0,20.0,weeks,weeks,parsed,,liver,C57/bl,F,control,GSE60012,RRBS,True,ok,Liver,tissue: Liver | strain: C57/bl | gender: F | age: 20w | condition: NORMAL
GSM1463841,RNA_2_Mouse_Liver_F_20w_NORMAL,140.0,20.0,20.0,weeks,weeks,parsed,,liver,C57/bl,F,control,GSE60012,RRBS,True,ok,Liver,tissue: Liver | strain: C57/bl | gender: F | age: 20w | condition: NORMAL
GSM1463842,RNA_3_Mouse_Liver_F_20w_NORMAL,140.0,20.0,20.0,weeks,weeks,parsed,,liver,C57/bl,F,control,GSE60012,RRBS,True,ok,Liver,tissue: Liver | strain: C57/bl | gender: F | age: 20w | condition: NORMAL
GSM1463843,RNA_4_Mouse_Liver_F_20w_NORMAL,140.0,20.0,20.0,weeks,weeks,parsed,,liver,C57/bl,F,control,GSE60012,RRBS,True,ok,Liver,tissue: Liver | strain: C57/bl | gender: F | age: 20w | condition: NORMAL
GSM1262165,9wk: 13 [RRBS],63.0,9.0,9.0,weeks,weeks,parsed,,liver,C57BL/6,M,control,GSE52266,RRBS,True,ok,maternal-Low fat_adult-Low fat,strain: C57BL/6 | age: nine weeks | Sex: Male | maternal diet: Low fat | adult diet: Low fat | tissue: liver
GSM1262166,9wk: 14 [RRBS],63.0,9.0,9.0,weeks,weeks,parsed,,liver,C57BL/6,M,control,GSE52266,RRBS,True,ok,maternal-Low fat_adult-Low fat,strain: C57BL/6 | age: nine weeks | Sex: Male | maternal diet: Low fat | adult diet: Low fat | tissue: liver
GSM1262167,9wk: 15 [RRBS],63.0,9.0,9.0,weeks,weeks,parsed,,liver,C57BL/6,M,control,GSE52266,RRBS,True,ok,maternal-Low fat_adult-Low fat,strain: C57BL/6 | age: nine weeks | Sex: Male | maternal diet: Low fat | adult diet: Low fat | tissue: liver
GSM1262168,9wk: 23 [RRBS],63.0,9.0,9.0,weeks,weeks,parsed,,liver,C57BL/6,M,diet_high_fat,GSE52266,RRBS,True,ok,maternal-Low fat_adult-High fat,strain: C57BL/6 | age: nine weeks | Sex: Male | maternal diet: Low fat | adult diet: High fat | tissue: liver
GSM1262169,9wk: 24 [RRBS],63.0,9.0,9.0,weeks,weeks,parsed,,liver,C57BL/6,M,diet_high_fat,GSE52266,RRBS,True,ok,maternal-Low fat_adult-High fat,strain: C57BL/6 | age: nine weeks | Sex: Male | maternal diet: Low fat | adult diet: High fat | tissue: liver
GSM1262170,9wk: 52 [RRBS],63.0,9.0,9.0,weeks,weeks,parsed,,liver,C57BL/6,M,diet_high_fat,GSE52266,RRBS,True,ok,maternal-High fat_adult-High fat,strain: C57BL/6 | age: nine weeks | Sex: Male | maternal diet: High fat | adult diet: High fat | tissue: liver
GSM1262171,9wk: 54 [RRBS],63.0,9.0,9.0,weeks,weeks,parsed,,liver,C57BL/6,M,diet_high_fat,GSE52266,RRBS,True,ok,maternal-High fat_adult-Low fat,strain: C57BL/6 | age: nine weeks | Sex: Male | maternal diet: High fat | adult diet: Low fat | tissue: liver
GSM1262172,9wk: 55 [RRBS],63.0,9.0,9.0,weeks,weeks,parsed,,liver,C57BL/6,M,diet_high_fat,GSE52266,RRBS,True,ok,maternal-High fat_adult-Low fat,strain: C57BL/6 | age: nine weeks | Sex: Male | maternal diet: High fat | adult diet: Low fat | tissue: liver
GSM1262173,9wk: 97 [RRBS],63.0,9.0,9.0,weeks,weeks,parsed,,liver,C57BL/6,M,diet_high_fat,GSE52266,RRBS,True,ok,maternal-Low fat_adult-High fat,strain: C57BL/6 | age: nine weeks | Sex: Male | maternal diet: Low fat | adult diet: High fat | tissue: liver
GSM1262174,9wk: 99 [RRBS],63.0,9.0,9.0,weeks,weeks,parsed,,liver,C57BL/6,M,diet_high_fat,GSE52266,RRBS,True,ok,maternal-Low fat_adult-High fat,strain: C57BL/6 | age: nine weeks | Sex: Male | maternal diet: Low fat | adult diet: High fat | tissue: liver
GSM1262175,9wk: 100 [RRBS],63.0,9.0,9.0,weeks,weeks,parsed,,liver,C57BL/6,M,control,GSE52266,RRBS,True,ok,maternal-Low fat_adult-Low fat,strain: C57BL/6 | age: nine weeks | Sex: Male | maternal diet: Low fat | adult diet: Low fat | tissue: liver
GSM1262176,9wk: 101 [RRBS],63.0,9.0,9.0,weeks,weeks,parsed,,liver,C57BL/6,M,control,GSE52266,RRBS,True,ok,maternal-Low fat_adult-Low fat,strain: C57BL/6 | age: nine weeks | Sex: Male | maternal diet: Low fat | adult diet: Low fat | tissue: liver
GSM1262177,9wk: 102 [RRBS],63.0,9.0,9.0,weeks,weeks,parsed,,liver,C57BL/6,M,control,GSE52266,RRBS,True,ok,maternal-Low fat_adult-Low fat,strain: C57BL/6 | age: nine weeks | Sex: Male | maternal diet: Low fat | adult diet: Low fat | tissue: liver
GSM1262178,9wk: 108 [RRBS],63.0,9.0,9.0,weeks,weeks,parsed,,liver,C57BL/6,M,diet_high_fat,GSE52266,RRBS,True,ok,maternal-High fat_adult-Low fat,strain: C57BL/6 | age: nine weeks | Sex: Male | maternal diet: High fat | adult diet: Low fat | tissue: liver
GSM1262179,9wk: 109 [RRBS],63.0,9.0,9.0,weeks,weeks,parsed,,liver,C57BL/6,M,diet_high_fat,GSE52266,RRBS,True,ok,maternal-High fat_adult-Low fat,strain: C57BL/6 | age: nine weeks | Sex: Male | maternal diet: High fat | adult diet: Low fat | tissue: liver
GSM1262180,9wk: 122 [RRBS],63.0,9.0,9.0,weeks,weeks,parsed,,liver,C57BL/6,M,diet_high_fat,GSE52266,RRBS,True,ok,maternal-High fat_adult-High fat,strain: C57BL/6 | age: nine weeks | Sex: Male | maternal diet: High fat | adult diet: High fat | tissue: liver
GSM1262181,9wk: 123 [RRBS],63.0,9.0,9.0,weeks,weeks,parsed,,liver,C57BL/6,M,diet_high_fat,GSE52266,RRBS,True,ok,maternal-High fat_adult-High fat,strain: C57BL/6 | age: nine weeks | Sex: Male | maternal diet: High fat | adult diet: High fat | tissue: liver
GSM1262182,9wk: 124 [RRBS],63.0,9.0,9.0,weeks,weeks,parsed,,liver,C57BL/6,M,diet_high_fat,GSE52266,RRBS,True,ok,maternal-High fat_adult-High fat,strain: C57BL/6 | age: nine weeks | Sex: Male | maternal diet: High fat | adult diet: High fat | tissue: liver
GSM1262183,9wk: 126 [RRBS],63.0,9.0,9.0,weeks,weeks,parsed,,liver,C57BL/6,M,diet_high_fat,GSE52266,RRBS,True,ok,maternal-High fat_adult-Low fat,strain: C57BL/6 | age: nine weeks | Sex: Male | maternal diet: High fat | adult diet: Low fat | tissue: liver
GSM1262184,9wk: 127 [RRBS],63.0,9.0,9.0,weeks,weeks,parsed,,liver,C57BL/6,M,diet_high_fat,GSE52266,RRBS,True,ok,maternal-High fat_adult-Low fat,strain: C57BL/6 | age: nine weeks | Sex: Male | maternal diet: High fat | adult diet: Low fat | tissue: liver
GSM1262185,9wk: 128 [RRBS],63.0,9.0,9.0,weeks,weeks,parsed,,liver,C57BL/6,M,diet_high_fat,GSE52266,RRBS,True,ok,maternal-High fat_adult-Low fat,strain: C57BL/6 | age: nine weeks | Sex: Male | maternal diet: High fat | adult diet: Low fat | tissue: liver
GSM1262186,9wk: 133 [RRBS],63.0,9.0,9.0,weeks,weeks,parsed,,liver,C57BL/6,M,control,GSE52266,RRBS,True,ok,maternal-Low fat_adult-Low fat,strain: C57BL/6 | age: nine weeks | Sex: Male | maternal diet: Low fat | adult diet: Low fat | tissue: liver
GSM1262187,9wk: 134 [RRBS],63.0,9.0,9.0,weeks,weeks,parsed,,liver,C57BL/6,M,control,GSE52266,RRBS,True,ok,maternal-Low fat_adult-Low fat,strain: C57BL/6 | age: nine weeks | Sex: Male | maternal diet: Low fat | adult diet: Low fat | tissue: liver
GSM1262188,9wk: 172 [RRBS],63.0,9.0,9.0,weeks,weeks,parsed,,liver,C57BL/6,M,diet_high_fat,GSE52266,RRBS,True,ok,maternal-High fat_adult-High fat,strain: C57BL/6 | age: nine weeks | Sex: Male | maternal diet: High fat | adult diet: High fat | tissue: liver
GSM1262189,9wk: 173 [RRBS],63.0,9.0,9.0,weeks,weeks,parsed,,liver,C57BL/6,M,diet_high_fat,GSE52266,RRBS,True,ok,maternal-High fat_adult-High fat,strain: C57BL/6 | age: nine weeks | Sex: Male | maternal diet: High fat | adult diet: High fat | tissue: liver
GSM1262190,9wk: 174 [RRBS],63.0,9.0,9.0,weeks,weeks,parsed,,liver,C57BL/6,M,diet_high_fat,GSE52266,RRBS,True,ok,maternal-High fat_adult-High fat,strain: C57BL/6 | age: nine weeks | Sex: Male | maternal diet: High fat | adult diet: High fat | tissue: liver
GSM1262191,9wk: 177 [RRBS],63.0,9.0,9.0,weeks,weeks,parsed,,liver,C57BL/6,M,diet_high_fat,GSE52266,RRBS,True,ok,maternal-High fat_adult-Low fat,strain: C57BL/6 | age: nine weeks | Sex: Male | maternal diet: High fat | adult diet: Low fat | tissue: liver
GSM1262192,9wk: 181 [RRBS],63.0,9.0,9.0,weeks,weeks,parsed,,liver,C57BL/6,M,diet_high_fat,GSE52266,RRBS,True,ok,maternal-High fat_adult-High fat,strain: C57BL/6 | age: nine weeks | Sex: Male | maternal diet: High fat | adult diet: High fat | tissue: liver
GSM1262193,9wk: 182 [RRBS],63.0,9.0,9.0,weeks,weeks,parsed,,liver,C57BL/6,M,diet_high_fat,GSE52266,RRBS,True,ok,maternal-High fat_adult-High fat,strain: C57BL/6 | age: nine weeks | Sex: Male | maternal diet: High fat | adult diet: High fat | tissue: liver
GSM1262194,9wk: 183 [RRBS],63.0,9.0,9.0,weeks,weeks,parsed,,liver,C57BL/6,M,diet_high_fat,GSE52266,RRBS,True,ok,maternal-High fat_adult-High fat,strain: C57BL/6 | age: nine weeks | Sex: Male | maternal diet: High fat | adult diet: High fat | tissue: liver
GSM1262195,9wk: 199 [RRBS],63.0,9.0,9.0,weeks,weeks,parsed,,liver,C57BL/6,M,diet_high_fat,GSE52266,RRBS,True,ok,maternal-Low fat_adult-High fat,strain: C57BL/6 | age: nine weeks | Sex: Male | maternal diet: Low fat | adult diet: High fat | tissue: liver
GSM1262196,9wk: 200 [RRBS],63.0,9.0,9.0,weeks,weeks,parsed,,liver,C57BL/6,M,diet_high_fat,GSE52266,RRBS,True,ok,maternal-Low fat_adult-High fat,strain: C57BL/6 | age: nine weeks | Sex: Male | maternal diet: Low fat | adult diet: High fat | tissue: liver
GSM1262197,9wk: 201 [RRBS],63.0,9.0,9.0,weeks,weeks,parsed,,liver,C57BL/6,M,diet_high_fat,GSE52266,RRBS,True,ok,maternal-Low fat_adult-High fat,strain: C57BL/6 | age: nine weeks | Sex: Male | maternal diet: Low fat | adult diet: High fat | tissue: liver
GSM1262198,9wk: 207 [RRBS],63.0,9.0,9.0,weeks,weeks,parsed,,liver,C57BL/6,M,diet_high_fat,GSE52266,RRBS,True,ok,maternal-Low fat_adult-High fat,strain: C57BL/6 | age: nine weeks | Sex: Male | maternal diet: Low fat | adult diet: High fat | tissue: liver
GSM1262199,9wk: 208 [RRBS],63.0,9.0,9.0,weeks,weeks,parsed,,liver,C57BL/6,M,diet_high_fat,GSE52266,RRBS,True,ok,maternal-Low fat_adult-High fat,strain: C57BL/6 | age: nine weeks | Sex: Male | maternal diet: Low fat | adult diet: High fat | tissue: liver
GSM1262200,9wk: 209 [RRBS],63.0,9.0,9.0,weeks,weeks,parsed,,liver,C57BL/6,M,diet_high_fat,GSE52266,RRBS,True,ok,maternal-Low fat_adult-High fat,strain: C57BL/6 | age: nine weeks | Sex: Male | maternal diet: Low fat | adult diet: High fat | tissue: liver
GSM1262201,9wk: 210 [RRBS],63.0,9.0,9.0,weeks,weeks,parsed,,liver,C57BL/6,M,control,GSE52266,RRBS,True,ok,maternal-Low fat_adult-Low fat,strain: C57BL/6 | age: nine weeks | Sex: Male | maternal diet: Low fat | adult diet: Low fat | tissue: liver
GSM1262202,9wk: 211 [RRBS],63.0,9.0,9.0,weeks,weeks,parsed,,liver,C57BL/6,M,control,GSE52266,RRBS,True,ok,maternal-Low fat_adult-Low fat,strain: C57BL/6 | age: nine weeks | Sex: Male | maternal diet: Low fat | adult diet: Low fat | tissue: liver
GSM1262203,9wk: 227 [RRBS],63.0,9.0,9.0,weeks,weeks,parsed,,liver,C57BL/6,M,diet_high_fat,GSE52266,RRBS,True,ok,maternal-High fat_adult-Low fat,strain: C57BL/6 | age: nine weeks | Sex: Male | maternal diet: High fat | adult diet: Low fat | tissue: liver
GSM1262204,9wk: 228 [RRBS],63.0,9.0,9.0,weeks,weeks,parsed,,liver,C57BL/6,M,diet_high_fat,GSE52266,RRBS,True,ok,maternal-High fat_adult-Low fat,strain: C57BL/6 | age: nine weeks | Sex: Male | maternal diet: High fat | adult diet: Low fat | tissue: liver
GSM2136660,Mixed-1,56.0,8.0,8.0,weeks,weeks,parsed,,liver,unknown,M,control,GSE80761,RRBS,True,ok,mixied_liver,strain background: mixed | gender: male | age: 6-8 weeks | tissue: liver
GSM2136661,Mixed-2,56.0,8.0,8.0,weeks,weeks,parsed,,liver,unknown,M,control,GSE80761,RRBS,True,ok,mixied_liver,strain background: mixed | gender: male | age: 6-8 weeks | tissue: liver
GSM2136662,B6-1,56.0,8.0,8.0,weeks,weeks,parsed,,liver,unknown,M,control,GSE80761,RRBS,True,ok,B6_liver,strain background: Black-6 | gender: male | age: 6-8 weeks | tissue: liver
GSM2136664,B6-2,56.0,8.0,8.0,weeks,weeks,parsed,,liver,unknown,M,control,GSE80761,RRBS,True,ok,B6_liver,strain background: Black-6 | gender: male | age: 6-8 weeks | tissue: liver
GSM1103079,Adrenal Neoplasia Mouse 1,,,,,,,,adrenal,DBA/2J,unknown,control,GSE45361,RRBS,True,missing_age,Adrenal Neoplasia Mouse 1,method: LCM-RRBS | strain: DBA/2J | tissue: Adrenal gland
GSM1103080,Adrenal Neoplasia Mouse 2,,,,,,,,adrenal,DBA/2J,unknown,control,GSE45361,RRBS,True,missing_age,Adrenal Neoplasia Mouse 2,method: LCM-RRBS | strain: DBA/2J | tissue: Adrenal gland
GSM1103081,Adrenal Neoplasia Mouse 3,,,,,,,,adrenal,DBA/2J,unknown,control,GSE45361,RRBS,True,missing_age,Adrenal Neoplasia Mouse 3,method: LCM-RRBS | strain: DBA/2J | tissue: Adrenal gland
GSM1103082,Adrenal Normal Mouse 1,,,,,,,,adrenal,DBA/2J,unknown,control,GSE45361,RRBS,True,missing_age,Adrenal Normal Mouse 1,method: LCM-RRBS | strain: DBA/2J | tissue: Adrenal gland
GSM1103083,Adrenal Normal Mouse 2,,,,,,,,adrenal,DBA/2J,unknown,control,GSE45361,RRBS,True,missing_age,Adrenal Normal Mouse 2,method: LCM-RRBS | strain: DBA/2J | tissue: Adrenal gland
GSM1103084,Adrenal Normal Mouse 3,,,,,,,,adrenal,DBA/2J,unknown,control,GSE45361,RRBS,True,missing_age,Adrenal Normal Mouse 3,method: LCM-RRBS | strain: DBA/2J | tissue: Adrenal gland
GSM1103085,Endometrial FFPE Rep 1,,,,,,,,unknown,unknown,unknown,control,GSE45361,RRBS,True,missing_age;missing_tissue,Endometrial FFPE Rep 1,method: LCM-RRBS | tissue: Endometrial Tumor
GSM1103086,Endometrial FFPE Rep 2,,,,,,,,unknown,unknown,unknown,control,GSE45361,RRBS,True,missing_age;missing_tissue,Endometrial FFPE Rep 2,method: LCM-RRBS | tissue: Endometrial Tumor
GSM1103087,Endometrial Fresh Frozen Rep 1,,,,,,,,unknown,unknown,unknown,control,GSE45361,RRBS,True,missing_age;missing_tissue,Endometrial Fresh Frozen Rep 1,method: LCM-RRBS | tissue: Endometrial Tumor
GSM1103088,Endometrial Fresh Frozen Rep 2,,,,,,,,unknown,unknown,unknown,control,GSE45361,RRBS,True,missing_age;missing_tissue,Endometrial Fresh Frozen Rep 2,method: LCM-RRBS | tissue: Endometrial Tumor
GSM1103089,Leukocyte LCMRRBS 1ng,,,,,,,,unknown,unknown,unknown,control,GSE45361,RRBS,True,missing_age;missing_tissue,Leukocyte LCMRRBS 1ng,method: LCM-RRBS | tissue: Leukocytes
GSM1103090,Leukocyte RRBS 400ng,,,,,,,,unknown,unknown,unknown,control,GSE45361,RRBS,True,missing_age;missing_tissue,Leukocyte RRBS 400ng,method: RRBS | tissue: Leukocytes
GSM1103091,Liver LCMRRBS 1 ng Replicate 1,,,,,,,,liver,C57BL/6,unknown,control,GSE45361,RRBS,True,missing_age,Liver LCMRRBS 1 ng Replicate 1,method: LCM-RRBS | strain: C57BL/6 | tissue: Liver
GSM1103092,Liver LCMRRBS 1 ng Replicate 2,,,,,,,,liver,C57BL/6,unknown,control,GSE45361,RRBS,True,missing_age,Liver LCMRRBS 1 ng Replicate 2,method: LCM-RRBS | strain: C57BL/6 | tissue: Liver
GSM1103093,Liver LCMRRBS 1 ng Replicate 3,,,,,,,,liver,C57BL/6,unknown,control,GSE45361,RRBS,True,missing_age,Liver LCMRRBS 1 ng Replicate 3,method: LCM-RRBS | strain: C57BL/6 | tissue: Liver
GSM1103094,Liver LCMRRBS FFPE 20mm2,,,,,,,,liver,C57BL/6,unknown,control,GSE45361,RRBS,True,missing_age,Liver LCMRRBS FFPE 20mm2,method: LCM-RRBS | strain: C57BL/6 | tissue: Liver
GSM1103095,Liver LCMRRBS Fresh Frozen 10mm2,,,,,,,,liver,C57BL/6,unknown,control,GSE45361,RRBS,True,missing_age,Liver LCMRRBS Fresh Frozen 10mm2,method: LCM-RRBS | strain: C57BL/6 | tissue: Liver
GSM1103096,Liver LCMRRBS Fresh Frozen 20mm,,,,,,,,liver,C57BL/6,unknown,control,GSE45361,RRBS,True,missing_age,Liver LCMRRBS Fresh Frozen 20mm,method: LCM-RRBS | strain: C57BL/6 | tissue: Liver
GSM1103097,Liver LCMRRBS Fresh Frozen 2mm2,,,,,,,,liver,C57BL/6,unknown,control,GSE45361,RRBS,True,missing_age,Liver LCMRRBS Fresh Frozen 2mm2,method: LCM-RRBS | strain: C57BL/6 | tissue: Liver
GSM1103098,Liver LCMRRBS Fresh Frozen 5mm2,,,,,,,,liver,C57BL/6,unknown,control,GSE45361,RRBS,True,missing_age,Liver LCMRRBS Fresh Frozen 5mm2,method: LCM-RRBS | strain: C57BL/6 | tissue: Liver
GSM1103099,Liver RRBS 400 ng Replicate 1,,,,,,,,liver,C57BL/6,unknown,control,GSE45361,RRBS,True,missing_age,Liver RRBS 400 ng Replicate 1,method: RRBS | strain: C57BL/6 | tissue: Liver
GSM1103100,Liver RRBS 400 ng Replicate 2,,,,,,,,liver,C57BL/6,unknown,control,GSE45361,RRBS,True,missing_age,Liver RRBS 400 ng Replicate 2,method: RRBS | strain: C57BL/6 | tissue: Liver
GSM1103101,Liver RRBS 400 ng Replicate 3,,,,,,,,liver,C57BL/6,unknown,control,GSE45361,RRBS,True,missing_age,Liver RRBS 400 ng Replicate 3,method: RRBS | strain: C57BL/6 | tissue: Liver
