sample_id,dataset_batch,tissue,intervention,age_weeks,target_id,model_name,randomize_labels,y_true,y_pred,residual
GSM3394172,GSE120137,adipose,control,86.914,age_weeks,ridge,True,86.91428571428571,49.9833984375,36.93088727678571
GSM3394173,GSE120137,adipose,control,86.914,age_weeks,ridge,True,86.91428571428571,49.78180694580078,37.13247876848493
GSM3394174,GSE120137,adipose,control,86.914,age_weeks,ridge,True,86.91428571428571,50.14645004272461,36.7678356715611
GSM3394175,GSE120137,adipose,control,86.914,age_weeks,ridge,True,86.91428571428571,50.61193084716797,36.30235486711774
GSM3394176,GSE120137,adipose,control,86.914,age_weeks,ridge,True,86.91428571428571,49.833370208740234,37.08091550554548
GSM3394177,GSE120137,adipose,control,86.914,age_weeks,ridge,True,86.91428571428571,49.92543029785156,36.98885541643415
GSM3394178,GSE120137,adipose,control,86.914,age_weeks,ridge,True,86.91428571428571,49.394569396972656,37.519716317313055
GSM3394179,GSE120137,adipose,control,86.914,age_weeks,ridge,True,86.91428571428571,49.9593391418457,36.95494657244001
GSM3394180,GSE120137,adipose,control,86.914,age_weeks,ridge,True,86.91428571428571,50.41683578491211,36.4974499293736
GSM3394181,GSE120137,adipose,control,86.914,age_weeks,ridge,True,86.91428571428571,49.53289031982422,37.38139539446149
GSM3394182,GSE120137,adipose,control,86.914,age_weeks,ridge,True,86.91428571428571,52.09149932861328,34.82278638567243
GSM3394183,GSE120137,adipose,control,86.914,age_weeks,ridge,True,86.91428571428571,51.20846939086914,35.70581632341657
GSM3394184,GSE120137,adipose,control,86.914,age_weeks,ridge,True,86.91428571428571,51.8782958984375,35.03598981584821
GSM3394185,GSE120137,adipose,control,86.914,age_weeks,ridge,True,86.91428571428571,51.884586334228516,35.029699380057195
GSM3394186,GSE120137,adipose,control,86.914,age_weeks,ridge,True,86.91428571428571,49.95710372924805,36.957181985037664
GSM3394187,GSE120137,adipose,control,86.914,age_weeks,ridge,True,86.91428571428571,50.99852752685547,35.91575818743024
GSM3394188,GSE120137,adipose,control,86.914,age_weeks,ridge,True,86.91428571428571,52.334842681884766,34.579443032400945
GSM3394189,GSE120137,adipose,control,86.914,age_weeks,ridge,True,86.91428571428571,52.204246520996094,34.71003919328962
GSM3394190,GSE120137,adipose,control,86.914,age_weeks,ridge,True,86.91428571428571,51.625789642333984,35.28849607195173
GSM3394191,GSE120137,adipose,control,86.914,age_weeks,ridge,True,86.91428571428571,51.35835266113281,35.5559330531529
GSM3394192,GSE120137,adipose,control,43.457,age_weeks,ridge,True,43.457142857142856,49.92995071411133,-6.472807856968473
GSM3394193,GSE120137,adipose,control,43.457,age_weeks,ridge,True,43.457142857142856,50.73310089111328,-7.275958033970426
GSM3394194,GSE120137,adipose,control,43.457,age_weeks,ridge,True,43.457142857142856,50.23929977416992,-6.782156917027066
GSM3394195,GSE120137,adipose,control,43.457,age_weeks,ridge,True,43.457142857142856,50.41149139404297,-6.954348536900113
GSM3394196,GSE120137,adipose,control,43.457,age_weeks,ridge,True,43.457142857142856,50.78935241699219,-7.332209559849332
GSM3394197,GSE120137,adipose,control,43.457,age_weeks,ridge,True,43.457142857142856,50.27783203125,-6.8206891741071445
GSM3394198,GSE120137,adipose,control,43.457,age_weeks,ridge,True,43.457142857142856,50.76636505126953,-7.309222194126676
GSM3394199,GSE120137,adipose,control,43.457,age_weeks,ridge,True,43.457142857142856,51.15353775024414,-7.696394893101285
GSM3394200,GSE120137,adipose,control,43.457,age_weeks,ridge,True,43.457142857142856,50.16829299926758,-6.711150142124723
GSM3394201,GSE120137,adipose,control,43.457,age_weeks,ridge,True,43.457142857142856,50.6934814453125,-7.2363385881696445
GSM3394202,GSE120137,adipose,control,43.457,age_weeks,ridge,True,43.457142857142856,51.794456481933594,-8.337313624790738
GSM3394203,GSE120137,adipose,control,43.457,age_weeks,ridge,True,43.457142857142856,52.14030838012695,-8.683165522984098
GSM3394204,GSE120137,adipose,control,43.457,age_weeks,ridge,True,43.457142857142856,48.74000930786133,-5.282866450718473
GSM3394205,GSE120137,adipose,control,43.457,age_weeks,ridge,True,43.457142857142856,50.6551399230957,-7.197997065952848
GSM3394206,GSE120137,adipose,control,43.457,age_weeks,ridge,True,43.457142857142856,51.34060287475586,-7.883460017613004
GSM3394207,GSE120137,adipose,control,43.457,age_weeks,ridge,True,43.457142857142856,52.55826950073242,-9.101126643589566
GSM3394208,GSE120137,adipose,control,43.457,age_weeks,ridge,True,43.457142857142856,51.61042404174805,-8.153281184605191
GSM3394209,GSE120137,adipose,control,43.457,age_weeks,ridge,True,43.457142857142856,52.530967712402344,-9.073824855259488
GSM3394210,GSE120137,adipose,control,43.457,age_weeks,ridge,True,43.457142857142856,52.201629638671875,-8.74448678152902
GSM3394211,GSE120137,adipose,control,43.457,age_weeks,ridge,True,43.457142857142856,52.61228561401367,-9.155142756870816
GSM3394212,GSE120137,adipose,control,8.691,age_weeks,ridge,True,8.691428571428572,50.55032730102539,-41.85889872959682
GSM3394213,GSE120137,adipose,control,8.691,age_weeks,ridge,True,8.691428571428572,50.39669418334961,-41.705265611921035
GSM3394214,GSE120137,adipose,control,8.691,age_weeks,ridge,True,8.691428571428572,50.94986343383789,-42.25843486240932
GSM3394215,GSE120137,adipose,control,8.691,age_weeks,ridge,True,8.691428571428572,50.3723258972168,-41.68089732578822
GSM3394216,GSE120137,adipose,control,8.691,age_weeks,ridge,True,8.691428571428572,49.78810501098633,-41.096676439557754
GSM3394217,GSE120137,adipose,control,8.691,age_weeks,ridge,True,8.691428571428572,50.2515754699707,-41.56014689854213
GSM3394218,GSE120137,adipose,control,8.691,age_weeks,ridge,True,8.691428571428572,49.834739685058594,-41.14331111363002
GSM3394219,GSE120137,adipose,control,8.691,age_weeks,ridge,True,8.691428571428572,50.54105758666992,-41.84962901524135
GSM3394220,GSE120137,adipose,control,8.691,age_weeks,ridge,True,8.691428571428572,50.398738861083984,-41.70731028965541
GSM3394221,GSE120137,adipose,control,8.691,age_weeks,ridge,True,8.691428571428572,50.002140045166016,-41.31071147373744
GSM3394222,GSE120137,adipose,control,8.691,age_weeks,ridge,True,8.691428571428572,51.896812438964844,-43.20538386753627
GSM3394223,GSE120137,adipose,control,8.691,age_weeks,ridge,True,8.691428571428572,51.9274787902832,-43.23605021885463
GSM3394224,GSE120137,adipose,control,8.691,age_weeks,ridge,True,8.691428571428572,50.76280212402344,-42.071373552594864
GSM3394225,GSE120137,adipose,control,8.691,age_weeks,ridge,True,8.691428571428572,51.29047775268555,-42.59904918125697
GSM3394226,GSE120137,adipose,control,8.691,age_weeks,ridge,True,8.691428571428572,52.253684997558594,-43.56225642613002
GSM3394227,GSE120137,adipose,control,8.691,age_weeks,ridge,True,8.691428571428572,51.539268493652344,-42.84783992222377
GSM3394228,GSE120137,blood,control,86.914,age_weeks,ridge,True,86.91428571428571,40.695945739746094,46.21833997453962
GSM3394229,GSE120137,blood,control,86.914,age_weeks,ridge,True,86.91428571428571,40.75081253051758,46.16347318376813
GSM3394230,GSE120137,blood,control,86.914,age_weeks,ridge,True,86.91428571428571,40.06418991088867,46.85009580339704
GSM3394231,GSE120137,blood,control,86.914,age_weeks,ridge,True,86.91428571428571,40.5882682800293,46.326017434256414
GSM3394232,GSE120137,blood,control,86.914,age_weeks,ridge,True,86.91428571428571,40.65519714355469,46.25908857073102
GSM3394233,GSE120137,blood,control,86.914,age_weeks,ridge,True,86.91428571428571,40.48457336425781,46.4297123500279
GSM3394234,GSE120137,blood,control,86.914,age_weeks,ridge,True,86.91428571428571,40.389503479003906,46.524782235281805
GSM3394235,GSE120137,blood,control,86.914,age_weeks,ridge,True,86.91428571428571,43.403564453125,43.51072126116071
GSM3394236,GSE120137,blood,control,86.914,age_weeks,ridge,True,86.91428571428571,42.90593338012695,44.00835233415876
GSM3394237,GSE120137,blood,control,86.914,age_weeks,ridge,True,86.91428571428571,41.96435546875,44.94993024553571
GSM3394238,GSE120137,blood,control,86.914,age_weeks,ridge,True,86.91428571428571,41.46568298339844,45.44860273088727
GSM3394239,GSE120137,blood,control,86.914,age_weeks,ridge,True,86.91428571428571,42.8980598449707,44.01622586931501
GSM3394240,GSE120137,blood,control,86.914,age_weeks,ridge,True,86.91428571428571,44.5263671875,42.38791852678571
GSM3394241,GSE120137,blood,control,86.914,age_weeks,ridge,True,86.91428571428571,41.149715423583984,45.76457029070173
GSM3394242,GSE120137,blood,control,86.914,age_weeks,ridge,True,86.91428571428571,40.600711822509766,46.313573891775945
GSM3394243,GSE120137,blood,control,86.914,age_weeks,ridge,True,86.91428571428571,40.99510192871094,45.91918378557477
GSM3394244,GSE120137,blood,control,86.914,age_weeks,ridge,True,86.91428571428571,41.506065368652344,45.40822034563337
GSM3394245,GSE120137,blood,control,43.457,age_weeks,ridge,True,43.457142857142856,41.08290100097656,2.374241856166293
GSM3394246,GSE120137,blood,control,43.457,age_weeks,ridge,True,43.457142857142856,41.683494567871094,1.7736482892717618
GSM3394247,GSE120137,blood,control,43.457,age_weeks,ridge,True,43.457142857142856,41.30411148071289,2.153031376429965
GSM3394248,GSE120137,blood,control,43.457,age_weeks,ridge,True,43.457142857142856,41.645023345947266,1.81211951119559
GSM3394249,GSE120137,blood,control,43.457,age_weeks,ridge,True,43.457142857142856,41.33494186401367,2.1222009931291836
GSM3394250,GSE120137,blood,control,43.457,age_weeks,ridge,True,43.457142857142856,40.23804473876953,3.2190981183733243
GSM3394251,GSE120137,blood,control,43.457,age_weeks,ridge,True,43.457142857142856,41.50147247314453,1.9556703839983243
GSM3394252,GSE120137,blood,control,43.457,age_weeks,ridge,True,43.457142857142856,40.763877868652344,2.6932649884905118
GSM3394253,GSE120137,blood,control,43.457,age_weeks,ridge,True,43.457142857142856,41.511322021484375,1.9458208356584805
GSM3394254,GSE120137,blood,control,8.691,age_weeks,ridge,True,8.691428571428572,40.36871337890625,-31.677284807477676
GSM3394255,GSE120137,blood,control,8.691,age_weeks,ridge,True,8.691428571428572,41.042728424072266,-32.35129985264369
GSM3394256,GSE120137,blood,control,8.691,age_weeks,ridge,True,8.691428571428572,41.03514862060547,-32.343720049176895
GSM3394257,GSE120137,blood,control,8.691,age_weeks,ridge,True,8.691428571428572,40.65065002441406,-31.95922145298549
GSM3394258,GSE120137,blood,control,8.691,age_weeks,ridge,True,8.691428571428572,42.24496078491211,-33.553532213483535
GSM3394259,GSE120137,blood,control,8.691,age_weeks,ridge,True,8.691428571428572,41.408817291259766,-32.71738871983119
GSM3394260,GSE120137,blood,control,92.462,age_weeks,ridge,True,92.462,41.082611083984375,51.37938891601563
GSM3394261,GSE120137,blood,control,92.462,age_weeks,ridge,True,92.462,41.12208938598633,51.339910614013675
GSM3394262,GSE120137,blood,control,92.462,age_weeks,ridge,True,92.462,41.12445068359375,51.33754931640625
GSM3394263,GSE120137,blood,control,92.462,age_weeks,ridge,True,92.462,43.15256118774414,49.30943881225586
GSM3394264,GSE120137,blood,control,92.462,age_weeks,ridge,True,92.462,43.62670135498047,48.835298645019535
GSM3394265,GSE120137,blood,control,79.106,age_weeks,ridge,True,79.10628571428572,40.07963562011719,39.02665009416853
GSM3394266,GSE120137,blood,control,79.106,age_weeks,ridge,True,79.10628571428572,39.16236114501953,39.94392456926619
GSM3394267,GSE120137,blood,control,79.106,age_weeks,ridge,True,79.10628571428572,39.86920928955078,39.23707642473494
GSM3394268,GSE120137,blood,control,79.106,age_weeks,ridge,True,79.10628571428572,40.31890869140625,38.78737702287947
GSM3394269,GSE120137,blood,control,79.106,age_weeks,ridge,True,79.10628571428572,39.93535614013672,39.170929574149
GSM3394270,GSE120137,blood,control,48.286,age_weeks,ridge,True,48.285714285714285,40.379005432128906,7.9067088535853784
GSM3394271,GSE120137,blood,control,48.286,age_weeks,ridge,True,48.285714285714285,40.724700927734375,7.56101335797991
GSM3394272,GSE120137,blood,control,48.286,age_weeks,ridge,True,48.285714285714285,40.660160064697266,7.625554221017019
GSM3394273,GSE120137,blood,control,48.286,age_weeks,ridge,True,48.285714285714285,40.9194221496582,7.366292136056082
GSM3394274,GSE120137,blood,control,48.286,age_weeks,ridge,True,48.285714285714285,40.2946662902832,7.991047995431082
GSM3394275,GSE120137,blood,control,48.286,age_weeks,ridge,True,48.285714285714285,40.17118835449219,8.114525931222097
GSM3394276,GSE120137,blood,control,48.286,age_weeks,ridge,True,48.285714285714285,41.082332611083984,7.2033816746303
GSM3394277,GSE120137,blood,control,48.286,age_weeks,ridge,True,48.285714285714285,40.71989440917969,7.565819876534597
GSM3394278,GSE120137,blood,control,48.286,age_weeks,ridge,True,48.285714285714285,40.94638442993164,7.339329855782644
GSM3394279,GSE120137,blood,control,48.286,age_weeks,ridge,True,48.285714285714285,41.540252685546875,6.74546160016741
GSM3394280,GSE120137,blood,control,10.274,age_weeks,ridge,True,10.27357142857143,40.83342742919922,-30.55985600062779
GSM3394281,GSE120137,blood,control,10.274,age_weeks,ridge,True,10.27357142857143,41.66074752807617,-31.387176099504742
GSM3394282,GSE120137,blood,control,10.274,age_weeks,ridge,True,10.27357142857143,40.8309440612793,-30.557372632707867
GSM3394283,GSE120137,blood,control,10.274,age_weeks,ridge,True,10.27357142857143,41.130306243896484,-30.856734815325055
GSM3394284,GSE120137,blood,control,10.274,age_weeks,ridge,True,10.27357142857143,40.87096405029297,-30.59739262172154
GSM3394285,GSE120137,blood,control,11.301,age_weeks,ridge,True,11.300857142857142,40.37757110595703,-29.07671396309989
GSM3394286,GSE120137,blood,control,11.301,age_weeks,ridge,True,11.300857142857142,40.82526779174805,-29.524410648890907
GSM3394287,GSE120137,blood,control,11.301,age_weeks,ridge,True,11.300857142857142,40.32797622680664,-29.0271190839495
GSM3394288,GSE120137,blood,control,11.301,age_weeks,ridge,True,11.300857142857142,40.50519561767578,-29.20433847481864
GSM3394289,GSE120137,blood,control,11.301,age_weeks,ridge,True,11.300857142857142,40.03465270996094,-28.733795567103797
GSM3394290,GSE120137,blood,control,7.192,age_weeks,ridge,True,7.191571428571429,40.4736213684082,-33.282049939836774
GSM3394291,GSE120137,blood,control,7.192,age_weeks,ridge,True,7.191571428571429,40.73309326171875,-33.54152183314732
GSM3394292,GSE120137,blood,control,7.192,age_weeks,ridge,True,7.191571428571429,40.96831512451172,-33.77674369594029
GSM3394293,GSE120137,blood,control,7.192,age_weeks,ridge,True,7.191571428571429,40.60284423828125,-33.41127280970982
GSM3394294,GSE120137,blood,control,7.192,age_weeks,ridge,True,7.191571428571429,40.5035514831543,-33.31198005458287
GSM3394295,GSE120137,blood,control,7.192,age_weeks,ridge,True,7.191571428571429,40.81170654296875,-33.62013511439732
GSM3394296,GSE120137,blood,control,7.192,age_weeks,ridge,True,7.191571428571429,40.82273483276367,-33.63116340419224
GSM3394297,GSE120137,blood,control,7.192,age_weeks,ridge,True,7.191571428571429,40.471656799316406,-33.28008537074498
GSM3394298,GSE120137,blood,control,7.192,age_weeks,ridge,True,7.191571428571429,40.25288391113281,-33.061312482561384
GSM3394299,GSE120137,blood,control,7.192,age_weeks,ridge,True,7.191571428571429,41.02306365966797,-33.83149223109654
GSM3394300,GSE120137,kidney,control,86.914,age_weeks,ridge,True,86.91428571428571,49.1961669921875,37.71811872209821
GSM3394301,GSE120137,kidney,control,86.914,age_weeks,ridge,True,86.91428571428571,47.26469039916992,39.64959531511579
GSM3394302,GSE120137,kidney,control,86.914,age_weeks,ridge,True,86.91428571428571,49.57830047607422,37.33598523821149
GSM3394303,GSE120137,kidney,control,86.914,age_weeks,ridge,True,86.91428571428571,48.950904846191406,37.963380868094305
GSM3394304,GSE120137,kidney,control,86.914,age_weeks,ridge,True,86.91428571428571,49.10960388183594,37.80468183244977
GSM3394305,GSE120137,kidney,control,86.914,age_weeks,ridge,True,86.91428571428571,49.62433624267578,37.28994947160993
GSM3394306,GSE120137,kidney,control,86.914,age_weeks,ridge,True,86.91428571428571,49.25507354736328,37.65921216692243
GSM3394307,GSE120137,kidney,control,86.914,age_weeks,ridge,True,86.91428571428571,49.62556076049805,37.288724953787664
GSM3394308,GSE120137,kidney,control,86.914,age_weeks,ridge,True,86.91428571428571,49.41183853149414,37.50244718279157
GSM3394309,GSE120137,kidney,control,86.914,age_weeks,ridge,True,86.91428571428571,47.24518966674805,39.669096047537664
GSM3394310,GSE120137,kidney,control,86.914,age_weeks,ridge,True,86.91428571428571,50.78921127319336,36.12507444109235
GSM3394311,GSE120137,kidney,control,86.914,age_weeks,ridge,True,86.91428571428571,50.50907516479492,36.40521054949079
GSM3394312,GSE120137,kidney,control,86.914,age_weeks,ridge,True,86.91428571428571,50.09899139404297,36.81529432024274
GSM3394313,GSE120137,kidney,control,86.914,age_weeks,ridge,True,86.91428571428571,49.06987380981445,37.84441190447126
GSM3394314,GSE120137,kidney,control,86.914,age_weeks,ridge,True,86.91428571428571,50.03947448730469,36.87481122698102
GSM3394315,GSE120137,kidney,control,86.914,age_weeks,ridge,True,86.91428571428571,49.78513717651367,37.12914853777204
GSM3394316,GSE120137,kidney,control,86.914,age_weeks,ridge,True,86.91428571428571,49.10708999633789,37.80719571794782
GSM3394317,GSE120137,kidney,control,86.914,age_weeks,ridge,True,86.91428571428571,48.88138961791992,38.03289609636579
GSM3394318,GSE120137,kidney,control,86.914,age_weeks,ridge,True,86.91428571428571,49.39966583251953,37.51461988176618
GSM3394319,GSE120137,kidney,control,86.914,age_weeks,ridge,True,86.91428571428571,49.39031982421875,37.52396589006696
GSM3394320,GSE120137,kidney,control,43.457,age_weeks,ridge,True,43.457142857142856,48.52008819580078,-5.062945338657926
GSM3394321,GSE120137,kidney,control,43.457,age_weeks,ridge,True,43.457142857142856,49.18912887573242,-5.731986018589566
GSM3394322,GSE120137,kidney,control,43.457,age_weeks,ridge,True,43.457142857142856,48.92586898803711,-5.468726130894254
GSM3394323,GSE120137,kidney,control,43.457,age_weeks,ridge,True,43.457142857142856,48.55136489868164,-5.094222041538785
GSM3394324,GSE120137,kidney,control,43.457,age_weeks,ridge,True,43.457142857142856,49.33307647705078,-5.875933619907926
GSM3394325,GSE120137,kidney,control,43.457,age_weeks,ridge,True,43.457142857142856,49.90707778930664,-6.449934932163785
GSM3394326,GSE120137,kidney,control,43.457,age_weeks,ridge,True,43.457142857142856,51.31523513793945,-7.858092280796598
GSM3394327,GSE120137,kidney,control,43.457,age_weeks,ridge,True,43.457142857142856,50.17378234863281,-6.716639491489957
GSM3394328,GSE120137,kidney,control,43.457,age_weeks,ridge,True,43.457142857142856,48.75939178466797,-5.302248927525113
GSM3394329,GSE120137,kidney,control,43.457,age_weeks,ridge,True,43.457142857142856,50.85321044921875,-7.3960675920758945
GSM3394330,GSE120137,kidney,control,43.457,age_weeks,ridge,True,43.457142857142856,51.76862335205078,-8.311480494907926
GSM3394331,GSE120137,kidney,control,43.457,age_weeks,ridge,True,43.457142857142856,49.904052734375,-6.4469098772321445
GSM3394332,GSE120137,kidney,control,43.457,age_weeks,ridge,True,43.457142857142856,50.12411117553711,-6.666968318394254
GSM3394333,GSE120137,kidney,control,43.457,age_weeks,ridge,True,43.457142857142856,50.34523391723633,-6.888091060093473
GSM3394334,GSE120137,kidney,control,43.457,age_weeks,ridge,True,43.457142857142856,46.7125358581543,-3.2553930010114414
GSM3394335,GSE120137,kidney,control,43.457,age_weeks,ridge,True,43.457142857142856,50.82416915893555,-7.367026301792691
GSM3394336,GSE120137,kidney,control,43.457,age_weeks,ridge,True,43.457142857142856,50.22842788696289,-6.771285029820035
GSM3394337,GSE120137,kidney,control,43.457,age_weeks,ridge,True,43.457142857142856,50.45275115966797,-6.995608302525113
GSM3394338,GSE120137,kidney,control,43.457,age_weeks,ridge,True,43.457142857142856,52.32826232910156,-8.871119471958707
GSM3394339,GSE120137,kidney,control,8.691,age_weeks,ridge,True,8.691428571428572,49.43943405151367,-40.7480054800851
GSM3394340,GSE120137,kidney,control,8.691,age_weeks,ridge,True,8.691428571428572,49.01432800292969,-40.322899431501114
GSM3394341,GSE120137,kidney,control,8.691,age_weeks,ridge,True,8.691428571428572,50.44366455078125,-41.752235979352676
GSM3394342,GSE120137,kidney,control,8.691,age_weeks,ridge,True,8.691428571428572,48.84785079956055,-40.15642222813197
GSM3394343,GSE120137,kidney,control,8.691,age_weeks,ridge,True,8.691428571428572,50.17189407348633,-41.480465502057754
GSM3394344,GSE120137,kidney,control,8.691,age_weeks,ridge,True,8.691428571428572,51.120277404785156,-42.42884883335658
GSM3394345,GSE120137,kidney,control,8.691,age_weeks,ridge,True,8.691428571428572,49.17506790161133,-40.483639330182754
GSM3394346,GSE120137,kidney,control,8.691,age_weeks,ridge,True,8.691428571428572,50.497901916503906,-41.80647334507533
GSM3394347,GSE120137,kidney,control,8.691,age_weeks,ridge,True,8.691428571428572,52.38786315917969,-43.696434587751114
GSM3394348,GSE120137,kidney,control,8.691,age_weeks,ridge,True,8.691428571428572,49.431854248046875,-40.7404256766183
GSM3394349,GSE120137,kidney,control,8.691,age_weeks,ridge,True,8.691428571428572,50.077392578125,-41.385964006696426
GSM3394350,GSE120137,kidney,control,8.691,age_weeks,ridge,True,8.691428571428572,50.96012496948242,-42.26869639805385
GSM3394351,GSE120137,kidney,control,8.691,age_weeks,ridge,True,8.691428571428572,50.073848724365234,-41.38242015293666
GSM3394352,GSE120137,kidney,control,8.691,age_weeks,ridge,True,8.691428571428572,49.336326599121094,-40.64489802769252
GSM3394353,GSE120137,kidney,control,8.691,age_weeks,ridge,True,8.691428571428572,49.950313568115234,-41.25888499668666
GSM3394354,GSE120137,liver,control,86.914,age_weeks,ridge,True,86.91428571428571,39.71851348876953,47.19577222551618
GSM3394355,GSE120137,liver,control,86.914,age_weeks,ridge,True,86.91428571428571,38.88225555419922,48.03203016008649
GSM3394356,GSE120137,liver,control,86.914,age_weeks,ridge,True,86.91428571428571,39.691429138183594,47.22285657610212
GSM3394357,GSE120137,liver,control,86.914,age_weeks,ridge,True,86.91428571428571,39.70379638671875,47.21048932756696
GSM3394358,GSE120137,liver,control,86.914,age_weeks,ridge,True,86.91428571428571,39.32136154174805,47.592924172537664
GSM3394359,GSE120137,liver,control,86.914,age_weeks,ridge,True,86.91428571428571,36.82856750488281,50.0857182094029
GSM3394360,GSE120137,liver,control,86.914,age_weeks,ridge,True,86.91428571428571,38.44047927856445,48.47380643572126
GSM3394361,GSE120137,liver,control,86.914,age_weeks,ridge,True,86.91428571428571,38.2996826171875,48.61460309709821
GSM3394362,GSE120137,liver,control,86.914,age_weeks,ridge,True,86.91428571428571,36.72459411621094,50.18969159807477
GSM3394363,GSE120137,liver,control,86.914,age_weeks,ridge,True,86.91428571428571,37.97669219970703,48.93759351457868
GSM3394364,GSE120137,liver,control,86.914,age_weeks,ridge,True,86.91428571428571,38.86874771118164,48.04553800310407
GSM3394365,GSE120137,liver,control,86.914,age_weeks,ridge,True,86.91428571428571,48.405982971191406,38.508302743094305
GSM3394366,GSE120137,liver,control,86.914,age_weeks,ridge,True,86.91428571428571,39.468772888183594,47.44551282610212
GSM3394367,GSE120137,liver,control,86.914,age_weeks,ridge,True,86.91428571428571,39.39325714111328,47.52102857317243
GSM3394368,GSE120137,liver,control,86.914,age_weeks,ridge,True,86.91428571428571,40.46954345703125,46.44474225725446
GSM3394369,GSE120137,liver,control,86.914,age_weeks,ridge,True,86.91428571428571,39.10309600830078,47.81118970598493
GSM3394370,GSE120137,liver,control,86.914,age_weeks,ridge,True,86.91428571428571,39.52184295654297,47.39244275774274
GSM3394371,GSE120137,liver,control,86.914,age_weeks,ridge,True,86.91428571428571,39.66731262207031,47.2469730922154
GSM3394372,GSE120137,liver,control,86.914,age_weeks,ridge,True,86.91428571428571,38.62592315673828,48.28836255754743
GSM3394373,GSE120137,liver,control,86.914,age_weeks,ridge,True,86.91428571428571,39.375701904296875,47.538583809988836
GSM3394374,GSE120137,liver,control,43.457,age_weeks,ridge,True,43.457142857142856,40.44034957885742,3.0167932782854336
GSM3394375,GSE120137,liver,control,43.457,age_weeks,ridge,True,43.457142857142856,40.425323486328125,3.0318193708147305
GSM3394376,GSE120137,liver,control,43.457,age_weeks,ridge,True,43.457142857142856,38.29692459106445,5.160218266078402
GSM3394377,GSE120137,liver,control,43.457,age_weeks,ridge,True,43.457142857142856,38.76697540283203,4.690167454310824
GSM3394378,GSE120137,liver,control,43.457,age_weeks,ridge,True,43.457142857142856,37.6976318359375,5.7595110212053555
GSM3394379,GSE120137,liver,control,43.457,age_weeks,ridge,True,43.457142857142856,38.219818115234375,5.2373247419084805
GSM3394380,GSE120137,liver,control,43.457,age_weeks,ridge,True,43.457142857142856,38.17803955078125,5.2791033063616055
GSM3394381,GSE120137,liver,control,43.457,age_weeks,ridge,True,43.457142857142856,37.947509765625,5.5096330915178555
GSM3394382,GSE120137,liver,control,43.457,age_weeks,ridge,True,43.457142857142856,38.35841369628906,5.098729160853793
GSM3394383,GSE120137,liver,control,43.457,age_weeks,ridge,True,43.457142857142856,38.24382781982422,5.213315037318637
GSM3394384,GSE120137,liver,control,43.457,age_weeks,ridge,True,43.457142857142856,38.901100158691406,4.556042698451449
GSM3394385,GSE120137,liver,control,43.457,age_weeks,ridge,True,43.457142857142856,39.31808853149414,4.139054325648715
GSM3394386,GSE120137,liver,control,43.457,age_weeks,ridge,True,43.457142857142856,39.076820373535156,4.380322483607699
GSM3394387,GSE120137,liver,control,43.457,age_weeks,ridge,True,43.457142857142856,39.355796813964844,4.101346043178012
GSM3394388,GSE120137,liver,control,43.457,age_weeks,ridge,True,43.457142857142856,38.649452209472656,4.807690647670199
GSM3394389,GSE120137,liver,control,43.457,age_weeks,ridge,True,43.457142857142856,40.080318450927734,3.376824406215121
GSM3394390,GSE120137,liver,control,43.457,age_weeks,ridge,True,43.457142857142856,38.50703430175781,4.950108555385043
GSM3394391,GSE120137,liver,control,43.457,age_weeks,ridge,True,43.457142857142856,39.47915267944336,3.977990177699496
GSM3394392,GSE120137,liver,control,43.457,age_weeks,ridge,True,43.457142857142856,39.728797912597656,3.7283449445451993
GSM3394393,GSE120137,liver,control,43.457,age_weeks,ridge,True,43.457142857142856,39.779579162597656,3.6775636945451993
GSM3394394,GSE120137,liver,control,8.691,age_weeks,ridge,True,8.691428571428572,40.057228088378906,-31.365799516950332
GSM3394395,GSE120137,liver,control,8.691,age_weeks,ridge,True,8.691428571428572,38.45941162109375,-29.767983049665176
GSM3394396,GSE120137,liver,control,8.691,age_weeks,ridge,True,8.691428571428572,39.02555465698242,-30.334126085553848
GSM3394397,GSE120137,liver,control,8.691,age_weeks,ridge,True,8.691428571428572,39.16694641113281,-30.47551783970424
GSM3394398,GSE120137,liver,control,8.691,age_weeks,ridge,True,8.691428571428572,38.268272399902344,-29.57684382847377
GSM3394399,GSE120137,liver,control,8.691,age_weeks,ridge,True,8.691428571428572,38.11820602416992,-29.426777452741348
GSM3394400,GSE120137,liver,control,8.691,age_weeks,ridge,True,8.691428571428572,39.28657531738281,-30.59514674595424
GSM3394401,GSE120137,liver,control,8.691,age_weeks,ridge,True,8.691428571428572,38.672607421875,-29.981178850446426
GSM3394402,GSE120137,liver,control,8.691,age_weeks,ridge,True,8.691428571428572,39.257869720458984,-30.56644114903041
GSM3394403,GSE120137,liver,control,8.691,age_weeks,ridge,True,8.691428571428572,39.20005798339844,-30.508629411969864
GSM3394404,GSE120137,liver,control,8.691,age_weeks,ridge,True,8.691428571428572,39.09917449951172,-30.407745928083145
GSM3394405,GSE120137,liver,control,8.691,age_weeks,ridge,True,8.691428571428572,39.027183532714844,-30.33575496128627
GSM3394406,GSE120137,liver,control,8.691,age_weeks,ridge,True,8.691428571428572,39.807945251464844,-31.11651668003627
GSM3394407,GSE120137,liver,control,8.691,age_weeks,ridge,True,8.691428571428572,39.284095764160156,-30.592667192731582
GSM3394408,GSE120137,liver,control,8.691,age_weeks,ridge,True,8.691428571428572,39.57286071777344,-30.881432146344864
GSM3394409,GSE120137,liver,control,8.691,age_weeks,ridge,True,8.691428571428572,38.720211029052734,-30.02878245762416
GSM3394410,GSE120137,liver,control,8.691,age_weeks,ridge,True,8.691428571428572,40.168338775634766,-31.47691020420619
GSM3394411,GSE120137,liver,control,8.691,age_weeks,ridge,True,8.691428571428572,40.24566650390625,-31.554237932477676
GSM3394412,GSE120137,liver,control,8.691,age_weeks,ridge,True,8.691428571428572,38.76686096191406,-30.07543239048549
GSM3394413,GSE120137,liver,control,8.691,age_weeks,ridge,True,8.691428571428572,39.91115188598633,-31.219723314557754
GSM3394414,GSE120137,lung,control,86.914,age_weeks,ridge,True,86.91428571428571,45.86069107055664,41.05359464372907
GSM3394415,GSE120137,lung,control,86.914,age_weeks,ridge,True,86.91428571428571,46.65398025512695,40.26030545915876
GSM3394416,GSE120137,lung,control,86.914,age_weeks,ridge,True,86.91428571428571,46.83491516113281,40.0793705531529
GSM3394417,GSE120137,lung,control,86.914,age_weeks,ridge,True,86.91428571428571,47.68848419189453,39.22580152239118
GSM3394418,GSE120137,lung,control,86.914,age_weeks,ridge,True,86.91428571428571,46.22582244873047,40.68846326555524
GSM3394419,GSE120137,lung,control,86.914,age_weeks,ridge,True,86.91428571428571,46.19916915893555,40.715116555350164
GSM3394420,GSE120137,lung,control,86.914,age_weeks,ridge,True,86.91428571428571,46.898475646972656,40.015810067313055
GSM3394421,GSE120137,lung,control,86.914,age_weeks,ridge,True,86.91428571428571,45.48390579223633,41.43037992204938
GSM3394422,GSE120137,lung,control,86.914,age_weeks,ridge,True,86.91428571428571,46.33863067626953,40.57565503801618
GSM3394423,GSE120137,lung,control,86.914,age_weeks,ridge,True,86.91428571428571,45.34162902832031,41.5726566859654
GSM3394424,GSE120137,lung,control,86.914,age_weeks,ridge,True,86.91428571428571,47.9494743347168,38.964811379568914
GSM3394425,GSE120137,lung,control,86.914,age_weeks,ridge,True,86.91428571428571,49.09217834472656,37.82210736955915
GSM3394426,GSE120137,lung,control,86.914,age_weeks,ridge,True,86.91428571428571,49.19303512573242,37.72125058855329
GSM3394427,GSE120137,lung,control,86.914,age_weeks,ridge,True,86.91428571428571,43.570762634277344,43.34352308000837
GSM3394428,GSE120137,lung,control,86.914,age_weeks,ridge,True,86.91428571428571,46.88441467285156,40.02987104143415
GSM3394429,GSE120137,lung,control,86.914,age_weeks,ridge,True,86.91428571428571,47.44099044799805,39.473295266287664
GSM3394430,GSE120137,lung,control,86.914,age_weeks,ridge,True,86.91428571428571,48.58047866821289,38.33380704607282
GSM3394431,GSE120137,lung,control,86.914,age_weeks,ridge,True,86.91428571428571,47.80966567993164,39.10462003435407
GSM3394432,GSE120137,lung,control,86.914,age_weeks,ridge,True,86.91428571428571,46.982357025146484,39.93192868913923
GSM3394433,GSE120137,lung,control,86.914,age_weeks,ridge,True,86.91428571428571,48.53641128540039,38.37787442888532
GSM3394434,GSE120137,lung,control,43.457,age_weeks,ridge,True,43.457142857142856,45.92237854003906,-2.465235682896207
GSM3394435,GSE120137,lung,control,43.457,age_weeks,ridge,True,43.457142857142856,48.41522979736328,-4.958086940220426
GSM3394436,GSE120137,lung,control,43.457,age_weeks,ridge,True,43.457142857142856,47.129310607910156,-3.6721677507673007
GSM3394437,GSE120137,lung,control,43.457,age_weeks,ridge,True,43.457142857142856,47.893558502197266,-4.43641564505441
GSM3394438,GSE120137,lung,control,43.457,age_weeks,ridge,True,43.457142857142856,46.48801040649414,-3.030867549351285
GSM3394439,GSE120137,lung,control,43.457,age_weeks,ridge,True,43.457142857142856,47.396873474121094,-3.9397306169782382
GSM3394440,GSE120137,lung,control,43.457,age_weeks,ridge,True,43.457142857142856,47.5853157043457,-4.128172847202848
GSM3394441,GSE120137,lung,control,43.457,age_weeks,ridge,True,43.457142857142856,46.94574737548828,-3.4886045183454257
GSM3394442,GSE120137,lung,control,43.457,age_weeks,ridge,True,43.457142857142856,46.18474578857422,-2.7276029314313632
GSM3394443,GSE120137,lung,control,43.457,age_weeks,ridge,True,43.457142857142856,46.580013275146484,-3.122870418003629
GSM3394444,GSE120137,lung,control,43.457,age_weeks,ridge,True,43.457142857142856,48.402862548828125,-4.9457196916852695
GSM3394445,GSE120137,lung,control,43.457,age_weeks,ridge,True,43.457142857142856,48.115177154541016,-4.65803429739816
GSM3394446,GSE120137,lung,control,43.457,age_weeks,ridge,True,43.457142857142856,48.48346710205078,-5.026324244907926
GSM3394447,GSE120137,lung,control,43.457,age_weeks,ridge,True,43.457142857142856,47.2828254699707,-3.8256826128278476
GSM3394448,GSE120137,lung,control,43.457,age_weeks,ridge,True,43.457142857142856,48.221981048583984,-4.764838191441129
GSM3394449,GSE120137,lung,control,43.457,age_weeks,ridge,True,43.457142857142856,46.894256591796875,-3.4371137346540195
GSM3394450,GSE120137,lung,control,43.457,age_weeks,ridge,True,43.457142857142856,47.91952896118164,-4.462386104038785
GSM3394451,GSE120137,lung,control,43.457,age_weeks,ridge,True,43.457142857142856,48.53732681274414,-5.080183955601285
GSM3394452,GSE120137,lung,control,43.457,age_weeks,ridge,True,43.457142857142856,48.31610107421875,-4.8589582170758945
GSM3394453,GSE120137,lung,control,43.457,age_weeks,ridge,True,43.457142857142856,48.689064025878906,-5.231921168736051
GSM3394454,GSE120137,lung,control,8.691,age_weeks,ridge,True,8.691428571428572,47.813899993896484,-39.12247142246791
GSM3394455,GSE120137,lung,control,8.691,age_weeks,ridge,True,8.691428571428572,48.067604064941406,-39.37617549351283
GSM3394456,GSE120137,lung,control,8.691,age_weeks,ridge,True,8.691428571428572,46.498165130615234,-37.80673655918666
GSM3394457,GSE120137,lung,control,8.691,age_weeks,ridge,True,8.691428571428572,45.98185348510742,-37.29042491367885
GSM3394458,GSE120137,lung,control,8.691,age_weeks,ridge,True,8.691428571428572,47.6943359375,-39.002907366071426
GSM3394459,GSE120137,lung,control,8.691,age_weeks,ridge,True,8.691428571428572,47.81582260131836,-39.124394029889785
GSM3394460,GSE120137,lung,control,8.691,age_weeks,ridge,True,8.691428571428572,47.592979431152344,-38.90155085972377
GSM3394461,GSE120137,lung,control,8.691,age_weeks,ridge,True,8.691428571428572,47.10591125488281,-38.41448268345424
GSM3394462,GSE120137,lung,control,8.691,age_weeks,ridge,True,8.691428571428572,47.69099426269531,-38.99956569126674
GSM3394463,GSE120137,lung,control,8.691,age_weeks,ridge,True,8.691428571428572,46.952816009521484,-38.26138743809291
GSM3394464,GSE120137,lung,control,8.691,age_weeks,ridge,True,8.691428571428572,48.79071044921875,-40.099281877790176
GSM3394465,GSE120137,lung,control,8.691,age_weeks,ridge,True,8.691428571428572,49.715152740478516,-41.02372416904994
GSM3394466,GSE120137,lung,control,8.691,age_weeks,ridge,True,8.691428571428572,50.02177047729492,-41.33034190586635
GSM3394467,GSE120137,lung,control,8.691,age_weeks,ridge,True,8.691428571428572,47.398536682128906,-38.70710811070033
GSM3394468,GSE120137,lung,control,8.691,age_weeks,ridge,True,8.691428571428572,48.99100112915039,-40.29957255772182
GSM3394469,GSE120137,lung,control,8.691,age_weeks,ridge,True,8.691428571428572,48.35887908935547,-39.667450517926895
GSM3394470,GSE120137,lung,control,8.691,age_weeks,ridge,True,8.691428571428572,49.63016128540039,-40.93873271397182
GSM3394471,GSE120137,muscle,control,86.914,age_weeks,ridge,True,86.91428571428571,49.20907211303711,37.7052136012486
GSM3394472,GSE120137,muscle,control,86.914,age_weeks,ridge,True,86.91428571428571,50.132537841796875,36.781747872488836
GSM3394473,GSE120137,muscle,control,86.914,age_weeks,ridge,True,86.91428571428571,49.29584503173828,37.61844068254743
GSM3394474,GSE120137,muscle,control,86.914,age_weeks,ridge,True,86.91428571428571,48.873779296875,38.04050641741071
GSM3394475,GSE120137,muscle,control,86.914,age_weeks,ridge,True,86.91428571428571,51.0611457824707,35.85313993181501
GSM3394476,GSE120137,muscle,control,86.914,age_weeks,ridge,True,86.91428571428571,49.73035430908203,37.18393140520368
GSM3394477,GSE120137,muscle,control,86.914,age_weeks,ridge,True,86.91428571428571,50.40979766845703,36.50448804582868
GSM3394478,GSE120137,muscle,control,86.914,age_weeks,ridge,True,86.91428571428571,48.97211456298828,37.94217115129743
GSM3394479,GSE120137,muscle,control,86.914,age_weeks,ridge,True,86.91428571428571,50.42118453979492,36.49310117449079
GSM3394480,GSE120137,muscle,control,86.914,age_weeks,ridge,True,86.91428571428571,50.01959228515625,36.89469342912946
GSM3394481,GSE120137,muscle,control,86.914,age_weeks,ridge,True,86.91428571428571,51.42769241333008,35.48659330095563
GSM3394482,GSE120137,muscle,control,86.914,age_weeks,ridge,True,86.91428571428571,51.218109130859375,35.696176583426336
GSM3394483,GSE120137,muscle,control,86.914,age_weeks,ridge,True,86.91428571428571,51.37928771972656,35.53499799455915
GSM3394484,GSE120137,muscle,control,86.914,age_weeks,ridge,True,86.91428571428571,51.903663635253906,35.010622079031805
GSM3394485,GSE120137,muscle,control,86.914,age_weeks,ridge,True,86.91428571428571,51.374427795410156,35.539857918875555
GSM3394486,GSE120137,muscle,control,86.914,age_weeks,ridge,True,86.91428571428571,51.64765548706055,35.266630227225164
GSM3394487,GSE120137,muscle,control,86.914,age_weeks,ridge,True,86.91428571428571,50.14142608642578,36.77285962785993
GSM3394488,GSE120137,muscle,control,86.914,age_weeks,ridge,True,86.91428571428571,52.145301818847656,34.768983895438055
GSM3394489,GSE120137,muscle,control,86.914,age_weeks,ridge,True,86.91428571428571,51.631019592285156,35.283266122000555
GSM3394490,GSE120137,muscle,control,86.914,age_weeks,ridge,True,86.91428571428571,51.68680953979492,35.22747617449079
GSM3394491,GSE120137,muscle,control,43.457,age_weeks,ridge,True,43.457142857142856,50.70126724243164,-7.244124385288785
GSM3394492,GSE120137,muscle,control,43.457,age_weeks,ridge,True,43.457142857142856,50.41625213623047,-6.959109279087613
GSM3394493,GSE120137,muscle,control,43.457,age_weeks,ridge,True,43.457142857142856,49.2326774597168,-5.775534602573941
GSM3394494,GSE120137,muscle,control,43.457,age_weeks,ridge,True,43.457142857142856,49.02027893066406,-5.563136073521207
GSM3394495,GSE120137,muscle,control,43.457,age_weeks,ridge,True,43.457142857142856,49.536041259765625,-6.0788984026227695
GSM3394496,GSE120137,muscle,control,43.457,age_weeks,ridge,True,43.457142857142856,49.1903076171875,-5.7331647600446445
GSM3394497,GSE120137,muscle,control,43.457,age_weeks,ridge,True,43.457142857142856,50.789859771728516,-7.33271691458566
GSM3394498,GSE120137,muscle,control,43.457,age_weeks,ridge,True,43.457142857142856,49.03915023803711,-5.582007380894254
GSM3394499,GSE120137,muscle,control,43.457,age_weeks,ridge,True,43.457142857142856,51.14253616333008,-7.685393306187223
GSM3394500,GSE120137,muscle,control,43.457,age_weeks,ridge,True,43.457142857142856,50.5466423034668,-7.089499446323941
GSM3394501,GSE120137,muscle,control,43.457,age_weeks,ridge,True,43.457142857142856,51.128108978271484,-7.670966121128629
GSM3394502,GSE120137,muscle,control,43.457,age_weeks,ridge,True,43.457142857142856,50.70649719238281,-7.249354335239957
GSM3394503,GSE120137,muscle,control,43.457,age_weeks,ridge,True,43.457142857142856,50.99225616455078,-7.535113307407926
GSM3394504,GSE120137,muscle,control,43.457,age_weeks,ridge,True,43.457142857142856,50.4181022644043,-6.960959407261441
GSM3394505,GSE120137,muscle,control,43.457,age_weeks,ridge,True,43.457142857142856,50.12089920043945,-6.663756343296598
GSM3394506,GSE120137,muscle,control,43.457,age_weeks,ridge,True,43.457142857142856,50.57553482055664,-7.118391963413785
GSM3394507,GSE120137,muscle,control,43.457,age_weeks,ridge,True,43.457142857142856,50.93690872192383,-7.479765864780973
GSM3394508,GSE120137,muscle,control,43.457,age_weeks,ridge,True,43.457142857142856,51.57064437866211,-8.113501521519254
GSM3394509,GSE120137,muscle,control,43.457,age_weeks,ridge,True,43.457142857142856,51.96628952026367,-8.509146663120816
GSM3394510,GSE120137,muscle,control,43.457,age_weeks,ridge,True,43.457142857142856,50.92660140991211,-7.469458552769254
GSM3394511,GSE120137,muscle,control,8.691,age_weeks,ridge,True,8.691428571428572,49.84627914428711,-41.154850572858535
GSM3394512,GSE120137,muscle,control,8.691,age_weeks,ridge,True,8.691428571428572,50.82060241699219,-42.129173845563614
GSM3394513,GSE120137,muscle,control,8.691,age_weeks,ridge,True,8.691428571428572,49.36075210571289,-40.66932353428432
GSM3394514,GSE120137,muscle,control,8.691,age_weeks,ridge,True,8.691428571428572,51.1614990234375,-42.470070452008926
GSM3394515,GSE120137,muscle,control,8.691,age_weeks,ridge,True,8.691428571428572,50.75651931762695,-42.06509074619838
GSM3394516,GSE120137,muscle,control,8.691,age_weeks,ridge,True,8.691428571428572,49.95027542114258,-41.258846849714004
GSM3394517,GSE120137,muscle,control,8.691,age_weeks,ridge,True,8.691428571428572,51.5331916809082,-42.84176310947963
GSM3394518,GSE120137,muscle,control,8.691,age_weeks,ridge,True,8.691428571428572,50.46577835083008,-41.774349779401504
GSM3394519,GSE120137,muscle,control,8.691,age_weeks,ridge,True,8.691428571428572,51.253822326660156,-42.56239375523158
GSM3394520,GSE120137,muscle,control,8.691,age_weeks,ridge,True,8.691428571428572,50.64081573486328,-41.94938716343471
GSM3394521,GSE120137,muscle,control,8.691,age_weeks,ridge,True,8.691428571428572,51.43124771118164,-42.73981913975307
GSM3394522,GSE120137,muscle,control,8.691,age_weeks,ridge,True,8.691428571428572,50.8429069519043,-42.15147838047572
GSM3394523,GSE120137,muscle,control,8.691,age_weeks,ridge,True,8.691428571428572,52.421417236328125,-43.72998866489955
GSM3394524,GSE120137,muscle,control,8.691,age_weeks,ridge,True,8.691428571428572,51.7943229675293,-43.10289439610072
GSM3394525,GSE120137,muscle,control,8.691,age_weeks,ridge,True,8.691428571428572,52.318641662597656,-43.62721309116908
GSM3394526,GSE120137,muscle,control,8.691,age_weeks,ridge,True,8.691428571428572,52.64521026611328,-43.95378169468471
GSM3394527,GSE120137,muscle,control,8.691,age_weeks,ridge,True,8.691428571428572,51.37360382080078,-42.68217524937221
GSM3394528,GSE120137,muscle,control,8.691,age_weeks,ridge,True,8.691428571428572,51.151302337646484,-42.45987376621791
GSM3394529,GSE120137,muscle,control,8.691,age_weeks,ridge,True,8.691428571428572,50.71406173706055,-42.02263316563197
GSM3394530,GSE120137,muscle,control,8.691,age_weeks,ridge,True,8.691428571428572,50.63227462768555,-41.94084605625697
GSM3394531,GSE120137,kidney,control,26.074,age_weeks,ridge,True,26.074285714285715,50.177276611328125,-24.10299089704241
GSM3394532,GSE120137,kidney,control,26.074,age_weeks,ridge,True,26.074285714285715,48.68122100830078,-22.606935294015067
GSM3394533,GSE120137,kidney,control,52.149,age_weeks,ridge,True,52.14857142857143,48.145591735839844,4.002979692731586
GSM3394534,GSE120137,kidney,control,78.223,age_weeks,ridge,True,78.22285714285714,49.5229606628418,28.69989648001534
GSM3394535,GSE120137,kidney,control,26.074,age_weeks,ridge,True,26.074285714285715,49.61648941040039,-23.542203696114676
GSM3394536,GSE120137,kidney,control,52.149,age_weeks,ridge,True,52.14857142857143,49.25862503051758,2.8899463980538513
GSM3394537,GSE120137,kidney,control,26.074,age_weeks,ridge,True,26.074285714285715,47.58560562133789,-21.511319907052176
GSM3394538,GSE120137,kidney,control,52.149,age_weeks,ridge,True,52.14857142857143,49.79068374633789,2.357887682233539
GSM3394539,GSE120137,kidney,control,52.149,age_weeks,ridge,True,52.14857142857143,48.63059997558594,3.517971452985492
GSM3394540,GSE120137,kidney,control,78.223,age_weeks,ridge,True,78.22285714285714,49.273345947265625,28.949511195591512
GSM3394541,GSE120137,kidney,control,26.074,age_weeks,ridge,True,26.074285714285715,49.40765380859375,-23.333368094308035
GSM3394542,GSE120137,kidney,control,26.074,age_weeks,ridge,True,26.074285714285715,48.7215461730957,-22.64726045880999
GSM3394543,GSE120137,kidney,control,26.074,age_weeks,ridge,True,26.074285714285715,48.813655853271484,-22.73937013898577
GSM3394544,GSE120137,kidney,control,26.074,age_weeks,ridge,True,26.074285714285715,48.78567886352539,-22.711393149239676
GSM3394545,GSE120137,kidney,control,52.149,age_weeks,ridge,True,52.14857142857143,47.71742630004883,4.431145128522601
GSM3394546,GSE120137,kidney,control,52.149,age_weeks,ridge,True,52.14857142857143,49.03749084472656,3.111080583844867
GSM3394547,GSE120137,kidney,control,52.149,age_weeks,ridge,True,52.14857142857143,48.88370895385742,3.2648624747140076
GSM3394548,GSE120137,kidney,control,52.149,age_weeks,ridge,True,52.14857142857143,48.34285354614258,3.8057178824288513
GSM3394549,GSE120137,kidney,control,52.149,age_weeks,ridge,True,52.14857142857143,48.476097106933594,3.6724743216378357
GSM3394550,GSE120137,kidney,control,52.149,age_weeks,ridge,True,52.14857142857143,48.6590576171875,3.4895138113839295
GSM3394551,GSE120137,kidney,control,78.223,age_weeks,ridge,True,78.22285714285714,48.909759521484375,29.313097621372762
GSM3394552,GSE120137,kidney,control,78.223,age_weeks,ridge,True,78.22285714285714,50.493831634521484,27.729025508335653
GSM3394553,GSE120137,kidney,control,78.223,age_weeks,ridge,True,78.22285714285714,48.77333068847656,29.449526454380575
GSM3394554,GSE120137,kidney,control,78.223,age_weeks,ridge,True,78.22285714285714,49.916656494140625,28.306200648716512
GSM3394555,GSE120137,kidney,control,78.223,age_weeks,ridge,True,78.22285714285714,47.648685455322266,30.57417168753487
GSM3394556,GSE120137,kidney,control,26.074,age_weeks,ridge,True,26.074285714285715,48.77846908569336,-22.704183371407645
GSM3394557,GSE120137,kidney,control,52.149,age_weeks,ridge,True,52.14857142857143,49.53116226196289,2.617409166608539
GSM3394558,GSE120137,kidney,control,78.223,age_weeks,ridge,True,78.22285714285714,48.76588439941406,29.456972743443075
GSM3394559,GSE120137,kidney,control,78.223,age_weeks,ridge,True,78.22285714285714,49.805145263671875,28.417711879185262
GSM3394560,GSE120137,kidney,control,78.223,age_weeks,ridge,True,78.22285714285714,47.07926940917969,31.14358773367745
GSM3394561,GSE120137,kidney,control,78.223,age_weeks,ridge,True,78.22285714285714,49.945030212402344,28.277826930454793
GSM3394562,GSE120137,kidney,control,26.074,age_weeks,ridge,True,26.074285714285715,49.44436264038086,-23.370076926095145
GSM3394563,GSE120137,kidney,control,26.074,age_weeks,ridge,True,26.074285714285715,47.627464294433594,-21.55317858014788
GSM3394564,GSE120137,kidney,control,52.149,age_weeks,ridge,True,52.14857142857143,49.691619873046875,2.4569515555245545
GSM3394565,GSE120137,kidney,control,78.223,age_weeks,ridge,True,78.22285714285714,49.17951202392578,29.043345118931356
GSM3394566,GSE120137,kidney,control,78.223,age_weeks,ridge,True,78.22285714285714,49.56968688964844,28.6531702532087
GSM3394567,GSE120137,kidney,control,26.074,age_weeks,ridge,True,26.074285714285715,49.721961975097656,-23.64767626081194
GSM3394568,GSE120137,kidney,control,26.074,age_weeks,ridge,True,26.074285714285715,51.04987716674805,-24.975591452462332
GSM3394569,GSE120137,kidney,control,26.074,age_weeks,ridge,True,26.074285714285715,49.76567077636719,-23.691385062081473
GSM3394570,GSE120137,kidney,control,52.149,age_weeks,ridge,True,52.14857142857143,49.827880859375,2.3206905691964295
GSM3394571,GSE120137,kidney,control,52.149,age_weeks,ridge,True,52.14857142857143,49.03268051147461,3.11589091709682
GSM3394572,GSE120137,kidney,control,52.149,age_weeks,ridge,True,52.14857142857143,49.81050109863281,2.338070329938617
GSM3394573,GSE120137,kidney,control,78.223,age_weeks,ridge,True,78.22285714285714,50.04738235473633,28.17547478812081
GSM3394574,GSE120137,kidney,control,78.223,age_weeks,ridge,True,78.22285714285714,49.78226852416992,28.440588618687215
GSM3394575,GSE120137,kidney,control,78.223,age_weeks,ridge,True,78.22285714285714,48.9967155456543,29.22614159720284
GSM3394576,GSE120137,kidney,control,26.074,age_weeks,ridge,True,26.074285714285715,48.745330810546875,-22.67104509626116
GSM3394577,GSE120137,kidney,control,26.074,age_weeks,ridge,True,26.074285714285715,46.652381896972656,-20.57809618268694
GSM3394578,GSE120137,kidney,control,52.149,age_weeks,ridge,True,52.14857142857143,50.78719711303711,1.36137431553432
GSM3394579,GSE120137,kidney,control,26.074,age_weeks,ridge,True,26.074285714285715,51.27403259277344,-25.199746878487723
GSM3394580,GSE120137,kidney,control,26.074,age_weeks,ridge,True,26.074285714285715,52.1380729675293,-26.063787253243582
GSM3394581,GSE120137,kidney,control,52.149,age_weeks,ridge,True,52.14857142857143,53.571128845214844,-1.4225574166434143
GSM3394582,GSE120137,kidney,control,52.149,age_weeks,ridge,True,52.14857142857143,51.92585754394531,0.22271388462611696
GSM3394583,GSE120137,kidney,control,78.223,age_weeks,ridge,True,78.22285714285714,50.354454040527344,27.868403102329793
GSM3394584,GSE120137,kidney,control,26.074,age_weeks,ridge,True,26.074285714285715,51.604896545410156,-25.53061083112444
GSM3394585,GSE120137,kidney,control,26.074,age_weeks,ridge,True,26.074285714285715,55.023841857910156,-28.94955614362444
GSM3394586,GSE120137,kidney,control,26.074,age_weeks,ridge,True,26.074285714285715,52.930198669433594,-26.85591295514788
GSM3394587,GSE120137,kidney,control,26.074,age_weeks,ridge,True,26.074285714285715,51.67821502685547,-25.603929312569754
GSM3394588,GSE120137,kidney,control,26.074,age_weeks,ridge,True,26.074285714285715,52.70880889892578,-26.634523184640067
GSM3394589,GSE120137,kidney,control,52.149,age_weeks,ridge,True,52.14857142857143,50.37578201293945,1.7727894156319763
GSM3394590,GSE120137,kidney,control,52.149,age_weeks,ridge,True,52.14857142857143,50.669925689697266,1.4786457388741638
GSM3394591,GSE120137,kidney,control,52.149,age_weeks,ridge,True,52.14857142857143,50.730953216552734,1.417618212018695
GSM3394592,GSE120137,kidney,control,78.223,age_weeks,ridge,True,78.22285714285714,52.001319885253906,26.22153725760323
GSM3394593,GSE120137,kidney,control,78.223,age_weeks,ridge,True,78.22285714285714,49.810081481933594,28.412775660923543
GSM3394594,GSE120137,kidney,control,78.223,age_weeks,ridge,True,78.22285714285714,52.06389617919922,26.15896096365792
GSM3394595,GSE120137,kidney,control,78.223,age_weeks,ridge,True,78.22285714285714,50.11183547973633,28.11102166312081
GSM3394596,GSE120137,kidney,control,78.223,age_weeks,ridge,True,78.22285714285714,52.04486846923828,26.177988673618856
GSM3394597,GSE120137,kidney,control,26.074,age_weeks,ridge,True,26.074285714285715,53.89255905151367,-27.818273337227957
GSM3394598,GSE120137,kidney,control,26.074,age_weeks,ridge,True,26.074285714285715,51.63572692871094,-25.561441214425223
GSM3394599,GSE120137,kidney,control,26.074,age_weeks,ridge,True,26.074285714285715,52.83144760131836,-26.757161887032645
GSM3394600,GSE120137,kidney,control,26.074,age_weeks,ridge,True,26.074285714285715,50.93685531616211,-24.862569601876395
GSM3394601,GSE120137,kidney,control,26.074,age_weeks,ridge,True,26.074285714285715,49.28572463989258,-23.211438925606863
GSM3394602,GSE120137,kidney,control,26.074,age_weeks,ridge,True,26.074285714285715,54.457496643066406,-28.38321092878069
GSM3394603,GSE120137,kidney,control,52.149,age_weeks,ridge,True,52.14857142857143,51.090999603271484,1.057571825299945
GSM3394604,GSE120137,kidney,control,52.149,age_weeks,ridge,True,52.14857142857143,50.09822463989258,2.0503467886788513
GSM3394605,GSE120137,kidney,control,78.223,age_weeks,ridge,True,78.22285714285714,51.01362991333008,27.20922722952706
GSM3394606,GSE120137,kidney,control,78.223,age_weeks,ridge,True,78.22285714285714,50.12664031982422,28.09621682303292
GSM3394607,GSE120137,kidney,control,78.223,age_weeks,ridge,True,78.22285714285714,50.63556671142578,27.587290431431356
GSM3394608,GSE120137,kidney,control,78.223,age_weeks,ridge,True,78.22285714285714,49.56912612915039,28.653731013706746
GSM3394609,GSE120137,kidney,control,78.223,age_weeks,ridge,True,78.22285714285714,50.38997268676758,27.83288445608956
GSM3394610,GSE120137,kidney,control,78.223,age_weeks,ridge,True,78.22285714285714,52.75548553466797,25.46737160818917
GSM3394611,GSE120137,kidney,control,78.223,age_weeks,ridge,True,78.22285714285714,52.57903289794922,25.64382424490792
GSM3394612,GSE120137,kidney,control,78.223,age_weeks,ridge,True,78.22285714285714,52.21153259277344,26.0113245500837
GSM3394613,GSE120137,kidney,control,26.074,age_weeks,ridge,True,26.074285714285715,49.218048095703125,-23.14376238141741
GSM3394614,GSE120137,kidney,control,26.074,age_weeks,ridge,True,26.074285714285715,51.787715911865234,-25.71343019757952
GSM3394615,GSE120137,kidney,control,26.074,age_weeks,ridge,True,26.074285714285715,50.77027130126953,-24.695985586983817
GSM3394616,GSE120137,kidney,control,26.074,age_weeks,ridge,True,26.074285714285715,50.776329040527344,-24.70204332624163
GSM3394617,GSE120137,kidney,control,26.074,age_weeks,ridge,True,26.074285714285715,52.68585968017578,-26.611573965890067
GSM3394618,GSE120137,kidney,control,26.074,age_weeks,ridge,True,26.074285714285715,49.0926513671875,-23.018365652901785
GSM3394619,GSE120137,kidney,control,26.074,age_weeks,ridge,True,26.074285714285715,52.527259826660156,-26.45297411237444
GSM3394620,GSE120137,kidney,control,26.074,age_weeks,ridge,True,26.074285714285715,48.849586486816406,-22.77530077253069
GSM3394621,GSE120137,kidney,control,26.074,age_weeks,ridge,True,26.074285714285715,50.421573638916016,-24.3472879246303
GSM3394622,GSE120137,kidney,control,26.074,age_weeks,ridge,True,26.074285714285715,51.938316345214844,-25.86403063092913
GSM3394623,GSE120137,kidney,control,26.074,age_weeks,ridge,True,26.074285714285715,50.08232879638672,-24.008043082101004
GSM3394624,GSE120137,kidney,control,26.074,age_weeks,ridge,True,26.074285714285715,52.93901824951172,-26.864732535226004
GSM3394625,GSE120137,kidney,control,26.074,age_weeks,ridge,True,26.074285714285715,47.83985900878906,-21.765573294503348
GSM3394626,GSE120137,kidney,control,26.074,age_weeks,ridge,True,26.074285714285715,49.9164924621582,-23.84220674787249
GSM3394627,GSE120137,kidney,control,26.074,age_weeks,ridge,True,26.074285714285715,50.46455001831055,-24.390264304024832
GSM3394628,GSE120137,kidney,control,26.074,age_weeks,ridge,True,26.074285714285715,51.818851470947266,-25.74456575666155
GSM3394629,GSE120137,kidney,control,52.149,age_weeks,ridge,True,52.14857142857143,51.0247688293457,1.1238025992257263
GSM3394630,GSE120137,kidney,control,52.149,age_weeks,ridge,True,52.14857142857143,49.33905029296875,2.8095211356026795
GSM3394631,GSE120137,kidney,control,52.149,age_weeks,ridge,True,52.14857142857143,50.351497650146484,1.797073778424945
GSM3394632,GSE120137,kidney,control,52.149,age_weeks,ridge,True,52.14857142857143,50.036651611328125,2.1119198172433045
GSM3394633,GSE120137,kidney,control,52.149,age_weeks,ridge,True,52.14857142857143,51.39106750488281,0.757503923688617
GSM3394634,GSE120137,kidney,control,52.149,age_weeks,ridge,True,52.14857142857143,50.13652038574219,2.012051042829242
GSM3394635,GSE120137,kidney,control,52.149,age_weeks,ridge,True,52.14857142857143,47.81745910644531,4.331112322126117
GSM3394636,GSE120137,kidney,control,52.149,age_weeks,ridge,True,52.14857142857143,50.859275817871094,1.2892956107003357
GSM3394637,GSE120137,kidney,control,52.149,age_weeks,ridge,True,52.14857142857143,50.9572639465332,1.1913074820382263
GSM3394638,GSE120137,kidney,control,52.149,age_weeks,ridge,True,52.14857142857143,51.071414947509766,1.0771564810616638
GSM3394639,GSE120137,kidney,control,52.149,age_weeks,ridge,True,52.14857142857143,53.02690124511719,-0.878329816545758
GSM3394640,GSE120137,kidney,control,52.149,age_weeks,ridge,True,52.14857142857143,53.6002197265625,-1.4516482979910705
GSM3394641,GSE120137,kidney,control,52.149,age_weeks,ridge,True,52.14857142857143,51.6436653137207,0.5049061148507263
GSM3394642,GSE120137,kidney,control,52.149,age_weeks,ridge,True,52.14857142857143,52.70904541015625,-0.5604739815848205
GSM3394643,GSE120137,kidney,control,52.149,age_weeks,ridge,True,52.14857142857143,51.79104995727539,0.35752147129603884
GSM3394644,GSE120137,kidney,control,78.223,age_weeks,ridge,True,78.22285714285714,51.799095153808594,26.423761989048543
GSM3394645,GSE120137,kidney,control,78.223,age_weeks,ridge,True,78.22285714285714,51.64897537231445,26.573881770542684
GSM3394646,GSE120137,kidney,control,78.223,age_weeks,ridge,True,78.22285714285714,52.85095977783203,25.371897365025106
GSM3394647,GSE120137,kidney,control,78.223,age_weeks,ridge,True,78.22285714285714,51.43345260620117,26.789404536655965
GSM3394648,GSE120137,kidney,control,78.223,age_weeks,ridge,True,78.22285714285714,52.860023498535156,25.36283364432198
GSM3394649,GSE120137,kidney,control,78.223,age_weeks,ridge,True,78.22285714285714,52.91511917114258,25.30773797171456
GSM3394650,GSE120137,kidney,control,78.223,age_weeks,ridge,True,78.22285714285714,50.96287536621094,27.2599817766462
GSM3394651,GSE120137,kidney,control,78.223,age_weeks,ridge,True,78.22285714285714,51.741310119628906,26.48154702322823
GSM3394652,GSE120137,kidney,control,78.223,age_weeks,ridge,True,78.22285714285714,51.953250885009766,26.26960625784737
GSM3394653,GSE120137,kidney,control,78.223,age_weeks,ridge,True,78.22285714285714,50.81098556518555,27.41187157767159
GSM3394654,GSE120137,kidney,control,26.074,age_weeks,ridge,True,26.074285714285715,49.56904983520508,-23.494764120919363
GSM3394655,GSE120137,kidney,control,26.074,age_weeks,ridge,True,26.074285714285715,50.949302673339844,-24.87501695905413
GSM3394656,GSE120137,kidney,control,26.074,age_weeks,ridge,True,26.074285714285715,51.164058685302734,-25.08977297101702
GSM3394657,GSE120137,kidney,control,26.074,age_weeks,ridge,True,26.074285714285715,50.175235748291016,-24.1009500340053
GSM3394658,GSE120137,kidney,control,26.074,age_weeks,ridge,True,26.074285714285715,52.39352035522461,-26.319234640938895
GSM3394659,GSE120137,kidney,control,26.074,age_weeks,ridge,True,26.074285714285715,51.737159729003906,-25.66287401471819
GSM3394660,GSE120137,kidney,control,26.074,age_weeks,ridge,True,26.074285714285715,52.86919021606445,-26.79490450177874
GSM3394661,GSE120137,kidney,control,26.074,age_weeks,ridge,True,26.074285714285715,54.70725631713867,-28.632970602852957
GSM3394662,GSE120137,kidney,control,26.074,age_weeks,ridge,True,26.074285714285715,53.121429443359375,-27.04714372907366
GSM3394663,GSE120137,kidney,control,52.149,age_weeks,ridge,True,52.14857142857143,51.309104919433594,0.8394665091378357
GSM3394664,GSE120137,kidney,control,52.149,age_weeks,ridge,True,52.14857142857143,52.34392547607422,-0.19535404750278929
GSM3394665,GSE120137,kidney,control,52.149,age_weeks,ridge,True,52.14857142857143,51.71350860595703,0.4350628226143982
GSM3394666,GSE120137,kidney,control,52.149,age_weeks,ridge,True,52.14857142857143,51.4922981262207,0.6562733023507263
GSM3394667,GSE120137,kidney,control,52.149,age_weeks,ridge,True,52.14857142857143,49.67973709106445,2.4688343375069763
GSM3394668,GSE120137,kidney,control,52.149,age_weeks,ridge,True,52.14857142857143,52.45428466796875,-0.30571323939732054
GSM3394669,GSE120137,kidney,control,52.149,age_weeks,ridge,True,52.14857142857143,53.315269470214844,-1.1666980416434143
GSM3394670,GSE120137,kidney,control,52.149,age_weeks,ridge,True,52.14857142857143,51.85615921020508,0.29241221836635134
GSM3394671,GSE120137,kidney,control,78.223,age_weeks,ridge,True,78.22285714285714,51.53008270263672,26.69277444022042
GSM3394672,GSE120137,kidney,control,78.223,age_weeks,ridge,True,78.22285714285714,53.003814697265625,25.219042445591512
GSM3394673,GSE120137,kidney,control,78.223,age_weeks,ridge,True,78.22285714285714,54.65648651123047,23.56637063162667
GSM3394674,GSE120137,kidney,control,78.223,age_weeks,ridge,True,78.22285714285714,50.79254150390625,27.430315638950887
GSM3394675,GSE120137,kidney,control,78.223,age_weeks,ridge,True,78.22285714285714,48.52389907836914,29.698958064487996
GSM3394676,GSE120137,kidney,control,78.223,age_weeks,ridge,True,78.22285714285714,48.9976921081543,29.22516503470284
GSM3394677,GSE120137,kidney,control,78.223,age_weeks,ridge,True,78.22285714285714,49.99102020263672,28.23183694022042
GSM3394678,GSE120137,kidney,control,78.223,age_weeks,ridge,True,78.22285714285714,50.0814208984375,28.141436244419637
GSM3394679,GSE120137,kidney,control,78.223,age_weeks,ridge,True,78.22285714285714,48.59340286254883,29.62945428030831
GSM3394680,GSE120137,kidney,control,78.223,age_weeks,ridge,True,78.22285714285714,49.14236831665039,29.080488826206746
GSM3394681,GSE120137,kidney,control,78.223,age_weeks,ridge,True,78.22285714285714,48.983116149902344,29.239740992954793
GSM3394682,GSE120137,kidney,control,26.074,age_weeks,ridge,True,26.074285714285715,50.44500732421875,-24.370721609933035
GSM3394683,GSE120137,kidney,control,26.074,age_weeks,ridge,True,26.074285714285715,49.46586227416992,-23.391576559884207
GSM3394684,GSE120137,kidney,control,26.074,age_weeks,ridge,True,26.074285714285715,48.16078186035156,-22.086496146065848
GSM3394685,GSE120137,kidney,control,26.074,age_weeks,ridge,True,26.074285714285715,48.439552307128906,-22.36526659284319
GSM3394686,GSE120137,kidney,control,26.074,age_weeks,ridge,True,26.074285714285715,49.667503356933594,-23.59321764264788
GSM3394687,GSE120137,kidney,control,52.149,age_weeks,ridge,True,52.14857142857143,47.48884963989258,4.659721788678851
GSM3394688,GSE120137,kidney,control,52.149,age_weeks,ridge,True,52.14857142857143,49.610504150390625,2.5380672781808045
GSM3394689,GSE120137,kidney,control,52.149,age_weeks,ridge,True,52.14857142857143,48.88441467285156,3.264156755719867
GSM3394690,GSE120137,kidney,control,52.149,age_weeks,ridge,True,52.14857142857143,50.8917350769043,1.2568363516671326
GSM3394691,GSE120137,kidney,control,52.149,age_weeks,ridge,True,52.14857142857143,48.699764251708984,3.448807176862445
GSM3394692,GSE120137,kidney,control,52.149,age_weeks,ridge,True,52.14857142857143,49.106510162353516,3.042061266217914
GSM3394693,GSE120137,kidney,control,52.149,age_weeks,ridge,True,52.14857142857143,48.985374450683594,3.1631969778878357
GSM3394694,GSE120137,kidney,control,78.223,age_weeks,ridge,True,78.22285714285714,47.778743743896484,30.444113398960653
GSM3394695,GSE120137,kidney,control,78.223,age_weeks,ridge,True,78.22285714285714,47.753028869628906,30.46982827322823
GSM3394696,GSE120137,kidney,control,78.223,age_weeks,ridge,True,78.22285714285714,50.89415740966797,27.32869973318917
GSM3394697,GSE120137,kidney,control,26.074,age_weeks,ridge,True,26.074285714285715,50.44075393676758,-24.366468222481863
GSM3394698,GSE120137,kidney,control,26.074,age_weeks,ridge,True,26.074285714285715,47.22346115112305,-21.149175436837332
GSM3394699,GSE120137,kidney,control,52.149,age_weeks,ridge,True,52.14857142857143,48.69694137573242,3.4516300528390076
GSM3394700,GSE120137,kidney,control,52.149,age_weeks,ridge,True,52.14857142857143,50.08344268798828,2.065128740583148
GSM3394701,GSE120137,kidney,control,52.149,age_weeks,ridge,True,52.14857142857143,48.39413833618164,3.754433092389789
GSM3394702,GSE120137,kidney,control,52.149,age_weeks,ridge,True,52.14857142857143,50.15692138671875,1.9916500418526795
GSM3394703,GSE120137,kidney,control,52.149,age_weeks,ridge,True,52.14857142857143,49.660770416259766,2.487801012311664
GSM3394704,GSE120137,kidney,control,52.149,age_weeks,ridge,True,52.14857142857143,48.88252639770508,3.2660450308663513
GSM3394705,GSE120137,kidney,control,78.223,age_weeks,ridge,True,78.22285714285714,49.23573303222656,28.987124110630575
GSM3394706,GSE120137,kidney,control,78.223,age_weeks,ridge,True,78.22285714285714,49.22229766845703,29.000559474400106
GSM3394707,GSE120137,kidney,control,78.223,age_weeks,ridge,True,78.22285714285714,48.27334976196289,29.949507380894246
GSM3394708,GSE120137,kidney,control,78.223,age_weeks,ridge,True,78.22285714285714,47.608680725097656,30.61417641775948
GSM3394709,GSE120137,kidney,control,78.223,age_weeks,ridge,True,78.22285714285714,48.815147399902344,29.407709742954793
GSM3394710,GSE120137,kidney,control,78.223,age_weeks,ridge,True,78.22285714285714,49.00818634033203,29.214670802525106
GSM3394711,GSE120137,kidney,control,78.223,age_weeks,ridge,True,78.22285714285714,50.12077713012695,28.102080012730184
GSM3394712,GSE120137,kidney,control,26.074,age_weeks,ridge,True,26.074285714285715,50.189849853515625,-24.11556413922991
GSM3394713,GSE120137,kidney,control,52.149,age_weeks,ridge,True,52.14857142857143,48.90768814086914,3.240883287702289
GSM3394714,GSE120137,kidney,control,52.149,age_weeks,ridge,True,52.14857142857143,49.094261169433594,3.0543102591378357
GSM3394715,GSE120137,kidney,control,52.149,age_weeks,ridge,True,52.14857142857143,54.29579544067383,-2.1472240121023987
GSM3394716,GSE120137,kidney,control,52.149,age_weeks,ridge,True,52.14857142857143,50.04287338256836,2.10569804600307
GSM3394717,GSE120137,kidney,control,52.149,age_weeks,ridge,True,52.14857142857143,47.91058349609375,4.2379879324776795
GSM3394718,GSE120137,kidney,control,78.223,age_weeks,ridge,True,78.22285714285714,48.96188735961914,29.260969783237996
GSM3394719,GSE120137,kidney,control,78.223,age_weeks,ridge,True,78.22285714285714,48.90336990356445,29.319487239292684
GSM3394720,GSE120137,kidney,control,78.223,age_weeks,ridge,True,78.22285714285714,49.24519348144531,28.977663661411825
GSM2132712,GSE80672,blood,control,2.912,age_weeks,ridge,True,2.9115714285714285,52.512733459472656,-49.60116203090123
GSM2132713,GSE80672,blood,control,2.912,age_weeks,ridge,True,2.9115714285714285,52.55542755126953,-49.643856122698104
GSM2132714,GSE80672,blood,control,2.912,age_weeks,ridge,True,2.9115714285714285,50.700592041015625,-47.7890206124442
GSM2132715,GSE80672,blood,control,2.912,age_weeks,ridge,True,2.9115714285714285,51.632080078125,-48.72050864955357
GSM2132716,GSE80672,blood,control,2.912,age_weeks,ridge,True,2.9115714285714285,50.86393737792969,-47.95236594935826
GSM2132717,GSE80672,blood,control,2.912,age_weeks,ridge,True,2.9115714285714285,51.65140914916992,-48.739837720598494
GSM2132718,GSE80672,blood,control,5.084,age_weeks,ridge,True,5.084428571428572,50.87868881225586,-45.794260240827285
GSM2132719,GSE80672,blood,control,5.084,age_weeks,ridge,True,5.084428571428572,49.03525161743164,-43.950823046003066
GSM2132720,GSE80672,blood,control,5.084,age_weeks,ridge,True,5.084428571428572,51.490074157714844,-46.40564558628627
GSM2132721,GSE80672,blood,control,5.084,age_weeks,ridge,True,5.084428571428572,49.30622863769531,-44.22180006626674
GSM2132722,GSE80672,blood,control,5.084,age_weeks,ridge,True,5.084428571428572,48.139583587646484,-43.05515501621791
GSM2132723,GSE80672,blood,control,5.084,age_weeks,ridge,True,5.084428571428572,48.587860107421875,-43.5034315359933
GSM2132724,GSE80672,blood,CR,43.457,age_weeks,ridge,True,43.457142857142856,49.98265075683594,-6.525507899693082
GSM2132725,GSE80672,blood,CR,43.457,age_weeks,ridge,True,43.457142857142856,49.070011138916016,-5.61286828177316
GSM2132726,GSE80672,blood,CR,43.457,age_weeks,ridge,True,43.457142857142856,49.0815315246582,-5.624388667515348
GSM2132727,GSE80672,blood,CR,43.457,age_weeks,ridge,True,43.457142857142856,51.29273223876953,-7.835589381626676
GSM2132728,GSE80672,blood,CR,43.457,age_weeks,ridge,True,43.457142857142856,49.94855499267578,-6.491412135532926
GSM2132729,GSE80672,blood,CR,78.223,age_weeks,ridge,True,78.22285714285714,49.30072784423828,28.922129298618856
GSM2132730,GSE80672,blood,CR,78.223,age_weeks,ridge,True,78.22285714285714,50.08271026611328,28.140146876743856
GSM2132731,GSE80672,blood,CR,78.223,age_weeks,ridge,True,78.22285714285714,51.695499420166016,26.52735772269112
GSM2132732,GSE80672,blood,CR,78.223,age_weeks,ridge,True,78.22285714285714,47.57884979248047,30.64400735037667
GSM2132733,GSE80672,blood,CR,78.223,age_weeks,ridge,True,78.22285714285714,48.27426528930664,29.948591853550496
GSM2132734,GSE80672,blood,CR,99.951,age_weeks,ridge,True,99.95142857142856,49.710994720458984,50.24043385096958
GSM2132735,GSE80672,blood,CR,99.951,age_weeks,ridge,True,99.95142857142856,50.02832794189453,49.923100629534034
GSM2132736,GSE80672,blood,CR,99.951,age_weeks,ridge,True,99.95142857142856,51.35782241821289,48.593606153215674
GSM2132737,GSE80672,blood,CR,99.951,age_weeks,ridge,True,99.95142857142856,48.55040740966797,51.401021161760596
GSM2132738,GSE80672,blood,CR,99.951,age_weeks,ridge,True,99.95142857142856,48.56940841674805,51.38202015468052
GSM2132739,GSE80672,blood,CR,117.334,age_weeks,ridge,True,117.33428571428571,48.7329216003418,68.60136411394392
GSM2132740,GSE80672,blood,CR,117.334,age_weeks,ridge,True,117.33428571428571,49.61270523071289,67.72158048357282
GSM2132741,GSE80672,blood,CR,117.334,age_weeks,ridge,True,117.33428571428571,50.34248352050781,66.9918021937779
GSM2132742,GSE80672,blood,CR,117.334,age_weeks,ridge,True,117.33428571428571,52.18777847290039,65.14650724138532
GSM2132743,GSE80672,blood,CR,117.334,age_weeks,ridge,True,117.33428571428571,49.0616340637207,68.27265165056501
GSM2132744,GSE80672,blood,control,86.914,age_weeks,ridge,True,86.91428571428571,50.586524963378906,36.327760750906805
GSM2132745,GSE80672,blood,control,86.914,age_weeks,ridge,True,86.91428571428571,49.36274719238281,37.5515385219029
GSM2132746,GSE80672,blood,control,86.914,age_weeks,ridge,True,86.91428571428571,51.31022262573242,35.60406308855329
GSM2132747,GSE80672,blood,control,86.914,age_weeks,ridge,True,86.91428571428571,49.736419677734375,37.177866036551336
GSM2132748,GSE80672,blood,control,86.914,age_weeks,ridge,True,86.91428571428571,50.92893600463867,35.98534970964704
GSM2132749,GSE80672,blood,control,117.334,age_weeks,ridge,True,117.33428571428571,50.268802642822266,67.06548307146345
GSM2132750,GSE80672,blood,control,117.334,age_weeks,ridge,True,117.33428571428571,50.76858139038086,66.56570432390485
GSM2132751,GSE80672,blood,control,117.334,age_weeks,ridge,True,117.33428571428571,49.97126007080078,67.36302564348493
GSM2132752,GSE80672,blood,control,117.334,age_weeks,ridge,True,117.33428571428571,49.509490966796875,67.82479474748884
GSM2132753,GSE80672,blood,control,117.334,age_weeks,ridge,True,117.33428571428571,52.84279251098633,64.49149320329938
GSM2132754,GSE80672,blood,CR,91.26,age_weeks,ridge,True,91.26,52.92000198364258,38.33999801635743
GSM2132755,GSE80672,blood,CR,91.26,age_weeks,ridge,True,91.26,50.32480239868164,40.935197601318364
GSM2132756,GSE80672,blood,CR,91.26,age_weeks,ridge,True,91.26,50.7098274230957,40.5501725769043
GSM2132757,GSE80672,blood,CR,91.26,age_weeks,ridge,True,91.26,49.956092834472656,41.30390716552735
GSM2132758,GSE80672,blood,CR,91.26,age_weeks,ridge,True,91.26,50.49752426147461,40.762475738525396
GSM2132759,GSE80672,blood,CR,91.26,age_weeks,ridge,True,91.26,54.059871673583984,37.20012832641602
GSM2132760,GSE80672,blood,CR,91.26,age_weeks,ridge,True,91.26,50.81662368774414,40.443376312255864
GSM2132761,GSE80672,blood,CR,117.334,age_weeks,ridge,True,117.33428571428571,49.21177291870117,68.12251279558454
GSM2132762,GSE80672,blood,CR,117.334,age_weeks,ridge,True,117.33428571428571,48.8804817199707,68.45380399431501
GSM2132763,GSE80672,blood,CR,117.334,age_weeks,ridge,True,117.33428571428571,51.82516860961914,65.50911710466657
GSM2132764,GSE80672,blood,CR,117.334,age_weeks,ridge,True,117.33428571428571,49.878753662109375,67.45553205217634
GSM2132765,GSE80672,blood,CR,117.334,age_weeks,ridge,True,117.33428571428571,51.149505615234375,66.18478009905134
GSM2132766,GSE80672,blood,control,26.074,age_weeks,ridge,True,26.074285714285715,50.73306655883789,-24.658780844552176
GSM2132767,GSE80672,blood,control,26.074,age_weeks,ridge,True,26.074285714285715,49.87205123901367,-23.797765524727957
GSM2132768,GSE80672,blood,control,26.074,age_weeks,ridge,True,26.074285714285715,47.911376953125,-21.837091238839285
GSM2132769,GSE80672,blood,control,26.074,age_weeks,ridge,True,26.074285714285715,50.2779426574707,-24.20365694318499
GSM2132770,GSE80672,blood,control,26.074,age_weeks,ridge,True,26.074285714285715,48.583473205566406,-22.50918749128069
GSM2132771,GSE80672,blood,control,26.074,age_weeks,ridge,True,26.074285714285715,48.952999114990234,-22.87871340070452
GSM2132772,GSE80672,blood,control,26.074,age_weeks,ridge,True,26.074285714285715,49.76417541503906,-23.689889700753348
GSM2132773,GSE80672,blood,control,26.074,age_weeks,ridge,True,26.074285714285715,48.424991607666016,-22.3507058933803
GSM2132774,GSE80672,blood,control,26.074,age_weeks,ridge,True,26.074285714285715,47.696903228759766,-21.62261751447405
GSM2132775,GSE80672,blood,control,26.074,age_weeks,ridge,True,26.074285714285715,48.1666374206543,-22.092351706368582
GSM2132776,GSE80672,blood,control,26.074,age_weeks,ridge,True,26.074285714285715,49.595951080322266,-23.52166536603655
GSM2132777,GSE80672,blood,control,26.074,age_weeks,ridge,True,26.074285714285715,48.831974029541016,-22.7576883152553
GSM2132778,GSE80672,blood,control,21.729,age_weeks,ridge,True,21.728571428571428,47.72488784790039,-25.996316419328963
GSM2132779,GSE80672,blood,control,21.729,age_weeks,ridge,True,21.728571428571428,49.582252502441406,-27.85368107386998
GSM2132780,GSE80672,blood,control,21.729,age_weeks,ridge,True,21.728571428571428,47.96769332885742,-26.239121900285994
GSM2132781,GSE80672,blood,control,21.729,age_weeks,ridge,True,21.728571428571428,48.2336311340332,-26.505059705461775
GSM2132782,GSE80672,blood,control,26.074,age_weeks,ridge,True,26.074285714285715,48.49570083618164,-22.421415121895926
GSM2132783,GSE80672,blood,control,26.074,age_weeks,ridge,True,26.074285714285715,51.40742874145508,-25.333143027169363
GSM2132784,GSE80672,blood,control,26.074,age_weeks,ridge,True,26.074285714285715,47.19601821899414,-21.121732504708426
GSM2132785,GSE80672,blood,control,26.074,age_weeks,ridge,True,26.074285714285715,48.208465576171875,-22.13417986188616
GSM2132786,GSE80672,blood,control,26.074,age_weeks,ridge,True,26.074285714285715,49.028621673583984,-22.95433595929827
GSM2132787,GSE80672,blood,control,26.074,age_weeks,ridge,True,26.074285714285715,47.07359313964844,-20.999307425362723
GSM2132788,GSE80672,blood,control,26.074,age_weeks,ridge,True,26.074285714285715,47.27914047241211,-21.204854758126395
GSM2132789,GSE80672,blood,control,26.074,age_weeks,ridge,True,26.074285714285715,46.97865295410156,-20.904367239815848
GSM2132790,GSE80672,blood,control,26.074,age_weeks,ridge,True,26.074285714285715,49.209129333496094,-23.13484361921038
GSM2132791,GSE80672,blood,control,26.074,age_weeks,ridge,True,26.074285714285715,49.42263412475586,-23.348348410470145
GSM2132792,GSE80672,blood,control,26.074,age_weeks,ridge,True,26.074285714285715,49.57992172241211,-23.505636008126395
GSM2132793,GSE80672,blood,control,26.074,age_weeks,ridge,True,26.074285714285715,49.752593994140625,-23.67830827985491
GSM2132794,GSE80672,blood,control,26.074,age_weeks,ridge,True,26.074285714285715,46.61009216308594,-20.535806448800223
GSM2132795,GSE80672,blood,control,26.074,age_weeks,ridge,True,26.074285714285715,48.49142837524414,-22.417142660958426
GSM2132796,GSE80672,blood,control,26.074,age_weeks,ridge,True,26.074285714285715,47.2865104675293,-21.212224753243582
GSM2132797,GSE80672,blood,control,26.074,age_weeks,ridge,True,26.074285714285715,50.18169403076172,-24.107408316476004
GSM2132798,GSE80672,blood,control,26.074,age_weeks,ridge,True,26.074285714285715,48.80118942260742,-22.726903708321707
GSM2132799,GSE80672,blood,control,26.074,age_weeks,ridge,True,26.074285714285715,50.06679153442383,-23.992505820138113
GSM2132800,GSE80672,blood,control,26.074,age_weeks,ridge,True,26.074285714285715,48.60514450073242,-22.530858786446707
GSM2132801,GSE80672,blood,control,26.074,age_weeks,ridge,True,26.074285714285715,49.344017028808594,-23.26973131452288
GSM2132802,GSE80672,blood,control,26.074,age_weeks,ridge,True,26.074285714285715,49.79315948486328,-23.718873770577567
GSM2132803,GSE80672,blood,control,26.074,age_weeks,ridge,True,26.074285714285715,49.4616584777832,-23.38737276349749
GSM2132804,GSE80672,blood,control,26.074,age_weeks,ridge,True,26.074285714285715,49.1968994140625,-23.122613699776785
GSM2132805,GSE80672,blood,control,26.074,age_weeks,ridge,True,26.074285714285715,49.61759567260742,-23.543309958321707
GSM2132806,GSE80672,blood,control,26.074,age_weeks,ridge,True,26.074285714285715,49.00776672363281,-22.933481009347098
GSM2132807,GSE80672,blood,control,26.074,age_weeks,ridge,True,26.074285714285715,49.28871536254883,-23.214429648263113
GSM2132808,GSE80672,blood,control,26.074,age_weeks,ridge,True,26.074285714285715,50.4062614440918,-24.331975729806082
GSM2132809,GSE80672,blood,control,26.074,age_weeks,ridge,True,26.074285714285715,49.12883377075195,-23.05454805646624
GSM2132810,GSE80672,blood,control,26.074,age_weeks,ridge,True,26.074285714285715,47.96646499633789,-21.892179282052176
GSM2132811,GSE80672,blood,control,26.074,age_weeks,ridge,True,26.074285714285715,49.39982986450195,-23.32554415021624
GSM2132812,GSE80672,blood,control,26.074,age_weeks,ridge,True,26.074285714285715,49.223018646240234,-23.14873293195452
GSM2132813,GSE80672,blood,control,26.074,age_weeks,ridge,True,26.074285714285715,49.44956588745117,-23.375280173165457
GSM2132814,GSE80672,fibroblast,control,10.864,age_weeks,ridge,True,10.864285714285714,58.36470031738281,-47.5004146030971
GSM2132815,GSE80672,fibroblast,control,10.864,age_weeks,ridge,True,10.864285714285714,61.40626525878906,-50.54197954450335
GSM2132816,GSE80672,fibroblast,control,10.864,age_weeks,ridge,True,10.864285714285714,60.578392028808594,-49.71410631452288
GSM2132817,GSE80672,fibroblast,control,10.864,age_weeks,ridge,True,10.864285714285714,59.98854446411133,-49.124258749825614
GSM2132818,GSE80672,fibroblast,control,10.864,age_weeks,ridge,True,10.864285714285714,60.90111541748047,-50.036829703194755
GSM2132819,GSE80672,fibroblast,control,10.864,age_weeks,ridge,True,10.864285714285714,61.326812744140625,-50.46252702985491
GSM2132820,GSE80672,blood,control,13.037,age_weeks,ridge,True,13.037142857142857,50.866554260253906,-37.82941140311105
GSM2132821,GSE80672,blood,control,13.037,age_weeks,ridge,True,13.037142857142857,62.37332534790039,-49.33618249075754
GSM2132822,GSE80672,blood,control,13.037,age_weeks,ridge,True,13.037142857142857,54.51543045043945,-41.4782875932966
GSM2132823,GSE80672,blood,control,13.037,age_weeks,ridge,True,13.037142857142857,48.41526794433594,-35.378125087193084
GSM2132824,GSE80672,blood,control,13.037,age_weeks,ridge,True,13.037142857142857,52.65671157836914,-39.61956872122629
GSM2132825,GSE80672,blood,control,13.037,age_weeks,ridge,True,13.037142857142857,51.877830505371094,-38.84068764822824
GSM2132826,GSE80672,blood,control,13.037,age_weeks,ridge,True,13.037142857142857,50.00754165649414,-36.97039879935129
GSM2132827,GSE80672,blood,control,13.037,age_weeks,ridge,True,13.037142857142857,51.331905364990234,-38.29476250784738
GSM2132828,GSE80672,blood,control,13.037,age_weeks,ridge,True,13.037142857142857,56.82305908203125,-43.785916224888396
GSM2132829,GSE80672,blood,control,17.383,age_weeks,ridge,True,17.382857142857144,50.9586181640625,-33.57576102120535
GSM2132830,GSE80672,blood,control,17.383,age_weeks,ridge,True,17.382857142857144,51.672916412353516,-34.29005926949637
GSM2132831,GSE80672,blood,control,17.383,age_weeks,ridge,True,17.382857142857144,64.65071868896484,-47.267861546107696
GSM2132832,GSE80672,blood,control,17.383,age_weeks,ridge,True,17.382857142857144,50.313720703125,-32.93086356026785
GSM2132833,GSE80672,blood,control,17.383,age_weeks,ridge,True,17.382857142857144,56.731361389160156,-39.34850424630301
GSM2132834,GSE80672,blood,control,17.383,age_weeks,ridge,True,17.382857142857144,51.82463073730469,-34.44177359444754
GSM2132835,GSE80672,blood,control,17.383,age_weeks,ridge,True,17.382857142857144,50.49606704711914,-33.11320990426199
GSM2132836,GSE80672,blood,control,17.383,age_weeks,ridge,True,17.382857142857144,51.622711181640625,-34.23985403878348
GSM2132837,GSE80672,blood,control,17.383,age_weeks,ridge,True,17.382857142857144,50.66035079956055,-33.2774936567034
GSM2132838,GSE80672,blood,control,26.074,age_weeks,ridge,True,26.074285714285715,51.74958801269531,-25.675302298409598
GSM2132839,GSE80672,blood,control,26.074,age_weeks,ridge,True,26.074285714285715,51.299835205078125,-25.22554949079241
GSM2132840,GSE80672,blood,control,26.074,age_weeks,ridge,True,26.074285714285715,57.92385482788086,-31.849569113595145
GSM2132841,GSE80672,blood,control,26.074,age_weeks,ridge,True,26.074285714285715,54.10258102416992,-28.028295309884207
GSM2132842,GSE80672,blood,control,26.074,age_weeks,ridge,True,26.074285714285715,47.922279357910156,-21.84799364362444
GSM2132843,GSE80672,blood,control,26.074,age_weeks,ridge,True,26.074285714285715,51.43001937866211,-25.355733664376395
GSM2132844,GSE80672,blood,control,26.074,age_weeks,ridge,True,26.074285714285715,54.36279296875,-28.288507254464285
GSM2132845,GSE80672,blood,control,26.074,age_weeks,ridge,True,26.074285714285715,53.69226837158203,-27.617982657296317
GSM2132846,GSE80672,blood,control,26.074,age_weeks,ridge,True,26.074285714285715,61.82067108154297,-35.746385367257254
GSM2132847,GSE80672,blood,control,34.766,age_weeks,ridge,True,34.76571428571429,50.97720718383789,-16.211492898123602
GSM2132848,GSE80672,blood,control,34.766,age_weeks,ridge,True,34.76571428571429,55.38142776489258,-20.61571347917829
GSM2132849,GSE80672,blood,control,34.766,age_weeks,ridge,True,34.76571428571429,52.12937545776367,-17.363661172049383
GSM2132850,GSE80672,blood,control,34.766,age_weeks,ridge,True,34.76571428571429,52.02521896362305,-17.259504677908758
GSM2132851,GSE80672,blood,control,34.766,age_weeks,ridge,True,34.76571428571429,49.80748748779297,-15.04177320207868
GSM2132852,GSE80672,blood,control,34.766,age_weeks,ridge,True,34.76571428571429,51.715972900390625,-16.950258614676336
GSM2132853,GSE80672,blood,control,34.766,age_weeks,ridge,True,34.76571428571429,50.9187126159668,-16.152998330252508
GSM2132854,GSE80672,blood,control,34.766,age_weeks,ridge,True,34.76571428571429,50.47776412963867,-15.712049843924383
GSM2132855,GSE80672,blood,control,34.766,age_weeks,ridge,True,34.76571428571429,50.408050537109375,-15.642336251395086
GSM2132856,GSE80672,blood,control,43.457,age_weeks,ridge,True,43.457142857142856,54.668304443359375,-11.21116158621652
GSM2132857,GSE80672,blood,control,43.457,age_weeks,ridge,True,43.457142857142856,51.474395751953125,-8.01725289481027
GSM2132858,GSE80672,blood,control,43.457,age_weeks,ridge,True,43.457142857142856,52.3718376159668,-8.914694758823941
GSM2132859,GSE80672,blood,control,43.457,age_weeks,ridge,True,43.457142857142856,62.10438919067383,-18.647246333530973
GSM2132860,GSE80672,blood,control,43.457,age_weeks,ridge,True,43.457142857142856,53.822566986083984,-10.365424128941129
GSM2132861,GSE80672,blood,control,43.457,age_weeks,ridge,True,43.457142857142856,50.7203369140625,-7.2631940569196445
GSM2132862,GSE80672,blood,control,43.457,age_weeks,ridge,True,43.457142857142856,49.141746520996094,-5.684603663853238
GSM2132863,GSE80672,blood,control,43.457,age_weeks,ridge,True,43.457142857142856,58.13374328613281,-14.676600428989957
GSM2132864,GSE80672,blood,control,43.457,age_weeks,ridge,True,43.457142857142856,58.36577224731445,-14.908629390171598
GSM2132865,GSE80672,blood,control,52.149,age_weeks,ridge,True,52.14857142857143,58.062347412109375,-5.9137759835379455
GSM2132866,GSE80672,blood,control,52.149,age_weeks,ridge,True,52.14857142857143,50.239173889160156,1.9093975394112732
GSM2132867,GSE80672,blood,control,52.149,age_weeks,ridge,True,52.14857142857143,50.279991149902344,1.8685802786690857
GSM2132868,GSE80672,blood,control,52.149,age_weeks,ridge,True,52.14857142857143,49.166168212890625,2.9824032156808045
GSM2132869,GSE80672,blood,control,52.149,age_weeks,ridge,True,52.14857142857143,53.264739990234375,-1.1161685616629455
GSM2132870,GSE80672,blood,control,52.149,age_weeks,ridge,True,52.14857142857143,51.630218505859375,0.5183529227120545
GSM2132871,GSE80672,blood,control,52.149,age_weeks,ridge,True,52.14857142857143,51.99355697631836,0.1550144522530701
GSM2132872,GSE80672,blood,control,52.149,age_weeks,ridge,True,52.14857142857143,52.080841064453125,0.06773036411830446
GSM2132873,GSE80672,blood,control,52.149,age_weeks,ridge,True,52.14857142857143,51.17340850830078,0.9751629202706482
GSM2132874,GSE80672,blood,control,52.149,age_weeks,ridge,True,52.14857142857143,51.40345001220703,0.7451214163643982
GSM2132875,GSE80672,blood,control,69.531,age_weeks,ridge,True,69.53142857142858,51.158447265625,18.372981305803577
GSM2132876,GSE80672,blood,control,69.531,age_weeks,ridge,True,69.53142857142858,53.52958679199219,16.00184177943639
GSM2132877,GSE80672,blood,control,69.531,age_weeks,ridge,True,69.53142857142858,50.99312210083008,18.5383064705985
GSM2132878,GSE80672,blood,control,69.531,age_weeks,ridge,True,69.53142857142858,51.40443420410156,18.126994367327015
GSM2132879,GSE80672,blood,control,69.531,age_weeks,ridge,True,69.53142857142858,50.519630432128906,19.01179813929967
GSM2132880,GSE80672,blood,control,69.531,age_weeks,ridge,True,69.53142857142858,51.391815185546875,18.139613385881702
GSM2132881,GSE80672,blood,control,69.531,age_weeks,ridge,True,69.53142857142858,53.42782974243164,16.103598828996937
GSM2132882,GSE80672,blood,control,69.531,age_weeks,ridge,True,69.53142857142858,52.45916748046875,17.072261090959827
GSM2132883,GSE80672,blood,control,69.531,age_weeks,ridge,True,69.53142857142858,55.33478546142578,14.196643110002796
GSM2132884,GSE80672,blood,control,86.914,age_weeks,ridge,True,86.91428571428571,52.80901336669922,34.10527234758649
GSM2132885,GSE80672,blood,control,86.914,age_weeks,ridge,True,86.91428571428571,50.9351921081543,35.979093606131414
GSM2132886,GSE80672,blood,control,86.914,age_weeks,ridge,True,86.91428571428571,51.73017120361328,35.18411451067243
GSM2132887,GSE80672,blood,control,86.914,age_weeks,ridge,True,86.91428571428571,53.28679656982422,33.62748914446149
GSM2132888,GSE80672,blood,control,86.914,age_weeks,ridge,True,86.91428571428571,52.01709747314453,34.89718824114118
GSM2132889,GSE80672,blood,control,86.914,age_weeks,ridge,True,86.91428571428571,51.17887496948242,35.73541074480329
GSM2132890,GSE80672,blood,control,86.914,age_weeks,ridge,True,86.91428571428571,52.76835250854492,34.14593320574079
GSM2132891,GSE80672,blood,control,86.914,age_weeks,ridge,True,86.91428571428571,53.145721435546875,33.768564278738836
GSM2132892,GSE80672,blood,control,86.914,age_weeks,ridge,True,86.91428571428571,54.18233871459961,32.7319469996861
GSM2132893,GSE80672,blood,control,95.606,age_weeks,ridge,True,95.60571428571428,52.61460876464844,42.99110552106585
GSM2132894,GSE80672,blood,control,95.606,age_weeks,ridge,True,95.60571428571428,63.23085403442383,32.37486025129046
GSM2132895,GSE80672,blood,control,95.606,age_weeks,ridge,True,95.60571428571428,49.26900863647461,46.336705649239676
GSM2132896,GSE80672,blood,control,95.606,age_weeks,ridge,True,95.60571428571428,52.12131118774414,43.484403097970144
GSM2132897,GSE80672,blood,control,95.606,age_weeks,ridge,True,95.60571428571428,52.35902404785156,43.24669023786272
GSM2132898,GSE80672,blood,control,95.606,age_weeks,ridge,True,95.60571428571428,51.21311950683594,44.39259477887835
GSM2132899,GSE80672,blood,control,95.606,age_weeks,ridge,True,95.60571428571428,50.192237854003906,45.41347643171038
GSM2132900,GSE80672,blood,control,95.606,age_weeks,ridge,True,95.60571428571428,51.35847854614258,44.24723573957171
GSM2132901,GSE80672,blood,control,95.606,age_weeks,ridge,True,95.60571428571428,51.36648941040039,44.239224875313894
GSM2132902,GSE80672,blood,control,104.297,age_weeks,ridge,True,104.29714285714286,55.799766540527344,48.497376316615515
GSM2132903,GSE80672,blood,control,104.297,age_weeks,ridge,True,104.29714285714286,53.505401611328125,50.791741245814734
GSM2132904,GSE80672,blood,control,104.297,age_weeks,ridge,True,104.29714285714286,52.11786651611328,52.17927634102958
GSM2132905,GSE80672,blood,control,104.297,age_weeks,ridge,True,104.29714285714286,53.835609436035156,50.4615334211077
GSM2132906,GSE80672,blood,control,104.297,age_weeks,ridge,True,104.29714285714286,51.1776237487793,53.11951910836356
GSM2132907,GSE80672,blood,control,104.297,age_weeks,ridge,True,104.29714285714286,51.03788375854492,53.25925909859794
GSM2132908,GSE80672,blood,control,104.297,age_weeks,ridge,True,104.29714285714286,52.789894104003906,51.50724875313895
GSM2132909,GSE80672,blood,control,104.297,age_weeks,ridge,True,104.29714285714286,52.89691925048828,51.40022360665458
GSM2132910,GSE80672,blood,control,104.297,age_weeks,ridge,True,104.29714285714286,54.37310028076172,49.92404257638114
GSM2132911,GSE80672,blood,control,112.989,age_weeks,ridge,True,112.98857142857142,54.87659454345703,58.11197688511439
GSM2132912,GSE80672,blood,control,112.989,age_weeks,ridge,True,112.98857142857142,52.667823791503906,60.32074763706751
GSM2132913,GSE80672,blood,control,112.989,age_weeks,ridge,True,112.98857142857142,52.217498779296875,60.771072649274544
GSM2132914,GSE80672,blood,control,112.989,age_weeks,ridge,True,112.98857142857142,53.346561431884766,59.64200999668665
GSM2132915,GSE80672,blood,control,112.989,age_weeks,ridge,True,112.98857142857142,51.0482292175293,61.94034221104212
GSM2132916,GSE80672,blood,control,112.989,age_weeks,ridge,True,112.98857142857142,52.33948516845703,60.64908626011439
GSM2132917,GSE80672,blood,control,112.989,age_weeks,ridge,True,112.98857142857142,52.42572021484375,60.56285121372767
GSM2132918,GSE80672,blood,control,112.989,age_weeks,ridge,True,112.98857142857142,55.82558059692383,57.16299083164759
GSM2132919,GSE80672,blood,control,112.989,age_weeks,ridge,True,112.98857142857142,52.062965393066406,60.92560603550501
GSM2132920,GSE80672,blood,control,112.989,age_weeks,ridge,True,112.98857142857142,49.94609832763672,63.0424731009347
GSM2132921,GSE80672,blood,control,121.68,age_weeks,ridge,True,121.67999999999999,53.112335205078125,68.56766479492187
GSM2132922,GSE80672,blood,control,121.68,age_weeks,ridge,True,121.67999999999999,51.813514709472656,69.86648529052734
GSM2132923,GSE80672,blood,control,121.68,age_weeks,ridge,True,121.67999999999999,53.266544342041016,68.41345565795898
GSM2132924,GSE80672,blood,control,121.68,age_weeks,ridge,True,121.67999999999999,60.12017822265625,61.55982177734374
GSM2132925,GSE80672,blood,control,121.68,age_weeks,ridge,True,121.67999999999999,55.96358871459961,65.71641128540038
GSM2132926,GSE80672,blood,control,121.68,age_weeks,ridge,True,121.67999999999999,53.33292770385742,68.34707229614257
GSM2132927,GSE80672,blood,control,121.68,age_weeks,ridge,True,121.67999999999999,55.861473083496094,65.8185269165039
GSM2132928,GSE80672,blood,control,121.68,age_weeks,ridge,True,121.67999999999999,51.98475646972656,69.69524353027343
GSM2132929,GSE80672,blood,control,121.68,age_weeks,ridge,True,121.67999999999999,53.85784149169922,67.82215850830077
GSM2132930,GSE80672,blood,control,130.371,age_weeks,ridge,True,130.37142857142857,54.388771057128906,75.98265751429966
GSM2132931,GSE80672,blood,control,130.371,age_weeks,ridge,True,130.37142857142857,50.1312141418457,80.24021442958286
GSM2132932,GSE80672,blood,control,130.371,age_weeks,ridge,True,130.37142857142857,50.77040100097656,79.601027570452
GSM2132933,GSE80672,blood,control,130.371,age_weeks,ridge,True,130.37142857142857,53.98319625854492,76.38823231288364
GSM2132934,GSE80672,blood,control,130.371,age_weeks,ridge,True,130.37142857142857,53.85110092163086,76.52032764979771
GSM2132935,GSE80672,blood,control,130.371,age_weeks,ridge,True,130.37142857142857,55.41737747192383,74.95405109950474
GSM2132936,GSE80672,blood,control,130.371,age_weeks,ridge,True,130.37142857142857,55.37854766845703,74.99288090297154
GSM2132937,GSE80672,blood,control,130.371,age_weeks,ridge,True,130.37142857142857,52.53166198730469,77.83976658412388
GSM2132938,GSE80672,blood,control,130.371,age_weeks,ridge,True,130.37142857142857,53.41944885253906,76.9519797188895
GSM2132939,GSE80672,blood,control,139.063,age_weeks,ridge,True,139.06285714285715,55.000064849853516,84.06279229300364
GSM2132940,GSE80672,blood,control,139.063,age_weeks,ridge,True,139.06285714285715,52.43851089477539,86.62434624808176
GSM2132941,GSE80672,blood,control,139.063,age_weeks,ridge,True,139.06285714285715,60.818199157714844,78.24465798514231
GSM2132942,GSE80672,blood,control,139.063,age_weeks,ridge,True,139.06285714285715,51.0714111328125,87.99144601004465
GSM2132943,GSE80672,blood,control,139.063,age_weeks,ridge,True,139.06285714285715,58.75298309326172,80.30987404959544
GSM2132944,GSE80672,blood,control,139.063,age_weeks,ridge,True,139.06285714285715,53.36986541748047,85.69299172537669
GSM2132945,GSE80672,blood,control,139.063,age_weeks,ridge,True,139.06285714285715,51.83311080932617,87.22974633353098
GSM2132946,GSE80672,blood,control,147.754,age_weeks,ridge,True,147.75428571428571,57.185150146484375,90.56913556780134
GSM2132947,GSE80672,blood,control,147.754,age_weeks,ridge,True,147.75428571428571,52.132205963134766,95.62207975115095
GSM2132948,GSE80672,blood,control,147.754,age_weeks,ridge,True,147.75428571428571,54.58737564086914,93.16691007341657
GSM2132949,GSE80672,blood,control,147.754,age_weeks,ridge,True,147.75428571428571,51.798458099365234,95.95582761492048
GSM2132950,GSE80672,blood,control,147.754,age_weeks,ridge,True,147.75428571428571,52.291481018066406,95.46280469621931
GSM2132951,GSE80672,blood,control,147.754,age_weeks,ridge,True,147.75428571428571,76.13522338867188,71.61906232561384
GSM2132952,GSE80672,blood,control,147.754,age_weeks,ridge,True,147.75428571428571,52.85239028930664,94.90189542497907
GSM2132953,GSE80672,blood,control,147.754,age_weeks,ridge,True,147.75428571428571,54.088294982910156,93.66599073137556
GSM2132954,GSE80672,blood,control,147.754,age_weeks,ridge,True,147.75428571428571,58.52947998046875,89.22480573381696
GSM2132955,GSE80672,blood,control,152.1,age_weeks,ridge,True,152.1,52.5233154296875,99.5766845703125
GSM2132956,GSE80672,blood,control,152.1,age_weeks,ridge,True,152.1,53.68448257446289,98.4155174255371
GSM2132957,GSE80672,blood,control,152.1,age_weeks,ridge,True,152.1,55.01716613769531,97.08283386230468
GSM2132958,GSE80672,blood,control,152.1,age_weeks,ridge,True,152.1,54.02284240722656,98.07715759277343
GSM2132959,GSE80672,blood,control,152.1,age_weeks,ridge,True,152.1,65.43553924560547,86.66446075439453
GSM2132960,GSE80672,blood,control,152.1,age_weeks,ridge,True,152.1,59.25980758666992,92.84019241333007
GSM2132961,GSE80672,fibroblast,control,10.864,age_weeks,ridge,True,10.864285714285714,69.79043579101562,-58.92615007672991
GSM2132962,GSE80672,fibroblast,control,10.864,age_weeks,ridge,True,10.864285714285714,68.34197998046875,-57.477694266183036
GSM2132963,GSE80672,fibroblast,control,10.864,age_weeks,ridge,True,10.864285714285714,68.8758544921875,-58.011568777901786
GSM2132964,GSE80672,fibroblast,control,10.864,age_weeks,ridge,True,10.864285714285714,68.60301208496094,-57.738726370675224
GSM2132965,GSE80672,fibroblast,control,10.864,age_weeks,ridge,True,10.864285714285714,68.5868148803711,-57.72252916608538
GSM2132966,GSE80672,fibroblast,control,10.864,age_weeks,ridge,True,10.864285714285714,69.35965728759766,-58.49537157331194
GSM2465615,GSE93957,brain_cortex,control,41.0,age_weeks,ridge,True,41.0,69.72832489013672,-28.72832489013672
GSM2465616,GSE93957,heart,control,41.0,age_weeks,ridge,True,41.0,67.54478454589844,-26.544784545898438
GSM2465617,GSE93957,liver,control,41.0,age_weeks,ridge,True,41.0,64.76138305664062,-23.761383056640625
GSM2465618,GSE93957,lung,control,41.0,age_weeks,ridge,True,41.0,64.45896911621094,-23.458969116210938
GSM2465619,GSE93957,brain_cortex,control,41.0,age_weeks,ridge,True,41.0,68.80493927001953,-27.80493927001953
GSM2465620,GSE93957,heart,control,41.0,age_weeks,ridge,True,41.0,67.29334259033203,-26.29334259033203
GSM2465621,GSE93957,liver,control,41.0,age_weeks,ridge,True,41.0,59.06663513183594,-18.066635131835938
GSM2465622,GSE93957,lung,control,41.0,age_weeks,ridge,True,41.0,66.66739654541016,-25.667396545410156
GSM2465623,GSE93957,brain_cortex,control,41.0,age_weeks,ridge,True,41.0,69.59597778320312,-28.595977783203125
GSM2465624,GSE93957,heart,control,41.0,age_weeks,ridge,True,41.0,67.79212188720703,-26.79212188720703
GSM2465625,GSE93957,liver,control,41.0,age_weeks,ridge,True,41.0,64.8736572265625,-23.8736572265625
GSM2465626,GSE93957,lung,control,41.0,age_weeks,ridge,True,41.0,64.023193359375,-23.023193359375
GSM2465627,GSE93957,brain_cortex,control,41.0,age_weeks,ridge,True,41.0,69.03720092773438,-28.037200927734375
GSM2465628,GSE93957,heart,control,41.0,age_weeks,ridge,True,41.0,67.45254516601562,-26.452545166015625
GSM2465629,GSE93957,liver,control,41.0,age_weeks,ridge,True,41.0,63.54582977294922,-22.54582977294922
GSM2465630,GSE93957,lung,control,41.0,age_weeks,ridge,True,41.0,65.82197570800781,-24.821975708007812
GSM2465631,GSE93957,brain_cortex,control,27.0,age_weeks,ridge,True,27.0,69.42530822753906,-42.42530822753906
GSM2465632,GSE93957,heart,control,27.0,age_weeks,ridge,True,27.0,71.13680267333984,-44.136802673339844
GSM2465633,GSE93957,liver,control,27.0,age_weeks,ridge,True,27.0,64.3906478881836,-37.390647888183594
GSM2465634,GSE93957,lung,control,27.0,age_weeks,ridge,True,27.0,63.122127532958984,-36.122127532958984
GSM2465635,GSE93957,brain_cortex,control,27.0,age_weeks,ridge,True,27.0,68.53398132324219,-41.53398132324219
GSM2465636,GSE93957,heart,control,27.0,age_weeks,ridge,True,27.0,66.49462890625,-39.49462890625
GSM2465637,GSE93957,liver,control,27.0,age_weeks,ridge,True,27.0,59.2550048828125,-32.2550048828125
GSM2465638,GSE93957,lung,control,27.0,age_weeks,ridge,True,27.0,65.53617095947266,-38.536170959472656
GSM2465639,GSE93957,brain_cortex,control,27.0,age_weeks,ridge,True,27.0,70.1822509765625,-43.1822509765625
GSM2465640,GSE93957,heart,control,27.0,age_weeks,ridge,True,27.0,68.37433624267578,-41.37433624267578
GSM2465641,GSE93957,liver,control,27.0,age_weeks,ridge,True,27.0,68.95893859863281,-41.95893859863281
GSM2465642,GSE93957,lung,control,27.0,age_weeks,ridge,True,27.0,64.50929260253906,-37.50929260253906
GSM2465643,GSE93957,brain_cortex,control,27.0,age_weeks,ridge,True,27.0,66.95407104492188,-39.954071044921875
GSM2465644,GSE93957,heart,control,27.0,age_weeks,ridge,True,27.0,67.2037582397461,-40.203758239746094
GSM2465645,GSE93957,liver,control,27.0,age_weeks,ridge,True,27.0,66.73802185058594,-39.73802185058594
GSM2465646,GSE93957,lung,control,27.0,age_weeks,ridge,True,27.0,65.1407699584961,-38.140769958496094
GSM2465647,GSE93957,brain_cortex,control,1.0,age_weeks,ridge,True,1.0,71.34080505371094,-70.34080505371094
GSM2465648,GSE93957,heart,control,1.0,age_weeks,ridge,True,1.0,70.59886169433594,-69.59886169433594
GSM2465649,GSE93957,liver,control,1.0,age_weeks,ridge,True,1.0,65.18905639648438,-64.18905639648438
GSM2465650,GSE93957,lung,control,1.0,age_weeks,ridge,True,1.0,64.50263977050781,-63.50263977050781
GSM2465651,GSE93957,brain_cortex,control,1.0,age_weeks,ridge,True,1.0,68.9365234375,-67.9365234375
GSM2465652,GSE93957,liver,control,1.0,age_weeks,ridge,True,1.0,66.16858673095703,-65.16858673095703
GSM2465653,GSE93957,lung,control,1.0,age_weeks,ridge,True,1.0,65.9343490600586,-64.9343490600586
GSM2465654,GSE93957,brain_cortex,control,1.0,age_weeks,ridge,True,1.0,71.04901123046875,-70.04901123046875
GSM2465655,GSE93957,heart,control,1.0,age_weeks,ridge,True,1.0,71.22517395019531,-70.22517395019531
GSM2465656,GSE93957,lung,control,1.0,age_weeks,ridge,True,1.0,66.0914077758789,-65.0914077758789
GSM2465657,GSE93957,brain_cortex,control,14.0,age_weeks,ridge,True,14.0,67.99024963378906,-53.99024963378906
GSM2465658,GSE93957,heart,control,14.0,age_weeks,ridge,True,14.0,68.60054016113281,-54.60054016113281
GSM2465659,GSE93957,liver,control,14.0,age_weeks,ridge,True,14.0,67.3320083618164,-53.332008361816406
GSM2465660,GSE93957,lung,control,14.0,age_weeks,ridge,True,14.0,64.55883026123047,-50.55883026123047
GSM2465661,GSE93957,brain_cortex,control,14.0,age_weeks,ridge,True,14.0,68.81698608398438,-54.816986083984375
GSM2465662,GSE93957,heart,control,14.0,age_weeks,ridge,True,14.0,69.10502624511719,-55.10502624511719
GSM2465663,GSE93957,liver,control,14.0,age_weeks,ridge,True,14.0,64.36053466796875,-50.36053466796875
GSM2465664,GSE93957,lung,control,14.0,age_weeks,ridge,True,14.0,65.29310607910156,-51.29310607910156
GSM2465665,GSE93957,brain_cortex,control,1.0,age_weeks,ridge,True,1.0,69.59137725830078,-68.59137725830078
GSM2465666,GSE93957,heart,control,1.0,age_weeks,ridge,True,1.0,69.76873016357422,-68.76873016357422
GSM2465667,GSE93957,liver,control,1.0,age_weeks,ridge,True,1.0,64.9803237915039,-63.980323791503906
GSM2465668,GSE93957,lung,control,1.0,age_weeks,ridge,True,1.0,67.11222839355469,-66.11222839355469
GSM2465669,GSE93957,brain_cortex,control,27.0,age_weeks,ridge,True,27.0,67.4687271118164,-40.468727111816406
GSM2465670,GSE93957,heart,control,27.0,age_weeks,ridge,True,27.0,68.51256561279297,-41.51256561279297
GSM2465671,GSE93957,liver,control,27.0,age_weeks,ridge,True,27.0,66.74330139160156,-39.74330139160156
GSM2465672,GSE93957,lung,control,27.0,age_weeks,ridge,True,27.0,63.46767807006836,-36.46767807006836
GSM2465673,GSE93957,brain_cortex,control,14.0,age_weeks,ridge,True,14.0,67.43873596191406,-53.43873596191406
GSM2465674,GSE93957,heart,control,14.0,age_weeks,ridge,True,14.0,68.3119125366211,-54.311912536621094
GSM2465675,GSE93957,liver,control,14.0,age_weeks,ridge,True,14.0,62.50273513793945,-48.50273513793945
GSM2465676,GSE93957,lung,control,14.0,age_weeks,ridge,True,14.0,63.43502426147461,-49.43502426147461
GSM3426754,GSE121141,brain_cortex,control,26.074,age_weeks,ridge,True,26.074285714285715,69.65042114257812,-43.57613542829241
GSM3426755,GSE121141,brain_cortex,control,26.074,age_weeks,ridge,True,26.074285714285715,67.08306884765625,-41.008783133370535
GSM3426756,GSE121141,brain_cortex,control,26.074,age_weeks,ridge,True,26.074285714285715,64.22102355957031,-38.1467378452846
GSM3426757,GSE121141,brain_cortex,control,26.074,age_weeks,ridge,True,26.074285714285715,72.28968811035156,-46.21540239606585
GSM3426758,GSE121141,brain_cortex,control,26.074,age_weeks,ridge,True,26.074285714285715,65.177978515625,-39.103692801339285
GSM3426759,GSE121141,brain_cortex,control,52.149,age_weeks,ridge,True,52.14857142857143,68.21266174316406,-16.064090314592633
GSM3426760,GSE121141,brain_cortex,control,52.149,age_weeks,ridge,True,52.14857142857143,65.00297546386719,-12.854404035295758
GSM3426761,GSE121141,brain_cortex,control,52.149,age_weeks,ridge,True,52.14857142857143,75.63385009765625,-23.48527866908482
GSM3426762,GSE121141,brain_cortex,control,52.149,age_weeks,ridge,True,52.14857142857143,65.87893676757812,-13.730365339006696
GSM3426763,GSE121141,brain_cortex,control,52.149,age_weeks,ridge,True,52.14857142857143,66.80581665039062,-14.657245221819196
GSM3426764,GSE121141,brain_cortex,control,86.914,age_weeks,ridge,True,86.91428571428571,88.99332427978516,-2.079038565499445
GSM3426765,GSE121141,brain_cortex,control,86.914,age_weeks,ridge,True,86.91428571428571,66.63221740722656,20.28206830705915
GSM3426766,GSE121141,brain_cortex,control,86.914,age_weeks,ridge,True,86.91428571428571,65.97730255126953,20.93698316301618
GSM3426767,GSE121141,brain_cortex,control,86.914,age_weeks,ridge,True,86.91428571428571,69.37351989746094,17.540765816824774
GSM3426768,GSE121141,brain_cortex,control,86.914,age_weeks,ridge,True,86.91428571428571,68.15599060058594,18.758295113699774
GSM3426769,GSE121141,brain_cortex,control,130.371,age_weeks,ridge,True,130.37142857142857,66.38932037353516,63.98210819789341
GSM3426770,GSE121141,brain_cortex,control,130.371,age_weeks,ridge,True,130.37142857142857,72.02356719970703,58.347861371721535
GSM3426771,GSE121141,brain_cortex,control,130.371,age_weeks,ridge,True,130.37142857142857,169.70462036132812,-39.33319178989956
GSM3426772,GSE121141,brain_cortex,control,130.371,age_weeks,ridge,True,130.37142857142857,64.49536895751953,65.87605961390904
GSM3426773,GSE121141,brain_cortex,control,130.371,age_weeks,ridge,True,130.37142857142857,67.45403289794922,62.91739567347935
GSM3426774,GSE121141,heart,control,26.074,age_weeks,ridge,True,26.074285714285715,71.8556900024414,-45.78140428815569
GSM3426775,GSE121141,heart,control,26.074,age_weeks,ridge,True,26.074285714285715,168.05784606933594,-141.98356035505023
GSM3426776,GSE121141,heart,control,26.074,age_weeks,ridge,True,26.074285714285715,63.57589340209961,-37.501607687813895
GSM3426777,GSE121141,heart,control,26.074,age_weeks,ridge,True,26.074285714285715,60.26024627685547,-34.185960562569754
GSM3426778,GSE121141,heart,control,26.074,age_weeks,ridge,True,26.074285714285715,66.76685333251953,-40.69256761823382
GSM3426779,GSE121141,heart,control,43.457,age_weeks,ridge,True,43.457142857142856,67.32315063476562,-23.86600777762277
GSM3426780,GSE121141,heart,control,52.149,age_weeks,ridge,True,52.14857142857143,71.85852813720703,-19.709956708635602
GSM3426781,GSE121141,heart,control,52.149,age_weeks,ridge,True,52.14857142857143,68.1544189453125,-16.00584751674107
GSM3426782,GSE121141,heart,control,52.149,age_weeks,ridge,True,52.14857142857143,63.578983306884766,-11.430411878313336
GSM3426783,GSE121141,heart,control,52.149,age_weeks,ridge,True,52.14857142857143,65.17388153076172,-13.02531010219029
GSM3426784,GSE121141,heart,control,52.149,age_weeks,ridge,True,52.14857142857143,66.72071075439453,-14.572139325823102
GSM3426785,GSE121141,heart,control,86.914,age_weeks,ridge,True,86.91428571428571,67.32225036621094,19.592035348074774
GSM3426786,GSE121141,heart,control,86.914,age_weeks,ridge,True,86.91428571428571,63.97686767578125,22.93741803850446
GSM3426787,GSE121141,heart,control,86.914,age_weeks,ridge,True,86.91428571428571,62.890464782714844,24.023820931570867
GSM3426788,GSE121141,heart,control,86.914,age_weeks,ridge,True,86.91428571428571,59.83435821533203,27.07992749895368
GSM3426789,GSE121141,heart,control,86.914,age_weeks,ridge,True,86.91428571428571,63.49449920654297,23.419786507742742
GSM3426790,GSE121141,heart,control,130.371,age_weeks,ridge,True,130.37142857142857,72.2022476196289,58.16918095179966
GSM3426791,GSE121141,heart,control,130.371,age_weeks,ridge,True,130.37142857142857,63.65827560424805,66.71315296718052
GSM3426792,GSE121141,heart,control,130.371,age_weeks,ridge,True,130.37142857142857,64.3309326171875,66.04049595424107
GSM3426793,GSE121141,heart,control,130.371,age_weeks,ridge,True,130.37142857142857,62.81192398071289,67.55950459071568
GSM3426794,GSE121141,heart,control,130.371,age_weeks,ridge,True,130.37142857142857,63.693138122558594,66.67829044886997
GSM3426795,GSE121141,liver,control,26.074,age_weeks,ridge,True,26.074285714285715,112.90145874023438,-86.82717302594867
GSM3426796,GSE121141,liver,control,26.074,age_weeks,ridge,True,26.074285714285715,62.70092010498047,-36.626634390694754
GSM3426797,GSE121141,liver,control,26.074,age_weeks,ridge,True,26.074285714285715,63.30474853515625,-37.230462820870535
GSM3426798,GSE121141,liver,control,26.074,age_weeks,ridge,True,26.074285714285715,61.237831115722656,-35.16354540143694
GSM3426799,GSE121141,liver,control,26.074,age_weeks,ridge,True,26.074285714285715,59.32823181152344,-33.25394609723772
GSM3426800,GSE121141,liver,control,43.457,age_weeks,ridge,True,43.457142857142856,67.27557373046875,-23.818430873325894
GSM3426801,GSE121141,liver,control,52.149,age_weeks,ridge,True,52.14857142857143,62.71528625488281,-10.566714826311383
GSM3426802,GSE121141,liver,control,52.149,age_weeks,ridge,True,52.14857142857143,63.748016357421875,-11.599444928850446
GSM3426803,GSE121141,liver,control,52.149,age_weeks,ridge,True,52.14857142857143,162.962646484375,-110.81407505580357
GSM3426804,GSE121141,liver,control,52.149,age_weeks,ridge,True,52.14857142857143,59.744529724121094,-7.595958295549664
GSM3426805,GSE121141,liver,control,52.149,age_weeks,ridge,True,52.14857142857143,70.81459045410156,-18.666019025530133
GSM3426806,GSE121141,liver,control,86.914,age_weeks,ridge,True,86.91428571428571,62.01400375366211,24.9002819606236
GSM3426807,GSE121141,liver,control,86.914,age_weeks,ridge,True,86.91428571428571,68.74301147460938,18.171274239676336
GSM3426808,GSE121141,liver,control,86.914,age_weeks,ridge,True,86.91428571428571,61.13050842285156,25.78377729143415
GSM3426809,GSE121141,liver,control,86.914,age_weeks,ridge,True,86.91428571428571,61.326534271240234,25.587751443045477
GSM3426810,GSE121141,liver,control,86.914,age_weeks,ridge,True,86.91428571428571,63.07839584350586,23.83588987077985
GSM3426811,GSE121141,liver,control,130.371,age_weeks,ridge,True,130.37142857142857,63.22697448730469,67.14445408412388
GSM3426812,GSE121141,liver,control,130.371,age_weeks,ridge,True,130.37142857142857,64.48810577392578,65.88332279750279
GSM3426813,GSE121141,liver,control,130.371,age_weeks,ridge,True,130.37142857142857,68.10836029052734,62.26306828090122
GSM3426814,GSE121141,liver,control,130.371,age_weeks,ridge,True,130.37142857142857,64.22660827636719,66.14482029506138
GSM3426815,GSE121141,lung,control,26.074,age_weeks,ridge,True,26.074285714285715,154.95069885253906,-128.87641313825335
GSM3426816,GSE121141,lung,control,26.074,age_weeks,ridge,True,26.074285714285715,65.6089096069336,-39.53462389264788
GSM3426817,GSE121141,lung,control,26.074,age_weeks,ridge,True,26.074285714285715,61.99738693237305,-35.92310121808733
GSM3426818,GSE121141,lung,control,26.074,age_weeks,ridge,True,26.074285714285715,60.308082580566406,-34.23379686628069
GSM3426819,GSE121141,lung,control,26.074,age_weeks,ridge,True,26.074285714285715,61.685707092285156,-35.61142137799944
GSM3426820,GSE121141,lung,control,52.149,age_weeks,ridge,True,52.14857142857143,156.720703125,-104.57213169642857
GSM3426821,GSE121141,lung,control,52.149,age_weeks,ridge,True,52.14857142857143,63.3641471862793,-11.215575757707867
GSM3426822,GSE121141,lung,control,52.149,age_weeks,ridge,True,52.14857142857143,62.27970886230469,-10.131137433733258
GSM3426823,GSE121141,lung,control,52.149,age_weeks,ridge,True,52.14857142857143,61.2586669921875,-9.11009556361607
GSM3426824,GSE121141,lung,control,52.149,age_weeks,ridge,True,52.14857142857143,61.822349548339844,-9.673778119768414
GSM3426825,GSE121141,lung,control,86.914,age_weeks,ridge,True,86.91428571428571,60.359073638916016,26.555212075369695
GSM3426826,GSE121141,lung,control,86.914,age_weeks,ridge,True,86.91428571428571,60.22265625,26.69162946428571
GSM3426827,GSE121141,lung,control,86.914,age_weeks,ridge,True,86.91428571428571,59.73890686035156,27.17537885393415
GSM3426828,GSE121141,lung,control,86.914,age_weeks,ridge,True,86.91428571428571,63.14962387084961,23.7646618434361
GSM3426829,GSE121141,lung,control,86.914,age_weeks,ridge,True,86.91428571428571,61.59590530395508,25.318380410330633
GSM3426830,GSE121141,lung,control,130.371,age_weeks,ridge,True,130.37142857142857,153.17724609375,-22.805817522321433
GSM3426831,GSE121141,lung,control,130.371,age_weeks,ridge,True,130.37142857142857,58.05989074707031,72.31153782435825
GSM3426832,GSE121141,lung,control,130.371,age_weeks,ridge,True,130.37142857142857,62.9212646484375,67.45016392299107
GSM3426833,GSE121141,lung,control,130.371,age_weeks,ridge,True,130.37142857142857,58.78058624267578,71.59084232875279
GSM3426834,GSE121141,lung,control,130.371,age_weeks,ridge,True,130.37142857142857,62.61527633666992,67.75615223475864
GSE60012_tile_001,GSE60012,liver,control,3.0,age_weeks,ridge,True,3.0,52.31410217285156,-49.31410217285156
GSE60012_tile_002,GSE60012,liver,control,8.0,age_weeks,ridge,True,8.0,53.28376007080078,-45.28376007080078
GSE60012_tile_003,GSE60012,liver,control,8.0,age_weeks,ridge,True,8.0,55.67910385131836,-47.67910385131836
GSE60012_tile_004,GSE60012,liver,control,8.0,age_weeks,ridge,True,8.0,53.998165130615234,-45.998165130615234
GSE60012_tile_005,GSE60012,liver,control,8.0,age_weeks,ridge,True,8.0,53.17454147338867,-45.17454147338867
GSE60012_tile_006,GSE60012,liver,control,8.0,age_weeks,ridge,True,8.0,53.240074157714844,-45.240074157714844
GSE60012_tile_007,GSE60012,liver,control,8.0,age_weeks,ridge,True,8.0,52.403011322021484,-44.403011322021484
GSE60012_tile_008,GSE60012,liver,control,8.0,age_weeks,ridge,True,8.0,53.727882385253906,-45.727882385253906
GSE60012_tile_009,GSE60012,liver,control,8.0,age_weeks,ridge,True,8.0,54.65901184082031,-46.65901184082031
GSE60012_tile_010,GSE60012,liver,control,8.0,age_weeks,ridge,True,8.0,53.534732818603516,-45.534732818603516
GSE60012_tile_011,GSE60012,liver,control,8.0,age_weeks,ridge,True,8.0,53.220924377441406,-45.220924377441406
GSE60012_tile_012,GSE60012,liver,other_intervention,28.0,age_weeks,ridge,True,28.0,54.177486419677734,-26.177486419677734
GSE60012_tile_013,GSE60012,liver,other_intervention,28.0,age_weeks,ridge,True,28.0,51.34394454956055,-23.343944549560547
GSE60012_tile_014,GSE60012,liver,other_intervention,28.0,age_weeks,ridge,True,28.0,51.01591873168945,-23.015918731689453
GSE60012_tile_015,GSE60012,liver,other_intervention,28.0,age_weeks,ridge,True,28.0,48.60151290893555,-20.601512908935547
GSE60012_tile_016,GSE60012,liver,other_intervention,28.0,age_weeks,ridge,True,28.0,46.91569900512695,-18.915699005126953
GSE60012_tile_017,GSE60012,liver,other_intervention,28.0,age_weeks,ridge,True,28.0,52.764827728271484,-24.764827728271484
GSE60012_tile_018,GSE60012,liver,other_intervention,28.0,age_weeks,ridge,True,28.0,49.57685470581055,-21.576854705810547
GSE60012_tile_019,GSE60012,liver,other_intervention,28.0,age_weeks,ridge,True,28.0,49.16424560546875,-21.16424560546875
GSE60012_tile_020,GSE60012,liver,other_intervention,28.0,age_weeks,ridge,True,28.0,50.41109848022461,-22.41109848022461
GSE60012_tile_021,GSE60012,liver,other_intervention,28.0,age_weeks,ridge,True,28.0,48.79493713378906,-20.794937133789062
GSE60012_tile_022,GSE60012,liver,other_intervention,28.0,age_weeks,ridge,True,28.0,46.735965728759766,-18.735965728759766
GSE60012_tile_023,GSE60012,liver,other_intervention,20.0,age_weeks,ridge,True,20.0,54.236026763916016,-34.236026763916016
GSE60012_tile_024,GSE60012,muscle,other_intervention,20.0,age_weeks,ridge,True,20.0,48.97599792480469,-28.975997924804688
GSE60012_tile_025,GSE60012,liver,other_intervention,20.0,age_weeks,ridge,True,20.0,53.41412353515625,-33.41412353515625
GSE60012_tile_026,GSE60012,muscle,other_intervention,20.0,age_weeks,ridge,True,20.0,49.980247497558594,-29.980247497558594
GSE60012_tile_027,GSE60012,liver,other_intervention,20.0,age_weeks,ridge,True,20.0,53.800289154052734,-33.800289154052734
GSE60012_tile_028,GSE60012,muscle,other_intervention,20.0,age_weeks,ridge,True,20.0,49.70153045654297,-29.70153045654297
GSE60012_tile_029,GSE60012,liver,other_intervention,20.0,age_weeks,ridge,True,20.0,54.06230163574219,-34.06230163574219
GSE60012_tile_030,GSE60012,muscle,other_intervention,20.0,age_weeks,ridge,True,20.0,50.03667449951172,-30.03667449951172
GSE60012_tile_031,GSE60012,liver,other_intervention,20.0,age_weeks,ridge,True,20.0,53.328067779541016,-33.328067779541016
GSE60012_tile_032,GSE60012,muscle,other_intervention,20.0,age_weeks,ridge,True,20.0,49.73612976074219,-29.736129760742188
GSE60012_tile_033,GSE60012,liver,other_intervention,20.0,age_weeks,ridge,True,20.0,51.57073974609375,-31.57073974609375
GSE60012_tile_034,GSE60012,muscle,other_intervention,20.0,age_weeks,ridge,True,20.0,49.42982864379883,-29.429828643798828
GSE60012_tile_035,GSE60012,liver,other_intervention,20.0,age_weeks,ridge,True,20.0,55.25828552246094,-35.25828552246094
GSE60012_tile_036,GSE60012,muscle,other_intervention,20.0,age_weeks,ridge,True,20.0,50.2024040222168,-30.202404022216797
GSE60012_tile_037,GSE60012,liver,other_intervention,20.0,age_weeks,ridge,True,20.0,54.802513122558594,-34.802513122558594
GSE60012_tile_038,GSE60012,muscle,other_intervention,20.0,age_weeks,ridge,True,20.0,49.52692794799805,-29.526927947998047
GSE60012_tile_039,GSE60012,liver,other_intervention,20.0,age_weeks,ridge,True,20.0,53.77426528930664,-33.77426528930664
GSE60012_tile_040,GSE60012,muscle,other_intervention,20.0,age_weeks,ridge,True,20.0,49.800724029541016,-29.800724029541016
GSE60012_tile_041,GSE60012,liver,other_intervention,20.0,age_weeks,ridge,True,20.0,53.83952713012695,-33.83952713012695
GSE60012_tile_042,GSE60012,liver,other_intervention,20.0,age_weeks,ridge,True,20.0,50.163028717041016,-30.163028717041016
GSE60012_tile_043,GSE60012,liver,other_intervention,20.0,age_weeks,ridge,True,20.0,50.587371826171875,-30.587371826171875
GSE60012_tile_044,GSE60012,liver,other_intervention,20.0,age_weeks,ridge,True,20.0,54.4287109375,-34.4287109375
GSE60012_tile_045,GSE60012,liver,other_intervention,20.0,age_weeks,ridge,True,20.0,53.98834228515625,-33.98834228515625
GSE60012_tile_046,GSE60012,liver,other_intervention,20.0,age_weeks,ridge,True,20.0,54.4835319519043,-34.4835319519043
GSE60012_tile_047,GSE60012,liver,other_intervention,20.0,age_weeks,ridge,True,20.0,52.5462532043457,-32.5462532043457
GSE60012_tile_048,GSE60012,liver,other_intervention,20.0,age_weeks,ridge,True,20.0,55.03338623046875,-35.03338623046875
GSE60012_tile_049,GSE60012,liver,other_intervention,20.0,age_weeks,ridge,True,20.0,51.76126480102539,-31.76126480102539
GSE60012_tile_050,GSE60012,liver,other_intervention,20.0,age_weeks,ridge,True,20.0,55.4024772644043,-35.4024772644043
GSE60012_tile_051,GSE60012,liver,other_intervention,20.0,age_weeks,ridge,True,20.0,54.63689041137695,-34.63689041137695
GSE60012_tile_052,GSE60012,liver,other_intervention,20.0,age_weeks,ridge,True,20.0,53.9683723449707,-33.9683723449707
GSE60012_tile_053,GSE60012,liver,other_intervention,20.0,age_weeks,ridge,True,20.0,53.34969711303711,-33.34969711303711
GSE60012_tile_054,GSE60012,liver,other_intervention,20.0,age_weeks,ridge,True,20.0,53.15808868408203,-33.15808868408203
GSE60012_tile_055,GSE60012,liver,other_intervention,20.0,age_weeks,ridge,True,20.0,54.34827423095703,-34.34827423095703
GSE60012_tile_056,GSE60012,liver,other_intervention,20.0,age_weeks,ridge,True,20.0,53.84828186035156,-33.84828186035156
GSE60012_tile_057,GSE60012,liver,other_intervention,20.0,age_weeks,ridge,True,20.0,53.44368362426758,-33.44368362426758
GSE60012_tile_058,GSE60012,liver,other_intervention,20.0,age_weeks,ridge,True,20.0,53.6251106262207,-33.6251106262207
GSE60012_tile_059,GSE60012,liver,other_intervention,20.0,age_weeks,ridge,True,20.0,52.20732116699219,-32.20732116699219
GSE60012_tile_060,GSE60012,liver,other_intervention,20.0,age_weeks,ridge,True,20.0,46.33930969238281,-26.339309692382812
GSE60012_tile_061,GSE60012,liver,other_intervention,20.0,age_weeks,ridge,True,20.0,43.342628479003906,-23.342628479003906
GSE60012_tile_062,GSE60012,liver,other_intervention,20.0,age_weeks,ridge,True,20.0,53.21299362182617,-33.21299362182617
GSE60012_tile_063,GSE60012,liver,other_intervention,20.0,age_weeks,ridge,True,20.0,53.837806701660156,-33.837806701660156
GSE60012_tile_064,GSE60012,liver,other_intervention,28.0,age_weeks,ridge,True,28.0,50.801998138427734,-22.801998138427734
GSE60012_tile_065,GSE60012,liver,other_intervention,28.0,age_weeks,ridge,True,28.0,53.889060974121094,-25.889060974121094
GSE60012_tile_066,GSE60012,liver,other_intervention,20.0,age_weeks,ridge,True,20.0,53.3953857421875,-33.3953857421875
GSE60012_tile_067,GSE60012,liver,other_intervention,28.0,age_weeks,ridge,True,28.0,53.15570068359375,-25.15570068359375
GSE60012_tile_068,GSE60012,liver,other_intervention,28.0,age_weeks,ridge,True,28.0,53.56046676635742,-25.560466766357422
GSE60012_tile_069,GSE60012,brain_cerebellum,control,20.0,age_weeks,ridge,True,20.0,46.724822998046875,-26.724822998046875
GSE60012_tile_070,GSE60012,liver,control,20.0,age_weeks,ridge,True,20.0,54.59866714477539,-34.59866714477539
GSE60012_tile_071,GSE60012,brain_cerebellum,control,20.0,age_weeks,ridge,True,20.0,49.41276550292969,-29.412765502929688
GSE60012_tile_072,GSE60012,liver,control,20.0,age_weeks,ridge,True,20.0,53.86022186279297,-33.86022186279297
GSE60012_tile_073,GSE60012,brain_cerebellum,control,20.0,age_weeks,ridge,True,20.0,51.12352752685547,-31.12352752685547
GSE60012_tile_074,GSE60012,liver,control,20.0,age_weeks,ridge,True,20.0,53.1485710144043,-33.1485710144043
GSE60012_tile_075,GSE60012,brain_cerebellum,control,20.0,age_weeks,ridge,True,20.0,47.840328216552734,-27.840328216552734
GSE60012_tile_076,GSE60012,liver,control,20.0,age_weeks,ridge,True,20.0,53.68832015991211,-33.68832015991211
GSE60012_tile_077,GSE60012,liver,control,20.0,age_weeks,ridge,True,20.0,52.63702392578125,-32.63702392578125
GSE60012_tile_078,GSE60012,liver,control,20.0,age_weeks,ridge,True,20.0,52.83041000366211,-32.83041000366211
GSE60012_tile_079,GSE60012,liver,control,20.0,age_weeks,ridge,True,20.0,52.345184326171875,-32.345184326171875
GSE60012_tile_081,GSE60012,liver,control,20.0,age_weeks,ridge,True,20.0,52.70611572265625,-32.70611572265625
GSE60012_tile_082,GSE60012,liver,control,20.0,age_weeks,ridge,True,20.0,52.87308120727539,-32.87308120727539
GSE60012_tile_083,GSE60012,liver,control,20.0,age_weeks,ridge,True,20.0,55.29494857788086,-35.29494857788086
GSE60012_tile_084,GSE60012,liver,control,20.0,age_weeks,ridge,True,20.0,51.05556869506836,-31.05556869506836
GSE60012_tile_085,GSE60012,liver,control,20.0,age_weeks,ridge,True,20.0,49.96487045288086,-29.96487045288086
GSE60012_tile_086,GSE60012,spleen,control,20.0,age_weeks,ridge,True,20.0,43.56605911254883,-23.566059112548828
GSE60012_tile_087,GSE60012,liver,control,20.0,age_weeks,ridge,True,20.0,52.85260009765625,-32.85260009765625
GSE60012_tile_088,GSE60012,liver,control,20.0,age_weeks,ridge,True,20.0,54.08843994140625,-34.08843994140625
GSE60012_tile_089,GSE60012,spleen,control,20.0,age_weeks,ridge,True,20.0,43.855628967285156,-23.855628967285156
GSE60012_tile_090,GSE60012,spleen,control,20.0,age_weeks,ridge,True,20.0,39.73401641845703,-19.73401641845703
GSE60012_tile_091,GSE60012,spleen,control,20.0,age_weeks,ridge,True,20.0,46.56961441040039,-26.56961441040039
GSE60012_tile_092,GSE60012,spleen,control,20.0,age_weeks,ridge,True,20.0,47.030250549316406,-27.030250549316406
GSE60012_tile_093,GSE60012,spleen,control,20.0,age_weeks,ridge,True,20.0,46.30116271972656,-26.301162719726562
GSE60012_tile_094,GSE60012,liver,control,20.0,age_weeks,ridge,True,20.0,45.49113845825195,-25.491138458251953
GSE60012_tile_095,GSE60012,spleen,control,20.0,age_weeks,ridge,True,20.0,46.0313606262207,-26.031360626220703
GSE60012_tile_096,GSE60012,spleen,control,20.0,age_weeks,ridge,True,20.0,43.22135543823242,-23.221355438232422
GSE60012_tile_097,GSE60012,liver,control,1.0,age_weeks,ridge,True,1.0,51.71241760253906,-50.71241760253906
GSE60012_tile_098,GSE60012,liver,control,1.0,age_weeks,ridge,True,1.0,52.49616241455078,-51.49616241455078
GSE60012_tile_099,GSE60012,liver,control,1.0,age_weeks,ridge,True,1.0,51.17763137817383,-50.17763137817383
GSE60012_tile_100,GSE60012,liver,control,1.0,age_weeks,ridge,True,1.0,48.323036193847656,-47.323036193847656
GSE60012_tile_101,GSE60012,liver,control,1.0,age_weeks,ridge,True,1.0,50.65413284301758,-49.65413284301758
GSE60012_tile_102,GSE60012,liver,control,1.0,age_weeks,ridge,True,1.0,49.9344596862793,-48.9344596862793
GSE60012_tile_103,GSE60012,liver,control,1.0,age_weeks,ridge,True,1.0,51.07640838623047,-50.07640838623047
GSE60012_tile_104,GSE60012,liver,control,1.0,age_weeks,ridge,True,1.0,50.33689880371094,-49.33689880371094
GSE60012_tile_105,GSE60012,liver,control,1.0,age_weeks,ridge,True,1.0,49.61140060424805,-48.61140060424805
GSE60012_tile_106,GSE60012,liver,control,1.0,age_weeks,ridge,True,1.0,50.894351959228516,-49.894351959228516
GSE60012_tile_107,GSE60012,liver,control,3.0,age_weeks,ridge,True,3.0,53.254249572753906,-50.254249572753906
GSE60012_tile_108,GSE60012,liver,control,3.0,age_weeks,ridge,True,3.0,54.17491912841797,-51.17491912841797
GSE60012_tile_109,GSE60012,liver,control,3.0,age_weeks,ridge,True,3.0,53.28123092651367,-50.28123092651367
GSE60012_tile_110,GSE60012,liver,control,3.0,age_weeks,ridge,True,3.0,52.57973861694336,-49.57973861694336
GSE60012_tile_111,GSE60012,liver,control,3.0,age_weeks,ridge,True,3.0,54.423404693603516,-51.423404693603516
GSE60012_tile_112,GSE60012,liver,control,3.0,age_weeks,ridge,True,3.0,50.76968765258789,-47.76968765258789
GSE60012_tile_113,GSE60012,liver,control,3.0,age_weeks,ridge,True,3.0,54.25817108154297,-51.25817108154297
GSE60012_tile_114,GSE60012,liver,control,3.0,age_weeks,ridge,True,3.0,52.22229766845703,-49.22229766845703
GSE60012_tile_115,GSE60012,spleen,control,1.0,age_weeks,ridge,True,1.0,49.45982360839844,-48.45982360839844
GSE60012_tile_116,GSE60012,liver,other_intervention,31.0,age_weeks,ridge,True,31.0,47.40447998046875,-16.40447998046875
GSE60012_tile_117,GSE60012,liver,other_intervention,31.0,age_weeks,ridge,True,31.0,50.77174758911133,-19.771747589111328
GSE60012_tile_118,GSE60012,liver,other_intervention,31.0,age_weeks,ridge,True,31.0,46.669918060302734,-15.669918060302734
GSE60012_tile_119,GSE60012,liver,other_intervention,31.0,age_weeks,ridge,True,31.0,48.26448440551758,-17.264484405517578
GSE60012_tile_120,GSE60012,liver,control,20.0,age_weeks,ridge,True,20.0,51.461219787597656,-31.461219787597656
GSE60012_tile_121,GSE60012,liver,control,20.0,age_weeks,ridge,True,20.0,52.15963363647461,-32.15963363647461
GSE60012_tile_122,GSE60012,liver,control,20.0,age_weeks,ridge,True,20.0,51.8952751159668,-31.895275115966797
GSE60012_tile_123,GSE60012,liver,control,20.0,age_weeks,ridge,True,20.0,51.207923889160156,-31.207923889160156
GSE60012_tile_124,GSE60012,muscle,control,3.0,age_weeks,ridge,True,3.0,47.451412200927734,-44.451412200927734
GSE60012_tile_125,GSE60012,muscle,control,3.0,age_weeks,ridge,True,3.0,50.4847297668457,-47.4847297668457
GSE60012_tile_126,GSE60012,muscle,control,20.0,age_weeks,ridge,True,20.0,48.7422981262207,-28.742298126220703
GSE60012_tile_127,GSE60012,muscle,control,20.0,age_weeks,ridge,True,20.0,46.218135833740234,-26.218135833740234
GSE60012_tile_128,GSE60012,muscle,control,20.0,age_weeks,ridge,True,20.0,49.95887756347656,-29.958877563476562
GSE60012_tile_129,GSE60012,muscle,control,20.0,age_weeks,ridge,True,20.0,47.198177337646484,-27.198177337646484
GSE60012_tile_130,GSE60012,muscle,control,20.0,age_weeks,ridge,True,20.0,48.9715576171875,-28.9715576171875
GSE60012_tile_131,GSE60012,muscle,control,20.0,age_weeks,ridge,True,20.0,48.856815338134766,-28.856815338134766
GSE60012_tile_132,GSE60012,muscle,control,20.0,age_weeks,ridge,True,20.0,49.47392272949219,-29.473922729492188
GSE60012_tile_133,GSE60012,muscle,control,20.0,age_weeks,ridge,True,20.0,49.87129211425781,-29.871292114257812
GSE60012_tile_134,GSE60012,muscle,control,20.0,age_weeks,ridge,True,20.0,49.382240295410156,-29.382240295410156
GSE60012_tile_135,GSE60012,muscle,control,20.0,age_weeks,ridge,True,20.0,51.0660514831543,-31.066051483154297
GSE60012_tile_136,GSE60012,muscle,control,20.0,age_weeks,ridge,True,20.0,49.31730651855469,-29.317306518554688
GSE60012_tile_137,GSE60012,muscle,control,20.0,age_weeks,ridge,True,20.0,49.53499221801758,-29.534992218017578
GSE60012_tile_138,GSE60012,muscle,control,20.0,age_weeks,ridge,True,20.0,48.91944885253906,-28.919448852539062
GSE60012_tile_139,GSE60012,muscle,control,20.0,age_weeks,ridge,True,20.0,49.84669876098633,-29.846698760986328
GSE60012_tile_140,GSE60012,muscle,control,20.0,age_weeks,ridge,True,20.0,49.07077407836914,-29.07077407836914
GSE60012_tile_141,GSE60012,muscle,control,3.0,age_weeks,ridge,True,3.0,49.660396575927734,-46.660396575927734
GSE60012_tile_142,GSE60012,muscle,control,3.0,age_weeks,ridge,True,3.0,45.16135787963867,-42.16135787963867
GSE60012_tile_143,GSE60012,muscle,control,3.0,age_weeks,ridge,True,3.0,43.48261642456055,-40.48261642456055
GSE60012_tile_144,GSE60012,muscle,control,3.0,age_weeks,ridge,True,3.0,48.745460510253906,-45.745460510253906
GSE60012_tile_145,GSE60012,muscle,control,3.0,age_weeks,ridge,True,3.0,43.97653579711914,-40.97653579711914
GSE60012_tile_146,GSE60012,muscle,control,3.0,age_weeks,ridge,True,3.0,48.07057189941406,-45.07057189941406
GSE60012_tile_147,GSE60012,muscle,control,3.0,age_weeks,ridge,True,3.0,48.50250244140625,-45.50250244140625
GSE60012_tile_148,GSE60012,muscle,control,3.0,age_weeks,ridge,True,3.0,50.64451599121094,-47.64451599121094
GSE60012_tile_149,GSE60012,brain_cerebellum,control,1.0,age_weeks,ridge,True,1.0,48.435394287109375,-47.435394287109375
GSE60012_tile_150,GSE60012,brain_cerebellum,control,20.0,age_weeks,ridge,True,20.0,47.42299270629883,-27.422992706298828
GSE60012_tile_151,GSE60012,brain_cerebellum,control,20.0,age_weeks,ridge,True,20.0,45.73179626464844,-25.731796264648438
GSE60012_tile_152,GSE60012,brain_cerebellum,control,1.0,age_weeks,ridge,True,1.0,48.552040100097656,-47.552040100097656
GSE60012_tile_153,GSE60012,spleen,control,1.0,age_weeks,ridge,True,1.0,48.24208068847656,-47.24208068847656
GSM6590383,GSE213628,intestine,control,17.383,age_weeks,ridge,True,17.383,34.78135299682617,-17.398352996826173
GSM6590384,GSE213628,intestine,control,17.383,age_weeks,ridge,True,17.383,50.09193801879883,-32.70893801879883
GSM6590385,GSE213628,intestine,control,17.383,age_weeks,ridge,True,17.383,47.360321044921875,-29.977321044921876
GSM6590386,GSE213628,intestine,control,17.383,age_weeks,ridge,True,17.383,48.39445877075195,-31.011458770751954
GSM6590387,GSE213628,intestine,control,17.383,age_weeks,ridge,True,17.383,47.953468322753906,-30.570468322753907
GSM6590388,GSE213628,intestine,control,17.383,age_weeks,ridge,True,17.383,44.972190856933594,-27.589190856933595
GSM6590389,GSE213628,intestine,control,17.383,age_weeks,ridge,True,17.383,50.83067321777344,-33.44767321777344
GSM6590390,GSE213628,intestine,control,17.383,age_weeks,ridge,True,17.383,40.786231994628906,-23.403231994628907
GSM6590391,GSE213628,intestine,control,17.383,age_weeks,ridge,True,17.383,48.35260009765625,-30.96960009765625
GSM6590392,GSE213628,intestine,control,17.383,age_weeks,ridge,True,17.383,39.89436721801758,-22.51136721801758
GSM6590393,GSE213628,intestine,control,17.383,age_weeks,ridge,True,17.383,53.76054382324219,-36.37754382324219
GSM6590394,GSE213628,intestine,control,17.383,age_weeks,ridge,True,17.383,41.2900276184082,-23.907027618408204
GSM6590395,GSE213628,intestine,control,52.149,age_weeks,ridge,True,52.149,37.467369079589844,14.681630920410157
GSM6590396,GSE213628,intestine,control,52.149,age_weeks,ridge,True,52.149,46.59407043457031,5.554929565429688
GSM6590397,GSE213628,intestine,control,52.149,age_weeks,ridge,True,52.149,45.50965118408203,6.63934881591797
GSM6590398,GSE213628,intestine,control,52.149,age_weeks,ridge,True,52.149,45.820980072021484,6.3280199279785165
GSM6590399,GSE213628,intestine,control,52.149,age_weeks,ridge,True,52.149,39.56267547607422,12.586324523925782
GSM6590400,GSE213628,intestine,control,52.149,age_weeks,ridge,True,52.149,40.04188919067383,12.107110809326173
GSM6590401,GSE213628,intestine,control,52.149,age_weeks,ridge,True,52.149,44.316368103027344,7.832631896972657
GSM6590402,GSE213628,intestine,control,52.149,age_weeks,ridge,True,52.149,47.450965881347656,4.698034118652345
GSM6590403,GSE213628,intestine,control,78.223,age_weeks,ridge,True,78.223,47.516639709472656,30.706360290527343
GSM6590404,GSE213628,intestine,control,78.223,age_weeks,ridge,True,78.223,52.38838195800781,25.834618041992186
GSM6590405,GSE213628,intestine,control,78.223,age_weeks,ridge,True,78.223,48.07856369018555,30.144436309814452
GSM6590406,GSE213628,intestine,control,78.223,age_weeks,ridge,True,78.223,46.54648971557617,31.676510284423827
GSM6590407,GSE213628,intestine,control,78.223,age_weeks,ridge,True,78.223,53.23970031738281,24.983299682617186
GSM6590408,GSE213628,intestine,control,78.223,age_weeks,ridge,True,78.223,56.792720794677734,21.430279205322265
GSM6590409,GSE213628,intestine,control,78.223,age_weeks,ridge,True,78.223,48.8964729309082,29.326527069091796
GSM6590410,GSE213628,intestine,control,78.223,age_weeks,ridge,True,78.223,50.13028335571289,28.09271664428711
GSM6590411,GSE213628,intestine,control,78.223,age_weeks,ridge,True,78.223,43.35655975341797,34.86644024658203
GSM6590412,GSE213628,intestine,control,78.223,age_weeks,ridge,True,78.223,34.71223831176758,43.51076168823242
GSM6590413,GSE213628,intestine,control,78.223,age_weeks,ridge,True,78.223,41.90732955932617,36.31567044067383
GSM6590414,GSE213628,intestine,control,78.223,age_weeks,ridge,True,78.223,52.06715393066406,26.155846069335936
GSM6590415,GSE213628,intestine,control,104.297,age_weeks,ridge,True,104.297,42.89192199707031,61.405078002929685
GSM6590416,GSE213628,intestine,control,104.297,age_weeks,ridge,True,104.297,40.9453239440918,63.3516760559082
GSM6590417,GSE213628,intestine,control,104.297,age_weeks,ridge,True,104.297,49.403255462646484,54.89374453735351
GSM6590418,GSE213628,intestine,control,104.297,age_weeks,ridge,True,104.297,34.596431732177734,69.70056826782226
GSM6590419,GSE213628,intestine,control,104.297,age_weeks,ridge,True,104.297,46.23748016357422,58.05951983642578
GSM6590420,GSE213628,intestine,control,104.297,age_weeks,ridge,True,104.297,48.86220932006836,55.43479067993164
GSM6590421,GSE213628,intestine,control,104.297,age_weeks,ridge,True,104.297,57.31818389892578,46.978816101074216
GSM6590422,GSE213628,intestine,control,104.297,age_weeks,ridge,True,104.297,50.00431442260742,54.292685577392575
GSM6590423,GSE213628,intestine,control,104.297,age_weeks,ridge,True,104.297,43.17743682861328,61.119563171386716
GSM6590424,GSE213628,intestine,control,104.297,age_weeks,ridge,True,104.297,27.819408416748047,76.47759158325195
GSM6590425,GSE213628,intestine,control,104.297,age_weeks,ridge,True,104.297,40.543182373046875,63.75381762695312
GSM6590426,GSE213628,intestine,control,104.297,age_weeks,ridge,True,104.297,41.370784759521484,62.92621524047851
GSM6590427,GSE213628,blood,control,17.383,age_weeks,ridge,True,17.383,58.284114837646484,-40.90111483764649
GSM6590428,GSE213628,blood,control,17.383,age_weeks,ridge,True,17.383,29.39938735961914,-12.016387359619142
GSM6590429,GSE213628,blood,control,17.383,age_weeks,ridge,True,17.383,51.491172790527344,-34.10817279052735
GSM6590430,GSE213628,blood,control,52.149,age_weeks,ridge,True,52.149,53.08726501464844,-0.9382650146484366
GSM6590431,GSE213628,blood,control,52.149,age_weeks,ridge,True,52.149,75.1878662109375,-23.0388662109375
GSM6590432,GSE213628,blood,control,52.149,age_weeks,ridge,True,52.149,47.282798767089844,4.866201232910157
GSM6590433,GSE213628,blood,control,104.297,age_weeks,ridge,True,104.297,44.34669876098633,59.95030123901367
GSM6590434,GSE213628,blood,control,104.297,age_weeks,ridge,True,104.297,36.028472900390625,68.26852709960937
GSM6590435,GSE213628,blood,control,104.297,age_weeks,ridge,True,104.297,38.73747253417969,65.55952746582031
GSM6590436,GSE213628,blood,control,104.297,age_weeks,ridge,True,104.297,48.6709098815918,55.6260901184082
GSM6590437,GSE213628,heart,control,17.383,age_weeks,ridge,True,17.383,28.915111541748047,-11.532111541748048
GSM6590438,GSE213628,heart,control,17.383,age_weeks,ridge,True,17.383,45.26778793334961,-27.88478793334961
GSM6590439,GSE213628,heart,control,17.383,age_weeks,ridge,True,17.383,52.959632873535156,-35.57663287353516
GSM6590440,GSE213628,heart,control,17.383,age_weeks,ridge,True,17.383,46.249908447265625,-28.866908447265626
GSM6590441,GSE213628,heart,control,17.383,age_weeks,ridge,True,17.383,38.66666030883789,-21.28366030883789
GSM6590442,GSE213628,heart,control,17.383,age_weeks,ridge,True,17.383,47.04883575439453,-29.665835754394532
GSM6590443,GSE213628,heart,control,52.149,age_weeks,ridge,True,52.149,44.914066314697266,7.234933685302735
GSM6590444,GSE213628,heart,control,52.149,age_weeks,ridge,True,52.149,51.82345199584961,0.32554800415039153
GSM6590445,GSE213628,heart,control,52.149,age_weeks,ridge,True,52.149,52.025699615478516,0.12330038452148528
GSM6590446,GSE213628,heart,control,52.149,age_weeks,ridge,True,52.149,46.52476119995117,5.624238800048829
GSM6590447,GSE213628,heart,control,52.149,age_weeks,ridge,True,52.149,38.333229064941406,13.815770935058595
GSM6590448,GSE213628,heart,control,52.149,age_weeks,ridge,True,52.149,53.653804779052734,-1.5048047790527335
GSM6590449,GSE213628,heart,control,104.297,age_weeks,ridge,True,104.297,55.243896484375,49.053103515625
GSM6590450,GSE213628,heart,control,104.297,age_weeks,ridge,True,104.297,49.15485763549805,55.14214236450195
GSM6590451,GSE213628,heart,control,104.297,age_weeks,ridge,True,104.297,38.43632507324219,65.86067492675781
GSM6590452,GSE213628,heart,control,104.297,age_weeks,ridge,True,104.297,55.977516174316406,48.31948382568359
GSM6590453,GSE213628,heart,control,104.297,age_weeks,ridge,True,104.297,51.24026870727539,53.056731292724606
GSM6590454,GSE213628,heart,control,104.297,age_weeks,ridge,True,104.297,47.624061584472656,56.67293841552734
GSM6590455,GSE213628,heart,control,108.643,age_weeks,ridge,True,108.643,45.868751525878906,62.774248474121094
GSM6590456,GSE213628,heart,control,112.989,age_weeks,ridge,True,112.989,43.246498107910156,69.74250189208985
GSM6590457,GSE213628,heart,control,117.334,age_weeks,ridge,True,117.33399999999999,46.04173278808594,71.29226721191405
GSM6590458,GSE213628,heart,control,121.68,age_weeks,ridge,True,121.67999999999999,48.06912612915039,73.6108738708496
GSM6590459,GSE213628,kidney,control,17.383,age_weeks,ridge,True,17.383,37.39137268066406,-20.008372680664063
GSM6590460,GSE213628,kidney,control,17.383,age_weeks,ridge,True,17.383,33.48244094848633,-16.09944094848633
GSM6590461,GSE213628,kidney,control,17.383,age_weeks,ridge,True,17.383,55.72489547729492,-38.341895477294926
GSM6590462,GSE213628,kidney,control,52.149,age_weeks,ridge,True,52.149,47.180564880371094,4.968435119628907
GSM6590463,GSE213628,kidney,control,52.149,age_weeks,ridge,True,52.149,52.205894470214844,-0.05689447021484284
GSM6590464,GSE213628,kidney,control,52.149,age_weeks,ridge,True,52.149,58.0333251953125,-5.884325195312499
GSM6590465,GSE213628,kidney,control,104.297,age_weeks,ridge,True,104.297,47.28407669067383,57.01292330932617
GSM6590466,GSE213628,kidney,control,104.297,age_weeks,ridge,True,104.297,54.85478210449219,49.44221789550781
GSM6590467,GSE213628,kidney,control,104.297,age_weeks,ridge,True,104.297,54.81145095825195,49.485549041748044
GSM6590468,GSE213628,kidney,control,104.297,age_weeks,ridge,True,104.297,79.49069213867188,24.806307861328122
GSM6590469,GSE213628,liver,control,17.383,age_weeks,ridge,True,17.383,47.47027587890625,-30.08727587890625
GSM6590470,GSE213628,liver,control,17.383,age_weeks,ridge,True,17.383,59.28056716918945,-41.89756716918946
GSM6590471,GSE213628,liver,control,52.149,age_weeks,ridge,True,52.149,42.88001251220703,9.26898748779297
GSM6590472,GSE213628,liver,control,52.149,age_weeks,ridge,True,52.149,39.63431930541992,12.514680694580079
GSM6590473,GSE213628,liver,control,104.297,age_weeks,ridge,True,104.297,46.7110481262207,57.585951873779294
GSM6590474,GSE213628,liver,control,104.297,age_weeks,ridge,True,104.297,38.15606689453125,66.14093310546875
GSM6590475,GSE213628,lung,control,17.383,age_weeks,ridge,True,17.383,43.273773193359375,-25.890773193359376
GSM6590476,GSE213628,lung,control,17.383,age_weeks,ridge,True,17.383,46.549129486083984,-29.166129486083985
GSM6590477,GSE213628,lung,control,52.149,age_weeks,ridge,True,52.149,50.03165817260742,2.117341827392579
GSM6590478,GSE213628,lung,control,52.149,age_weeks,ridge,True,52.149,47.5991325378418,4.549867462158204
GSM6590479,GSE213628,lung,control,104.297,age_weeks,ridge,True,104.297,47.549320220947266,56.74767977905273
GSM6590480,GSE213628,lung,control,104.297,age_weeks,ridge,True,104.297,54.18770217895508,50.10929782104492
GSM6590481,GSE213628,skeletal_muscle,control,17.383,age_weeks,ridge,True,17.383,31.918773651123047,-14.535773651123048
GSM6590482,GSE213628,skeletal_muscle,control,17.383,age_weeks,ridge,True,17.383,49.12120056152344,-31.73820056152344
GSM6590483,GSE213628,skeletal_muscle,control,52.149,age_weeks,ridge,True,52.149,49.89275360107422,2.256246398925782
GSM6590484,GSE213628,skeletal_muscle,control,52.149,age_weeks,ridge,True,52.149,51.97782516479492,0.17117483520507903
GSM6590485,GSE213628,skeletal_muscle,control,104.297,age_weeks,ridge,True,104.297,55.47267532348633,48.82432467651367
GSM6590486,GSE213628,skeletal_muscle,control,104.297,age_weeks,ridge,True,104.297,44.85186004638672,59.44513995361328
GSM6590487,GSE213628,spleen,control,17.383,age_weeks,ridge,True,17.383,44.77289962768555,-27.389899627685548
GSM6590488,GSE213628,spleen,control,17.383,age_weeks,ridge,True,17.383,41.620452880859375,-24.237452880859376
GSM6590489,GSE213628,spleen,control,17.383,age_weeks,ridge,True,17.383,52.527774810791016,-35.14477481079102
GSM6590490,GSE213628,spleen,control,17.383,age_weeks,ridge,True,17.383,41.81874465942383,-24.43574465942383
GSM6590491,GSE213628,spleen,control,17.383,age_weeks,ridge,True,17.383,39.556358337402344,-22.173358337402345
GSM6590492,GSE213628,spleen,control,52.149,age_weeks,ridge,True,52.149,43.76719284057617,8.381807159423829
GSM6590493,GSE213628,spleen,control,52.149,age_weeks,ridge,True,52.149,32.61163330078125,19.53736669921875
GSM6590494,GSE213628,spleen,control,52.149,age_weeks,ridge,True,52.149,46.099220275878906,6.049779724121095
GSM6590495,GSE213628,spleen,control,52.149,age_weeks,ridge,True,52.149,48.58135223388672,3.567647766113282
GSM6590496,GSE213628,spleen,control,52.149,age_weeks,ridge,True,52.149,41.3155632019043,10.833436798095704
GSM6590497,GSE213628,spleen,control,104.297,age_weeks,ridge,True,104.297,47.84914779663086,56.44785220336914
GSM6590498,GSE213628,spleen,control,104.297,age_weeks,ridge,True,104.297,57.04084396362305,47.25615603637695
GSM6590499,GSE213628,spleen,control,104.297,age_weeks,ridge,True,104.297,39.4855842590332,64.8114157409668
GSM6590500,GSE213628,spleen,control,104.297,age_weeks,ridge,True,104.297,38.529685974121094,65.7673140258789
GSM6590501,GSE213628,spleen,control,104.297,age_weeks,ridge,True,104.297,39.93804931640625,64.35895068359375
GSM6590502,GSE213628,spleen,control,104.297,age_weeks,ridge,True,104.297,42.11763381958008,62.17936618041992
