sample_id,dataset_batch,tissue,intervention,age_weeks,target_id,model_name,randomize_labels,y_true,y_pred,residual
GSM3394172,GSE120137,adipose,control,86.914,age_weeks,ridge,False,86.91428571428571,37.85017395019531,49.0641117640904
GSM3394173,GSE120137,adipose,control,86.914,age_weeks,ridge,False,86.91428571428571,44.93901443481445,41.97527127947126
GSM3394174,GSE120137,adipose,control,86.914,age_weeks,ridge,False,86.91428571428571,41.22074508666992,45.69354062761579
GSM3394175,GSE120137,adipose,control,86.914,age_weeks,ridge,False,86.91428571428571,36.82135009765625,50.09293561662946
GSM3394176,GSE120137,adipose,control,86.914,age_weeks,ridge,False,86.91428571428571,41.891357421875,45.02292829241071
GSM3394177,GSE120137,adipose,control,86.914,age_weeks,ridge,False,86.91428571428571,39.944252014160156,46.970033700125555
GSM3394178,GSE120137,adipose,control,86.914,age_weeks,ridge,False,86.91428571428571,37.0432243347168,49.871061379568914
GSM3394179,GSE120137,adipose,control,86.914,age_weeks,ridge,False,86.91428571428571,39.71302032470703,47.20126538957868
GSM3394180,GSE120137,adipose,control,86.914,age_weeks,ridge,False,86.91428571428571,39.56312561035156,47.35116010393415
GSM3394181,GSE120137,adipose,control,86.914,age_weeks,ridge,False,86.91428571428571,43.17209243774414,43.74219327654157
GSM3394182,GSE120137,adipose,control,86.914,age_weeks,ridge,False,86.91428571428571,45.09242630004883,41.82185941423688
GSM3394183,GSE120137,adipose,control,86.914,age_weeks,ridge,False,86.91428571428571,75.25590515136719,11.658380562918524
GSM3394184,GSE120137,adipose,control,86.914,age_weeks,ridge,False,86.91428571428571,33.90367889404297,53.01060682024274
GSM3394185,GSE120137,adipose,control,86.914,age_weeks,ridge,False,86.91428571428571,37.61763000488281,49.2966557094029
GSM3394186,GSE120137,adipose,control,86.914,age_weeks,ridge,False,86.91428571428571,43.522438049316406,43.391847664969305
GSM3394187,GSE120137,adipose,control,86.914,age_weeks,ridge,False,86.91428571428571,47.114776611328125,39.799509102957586
GSM3394188,GSE120137,adipose,control,86.914,age_weeks,ridge,False,86.91428571428571,40.49390411376953,46.42038160051618
GSM3394189,GSE120137,adipose,control,86.914,age_weeks,ridge,False,86.91428571428571,36.87816619873047,50.03611951555524
GSM3394190,GSE120137,adipose,control,86.914,age_weeks,ridge,False,86.91428571428571,43.32471466064453,43.58957105364118
GSM3394191,GSE120137,adipose,control,86.914,age_weeks,ridge,False,86.91428571428571,37.59828186035156,49.31600385393415
GSM3394192,GSE120137,adipose,control,43.457,age_weeks,ridge,False,43.457142857142856,38.91233825683594,4.544804600306918
GSM3394193,GSE120137,adipose,control,43.457,age_weeks,ridge,False,43.457142857142856,31.222923278808594,12.234219578334262
GSM3394194,GSE120137,adipose,control,43.457,age_weeks,ridge,False,43.457142857142856,32.73375701904297,10.723385838099887
GSM3394195,GSE120137,adipose,control,43.457,age_weeks,ridge,False,43.457142857142856,31.549793243408203,11.907349613734652
GSM3394196,GSE120137,adipose,control,43.457,age_weeks,ridge,False,43.457142857142856,39.95682907104492,3.5003137860979336
GSM3394197,GSE120137,adipose,control,43.457,age_weeks,ridge,False,43.457142857142856,30.869525909423828,12.587616947719027
GSM3394198,GSE120137,adipose,control,43.457,age_weeks,ridge,False,43.457142857142856,30.2056884765625,13.251454380580356
GSM3394199,GSE120137,adipose,control,43.457,age_weeks,ridge,False,43.457142857142856,33.297000885009766,10.16014197213309
GSM3394200,GSE120137,adipose,control,43.457,age_weeks,ridge,False,43.457142857142856,33.3258171081543,10.131325748988559
GSM3394201,GSE120137,adipose,control,43.457,age_weeks,ridge,False,43.457142857142856,32.33302307128906,11.124119785853793
GSM3394202,GSE120137,adipose,control,43.457,age_weeks,ridge,False,43.457142857142856,35.90974807739258,7.547394779750277
GSM3394203,GSE120137,adipose,control,43.457,age_weeks,ridge,False,43.457142857142856,34.103736877441406,9.35340597970145
GSM3394204,GSE120137,adipose,control,43.457,age_weeks,ridge,False,43.457142857142856,33.26781463623047,10.189328220912387
GSM3394205,GSE120137,adipose,control,43.457,age_weeks,ridge,False,43.457142857142856,37.91661834716797,5.540524509974887
GSM3394206,GSE120137,adipose,control,43.457,age_weeks,ridge,False,43.457142857142856,32.40504455566406,11.052098301478793
GSM3394207,GSE120137,adipose,control,43.457,age_weeks,ridge,False,43.457142857142856,33.40184783935547,10.055295017787387
GSM3394208,GSE120137,adipose,control,43.457,age_weeks,ridge,False,43.457142857142856,26.13469696044922,17.322445896693637
GSM3394209,GSE120137,adipose,control,43.457,age_weeks,ridge,False,43.457142857142856,34.272857666015625,9.18428519112723
GSM3394210,GSE120137,adipose,control,43.457,age_weeks,ridge,False,43.457142857142856,24.329776763916016,19.12736609322684
GSM3394211,GSE120137,adipose,control,43.457,age_weeks,ridge,False,43.457142857142856,38.75285720825195,4.704285648890902
GSM3394212,GSE120137,adipose,control,8.691,age_weeks,ridge,False,8.691428571428572,25.570037841796875,-16.8786092703683
GSM3394213,GSE120137,adipose,control,8.691,age_weeks,ridge,False,8.691428571428572,27.731903076171875,-19.0404745047433
GSM3394214,GSE120137,adipose,control,8.691,age_weeks,ridge,False,8.691428571428572,30.558795928955078,-21.867367357526504
GSM3394215,GSE120137,adipose,control,8.691,age_weeks,ridge,False,8.691428571428572,32.17439270019531,-23.48296412876674
GSM3394216,GSE120137,adipose,control,8.691,age_weeks,ridge,False,8.691428571428572,33.08002471923828,-24.388596147809707
GSM3394217,GSE120137,adipose,control,8.691,age_weeks,ridge,False,8.691428571428572,30.23853302001953,-21.547104448590957
GSM3394218,GSE120137,adipose,control,8.691,age_weeks,ridge,False,8.691428571428572,31.203645706176758,-22.512217134748184
GSM3394219,GSE120137,adipose,control,8.691,age_weeks,ridge,False,8.691428571428572,23.451169967651367,-14.759741396222795
GSM3394220,GSE120137,adipose,control,8.691,age_weeks,ridge,False,8.691428571428572,32.37843322753906,-23.68700465611049
GSM3394221,GSE120137,adipose,control,8.691,age_weeks,ridge,False,8.691428571428572,21.550228118896484,-12.858799547467912
GSM3394222,GSE120137,adipose,control,8.691,age_weeks,ridge,False,8.691428571428572,23.749813079833984,-15.058384508405412
GSM3394223,GSE120137,adipose,control,8.691,age_weeks,ridge,False,8.691428571428572,28.908910751342773,-20.2174821799142
GSM3394224,GSE120137,adipose,control,8.691,age_weeks,ridge,False,8.691428571428572,25.380901336669922,-16.689472765241348
GSM3394225,GSE120137,adipose,control,8.691,age_weeks,ridge,False,8.691428571428572,33.08781051635742,-24.396381944928848
GSM3394226,GSE120137,adipose,control,8.691,age_weeks,ridge,False,8.691428571428572,32.34583282470703,-23.654404253278457
GSM3394227,GSE120137,adipose,control,8.691,age_weeks,ridge,False,8.691428571428572,35.47480773925781,-26.78337916782924
GSM3394228,GSE120137,blood,control,86.914,age_weeks,ridge,False,86.91428571428571,85.29535675048828,1.6189289637974298
GSM3394229,GSE120137,blood,control,86.914,age_weeks,ridge,False,86.91428571428571,73.11168670654297,13.802599007742742
GSM3394230,GSE120137,blood,control,86.914,age_weeks,ridge,False,86.91428571428571,87.4653091430664,-0.5510234287806952
GSM3394231,GSE120137,blood,control,86.914,age_weeks,ridge,False,86.91428571428571,81.08431243896484,5.829973275320867
GSM3394232,GSE120137,blood,control,86.914,age_weeks,ridge,False,86.91428571428571,87.26995086669922,-0.3556651524135077
GSM3394233,GSE120137,blood,control,86.914,age_weeks,ridge,False,86.91428571428571,60.67912292480469,26.235162789481024
GSM3394234,GSE120137,blood,control,86.914,age_weeks,ridge,False,86.91428571428571,76.83906555175781,10.075220162527899
GSM3394235,GSE120137,blood,control,86.914,age_weeks,ridge,False,86.91428571428571,76.35702514648438,10.557260567801336
GSM3394236,GSE120137,blood,control,86.914,age_weeks,ridge,False,86.91428571428571,126.8866958618164,-39.972410147530695
GSM3394237,GSE120137,blood,control,86.914,age_weeks,ridge,False,86.91428571428571,81.0699462890625,5.844339425223211
GSM3394238,GSE120137,blood,control,86.914,age_weeks,ridge,False,86.91428571428571,76.26763916015625,10.646646554129461
GSM3394239,GSE120137,blood,control,86.914,age_weeks,ridge,False,86.91428571428571,103.38328552246094,-16.468999808175226
GSM3394240,GSE120137,blood,control,86.914,age_weeks,ridge,False,86.91428571428571,73.30770874023438,13.606576974051336
GSM3394241,GSE120137,blood,control,86.914,age_weeks,ridge,False,86.91428571428571,66.02986907958984,20.884416634695867
GSM3394242,GSE120137,blood,control,86.914,age_weeks,ridge,False,86.91428571428571,62.212196350097656,24.702089364188055
GSM3394243,GSE120137,blood,control,86.914,age_weeks,ridge,False,86.91428571428571,68.29997253417969,18.614313180106024
GSM3394244,GSE120137,blood,control,86.914,age_weeks,ridge,False,86.91428571428571,62.511634826660156,24.402650887625555
GSM3394245,GSE120137,blood,control,43.457,age_weeks,ridge,False,43.457142857142856,44.71934509277344,-1.262202235630582
GSM3394246,GSE120137,blood,control,43.457,age_weeks,ridge,False,43.457142857142856,25.000267028808594,18.45687582833426
GSM3394247,GSE120137,blood,control,43.457,age_weeks,ridge,False,43.457142857142856,44.565696716308594,-1.1085538591657382
GSM3394248,GSE120137,blood,control,43.457,age_weeks,ridge,False,43.457142857142856,35.861419677734375,7.5957231794084805
GSM3394249,GSE120137,blood,control,43.457,age_weeks,ridge,False,43.457142857142856,42.66667556762695,0.7904672895159024
GSM3394250,GSE120137,blood,control,43.457,age_weeks,ridge,False,43.457142857142856,31.142072677612305,12.31507017953055
GSM3394251,GSE120137,blood,control,43.457,age_weeks,ridge,False,43.457142857142856,46.309410095214844,-2.8522672380719882
GSM3394252,GSE120137,blood,control,43.457,age_weeks,ridge,False,43.457142857142856,33.709407806396484,9.747735050746371
GSM3394253,GSE120137,blood,control,43.457,age_weeks,ridge,False,43.457142857142856,35.47396469116211,7.983178165980746
GSM3394254,GSE120137,blood,control,8.691,age_weeks,ridge,False,8.691428571428572,5.865753173828125,2.825675397600447
GSM3394255,GSE120137,blood,control,8.691,age_weeks,ridge,False,8.691428571428572,11.630611419677734,-2.939182848249162
GSM3394256,GSE120137,blood,control,8.691,age_weeks,ridge,False,8.691428571428572,-5.877605438232422,14.569034009660994
GSM3394257,GSE120137,blood,control,8.691,age_weeks,ridge,False,8.691428571428572,1.4353218078613281,7.256106763567244
GSM3394258,GSE120137,blood,control,8.691,age_weeks,ridge,False,8.691428571428572,-6.258510589599609,14.949939161028182
GSM3394259,GSE120137,blood,control,8.691,age_weeks,ridge,False,8.691428571428572,-10.16537857055664,18.856807141985215
GSM3394260,GSE120137,blood,control,92.462,age_weeks,ridge,False,92.462,108.0901107788086,-15.62811077880859
GSM3394261,GSE120137,blood,control,92.462,age_weeks,ridge,False,92.462,112.30240631103516,-19.840406311035153
GSM3394262,GSE120137,blood,control,92.462,age_weeks,ridge,False,92.462,95.44046020507812,-2.9784602050781217
GSM3394263,GSE120137,blood,control,92.462,age_weeks,ridge,False,92.462,162.86239624023438,-70.40039624023437
GSM3394264,GSE120137,blood,control,92.462,age_weeks,ridge,False,92.462,136.3357391357422,-43.873739135742184
GSM3394265,GSE120137,blood,control,79.106,age_weeks,ridge,False,79.10628571428572,80.23128509521484,-1.1249993809291254
GSM3394266,GSE120137,blood,control,79.106,age_weeks,ridge,False,79.10628571428572,63.80647277832031,15.299812935965406
GSM3394267,GSE120137,blood,control,79.106,age_weeks,ridge,False,79.10628571428572,74.35466003417969,4.751625680106031
GSM3394268,GSE120137,blood,control,79.106,age_weeks,ridge,False,79.10628571428572,76.65343475341797,2.4528509608677496
GSM3394269,GSE120137,blood,control,79.106,age_weeks,ridge,False,79.10628571428572,83.71475982666016,-4.608474112374438
GSM3394270,GSE120137,blood,control,48.286,age_weeks,ridge,False,48.285714285714285,53.705474853515625,-5.41976056780134
GSM3394271,GSE120137,blood,control,48.286,age_weeks,ridge,False,48.285714285714285,50.7745246887207,-2.4888104030064184
GSM3394272,GSE120137,blood,control,48.286,age_weeks,ridge,False,48.285714285714285,50.32568359375,-2.0399693080357153
GSM3394273,GSE120137,blood,control,48.286,age_weeks,ridge,False,48.285714285714285,52.8015251159668,-4.515810830252512
GSM3394274,GSE120137,blood,control,48.286,age_weeks,ridge,False,48.285714285714285,62.47595977783203,-14.190245492117747
GSM3394275,GSE120137,blood,control,48.286,age_weeks,ridge,False,48.285714285714285,52.508148193359375,-4.22243390764509
GSM3394276,GSE120137,blood,control,48.286,age_weeks,ridge,False,48.285714285714285,53.66295623779297,-5.377241952078684
GSM3394277,GSE120137,blood,control,48.286,age_weeks,ridge,False,48.285714285714285,50.19232177734375,-1.9066074916294653
GSM3394278,GSE120137,blood,control,48.286,age_weeks,ridge,False,48.285714285714285,51.95770263671875,-3.6719883510044653
GSM3394279,GSE120137,blood,control,48.286,age_weeks,ridge,False,48.285714285714285,58.5283317565918,-10.242617470877512
GSM3394280,GSE120137,blood,control,10.274,age_weeks,ridge,False,10.27357142857143,10.563777923583984,-0.2902064950125549
GSM3394281,GSE120137,blood,control,10.274,age_weeks,ridge,False,10.27357142857143,15.10928726196289,-4.835715833391461
GSM3394282,GSE120137,blood,control,10.274,age_weeks,ridge,False,10.27357142857143,9.626350402832031,0.6472210257393982
GSM3394283,GSE120137,blood,control,10.274,age_weeks,ridge,False,10.27357142857143,11.474723815917969,-1.2011523873465393
GSM3394284,GSE120137,blood,control,10.274,age_weeks,ridge,False,10.27357142857143,6.861000061035156,3.412571367536273
GSM3394285,GSE120137,blood,control,11.301,age_weeks,ridge,False,11.300857142857142,10.65079116821289,0.6500659746442512
GSM3394286,GSE120137,blood,control,11.301,age_weeks,ridge,False,11.300857142857142,2.028594970703125,9.272262172154017
GSM3394287,GSE120137,blood,control,11.301,age_weeks,ridge,False,11.300857142857142,10.766197204589844,0.5346599382672981
GSM3394288,GSE120137,blood,control,11.301,age_weeks,ridge,False,11.300857142857142,12.547740936279297,-1.246883793422155
GSM3394289,GSE120137,blood,control,11.301,age_weeks,ridge,False,11.300857142857142,8.421382904052734,2.8794742388044074
GSM3394290,GSE120137,blood,control,7.192,age_weeks,ridge,False,7.191571428571429,3.619140625,3.5724308035714287
GSM3394291,GSE120137,blood,control,7.192,age_weeks,ridge,False,7.191571428571429,-0.9249801635742188,8.116551592145647
GSM3394292,GSE120137,blood,control,7.192,age_weeks,ridge,False,7.191571428571429,3.39208984375,3.7994815848214287
GSM3394293,GSE120137,blood,control,7.192,age_weeks,ridge,False,7.191571428571429,1.3851814270019531,5.806390001569476
GSM3394294,GSE120137,blood,control,7.192,age_weeks,ridge,False,7.191571428571429,4.976299285888672,2.215272142682757
GSM3394295,GSE120137,blood,control,7.192,age_weeks,ridge,False,7.191571428571429,0.9077949523925781,6.283776476178851
GSM3394296,GSE120137,blood,control,7.192,age_weeks,ridge,False,7.191571428571429,2.7460594177246094,4.445512010846819
GSM3394297,GSE120137,blood,control,7.192,age_weeks,ridge,False,7.191571428571429,4.477943420410156,2.7136280081612725
GSM3394298,GSE120137,blood,control,7.192,age_weeks,ridge,False,7.191571428571429,0.11537551879882812,7.076195909772601
GSM3394299,GSE120137,blood,control,7.192,age_weeks,ridge,False,7.191571428571429,-3.3953094482421875,10.586880876813616
GSM3394300,GSE120137,kidney,control,86.914,age_weeks,ridge,False,86.91428571428571,35.00720977783203,51.90707593645368
GSM3394301,GSE120137,kidney,control,86.914,age_weeks,ridge,False,86.91428571428571,35.45233917236328,51.46194654192243
GSM3394302,GSE120137,kidney,control,86.914,age_weeks,ridge,False,86.91428571428571,36.813899993896484,50.10038572038923
GSM3394303,GSE120137,kidney,control,86.914,age_weeks,ridge,False,86.91428571428571,26.836315155029297,60.077970559256414
GSM3394304,GSE120137,kidney,control,86.914,age_weeks,ridge,False,86.91428571428571,25.717552185058594,61.19673352922712
GSM3394305,GSE120137,kidney,control,86.914,age_weeks,ridge,False,86.91428571428571,37.336669921875,49.57761579241071
GSM3394306,GSE120137,kidney,control,86.914,age_weeks,ridge,False,86.91428571428571,29.753372192382812,57.1609135219029
GSM3394307,GSE120137,kidney,control,86.914,age_weeks,ridge,False,86.91428571428571,24.93406105041504,61.98022466387067
GSM3394308,GSE120137,kidney,control,86.914,age_weeks,ridge,False,86.91428571428571,39.062950134277344,47.85133558000837
GSM3394309,GSE120137,kidney,control,86.914,age_weeks,ridge,False,86.91428571428571,33.91333770751953,53.00094800676618
GSM3394310,GSE120137,kidney,control,86.914,age_weeks,ridge,False,86.91428571428571,28.309917449951172,58.60436826433454
GSM3394311,GSE120137,kidney,control,86.914,age_weeks,ridge,False,86.91428571428571,181.15536499023438,-94.24107927594866
GSM3394312,GSE120137,kidney,control,86.914,age_weeks,ridge,False,86.91428571428571,19.661802291870117,67.2524834224156
GSM3394313,GSE120137,kidney,control,86.914,age_weeks,ridge,False,86.91428571428571,40.642662048339844,46.27162366594587
GSM3394314,GSE120137,kidney,control,86.914,age_weeks,ridge,False,86.91428571428571,45.90385437011719,41.01043134416852
GSM3394315,GSE120137,kidney,control,86.914,age_weeks,ridge,False,86.91428571428571,39.30148696899414,47.61279874529157
GSM3394316,GSE120137,kidney,control,86.914,age_weeks,ridge,False,86.91428571428571,33.307281494140625,53.607004220145086
GSM3394317,GSE120137,kidney,control,86.914,age_weeks,ridge,False,86.91428571428571,22.258838653564453,64.65544706072126
GSM3394318,GSE120137,kidney,control,86.914,age_weeks,ridge,False,86.91428571428571,37.304237365722656,49.610048348563055
GSM3394319,GSE120137,kidney,control,86.914,age_weeks,ridge,False,86.91428571428571,31.218154907226562,55.69613080705915
GSM3394320,GSE120137,kidney,control,43.457,age_weeks,ridge,False,43.457142857142856,29.869070053100586,13.58807280404227
GSM3394321,GSE120137,kidney,control,43.457,age_weeks,ridge,False,43.457142857142856,16.690593719482422,26.766549137660434
GSM3394322,GSE120137,kidney,control,43.457,age_weeks,ridge,False,43.457142857142856,22.656696319580078,20.800446537562777
GSM3394323,GSE120137,kidney,control,43.457,age_weeks,ridge,False,43.457142857142856,20.454166412353516,23.00297644478934
GSM3394324,GSE120137,kidney,control,43.457,age_weeks,ridge,False,43.457142857142856,14.305809020996094,29.15133383614676
GSM3394325,GSE120137,kidney,control,43.457,age_weeks,ridge,False,43.457142857142856,25.20249366760254,18.254649189540316
GSM3394326,GSE120137,kidney,control,43.457,age_weeks,ridge,False,43.457142857142856,35.6511344909668,7.806008366176059
GSM3394327,GSE120137,kidney,control,43.457,age_weeks,ridge,False,43.457142857142856,26.25702667236328,17.200116184779574
GSM3394328,GSE120137,kidney,control,43.457,age_weeks,ridge,False,43.457142857142856,22.584476470947266,20.87266638619559
GSM3394329,GSE120137,kidney,control,43.457,age_weeks,ridge,False,43.457142857142856,19.754579544067383,23.702563313075473
GSM3394330,GSE120137,kidney,control,43.457,age_weeks,ridge,False,43.457142857142856,21.331432342529297,22.12571051461356
GSM3394331,GSE120137,kidney,control,43.457,age_weeks,ridge,False,43.457142857142856,20.612781524658203,22.844361332484652
GSM3394332,GSE120137,kidney,control,43.457,age_weeks,ridge,False,43.457142857142856,19.953819274902344,23.50332358224051
GSM3394333,GSE120137,kidney,control,43.457,age_weeks,ridge,False,43.457142857142856,12.03555679321289,31.421586063929965
GSM3394334,GSE120137,kidney,control,43.457,age_weeks,ridge,False,43.457142857142856,16.957382202148438,26.499760654994418
GSM3394335,GSE120137,kidney,control,43.457,age_weeks,ridge,False,43.457142857142856,22.090717315673828,21.366425541469027
GSM3394336,GSE120137,kidney,control,43.457,age_weeks,ridge,False,43.457142857142856,23.061229705810547,20.39591315133231
GSM3394337,GSE120137,kidney,control,43.457,age_weeks,ridge,False,43.457142857142856,24.023386001586914,19.43375685555594
GSM3394338,GSE120137,kidney,control,43.457,age_weeks,ridge,False,43.457142857142856,8.204200744628906,35.25294211251395
GSM3394339,GSE120137,kidney,control,8.691,age_weeks,ridge,False,8.691428571428572,7.110809326171875,1.5806192452566972
GSM3394340,GSE120137,kidney,control,8.691,age_weeks,ridge,False,8.691428571428572,22.065174102783203,-13.373745531354631
GSM3394341,GSE120137,kidney,control,8.691,age_weeks,ridge,False,8.691428571428572,7.448009490966797,1.2434190804617753
GSM3394342,GSE120137,kidney,control,8.691,age_weeks,ridge,False,8.691428571428572,15.127204895019531,-6.435776323590959
GSM3394343,GSE120137,kidney,control,8.691,age_weeks,ridge,False,8.691428571428572,9.90191650390625,-1.2104879324776778
GSM3394344,GSE120137,kidney,control,8.691,age_weeks,ridge,False,8.691428571428572,15.45184326171875,-6.760414690290178
GSM3394345,GSE120137,kidney,control,8.691,age_weeks,ridge,False,8.691428571428572,6.127738952636719,2.5636896187918534
GSM3394346,GSE120137,kidney,control,8.691,age_weeks,ridge,False,8.691428571428572,20.78884506225586,-12.097416490827287
GSM3394347,GSE120137,kidney,control,8.691,age_weeks,ridge,False,8.691428571428572,8.91064453125,-0.21921595982142783
GSM3394348,GSE120137,kidney,control,8.691,age_weeks,ridge,False,8.691428571428572,13.237236022949219,-4.545807451520647
GSM3394349,GSE120137,kidney,control,8.691,age_weeks,ridge,False,8.691428571428572,1.1637840270996094,7.527644544328963
GSM3394350,GSE120137,kidney,control,8.691,age_weeks,ridge,False,8.691428571428572,13.501087188720703,-4.809658617292131
GSM3394351,GSE120137,kidney,control,8.691,age_weeks,ridge,False,8.691428571428572,16.865352630615234,-8.173924059186662
GSM3394352,GSE120137,kidney,control,8.691,age_weeks,ridge,False,8.691428571428572,10.90231704711914,-2.2108884756905685
GSM3394353,GSE120137,kidney,control,8.691,age_weeks,ridge,False,8.691428571428572,22.39215660095215,-13.700728029523576
GSM3394354,GSE120137,liver,control,86.914,age_weeks,ridge,False,86.91428571428571,54.722442626953125,32.191843087332586
GSM3394355,GSE120137,liver,control,86.914,age_weeks,ridge,False,86.91428571428571,54.22934341430664,32.68494229997907
GSM3394356,GSE120137,liver,control,86.914,age_weeks,ridge,False,86.91428571428571,65.78660583496094,21.127679879324774
GSM3394357,GSE120137,liver,control,86.914,age_weeks,ridge,False,86.91428571428571,60.302974700927734,26.611311013357977
GSM3394358,GSE120137,liver,control,86.914,age_weeks,ridge,False,86.91428571428571,57.551212310791016,29.363073403494695
GSM3394359,GSE120137,liver,control,86.914,age_weeks,ridge,False,86.91428571428571,44.0932731628418,42.821012551443914
GSM3394360,GSE120137,liver,control,86.914,age_weeks,ridge,False,86.91428571428571,35.82381820678711,51.0904675074986
GSM3394361,GSE120137,liver,control,86.914,age_weeks,ridge,False,86.91428571428571,55.592002868652344,31.322282845633367
GSM3394362,GSE120137,liver,control,86.914,age_weeks,ridge,False,86.91428571428571,53.43402099609375,33.48026471819196
GSM3394363,GSE120137,liver,control,86.914,age_weeks,ridge,False,86.91428571428571,64.23106384277344,22.683221871512274
GSM3394364,GSE120137,liver,control,86.914,age_weeks,ridge,False,86.91428571428571,48.641902923583984,38.27238279070173
GSM3394365,GSE120137,liver,control,86.914,age_weeks,ridge,False,86.91428571428571,255.50860595703125,-168.59432024274554
GSM3394366,GSE120137,liver,control,86.914,age_weeks,ridge,False,86.91428571428571,49.89674377441406,37.01754193987165
GSM3394367,GSE120137,liver,control,86.914,age_weeks,ridge,False,86.91428571428571,47.848960876464844,39.06532483782087
GSM3394368,GSE120137,liver,control,86.914,age_weeks,ridge,False,86.91428571428571,65.96215057373047,20.952135140555242
GSM3394369,GSE120137,liver,control,86.914,age_weeks,ridge,False,86.91428571428571,49.18136978149414,37.73291593279157
GSM3394370,GSE120137,liver,control,86.914,age_weeks,ridge,False,86.91428571428571,34.17664337158203,52.73764234270368
GSM3394371,GSE120137,liver,control,86.914,age_weeks,ridge,False,86.91428571428571,47.9542236328125,38.96006208147321
GSM3394372,GSE120137,liver,control,86.914,age_weeks,ridge,False,86.91428571428571,38.346954345703125,48.567331368582586
GSM3394373,GSE120137,liver,control,86.914,age_weeks,ridge,False,86.91428571428571,38.549102783203125,48.365182931082586
GSM3394374,GSE120137,liver,control,43.457,age_weeks,ridge,False,43.457142857142856,41.77667999267578,1.6804628644670743
GSM3394375,GSE120137,liver,control,43.457,age_weeks,ridge,False,43.457142857142856,36.832984924316406,6.624157932826449
GSM3394376,GSE120137,liver,control,43.457,age_weeks,ridge,False,43.457142857142856,31.248157501220703,12.208985355922152
GSM3394377,GSE120137,liver,control,43.457,age_weeks,ridge,False,43.457142857142856,40.61741638183594,2.839726475306918
GSM3394378,GSE120137,liver,control,43.457,age_weeks,ridge,False,43.457142857142856,39.90077209472656,3.556370762416293
GSM3394379,GSE120137,liver,control,43.457,age_weeks,ridge,False,43.457142857142856,32.53987503051758,10.917267826625277
GSM3394380,GSE120137,liver,control,43.457,age_weeks,ridge,False,43.457142857142856,29.010732650756836,14.44641020638602
GSM3394381,GSE120137,liver,control,43.457,age_weeks,ridge,False,43.457142857142856,34.798561096191406,8.65858176095145
GSM3394382,GSE120137,liver,control,43.457,age_weeks,ridge,False,43.457142857142856,29.701431274414062,13.755711582728793
GSM3394383,GSE120137,liver,control,43.457,age_weeks,ridge,False,43.457142857142856,25.710147857666016,17.74699499947684
GSM3394384,GSE120137,liver,control,43.457,age_weeks,ridge,False,43.457142857142856,24.4366512298584,19.020491627284457
GSM3394385,GSE120137,liver,control,43.457,age_weeks,ridge,False,43.457142857142856,27.765167236328125,15.69197562081473
GSM3394386,GSE120137,liver,control,43.457,age_weeks,ridge,False,43.457142857142856,33.57538604736328,9.881756809779574
GSM3394387,GSE120137,liver,control,43.457,age_weeks,ridge,False,43.457142857142856,16.944072723388672,26.513070133754184
GSM3394388,GSE120137,liver,control,43.457,age_weeks,ridge,False,43.457142857142856,23.270511627197266,20.18663122994559
GSM3394389,GSE120137,liver,control,43.457,age_weeks,ridge,False,43.457142857142856,30.92430305480957,12.532839802333285
GSM3394390,GSE120137,liver,control,43.457,age_weeks,ridge,False,43.457142857142856,31.99776840209961,11.459374455043246
GSM3394391,GSE120137,liver,control,43.457,age_weeks,ridge,False,43.457142857142856,33.04479217529297,10.412350681849887
GSM3394392,GSE120137,liver,control,43.457,age_weeks,ridge,False,43.457142857142856,33.197967529296875,10.25917532784598
GSM3394393,GSE120137,liver,control,43.457,age_weeks,ridge,False,43.457142857142856,30.832374572753906,12.62476828438895
GSM3394394,GSE120137,liver,control,8.691,age_weeks,ridge,False,8.691428571428572,15.069660186767578,-6.378231615339006
GSM3394395,GSE120137,liver,control,8.691,age_weeks,ridge,False,8.691428571428572,14.854454040527344,-6.163025469098772
GSM3394396,GSE120137,liver,control,8.691,age_weeks,ridge,False,8.691428571428572,21.73158073425293,-13.040152162824358
GSM3394397,GSE120137,liver,control,8.691,age_weeks,ridge,False,8.691428571428572,18.16402816772461,-9.472599596296037
GSM3394398,GSE120137,liver,control,8.691,age_weeks,ridge,False,8.691428571428572,13.51693344116211,-4.825504869733537
GSM3394399,GSE120137,liver,control,8.691,age_weeks,ridge,False,8.691428571428572,18.29779052734375,-9.606361955915178
GSM3394400,GSE120137,liver,control,8.691,age_weeks,ridge,False,8.691428571428572,18.428260803222656,-9.736832231794084
GSM3394401,GSE120137,liver,control,8.691,age_weeks,ridge,False,8.691428571428572,12.280776977539062,-3.5893484061104903
GSM3394402,GSE120137,liver,control,8.691,age_weeks,ridge,False,8.691428571428572,17.59172821044922,-8.900299639020647
GSM3394403,GSE120137,liver,control,8.691,age_weeks,ridge,False,8.691428571428572,13.503803253173828,-4.812374681745256
GSM3394404,GSE120137,liver,control,8.691,age_weeks,ridge,False,8.691428571428572,-2.373271942138672,11.064700513567244
GSM3394405,GSE120137,liver,control,8.691,age_weeks,ridge,False,8.691428571428572,13.20321273803711,-4.511784166608537
GSM3394406,GSE120137,liver,control,8.691,age_weeks,ridge,False,8.691428571428572,13.520584106445312,-4.82915553501674
GSM3394407,GSE120137,liver,control,8.691,age_weeks,ridge,False,8.691428571428572,7.6674041748046875,1.0240243966238847
GSM3394408,GSE120137,liver,control,8.691,age_weeks,ridge,False,8.691428571428572,9.311515808105469,-0.6200872366768966
GSM3394409,GSE120137,liver,control,8.691,age_weeks,ridge,False,8.691428571428572,14.508804321289062,-5.81737574986049
GSM3394410,GSE120137,liver,control,8.691,age_weeks,ridge,False,8.691428571428572,13.574798583984375,-4.883370012555803
GSM3394411,GSE120137,liver,control,8.691,age_weeks,ridge,False,8.691428571428572,11.222663879394531,-2.531235307965959
GSM3394412,GSE120137,liver,control,8.691,age_weeks,ridge,False,8.691428571428572,14.976634979248047,-6.285206407819475
GSM3394413,GSE120137,liver,control,8.691,age_weeks,ridge,False,8.691428571428572,8.980117797851562,-0.28868922642299033
GSM3394414,GSE120137,lung,control,86.914,age_weeks,ridge,False,86.91428571428571,61.14037322998047,25.773912484305242
GSM3394415,GSE120137,lung,control,86.914,age_weeks,ridge,False,86.91428571428571,55.38039779663086,31.53388791765485
GSM3394416,GSE120137,lung,control,86.914,age_weeks,ridge,False,86.91428571428571,40.49124526977539,46.42304044451032
GSM3394417,GSE120137,lung,control,86.914,age_weeks,ridge,False,86.91428571428571,53.88761520385742,33.02667051042829
GSM3394418,GSE120137,lung,control,86.914,age_weeks,ridge,False,86.91428571428571,57.95927429199219,28.955011422293524
GSM3394419,GSE120137,lung,control,86.914,age_weeks,ridge,False,86.91428571428571,43.25281524658203,43.66147046770368
GSM3394420,GSE120137,lung,control,86.914,age_weeks,ridge,False,86.91428571428571,54.29246139526367,32.62182431902204
GSM3394421,GSE120137,lung,control,86.914,age_weeks,ridge,False,86.91428571428571,61.30265808105469,25.611627633231024
GSM3394422,GSE120137,lung,control,86.914,age_weeks,ridge,False,86.91428571428571,59.37052536010742,27.54376035417829
GSM3394423,GSE120137,lung,control,86.914,age_weeks,ridge,False,86.91428571428571,48.78367614746094,38.13060956682477
GSM3394424,GSE120137,lung,control,86.914,age_weeks,ridge,False,86.91428571428571,58.90378189086914,28.01050382341657
GSM3394425,GSE120137,lung,control,86.914,age_weeks,ridge,False,86.91428571428571,144.744140625,-57.82985491071429
GSM3394426,GSE120137,lung,control,86.914,age_weeks,ridge,False,86.91428571428571,52.100318908691406,34.813966805594305
GSM3394427,GSE120137,lung,control,86.914,age_weeks,ridge,False,86.91428571428571,81.24209594726562,5.672189767020086
GSM3394428,GSE120137,lung,control,86.914,age_weeks,ridge,False,86.91428571428571,70.94847106933594,15.965814644949774
GSM3394429,GSE120137,lung,control,86.914,age_weeks,ridge,False,86.91428571428571,53.41256332397461,33.5017223903111
GSM3394430,GSE120137,lung,control,86.914,age_weeks,ridge,False,86.91428571428571,40.32344436645508,46.59084134783063
GSM3394431,GSE120137,lung,control,86.914,age_weeks,ridge,False,86.91428571428571,46.35401153564453,40.56027417864118
GSM3394432,GSE120137,lung,control,86.914,age_weeks,ridge,False,86.91428571428571,40.71845245361328,46.19583326067243
GSM3394433,GSE120137,lung,control,86.914,age_weeks,ridge,False,86.91428571428571,39.64137268066406,47.27291303362165
GSM3394434,GSE120137,lung,control,43.457,age_weeks,ridge,False,43.457142857142856,39.26841735839844,4.188725498744418
GSM3394435,GSE120137,lung,control,43.457,age_weeks,ridge,False,43.457142857142856,40.054588317871094,3.4025545392717618
GSM3394436,GSE120137,lung,control,43.457,age_weeks,ridge,False,43.457142857142856,38.560420989990234,4.896721867152621
GSM3394437,GSE120137,lung,control,43.457,age_weeks,ridge,False,43.457142857142856,32.932594299316406,10.52454855782645
GSM3394438,GSE120137,lung,control,43.457,age_weeks,ridge,False,43.457142857142856,36.94590377807617,6.511239079066684
GSM3394439,GSE120137,lung,control,43.457,age_weeks,ridge,False,43.457142857142856,36.65911865234375,6.7980242047991055
GSM3394440,GSE120137,lung,control,43.457,age_weeks,ridge,False,43.457142857142856,29.401124954223633,14.056017902919223
GSM3394441,GSE120137,lung,control,43.457,age_weeks,ridge,False,43.457142857142856,34.60536193847656,8.851780918666293
GSM3394442,GSE120137,lung,control,43.457,age_weeks,ridge,False,43.457142857142856,41.15463638305664,2.302506474086215
GSM3394443,GSE120137,lung,control,43.457,age_weeks,ridge,False,43.457142857142856,37.65156555175781,5.805577305385043
GSM3394444,GSE120137,lung,control,43.457,age_weeks,ridge,False,43.457142857142856,26.4766845703125,16.980458286830356
GSM3394445,GSE120137,lung,control,43.457,age_weeks,ridge,False,43.457142857142856,33.017578125,10.439564732142856
GSM3394446,GSE120137,lung,control,43.457,age_weeks,ridge,False,43.457142857142856,33.89958953857422,9.557553318568637
GSM3394447,GSE120137,lung,control,43.457,age_weeks,ridge,False,43.457142857142856,43.61561584472656,-0.15847298758370698
GSM3394448,GSE120137,lung,control,43.457,age_weeks,ridge,False,43.457142857142856,35.448951721191406,8.00819113595145
GSM3394449,GSE120137,lung,control,43.457,age_weeks,ridge,False,43.457142857142856,41.6735954284668,1.7835474286760586
GSM3394450,GSE120137,lung,control,43.457,age_weeks,ridge,False,43.457142857142856,34.65058135986328,8.806561497279574
GSM3394451,GSE120137,lung,control,43.457,age_weeks,ridge,False,43.457142857142856,29.64771842956543,13.809424427577426
GSM3394452,GSE120137,lung,control,43.457,age_weeks,ridge,False,43.457142857142856,49.32390213012695,-5.866759272984098
GSM3394453,GSE120137,lung,control,43.457,age_weeks,ridge,False,43.457142857142856,40.16778564453125,3.2893572126116055
GSM3394454,GSE120137,lung,control,8.691,age_weeks,ridge,False,8.691428571428572,26.12267303466797,-17.431244463239395
GSM3394455,GSE120137,lung,control,8.691,age_weeks,ridge,False,8.691428571428572,19.817386627197266,-11.125958055768693
GSM3394456,GSE120137,lung,control,8.691,age_weeks,ridge,False,8.691428571428572,19.387052536010742,-10.69562396458217
GSM3394457,GSE120137,lung,control,8.691,age_weeks,ridge,False,8.691428571428572,22.52437973022461,-13.832951158796037
GSM3394458,GSE120137,lung,control,8.691,age_weeks,ridge,False,8.691428571428572,12.934806823730469,-4.243378252301897
GSM3394459,GSE120137,lung,control,8.691,age_weeks,ridge,False,8.691428571428572,20.45223045349121,-11.760801882062639
GSM3394460,GSE120137,lung,control,8.691,age_weeks,ridge,False,8.691428571428572,22.81095314025879,-14.119524568830217
GSM3394461,GSE120137,lung,control,8.691,age_weeks,ridge,False,8.691428571428572,20.144071578979492,-11.45264300755092
GSM3394462,GSE120137,lung,control,8.691,age_weeks,ridge,False,8.691428571428572,8.750572204589844,-0.05914363316127158
GSM3394463,GSE120137,lung,control,8.691,age_weeks,ridge,False,8.691428571428572,18.461002349853516,-9.769573778424943
GSM3394464,GSE120137,lung,control,8.691,age_weeks,ridge,False,8.691428571428572,13.744041442871094,-5.052612871442522
GSM3394465,GSE120137,lung,control,8.691,age_weeks,ridge,False,8.691428571428572,26.798248291015625,-18.10681971958705
GSM3394466,GSE120137,lung,control,8.691,age_weeks,ridge,False,8.691428571428572,17.4556884765625,-8.764259905133928
GSM3394467,GSE120137,lung,control,8.691,age_weeks,ridge,False,8.691428571428572,18.619422912597656,-9.927994341169084
GSM3394468,GSE120137,lung,control,8.691,age_weeks,ridge,False,8.691428571428572,17.12369155883789,-8.432262987409318
GSM3394469,GSE120137,lung,control,8.691,age_weeks,ridge,False,8.691428571428572,18.518314361572266,-9.826885790143693
GSM3394470,GSE120137,lung,control,8.691,age_weeks,ridge,False,8.691428571428572,17.07018280029297,-8.378754228864397
GSM3394471,GSE120137,muscle,control,86.914,age_weeks,ridge,False,86.91428571428571,42.61006164550781,44.3042240687779
GSM3394472,GSE120137,muscle,control,86.914,age_weeks,ridge,False,86.91428571428571,31.63993263244629,55.27435308183942
GSM3394473,GSE120137,muscle,control,86.914,age_weeks,ridge,False,86.91428571428571,25.92046546936035,60.99382024492536
GSM3394474,GSE120137,muscle,control,86.914,age_weeks,ridge,False,86.91428571428571,42.94767761230469,43.96660810198102
GSM3394475,GSE120137,muscle,control,86.914,age_weeks,ridge,False,86.91428571428571,30.281845092773438,56.63244062151227
GSM3394476,GSE120137,muscle,control,86.914,age_weeks,ridge,False,86.91428571428571,30.73400115966797,56.18028455461774
GSM3394477,GSE120137,muscle,control,86.914,age_weeks,ridge,False,86.91428571428571,31.825899124145508,55.0883865901402
GSM3394478,GSE120137,muscle,control,86.914,age_weeks,ridge,False,86.91428571428571,39.385040283203125,47.529245431082586
GSM3394479,GSE120137,muscle,control,86.914,age_weeks,ridge,False,86.91428571428571,33.178794860839844,53.73549085344587
GSM3394480,GSE120137,muscle,control,86.914,age_weeks,ridge,False,86.91428571428571,36.84934997558594,50.06493573869977
GSM3394481,GSE120137,muscle,control,86.914,age_weeks,ridge,False,86.91428571428571,42.084266662597656,44.830019051688055
GSM3394482,GSE120137,muscle,control,86.914,age_weeks,ridge,False,86.91428571428571,89.66108703613281,-2.7468013218471015
GSM3394483,GSE120137,muscle,control,86.914,age_weeks,ridge,False,86.91428571428571,30.76449203491211,56.1497936793736
GSM3394484,GSE120137,muscle,control,86.914,age_weeks,ridge,False,86.91428571428571,25.84262466430664,61.07166104997907
GSM3394485,GSE120137,muscle,control,86.914,age_weeks,ridge,False,86.91428571428571,34.224647521972656,52.689638192313055
GSM3394486,GSE120137,muscle,control,86.914,age_weeks,ridge,False,86.91428571428571,31.30339241027832,55.61089330400739
GSM3394487,GSE120137,muscle,control,86.914,age_weeks,ridge,False,86.91428571428571,45.04197692871094,41.87230878557477
GSM3394488,GSE120137,muscle,control,86.914,age_weeks,ridge,False,86.91428571428571,29.456375122070312,57.4579105922154
GSM3394489,GSE120137,muscle,control,86.914,age_weeks,ridge,False,86.91428571428571,43.97832107543945,42.93596463884626
GSM3394490,GSE120137,muscle,control,86.914,age_weeks,ridge,False,86.91428571428571,37.962406158447266,48.951879555838445
GSM3394491,GSE120137,muscle,control,43.457,age_weeks,ridge,False,43.457142857142856,23.258987426757812,20.198155430385043
GSM3394492,GSE120137,muscle,control,43.457,age_weeks,ridge,False,43.457142857142856,28.436538696289062,15.020604160853793
GSM3394493,GSE120137,muscle,control,43.457,age_weeks,ridge,False,43.457142857142856,27.37705421447754,16.080088642665316
GSM3394494,GSE120137,muscle,control,43.457,age_weeks,ridge,False,43.457142857142856,30.2959041595459,13.161238697596957
GSM3394495,GSE120137,muscle,control,43.457,age_weeks,ridge,False,43.457142857142856,28.007144927978516,15.44999792916434
GSM3394496,GSE120137,muscle,control,43.457,age_weeks,ridge,False,43.457142857142856,36.68190002441406,6.775242832728793
GSM3394497,GSE120137,muscle,control,43.457,age_weeks,ridge,False,43.457142857142856,18.80581283569336,24.651330021449496
GSM3394498,GSE120137,muscle,control,43.457,age_weeks,ridge,False,43.457142857142856,37.0538330078125,6.4033098493303555
GSM3394499,GSE120137,muscle,control,43.457,age_weeks,ridge,False,43.457142857142856,39.513275146484375,3.9438677106584805
GSM3394500,GSE120137,muscle,control,43.457,age_weeks,ridge,False,43.457142857142856,35.05127716064453,8.405865696498324
GSM3394501,GSE120137,muscle,control,43.457,age_weeks,ridge,False,43.457142857142856,36.787391662597656,6.669751194545199
GSM3394502,GSE120137,muscle,control,43.457,age_weeks,ridge,False,43.457142857142856,39.62135314941406,3.835789707728793
GSM3394503,GSE120137,muscle,control,43.457,age_weeks,ridge,False,43.457142857142856,23.027719497680664,20.42942335946219
GSM3394504,GSE120137,muscle,control,43.457,age_weeks,ridge,False,43.457142857142856,19.85990333557129,23.597239521571566
GSM3394505,GSE120137,muscle,control,43.457,age_weeks,ridge,False,43.457142857142856,29.738122940063477,13.719019917079379
GSM3394506,GSE120137,muscle,control,43.457,age_weeks,ridge,False,43.457142857142856,26.43063735961914,17.026505497523715
GSM3394507,GSE120137,muscle,control,43.457,age_weeks,ridge,False,43.457142857142856,37.551979064941406,5.905163792201449
GSM3394508,GSE120137,muscle,control,43.457,age_weeks,ridge,False,43.457142857142856,24.799304962158203,18.657837894984652
GSM3394509,GSE120137,muscle,control,43.457,age_weeks,ridge,False,43.457142857142856,33.956703186035156,9.5004396711077
GSM3394510,GSE120137,muscle,control,43.457,age_weeks,ridge,False,43.457142857142856,43.610260009765625,-0.15311715262276948
GSM3394511,GSE120137,muscle,control,8.691,age_weeks,ridge,False,8.691428571428572,35.53248596191406,-26.84105739048549
GSM3394512,GSE120137,muscle,control,8.691,age_weeks,ridge,False,8.691428571428572,22.108474731445312,-13.41704616001674
GSM3394513,GSE120137,muscle,control,8.691,age_weeks,ridge,False,8.691428571428572,18.588512420654297,-9.897083849225725
GSM3394514,GSE120137,muscle,control,8.691,age_weeks,ridge,False,8.691428571428572,13.651023864746094,-4.959595293317522
GSM3394515,GSE120137,muscle,control,8.691,age_weeks,ridge,False,8.691428571428572,28.13085174560547,-19.439423174176895
GSM3394516,GSE120137,muscle,control,8.691,age_weeks,ridge,False,8.691428571428572,40.66270446777344,-31.971275896344864
GSM3394517,GSE120137,muscle,control,8.691,age_weeks,ridge,False,8.691428571428572,38.48324203491211,-29.791813463483535
GSM3394518,GSE120137,muscle,control,8.691,age_weeks,ridge,False,8.691428571428572,26.291385650634766,-17.59995707920619
GSM3394519,GSE120137,muscle,control,8.691,age_weeks,ridge,False,8.691428571428572,23.66777229309082,-14.976343721662248
GSM3394520,GSE120137,muscle,control,8.691,age_weeks,ridge,False,8.691428571428572,29.542476654052734,-20.85104808262416
GSM3394521,GSE120137,muscle,control,8.691,age_weeks,ridge,False,8.691428571428572,20.284379959106445,-11.592951387677873
GSM3394522,GSE120137,muscle,control,8.691,age_weeks,ridge,False,8.691428571428572,8.93792724609375,-0.24649867466517783
GSM3394523,GSE120137,muscle,control,8.691,age_weeks,ridge,False,8.691428571428572,23.001005172729492,-14.30957660130092
GSM3394524,GSE120137,muscle,control,8.691,age_weeks,ridge,False,8.691428571428572,32.22990417480469,-23.538475603376114
GSM3394525,GSE120137,muscle,control,8.691,age_weeks,ridge,False,8.691428571428572,20.75247573852539,-12.061047167096818
GSM3394526,GSE120137,muscle,control,8.691,age_weeks,ridge,False,8.691428571428572,28.857074737548828,-20.165646166120254
GSM3394527,GSE120137,muscle,control,8.691,age_weeks,ridge,False,8.691428571428572,29.7708797454834,-21.079451174054824
GSM3394528,GSE120137,muscle,control,8.691,age_weeks,ridge,False,8.691428571428572,22.193822860717773,-13.502394289289201
GSM3394529,GSE120137,muscle,control,8.691,age_weeks,ridge,False,8.691428571428572,34.7767333984375,-26.085304827008926
GSM3394530,GSE120137,muscle,control,8.691,age_weeks,ridge,False,8.691428571428572,17.10124969482422,-8.409821123395647
GSM3394531,GSE120137,kidney,control,26.074,age_weeks,ridge,False,26.074285714285715,25.295774459838867,0.7785112544468475
GSM3394532,GSE120137,kidney,control,26.074,age_weeks,ridge,False,26.074285714285715,29.68239402770996,-3.608108313424246
GSM3394533,GSE120137,kidney,control,52.149,age_weeks,ridge,False,52.14857142857143,25.967126846313477,26.181444582257953
GSM3394534,GSE120137,kidney,control,78.223,age_weeks,ridge,False,78.22285714285714,35.12615966796875,43.09669747488839
GSM3394535,GSE120137,kidney,control,26.074,age_weeks,ridge,False,26.074285714285715,9.716838836669922,16.357446877615793
GSM3394536,GSE120137,kidney,control,52.149,age_weeks,ridge,False,52.14857142857143,13.787460327148438,38.36111110142299
GSM3394537,GSE120137,kidney,control,26.074,age_weeks,ridge,False,26.074285714285715,20.153892517089844,5.920393197195871
GSM3394538,GSE120137,kidney,control,52.149,age_weeks,ridge,False,52.14857142857143,29.291053771972656,22.857517656598773
GSM3394539,GSE120137,kidney,control,52.149,age_weeks,ridge,False,52.14857142857143,24.243431091308594,27.905140337262836
GSM3394540,GSE120137,kidney,control,78.223,age_weeks,ridge,False,78.22285714285714,25.02069854736328,53.202158595493856
GSM3394541,GSE120137,kidney,control,26.074,age_weeks,ridge,False,26.074285714285715,17.886276245117188,8.188009469168527
GSM3394542,GSE120137,kidney,control,26.074,age_weeks,ridge,False,26.074285714285715,29.742883682250977,-3.668597967965262
GSM3394543,GSE120137,kidney,control,26.074,age_weeks,ridge,False,26.074285714285715,23.402738571166992,2.6715471431187225
GSM3394544,GSE120137,kidney,control,26.074,age_weeks,ridge,False,26.074285714285715,28.135894775390625,-2.0616090611049103
GSM3394545,GSE120137,kidney,control,52.149,age_weeks,ridge,False,52.14857142857143,64.9771728515625,-12.82860142299107
GSM3394546,GSE120137,kidney,control,52.149,age_weeks,ridge,False,52.14857142857143,38.92369842529297,13.22487300327846
GSM3394547,GSE120137,kidney,control,52.149,age_weeks,ridge,False,52.14857142857143,15.996967315673828,36.1516041128976
GSM3394548,GSE120137,kidney,control,52.149,age_weeks,ridge,False,52.14857142857143,29.409690856933594,22.738880571637836
GSM3394549,GSE120137,kidney,control,52.149,age_weeks,ridge,False,52.14857142857143,20.270278930664062,31.878292497907367
GSM3394550,GSE120137,kidney,control,52.149,age_weeks,ridge,False,52.14857142857143,23.588104248046875,28.560467180524554
GSM3394551,GSE120137,kidney,control,78.223,age_weeks,ridge,False,78.22285714285714,16.357345581054688,61.86551156180245
GSM3394552,GSE120137,kidney,control,78.223,age_weeks,ridge,False,78.22285714285714,28.457244873046875,49.76561226981026
GSM3394553,GSE120137,kidney,control,78.223,age_weeks,ridge,False,78.22285714285714,11.987274169921875,66.23558297293526
GSM3394554,GSE120137,kidney,control,78.223,age_weeks,ridge,False,78.22285714285714,19.10731315612793,59.11554398672921
GSM3394555,GSE120137,kidney,control,78.223,age_weeks,ridge,False,78.22285714285714,29.648479461669922,48.574377681187215
GSM3394556,GSE120137,kidney,control,26.074,age_weeks,ridge,False,26.074285714285715,27.877628326416016,-1.803342612130301
GSM3394557,GSE120137,kidney,control,52.149,age_weeks,ridge,False,52.14857142857143,26.53302764892578,25.615543779645648
GSM3394558,GSE120137,kidney,control,78.223,age_weeks,ridge,False,78.22285714285714,27.274206161499023,50.948650981358114
GSM3394559,GSE120137,kidney,control,78.223,age_weeks,ridge,False,78.22285714285714,37.527339935302734,40.6955172075544
GSM3394560,GSE120137,kidney,control,78.223,age_weeks,ridge,False,78.22285714285714,41.34648513793945,36.876372004917684
GSM3394561,GSE120137,kidney,control,78.223,age_weeks,ridge,False,78.22285714285714,15.368404388427734,62.8544527544294
GSM3394562,GSE120137,kidney,control,26.074,age_weeks,ridge,False,26.074285714285715,17.529094696044922,8.545191018240793
GSM3394563,GSE120137,kidney,control,26.074,age_weeks,ridge,False,26.074285714285715,29.152982711791992,-3.0786969975062775
GSM3394564,GSE120137,kidney,control,52.149,age_weeks,ridge,False,52.14857142857143,40.89517593383789,11.253395494733539
GSM3394565,GSE120137,kidney,control,78.223,age_weeks,ridge,False,78.22285714285714,40.22529220581055,37.99756493704659
GSM3394566,GSE120137,kidney,control,78.223,age_weeks,ridge,False,78.22285714285714,29.141868591308594,49.08098855154854
GSM3394567,GSE120137,kidney,control,26.074,age_weeks,ridge,False,26.074285714285715,23.12704086303711,2.9472448512486054
GSM3394568,GSE120137,kidney,control,26.074,age_weeks,ridge,False,26.074285714285715,31.405548095703125,-5.33126238141741
GSM3394569,GSE120137,kidney,control,26.074,age_weeks,ridge,False,26.074285714285715,9.43792724609375,16.636358468191965
GSM3394570,GSE120137,kidney,control,52.149,age_weeks,ridge,False,52.14857142857143,25.918432235717773,26.230139192853656
GSM3394571,GSE120137,kidney,control,52.149,age_weeks,ridge,False,52.14857142857143,39.43008041381836,12.71849101475307
GSM3394572,GSE120137,kidney,control,52.149,age_weeks,ridge,False,52.14857142857143,30.172039031982422,21.976532396589008
GSM3394573,GSE120137,kidney,control,78.223,age_weeks,ridge,False,78.22285714285714,37.88137435913086,40.34148278372628
GSM3394574,GSE120137,kidney,control,78.223,age_weeks,ridge,False,78.22285714285714,39.21913146972656,39.003725673130575
GSM3394575,GSE120137,kidney,control,78.223,age_weeks,ridge,False,78.22285714285714,33.07145690917969,45.15140023367745
GSM3394576,GSE120137,kidney,control,26.074,age_weeks,ridge,False,26.074285714285715,13.306053161621094,12.768232552664621
GSM3394577,GSE120137,kidney,control,26.074,age_weeks,ridge,False,26.074285714285715,9.349533081054688,16.724752633231027
GSM3394578,GSE120137,kidney,control,52.149,age_weeks,ridge,False,52.14857142857143,30.555057525634766,21.593513902936664
GSM3394579,GSE120137,kidney,control,26.074,age_weeks,ridge,False,26.074285714285715,14.618911743164062,11.455373971121652
GSM3394580,GSE120137,kidney,control,26.074,age_weeks,ridge,False,26.074285714285715,15.219581604003906,10.854704110281808
GSM3394581,GSE120137,kidney,control,52.149,age_weeks,ridge,False,52.14857142857143,22.932846069335938,29.215725359235492
GSM3394582,GSE120137,kidney,control,52.149,age_weeks,ridge,False,52.14857142857143,18.535926818847656,33.61264460972377
GSM3394583,GSE120137,kidney,control,78.223,age_weeks,ridge,False,78.22285714285714,21.527694702148438,56.6951624407087
GSM3394584,GSE120137,kidney,control,26.074,age_weeks,ridge,False,26.074285714285715,19.506603240966797,6.567682473318918
GSM3394585,GSE120137,kidney,control,26.074,age_weeks,ridge,False,26.074285714285715,25.27215576171875,0.8021299525669647
GSM3394586,GSE120137,kidney,control,26.074,age_weeks,ridge,False,26.074285714285715,18.676837921142578,7.397447793143137
GSM3394587,GSE120137,kidney,control,26.074,age_weeks,ridge,False,26.074285714285715,13.932758331298828,12.141527382986887
GSM3394588,GSE120137,kidney,control,26.074,age_weeks,ridge,False,26.074285714285715,11.058536529541016,15.015749184744699
GSM3394589,GSE120137,kidney,control,52.149,age_weeks,ridge,False,52.14857142857143,11.775897979736328,40.3726734488351
GSM3394590,GSE120137,kidney,control,52.149,age_weeks,ridge,False,52.14857142857143,24.41460418701172,27.73396724155971
GSM3394591,GSE120137,kidney,control,52.149,age_weeks,ridge,False,52.14857142857143,35.115638732910156,17.032932695661273
GSM3394592,GSE120137,kidney,control,78.223,age_weeks,ridge,False,78.22285714285714,24.472179412841797,53.75067773001534
GSM3394593,GSE120137,kidney,control,78.223,age_weeks,ridge,False,78.22285714285714,51.33906173706055,26.88379540579659
GSM3394594,GSE120137,kidney,control,78.223,age_weeks,ridge,False,78.22285714285714,20.896581649780273,57.326275493076864
GSM3394595,GSE120137,kidney,control,78.223,age_weeks,ridge,False,78.22285714285714,60.35590744018555,17.86694970267159
GSM3394596,GSE120137,kidney,control,78.223,age_weeks,ridge,False,78.22285714285714,22.84954071044922,55.37331643240792
GSM3394597,GSE120137,kidney,control,26.074,age_weeks,ridge,False,26.074285714285715,28.358360290527344,-2.284074576241629
GSM3394598,GSE120137,kidney,control,26.074,age_weeks,ridge,False,26.074285714285715,26.469371795654297,-0.39508608136858214
GSM3394599,GSE120137,kidney,control,26.074,age_weeks,ridge,False,26.074285714285715,5.726665496826172,20.347620217459543
GSM3394600,GSE120137,kidney,control,26.074,age_weeks,ridge,False,26.074285714285715,25.961524963378906,0.11276075090680848
GSM3394601,GSE120137,kidney,control,26.074,age_weeks,ridge,False,26.074285714285715,22.119348526000977,3.954937188284738
GSM3394602,GSE120137,kidney,control,26.074,age_weeks,ridge,False,26.074285714285715,24.29010772705078,1.7841779872349335
GSM3394603,GSE120137,kidney,control,52.149,age_weeks,ridge,False,52.14857142857143,29.227205276489258,22.92136615208217
GSM3394604,GSE120137,kidney,control,52.149,age_weeks,ridge,False,52.14857142857143,13.418014526367188,38.73055690220424
GSM3394605,GSE120137,kidney,control,78.223,age_weeks,ridge,False,78.22285714285714,33.68198013305664,44.5408770098005
GSM3394606,GSE120137,kidney,control,78.223,age_weeks,ridge,False,78.22285714285714,9.932453155517578,68.29040398733956
GSM3394607,GSE120137,kidney,control,78.223,age_weeks,ridge,False,78.22285714285714,23.43419075012207,54.78866639273507
GSM3394608,GSE120137,kidney,control,78.223,age_weeks,ridge,False,78.22285714285714,38.42068099975586,39.80217614310128
GSM3394609,GSE120137,kidney,control,78.223,age_weeks,ridge,False,78.22285714285714,25.408815383911133,52.814041758946004
GSM3394610,GSE120137,kidney,control,78.223,age_weeks,ridge,False,78.22285714285714,21.242753982543945,56.98010316031319
GSM3394611,GSE120137,kidney,control,78.223,age_weeks,ridge,False,78.22285714285714,37.049476623535156,41.17338051932198
GSM3394612,GSE120137,kidney,control,78.223,age_weeks,ridge,False,78.22285714285714,28.88249397277832,49.34036317007882
GSM3394613,GSE120137,kidney,control,26.074,age_weeks,ridge,False,26.074285714285715,29.059560775756836,-2.985275061471121
GSM3394614,GSE120137,kidney,control,26.074,age_weeks,ridge,False,26.074285714285715,25.297786712646484,0.7764990016392304
GSM3394615,GSE120137,kidney,control,26.074,age_weeks,ridge,False,26.074285714285715,32.634925842285156,-6.5606401279994415
GSM3394616,GSE120137,kidney,control,26.074,age_weeks,ridge,False,26.074285714285715,19.685733795166016,6.388551919119699
GSM3394617,GSE120137,kidney,control,26.074,age_weeks,ridge,False,26.074285714285715,21.578777313232422,4.495508401053293
GSM3394618,GSE120137,kidney,control,26.074,age_weeks,ridge,False,26.074285714285715,25.92545509338379,0.14883062090192567
GSM3394619,GSE120137,kidney,control,26.074,age_weeks,ridge,False,26.074285714285715,19.440898895263672,6.633386819022043
GSM3394620,GSE120137,kidney,control,26.074,age_weeks,ridge,False,26.074285714285715,31.91901397705078,-5.8447282627650665
GSM3394621,GSE120137,kidney,control,26.074,age_weeks,ridge,False,26.074285714285715,8.848560333251953,17.22572538103376
GSM3394622,GSE120137,kidney,control,26.074,age_weeks,ridge,False,26.074285714285715,27.34796905517578,-1.2736833408900665
GSM3394623,GSE120137,kidney,control,26.074,age_weeks,ridge,False,26.074285714285715,25.988391876220703,0.08589383806501161
GSM3394624,GSE120137,kidney,control,26.074,age_weeks,ridge,False,26.074285714285715,36.28697204589844,-10.212686331612723
GSM3394625,GSE120137,kidney,control,26.074,age_weeks,ridge,False,26.074285714285715,8.980865478515625,17.09342023577009
GSM3394626,GSE120137,kidney,control,26.074,age_weeks,ridge,False,26.074285714285715,16.754528045654297,9.319757668631418
GSM3394627,GSE120137,kidney,control,26.074,age_weeks,ridge,False,26.074285714285715,18.958721160888672,7.115564553397043
GSM3394628,GSE120137,kidney,control,26.074,age_weeks,ridge,False,26.074285714285715,25.649412155151367,0.42487355913434754
GSM3394629,GSE120137,kidney,control,52.149,age_weeks,ridge,False,52.14857142857143,33.14227294921875,19.00629847935268
GSM3394630,GSE120137,kidney,control,52.149,age_weeks,ridge,False,52.14857142857143,18.914241790771484,33.234329637799945
GSM3394631,GSE120137,kidney,control,52.149,age_weeks,ridge,False,52.14857142857143,17.968429565429688,34.18014186314174
GSM3394632,GSE120137,kidney,control,52.149,age_weeks,ridge,False,52.14857142857143,26.350234985351562,25.798336443219867
GSM3394633,GSE120137,kidney,control,52.149,age_weeks,ridge,False,52.14857142857143,32.080528259277344,20.068043169294086
GSM3394634,GSE120137,kidney,control,52.149,age_weeks,ridge,False,52.14857142857143,14.975944519042969,37.17262690952846
GSM3394635,GSE120137,kidney,control,52.149,age_weeks,ridge,False,52.14857142857143,29.775278091430664,22.373293337140765
GSM3394636,GSE120137,kidney,control,52.149,age_weeks,ridge,False,52.14857142857143,23.52208709716797,28.62648433140346
GSM3394637,GSE120137,kidney,control,52.149,age_weeks,ridge,False,52.14857142857143,31.957592010498047,20.190979418073383
GSM3394638,GSE120137,kidney,control,52.149,age_weeks,ridge,False,52.14857142857143,29.189369201660156,22.959202226911273
GSM3394639,GSE120137,kidney,control,52.149,age_weeks,ridge,False,52.14857142857143,14.991096496582031,37.1574749319894
GSM3394640,GSE120137,kidney,control,52.149,age_weeks,ridge,False,52.14857142857143,25.27663230895996,26.87193911961147
GSM3394641,GSE120137,kidney,control,52.149,age_weeks,ridge,False,52.14857142857143,21.351049423217773,30.797522005353656
GSM3394642,GSE120137,kidney,control,52.149,age_weeks,ridge,False,52.14857142857143,21.460012435913086,30.688558992658344
GSM3394643,GSE120137,kidney,control,52.149,age_weeks,ridge,False,52.14857142857143,14.328285217285156,37.82028621128627
GSM3394644,GSE120137,kidney,control,78.223,age_weeks,ridge,False,78.22285714285714,17.364765167236328,60.85809197562081
GSM3394645,GSE120137,kidney,control,78.223,age_weeks,ridge,False,78.22285714285714,29.583446502685547,48.63941064017159
GSM3394646,GSE120137,kidney,control,78.223,age_weeks,ridge,False,78.22285714285714,26.12690544128418,52.09595170157296
GSM3394647,GSE120137,kidney,control,78.223,age_weeks,ridge,False,78.22285714285714,32.5956916809082,45.627165461948934
GSM3394648,GSE120137,kidney,control,78.223,age_weeks,ridge,False,78.22285714285714,34.63850784301758,43.58434929983956
GSM3394649,GSE120137,kidney,control,78.223,age_weeks,ridge,False,78.22285714285714,36.39076614379883,41.83209099905831
GSM3394650,GSE120137,kidney,control,78.223,age_weeks,ridge,False,78.22285714285714,18.88595199584961,59.33690514700753
GSM3394651,GSE120137,kidney,control,78.223,age_weeks,ridge,False,78.22285714285714,32.134735107421875,46.08812203543526
GSM3394652,GSE120137,kidney,control,78.223,age_weeks,ridge,False,78.22285714285714,38.896671295166016,39.32618584769112
GSM3394653,GSE120137,kidney,control,78.223,age_weeks,ridge,False,78.22285714285714,39.98308563232422,38.23977151053292
GSM3394654,GSE120137,kidney,control,26.074,age_weeks,ridge,False,26.074285714285715,13.528934478759766,12.545351235525949
GSM3394655,GSE120137,kidney,control,26.074,age_weeks,ridge,False,26.074285714285715,26.82453727722168,-0.750251562935965
GSM3394656,GSE120137,kidney,control,26.074,age_weeks,ridge,False,26.074285714285715,19.036983489990234,7.03730222429548
GSM3394657,GSE120137,kidney,control,26.074,age_weeks,ridge,False,26.074285714285715,30.9541015625,-4.879815848214285
GSM3394658,GSE120137,kidney,control,26.074,age_weeks,ridge,False,26.074285714285715,17.96800994873047,8.106275765555246
GSM3394659,GSE120137,kidney,control,26.074,age_weeks,ridge,False,26.074285714285715,19.386133193969727,6.688152520315988
GSM3394660,GSE120137,kidney,control,26.074,age_weeks,ridge,False,26.074285714285715,14.506229400634766,11.568056313650949
GSM3394661,GSE120137,kidney,control,26.074,age_weeks,ridge,False,26.074285714285715,10.417495727539062,15.656789986746652
GSM3394662,GSE120137,kidney,control,26.074,age_weeks,ridge,False,26.074285714285715,8.373035430908203,17.70125028337751
GSM3394663,GSE120137,kidney,control,52.149,age_weeks,ridge,False,52.14857142857143,28.20053482055664,23.94803660801479
GSM3394664,GSE120137,kidney,control,52.149,age_weeks,ridge,False,52.14857142857143,17.455589294433594,34.692982134137836
GSM3394665,GSE120137,kidney,control,52.149,age_weeks,ridge,False,52.14857142857143,12.860008239746094,39.288563188825336
GSM3394666,GSE120137,kidney,control,52.149,age_weeks,ridge,False,52.14857142857143,28.076810836791992,24.071760591779437
GSM3394667,GSE120137,kidney,control,52.149,age_weeks,ridge,False,52.14857142857143,22.79947853088379,29.34909289768764
GSM3394668,GSE120137,kidney,control,52.149,age_weeks,ridge,False,52.14857142857143,24.57962989807129,27.56894153050014
GSM3394669,GSE120137,kidney,control,52.149,age_weeks,ridge,False,52.14857142857143,37.61127853393555,14.537292894635883
GSM3394670,GSE120137,kidney,control,52.149,age_weeks,ridge,False,52.14857142857143,26.62744903564453,25.521122392926898
GSM3394671,GSE120137,kidney,control,78.223,age_weeks,ridge,False,78.22285714285714,11.635581970214844,66.5872751726423
GSM3394672,GSE120137,kidney,control,78.223,age_weeks,ridge,False,78.22285714285714,26.514488220214844,51.70836892264229
GSM3394673,GSE120137,kidney,control,78.223,age_weeks,ridge,False,78.22285714285714,29.931926727294922,48.290930415562215
GSM3394674,GSE120137,kidney,control,78.223,age_weeks,ridge,False,78.22285714285714,25.314529418945312,52.908327723911825
GSM3394675,GSE120137,kidney,control,78.223,age_weeks,ridge,False,78.22285714285714,34.8007926940918,43.42206444876534
GSM3394676,GSE120137,kidney,control,78.223,age_weeks,ridge,False,78.22285714285714,33.34709167480469,44.87576546805245
GSM3394677,GSE120137,kidney,control,78.223,age_weeks,ridge,False,78.22285714285714,31.22935676574707,46.99350037711007
GSM3394678,GSE120137,kidney,control,78.223,age_weeks,ridge,False,78.22285714285714,24.377212524414062,53.845644618443075
GSM3394679,GSE120137,kidney,control,78.223,age_weeks,ridge,False,78.22285714285714,21.536174774169922,56.686682368687215
GSM3394680,GSE120137,kidney,control,78.223,age_weeks,ridge,False,78.22285714285714,40.39540100097656,37.827456141880575
GSM3394681,GSE120137,kidney,control,78.223,age_weeks,ridge,False,78.22285714285714,31.15135383605957,47.07150330679757
GSM3394682,GSE120137,kidney,control,26.074,age_weeks,ridge,False,26.074285714285715,26.744735717773438,-0.6704500034877228
GSM3394683,GSE120137,kidney,control,26.074,age_weeks,ridge,False,26.074285714285715,19.27802276611328,6.7962629481724335
GSM3394684,GSE120137,kidney,control,26.074,age_weeks,ridge,False,26.074285714285715,18.91897964477539,7.155306069510324
GSM3394685,GSE120137,kidney,control,26.074,age_weeks,ridge,False,26.074285714285715,15.884834289550781,10.189451424734933
GSM3394686,GSE120137,kidney,control,26.074,age_weeks,ridge,False,26.074285714285715,30.853397369384766,-4.779111655099051
GSM3394687,GSE120137,kidney,control,52.149,age_weeks,ridge,False,52.14857142857143,29.080406188964844,23.068165239606586
GSM3394688,GSE120137,kidney,control,52.149,age_weeks,ridge,False,52.14857142857143,23.92728614807129,28.22128528050014
GSM3394689,GSE120137,kidney,control,52.149,age_weeks,ridge,False,52.14857142857143,29.86935806274414,22.27921336582729
GSM3394690,GSE120137,kidney,control,52.149,age_weeks,ridge,False,52.14857142857143,8.498714447021484,43.649856981549945
GSM3394691,GSE120137,kidney,control,52.149,age_weeks,ridge,False,52.14857142857143,36.378501892089844,15.770069536481586
GSM3394692,GSE120137,kidney,control,52.149,age_weeks,ridge,False,52.14857142857143,14.012130737304688,38.13644069126674
GSM3394693,GSE120137,kidney,control,52.149,age_weeks,ridge,False,52.14857142857143,25.844327926635742,26.304243501935687
GSM3394694,GSE120137,kidney,control,78.223,age_weeks,ridge,False,78.22285714285714,19.00304412841797,59.21981301443917
GSM3394695,GSE120137,kidney,control,78.223,age_weeks,ridge,False,78.22285714285714,41.41005325317383,36.81280388968331
GSM3394696,GSE120137,kidney,control,78.223,age_weeks,ridge,False,78.22285714285714,18.51336669921875,59.70949044363839
GSM3394697,GSE120137,kidney,control,26.074,age_weeks,ridge,False,26.074285714285715,30.00586700439453,-3.9315812901088165
GSM3394698,GSE120137,kidney,control,26.074,age_weeks,ridge,False,26.074285714285715,14.850757598876953,11.223528115408762
GSM3394699,GSE120137,kidney,control,52.149,age_weeks,ridge,False,52.14857142857143,20.20499038696289,31.94358104160854
GSM3394700,GSE120137,kidney,control,52.149,age_weeks,ridge,False,52.14857142857143,19.563922882080078,32.58464854649135
GSM3394701,GSE120137,kidney,control,52.149,age_weeks,ridge,False,52.14857142857143,36.065650939941406,16.082920488630023
GSM3394702,GSE120137,kidney,control,52.149,age_weeks,ridge,False,52.14857142857143,20.838817596435547,31.309753832135883
GSM3394703,GSE120137,kidney,control,52.149,age_weeks,ridge,False,52.14857142857143,21.812206268310547,30.336365160260883
GSM3394704,GSE120137,kidney,control,52.149,age_weeks,ridge,False,52.14857142857143,27.69397735595703,24.454594072614398
GSM3394705,GSE120137,kidney,control,78.223,age_weeks,ridge,False,78.22285714285714,25.401016235351562,52.821840907505575
GSM3394706,GSE120137,kidney,control,78.223,age_weeks,ridge,False,78.22285714285714,28.266592025756836,49.9562651171003
GSM3394707,GSE120137,kidney,control,78.223,age_weeks,ridge,False,78.22285714285714,28.955278396606445,49.26757874625069
GSM3394708,GSE120137,kidney,control,78.223,age_weeks,ridge,False,78.22285714285714,34.009796142578125,44.21306100027901
GSM3394709,GSE120137,kidney,control,78.223,age_weeks,ridge,False,78.22285714285714,26.314838409423828,51.90801873343331
GSM3394710,GSE120137,kidney,control,78.223,age_weeks,ridge,False,78.22285714285714,28.30654525756836,49.91631188528878
GSM3394711,GSE120137,kidney,control,78.223,age_weeks,ridge,False,78.22285714285714,32.205841064453125,46.01701607840401
GSM3394712,GSE120137,kidney,control,26.074,age_weeks,ridge,False,26.074285714285715,9.965522766113281,16.108762948172433
GSM3394713,GSE120137,kidney,control,52.149,age_weeks,ridge,False,52.14857142857143,27.05039405822754,25.09817737034389
GSM3394714,GSE120137,kidney,control,52.149,age_weeks,ridge,False,52.14857142857143,19.555307388305664,32.593264040265765
GSM3394715,GSE120137,kidney,control,52.149,age_weeks,ridge,False,52.14857142857143,9.823257446289062,42.32531398228237
GSM3394716,GSE120137,kidney,control,52.149,age_weeks,ridge,False,52.14857142857143,22.29975700378418,29.84881442478725
GSM3394717,GSE120137,kidney,control,52.149,age_weeks,ridge,False,52.14857142857143,21.948997497558594,30.199573931012836
GSM3394718,GSE120137,kidney,control,78.223,age_weeks,ridge,False,78.22285714285714,23.239486694335938,54.9833704485212
GSM3394719,GSE120137,kidney,control,78.223,age_weeks,ridge,False,78.22285714285714,21.90003776550293,56.32281937735421
GSM3394720,GSE120137,kidney,control,78.223,age_weeks,ridge,False,78.22285714285714,18.222270965576172,60.000586177280965
GSM2132712,GSE80672,blood,control,2.912,age_weeks,ridge,False,2.9115714285714285,13.115222930908203,-10.203651502336776
GSM2132713,GSE80672,blood,control,2.912,age_weeks,ridge,False,2.9115714285714285,27.109500885009766,-24.197929456438338
GSM2132714,GSE80672,blood,control,2.912,age_weeks,ridge,False,2.9115714285714285,30.908716201782227,-27.9971447732108
GSM2132715,GSE80672,blood,control,2.912,age_weeks,ridge,False,2.9115714285714285,27.93235969543457,-25.020788266863143
GSM2132716,GSE80672,blood,control,2.912,age_weeks,ridge,False,2.9115714285714285,29.026220321655273,-26.114648893083846
GSM2132717,GSE80672,blood,control,2.912,age_weeks,ridge,False,2.9115714285714285,31.032257080078125,-28.120685651506697
GSM2132718,GSE80672,blood,control,5.084,age_weeks,ridge,False,5.084428571428572,43.58538818359375,-38.500959612165175
GSM2132719,GSE80672,blood,control,5.084,age_weeks,ridge,False,5.084428571428572,33.58527755737305,-28.500848985944476
GSM2132720,GSE80672,blood,control,5.084,age_weeks,ridge,False,5.084428571428572,27.22568130493164,-22.14125273350307
GSM2132721,GSE80672,blood,control,5.084,age_weeks,ridge,False,5.084428571428572,32.5068473815918,-27.422418810163226
GSM2132722,GSE80672,blood,control,5.084,age_weeks,ridge,False,5.084428571428572,37.794158935546875,-32.7097303641183
GSM2132723,GSE80672,blood,control,5.084,age_weeks,ridge,False,5.084428571428572,35.885154724121094,-30.800726152692523
GSM2132724,GSE80672,blood,CR,43.457,age_weeks,ridge,False,43.457142857142856,68.38467407226562,-24.92753121512277
GSM2132725,GSE80672,blood,CR,43.457,age_weeks,ridge,False,43.457142857142856,69.83535766601562,-26.37821480887277
GSM2132726,GSE80672,blood,CR,43.457,age_weeks,ridge,False,43.457142857142856,65.8205337524414,-22.36339089529855
GSM2132727,GSE80672,blood,CR,43.457,age_weeks,ridge,False,43.457142857142856,75.24226379394531,-31.785120936802457
GSM2132728,GSE80672,blood,CR,43.457,age_weeks,ridge,False,43.457142857142856,73.18873596191406,-29.731593104771207
GSM2132729,GSE80672,blood,CR,78.223,age_weeks,ridge,False,78.22285714285714,81.39875793457031,-3.1759007917131754
GSM2132730,GSE80672,blood,CR,78.223,age_weeks,ridge,False,78.22285714285714,73.01688385009766,5.205973292759481
GSM2132731,GSE80672,blood,CR,78.223,age_weeks,ridge,False,78.22285714285714,102.02351379394531,-23.800656651088175
GSM2132732,GSE80672,blood,CR,78.223,age_weeks,ridge,False,78.22285714285714,81.02125549316406,-2.7983983503069254
GSM2132733,GSE80672,blood,CR,78.223,age_weeks,ridge,False,78.22285714285714,98.23591613769531,-20.013058994838175
GSM2132734,GSE80672,blood,CR,99.951,age_weeks,ridge,False,99.95142857142856,76.48956298828125,23.461865583147315
GSM2132735,GSE80672,blood,CR,99.951,age_weeks,ridge,False,99.95142857142856,88.27360534667969,11.677823224748877
GSM2132736,GSE80672,blood,CR,99.951,age_weeks,ridge,False,99.95142857142856,93.3758544921875,6.575574079241065
GSM2132737,GSE80672,blood,CR,99.951,age_weeks,ridge,False,99.95142857142856,107.59661102294922,-7.645182451520654
GSM2132738,GSE80672,blood,CR,99.951,age_weeks,ridge,False,99.95142857142856,73.53897857666016,26.41244999476841
GSM2132739,GSE80672,blood,CR,117.334,age_weeks,ridge,False,117.33428571428571,93.92298889160156,23.41129682268415
GSM2132740,GSE80672,blood,CR,117.334,age_weeks,ridge,False,117.33428571428571,91.16545867919922,26.168827035086494
GSM2132741,GSE80672,blood,CR,117.334,age_weeks,ridge,False,117.33428571428571,84.91492462158203,32.41936109270368
GSM2132742,GSE80672,blood,CR,117.334,age_weeks,ridge,False,117.33428571428571,95.6204833984375,21.713802315848213
GSM2132743,GSE80672,blood,CR,117.334,age_weeks,ridge,False,117.33428571428571,86.62702178955078,30.70726392473493
GSM2132744,GSE80672,blood,control,86.914,age_weeks,ridge,False,86.91428571428571,98.43692016601562,-11.522634451729914
GSM2132745,GSE80672,blood,control,86.914,age_weeks,ridge,False,86.91428571428571,90.97975158691406,-4.0654658726283515
GSM2132746,GSE80672,blood,control,86.914,age_weeks,ridge,False,86.91428571428571,88.58869934082031,-1.6744136265346015
GSM2132747,GSE80672,blood,control,86.914,age_weeks,ridge,False,86.91428571428571,88.79010772705078,-1.8758220127650702
GSM2132748,GSE80672,blood,control,86.914,age_weeks,ridge,False,86.91428571428571,95.9825439453125,-9.068258231026789
GSM2132749,GSE80672,blood,control,117.334,age_weeks,ridge,False,117.33428571428571,111.17048645019531,6.1637992640904
GSM2132750,GSE80672,blood,control,117.334,age_weeks,ridge,False,117.33428571428571,109.35377502441406,7.98051068987165
GSM2132751,GSE80672,blood,control,117.334,age_weeks,ridge,False,117.33428571428571,103.15144348144531,14.1828422328404
GSM2132752,GSE80672,blood,control,117.334,age_weeks,ridge,False,117.33428571428571,106.11345672607422,11.220828988211494
GSM2132753,GSE80672,blood,control,117.334,age_weeks,ridge,False,117.33428571428571,107.47698974609375,9.857295968191963
GSM2132754,GSE80672,blood,CR,91.26,age_weeks,ridge,False,91.26,73.53978729248047,17.720212707519536
GSM2132755,GSE80672,blood,CR,91.26,age_weeks,ridge,False,91.26,82.0330581665039,9.226941833496099
GSM2132756,GSE80672,blood,CR,91.26,age_weeks,ridge,False,91.26,85.42140197753906,5.838598022460943
GSM2132757,GSE80672,blood,CR,91.26,age_weeks,ridge,False,91.26,88.04275512695312,3.21724487304688
GSM2132758,GSE80672,blood,CR,91.26,age_weeks,ridge,False,91.26,84.82218933105469,6.437810668945318
GSM2132759,GSE80672,blood,CR,91.26,age_weeks,ridge,False,91.26,82.1541748046875,9.105825195312505
GSM2132760,GSE80672,blood,CR,91.26,age_weeks,ridge,False,91.26,81.09075927734375,10.169240722656255
GSM2132761,GSE80672,blood,CR,117.334,age_weeks,ridge,False,117.33428571428571,97.01138305664062,20.322902657645088
GSM2132762,GSE80672,blood,CR,117.334,age_weeks,ridge,False,117.33428571428571,112.33599853515625,4.998287179129463
GSM2132763,GSE80672,blood,CR,117.334,age_weeks,ridge,False,117.33428571428571,96.09403991699219,21.240245797293525
GSM2132764,GSE80672,blood,CR,117.334,age_weeks,ridge,False,117.33428571428571,109.02259063720703,8.311695077078681
GSM2132765,GSE80672,blood,CR,117.334,age_weeks,ridge,False,117.33428571428571,92.87117004394531,24.4631156703404
GSM2132766,GSE80672,blood,control,26.074,age_weeks,ridge,False,26.074285714285715,70.76724243164062,-44.69295671735491
GSM2132767,GSE80672,blood,control,26.074,age_weeks,ridge,False,26.074285714285715,59.13096618652344,-33.05668047223772
GSM2132768,GSE80672,blood,control,26.074,age_weeks,ridge,False,26.074285714285715,44.963951110839844,-18.88966539655413
GSM2132769,GSE80672,blood,control,26.074,age_weeks,ridge,False,26.074285714285715,66.87039184570312,-40.79610613141741
GSM2132770,GSE80672,blood,control,26.074,age_weeks,ridge,False,26.074285714285715,59.6436882019043,-33.56940248761858
GSM2132771,GSE80672,blood,control,26.074,age_weeks,ridge,False,26.074285714285715,75.73789978027344,-49.66361406598772
GSM2132772,GSE80672,blood,control,26.074,age_weeks,ridge,False,26.074285714285715,52.33820343017578,-26.263917715890067
GSM2132773,GSE80672,blood,control,26.074,age_weeks,ridge,False,26.074285714285715,52.21841812133789,-26.144132407052176
GSM2132774,GSE80672,blood,control,26.074,age_weeks,ridge,False,26.074285714285715,59.80564880371094,-33.73136308942522
GSM2132775,GSE80672,blood,control,26.074,age_weeks,ridge,False,26.074285714285715,62.19315719604492,-36.11887148175921
GSM2132776,GSE80672,blood,control,26.074,age_weeks,ridge,False,26.074285714285715,67.57794952392578,-41.50366380964007
GSM2132777,GSE80672,blood,control,26.074,age_weeks,ridge,False,26.074285714285715,65.55298614501953,-39.47870043073382
GSM2132778,GSE80672,blood,control,21.729,age_weeks,ridge,False,21.728571428571428,54.134605407714844,-32.406033979143416
GSM2132779,GSE80672,blood,control,21.729,age_weeks,ridge,False,21.728571428571428,63.480133056640625,-41.7515616280692
GSM2132780,GSE80672,blood,control,21.729,age_weeks,ridge,False,21.728571428571428,67.5478515625,-45.81928013392857
GSM2132781,GSE80672,blood,control,21.729,age_weeks,ridge,False,21.728571428571428,55.91358184814453,-34.1850104195731
GSM2132782,GSE80672,blood,control,26.074,age_weeks,ridge,False,26.074285714285715,53.146671295166016,-27.0723855808803
GSM2132783,GSE80672,blood,control,26.074,age_weeks,ridge,False,26.074285714285715,70.12423706054688,-44.04995134626116
GSM2132784,GSE80672,blood,control,26.074,age_weeks,ridge,False,26.074285714285715,73.24662780761719,-47.17234209333147
GSM2132785,GSE80672,blood,control,26.074,age_weeks,ridge,False,26.074285714285715,68.41537475585938,-42.34108904157366
GSM2132786,GSE80672,blood,control,26.074,age_weeks,ridge,False,26.074285714285715,52.34491729736328,-26.270631583077567
GSM2132787,GSE80672,blood,control,26.074,age_weeks,ridge,False,26.074285714285715,62.73149871826172,-36.657213003976004
GSM2132788,GSE80672,blood,control,26.074,age_weeks,ridge,False,26.074285714285715,74.1827621459961,-48.10847643171038
GSM2132789,GSE80672,blood,control,26.074,age_weeks,ridge,False,26.074285714285715,65.7533950805664,-39.67910936628069
GSM2132790,GSE80672,blood,control,26.074,age_weeks,ridge,False,26.074285714285715,74.56754302978516,-48.49325731549944
GSM2132791,GSE80672,blood,control,26.074,age_weeks,ridge,False,26.074285714285715,62.82759475708008,-36.75330904279436
GSM2132792,GSE80672,blood,control,26.074,age_weeks,ridge,False,26.074285714285715,70.2726821899414,-44.19839647565569
GSM2132793,GSE80672,blood,control,26.074,age_weeks,ridge,False,26.074285714285715,59.204715728759766,-33.13043001447405
GSM2132794,GSE80672,blood,control,26.074,age_weeks,ridge,False,26.074285714285715,69.5320816040039,-43.45779588971819
GSM2132795,GSE80672,blood,control,26.074,age_weeks,ridge,False,26.074285714285715,68.84821319580078,-42.77392748151507
GSM2132796,GSE80672,blood,control,26.074,age_weeks,ridge,False,26.074285714285715,73.69236755371094,-47.61808183942522
GSM2132797,GSE80672,blood,control,26.074,age_weeks,ridge,False,26.074285714285715,70.482421875,-44.408136160714285
GSM2132798,GSE80672,blood,control,26.074,age_weeks,ridge,False,26.074285714285715,70.94486236572266,-44.87057665143694
GSM2132799,GSE80672,blood,control,26.074,age_weeks,ridge,False,26.074285714285715,77.76564025878906,-51.69135454450335
GSM2132800,GSE80672,blood,control,26.074,age_weeks,ridge,False,26.074285714285715,64.82652282714844,-38.75223711286272
GSM2132801,GSE80672,blood,control,26.074,age_weeks,ridge,False,26.074285714285715,62.75413131713867,-36.67984560285296
GSM2132802,GSE80672,blood,control,26.074,age_weeks,ridge,False,26.074285714285715,64.47726440429688,-38.40297869001116
GSM2132803,GSE80672,blood,control,26.074,age_weeks,ridge,False,26.074285714285715,63.20744323730469,-37.13315752301897
GSM2132804,GSE80672,blood,control,26.074,age_weeks,ridge,False,26.074285714285715,77.07601165771484,-51.00172594342913
GSM2132805,GSE80672,blood,control,26.074,age_weeks,ridge,False,26.074285714285715,75.92928314208984,-49.85499742780413
GSM2132806,GSE80672,blood,control,26.074,age_weeks,ridge,False,26.074285714285715,75.25981140136719,-49.18552568708147
GSM2132807,GSE80672,blood,control,26.074,age_weeks,ridge,False,26.074285714285715,75.74742126464844,-49.67313555036272
GSM2132808,GSE80672,blood,control,26.074,age_weeks,ridge,False,26.074285714285715,61.165157318115234,-35.09087160382952
GSM2132809,GSE80672,blood,control,26.074,age_weeks,ridge,False,26.074285714285715,60.06597137451172,-33.991685660226004
GSM2132810,GSE80672,blood,control,26.074,age_weeks,ridge,False,26.074285714285715,78.2830810546875,-52.208795340401785
GSM2132811,GSE80672,blood,control,26.074,age_weeks,ridge,False,26.074285714285715,68.21751403808594,-42.14322832380022
GSM2132812,GSE80672,blood,control,26.074,age_weeks,ridge,False,26.074285714285715,72.02684783935547,-45.952562125069754
GSM2132813,GSE80672,blood,control,26.074,age_weeks,ridge,False,26.074285714285715,65.89021301269531,-39.8159272984096
GSM2132814,GSE80672,fibroblast,control,10.864,age_weeks,ridge,False,10.864285714285714,171.36639404296875,-160.50210832868305
GSM2132815,GSE80672,fibroblast,control,10.864,age_weeks,ridge,False,10.864285714285714,163.4278564453125,-152.5635707310268
GSM2132816,GSE80672,fibroblast,control,10.864,age_weeks,ridge,False,10.864285714285714,137.97494506835938,-127.11065935407366
GSM2132817,GSE80672,fibroblast,control,10.864,age_weeks,ridge,False,10.864285714285714,129.69329833984375,-118.82901262555804
GSM2132818,GSE80672,fibroblast,control,10.864,age_weeks,ridge,False,10.864285714285714,130.4464569091797,-119.58217119489397
GSM2132819,GSE80672,fibroblast,control,10.864,age_weeks,ridge,False,10.864285714285714,117.843994140625,-106.97970842633929
GSM2132820,GSE80672,blood,control,13.037,age_weeks,ridge,False,13.037142857142857,54.74730682373047,-41.710163966587615
GSM2132821,GSE80672,blood,control,13.037,age_weeks,ridge,False,13.037142857142857,67.74232482910156,-54.70518197195871
GSM2132822,GSE80672,blood,control,13.037,age_weeks,ridge,False,13.037142857142857,57.848358154296875,-44.81121529715402
GSM2132823,GSE80672,blood,control,13.037,age_weeks,ridge,False,13.037142857142857,50.89857482910156,-37.86143197195871
GSM2132824,GSE80672,blood,control,13.037,age_weeks,ridge,False,13.037142857142857,74.12527465820312,-61.08813180106027
GSM2132825,GSE80672,blood,control,13.037,age_weeks,ridge,False,13.037142857142857,51.96967315673828,-38.93253029959543
GSM2132826,GSE80672,blood,control,13.037,age_weeks,ridge,False,13.037142857142857,52.215362548828125,-39.17821969168527
GSM2132827,GSE80672,blood,control,13.037,age_weeks,ridge,False,13.037142857142857,57.670204162597656,-44.6330613054548
GSM2132828,GSE80672,blood,control,13.037,age_weeks,ridge,False,13.037142857142857,59.617698669433594,-46.58055581229074
GSM2132829,GSE80672,blood,control,17.383,age_weeks,ridge,False,17.382857142857144,46.47168731689453,-29.088830174037387
GSM2132830,GSE80672,blood,control,17.383,age_weeks,ridge,False,17.382857142857144,71.93130493164062,-54.54844778878348
GSM2132831,GSE80672,blood,control,17.383,age_weeks,ridge,False,17.382857142857144,72.19386291503906,-54.811005772181915
GSM2132832,GSE80672,blood,control,17.383,age_weeks,ridge,False,17.382857142857144,59.88151168823242,-42.498654545375274
GSM2132833,GSE80672,blood,control,17.383,age_weeks,ridge,False,17.382857142857144,57.40875244140625,-40.0258952985491
GSM2132834,GSE80672,blood,control,17.383,age_weeks,ridge,False,17.382857142857144,58.87781524658203,-41.49495810372488
GSM2132835,GSE80672,blood,control,17.383,age_weeks,ridge,False,17.382857142857144,55.342567443847656,-37.95971030099051
GSM2132836,GSE80672,blood,control,17.383,age_weeks,ridge,False,17.382857142857144,50.29169845581055,-32.9088413129534
GSM2132837,GSE80672,blood,control,17.383,age_weeks,ridge,False,17.382857142857144,48.88532257080078,-31.502465427943637
GSM2132838,GSE80672,blood,control,26.074,age_weeks,ridge,False,26.074285714285715,73.96560668945312,-47.89132097516741
GSM2132839,GSE80672,blood,control,26.074,age_weeks,ridge,False,26.074285714285715,73.98519134521484,-47.91090563092913
GSM2132840,GSE80672,blood,control,26.074,age_weeks,ridge,False,26.074285714285715,89.61783599853516,-63.54355028424944
GSM2132841,GSE80672,blood,control,26.074,age_weeks,ridge,False,26.074285714285715,79.09638977050781,-53.0221040562221
GSM2132842,GSE80672,blood,control,26.074,age_weeks,ridge,False,26.074285714285715,66.51518249511719,-40.44089678083147
GSM2132843,GSE80672,blood,control,26.074,age_weeks,ridge,False,26.074285714285715,73.09735107421875,-47.023065359933035
GSM2132844,GSE80672,blood,control,26.074,age_weeks,ridge,False,26.074285714285715,70.34483337402344,-44.27054765973772
GSM2132845,GSE80672,blood,control,26.074,age_weeks,ridge,False,26.074285714285715,73.32996368408203,-47.25567796979632
GSM2132846,GSE80672,blood,control,26.074,age_weeks,ridge,False,26.074285714285715,78.88677978515625,-52.812494070870535
GSM2132847,GSE80672,blood,control,34.766,age_weeks,ridge,False,34.76571428571429,67.1071548461914,-32.34144056047712
GSM2132848,GSE80672,blood,control,34.766,age_weeks,ridge,False,34.76571428571429,77.15391540527344,-42.38820111955915
GSM2132849,GSE80672,blood,control,34.766,age_weeks,ridge,False,34.76571428571429,74.04571533203125,-39.28000104631696
GSM2132850,GSE80672,blood,control,34.766,age_weeks,ridge,False,34.76571428571429,70.23344421386719,-35.4677299281529
GSM2132851,GSE80672,blood,control,34.766,age_weeks,ridge,False,34.76571428571429,56.69152069091797,-21.92580640520368
GSM2132852,GSE80672,blood,control,34.766,age_weeks,ridge,False,34.76571428571429,86.56968688964844,-51.80397260393415
GSM2132853,GSE80672,blood,control,34.766,age_weeks,ridge,False,34.76571428571429,69.1608657836914,-34.39515149797712
GSM2132854,GSE80672,blood,control,34.766,age_weeks,ridge,False,34.76571428571429,77.71443176269531,-42.948717476981024
GSM2132855,GSE80672,blood,control,34.766,age_weeks,ridge,False,34.76571428571429,75.68245697021484,-40.916742684500555
GSM2132856,GSE80672,blood,control,43.457,age_weeks,ridge,False,43.457142857142856,76.40470886230469,-32.94756600516183
GSM2132857,GSE80672,blood,control,43.457,age_weeks,ridge,False,43.457142857142856,63.20274353027344,-19.745600673130582
GSM2132858,GSE80672,blood,control,43.457,age_weeks,ridge,False,43.457142857142856,74.5467300415039,-31.08958718436105
GSM2132859,GSE80672,blood,control,43.457,age_weeks,ridge,False,43.457142857142856,103.53550720214844,-60.07836434500558
GSM2132860,GSE80672,blood,control,43.457,age_weeks,ridge,False,43.457142857142856,77.16869354248047,-33.71155068533761
GSM2132861,GSE80672,blood,control,43.457,age_weeks,ridge,False,43.457142857142856,92.10714721679688,-48.65000435965402
GSM2132862,GSE80672,blood,control,43.457,age_weeks,ridge,False,43.457142857142856,72.28952026367188,-28.83237740652902
GSM2132863,GSE80672,blood,control,43.457,age_weeks,ridge,False,43.457142857142856,82.28445434570312,-38.82731148856027
GSM2132864,GSE80672,blood,control,43.457,age_weeks,ridge,False,43.457142857142856,72.13217163085938,-28.67502877371652
GSM2132865,GSE80672,blood,control,52.149,age_weeks,ridge,False,52.14857142857143,86.07829284667969,-33.92972141810826
GSM2132866,GSE80672,blood,control,52.149,age_weeks,ridge,False,52.14857142857143,76.2895736694336,-24.141002240862164
GSM2132867,GSE80672,blood,control,52.149,age_weeks,ridge,False,52.14857142857143,74.23503875732422,-22.08646732875279
GSM2132868,GSE80672,blood,control,52.149,age_weeks,ridge,False,52.14857142857143,80.68974304199219,-28.541171613420758
GSM2132869,GSE80672,blood,control,52.149,age_weeks,ridge,False,52.14857142857143,82.0974349975586,-29.948863568987164
GSM2132870,GSE80672,blood,control,52.149,age_weeks,ridge,False,52.14857142857143,81.754638671875,-29.60606724330357
GSM2132871,GSE80672,blood,control,52.149,age_weeks,ridge,False,52.14857142857143,81.79611206054688,-29.647540631975446
GSM2132872,GSE80672,blood,control,52.149,age_weeks,ridge,False,52.14857142857143,80.12968444824219,-27.981113019670758
GSM2132873,GSE80672,blood,control,52.149,age_weeks,ridge,False,52.14857142857143,79.53441619873047,-27.38584477015904
GSM2132874,GSE80672,blood,control,52.149,age_weeks,ridge,False,52.14857142857143,88.72613525390625,-36.57756382533482
GSM2132875,GSE80672,blood,control,69.531,age_weeks,ridge,False,69.53142857142858,85.37663269042969,-15.84520411900111
GSM2132876,GSE80672,blood,control,69.531,age_weeks,ridge,False,69.53142857142858,90.46305847167969,-20.93162990025111
GSM2132877,GSE80672,blood,control,69.531,age_weeks,ridge,False,69.53142857142858,87.19939422607422,-17.66796565464564
GSM2132878,GSE80672,blood,control,69.531,age_weeks,ridge,False,69.53142857142858,85.31096649169922,-15.779537920270641
GSM2132879,GSE80672,blood,control,69.531,age_weeks,ridge,False,69.53142857142858,81.47280883789062,-11.941380266462048
GSM2132880,GSE80672,blood,control,69.531,age_weeks,ridge,False,69.53142857142858,77.76187133789062,-8.230442766462048
GSM2132881,GSE80672,blood,control,69.531,age_weeks,ridge,False,69.53142857142858,94.43434143066406,-24.902912859235485
GSM2132882,GSE80672,blood,control,69.531,age_weeks,ridge,False,69.53142857142858,92.12846374511719,-22.59703517368861
GSM2132883,GSE80672,blood,control,69.531,age_weeks,ridge,False,69.53142857142858,82.90585327148438,-13.374424700055798
GSM2132884,GSE80672,blood,control,86.914,age_weeks,ridge,False,86.91428571428571,93.27246856689453,-6.35818285260882
GSM2132885,GSE80672,blood,control,86.914,age_weeks,ridge,False,86.91428571428571,87.76918029785156,-0.8548945835658515
GSM2132886,GSE80672,blood,control,86.914,age_weeks,ridge,False,86.91428571428571,97.25718688964844,-10.342901175362726
GSM2132887,GSE80672,blood,control,86.914,age_weeks,ridge,False,86.91428571428571,101.53265380859375,-14.618368094308039
GSM2132888,GSE80672,blood,control,86.914,age_weeks,ridge,False,86.91428571428571,109.90482330322266,-22.990537588936945
GSM2132889,GSE80672,blood,control,86.914,age_weeks,ridge,False,86.91428571428571,89.96587371826172,-3.0515880039760077
GSM2132890,GSE80672,blood,control,86.914,age_weeks,ridge,False,86.91428571428571,104.85018920898438,-17.935903494698664
GSM2132891,GSE80672,blood,control,86.914,age_weeks,ridge,False,86.91428571428571,95.98050689697266,-9.066221182686945
GSM2132892,GSE80672,blood,control,86.914,age_weeks,ridge,False,86.91428571428571,88.18083190917969,-1.2665461948939765
GSM2132893,GSE80672,blood,control,95.606,age_weeks,ridge,False,95.60571428571428,102.70663452148438,-7.10092023577009
GSM2132894,GSE80672,blood,control,95.606,age_weeks,ridge,False,95.60571428571428,102.30120849609375,-6.695494210379465
GSM2132895,GSE80672,blood,control,95.606,age_weeks,ridge,False,95.60571428571428,92.31878662109375,3.286927664620535
GSM2132896,GSE80672,blood,control,95.606,age_weeks,ridge,False,95.60571428571428,84.57168579101562,11.03402849469866
GSM2132897,GSE80672,blood,control,95.606,age_weeks,ridge,False,95.60571428571428,92.65238952636719,2.9533247593470975
GSM2132898,GSE80672,blood,control,95.606,age_weeks,ridge,False,95.60571428571428,89.4983901977539,6.107324087960379
GSM2132899,GSE80672,blood,control,95.606,age_weeks,ridge,False,95.60571428571428,97.42066192626953,-1.8149476405552463
GSM2132900,GSE80672,blood,control,95.606,age_weeks,ridge,False,95.60571428571428,73.76866912841797,21.837045157296316
GSM2132901,GSE80672,blood,control,95.606,age_weeks,ridge,False,95.60571428571428,93.45670318603516,2.1490110996791287
GSM2132902,GSE80672,blood,control,104.297,age_weeks,ridge,False,104.29714285714286,107.33291625976562,-3.035773402622766
GSM2132903,GSE80672,blood,control,104.297,age_weeks,ridge,False,104.29714285714286,89.67372131347656,14.623421543666296
GSM2132904,GSE80672,blood,control,104.297,age_weeks,ridge,False,104.29714285714286,104.17703247070312,0.12011038643973393
GSM2132905,GSE80672,blood,control,104.297,age_weeks,ridge,False,104.29714285714286,107.71067810058594,-3.4135352434430786
GSM2132906,GSE80672,blood,control,104.297,age_weeks,ridge,False,104.29714285714286,96.12600708007812,8.171135777064734
GSM2132907,GSE80672,blood,control,104.297,age_weeks,ridge,False,104.29714285714286,105.67784118652344,-1.3806983293805786
GSM2132908,GSE80672,blood,control,104.297,age_weeks,ridge,False,104.29714285714286,108.17822265625,-3.881079799107141
GSM2132909,GSE80672,blood,control,104.297,age_weeks,ridge,False,104.29714285714286,107.27136993408203,-2.9742270769391723
GSM2132910,GSE80672,blood,control,104.297,age_weeks,ridge,False,104.29714285714286,108.43463134765625,-4.137488490513391
GSM2132911,GSE80672,blood,control,112.989,age_weeks,ridge,False,112.98857142857142,120.53248596191406,-7.543914533342644
GSM2132912,GSE80672,blood,control,112.989,age_weeks,ridge,False,112.98857142857142,101.78369903564453,11.204872392926887
GSM2132913,GSE80672,blood,control,112.989,age_weeks,ridge,False,112.98857142857142,100.44105529785156,12.547516130719856
GSM2132914,GSE80672,blood,control,112.989,age_weeks,ridge,False,112.98857142857142,103.94537353515625,9.043197893415169
GSM2132915,GSE80672,blood,control,112.989,age_weeks,ridge,False,112.98857142857142,97.97341918945312,15.015152239118294
GSM2132916,GSE80672,blood,control,112.989,age_weeks,ridge,False,112.98857142857142,98.26991271972656,14.718658708844856
GSM2132917,GSE80672,blood,control,112.989,age_weeks,ridge,False,112.98857142857142,100.71833038330078,12.270241045270637
GSM2132918,GSE80672,blood,control,112.989,age_weeks,ridge,False,112.98857142857142,97.18004608154297,15.80852534702845
GSM2132919,GSE80672,blood,control,112.989,age_weeks,ridge,False,112.98857142857142,102.92707824707031,10.061493181501106
GSM2132920,GSE80672,blood,control,112.989,age_weeks,ridge,False,112.98857142857142,105.32426452636719,7.664306902204231
GSM2132921,GSE80672,blood,control,121.68,age_weeks,ridge,False,121.67999999999999,107.20185089111328,14.478149108886711
GSM2132922,GSE80672,blood,control,121.68,age_weeks,ridge,False,121.67999999999999,110.69967651367188,10.980323486328118
GSM2132923,GSE80672,blood,control,121.68,age_weeks,ridge,False,121.67999999999999,119.21287536621094,2.467124633789055
GSM2132924,GSE80672,blood,control,121.68,age_weeks,ridge,False,121.67999999999999,124.11846923828125,-2.4384692382812574
GSM2132925,GSE80672,blood,control,121.68,age_weeks,ridge,False,121.67999999999999,99.87776947021484,21.80223052978515
GSM2132926,GSE80672,blood,control,121.68,age_weeks,ridge,False,121.67999999999999,106.85772705078125,14.822272949218743
GSM2132927,GSE80672,blood,control,121.68,age_weeks,ridge,False,121.67999999999999,83.7353286743164,37.944671325683586
GSM2132928,GSE80672,blood,control,121.68,age_weeks,ridge,False,121.67999999999999,97.95462036132812,23.725379638671868
GSM2132929,GSE80672,blood,control,121.68,age_weeks,ridge,False,121.67999999999999,122.37202453613281,-0.6920245361328199
GSM2132930,GSE80672,blood,control,130.371,age_weeks,ridge,False,130.37142857142857,134.32611083984375,-3.9546822684151834
GSM2132931,GSE80672,blood,control,130.371,age_weeks,ridge,False,130.37142857142857,113.15827941894531,17.213149152483254
GSM2132932,GSE80672,blood,control,130.371,age_weeks,ridge,False,130.37142857142857,100.49653625488281,29.874892316545754
GSM2132933,GSE80672,blood,control,130.371,age_weeks,ridge,False,130.37142857142857,101.2811508178711,29.090277753557473
GSM2132934,GSE80672,blood,control,130.371,age_weeks,ridge,False,130.37142857142857,106.41192626953125,23.959502301897317
GSM2132935,GSE80672,blood,control,130.371,age_weeks,ridge,False,130.37142857142857,114.213134765625,16.158293805803567
GSM2132936,GSE80672,blood,control,130.371,age_weeks,ridge,False,130.37142857142857,122.64645385742188,7.724974714006692
GSM2132937,GSE80672,blood,control,130.371,age_weeks,ridge,False,130.37142857142857,102.17247772216797,28.198950849260598
GSM2132938,GSE80672,blood,control,130.371,age_weeks,ridge,False,130.37142857142857,119.45718383789062,10.914244733537942
GSM2132939,GSE80672,blood,control,139.063,age_weeks,ridge,False,139.06285714285715,87.94920349121094,51.11365365164622
GSM2132940,GSE80672,blood,control,139.063,age_weeks,ridge,False,139.06285714285715,113.7547607421875,25.308096400669655
GSM2132941,GSE80672,blood,control,139.063,age_weeks,ridge,False,139.06285714285715,131.50936889648438,7.55348824637278
GSM2132942,GSE80672,blood,control,139.063,age_weeks,ridge,False,139.06285714285715,114.41433715820312,24.64851998465403
GSM2132943,GSE80672,blood,control,139.063,age_weeks,ridge,False,139.06285714285715,98.87527465820312,40.18758248465403
GSM2132944,GSE80672,blood,control,139.063,age_weeks,ridge,False,139.06285714285715,116.94102478027344,22.121832362583717
GSM2132945,GSE80672,blood,control,139.063,age_weeks,ridge,False,139.06285714285715,102.88658142089844,36.17627572195872
GSM2132946,GSE80672,blood,control,147.754,age_weeks,ridge,False,147.75428571428571,84.94416809082031,62.8101176234654
GSM2132947,GSE80672,blood,control,147.754,age_weeks,ridge,False,147.75428571428571,107.4766616821289,40.27762403215681
GSM2132948,GSE80672,blood,control,147.754,age_weeks,ridge,False,147.75428571428571,120.68618774414062,27.06809797014509
GSM2132949,GSE80672,blood,control,147.754,age_weeks,ridge,False,147.75428571428571,112.37342834472656,35.38085736955915
GSM2132950,GSE80672,blood,control,147.754,age_weeks,ridge,False,147.75428571428571,122.23379516601562,25.52049054827009
GSM2132951,GSE80672,blood,control,147.754,age_weeks,ridge,False,147.75428571428571,131.12562561035156,16.628660103934152
GSM2132952,GSE80672,blood,control,147.754,age_weeks,ridge,False,147.75428571428571,111.47341918945312,36.28086652483259
GSM2132953,GSE80672,blood,control,147.754,age_weeks,ridge,False,147.75428571428571,123.1187744140625,24.635511300223214
GSM2132954,GSE80672,blood,control,147.754,age_weeks,ridge,False,147.75428571428571,133.60890197753906,14.145383736746652
GSM2132955,GSE80672,blood,control,152.1,age_weeks,ridge,False,152.1,107.23443603515625,44.865563964843744
GSM2132956,GSE80672,blood,control,152.1,age_weeks,ridge,False,152.1,114.44393920898438,37.65606079101562
GSM2132957,GSE80672,blood,control,152.1,age_weeks,ridge,False,152.1,105.31056213378906,46.78943786621093
GSM2132958,GSE80672,blood,control,152.1,age_weeks,ridge,False,152.1,94.74191284179688,57.35808715820312
GSM2132959,GSE80672,blood,control,152.1,age_weeks,ridge,False,152.1,104.53007507324219,47.56992492675781
GSM2132960,GSE80672,blood,control,152.1,age_weeks,ridge,False,152.1,124.32398986816406,27.776010131835932
GSM2132961,GSE80672,fibroblast,control,10.864,age_weeks,ridge,False,10.864285714285714,17.568330764770508,-6.704045050484794
GSM2132962,GSE80672,fibroblast,control,10.864,age_weeks,ridge,False,10.864285714285714,24.19706916809082,-13.332783453805106
GSM2132963,GSE80672,fibroblast,control,10.864,age_weeks,ridge,False,10.864285714285714,22.74092674255371,-11.876641028267997
GSM2132964,GSE80672,fibroblast,control,10.864,age_weeks,ridge,False,10.864285714285714,25.705034255981445,-14.840748541695731
GSM2132965,GSE80672,fibroblast,control,10.864,age_weeks,ridge,False,10.864285714285714,16.12211036682129,-5.257824652535575
GSM2132966,GSE80672,fibroblast,control,10.864,age_weeks,ridge,False,10.864285714285714,20.334426879882812,-9.470141165597099
GSM2465615,GSE93957,brain_cortex,control,41.0,age_weeks,ridge,False,41.0,33.61058044433594,7.3894195556640625
GSM2465616,GSE93957,heart,control,41.0,age_weeks,ridge,False,41.0,51.35175323486328,-10.351753234863281
GSM2465617,GSE93957,liver,control,41.0,age_weeks,ridge,False,41.0,45.59566116333008,-4.595661163330078
GSM2465618,GSE93957,lung,control,41.0,age_weeks,ridge,False,41.0,51.99797821044922,-10.997978210449219
GSM2465619,GSE93957,brain_cortex,control,41.0,age_weeks,ridge,False,41.0,21.33016586303711,19.66983413696289
GSM2465620,GSE93957,heart,control,41.0,age_weeks,ridge,False,41.0,50.49684143066406,-9.496841430664062
GSM2465621,GSE93957,liver,control,41.0,age_weeks,ridge,False,41.0,58.406105041503906,-17.406105041503906
GSM2465622,GSE93957,lung,control,41.0,age_weeks,ridge,False,41.0,48.60111618041992,-7.601116180419922
GSM2465623,GSE93957,brain_cortex,control,41.0,age_weeks,ridge,False,41.0,35.494163513183594,5.505836486816406
GSM2465624,GSE93957,heart,control,41.0,age_weeks,ridge,False,41.0,48.59476089477539,-7.594760894775391
GSM2465625,GSE93957,liver,control,41.0,age_weeks,ridge,False,41.0,48.36370086669922,-7.363700866699219
GSM2465626,GSE93957,lung,control,41.0,age_weeks,ridge,False,41.0,45.625205993652344,-4.625205993652344
GSM2465627,GSE93957,brain_cortex,control,41.0,age_weeks,ridge,False,41.0,36.125675201416016,4.874324798583984
GSM2465628,GSE93957,heart,control,41.0,age_weeks,ridge,False,41.0,57.42970657348633,-16.429706573486328
GSM2465629,GSE93957,liver,control,41.0,age_weeks,ridge,False,41.0,56.36878204345703,-15.368782043457031
GSM2465630,GSE93957,lung,control,41.0,age_weeks,ridge,False,41.0,49.35585403442383,-8.355854034423828
GSM2465631,GSE93957,brain_cortex,control,27.0,age_weeks,ridge,False,27.0,38.25163650512695,-11.251636505126953
GSM2465632,GSE93957,heart,control,27.0,age_weeks,ridge,False,27.0,51.73775100708008,-24.737751007080078
GSM2465633,GSE93957,liver,control,27.0,age_weeks,ridge,False,27.0,42.18065643310547,-15.180656433105469
GSM2465634,GSE93957,lung,control,27.0,age_weeks,ridge,False,27.0,51.66746520996094,-24.667465209960938
GSM2465635,GSE93957,brain_cortex,control,27.0,age_weeks,ridge,False,27.0,33.6956901550293,-6.695690155029297
GSM2465636,GSE93957,heart,control,27.0,age_weeks,ridge,False,27.0,57.29451370239258,-30.294513702392578
GSM2465637,GSE93957,liver,control,27.0,age_weeks,ridge,False,27.0,38.55636215209961,-11.55636215209961
GSM2465638,GSE93957,lung,control,27.0,age_weeks,ridge,False,27.0,43.65132522583008,-16.651325225830078
GSM2465639,GSE93957,brain_cortex,control,27.0,age_weeks,ridge,False,27.0,41.704505920410156,-14.704505920410156
GSM2465640,GSE93957,heart,control,27.0,age_weeks,ridge,False,27.0,53.355106353759766,-26.355106353759766
GSM2465641,GSE93957,liver,control,27.0,age_weeks,ridge,False,27.0,49.0953483581543,-22.095348358154297
GSM2465642,GSE93957,lung,control,27.0,age_weeks,ridge,False,27.0,46.32674789428711,-19.32674789428711
GSM2465643,GSE93957,brain_cortex,control,27.0,age_weeks,ridge,False,27.0,27.432979583740234,-0.4329795837402344
GSM2465644,GSE93957,heart,control,27.0,age_weeks,ridge,False,27.0,55.85309600830078,-28.85309600830078
GSM2465645,GSE93957,liver,control,27.0,age_weeks,ridge,False,27.0,37.73272705078125,-10.73272705078125
GSM2465646,GSE93957,lung,control,27.0,age_weeks,ridge,False,27.0,41.64152908325195,-14.641529083251953
GSM2465647,GSE93957,brain_cortex,control,1.0,age_weeks,ridge,False,1.0,29.857315063476562,-28.857315063476562
GSM2465648,GSE93957,heart,control,1.0,age_weeks,ridge,False,1.0,31.860071182250977,-30.860071182250977
GSM2465649,GSE93957,liver,control,1.0,age_weeks,ridge,False,1.0,26.12850570678711,-25.12850570678711
GSM2465650,GSE93957,lung,control,1.0,age_weeks,ridge,False,1.0,26.4047794342041,-25.4047794342041
GSM2465651,GSE93957,brain_cortex,control,1.0,age_weeks,ridge,False,1.0,29.17750358581543,-28.17750358581543
GSM2465652,GSE93957,liver,control,1.0,age_weeks,ridge,False,1.0,18.402917861938477,-17.402917861938477
GSM2465653,GSE93957,lung,control,1.0,age_weeks,ridge,False,1.0,28.09546661376953,-27.09546661376953
GSM2465654,GSE93957,brain_cortex,control,1.0,age_weeks,ridge,False,1.0,22.690664291381836,-21.690664291381836
GSM2465655,GSE93957,heart,control,1.0,age_weeks,ridge,False,1.0,27.035097122192383,-26.035097122192383
GSM2465656,GSE93957,lung,control,1.0,age_weeks,ridge,False,1.0,29.954065322875977,-28.954065322875977
GSM2465657,GSE93957,brain_cortex,control,14.0,age_weeks,ridge,False,14.0,30.543319702148438,-16.543319702148438
GSM2465658,GSE93957,heart,control,14.0,age_weeks,ridge,False,14.0,43.064083099365234,-29.064083099365234
GSM2465659,GSE93957,liver,control,14.0,age_weeks,ridge,False,14.0,32.88250732421875,-18.88250732421875
GSM2465660,GSE93957,lung,control,14.0,age_weeks,ridge,False,14.0,35.70356750488281,-21.703567504882812
GSM2465661,GSE93957,brain_cortex,control,14.0,age_weeks,ridge,False,14.0,34.44131088256836,-20.44131088256836
GSM2465662,GSE93957,heart,control,14.0,age_weeks,ridge,False,14.0,43.179534912109375,-29.179534912109375
GSM2465663,GSE93957,liver,control,14.0,age_weeks,ridge,False,14.0,38.16094207763672,-24.16094207763672
GSM2465664,GSE93957,lung,control,14.0,age_weeks,ridge,False,14.0,42.5161247253418,-28.516124725341797
GSM2465665,GSE93957,brain_cortex,control,1.0,age_weeks,ridge,False,1.0,27.9588680267334,-26.9588680267334
GSM2465666,GSE93957,heart,control,1.0,age_weeks,ridge,False,1.0,27.26894187927246,-26.26894187927246
GSM2465667,GSE93957,liver,control,1.0,age_weeks,ridge,False,1.0,21.04238510131836,-20.04238510131836
GSM2465668,GSE93957,lung,control,1.0,age_weeks,ridge,False,1.0,29.52332305908203,-28.52332305908203
GSM2465669,GSE93957,brain_cortex,control,27.0,age_weeks,ridge,False,27.0,36.614776611328125,-9.614776611328125
GSM2465670,GSE93957,heart,control,27.0,age_weeks,ridge,False,27.0,48.648277282714844,-21.648277282714844
GSM2465671,GSE93957,liver,control,27.0,age_weeks,ridge,False,27.0,38.66862869262695,-11.668628692626953
GSM2465672,GSE93957,lung,control,27.0,age_weeks,ridge,False,27.0,45.13544464111328,-18.13544464111328
GSM2465673,GSE93957,brain_cortex,control,14.0,age_weeks,ridge,False,14.0,26.607749938964844,-12.607749938964844
GSM2465674,GSE93957,heart,control,14.0,age_weeks,ridge,False,14.0,42.517181396484375,-28.517181396484375
GSM2465675,GSE93957,liver,control,14.0,age_weeks,ridge,False,14.0,31.762529373168945,-17.762529373168945
GSM2465676,GSE93957,lung,control,14.0,age_weeks,ridge,False,14.0,40.75493621826172,-26.75493621826172
GSM3426754,GSE121141,brain_cortex,control,26.074,age_weeks,ridge,False,26.074285714285715,49.06160354614258,-22.987317831856863
GSM3426755,GSE121141,brain_cortex,control,26.074,age_weeks,ridge,False,26.074285714285715,24.023408889770508,2.050876824515207
GSM3426756,GSE121141,brain_cortex,control,26.074,age_weeks,ridge,False,26.074285714285715,20.686458587646484,5.38782712663923
GSM3426757,GSE121141,brain_cortex,control,26.074,age_weeks,ridge,False,26.074285714285715,31.796302795410156,-5.7220170811244415
GSM3426758,GSE121141,brain_cortex,control,26.074,age_weeks,ridge,False,26.074285714285715,15.57375717163086,10.500528542654855
GSM3426759,GSE121141,brain_cortex,control,52.149,age_weeks,ridge,False,52.14857142857143,39.138275146484375,13.010296282087054
GSM3426760,GSE121141,brain_cortex,control,52.149,age_weeks,ridge,False,52.14857142857143,31.214801788330078,20.93376964024135
GSM3426761,GSE121141,brain_cortex,control,52.149,age_weeks,ridge,False,52.14857142857143,41.24222183227539,10.906349596296039
GSM3426762,GSE121141,brain_cortex,control,52.149,age_weeks,ridge,False,52.14857142857143,20.712982177734375,31.435589250837054
GSM3426763,GSE121141,brain_cortex,control,52.149,age_weeks,ridge,False,52.14857142857143,27.944047927856445,24.204523500714984
GSM3426764,GSE121141,brain_cortex,control,86.914,age_weeks,ridge,False,86.91428571428571,14.502662658691406,72.4116230555943
GSM3426765,GSE121141,brain_cortex,control,86.914,age_weeks,ridge,False,86.91428571428571,30.50446319580078,56.40982251848493
GSM3426766,GSE121141,brain_cortex,control,86.914,age_weeks,ridge,False,86.91428571428571,32.09693908691406,54.81734662737165
GSM3426767,GSE121141,brain_cortex,control,86.914,age_weeks,ridge,False,86.91428571428571,19.46159553527832,67.45269017900739
GSM3426768,GSE121141,brain_cortex,control,86.914,age_weeks,ridge,False,86.91428571428571,20.306110382080078,66.60817533220563
GSM3426769,GSE121141,brain_cortex,control,130.371,age_weeks,ridge,False,130.37142857142857,32.15987014770508,98.21155842372349
GSM3426770,GSE121141,brain_cortex,control,130.371,age_weeks,ridge,False,130.37142857142857,58.07686996459961,72.29455860682896
GSM3426771,GSE121141,brain_cortex,control,130.371,age_weeks,ridge,False,130.37142857142857,194.27133178710938,-63.89990321568081
GSM3426772,GSE121141,brain_cortex,control,130.371,age_weeks,ridge,False,130.37142857142857,34.2443733215332,96.12705524989536
GSM3426773,GSE121141,brain_cortex,control,130.371,age_weeks,ridge,False,130.37142857142857,25.244312286376953,105.12711628505161
GSM3426774,GSE121141,heart,control,26.074,age_weeks,ridge,False,26.074285714285715,39.95299530029297,-13.878709586007254
GSM3426775,GSE121141,heart,control,26.074,age_weeks,ridge,False,26.074285714285715,198.6252899169922,-172.55100420270648
GSM3426776,GSE121141,heart,control,26.074,age_weeks,ridge,False,26.074285714285715,42.792850494384766,-16.71856478009905
GSM3426777,GSE121141,heart,control,26.074,age_weeks,ridge,False,26.074285714285715,45.4058837890625,-19.331598074776785
GSM3426778,GSE121141,heart,control,26.074,age_weeks,ridge,False,26.074285714285715,43.96623611450195,-17.89195040021624
GSM3426779,GSE121141,heart,control,43.457,age_weeks,ridge,False,43.457142857142856,56.28327178955078,-12.826128932407926
GSM3426780,GSE121141,heart,control,52.149,age_weeks,ridge,False,52.14857142857143,52.75553894042969,-0.606967511858258
GSM3426781,GSE121141,heart,control,52.149,age_weeks,ridge,False,52.14857142857143,66.40404510498047,-14.25547367640904
GSM3426782,GSE121141,heart,control,52.149,age_weeks,ridge,False,52.14857142857143,51.23347091674805,0.9151005118233826
GSM3426783,GSE121141,heart,control,52.149,age_weeks,ridge,False,52.14857142857143,54.96837615966797,-2.8198047310965393
GSM3426784,GSE121141,heart,control,52.149,age_weeks,ridge,False,52.14857142857143,49.3391227722168,2.8094486563546326
GSM3426785,GSE121141,heart,control,86.914,age_weeks,ridge,False,86.91428571428571,73.51837921142578,13.39590650285993
GSM3426786,GSE121141,heart,control,86.914,age_weeks,ridge,False,86.91428571428571,68.67031860351562,18.243967110770086
GSM3426787,GSE121141,heart,control,86.914,age_weeks,ridge,False,86.91428571428571,58.952938079833984,27.961347634451727
GSM3426788,GSE121141,heart,control,86.914,age_weeks,ridge,False,86.91428571428571,53.523765563964844,33.39052015032087
GSM3426789,GSE121141,heart,control,86.914,age_weeks,ridge,False,86.91428571428571,45.9798583984375,40.93442731584821
GSM3426790,GSE121141,heart,control,130.371,age_weeks,ridge,False,130.37142857142857,88.12147521972656,42.249953351702004
GSM3426791,GSE121141,heart,control,130.371,age_weeks,ridge,False,130.37142857142857,52.89570617675781,77.47572239467075
GSM3426792,GSE121141,heart,control,130.371,age_weeks,ridge,False,130.37142857142857,81.56768798828125,48.80374058314732
GSM3426793,GSE121141,heart,control,130.371,age_weeks,ridge,False,130.37142857142857,74.14497375488281,56.226454816545754
GSM3426794,GSE121141,heart,control,130.371,age_weeks,ridge,False,130.37142857142857,60.109825134277344,70.26160343715122
GSM3426795,GSE121141,liver,control,26.074,age_weeks,ridge,False,26.074285714285715,46.94918441772461,-20.874898703438895
GSM3426796,GSE121141,liver,control,26.074,age_weeks,ridge,False,26.074285714285715,48.18500900268555,-22.110723288399832
GSM3426797,GSE121141,liver,control,26.074,age_weeks,ridge,False,26.074285714285715,37.52288055419922,-11.448594839913504
GSM3426798,GSE121141,liver,control,26.074,age_weeks,ridge,False,26.074285714285715,43.893836975097656,-17.81955126081194
GSM3426799,GSE121141,liver,control,26.074,age_weeks,ridge,False,26.074285714285715,34.9813346862793,-8.907048971993582
GSM3426800,GSE121141,liver,control,43.457,age_weeks,ridge,False,43.457142857142856,73.6727294921875,-30.215586635044644
GSM3426801,GSE121141,liver,control,52.149,age_weeks,ridge,False,52.14857142857143,56.00360107421875,-3.8550296456473205
GSM3426802,GSE121141,liver,control,52.149,age_weeks,ridge,False,52.14857142857143,54.95962905883789,-2.811057630266461
GSM3426803,GSE121141,liver,control,52.149,age_weeks,ridge,False,52.14857142857143,213.13592529296875,-160.98735386439733
GSM3426804,GSE121141,liver,control,52.149,age_weeks,ridge,False,52.14857142857143,65.12602233886719,-12.977450910295758
GSM3426805,GSE121141,liver,control,52.149,age_weeks,ridge,False,52.14857142857143,55.5496711730957,-3.4010997445242737
GSM3426806,GSE121141,liver,control,86.914,age_weeks,ridge,False,86.91428571428571,54.487022399902344,32.42726331438337
GSM3426807,GSE121141,liver,control,86.914,age_weeks,ridge,False,86.91428571428571,94.58267211914062,-7.668386404854914
GSM3426808,GSE121141,liver,control,86.914,age_weeks,ridge,False,86.91428571428571,81.29066467285156,5.6236210414341485
GSM3426809,GSE121141,liver,control,86.914,age_weeks,ridge,False,86.91428571428571,68.68888854980469,18.225397164481024
GSM3426810,GSE121141,liver,control,86.914,age_weeks,ridge,False,86.91428571428571,75.95624542236328,10.95804029192243
GSM3426811,GSE121141,liver,control,130.371,age_weeks,ridge,False,130.37142857142857,109.03199768066406,21.339430890764504
GSM3426812,GSE121141,liver,control,130.371,age_weeks,ridge,False,130.37142857142857,91.58555603027344,38.78587254115513
GSM3426813,GSE121141,liver,control,130.371,age_weeks,ridge,False,130.37142857142857,304.12579345703125,-173.75436488560268
GSM3426814,GSE121141,liver,control,130.371,age_weeks,ridge,False,130.37142857142857,87.27557373046875,43.09585484095982
GSM3426815,GSE121141,lung,control,26.074,age_weeks,ridge,False,26.074285714285715,212.2091522216797,-186.13486650739398
GSM3426816,GSE121141,lung,control,26.074,age_weeks,ridge,False,26.074285714285715,39.59672546386719,-13.522439749581473
GSM3426817,GSE121141,lung,control,26.074,age_weeks,ridge,False,26.074285714285715,41.0715217590332,-14.997236044747488
GSM3426818,GSE121141,lung,control,26.074,age_weeks,ridge,False,26.074285714285715,38.55721664428711,-12.482930930001395
GSM3426819,GSE121141,lung,control,26.074,age_weeks,ridge,False,26.074285714285715,37.25954055786133,-11.185254843575613
GSM3426820,GSE121141,lung,control,52.149,age_weeks,ridge,False,52.14857142857143,203.9981231689453,-151.8495517403739
GSM3426821,GSE121141,lung,control,52.149,age_weeks,ridge,False,52.14857142857143,36.89903259277344,15.249538835797992
GSM3426822,GSE121141,lung,control,52.149,age_weeks,ridge,False,52.14857142857143,59.51413345336914,-7.365562024797711
GSM3426823,GSE121141,lung,control,52.149,age_weeks,ridge,False,52.14857142857143,44.616275787353516,7.532295641217914
GSM3426824,GSE121141,lung,control,52.149,age_weeks,ridge,False,52.14857142857143,53.07027816772461,-0.9217067391531799
GSM3426825,GSE121141,lung,control,86.914,age_weeks,ridge,False,86.91428571428571,61.43719482421875,25.47709089006696
GSM3426826,GSE121141,lung,control,86.914,age_weeks,ridge,False,86.91428571428571,58.4605712890625,28.45371442522321
GSM3426827,GSE121141,lung,control,86.914,age_weeks,ridge,False,86.91428571428571,56.951045989990234,29.963239724295477
GSM3426828,GSE121141,lung,control,86.914,age_weeks,ridge,False,86.91428571428571,70.84382629394531,16.0704594203404
GSM3426829,GSE121141,lung,control,86.914,age_weeks,ridge,False,86.91428571428571,55.21710205078125,31.69718366350446
GSM3426830,GSE121141,lung,control,130.371,age_weeks,ridge,False,130.37142857142857,219.1238555908203,-88.75242701939175
GSM3426831,GSE121141,lung,control,130.371,age_weeks,ridge,False,130.37142857142857,62.90455627441406,67.4668722970145
GSM3426832,GSE121141,lung,control,130.371,age_weeks,ridge,False,130.37142857142857,68.12164306640625,62.24978550502232
GSM3426833,GSE121141,lung,control,130.371,age_weeks,ridge,False,130.37142857142857,107.13636779785156,23.235060773577004
GSM3426834,GSE121141,lung,control,130.371,age_weeks,ridge,False,130.37142857142857,65.52542877197266,64.84599979945591
GSE60012_tile_001,GSE60012,liver,control,3.0,age_weeks,ridge,False,3.0,-14.214179992675781,17.21417999267578
GSE60012_tile_002,GSE60012,liver,control,8.0,age_weeks,ridge,False,8.0,9.228092193603516,-1.2280921936035156
GSE60012_tile_003,GSE60012,liver,control,8.0,age_weeks,ridge,False,8.0,11.021484375,-3.021484375
GSE60012_tile_004,GSE60012,liver,control,8.0,age_weeks,ridge,False,8.0,-1.7173538208007812,9.717353820800781
GSE60012_tile_005,GSE60012,liver,control,8.0,age_weeks,ridge,False,8.0,11.833663940429688,-3.8336639404296875
GSE60012_tile_006,GSE60012,liver,control,8.0,age_weeks,ridge,False,8.0,16.19559097290039,-8.19559097290039
GSE60012_tile_007,GSE60012,liver,control,8.0,age_weeks,ridge,False,8.0,23.236299514770508,-15.236299514770508
GSE60012_tile_008,GSE60012,liver,control,8.0,age_weeks,ridge,False,8.0,16.257461547851562,-8.257461547851562
GSE60012_tile_009,GSE60012,liver,control,8.0,age_weeks,ridge,False,8.0,8.979820251464844,-0.9798202514648438
GSE60012_tile_010,GSE60012,liver,control,8.0,age_weeks,ridge,False,8.0,5.498264312744141,2.5017356872558594
GSE60012_tile_011,GSE60012,liver,control,8.0,age_weeks,ridge,False,8.0,23.176372528076172,-15.176372528076172
GSE60012_tile_012,GSE60012,liver,other_intervention,28.0,age_weeks,ridge,False,28.0,46.050140380859375,-18.050140380859375
GSE60012_tile_013,GSE60012,liver,other_intervention,28.0,age_weeks,ridge,False,28.0,31.84642791748047,-3.8464279174804688
GSE60012_tile_014,GSE60012,liver,other_intervention,28.0,age_weeks,ridge,False,28.0,55.54309844970703,-27.54309844970703
GSE60012_tile_015,GSE60012,liver,other_intervention,28.0,age_weeks,ridge,False,28.0,41.735984802246094,-13.735984802246094
GSE60012_tile_016,GSE60012,liver,other_intervention,28.0,age_weeks,ridge,False,28.0,39.83312225341797,-11.833122253417969
GSE60012_tile_017,GSE60012,liver,other_intervention,28.0,age_weeks,ridge,False,28.0,35.194000244140625,-7.194000244140625
GSE60012_tile_018,GSE60012,liver,other_intervention,28.0,age_weeks,ridge,False,28.0,56.005393981933594,-28.005393981933594
GSE60012_tile_019,GSE60012,liver,other_intervention,28.0,age_weeks,ridge,False,28.0,48.091941833496094,-20.091941833496094
GSE60012_tile_020,GSE60012,liver,other_intervention,28.0,age_weeks,ridge,False,28.0,66.0199966430664,-38.019996643066406
GSE60012_tile_021,GSE60012,liver,other_intervention,28.0,age_weeks,ridge,False,28.0,22.640960693359375,5.359039306640625
GSE60012_tile_022,GSE60012,liver,other_intervention,28.0,age_weeks,ridge,False,28.0,33.243431091308594,-5.243431091308594
GSE60012_tile_023,GSE60012,liver,other_intervention,20.0,age_weeks,ridge,False,20.0,32.90093994140625,-12.90093994140625
GSE60012_tile_024,GSE60012,muscle,other_intervention,20.0,age_weeks,ridge,False,20.0,37.30061340332031,-17.300613403320312
GSE60012_tile_025,GSE60012,liver,other_intervention,20.0,age_weeks,ridge,False,20.0,10.870357513427734,9.129642486572266
GSE60012_tile_026,GSE60012,muscle,other_intervention,20.0,age_weeks,ridge,False,20.0,29.04376792907715,-9.043767929077148
GSE60012_tile_027,GSE60012,liver,other_intervention,20.0,age_weeks,ridge,False,20.0,16.246829986572266,3.7531700134277344
GSE60012_tile_028,GSE60012,muscle,other_intervention,20.0,age_weeks,ridge,False,20.0,43.31094741821289,-23.31094741821289
GSE60012_tile_029,GSE60012,liver,other_intervention,20.0,age_weeks,ridge,False,20.0,32.56681823730469,-12.566818237304688
GSE60012_tile_030,GSE60012,muscle,other_intervention,20.0,age_weeks,ridge,False,20.0,39.34317398071289,-19.34317398071289
GSE60012_tile_031,GSE60012,liver,other_intervention,20.0,age_weeks,ridge,False,20.0,15.32845687866211,4.671543121337891
GSE60012_tile_032,GSE60012,muscle,other_intervention,20.0,age_weeks,ridge,False,20.0,39.91497802734375,-19.91497802734375
GSE60012_tile_033,GSE60012,liver,other_intervention,20.0,age_weeks,ridge,False,20.0,28.19617462158203,-8.196174621582031
GSE60012_tile_034,GSE60012,muscle,other_intervention,20.0,age_weeks,ridge,False,20.0,39.07343292236328,-19.07343292236328
GSE60012_tile_035,GSE60012,liver,other_intervention,20.0,age_weeks,ridge,False,20.0,27.119728088378906,-7.119728088378906
GSE60012_tile_036,GSE60012,muscle,other_intervention,20.0,age_weeks,ridge,False,20.0,38.281822204589844,-18.281822204589844
GSE60012_tile_037,GSE60012,liver,other_intervention,20.0,age_weeks,ridge,False,20.0,23.544557571411133,-3.544557571411133
GSE60012_tile_038,GSE60012,muscle,other_intervention,20.0,age_weeks,ridge,False,20.0,57.98494338989258,-37.98494338989258
GSE60012_tile_039,GSE60012,liver,other_intervention,20.0,age_weeks,ridge,False,20.0,23.124252319335938,-3.1242523193359375
GSE60012_tile_040,GSE60012,muscle,other_intervention,20.0,age_weeks,ridge,False,20.0,39.20065689086914,-19.20065689086914
GSE60012_tile_041,GSE60012,liver,other_intervention,20.0,age_weeks,ridge,False,20.0,28.307525634765625,-8.307525634765625
GSE60012_tile_042,GSE60012,liver,other_intervention,20.0,age_weeks,ridge,False,20.0,26.21303939819336,-6.213039398193359
GSE60012_tile_043,GSE60012,liver,other_intervention,20.0,age_weeks,ridge,False,20.0,51.0245361328125,-31.0245361328125
GSE60012_tile_044,GSE60012,liver,other_intervention,20.0,age_weeks,ridge,False,20.0,15.112464904785156,4.887535095214844
GSE60012_tile_045,GSE60012,liver,other_intervention,20.0,age_weeks,ridge,False,20.0,22.373329162597656,-2.3733291625976562
GSE60012_tile_046,GSE60012,liver,other_intervention,20.0,age_weeks,ridge,False,20.0,10.793411254882812,9.206588745117188
GSE60012_tile_047,GSE60012,liver,other_intervention,20.0,age_weeks,ridge,False,20.0,25.420446395874023,-5.420446395874023
GSE60012_tile_048,GSE60012,liver,other_intervention,20.0,age_weeks,ridge,False,20.0,12.532329559326172,7.467670440673828
GSE60012_tile_049,GSE60012,liver,other_intervention,20.0,age_weeks,ridge,False,20.0,19.467166900634766,0.5328330993652344
GSE60012_tile_050,GSE60012,liver,other_intervention,20.0,age_weeks,ridge,False,20.0,29.64739990234375,-9.64739990234375
GSE60012_tile_051,GSE60012,liver,other_intervention,20.0,age_weeks,ridge,False,20.0,26.984554290771484,-6.984554290771484
GSE60012_tile_052,GSE60012,liver,other_intervention,20.0,age_weeks,ridge,False,20.0,16.860809326171875,3.139190673828125
GSE60012_tile_053,GSE60012,liver,other_intervention,20.0,age_weeks,ridge,False,20.0,4.159152984619141,15.84084701538086
GSE60012_tile_054,GSE60012,liver,other_intervention,20.0,age_weeks,ridge,False,20.0,27.723373413085938,-7.7233734130859375
GSE60012_tile_055,GSE60012,liver,other_intervention,20.0,age_weeks,ridge,False,20.0,25.75922203063965,-5.759222030639648
GSE60012_tile_056,GSE60012,liver,other_intervention,20.0,age_weeks,ridge,False,20.0,24.38829803466797,-4.388298034667969
GSE60012_tile_057,GSE60012,liver,other_intervention,20.0,age_weeks,ridge,False,20.0,30.061813354492188,-10.061813354492188
GSE60012_tile_058,GSE60012,liver,other_intervention,20.0,age_weeks,ridge,False,20.0,19.18465805053711,0.8153419494628906
GSE60012_tile_059,GSE60012,liver,other_intervention,20.0,age_weeks,ridge,False,20.0,28.48841094970703,-8.488410949707031
GSE60012_tile_060,GSE60012,liver,other_intervention,20.0,age_weeks,ridge,False,20.0,54.1389274597168,-34.1389274597168
GSE60012_tile_061,GSE60012,liver,other_intervention,20.0,age_weeks,ridge,False,20.0,5.765308380126953,14.234691619873047
GSE60012_tile_062,GSE60012,liver,other_intervention,20.0,age_weeks,ridge,False,20.0,27.026363372802734,-7.026363372802734
GSE60012_tile_063,GSE60012,liver,other_intervention,20.0,age_weeks,ridge,False,20.0,26.470094680786133,-6.470094680786133
GSE60012_tile_064,GSE60012,liver,other_intervention,28.0,age_weeks,ridge,False,28.0,38.590824127197266,-10.590824127197266
GSE60012_tile_065,GSE60012,liver,other_intervention,28.0,age_weeks,ridge,False,28.0,40.870243072509766,-12.870243072509766
GSE60012_tile_066,GSE60012,liver,other_intervention,20.0,age_weeks,ridge,False,20.0,49.36630630493164,-29.36630630493164
GSE60012_tile_067,GSE60012,liver,other_intervention,28.0,age_weeks,ridge,False,28.0,30.52490234375,-2.52490234375
GSE60012_tile_068,GSE60012,liver,other_intervention,28.0,age_weeks,ridge,False,28.0,39.40922546386719,-11.409225463867188
GSE60012_tile_069,GSE60012,brain_cerebellum,control,20.0,age_weeks,ridge,False,20.0,58.62577819824219,-38.62577819824219
GSE60012_tile_070,GSE60012,liver,control,20.0,age_weeks,ridge,False,20.0,16.214691162109375,3.785308837890625
GSE60012_tile_071,GSE60012,brain_cerebellum,control,20.0,age_weeks,ridge,False,20.0,58.68103790283203,-38.68103790283203
GSE60012_tile_072,GSE60012,liver,control,20.0,age_weeks,ridge,False,20.0,46.58759689331055,-26.587596893310547
GSE60012_tile_073,GSE60012,brain_cerebellum,control,20.0,age_weeks,ridge,False,20.0,49.3199348449707,-29.319934844970703
GSE60012_tile_074,GSE60012,liver,control,20.0,age_weeks,ridge,False,20.0,31.56909942626953,-11.569099426269531
GSE60012_tile_075,GSE60012,brain_cerebellum,control,20.0,age_weeks,ridge,False,20.0,68.12147521972656,-48.12147521972656
GSE60012_tile_076,GSE60012,liver,control,20.0,age_weeks,ridge,False,20.0,27.653165817260742,-7.653165817260742
GSE60012_tile_077,GSE60012,liver,control,20.0,age_weeks,ridge,False,20.0,36.14116668701172,-16.14116668701172
GSE60012_tile_078,GSE60012,liver,control,20.0,age_weeks,ridge,False,20.0,25.735414505004883,-5.735414505004883
GSE60012_tile_079,GSE60012,liver,control,20.0,age_weeks,ridge,False,20.0,29.070261001586914,-9.070261001586914
GSE60012_tile_081,GSE60012,liver,control,20.0,age_weeks,ridge,False,20.0,26.160503387451172,-6.160503387451172
GSE60012_tile_082,GSE60012,liver,control,20.0,age_weeks,ridge,False,20.0,29.6193790435791,-9.619379043579102
GSE60012_tile_083,GSE60012,liver,control,20.0,age_weeks,ridge,False,20.0,26.413402557373047,-6.413402557373047
GSE60012_tile_084,GSE60012,liver,control,20.0,age_weeks,ridge,False,20.0,33.799034118652344,-13.799034118652344
GSE60012_tile_085,GSE60012,liver,control,20.0,age_weeks,ridge,False,20.0,37.29371643066406,-17.293716430664062
GSE60012_tile_086,GSE60012,spleen,control,20.0,age_weeks,ridge,False,20.0,18.730892181396484,1.2691078186035156
GSE60012_tile_087,GSE60012,liver,control,20.0,age_weeks,ridge,False,20.0,24.46837043762207,-4.46837043762207
GSE60012_tile_088,GSE60012,liver,control,20.0,age_weeks,ridge,False,20.0,31.83402442932129,-11.834024429321289
GSE60012_tile_089,GSE60012,spleen,control,20.0,age_weeks,ridge,False,20.0,14.896499633789062,5.1035003662109375
GSE60012_tile_090,GSE60012,spleen,control,20.0,age_weeks,ridge,False,20.0,9.602058410644531,10.397941589355469
GSE60012_tile_091,GSE60012,spleen,control,20.0,age_weeks,ridge,False,20.0,17.432292938232422,2.567707061767578
GSE60012_tile_092,GSE60012,spleen,control,20.0,age_weeks,ridge,False,20.0,24.746604919433594,-4.746604919433594
GSE60012_tile_093,GSE60012,spleen,control,20.0,age_weeks,ridge,False,20.0,1.82122802734375,18.17877197265625
GSE60012_tile_094,GSE60012,liver,control,20.0,age_weeks,ridge,False,20.0,52.915889739990234,-32.915889739990234
GSE60012_tile_095,GSE60012,spleen,control,20.0,age_weeks,ridge,False,20.0,26.038389205932617,-6.038389205932617
GSE60012_tile_096,GSE60012,spleen,control,20.0,age_weeks,ridge,False,20.0,21.644519805908203,-1.6445198059082031
GSE60012_tile_097,GSE60012,liver,control,1.0,age_weeks,ridge,False,1.0,-21.969879150390625,22.969879150390625
GSE60012_tile_098,GSE60012,liver,control,1.0,age_weeks,ridge,False,1.0,-3.2506561279296875,4.2506561279296875
GSE60012_tile_099,GSE60012,liver,control,1.0,age_weeks,ridge,False,1.0,-18.428672790527344,19.428672790527344
GSE60012_tile_100,GSE60012,liver,control,1.0,age_weeks,ridge,False,1.0,-12.826034545898438,13.826034545898438
GSE60012_tile_101,GSE60012,liver,control,1.0,age_weeks,ridge,False,1.0,-7.065128326416016,8.065128326416016
GSE60012_tile_102,GSE60012,liver,control,1.0,age_weeks,ridge,False,1.0,-13.487350463867188,14.487350463867188
GSE60012_tile_103,GSE60012,liver,control,1.0,age_weeks,ridge,False,1.0,-16.586349487304688,17.586349487304688
GSE60012_tile_104,GSE60012,liver,control,1.0,age_weeks,ridge,False,1.0,-12.001083374023438,13.001083374023438
GSE60012_tile_105,GSE60012,liver,control,1.0,age_weeks,ridge,False,1.0,-19.69366455078125,20.69366455078125
GSE60012_tile_106,GSE60012,liver,control,1.0,age_weeks,ridge,False,1.0,-17.689712524414062,18.689712524414062
GSE60012_tile_107,GSE60012,liver,control,3.0,age_weeks,ridge,False,3.0,-11.987525939941406,14.987525939941406
GSE60012_tile_108,GSE60012,liver,control,3.0,age_weeks,ridge,False,3.0,7.518798828125,-4.518798828125
GSE60012_tile_109,GSE60012,liver,control,3.0,age_weeks,ridge,False,3.0,7.909702301025391,-4.909702301025391
GSE60012_tile_110,GSE60012,liver,control,3.0,age_weeks,ridge,False,3.0,9.415225982666016,-6.415225982666016
GSE60012_tile_111,GSE60012,liver,control,3.0,age_weeks,ridge,False,3.0,1.3174858093261719,1.6825141906738281
GSE60012_tile_112,GSE60012,liver,control,3.0,age_weeks,ridge,False,3.0,-6.184505462646484,9.184505462646484
GSE60012_tile_113,GSE60012,liver,control,3.0,age_weeks,ridge,False,3.0,-14.899314880371094,17.899314880371094
GSE60012_tile_114,GSE60012,liver,control,3.0,age_weeks,ridge,False,3.0,3.941875457763672,-0.9418754577636719
GSE60012_tile_115,GSE60012,spleen,control,1.0,age_weeks,ridge,False,1.0,-2.6541404724121094,3.6541404724121094
GSE60012_tile_116,GSE60012,liver,other_intervention,31.0,age_weeks,ridge,False,31.0,63.97621536254883,-32.97621536254883
GSE60012_tile_117,GSE60012,liver,other_intervention,31.0,age_weeks,ridge,False,31.0,55.49673843383789,-24.49673843383789
GSE60012_tile_118,GSE60012,liver,other_intervention,31.0,age_weeks,ridge,False,31.0,64.46781921386719,-33.46781921386719
GSE60012_tile_119,GSE60012,liver,other_intervention,31.0,age_weeks,ridge,False,31.0,39.46111297607422,-8.461112976074219
GSE60012_tile_120,GSE60012,liver,control,20.0,age_weeks,ridge,False,20.0,37.426170349121094,-17.426170349121094
GSE60012_tile_121,GSE60012,liver,control,20.0,age_weeks,ridge,False,20.0,26.868642807006836,-6.868642807006836
GSE60012_tile_122,GSE60012,liver,control,20.0,age_weeks,ridge,False,20.0,52.18684005737305,-32.18684005737305
GSE60012_tile_123,GSE60012,liver,control,20.0,age_weeks,ridge,False,20.0,29.39254379272461,-9.39254379272461
GSE60012_tile_124,GSE60012,muscle,control,3.0,age_weeks,ridge,False,3.0,18.186614990234375,-15.186614990234375
GSE60012_tile_125,GSE60012,muscle,control,3.0,age_weeks,ridge,False,3.0,17.189857482910156,-14.189857482910156
GSE60012_tile_126,GSE60012,muscle,control,20.0,age_weeks,ridge,False,20.0,17.37738037109375,2.62261962890625
GSE60012_tile_127,GSE60012,muscle,control,20.0,age_weeks,ridge,False,20.0,17.360652923583984,2.6393470764160156
GSE60012_tile_128,GSE60012,muscle,control,20.0,age_weeks,ridge,False,20.0,41.38732147216797,-21.38732147216797
GSE60012_tile_129,GSE60012,muscle,control,20.0,age_weeks,ridge,False,20.0,50.487281799316406,-30.487281799316406
GSE60012_tile_130,GSE60012,muscle,control,20.0,age_weeks,ridge,False,20.0,53.09075164794922,-33.09075164794922
GSE60012_tile_131,GSE60012,muscle,control,20.0,age_weeks,ridge,False,20.0,52.551124572753906,-32.551124572753906
GSE60012_tile_132,GSE60012,muscle,control,20.0,age_weeks,ridge,False,20.0,60.44600296020508,-40.44600296020508
GSE60012_tile_133,GSE60012,muscle,control,20.0,age_weeks,ridge,False,20.0,32.02515411376953,-12.025154113769531
GSE60012_tile_134,GSE60012,muscle,control,20.0,age_weeks,ridge,False,20.0,38.599365234375,-18.599365234375
GSE60012_tile_135,GSE60012,muscle,control,20.0,age_weeks,ridge,False,20.0,48.14986038208008,-28.149860382080078
GSE60012_tile_136,GSE60012,muscle,control,20.0,age_weeks,ridge,False,20.0,40.498634338378906,-20.498634338378906
GSE60012_tile_137,GSE60012,muscle,control,20.0,age_weeks,ridge,False,20.0,34.751365661621094,-14.751365661621094
GSE60012_tile_138,GSE60012,muscle,control,20.0,age_weeks,ridge,False,20.0,40.46552276611328,-20.46552276611328
GSE60012_tile_139,GSE60012,muscle,control,20.0,age_weeks,ridge,False,20.0,53.44084930419922,-33.44084930419922
GSE60012_tile_140,GSE60012,muscle,control,20.0,age_weeks,ridge,False,20.0,30.258216857910156,-10.258216857910156
GSE60012_tile_141,GSE60012,muscle,control,3.0,age_weeks,ridge,False,3.0,23.494335174560547,-20.494335174560547
GSE60012_tile_142,GSE60012,muscle,control,3.0,age_weeks,ridge,False,3.0,31.42477035522461,-28.42477035522461
GSE60012_tile_143,GSE60012,muscle,control,3.0,age_weeks,ridge,False,3.0,-18.223106384277344,21.223106384277344
GSE60012_tile_144,GSE60012,muscle,control,3.0,age_weeks,ridge,False,3.0,14.648345947265625,-11.648345947265625
GSE60012_tile_145,GSE60012,muscle,control,3.0,age_weeks,ridge,False,3.0,-22.078125,25.078125
GSE60012_tile_146,GSE60012,muscle,control,3.0,age_weeks,ridge,False,3.0,16.53813934326172,-13.538139343261719
GSE60012_tile_147,GSE60012,muscle,control,3.0,age_weeks,ridge,False,3.0,8.042610168457031,-5.042610168457031
GSE60012_tile_148,GSE60012,muscle,control,3.0,age_weeks,ridge,False,3.0,16.835430145263672,-13.835430145263672
GSE60012_tile_149,GSE60012,brain_cerebellum,control,1.0,age_weeks,ridge,False,1.0,15.208271026611328,-14.208271026611328
GSE60012_tile_150,GSE60012,brain_cerebellum,control,20.0,age_weeks,ridge,False,20.0,45.174766540527344,-25.174766540527344
GSE60012_tile_151,GSE60012,brain_cerebellum,control,20.0,age_weeks,ridge,False,20.0,57.18724060058594,-37.18724060058594
GSE60012_tile_152,GSE60012,brain_cerebellum,control,1.0,age_weeks,ridge,False,1.0,23.925283432006836,-22.925283432006836
GSE60012_tile_153,GSE60012,spleen,control,1.0,age_weeks,ridge,False,1.0,-6.668098449707031,7.668098449707031
GSM6590383,GSE213628,intestine,control,17.383,age_weeks,ridge,False,17.383,100.80783081054688,-83.42483081054688
GSM6590384,GSE213628,intestine,control,17.383,age_weeks,ridge,False,17.383,89.15473175048828,-71.77173175048829
GSM6590385,GSE213628,intestine,control,17.383,age_weeks,ridge,False,17.383,93.03241729736328,-75.64941729736329
GSM6590386,GSE213628,intestine,control,17.383,age_weeks,ridge,False,17.383,68.37066650390625,-50.987666503906254
GSM6590387,GSE213628,intestine,control,17.383,age_weeks,ridge,False,17.383,85.3211441040039,-67.93814410400391
GSM6590388,GSE213628,intestine,control,17.383,age_weeks,ridge,False,17.383,89.3548583984375,-71.9718583984375
GSM6590389,GSE213628,intestine,control,17.383,age_weeks,ridge,False,17.383,44.74563217163086,-27.36263217163086
GSM6590390,GSE213628,intestine,control,17.383,age_weeks,ridge,False,17.383,56.261802673339844,-38.87880267333985
GSM6590391,GSE213628,intestine,control,17.383,age_weeks,ridge,False,17.383,124.8985824584961,-107.5155824584961
GSM6590392,GSE213628,intestine,control,17.383,age_weeks,ridge,False,17.383,110.62673950195312,-93.24373950195313
GSM6590393,GSE213628,intestine,control,17.383,age_weeks,ridge,False,17.383,193.7041778564453,-176.3211778564453
GSM6590394,GSE213628,intestine,control,17.383,age_weeks,ridge,False,17.383,91.66339111328125,-74.28039111328125
GSM6590395,GSE213628,intestine,control,52.149,age_weeks,ridge,False,52.149,203.33828735351562,-151.18928735351562
GSM6590396,GSE213628,intestine,control,52.149,age_weeks,ridge,False,52.149,235.76600646972656,-183.61700646972656
GSM6590397,GSE213628,intestine,control,52.149,age_weeks,ridge,False,52.149,221.59568786621094,-169.44668786621094
GSM6590398,GSE213628,intestine,control,52.149,age_weeks,ridge,False,52.149,219.5457000732422,-167.3967000732422
GSM6590399,GSE213628,intestine,control,52.149,age_weeks,ridge,False,52.149,287.969482421875,-235.820482421875
GSM6590400,GSE213628,intestine,control,52.149,age_weeks,ridge,False,52.149,233.89822387695312,-181.74922387695312
GSM6590401,GSE213628,intestine,control,52.149,age_weeks,ridge,False,52.149,333.8575439453125,-281.7085439453125
GSM6590402,GSE213628,intestine,control,52.149,age_weeks,ridge,False,52.149,234.56382751464844,-182.41482751464844
GSM6590403,GSE213628,intestine,control,78.223,age_weeks,ridge,False,78.223,321.9481201171875,-243.7251201171875
GSM6590404,GSE213628,intestine,control,78.223,age_weeks,ridge,False,78.223,235.33555603027344,-157.11255603027342
GSM6590405,GSE213628,intestine,control,78.223,age_weeks,ridge,False,78.223,320.69921875,-242.47621875
GSM6590406,GSE213628,intestine,control,78.223,age_weeks,ridge,False,78.223,297.85150146484375,-219.62850146484374
GSM6590407,GSE213628,intestine,control,78.223,age_weeks,ridge,False,78.223,248.64251708984375,-170.41951708984374
GSM6590408,GSE213628,intestine,control,78.223,age_weeks,ridge,False,78.223,301.5435485839844,-223.32054858398436
GSM6590409,GSE213628,intestine,control,78.223,age_weeks,ridge,False,78.223,270.71844482421875,-192.49544482421874
GSM6590410,GSE213628,intestine,control,78.223,age_weeks,ridge,False,78.223,272.73040771484375,-194.50740771484374
GSM6590411,GSE213628,intestine,control,78.223,age_weeks,ridge,False,78.223,523.041748046875,-444.818748046875
GSM6590412,GSE213628,intestine,control,78.223,age_weeks,ridge,False,78.223,349.01104736328125,-270.78804736328124
GSM6590413,GSE213628,intestine,control,78.223,age_weeks,ridge,False,78.223,497.1431884765625,-418.9201884765625
GSM6590414,GSE213628,intestine,control,78.223,age_weeks,ridge,False,78.223,585.1127319335938,-506.88973193359374
GSM6590415,GSE213628,intestine,control,104.297,age_weeks,ridge,False,104.297,614.744384765625,-510.447384765625
GSM6590416,GSE213628,intestine,control,104.297,age_weeks,ridge,False,104.297,399.28485107421875,-294.9878510742187
GSM6590417,GSE213628,intestine,control,104.297,age_weeks,ridge,False,104.297,486.843505859375,-382.546505859375
GSM6590418,GSE213628,intestine,control,104.297,age_weeks,ridge,False,104.297,401.8338623046875,-297.5368623046875
GSM6590419,GSE213628,intestine,control,104.297,age_weeks,ridge,False,104.297,520.9273071289062,-416.6303071289062
GSM6590420,GSE213628,intestine,control,104.297,age_weeks,ridge,False,104.297,348.93902587890625,-244.64202587890625
GSM6590421,GSE213628,intestine,control,104.297,age_weeks,ridge,False,104.297,582.4915161132812,-478.1945161132812
GSM6590422,GSE213628,intestine,control,104.297,age_weeks,ridge,False,104.297,354.82720947265625,-250.53020947265625
GSM6590423,GSE213628,intestine,control,104.297,age_weeks,ridge,False,104.297,573.8453979492188,-469.5483979492187
GSM6590424,GSE213628,intestine,control,104.297,age_weeks,ridge,False,104.297,646.5928955078125,-542.2958955078125
GSM6590425,GSE213628,intestine,control,104.297,age_weeks,ridge,False,104.297,660.2479858398438,-555.9509858398437
GSM6590426,GSE213628,intestine,control,104.297,age_weeks,ridge,False,104.297,568.223876953125,-463.926876953125
GSM6590427,GSE213628,blood,control,17.383,age_weeks,ridge,False,17.383,116.47852325439453,-99.09552325439454
GSM6590428,GSE213628,blood,control,17.383,age_weeks,ridge,False,17.383,62.632225036621094,-45.2492250366211
GSM6590429,GSE213628,blood,control,17.383,age_weeks,ridge,False,17.383,79.681884765625,-62.298884765625004
GSM6590430,GSE213628,blood,control,52.149,age_weeks,ridge,False,52.149,109.17784881591797,-57.02884881591797
GSM6590431,GSE213628,blood,control,52.149,age_weeks,ridge,False,52.149,129.11489868164062,-76.96589868164062
GSM6590432,GSE213628,blood,control,52.149,age_weeks,ridge,False,52.149,158.21365356445312,-106.06465356445312
GSM6590433,GSE213628,blood,control,104.297,age_weeks,ridge,False,104.297,177.58872985839844,-73.29172985839844
GSM6590434,GSE213628,blood,control,104.297,age_weeks,ridge,False,104.297,112.13832092285156,-7.8413209228515655
GSM6590435,GSE213628,blood,control,104.297,age_weeks,ridge,False,104.297,174.65414428710938,-70.35714428710938
GSM6590436,GSE213628,blood,control,104.297,age_weeks,ridge,False,104.297,154.4107666015625,-50.1137666015625
GSM6590437,GSE213628,heart,control,17.383,age_weeks,ridge,False,17.383,78.0677719116211,-60.6847719116211
GSM6590438,GSE213628,heart,control,17.383,age_weeks,ridge,False,17.383,67.22395324707031,-49.84095324707032
GSM6590439,GSE213628,heart,control,17.383,age_weeks,ridge,False,17.383,58.775413513183594,-41.3924135131836
GSM6590440,GSE213628,heart,control,17.383,age_weeks,ridge,False,17.383,56.228843688964844,-38.84584368896485
GSM6590441,GSE213628,heart,control,17.383,age_weeks,ridge,False,17.383,75.4839096069336,-58.1009096069336
GSM6590442,GSE213628,heart,control,17.383,age_weeks,ridge,False,17.383,70.83509826660156,-53.45209826660157
GSM6590443,GSE213628,heart,control,52.149,age_weeks,ridge,False,52.149,101.61190795898438,-49.462907958984374
GSM6590444,GSE213628,heart,control,52.149,age_weeks,ridge,False,52.149,75.66535186767578,-23.51635186767578
GSM6590445,GSE213628,heart,control,52.149,age_weeks,ridge,False,52.149,75.0954360961914,-22.946436096191405
GSM6590446,GSE213628,heart,control,52.149,age_weeks,ridge,False,52.149,97.65119934082031,-45.50219934082031
GSM6590447,GSE213628,heart,control,52.149,age_weeks,ridge,False,52.149,80.63400268554688,-28.485002685546874
GSM6590448,GSE213628,heart,control,52.149,age_weeks,ridge,False,52.149,87.8941650390625,-35.7451650390625
GSM6590449,GSE213628,heart,control,104.297,age_weeks,ridge,False,104.297,111.57243347167969,-7.2754334716796905
GSM6590450,GSE213628,heart,control,104.297,age_weeks,ridge,False,104.297,108.18356323242188,-3.886563232421878
GSM6590451,GSE213628,heart,control,104.297,age_weeks,ridge,False,104.297,97.81598663330078,6.481013366699216
GSM6590452,GSE213628,heart,control,104.297,age_weeks,ridge,False,104.297,126.28771209716797,-21.99071209716797
GSM6590453,GSE213628,heart,control,104.297,age_weeks,ridge,False,104.297,110.21788787841797,-5.920887878417972
GSM6590454,GSE213628,heart,control,104.297,age_weeks,ridge,False,104.297,110.91340637207031,-6.6164063720703155
GSM6590455,GSE213628,heart,control,108.643,age_weeks,ridge,False,108.643,114.9599838256836,-6.316983825683593
GSM6590456,GSE213628,heart,control,112.989,age_weeks,ridge,False,112.989,128.66958618164062,-15.68058618164062
GSM6590457,GSE213628,heart,control,117.334,age_weeks,ridge,False,117.33399999999999,82.59866333007812,34.735336669921864
GSM6590458,GSE213628,heart,control,121.68,age_weeks,ridge,False,121.67999999999999,122.10693359375,-0.4269335937500074
GSM6590459,GSE213628,kidney,control,17.383,age_weeks,ridge,False,17.383,72.99419403076172,-55.61119403076172
GSM6590460,GSE213628,kidney,control,17.383,age_weeks,ridge,False,17.383,132.70762634277344,-115.32462634277344
GSM6590461,GSE213628,kidney,control,17.383,age_weeks,ridge,False,17.383,69.16690826416016,-51.78390826416016
GSM6590462,GSE213628,kidney,control,52.149,age_weeks,ridge,False,52.149,121.7204360961914,-69.5714360961914
GSM6590463,GSE213628,kidney,control,52.149,age_weeks,ridge,False,52.149,177.33370971679688,-125.18470971679687
GSM6590464,GSE213628,kidney,control,52.149,age_weeks,ridge,False,52.149,85.54908752441406,-33.40008752441406
GSM6590465,GSE213628,kidney,control,104.297,age_weeks,ridge,False,104.297,182.5015869140625,-78.2045869140625
GSM6590466,GSE213628,kidney,control,104.297,age_weeks,ridge,False,104.297,152.99673461914062,-48.69973461914063
GSM6590467,GSE213628,kidney,control,104.297,age_weeks,ridge,False,104.297,108.18746185302734,-3.8904618530273467
GSM6590468,GSE213628,kidney,control,104.297,age_weeks,ridge,False,104.297,115.85015869140625,-11.553158691406253
GSM6590469,GSE213628,liver,control,17.383,age_weeks,ridge,False,17.383,23.490236282348633,-6.107236282348634
GSM6590470,GSE213628,liver,control,17.383,age_weeks,ridge,False,17.383,22.28349494934082,-4.900494949340821
GSM6590471,GSE213628,liver,control,52.149,age_weeks,ridge,False,52.149,62.50163269042969,-10.352632690429687
GSM6590472,GSE213628,liver,control,52.149,age_weeks,ridge,False,52.149,63.33721160888672,-11.188211608886718
GSM6590473,GSE213628,liver,control,104.297,age_weeks,ridge,False,104.297,115.15470123291016,-10.85770123291016
GSM6590474,GSE213628,liver,control,104.297,age_weeks,ridge,False,104.297,104.83238220214844,-0.5353822021484405
GSM6590475,GSE213628,lung,control,17.383,age_weeks,ridge,False,17.383,47.84121322631836,-30.45821322631836
GSM6590476,GSE213628,lung,control,17.383,age_weeks,ridge,False,17.383,54.51099395751953,-37.127993957519536
GSM6590477,GSE213628,lung,control,52.149,age_weeks,ridge,False,52.149,65.18341827392578,-13.03441827392578
GSM6590478,GSE213628,lung,control,52.149,age_weeks,ridge,False,52.149,76.95822143554688,-24.809221435546874
GSM6590479,GSE213628,lung,control,104.297,age_weeks,ridge,False,104.297,87.16297912597656,17.134020874023435
GSM6590480,GSE213628,lung,control,104.297,age_weeks,ridge,False,104.297,87.5001449584961,16.796855041503903
GSM6590481,GSE213628,skeletal_muscle,control,17.383,age_weeks,ridge,False,17.383,64.83341979980469,-47.45041979980469
GSM6590482,GSE213628,skeletal_muscle,control,17.383,age_weeks,ridge,False,17.383,60.58881759643555,-43.20581759643555
GSM6590483,GSE213628,skeletal_muscle,control,52.149,age_weeks,ridge,False,52.149,66.67616271972656,-14.527162719726562
GSM6590484,GSE213628,skeletal_muscle,control,52.149,age_weeks,ridge,False,52.149,74.95886993408203,-22.80986993408203
GSM6590485,GSE213628,skeletal_muscle,control,104.297,age_weeks,ridge,False,104.297,76.29459381103516,28.00240618896484
GSM6590486,GSE213628,skeletal_muscle,control,104.297,age_weeks,ridge,False,104.297,81.03663635253906,23.260363647460935
GSM6590487,GSE213628,spleen,control,17.383,age_weeks,ridge,False,17.383,55.42406463623047,-38.04106463623047
GSM6590488,GSE213628,spleen,control,17.383,age_weeks,ridge,False,17.383,31.92118263244629,-14.53818263244629
GSM6590489,GSE213628,spleen,control,17.383,age_weeks,ridge,False,17.383,58.73134231567383,-41.34834231567383
GSM6590490,GSE213628,spleen,control,17.383,age_weeks,ridge,False,17.383,43.34375,-25.96075
GSM6590491,GSE213628,spleen,control,17.383,age_weeks,ridge,False,17.383,38.42266845703125,-21.03966845703125
GSM6590492,GSE213628,spleen,control,52.149,age_weeks,ridge,False,52.149,61.558624267578125,-9.409624267578124
GSM6590493,GSE213628,spleen,control,52.149,age_weeks,ridge,False,52.149,160.89559936523438,-108.74659936523437
GSM6590494,GSE213628,spleen,control,52.149,age_weeks,ridge,False,52.149,122.646728515625,-70.497728515625
GSM6590495,GSE213628,spleen,control,52.149,age_weeks,ridge,False,52.149,74.27911376953125,-22.13011376953125
GSM6590496,GSE213628,spleen,control,52.149,age_weeks,ridge,False,52.149,104.54949188232422,-52.40049188232422
GSM6590497,GSE213628,spleen,control,104.297,age_weeks,ridge,False,104.297,272.1376953125,-167.8406953125
GSM6590498,GSE213628,spleen,control,104.297,age_weeks,ridge,False,104.297,165.84397888183594,-61.54697888183594
GSM6590499,GSE213628,spleen,control,104.297,age_weeks,ridge,False,104.297,154.6509246826172,-50.35392468261719
GSM6590500,GSE213628,spleen,control,104.297,age_weeks,ridge,False,104.297,208.06463623046875,-103.76763623046875
GSM6590501,GSE213628,spleen,control,104.297,age_weeks,ridge,False,104.297,150.47442626953125,-46.17742626953125
GSM6590502,GSE213628,spleen,control,104.297,age_weeks,ridge,False,104.297,151.56765747070312,-47.27065747070313
