sample_id,dataset_batch,tissue,intervention,age_weeks,target_id,model_name,randomize_labels,label_true,label_pred,prob_F,prob_M
GSM3394172,GSE120137,adipose,control,86.914,sex_binary,logistic,False,F,F,0.9990788781282723,0.0009211218717276665
GSM3394173,GSE120137,adipose,control,86.914,sex_binary,logistic,False,F,F,0.996099458312874,0.003900541687126001
GSM3394174,GSE120137,adipose,control,86.914,sex_binary,logistic,False,F,F,0.9983197482630782,0.0016802517369217682
GSM3394175,GSE120137,adipose,control,86.914,sex_binary,logistic,False,F,F,0.9925267821560821,0.007473217843917889
GSM3394176,GSE120137,adipose,control,86.914,sex_binary,logistic,False,F,F,0.9751166581555666,0.024883341844433433
GSM3394177,GSE120137,adipose,control,86.914,sex_binary,logistic,False,M,F,0.9828830123484941,0.017116987651505985
GSM3394178,GSE120137,adipose,control,86.914,sex_binary,logistic,False,M,F,0.9963317349022892,0.0036682650977107336
GSM3394179,GSE120137,adipose,control,86.914,sex_binary,logistic,False,M,F,0.9966172180521541,0.0033827819478459463
GSM3394180,GSE120137,adipose,control,86.914,sex_binary,logistic,False,M,F,0.9968605759866566,0.0031394240133434713
GSM3394181,GSE120137,adipose,control,86.914,sex_binary,logistic,False,M,F,0.998695210531308,0.0013047894686919618
GSM3394182,GSE120137,adipose,control,86.914,sex_binary,logistic,False,F,F,0.9986352453179178,0.0013647546820821864
GSM3394183,GSE120137,adipose,control,86.914,sex_binary,logistic,False,F,F,0.9996080619413487,0.00039193805865129214
GSM3394184,GSE120137,adipose,control,86.914,sex_binary,logistic,False,F,F,0.9993930204648237,0.0006069795351762843
GSM3394185,GSE120137,adipose,control,86.914,sex_binary,logistic,False,F,F,0.9970449050813341,0.00295509491866584
GSM3394186,GSE120137,adipose,control,86.914,sex_binary,logistic,False,F,F,0.9999159132874014,8.408671259863886e-05
GSM3394187,GSE120137,adipose,control,86.914,sex_binary,logistic,False,M,F,0.999053987411203,0.0009460125887970515
GSM3394188,GSE120137,adipose,control,86.914,sex_binary,logistic,False,M,F,0.9972174731267245,0.002782526873275521
GSM3394189,GSE120137,adipose,control,86.914,sex_binary,logistic,False,M,F,0.9918054421809152,0.008194557819084897
GSM3394190,GSE120137,adipose,control,86.914,sex_binary,logistic,False,M,F,0.9987172003784349,0.0012827996215650456
GSM3394191,GSE120137,adipose,control,86.914,sex_binary,logistic,False,M,F,0.9974143106345523,0.002585689365447627
GSM3394192,GSE120137,adipose,control,43.457,sex_binary,logistic,False,F,F,0.9991193649934272,0.0008806350065727266
GSM3394193,GSE120137,adipose,control,43.457,sex_binary,logistic,False,F,F,0.9986916083769385,0.001308391623061484
GSM3394194,GSE120137,adipose,control,43.457,sex_binary,logistic,False,F,F,0.9838931618598139,0.016106838140186083
GSM3394195,GSE120137,adipose,control,43.457,sex_binary,logistic,False,F,F,0.9987306141642943,0.0012693858357057171
GSM3394196,GSE120137,adipose,control,43.457,sex_binary,logistic,False,F,F,0.9994837517111851,0.000516248288814868
GSM3394197,GSE120137,adipose,control,43.457,sex_binary,logistic,False,M,F,0.9897547794463906,0.010245220553609434
GSM3394198,GSE120137,adipose,control,43.457,sex_binary,logistic,False,M,F,0.9978082929985232,0.002191707001476797
GSM3394199,GSE120137,adipose,control,43.457,sex_binary,logistic,False,M,F,0.9970183076030573,0.0029816923969426886
GSM3394200,GSE120137,adipose,control,43.457,sex_binary,logistic,False,M,F,0.9798849422797609,0.020115057720239176
GSM3394201,GSE120137,adipose,control,43.457,sex_binary,logistic,False,M,F,0.9960226073992708,0.003977392600729174
GSM3394202,GSE120137,adipose,control,43.457,sex_binary,logistic,False,F,F,0.999392100150929,0.0006078998490709447
GSM3394203,GSE120137,adipose,control,43.457,sex_binary,logistic,False,F,F,0.9995385690632967,0.00046143093670323584
GSM3394204,GSE120137,adipose,control,43.457,sex_binary,logistic,False,F,F,0.9983113537247661,0.0016886462752338683
GSM3394205,GSE120137,adipose,control,43.457,sex_binary,logistic,False,F,F,0.9940822938545099,0.005917706145490098
GSM3394206,GSE120137,adipose,control,43.457,sex_binary,logistic,False,F,F,0.9970511518944364,0.0029488481055636104
GSM3394207,GSE120137,adipose,control,43.457,sex_binary,logistic,False,M,F,0.9815054382420054,0.01849456175799456
GSM3394208,GSE120137,adipose,control,43.457,sex_binary,logistic,False,M,F,0.997239245953764,0.00276075404623601
GSM3394209,GSE120137,adipose,control,43.457,sex_binary,logistic,False,M,F,0.9978519951987791,0.002148004801220897
GSM3394210,GSE120137,adipose,control,43.457,sex_binary,logistic,False,M,F,0.9990259006866935,0.0009740993133065038
GSM3394211,GSE120137,adipose,control,43.457,sex_binary,logistic,False,M,F,0.9969837627584044,0.003016237241595559
GSM3394212,GSE120137,adipose,control,8.691,sex_binary,logistic,False,F,F,0.9996364658403554,0.00036353415964458156
GSM3394213,GSE120137,adipose,control,8.691,sex_binary,logistic,False,F,F,0.9994799986235173,0.0005200013764826597
GSM3394214,GSE120137,adipose,control,8.691,sex_binary,logistic,False,F,F,0.9966833686280308,0.0033166313719692627
GSM3394215,GSE120137,adipose,control,8.691,sex_binary,logistic,False,F,F,0.9077375828543731,0.09226241714562688
GSM3394216,GSE120137,adipose,control,8.691,sex_binary,logistic,False,F,F,0.8547707011482614,0.14522929885173866
GSM3394217,GSE120137,adipose,control,8.691,sex_binary,logistic,False,M,F,0.9834645166488415,0.01653548335115846
GSM3394218,GSE120137,adipose,control,8.691,sex_binary,logistic,False,M,F,0.9976780577526879,0.0023219422473120996
GSM3394219,GSE120137,adipose,control,8.691,sex_binary,logistic,False,M,F,0.9879852648962034,0.012014735103796578
GSM3394220,GSE120137,adipose,control,8.691,sex_binary,logistic,False,M,F,0.9948066236996836,0.005193376300316402
GSM3394221,GSE120137,adipose,control,8.691,sex_binary,logistic,False,M,F,0.9953080407430624,0.004691959256937528
GSM3394222,GSE120137,adipose,control,8.691,sex_binary,logistic,False,F,F,0.9616766406904714,0.03832335930952862
GSM3394223,GSE120137,adipose,control,8.691,sex_binary,logistic,False,F,F,0.9948726842147734,0.005127315785226617
GSM3394224,GSE120137,adipose,control,8.691,sex_binary,logistic,False,F,F,0.9987415476573184,0.0012584523426816053
GSM3394225,GSE120137,adipose,control,8.691,sex_binary,logistic,False,F,F,0.9896656110719838,0.010334388928016221
GSM3394226,GSE120137,adipose,control,8.691,sex_binary,logistic,False,F,F,0.9934963927456953,0.006503607254304675
GSM3394227,GSE120137,adipose,control,8.691,sex_binary,logistic,False,M,F,0.9942386333174551,0.005761366682544937
GSM3394228,GSE120137,blood,control,86.914,sex_binary,logistic,False,F,F,0.9999614488106341,3.8551189365874765e-05
GSM3394229,GSE120137,blood,control,86.914,sex_binary,logistic,False,F,F,0.9999971783723414,2.821627658661159e-06
GSM3394230,GSE120137,blood,control,86.914,sex_binary,logistic,False,M,F,0.9999809962239754,1.9003776024649797e-05
GSM3394231,GSE120137,blood,control,86.914,sex_binary,logistic,False,M,F,0.999619762622417,0.000380237377583008
GSM3394232,GSE120137,blood,control,86.914,sex_binary,logistic,False,M,F,0.9995890902513824,0.0004109097486176246
GSM3394233,GSE120137,blood,control,86.914,sex_binary,logistic,False,M,F,0.9999856110321993,1.4388967800718424e-05
GSM3394234,GSE120137,blood,control,86.914,sex_binary,logistic,False,M,F,0.9999980794762584,1.9205237415639995e-06
GSM3394235,GSE120137,blood,control,86.914,sex_binary,logistic,False,F,F,0.9982746671172786,0.0017253328827213552
GSM3394236,GSE120137,blood,control,86.914,sex_binary,logistic,False,F,F,0.9532113154200452,0.046788684579954776
GSM3394237,GSE120137,blood,control,86.914,sex_binary,logistic,False,F,F,0.9243010197279807,0.07569898027201928
GSM3394238,GSE120137,blood,control,86.914,sex_binary,logistic,False,F,F,0.9990179677345642,0.000982032265435778
GSM3394239,GSE120137,blood,control,86.914,sex_binary,logistic,False,F,F,0.9996284105493352,0.0003715894506648411
GSM3394240,GSE120137,blood,control,86.914,sex_binary,logistic,False,M,F,0.9999769284424842,2.307155751575672e-05
GSM3394241,GSE120137,blood,control,86.914,sex_binary,logistic,False,M,F,0.9999790766475707,2.092335242936242e-05
GSM3394242,GSE120137,blood,control,86.914,sex_binary,logistic,False,M,F,0.9999921476116271,7.852388372901712e-06
GSM3394243,GSE120137,blood,control,86.914,sex_binary,logistic,False,M,F,0.9999951265708794,4.87342912057025e-06
GSM3394244,GSE120137,blood,control,86.914,sex_binary,logistic,False,M,F,0.9999533080677446,4.669193225539368e-05
GSM3394245,GSE120137,blood,control,43.457,sex_binary,logistic,False,M,F,0.9990835138388778,0.0009164861611221128
GSM3394246,GSE120137,blood,control,43.457,sex_binary,logistic,False,F,F,0.999994761145717,5.238854283003378e-06
GSM3394247,GSE120137,blood,control,43.457,sex_binary,logistic,False,F,F,0.9999889185436855,1.108145631446594e-05
GSM3394248,GSE120137,blood,control,43.457,sex_binary,logistic,False,F,F,0.999993975691946,6.024308053949742e-06
GSM3394249,GSE120137,blood,control,43.457,sex_binary,logistic,False,M,F,0.9999885084153288,1.1491584671217112e-05
GSM3394250,GSE120137,blood,control,43.457,sex_binary,logistic,False,M,F,0.9999847109509162,1.528904908379587e-05
GSM3394251,GSE120137,blood,control,43.457,sex_binary,logistic,False,M,F,0.9999012439374811,9.875606251883501e-05
GSM3394252,GSE120137,blood,control,43.457,sex_binary,logistic,False,M,F,0.999984814899518,1.5185100482055718e-05
GSM3394253,GSE120137,blood,control,43.457,sex_binary,logistic,False,M,F,0.9999583602923252,4.163970767474459e-05
GSM3394254,GSE120137,blood,control,8.691,sex_binary,logistic,False,F,F,0.9999888222583432,1.1177741656793622e-05
GSM3394255,GSE120137,blood,control,8.691,sex_binary,logistic,False,F,F,0.9999500686467586,4.9931353241355105e-05
GSM3394256,GSE120137,blood,control,8.691,sex_binary,logistic,False,M,F,0.9999928550162771,7.1449837229410225e-06
GSM3394257,GSE120137,blood,control,8.691,sex_binary,logistic,False,M,F,0.9999621958044848,3.780419551519803e-05
GSM3394258,GSE120137,blood,control,8.691,sex_binary,logistic,False,M,F,0.9999959154192253,4.084580774682176e-06
GSM3394259,GSE120137,blood,control,8.691,sex_binary,logistic,False,M,F,0.9999909966658936,9.003334106370003e-06
GSM3394260,GSE120137,blood,control,92.462,sex_binary,logistic,False,F,F,0.9997642013577887,0.00023579864221137683
GSM3394261,GSE120137,blood,control,92.462,sex_binary,logistic,False,F,F,0.9994703430968972,0.0005296569031028025
GSM3394262,GSE120137,blood,control,92.462,sex_binary,logistic,False,F,F,0.9998124968765837,0.00018750312341634252
GSM3394263,GSE120137,blood,control,92.462,sex_binary,logistic,False,F,F,0.9997372028533132,0.0002627971466867414
GSM3394264,GSE120137,blood,control,92.462,sex_binary,logistic,False,F,F,0.9999463658447463,5.363415525373167e-05
GSM3394265,GSE120137,blood,control,79.106,sex_binary,logistic,False,M,F,0.9999923982733636,7.601726636383333e-06
GSM3394266,GSE120137,blood,control,79.106,sex_binary,logistic,False,M,F,0.9999495522276189,5.044777238110569e-05
GSM3394267,GSE120137,blood,control,79.106,sex_binary,logistic,False,M,F,0.999550105433019,0.0004498945669809389
GSM3394268,GSE120137,blood,control,79.106,sex_binary,logistic,False,M,F,0.9999469355953625,5.306440463751015e-05
GSM3394269,GSE120137,blood,control,79.106,sex_binary,logistic,False,M,F,0.9996458085606008,0.000354191439399237
GSM3394270,GSE120137,blood,control,48.286,sex_binary,logistic,False,F,F,0.9998199169562154,0.00018008304378461376
GSM3394271,GSE120137,blood,control,48.286,sex_binary,logistic,False,F,F,0.9999823176039824,1.7682396017674316e-05
GSM3394272,GSE120137,blood,control,48.286,sex_binary,logistic,False,F,F,0.9999979979851438,2.00201485622159e-06
GSM3394273,GSE120137,blood,control,48.286,sex_binary,logistic,False,F,F,0.9999497617789375,5.023822106250644e-05
GSM3394274,GSE120137,blood,control,48.286,sex_binary,logistic,False,F,F,0.9999583751787624,4.1624821237541736e-05
GSM3394275,GSE120137,blood,control,48.286,sex_binary,logistic,False,M,F,0.9999710665574029,2.8933442597080705e-05
GSM3394276,GSE120137,blood,control,48.286,sex_binary,logistic,False,M,F,0.9999379700647489,6.202993525108382e-05
GSM3394277,GSE120137,blood,control,48.286,sex_binary,logistic,False,M,F,0.9998618466313374,0.00013815336866263708
GSM3394278,GSE120137,blood,control,48.286,sex_binary,logistic,False,M,F,0.9999197279272938,8.02720727061908e-05
GSM3394279,GSE120137,blood,control,48.286,sex_binary,logistic,False,M,F,0.9998073810082206,0.00019261899177937304
GSM3394280,GSE120137,blood,control,10.274,sex_binary,logistic,False,F,F,0.9999845370831093,1.54629168906519e-05
GSM3394281,GSE120137,blood,control,10.274,sex_binary,logistic,False,F,F,0.9999758226594201,2.4177340579922184e-05
GSM3394282,GSE120137,blood,control,10.274,sex_binary,logistic,False,F,F,0.9999984274679122,1.5725320877620417e-06
GSM3394283,GSE120137,blood,control,10.274,sex_binary,logistic,False,F,F,0.9999946752395872,5.324760412793861e-06
GSM3394284,GSE120137,blood,control,10.274,sex_binary,logistic,False,F,F,0.9999950525592097,4.947440790267566e-06
GSM3394285,GSE120137,blood,control,11.301,sex_binary,logistic,False,M,F,0.9998181560281784,0.0001818439718216084
GSM3394286,GSE120137,blood,control,11.301,sex_binary,logistic,False,M,F,0.9999019481721595,9.805182784050922e-05
GSM3394287,GSE120137,blood,control,11.301,sex_binary,logistic,False,M,F,0.9995193826371108,0.00048061736288915186
GSM3394288,GSE120137,blood,control,11.301,sex_binary,logistic,False,M,F,0.9998111683739299,0.00018883162607003344
GSM3394289,GSE120137,blood,control,11.301,sex_binary,logistic,False,M,F,0.999907880510468,9.211948953201072e-05
GSM3394290,GSE120137,blood,control,7.192,sex_binary,logistic,False,F,F,0.9999945485577468,5.451442253168779e-06
GSM3394291,GSE120137,blood,control,7.192,sex_binary,logistic,False,F,F,0.9999612608768285,3.873912317157009e-05
GSM3394292,GSE120137,blood,control,7.192,sex_binary,logistic,False,F,F,0.9999886048035026,1.1395196497412695e-05
GSM3394293,GSE120137,blood,control,7.192,sex_binary,logistic,False,F,F,0.9999982436226709,1.7563773291725695e-06
GSM3394294,GSE120137,blood,control,7.192,sex_binary,logistic,False,F,F,0.9999829141043959,1.7085895604132384e-05
GSM3394295,GSE120137,blood,control,7.192,sex_binary,logistic,False,M,F,0.9997740044424439,0.00022599555755612957
GSM3394296,GSE120137,blood,control,7.192,sex_binary,logistic,False,M,F,0.9998306632437811,0.0001693367562188627
GSM3394297,GSE120137,blood,control,7.192,sex_binary,logistic,False,M,F,0.9998672751485106,0.000132724851489366
GSM3394298,GSE120137,blood,control,7.192,sex_binary,logistic,False,M,F,0.9995821692973086,0.0004178307026914561
GSM3394299,GSE120137,blood,control,7.192,sex_binary,logistic,False,M,F,0.9993931796355369,0.0006068203644631377
GSM3394300,GSE120137,kidney,control,86.914,sex_binary,logistic,False,F,F,0.806439984865568,0.19356001513443197
GSM3394301,GSE120137,kidney,control,86.914,sex_binary,logistic,False,F,F,0.6785844450465557,0.32141555495344437
GSM3394302,GSE120137,kidney,control,86.914,sex_binary,logistic,False,F,M,0.15661248866520872,0.8433875113347913
GSM3394303,GSE120137,kidney,control,86.914,sex_binary,logistic,False,F,F,0.8405994428013802,0.15940055719861979
GSM3394304,GSE120137,kidney,control,86.914,sex_binary,logistic,False,F,F,0.9754489346907402,0.024551065309259767
GSM3394305,GSE120137,kidney,control,86.914,sex_binary,logistic,False,M,M,0.15964998831961652,0.8403500116803835
GSM3394306,GSE120137,kidney,control,86.914,sex_binary,logistic,False,M,M,0.30814370570016036,0.6918562942998396
GSM3394307,GSE120137,kidney,control,86.914,sex_binary,logistic,False,M,F,0.7666637183544149,0.23333628164558506
GSM3394308,GSE120137,kidney,control,86.914,sex_binary,logistic,False,M,F,0.5177953799322874,0.48220462006771253
GSM3394309,GSE120137,kidney,control,86.914,sex_binary,logistic,False,M,F,0.6081112199869279,0.3918887800130721
GSM3394310,GSE120137,kidney,control,86.914,sex_binary,logistic,False,F,F,0.9806395724216533,0.0193604275783467
GSM3394311,GSE120137,kidney,control,86.914,sex_binary,logistic,False,F,F,0.9273119114691162,0.07268808853088385
GSM3394312,GSE120137,kidney,control,86.914,sex_binary,logistic,False,F,F,0.9798931904486895,0.020106809551310504
GSM3394313,GSE120137,kidney,control,86.914,sex_binary,logistic,False,F,F,0.9090719676469612,0.09092803235303877
GSM3394314,GSE120137,kidney,control,86.914,sex_binary,logistic,False,F,F,0.9749462516605676,0.025053748339432434
GSM3394315,GSE120137,kidney,control,86.914,sex_binary,logistic,False,M,M,0.13198742787691498,0.868012572123085
GSM3394316,GSE120137,kidney,control,86.914,sex_binary,logistic,False,M,F,0.9637589651116019,0.036241034888398145
GSM3394317,GSE120137,kidney,control,86.914,sex_binary,logistic,False,M,F,0.5061666771227673,0.49383332287723275
GSM3394318,GSE120137,kidney,control,86.914,sex_binary,logistic,False,M,F,0.7244914177733299,0.2755085822266701
GSM3394319,GSE120137,kidney,control,86.914,sex_binary,logistic,False,M,F,0.5094447581498193,0.49055524185018073
GSM3394320,GSE120137,kidney,control,43.457,sex_binary,logistic,False,F,M,0.24112152620980076,0.7588784737901992
GSM3394321,GSE120137,kidney,control,43.457,sex_binary,logistic,False,F,M,0.3424430435224991,0.6575569564775009
GSM3394322,GSE120137,kidney,control,43.457,sex_binary,logistic,False,F,M,0.43539866187503107,0.5646013381249689
GSM3394323,GSE120137,kidney,control,43.457,sex_binary,logistic,False,F,M,0.4102619484904346,0.5897380515095654
GSM3394324,GSE120137,kidney,control,43.457,sex_binary,logistic,False,F,F,0.9252553050856193,0.07474469491438071
GSM3394325,GSE120137,kidney,control,43.457,sex_binary,logistic,False,M,M,0.008462588470167676,0.9915374115298323
GSM3394326,GSE120137,kidney,control,43.457,sex_binary,logistic,False,M,F,0.6931918571384355,0.3068081428615646
GSM3394327,GSE120137,kidney,control,43.457,sex_binary,logistic,False,M,F,0.9017529549245582,0.09824704507544174
GSM3394328,GSE120137,kidney,control,43.457,sex_binary,logistic,False,M,F,0.9853075488397657,0.014692451160234371
GSM3394329,GSE120137,kidney,control,43.457,sex_binary,logistic,False,F,F,0.9644600994219206,0.03553990057807943
GSM3394330,GSE120137,kidney,control,43.457,sex_binary,logistic,False,F,F,0.5874248887210148,0.41257511127898516
GSM3394331,GSE120137,kidney,control,43.457,sex_binary,logistic,False,F,F,0.9827972139768156,0.017202786023184362
GSM3394332,GSE120137,kidney,control,43.457,sex_binary,logistic,False,F,M,0.125862463543589,0.874137536456411
GSM3394333,GSE120137,kidney,control,43.457,sex_binary,logistic,False,F,F,0.6288014805222948,0.37119851947770516
GSM3394334,GSE120137,kidney,control,43.457,sex_binary,logistic,False,M,M,0.04613864356065511,0.9538613564393449
GSM3394335,GSE120137,kidney,control,43.457,sex_binary,logistic,False,M,M,0.03259148382869448,0.9674085161713055
GSM3394336,GSE120137,kidney,control,43.457,sex_binary,logistic,False,M,F,0.9983198336709498,0.0016801663290502342
GSM3394337,GSE120137,kidney,control,43.457,sex_binary,logistic,False,M,M,0.34014035103067397,0.659859648969326
GSM3394338,GSE120137,kidney,control,43.457,sex_binary,logistic,False,M,F,0.8299015785892322,0.1700984214107678
GSM3394339,GSE120137,kidney,control,8.691,sex_binary,logistic,False,F,F,0.83398873019197,0.16601126980803008
GSM3394340,GSE120137,kidney,control,8.691,sex_binary,logistic,False,F,F,0.8114261427401204,0.18857385725987966
GSM3394341,GSE120137,kidney,control,8.691,sex_binary,logistic,False,F,F,0.9954836068711813,0.004516393128818725
GSM3394342,GSE120137,kidney,control,8.691,sex_binary,logistic,False,F,M,0.0030041863607827013,0.9969958136392173
GSM3394343,GSE120137,kidney,control,8.691,sex_binary,logistic,False,F,F,0.9492956918374417,0.05070430816255833
GSM3394344,GSE120137,kidney,control,8.691,sex_binary,logistic,False,M,M,0.248721757334334,0.751278242665666
GSM3394345,GSE120137,kidney,control,8.691,sex_binary,logistic,False,M,F,0.7161522033254855,0.28384779667451454
GSM3394346,GSE120137,kidney,control,8.691,sex_binary,logistic,False,M,M,0.06660839244344163,0.9333916075565584
GSM3394347,GSE120137,kidney,control,8.691,sex_binary,logistic,False,M,F,0.9861702984337897,0.013829701566210308
GSM3394348,GSE120137,kidney,control,8.691,sex_binary,logistic,False,M,F,0.9889668057880918,0.011033194211908157
GSM3394349,GSE120137,kidney,control,8.691,sex_binary,logistic,False,F,M,0.3970353305297425,0.6029646694702575
GSM3394350,GSE120137,kidney,control,8.691,sex_binary,logistic,False,F,F,0.9966231729508456,0.0033768270491544286
GSM3394351,GSE120137,kidney,control,8.691,sex_binary,logistic,False,F,F,0.9799195915798166,0.020080408420183476
GSM3394352,GSE120137,kidney,control,8.691,sex_binary,logistic,False,F,M,0.46507713829099895,0.534922861709001
GSM3394353,GSE120137,kidney,control,8.691,sex_binary,logistic,False,M,M,0.4775768115864335,0.5224231884135665
GSM3394354,GSE120137,liver,control,86.914,sex_binary,logistic,False,F,F,0.9984937944288933,0.001506205571106718
GSM3394355,GSE120137,liver,control,86.914,sex_binary,logistic,False,F,F,0.931463160145695,0.06853683985430505
GSM3394356,GSE120137,liver,control,86.914,sex_binary,logistic,False,F,F,0.992468227833293,0.0075317721667070275
GSM3394357,GSE120137,liver,control,86.914,sex_binary,logistic,False,F,F,0.9989240240501533,0.0010759759498466805
GSM3394358,GSE120137,liver,control,86.914,sex_binary,logistic,False,F,F,0.9768616225841023,0.0231383774158978
GSM3394359,GSE120137,liver,control,86.914,sex_binary,logistic,False,M,M,0.14642186904156773,0.8535781309584323
GSM3394360,GSE120137,liver,control,86.914,sex_binary,logistic,False,M,F,0.5915121500159328,0.4084878499840672
GSM3394361,GSE120137,liver,control,86.914,sex_binary,logistic,False,M,F,0.6331053793457837,0.36689462065421635
GSM3394362,GSE120137,liver,control,86.914,sex_binary,logistic,False,M,M,0.19264036927075046,0.8073596307292495
GSM3394363,GSE120137,liver,control,86.914,sex_binary,logistic,False,M,F,0.5273005904018038,0.47269940959819623
GSM3394364,GSE120137,liver,control,86.914,sex_binary,logistic,False,F,F,0.9950474849860326,0.004952515013967429
GSM3394365,GSE120137,liver,control,86.914,sex_binary,logistic,False,F,F,0.9969621551357671,0.0030378448642329097
GSM3394366,GSE120137,liver,control,86.914,sex_binary,logistic,False,F,F,0.9986369365852091,0.0013630634147908161
GSM3394367,GSE120137,liver,control,86.914,sex_binary,logistic,False,F,F,0.9967725423043435,0.0032274576956564803
GSM3394368,GSE120137,liver,control,86.914,sex_binary,logistic,False,F,F,0.9957321090513247,0.004267890948675293
GSM3394369,GSE120137,liver,control,86.914,sex_binary,logistic,False,M,F,0.7448038150411864,0.2551961849588135
GSM3394370,GSE120137,liver,control,86.914,sex_binary,logistic,False,M,F,0.9675707794737917,0.03242922052620838
GSM3394371,GSE120137,liver,control,86.914,sex_binary,logistic,False,M,F,0.9953924257336689,0.0046075742663311235
GSM3394372,GSE120137,liver,control,86.914,sex_binary,logistic,False,M,F,0.9526661958257308,0.04733380417426927
GSM3394373,GSE120137,liver,control,86.914,sex_binary,logistic,False,M,F,0.518783643193449,0.48121635680655095
GSM3394374,GSE120137,liver,control,43.457,sex_binary,logistic,False,F,F,0.9981294763249681,0.0018705236750319743
GSM3394375,GSE120137,liver,control,43.457,sex_binary,logistic,False,F,F,0.8746108412824992,0.12538915871750075
GSM3394376,GSE120137,liver,control,43.457,sex_binary,logistic,False,F,F,0.9967806154204397,0.003219384579560239
GSM3394377,GSE120137,liver,control,43.457,sex_binary,logistic,False,F,F,0.96464406249518,0.03535593750481998
GSM3394378,GSE120137,liver,control,43.457,sex_binary,logistic,False,F,F,0.9996705865559293,0.0003294134440707099
GSM3394379,GSE120137,liver,control,43.457,sex_binary,logistic,False,M,F,0.5119992494523751,0.4880007505476249
GSM3394380,GSE120137,liver,control,43.457,sex_binary,logistic,False,M,F,0.9847597641745413,0.01524023582545873
GSM3394381,GSE120137,liver,control,43.457,sex_binary,logistic,False,M,M,0.16294586546205914,0.8370541345379409
GSM3394382,GSE120137,liver,control,43.457,sex_binary,logistic,False,M,F,0.6287964484331248,0.37120355156687523
GSM3394383,GSE120137,liver,control,43.457,sex_binary,logistic,False,M,M,0.08290690750999474,0.9170930924900053
GSM3394384,GSE120137,liver,control,43.457,sex_binary,logistic,False,F,F,0.973971881962838,0.026028118037162026
GSM3394385,GSE120137,liver,control,43.457,sex_binary,logistic,False,F,F,0.9990071392130488,0.0009928607869512083
GSM3394386,GSE120137,liver,control,43.457,sex_binary,logistic,False,F,F,0.9956545549321748,0.004345445067825143
GSM3394387,GSE120137,liver,control,43.457,sex_binary,logistic,False,F,F,0.9270116073239634,0.07298839267603667
GSM3394388,GSE120137,liver,control,43.457,sex_binary,logistic,False,F,F,0.99890865335199,0.0010913466480100473
GSM3394389,GSE120137,liver,control,43.457,sex_binary,logistic,False,M,F,0.6904100793895096,0.30958992061049034
GSM3394390,GSE120137,liver,control,43.457,sex_binary,logistic,False,M,F,0.8767910696814385,0.1232089303185615
GSM3394391,GSE120137,liver,control,43.457,sex_binary,logistic,False,M,F,0.9052708390012596,0.09472916099874039
GSM3394392,GSE120137,liver,control,43.457,sex_binary,logistic,False,M,F,0.9845398039403781,0.015460196059621858
GSM3394393,GSE120137,liver,control,43.457,sex_binary,logistic,False,M,M,0.041620375199673876,0.9583796248003261
GSM3394394,GSE120137,liver,control,8.691,sex_binary,logistic,False,F,F,0.9650999358581182,0.03490006414188183
GSM3394395,GSE120137,liver,control,8.691,sex_binary,logistic,False,F,F,0.9997636079241508,0.0002363920758492792
GSM3394396,GSE120137,liver,control,8.691,sex_binary,logistic,False,F,F,0.9998964943589002,0.00010350564109981503
GSM3394397,GSE120137,liver,control,8.691,sex_binary,logistic,False,F,F,0.9497428603821411,0.05025713961785891
GSM3394398,GSE120137,liver,control,8.691,sex_binary,logistic,False,F,F,0.993285183316192,0.006714816683807984
GSM3394399,GSE120137,liver,control,8.691,sex_binary,logistic,False,M,M,0.31949786598663565,0.6805021340133643
GSM3394400,GSE120137,liver,control,8.691,sex_binary,logistic,False,M,F,0.8474770054033676,0.15252299459663238
GSM3394401,GSE120137,liver,control,8.691,sex_binary,logistic,False,M,M,0.11631396860302301,0.883686031396977
GSM3394402,GSE120137,liver,control,8.691,sex_binary,logistic,False,M,F,0.887101033541908,0.11289896645809203
GSM3394403,GSE120137,liver,control,8.691,sex_binary,logistic,False,M,F,0.557378844399712,0.44262115560028803
GSM3394404,GSE120137,liver,control,8.691,sex_binary,logistic,False,F,F,0.9618569421558909,0.0381430578441091
GSM3394405,GSE120137,liver,control,8.691,sex_binary,logistic,False,F,F,0.9989516206600524,0.0010483793399476502
GSM3394406,GSE120137,liver,control,8.691,sex_binary,logistic,False,F,F,0.9949007453979711,0.005099254602028904
GSM3394407,GSE120137,liver,control,8.691,sex_binary,logistic,False,F,F,0.9384832759299762,0.061516724070023794
GSM3394408,GSE120137,liver,control,8.691,sex_binary,logistic,False,F,F,0.9858728053161465,0.014127194683853508
GSM3394409,GSE120137,liver,control,8.691,sex_binary,logistic,False,M,F,0.9321367366099333,0.0678632633900666
GSM3394410,GSE120137,liver,control,8.691,sex_binary,logistic,False,M,F,0.7249155875988051,0.27508441240119486
GSM3394411,GSE120137,liver,control,8.691,sex_binary,logistic,False,M,F,0.9823302756825609,0.01766972431743908
GSM3394412,GSE120137,liver,control,8.691,sex_binary,logistic,False,M,F,0.78816699777729,0.21183300222270995
GSM3394413,GSE120137,liver,control,8.691,sex_binary,logistic,False,M,M,0.10677805873001,0.89322194126999
GSM3394414,GSE120137,lung,control,86.914,sex_binary,logistic,False,F,F,0.9996439565274556,0.0003560434725443638
GSM3394415,GSE120137,lung,control,86.914,sex_binary,logistic,False,F,F,0.9978457175477854,0.002154282452214629
GSM3394416,GSE120137,lung,control,86.914,sex_binary,logistic,False,F,F,0.9983368812916211,0.0016631187083788646
GSM3394417,GSE120137,lung,control,86.914,sex_binary,logistic,False,F,F,0.9999838336071785,1.6166392821495256e-05
GSM3394418,GSE120137,lung,control,86.914,sex_binary,logistic,False,F,F,0.9828161331259211,0.017183866874078902
GSM3394419,GSE120137,lung,control,86.914,sex_binary,logistic,False,M,F,0.910159769852683,0.089840230147317
GSM3394420,GSE120137,lung,control,86.914,sex_binary,logistic,False,M,F,0.9992244427919981,0.0007755572080019365
GSM3394421,GSE120137,lung,control,86.914,sex_binary,logistic,False,M,F,0.9983733160950861,0.0016266839049139507
GSM3394422,GSE120137,lung,control,86.914,sex_binary,logistic,False,M,F,0.9781807316770866,0.021819268322913414
GSM3394423,GSE120137,lung,control,86.914,sex_binary,logistic,False,M,F,0.6395525551711831,0.3604474448288169
GSM3394424,GSE120137,lung,control,86.914,sex_binary,logistic,False,F,F,0.9995441779185108,0.00045582208148925283
GSM3394425,GSE120137,lung,control,86.914,sex_binary,logistic,False,F,F,0.9997038039976297,0.0002961960023703439
GSM3394426,GSE120137,lung,control,86.914,sex_binary,logistic,False,F,F,0.9915952646018743,0.008404735398125647
GSM3394427,GSE120137,lung,control,86.914,sex_binary,logistic,False,F,F,0.9990419319343719,0.0009580680656281754
GSM3394428,GSE120137,lung,control,86.914,sex_binary,logistic,False,F,F,0.9232360837948504,0.0767639162051496
GSM3394429,GSE120137,lung,control,86.914,sex_binary,logistic,False,M,F,0.9937325916525229,0.006267408347477103
GSM3394430,GSE120137,lung,control,86.914,sex_binary,logistic,False,M,F,0.9967912731657419,0.003208726834258111
GSM3394431,GSE120137,lung,control,86.914,sex_binary,logistic,False,M,F,0.8672661656611389,0.13273383433886116
GSM3394432,GSE120137,lung,control,86.914,sex_binary,logistic,False,M,F,0.9906276001161669,0.009372399883833071
GSM3394433,GSE120137,lung,control,86.914,sex_binary,logistic,False,M,F,0.9946874093036916,0.005312590696308415
GSM3394434,GSE120137,lung,control,43.457,sex_binary,logistic,False,F,F,0.9999754160379902,2.4583962009741868e-05
GSM3394435,GSE120137,lung,control,43.457,sex_binary,logistic,False,F,F,0.9997133464238361,0.00028665357616383257
GSM3394436,GSE120137,lung,control,43.457,sex_binary,logistic,False,F,F,0.9488087111504853,0.051191288849514745
GSM3394437,GSE120137,lung,control,43.457,sex_binary,logistic,False,F,F,0.6788579312961258,0.32114206870387413
GSM3394438,GSE120137,lung,control,43.457,sex_binary,logistic,False,F,F,0.9965678112772776,0.0034321887227224727
GSM3394439,GSE120137,lung,control,43.457,sex_binary,logistic,False,M,F,0.9988655850768814,0.0011344149231186074
GSM3394440,GSE120137,lung,control,43.457,sex_binary,logistic,False,M,F,0.9982336454062181,0.0017663545937819621
GSM3394441,GSE120137,lung,control,43.457,sex_binary,logistic,False,M,F,0.8000063828625608,0.19999361713743918
GSM3394442,GSE120137,lung,control,43.457,sex_binary,logistic,False,M,M,0.29880038393876673,0.7011996160612333
GSM3394443,GSE120137,lung,control,43.457,sex_binary,logistic,False,M,F,0.9987097111581815,0.0012902888418185137
GSM3394444,GSE120137,lung,control,43.457,sex_binary,logistic,False,F,F,0.9895365688652783,0.01046343113472167
GSM3394445,GSE120137,lung,control,43.457,sex_binary,logistic,False,F,F,0.9766140624197314,0.023385937580268613
GSM3394446,GSE120137,lung,control,43.457,sex_binary,logistic,False,F,F,0.9968159934323241,0.00318400656767591
GSM3394447,GSE120137,lung,control,43.457,sex_binary,logistic,False,F,F,0.9646568494164288,0.03534315058357115
GSM3394448,GSE120137,lung,control,43.457,sex_binary,logistic,False,F,F,0.995653416360085,0.004346583639914983
GSM3394449,GSE120137,lung,control,43.457,sex_binary,logistic,False,M,F,0.999959894804852,4.010519514801099e-05
GSM3394450,GSE120137,lung,control,43.457,sex_binary,logistic,False,M,F,0.8316565967952376,0.16834340320476232
GSM3394451,GSE120137,lung,control,43.457,sex_binary,logistic,False,M,F,0.9708263700477087,0.02917362995229135
GSM3394452,GSE120137,lung,control,43.457,sex_binary,logistic,False,M,F,0.9516812856455145,0.04831871435448552
GSM3394453,GSE120137,lung,control,43.457,sex_binary,logistic,False,M,F,0.9291524250989623,0.07084757490103769
GSM3394454,GSE120137,lung,control,8.691,sex_binary,logistic,False,F,F,0.9999689323245117,3.1067675488299883e-05
GSM3394455,GSE120137,lung,control,8.691,sex_binary,logistic,False,F,F,0.9763335197331928,0.02366648026680717
GSM3394456,GSE120137,lung,control,8.691,sex_binary,logistic,False,M,F,0.9995249760496974,0.00047502395030265155
GSM3394457,GSE120137,lung,control,8.691,sex_binary,logistic,False,M,F,0.9970189746617781,0.0029810253382218294
GSM3394458,GSE120137,lung,control,8.691,sex_binary,logistic,False,M,F,0.8839368720418505,0.11606312795814953
GSM3394459,GSE120137,lung,control,8.691,sex_binary,logistic,False,M,F,0.5212199039707761,0.47878009602922394
GSM3394460,GSE120137,lung,control,8.691,sex_binary,logistic,False,M,F,0.9967032931069378,0.003296706893062216
GSM3394461,GSE120137,lung,control,8.691,sex_binary,logistic,False,F,F,0.9891795917549808,0.010820408245019147
GSM3394462,GSE120137,lung,control,8.691,sex_binary,logistic,False,F,F,0.9094511914309458,0.09054880856905417
GSM3394463,GSE120137,lung,control,8.691,sex_binary,logistic,False,F,F,0.8566342149102921,0.14336578508970788
GSM3394464,GSE120137,lung,control,8.691,sex_binary,logistic,False,F,F,0.9863851667571426,0.013614833242857352
GSM3394465,GSE120137,lung,control,8.691,sex_binary,logistic,False,F,F,0.8824404193055633,0.11755958069443669
GSM3394466,GSE120137,lung,control,8.691,sex_binary,logistic,False,M,M,0.42693560264278096,0.573064397357219
GSM3394467,GSE120137,lung,control,8.691,sex_binary,logistic,False,M,F,0.9992165206802726,0.0007834793197274472
GSM3394468,GSE120137,lung,control,8.691,sex_binary,logistic,False,M,F,0.9807638849767994,0.01923611502320056
GSM3394469,GSE120137,lung,control,8.691,sex_binary,logistic,False,M,F,0.980795194438195,0.019204805561805045
GSM3394470,GSE120137,lung,control,8.691,sex_binary,logistic,False,M,F,0.9984060184160531,0.0015939815839468893
GSM3394471,GSE120137,muscle,control,86.914,sex_binary,logistic,False,F,F,0.9334649140258511,0.06653508597414887
GSM3394472,GSE120137,muscle,control,86.914,sex_binary,logistic,False,F,F,0.9974302536008361,0.002569746399163834
GSM3394473,GSE120137,muscle,control,86.914,sex_binary,logistic,False,F,F,0.761368985387941,0.23863101461205902
GSM3394474,GSE120137,muscle,control,86.914,sex_binary,logistic,False,F,F,0.6422882095508764,0.3577117904491236
GSM3394475,GSE120137,muscle,control,86.914,sex_binary,logistic,False,F,F,0.9976338398793905,0.002366160120609485
GSM3394476,GSE120137,muscle,control,86.914,sex_binary,logistic,False,M,F,0.7964149648948037,0.2035850351051963
GSM3394477,GSE120137,muscle,control,86.914,sex_binary,logistic,False,M,M,0.0913618310756934,0.9086381689243066
GSM3394478,GSE120137,muscle,control,86.914,sex_binary,logistic,False,M,M,0.01091196743821854,0.9890880325617815
GSM3394479,GSE120137,muscle,control,86.914,sex_binary,logistic,False,M,F,0.9986855588744082,0.0013144411255917976
GSM3394480,GSE120137,muscle,control,86.914,sex_binary,logistic,False,M,F,0.9740610294373917,0.02593897056260829
GSM3394481,GSE120137,muscle,control,86.914,sex_binary,logistic,False,F,F,0.6629441473265093,0.3370558526734907
GSM3394482,GSE120137,muscle,control,86.914,sex_binary,logistic,False,F,F,0.9562972821213974,0.043702717878602616
GSM3394483,GSE120137,muscle,control,86.914,sex_binary,logistic,False,F,F,0.9917754987633033,0.008224501236696689
GSM3394484,GSE120137,muscle,control,86.914,sex_binary,logistic,False,F,M,0.33654579630989956,0.6634542036901004
GSM3394485,GSE120137,muscle,control,86.914,sex_binary,logistic,False,F,F,0.9848953026286501,0.01510469737134992
GSM3394486,GSE120137,muscle,control,86.914,sex_binary,logistic,False,M,F,0.9995817349263386,0.0004182650736614143
GSM3394487,GSE120137,muscle,control,86.914,sex_binary,logistic,False,M,M,0.07852707464086828,0.9214729253591317
GSM3394488,GSE120137,muscle,control,86.914,sex_binary,logistic,False,M,F,0.9669592341296649,0.033040765870335054
GSM3394489,GSE120137,muscle,control,86.914,sex_binary,logistic,False,M,F,0.9957371609703594,0.004262839029640632
GSM3394490,GSE120137,muscle,control,86.914,sex_binary,logistic,False,M,F,0.7637737273478833,0.2362262726521167
GSM3394491,GSE120137,muscle,control,43.457,sex_binary,logistic,False,F,F,0.8632908734509829,0.13670912654901712
GSM3394492,GSE120137,muscle,control,43.457,sex_binary,logistic,False,F,M,0.1123469641637106,0.8876530358362894
GSM3394493,GSE120137,muscle,control,43.457,sex_binary,logistic,False,F,F,0.9327604826353691,0.06723951736463084
GSM3394494,GSE120137,muscle,control,43.457,sex_binary,logistic,False,F,F,0.7476970217873862,0.25230297821261377
GSM3394495,GSE120137,muscle,control,43.457,sex_binary,logistic,False,F,F,0.9969710281894517,0.0030289718105483213
GSM3394496,GSE120137,muscle,control,43.457,sex_binary,logistic,False,M,F,0.673295221866571,0.326704778133429
GSM3394497,GSE120137,muscle,control,43.457,sex_binary,logistic,False,M,F,0.8958311276939205,0.10416887230607953
GSM3394498,GSE120137,muscle,control,43.457,sex_binary,logistic,False,M,F,0.9912255644380069,0.00877443556199311
GSM3394499,GSE120137,muscle,control,43.457,sex_binary,logistic,False,M,F,0.9979255573698285,0.0020744426301715197
GSM3394500,GSE120137,muscle,control,43.457,sex_binary,logistic,False,M,F,0.7547327636095953,0.24526723639040474
GSM3394501,GSE120137,muscle,control,43.457,sex_binary,logistic,False,F,F,0.9703382560975096,0.029661743902490465
GSM3394502,GSE120137,muscle,control,43.457,sex_binary,logistic,False,F,F,0.9041414593889362,0.09585854061106382
GSM3394503,GSE120137,muscle,control,43.457,sex_binary,logistic,False,F,F,0.9475652161721755,0.05243478382782448
GSM3394504,GSE120137,muscle,control,43.457,sex_binary,logistic,False,F,F,0.5144433758960594,0.4855566241039407
GSM3394505,GSE120137,muscle,control,43.457,sex_binary,logistic,False,F,M,0.42442418826743733,0.5755758117325627
GSM3394506,GSE120137,muscle,control,43.457,sex_binary,logistic,False,M,F,0.9992468130336871,0.000753186966312908
GSM3394507,GSE120137,muscle,control,43.457,sex_binary,logistic,False,M,F,0.9228458583220762,0.07715414167792381
GSM3394508,GSE120137,muscle,control,43.457,sex_binary,logistic,False,M,M,0.4402705203362969,0.5597294796637031
GSM3394509,GSE120137,muscle,control,43.457,sex_binary,logistic,False,M,F,0.9337522509630823,0.06624774903691769
GSM3394510,GSE120137,muscle,control,43.457,sex_binary,logistic,False,M,F,0.9714356903547767,0.028564309645223326
GSM3394511,GSE120137,muscle,control,8.691,sex_binary,logistic,False,F,F,0.9872246203455559,0.012775379654444065
GSM3394512,GSE120137,muscle,control,8.691,sex_binary,logistic,False,F,F,0.8858995272170089,0.11410047278299104
GSM3394513,GSE120137,muscle,control,8.691,sex_binary,logistic,False,F,F,0.9593914364442827,0.04060856355571731
GSM3394514,GSE120137,muscle,control,8.691,sex_binary,logistic,False,F,F,0.9474471445357381,0.05255285546426193
GSM3394515,GSE120137,muscle,control,8.691,sex_binary,logistic,False,F,F,0.8656180813953405,0.13438191860465953
GSM3394516,GSE120137,muscle,control,8.691,sex_binary,logistic,False,M,F,0.9906459057653906,0.009354094234609442
GSM3394517,GSE120137,muscle,control,8.691,sex_binary,logistic,False,M,M,0.28712303419145335,0.7128769658085466
GSM3394518,GSE120137,muscle,control,8.691,sex_binary,logistic,False,M,F,0.8298487907667105,0.17015120923328952
GSM3394519,GSE120137,muscle,control,8.691,sex_binary,logistic,False,M,F,0.9470462179179546,0.05295378208204533
GSM3394520,GSE120137,muscle,control,8.691,sex_binary,logistic,False,M,M,0.2842471417182394,0.7157528582817606
GSM3394521,GSE120137,muscle,control,8.691,sex_binary,logistic,False,F,F,0.5250992683792325,0.4749007316207675
GSM3394522,GSE120137,muscle,control,8.691,sex_binary,logistic,False,F,F,0.5063291931196819,0.49367080688031806
GSM3394523,GSE120137,muscle,control,8.691,sex_binary,logistic,False,F,F,0.9845043980687959,0.015495601931204158
GSM3394524,GSE120137,muscle,control,8.691,sex_binary,logistic,False,F,M,0.00501797365606238,0.9949820263439376
GSM3394525,GSE120137,muscle,control,8.691,sex_binary,logistic,False,F,F,0.8315072497919466,0.16849275020805346
GSM3394526,GSE120137,muscle,control,8.691,sex_binary,logistic,False,M,M,0.4470825414726384,0.5529174585273616
GSM3394527,GSE120137,muscle,control,8.691,sex_binary,logistic,False,M,M,0.4459053842826145,0.5540946157173855
GSM3394528,GSE120137,muscle,control,8.691,sex_binary,logistic,False,M,F,0.6210154290446259,0.37898457095537413
GSM3394529,GSE120137,muscle,control,8.691,sex_binary,logistic,False,M,F,0.9948420440919565,0.005157955908043511
GSM3394530,GSE120137,muscle,control,8.691,sex_binary,logistic,False,M,F,0.9559458514452782,0.044054148554721805
GSM3394531,GSE120137,kidney,control,26.074,sex_binary,logistic,False,F,M,0.1364165929779395,0.8635834070220605
GSM3394532,GSE120137,kidney,control,26.074,sex_binary,logistic,False,F,M,0.043162448383367025,0.956837551616633
GSM3394533,GSE120137,kidney,control,52.149,sex_binary,logistic,False,F,M,0.4427690225094033,0.5572309774905967
GSM3394534,GSE120137,kidney,control,78.223,sex_binary,logistic,False,F,F,0.9269420688281476,0.07305793117185246
GSM3394535,GSE120137,kidney,control,26.074,sex_binary,logistic,False,F,F,0.9991464740267088,0.0008535259732913019
GSM3394536,GSE120137,kidney,control,52.149,sex_binary,logistic,False,F,M,0.10776436235094011,0.8922356376490599
GSM3394537,GSE120137,kidney,control,26.074,sex_binary,logistic,False,M,M,0.1442611664612079,0.8557388335387921
GSM3394538,GSE120137,kidney,control,52.149,sex_binary,logistic,False,F,M,0.018366632018113616,0.9816333679818864
GSM3394539,GSE120137,kidney,control,52.149,sex_binary,logistic,False,M,F,0.984074676221871,0.01592532377812908
GSM3394540,GSE120137,kidney,control,78.223,sex_binary,logistic,False,F,M,0.08026145126271222,0.9197385487372878
GSM3394541,GSE120137,kidney,control,26.074,sex_binary,logistic,False,F,F,0.5250155608224913,0.47498443917750865
GSM3394542,GSE120137,kidney,control,26.074,sex_binary,logistic,False,F,F,0.6405284791411605,0.35947152085883954
GSM3394543,GSE120137,kidney,control,26.074,sex_binary,logistic,False,F,F,0.6085108881158281,0.3914891118841719
GSM3394544,GSE120137,kidney,control,26.074,sex_binary,logistic,False,F,F,0.8766773258658095,0.1233226741341905
GSM3394545,GSE120137,kidney,control,52.149,sex_binary,logistic,False,F,F,0.9216273604034497,0.07837263959655026
GSM3394546,GSE120137,kidney,control,52.149,sex_binary,logistic,False,F,F,0.595639687643561,0.404360312356439
GSM3394547,GSE120137,kidney,control,52.149,sex_binary,logistic,False,F,F,0.7891852842738857,0.2108147157261143
GSM3394548,GSE120137,kidney,control,52.149,sex_binary,logistic,False,F,F,0.8216636996250692,0.1783363003749308
GSM3394549,GSE120137,kidney,control,52.149,sex_binary,logistic,False,M,F,0.6829927256903348,0.3170072743096653
GSM3394550,GSE120137,kidney,control,52.149,sex_binary,logistic,False,M,F,0.9414125748278603,0.058587425172139704
GSM3394551,GSE120137,kidney,control,78.223,sex_binary,logistic,False,F,F,0.8892481996230185,0.11075180037698147
GSM3394552,GSE120137,kidney,control,78.223,sex_binary,logistic,False,F,F,0.9350239262348821,0.06497607376511796
GSM3394553,GSE120137,kidney,control,78.223,sex_binary,logistic,False,F,F,0.9526765080402465,0.047323491959753466
GSM3394554,GSE120137,kidney,control,78.223,sex_binary,logistic,False,M,F,0.99694183307251,0.003058166927489901
GSM3394555,GSE120137,kidney,control,78.223,sex_binary,logistic,False,M,M,0.08354487936803878,0.9164551206319612
GSM3394556,GSE120137,kidney,control,26.074,sex_binary,logistic,False,F,F,0.9048032687455293,0.09519673125447067
GSM3394557,GSE120137,kidney,control,52.149,sex_binary,logistic,False,M,F,0.5301711770557408,0.4698288229442592
GSM3394558,GSE120137,kidney,control,78.223,sex_binary,logistic,False,F,F,0.5113823422490056,0.48861765775099447
GSM3394559,GSE120137,kidney,control,78.223,sex_binary,logistic,False,F,F,0.9022554502055551,0.09774454979444488
GSM3394560,GSE120137,kidney,control,78.223,sex_binary,logistic,False,M,F,0.9730723293162217,0.026927670683778358
GSM3394561,GSE120137,kidney,control,78.223,sex_binary,logistic,False,M,F,0.6256091027372565,0.37439089726274355
GSM3394562,GSE120137,kidney,control,26.074,sex_binary,logistic,False,M,M,0.37516340224592293,0.6248365977540771
GSM3394563,GSE120137,kidney,control,26.074,sex_binary,logistic,False,M,F,0.9420451727021003,0.05795482729789971
GSM3394564,GSE120137,kidney,control,52.149,sex_binary,logistic,False,M,F,0.9152143442714442,0.0847856557285558
GSM3394565,GSE120137,kidney,control,78.223,sex_binary,logistic,False,F,F,0.8809880050415587,0.11901199495844131
GSM3394566,GSE120137,kidney,control,78.223,sex_binary,logistic,False,M,M,0.025738619868246437,0.9742613801317536
GSM3394567,GSE120137,kidney,control,26.074,sex_binary,logistic,False,M,M,0.029745678042632506,0.9702543219573675
GSM3394568,GSE120137,kidney,control,26.074,sex_binary,logistic,False,M,F,0.5628411016559036,0.4371588983440963
GSM3394569,GSE120137,kidney,control,26.074,sex_binary,logistic,False,M,F,0.9998190656801944,0.00018093431980563423
GSM3394570,GSE120137,kidney,control,52.149,sex_binary,logistic,False,M,M,0.04653987618961386,0.9534601238103861
GSM3394571,GSE120137,kidney,control,52.149,sex_binary,logistic,False,M,F,0.9711492581870051,0.028850741812994848
GSM3394572,GSE120137,kidney,control,52.149,sex_binary,logistic,False,M,M,0.4855489181458985,0.5144510818541015
GSM3394573,GSE120137,kidney,control,78.223,sex_binary,logistic,False,M,F,0.9128046843074326,0.08719531569256743
GSM3394574,GSE120137,kidney,control,78.223,sex_binary,logistic,False,M,M,0.22342239410183484,0.7765776058981652
GSM3394575,GSE120137,kidney,control,78.223,sex_binary,logistic,False,M,F,0.8745392195401556,0.12546078045984446
GSM3394576,GSE120137,kidney,control,26.074,sex_binary,logistic,False,M,F,0.7501398512386903,0.2498601487613097
GSM3394577,GSE120137,kidney,control,26.074,sex_binary,logistic,False,M,F,0.80800175140168,0.19199824859832
GSM3394578,GSE120137,kidney,control,52.149,sex_binary,logistic,False,F,F,0.9567472506964282,0.043252749303571786
GSM3394579,GSE120137,kidney,control,26.074,sex_binary,logistic,False,F,F,0.5857944892273486,0.4142055107726514
GSM3394580,GSE120137,kidney,control,26.074,sex_binary,logistic,False,M,F,0.8611738860105207,0.1388261139894793
GSM3394581,GSE120137,kidney,control,52.149,sex_binary,logistic,False,F,F,0.9611959402932662,0.03880405970673386
GSM3394582,GSE120137,kidney,control,52.149,sex_binary,logistic,False,F,M,0.10140631839342606,0.8985936816065739
GSM3394583,GSE120137,kidney,control,78.223,sex_binary,logistic,False,F,M,0.19107192247776572,0.8089280775222343
GSM3394584,GSE120137,kidney,control,26.074,sex_binary,logistic,False,F,F,0.8220674374587902,0.17793256254120982
GSM3394585,GSE120137,kidney,control,26.074,sex_binary,logistic,False,F,F,0.8230470171347463,0.17695298286525377
GSM3394586,GSE120137,kidney,control,26.074,sex_binary,logistic,False,F,F,0.9921841646379327,0.007815835362067312
GSM3394587,GSE120137,kidney,control,26.074,sex_binary,logistic,False,F,F,0.9924187052242277,0.007581294775772298
GSM3394588,GSE120137,kidney,control,26.074,sex_binary,logistic,False,F,M,0.09415987845645257,0.9058401215435474
GSM3394589,GSE120137,kidney,control,52.149,sex_binary,logistic,False,F,F,0.7066522607053274,0.2933477392946726
GSM3394590,GSE120137,kidney,control,52.149,sex_binary,logistic,False,F,F,0.9002886508166392,0.0997113491833608
GSM3394591,GSE120137,kidney,control,52.149,sex_binary,logistic,False,F,F,0.9820828147657665,0.017917185234233454
GSM3394592,GSE120137,kidney,control,78.223,sex_binary,logistic,False,F,F,0.9978694611577383,0.0021305388422616952
GSM3394593,GSE120137,kidney,control,78.223,sex_binary,logistic,False,F,M,0.29895346166281234,0.7010465383371877
GSM3394594,GSE120137,kidney,control,78.223,sex_binary,logistic,False,F,F,0.537632727027745,0.46236727297225505
GSM3394595,GSE120137,kidney,control,78.223,sex_binary,logistic,False,M,F,0.9964347048091906,0.0035652951908093948
GSM3394596,GSE120137,kidney,control,78.223,sex_binary,logistic,False,F,M,0.2191836160819477,0.7808163839180523
GSM3394597,GSE120137,kidney,control,26.074,sex_binary,logistic,False,F,M,0.25863815962871317,0.7413618403712868
GSM3394598,GSE120137,kidney,control,26.074,sex_binary,logistic,False,F,F,0.9611357359932928,0.03886426400670713
GSM3394599,GSE120137,kidney,control,26.074,sex_binary,logistic,False,F,M,0.03374391247831543,0.9662560875216846
GSM3394600,GSE120137,kidney,control,26.074,sex_binary,logistic,False,F,M,0.38107916677372056,0.6189208332262794
GSM3394601,GSE120137,kidney,control,26.074,sex_binary,logistic,False,F,F,0.7860834409636299,0.2139165590363701
GSM3394602,GSE120137,kidney,control,26.074,sex_binary,logistic,False,M,F,0.9750427533097976,0.024957246690202387
GSM3394603,GSE120137,kidney,control,52.149,sex_binary,logistic,False,F,M,0.055169284120320405,0.9448307158796796
GSM3394604,GSE120137,kidney,control,52.149,sex_binary,logistic,False,F,F,0.8165294167065675,0.18347058329343247
GSM3394605,GSE120137,kidney,control,78.223,sex_binary,logistic,False,F,F,0.5739598270852712,0.42604017291472884
GSM3394606,GSE120137,kidney,control,78.223,sex_binary,logistic,False,F,F,0.7364823412044494,0.2635176587955506
GSM3394607,GSE120137,kidney,control,78.223,sex_binary,logistic,False,F,F,0.7376889987637694,0.2623110012362306
GSM3394608,GSE120137,kidney,control,78.223,sex_binary,logistic,False,F,F,0.9967536890801117,0.003246310919888298
GSM3394609,GSE120137,kidney,control,78.223,sex_binary,logistic,False,M,F,0.7647055243970555,0.23529447560294442
GSM3394610,GSE120137,kidney,control,78.223,sex_binary,logistic,False,M,M,0.10280733888771665,0.8971926611122834
GSM3394611,GSE120137,kidney,control,78.223,sex_binary,logistic,False,M,M,0.0008962005775405846,0.9991037994224594
GSM3394612,GSE120137,kidney,control,78.223,sex_binary,logistic,False,M,M,0.09393821293532245,0.9060617870646775
GSM3394613,GSE120137,kidney,control,26.074,sex_binary,logistic,False,F,M,0.1549788234167977,0.8450211765832023
GSM3394614,GSE120137,kidney,control,26.074,sex_binary,logistic,False,F,F,0.9050082678644835,0.09499173213551647
GSM3394615,GSE120137,kidney,control,26.074,sex_binary,logistic,False,M,F,0.9648674037957093,0.03513259620429064
GSM3394616,GSE120137,kidney,control,26.074,sex_binary,logistic,False,F,F,0.9893036349228683,0.010696365077131722
GSM3394617,GSE120137,kidney,control,26.074,sex_binary,logistic,False,F,F,0.9946768967735855,0.005323103226414465
GSM3394618,GSE120137,kidney,control,26.074,sex_binary,logistic,False,M,F,0.5192151574616327,0.4807848425383673
GSM3394619,GSE120137,kidney,control,26.074,sex_binary,logistic,False,M,M,0.1561622949554946,0.8438377050445054
GSM3394620,GSE120137,kidney,control,26.074,sex_binary,logistic,False,M,F,0.989765178251406,0.010234821748594023
GSM3394621,GSE120137,kidney,control,26.074,sex_binary,logistic,False,M,F,0.5822606401776895,0.4177393598223104
GSM3394622,GSE120137,kidney,control,26.074,sex_binary,logistic,False,F,F,0.9220818190536092,0.07791818094639076
GSM3394623,GSE120137,kidney,control,26.074,sex_binary,logistic,False,F,F,0.9411894668385199,0.05881053316148013
GSM3394624,GSE120137,kidney,control,26.074,sex_binary,logistic,False,F,M,0.307077555651185,0.692922444348815
GSM3394625,GSE120137,kidney,control,26.074,sex_binary,logistic,False,F,M,0.12368819758551786,0.8763118024144821
GSM3394626,GSE120137,kidney,control,26.074,sex_binary,logistic,False,M,F,0.6867090333671461,0.31329096663285394
GSM3394627,GSE120137,kidney,control,26.074,sex_binary,logistic,False,M,F,0.8556986293801482,0.14430137061985182
GSM3394628,GSE120137,kidney,control,26.074,sex_binary,logistic,False,M,M,0.11205128161758027,0.8879487183824197
GSM3394629,GSE120137,kidney,control,52.149,sex_binary,logistic,False,F,M,0.1610068489284514,0.8389931510715486
GSM3394630,GSE120137,kidney,control,52.149,sex_binary,logistic,False,F,M,0.023085506849831572,0.9769144931501684
GSM3394631,GSE120137,kidney,control,52.149,sex_binary,logistic,False,F,F,0.6851432145871454,0.3148567854128546
GSM3394632,GSE120137,kidney,control,52.149,sex_binary,logistic,False,F,M,0.4341960849604273,0.5658039150395727
GSM3394633,GSE120137,kidney,control,52.149,sex_binary,logistic,False,F,F,0.982772553757086,0.01722744624291392
GSM3394634,GSE120137,kidney,control,52.149,sex_binary,logistic,False,F,M,0.0029747594945462863,0.9970252405054537
GSM3394635,GSE120137,kidney,control,52.149,sex_binary,logistic,False,F,F,0.9501909305459217,0.04980906945407831
GSM3394636,GSE120137,kidney,control,52.149,sex_binary,logistic,False,M,M,0.03290865909045304,0.967091340909547
GSM3394637,GSE120137,kidney,control,52.149,sex_binary,logistic,False,M,M,0.08792666283165707,0.9120733371683429
GSM3394638,GSE120137,kidney,control,52.149,sex_binary,logistic,False,M,F,0.6167284360316783,0.38327156396832174
GSM3394639,GSE120137,kidney,control,52.149,sex_binary,logistic,False,F,F,0.997962253498122,0.002037746501878044
GSM3394640,GSE120137,kidney,control,52.149,sex_binary,logistic,False,M,F,0.8257678145741552,0.17423218542584487
GSM3394641,GSE120137,kidney,control,52.149,sex_binary,logistic,False,F,M,0.20457295572295675,0.7954270442770432
GSM3394642,GSE120137,kidney,control,52.149,sex_binary,logistic,False,F,M,0.12171765972173443,0.8782823402782656
GSM3394643,GSE120137,kidney,control,52.149,sex_binary,logistic,False,M,F,0.9607183828307624,0.03928161716923759
GSM3394644,GSE120137,kidney,control,78.223,sex_binary,logistic,False,F,F,0.9830863827022485,0.01691361729775156
GSM3394645,GSE120137,kidney,control,78.223,sex_binary,logistic,False,F,F,0.5076921694786463,0.49230783052135374
GSM3394646,GSE120137,kidney,control,78.223,sex_binary,logistic,False,F,F,0.9348875348535085,0.06511246514649151
GSM3394647,GSE120137,kidney,control,78.223,sex_binary,logistic,False,F,M,0.1097533046442708,0.8902466953557292
GSM3394648,GSE120137,kidney,control,78.223,sex_binary,logistic,False,M,F,0.8523516202647022,0.1476483797352978
GSM3394649,GSE120137,kidney,control,78.223,sex_binary,logistic,False,M,M,0.48857050313769435,0.5114294968623057
GSM3394650,GSE120137,kidney,control,78.223,sex_binary,logistic,False,M,F,0.9959363385429106,0.004063661457089374
GSM3394651,GSE120137,kidney,control,78.223,sex_binary,logistic,False,M,F,0.8239375040643319,0.17606249593566814
GSM3394652,GSE120137,kidney,control,78.223,sex_binary,logistic,False,F,M,0.10125867769675878,0.8987413223032412
GSM3394653,GSE120137,kidney,control,78.223,sex_binary,logistic,False,M,F,0.8757933243544213,0.12420667564557875
GSM3394654,GSE120137,kidney,control,26.074,sex_binary,logistic,False,F,F,0.9291188813667721,0.07088111863322784
GSM3394655,GSE120137,kidney,control,26.074,sex_binary,logistic,False,M,M,0.2538962182836485,0.7461037817163515
GSM3394656,GSE120137,kidney,control,26.074,sex_binary,logistic,False,M,M,0.007772343987780594,0.9922276560122194
GSM3394657,GSE120137,kidney,control,26.074,sex_binary,logistic,False,F,F,0.9390647838047551,0.06093521619524484
GSM3394658,GSE120137,kidney,control,26.074,sex_binary,logistic,False,M,F,0.8644566555877652,0.13554334441223478
GSM3394659,GSE120137,kidney,control,26.074,sex_binary,logistic,False,M,M,0.35669136722773553,0.6433086327722645
GSM3394660,GSE120137,kidney,control,26.074,sex_binary,logistic,False,M,F,0.8028821676267087,0.19711783237329125
GSM3394661,GSE120137,kidney,control,26.074,sex_binary,logistic,False,F,M,0.0001637261090379205,0.9998362738909621
GSM3394662,GSE120137,kidney,control,26.074,sex_binary,logistic,False,F,F,0.9513505287829717,0.04864947121702839
GSM3394663,GSE120137,kidney,control,52.149,sex_binary,logistic,False,F,F,0.9964330037953328,0.003566996204667151
GSM3394664,GSE120137,kidney,control,52.149,sex_binary,logistic,False,F,M,0.25334514736538605,0.746654852634614
GSM3394665,GSE120137,kidney,control,52.149,sex_binary,logistic,False,F,F,0.6709577482569931,0.32904225174300694
GSM3394666,GSE120137,kidney,control,52.149,sex_binary,logistic,False,M,F,0.7934276529352828,0.2065723470647172
GSM3394667,GSE120137,kidney,control,52.149,sex_binary,logistic,False,M,F,0.9718289895234152,0.028171010476584806
GSM3394668,GSE120137,kidney,control,52.149,sex_binary,logistic,False,M,F,0.9772892305516758,0.022710769448324213
GSM3394669,GSE120137,kidney,control,52.149,sex_binary,logistic,False,M,F,0.9157031469727583,0.08429685302724171
GSM3394670,GSE120137,kidney,control,52.149,sex_binary,logistic,False,M,M,0.16233065715644324,0.8376693428435568
GSM3394671,GSE120137,kidney,control,78.223,sex_binary,logistic,False,F,F,0.9961098613981618,0.003890138601838192
GSM3394672,GSE120137,kidney,control,78.223,sex_binary,logistic,False,F,M,0.1180309512572979,0.8819690487427021
GSM3394673,GSE120137,kidney,control,78.223,sex_binary,logistic,False,F,F,0.7377251454692871,0.26227485453071286
GSM3394674,GSE120137,kidney,control,78.223,sex_binary,logistic,False,F,F,0.9399032921063658,0.06009670789363422
GSM3394675,GSE120137,kidney,control,78.223,sex_binary,logistic,False,M,F,0.9933603260103101,0.006639673989689897
GSM3394676,GSE120137,kidney,control,78.223,sex_binary,logistic,False,M,F,0.8117679859593891,0.18823201404061088
GSM3394677,GSE120137,kidney,control,78.223,sex_binary,logistic,False,M,M,0.4996038643146662,0.5003961356853338
GSM3394678,GSE120137,kidney,control,78.223,sex_binary,logistic,False,M,M,0.3335864468826465,0.6664135531173535
GSM3394679,GSE120137,kidney,control,78.223,sex_binary,logistic,False,F,F,0.9915141581649863,0.008485841835013651
GSM3394680,GSE120137,kidney,control,78.223,sex_binary,logistic,False,M,F,0.9193100846108486,0.08068991538915132
GSM3394681,GSE120137,kidney,control,78.223,sex_binary,logistic,False,M,F,0.574970733660751,0.42502926633924903
GSM3394682,GSE120137,kidney,control,26.074,sex_binary,logistic,False,M,M,0.28141133958882536,0.7185886604111746
GSM3394683,GSE120137,kidney,control,26.074,sex_binary,logistic,False,M,M,0.026482700229063405,0.9735172997709366
GSM3394684,GSE120137,kidney,control,26.074,sex_binary,logistic,False,M,M,0.2660534701969588,0.7339465298030412
GSM3394685,GSE120137,kidney,control,26.074,sex_binary,logistic,False,F,M,0.11336961774732401,0.886630382252676
GSM3394686,GSE120137,kidney,control,26.074,sex_binary,logistic,False,M,M,0.3051600194601657,0.6948399805398343
GSM3394687,GSE120137,kidney,control,52.149,sex_binary,logistic,False,F,M,0.3607330680690357,0.6392669319309643
GSM3394688,GSE120137,kidney,control,52.149,sex_binary,logistic,False,M,M,0.3867704279408323,0.6132295720591677
GSM3394689,GSE120137,kidney,control,52.149,sex_binary,logistic,False,M,M,0.010177926429882134,0.9898220735701179
GSM3394690,GSE120137,kidney,control,52.149,sex_binary,logistic,False,M,F,0.9987462166118607,0.0012537833881393389
GSM3394691,GSE120137,kidney,control,52.149,sex_binary,logistic,False,F,M,0.10236870916797092,0.8976312908320291
GSM3394692,GSE120137,kidney,control,52.149,sex_binary,logistic,False,F,F,0.5739101910150191,0.42608980898498094
GSM3394693,GSE120137,kidney,control,52.149,sex_binary,logistic,False,M,F,0.5806873901250469,0.41931260987495317
GSM3394694,GSE120137,kidney,control,78.223,sex_binary,logistic,False,M,M,0.15828194911652171,0.8417180508834783
GSM3394695,GSE120137,kidney,control,78.223,sex_binary,logistic,False,M,M,0.19974567098357388,0.8002543290164261
GSM3394696,GSE120137,kidney,control,78.223,sex_binary,logistic,False,F,F,0.5701137123287088,0.4298862876712913
GSM3394697,GSE120137,kidney,control,26.074,sex_binary,logistic,False,M,M,0.005984101074169357,0.9940158989258306
GSM3394698,GSE120137,kidney,control,26.074,sex_binary,logistic,False,M,M,0.11491507264102341,0.8850849273589766
GSM3394699,GSE120137,kidney,control,52.149,sex_binary,logistic,False,F,F,0.9947770286651655,0.005222971334834549
GSM3394700,GSE120137,kidney,control,52.149,sex_binary,logistic,False,M,M,0.3137292342379421,0.6862707657620579
GSM3394701,GSE120137,kidney,control,52.149,sex_binary,logistic,False,M,M,0.00898131642215183,0.9910186835778482
GSM3394702,GSE120137,kidney,control,52.149,sex_binary,logistic,False,M,F,0.7978914241572233,0.2021085758427768
GSM3394703,GSE120137,kidney,control,52.149,sex_binary,logistic,False,M,F,0.9917730852203172,0.008226914779682884
GSM3394704,GSE120137,kidney,control,52.149,sex_binary,logistic,False,M,M,0.0013621945411065317,0.9986378054588935
GSM3394705,GSE120137,kidney,control,78.223,sex_binary,logistic,False,M,M,0.023676306391929303,0.9763236936080707
GSM3394706,GSE120137,kidney,control,78.223,sex_binary,logistic,False,M,M,0.004740784407937237,0.9952592155920628
GSM3394707,GSE120137,kidney,control,78.223,sex_binary,logistic,False,M,M,0.43333676558383194,0.5666632344161681
GSM3394708,GSE120137,kidney,control,78.223,sex_binary,logistic,False,M,M,0.02242389816919177,0.9775761018308082
GSM3394709,GSE120137,kidney,control,78.223,sex_binary,logistic,False,M,M,0.18044910935352487,0.8195508906464751
GSM3394710,GSE120137,kidney,control,78.223,sex_binary,logistic,False,M,M,0.11140053989600363,0.8885994601039964
GSM3394711,GSE120137,kidney,control,78.223,sex_binary,logistic,False,M,F,0.7610119966881882,0.23898800331181183
GSM3394712,GSE120137,kidney,control,26.074,sex_binary,logistic,False,M,M,0.03337379401141283,0.9666262059885872
GSM3394713,GSE120137,kidney,control,52.149,sex_binary,logistic,False,M,F,0.6000661923650262,0.39993380763497377
GSM3394714,GSE120137,kidney,control,52.149,sex_binary,logistic,False,M,M,0.008038935424147464,0.9919610645758525
GSM3394715,GSE120137,kidney,control,52.149,sex_binary,logistic,False,M,M,0.03203430359908821,0.9679656964009118
GSM3394716,GSE120137,kidney,control,52.149,sex_binary,logistic,False,M,F,0.6501223294658157,0.3498776705341843
GSM3394717,GSE120137,kidney,control,52.149,sex_binary,logistic,False,M,M,0.06987854899354129,0.9301214510064587
GSM3394718,GSE120137,kidney,control,78.223,sex_binary,logistic,False,M,M,0.2475712017982118,0.7524287982017882
GSM3394719,GSE120137,kidney,control,78.223,sex_binary,logistic,False,M,M,0.06900959596492762,0.9309904040350724
GSM3394720,GSE120137,kidney,control,78.223,sex_binary,logistic,False,F,M,0.31461792179544923,0.6853820782045508
GSM2132712,GSE80672,blood,control,2.912,sex_binary,logistic,False,M,M,1.5543122344752192e-15,0.9999999999999984
GSM2132713,GSE80672,blood,control,2.912,sex_binary,logistic,False,M,M,1.5210412929178574e-09,0.9999999984789587
GSM2132714,GSE80672,blood,control,2.912,sex_binary,logistic,False,M,M,6.302736110797014e-12,0.9999999999936973
GSM2132715,GSE80672,blood,control,2.912,sex_binary,logistic,False,M,M,1.3446845859022005e-09,0.9999999986553154
GSM2132716,GSE80672,blood,control,2.912,sex_binary,logistic,False,M,M,1.9117152305625496e-10,0.9999999998088285
GSM2132717,GSE80672,blood,control,2.912,sex_binary,logistic,False,M,M,2.0383694732117874e-13,0.9999999999997962
GSM2132718,GSE80672,blood,control,5.084,sex_binary,logistic,False,M,M,4.1447667520344567e-10,0.9999999995855233
GSM2132719,GSE80672,blood,control,5.084,sex_binary,logistic,False,M,M,1.7202683721961876e-11,0.9999999999827973
GSM2132720,GSE80672,blood,control,5.084,sex_binary,logistic,False,M,M,4.796163466380676e-13,0.9999999999995204
GSM2132721,GSE80672,blood,control,5.084,sex_binary,logistic,False,M,M,6.624056858584026e-11,0.9999999999337594
GSM2132722,GSE80672,blood,control,5.084,sex_binary,logistic,False,M,M,8.708538445922898e-09,0.9999999912914616
GSM2132723,GSE80672,blood,control,5.084,sex_binary,logistic,False,M,M,1.6981549499917037e-10,0.9999999998301845
GSM2132724,GSE80672,blood,CR,43.457,sex_binary,logistic,False,M,M,1.1330936189324348e-12,0.9999999999988669
GSM2132725,GSE80672,blood,CR,43.457,sex_binary,logistic,False,M,M,9.264951118137521e-05,0.9999073504888186
GSM2132726,GSE80672,blood,CR,43.457,sex_binary,logistic,False,M,M,1.065829646762495e-10,0.999999999893417
GSM2132727,GSE80672,blood,CR,43.457,sex_binary,logistic,False,M,M,9.864775663004366e-12,0.9999999999901352
GSM2132728,GSE80672,blood,CR,43.457,sex_binary,logistic,False,M,M,1.7500134674719448e-10,0.9999999998249987
GSM2132729,GSE80672,blood,CR,78.223,sex_binary,logistic,False,M,M,8.066949330753914e-10,0.9999999991933051
GSM2132730,GSE80672,blood,CR,78.223,sex_binary,logistic,False,M,M,3.8686387426878355e-10,0.9999999996131361
GSM2132731,GSE80672,blood,CR,78.223,sex_binary,logistic,False,M,M,3.257505376552672e-11,0.999999999967425
GSM2132732,GSE80672,blood,CR,78.223,sex_binary,logistic,False,M,M,0.00017036133580383694,0.9998296386641962
GSM2132733,GSE80672,blood,CR,78.223,sex_binary,logistic,False,M,M,7.58637597186862e-12,0.9999999999924136
GSM2132734,GSE80672,blood,CR,99.951,sex_binary,logistic,False,M,M,2.1507018388433607e-10,0.9999999997849298
GSM2132735,GSE80672,blood,CR,99.951,sex_binary,logistic,False,M,M,1.8681056701552734e-11,0.9999999999813189
GSM2132736,GSE80672,blood,CR,99.951,sex_binary,logistic,False,M,M,5.36103068604632e-08,0.9999999463896931
GSM2132737,GSE80672,blood,CR,99.951,sex_binary,logistic,False,M,M,1.900936297261069e-09,0.9999999980990637
GSM2132738,GSE80672,blood,CR,99.951,sex_binary,logistic,False,M,M,2.8843594179761567e-13,0.9999999999997116
GSM2132739,GSE80672,blood,CR,117.334,sex_binary,logistic,False,M,M,7.764455745018495e-12,0.9999999999922355
GSM2132740,GSE80672,blood,CR,117.334,sex_binary,logistic,False,M,M,2.9634705800418715e-09,0.9999999970365294
GSM2132741,GSE80672,blood,CR,117.334,sex_binary,logistic,False,M,M,2.2302160118670145e-12,0.9999999999977698
GSM2132742,GSE80672,blood,CR,117.334,sex_binary,logistic,False,M,M,5.109934697600238e-11,0.9999999999489007
GSM2132743,GSE80672,blood,CR,117.334,sex_binary,logistic,False,M,M,8.887335312124378e-12,0.9999999999911127
GSM2132744,GSE80672,blood,control,86.914,sex_binary,logistic,False,M,M,5.959899240792765e-12,0.9999999999940401
GSM2132745,GSE80672,blood,control,86.914,sex_binary,logistic,False,M,M,2.014832745089734e-12,0.9999999999979852
GSM2132746,GSE80672,blood,control,86.914,sex_binary,logistic,False,M,M,3.7192471324942744e-12,0.9999999999962808
GSM2132747,GSE80672,blood,control,86.914,sex_binary,logistic,False,M,M,6.090683513093609e-13,0.9999999999993909
GSM2132748,GSE80672,blood,control,86.914,sex_binary,logistic,False,M,M,3.3306690738754696e-15,0.9999999999999967
GSM2132749,GSE80672,blood,control,117.334,sex_binary,logistic,False,M,M,8.809175611190767e-12,0.9999999999911908
GSM2132750,GSE80672,blood,control,117.334,sex_binary,logistic,False,M,M,2.4424906541753444e-15,0.9999999999999976
GSM2132751,GSE80672,blood,control,117.334,sex_binary,logistic,False,M,M,7.549516567451064e-15,0.9999999999999925
GSM2132752,GSE80672,blood,control,117.334,sex_binary,logistic,False,M,M,9.332312700394141e-12,0.9999999999906677
GSM2132753,GSE80672,blood,control,117.334,sex_binary,logistic,False,M,M,6.616929226765933e-14,0.9999999999999338
GSM2132754,GSE80672,blood,CR,91.26,sex_binary,logistic,False,M,M,1.9984014443252818e-15,0.999999999999998
GSM2132755,GSE80672,blood,CR,91.26,sex_binary,logistic,False,M,M,4.1877612488860905e-13,0.9999999999995812
GSM2132756,GSE80672,blood,CR,91.26,sex_binary,logistic,False,M,M,3.1374902675906924e-13,0.9999999999996863
GSM2132757,GSE80672,blood,CR,91.26,sex_binary,logistic,False,M,M,2.90181976672077e-05,0.9999709818023328
GSM2132758,GSE80672,blood,CR,91.26,sex_binary,logistic,False,M,M,4.11448652926083e-13,0.9999999999995886
GSM2132759,GSE80672,blood,CR,91.26,sex_binary,logistic,False,M,M,1.0977759379304786e-07,0.9999998902224062
GSM2132760,GSE80672,blood,CR,91.26,sex_binary,logistic,False,M,M,1.3660184094987926e-12,0.999999999998634
GSM2132761,GSE80672,blood,CR,117.334,sex_binary,logistic,False,M,M,9.598988270909103e-13,0.9999999999990401
GSM2132762,GSE80672,blood,CR,117.334,sex_binary,logistic,False,M,M,9.582132864949244e-10,0.9999999990417867
GSM2132763,GSE80672,blood,CR,117.334,sex_binary,logistic,False,M,M,2.1397994487415417e-11,0.999999999978602
GSM2132764,GSE80672,blood,CR,117.334,sex_binary,logistic,False,M,M,6.064482249712455e-12,0.9999999999939355
GSM2132765,GSE80672,blood,CR,117.334,sex_binary,logistic,False,M,M,4.929390229335695e-14,0.9999999999999507
GSM2132766,GSE80672,blood,control,26.074,sex_binary,logistic,False,F,M,8.007150498201554e-11,0.9999999999199285
GSM2132767,GSE80672,blood,control,26.074,sex_binary,logistic,False,F,M,3.431163131395465e-09,0.9999999965688369
GSM2132768,GSE80672,blood,control,26.074,sex_binary,logistic,False,F,M,5.403477287835301e-08,0.9999999459652271
GSM2132769,GSE80672,blood,control,26.074,sex_binary,logistic,False,F,M,7.607514618257483e-10,0.9999999992392485
GSM2132770,GSE80672,blood,control,26.074,sex_binary,logistic,False,F,M,1.0614023565613806e-06,0.9999989385976434
GSM2132771,GSE80672,blood,control,26.074,sex_binary,logistic,False,M,M,3.572425522069267e-08,0.9999999642757448
GSM2132772,GSE80672,blood,control,26.074,sex_binary,logistic,False,M,M,9.768630349071827e-12,0.9999999999902314
GSM2132773,GSE80672,blood,control,26.074,sex_binary,logistic,False,M,M,5.267528413455125e-09,0.9999999947324716
GSM2132774,GSE80672,blood,control,26.074,sex_binary,logistic,False,M,M,3.5495983397026976e-06,0.9999964504016603
GSM2132775,GSE80672,blood,control,26.074,sex_binary,logistic,False,M,M,9.859957295077493e-11,0.9999999999014004
GSM2132776,GSE80672,blood,control,26.074,sex_binary,logistic,False,M,M,1.7855272815836543e-11,0.9999999999821447
GSM2132777,GSE80672,blood,control,26.074,sex_binary,logistic,False,M,M,3.991917907342213e-12,0.9999999999960081
GSM2132778,GSE80672,blood,control,21.729,sex_binary,logistic,False,M,M,8.701928067011977e-13,0.9999999999991298
GSM2132779,GSE80672,blood,control,21.729,sex_binary,logistic,False,M,M,6.906097915759801e-11,0.999999999930939
GSM2132780,GSE80672,blood,control,21.729,sex_binary,logistic,False,M,M,2.9509594767773706e-10,0.999999999704904
GSM2132781,GSE80672,blood,control,21.729,sex_binary,logistic,False,M,M,1.6087575716028368e-11,0.9999999999839124
GSM2132782,GSE80672,blood,control,26.074,sex_binary,logistic,False,M,M,1.1613376926788987e-11,0.9999999999883866
GSM2132783,GSE80672,blood,control,26.074,sex_binary,logistic,False,F,M,1.4943139170497943e-08,0.9999999850568608
GSM2132784,GSE80672,blood,control,26.074,sex_binary,logistic,False,F,M,1.1742904426625955e-09,0.9999999988257096
GSM2132785,GSE80672,blood,control,26.074,sex_binary,logistic,False,F,M,2.634246820676367e-08,0.9999999736575318
GSM2132786,GSE80672,blood,control,26.074,sex_binary,logistic,False,F,M,6.179716738330399e-10,0.9999999993820283
GSM2132787,GSE80672,blood,control,26.074,sex_binary,logistic,False,M,M,1.447064690296429e-11,0.9999999999855294
GSM2132788,GSE80672,blood,control,26.074,sex_binary,logistic,False,F,M,8.389980550305154e-07,0.999999161001945
GSM2132789,GSE80672,blood,control,26.074,sex_binary,logistic,False,F,M,3.9581782296238543e-10,0.9999999996041822
GSM2132790,GSE80672,blood,control,26.074,sex_binary,logistic,False,F,M,4.076127879670821e-09,0.9999999959238721
GSM2132791,GSE80672,blood,control,26.074,sex_binary,logistic,False,F,M,3.5497493666714064e-07,0.9999996450250633
GSM2132792,GSE80672,blood,control,26.074,sex_binary,logistic,False,F,M,3.68540620243607e-09,0.9999999963145938
GSM2132793,GSE80672,blood,control,26.074,sex_binary,logistic,False,M,M,3.9422894680951615e-06,0.9999960577105319
GSM2132794,GSE80672,blood,control,26.074,sex_binary,logistic,False,M,M,2.0061774463897564e-10,0.9999999997993823
GSM2132795,GSE80672,blood,control,26.074,sex_binary,logistic,False,M,M,1.0299991970441624e-09,0.9999999989700008
GSM2132796,GSE80672,blood,control,26.074,sex_binary,logistic,False,M,M,1.3080292404765714e-10,0.9999999998691971
GSM2132797,GSE80672,blood,control,26.074,sex_binary,logistic,False,F,M,1.3711391566584297e-07,0.9999998628860843
GSM2132798,GSE80672,blood,control,26.074,sex_binary,logistic,False,M,M,1.6818086923109377e-09,0.9999999983181913
GSM2132799,GSE80672,blood,control,26.074,sex_binary,logistic,False,F,M,2.3317767716690696e-07,0.9999997668223228
GSM2132800,GSE80672,blood,control,26.074,sex_binary,logistic,False,F,M,6.49654698925417e-08,0.9999999350345301
GSM2132801,GSE80672,blood,control,26.074,sex_binary,logistic,False,M,M,2.2429818002933644e-09,0.9999999977570182
GSM2132802,GSE80672,blood,control,26.074,sex_binary,logistic,False,M,M,1.3719782621102183e-07,0.9999998628021738
GSM2132803,GSE80672,blood,control,26.074,sex_binary,logistic,False,M,M,2.5455677565844326e-09,0.9999999974544322
GSM2132804,GSE80672,blood,control,26.074,sex_binary,logistic,False,M,M,6.055154611050995e-08,0.9999999394484539
GSM2132805,GSE80672,blood,control,26.074,sex_binary,logistic,False,M,M,1.1096572893887213e-07,0.9999998890342711
GSM2132806,GSE80672,blood,control,26.074,sex_binary,logistic,False,M,M,6.978284616820929e-11,0.9999999999302172
GSM2132807,GSE80672,blood,control,26.074,sex_binary,logistic,False,M,M,6.400048457866347e-08,0.9999999359995154
GSM2132808,GSE80672,blood,control,26.074,sex_binary,logistic,False,M,M,8.837110265780268e-09,0.9999999911628897
GSM2132809,GSE80672,blood,control,26.074,sex_binary,logistic,False,M,M,9.585914617638025e-09,0.9999999904140854
GSM2132810,GSE80672,blood,control,26.074,sex_binary,logistic,False,M,M,1.8539485502344633e-09,0.9999999981460514
GSM2132811,GSE80672,blood,control,26.074,sex_binary,logistic,False,M,M,3.744116128245878e-12,0.9999999999962559
GSM2132812,GSE80672,blood,control,26.074,sex_binary,logistic,False,M,M,1.2725419940018412e-08,0.9999999872745801
GSM2132813,GSE80672,blood,control,26.074,sex_binary,logistic,False,F,M,1.6738472006228022e-06,0.9999983261527994
GSM2132814,GSE80672,fibroblast,control,10.864,sex_binary,logistic,False,M,M,1.1087122133712768e-06,0.9999988912877866
GSM2132815,GSE80672,fibroblast,control,10.864,sex_binary,logistic,False,M,M,5.171877482945675e-07,0.9999994828122517
GSM2132816,GSE80672,fibroblast,control,10.864,sex_binary,logistic,False,M,M,2.213813356577443e-05,0.9999778618664342
GSM2132817,GSE80672,fibroblast,control,10.864,sex_binary,logistic,False,M,M,9.612934903646675e-08,0.999999903870651
GSM2132818,GSE80672,fibroblast,control,10.864,sex_binary,logistic,False,M,M,0.0014237437132982311,0.9985762562867018
GSM2132819,GSE80672,fibroblast,control,10.864,sex_binary,logistic,False,M,M,2.5969038686124435e-07,0.9999997403096131
GSM2132820,GSE80672,blood,control,13.037,sex_binary,logistic,False,M,M,5.04564279246722e-09,0.9999999949543572
GSM2132821,GSE80672,blood,control,13.037,sex_binary,logistic,False,M,M,5.01992635237869e-08,0.9999999498007365
GSM2132822,GSE80672,blood,control,13.037,sex_binary,logistic,False,M,M,7.446110394937477e-11,0.9999999999255389
GSM2132823,GSE80672,blood,control,13.037,sex_binary,logistic,False,M,M,6.179456946142636e-11,0.9999999999382054
GSM2132824,GSE80672,blood,control,13.037,sex_binary,logistic,False,M,M,1.2043867070321568e-07,0.9999998795613293
GSM2132825,GSE80672,blood,control,13.037,sex_binary,logistic,False,M,M,1.1350658191133789e-09,0.9999999988649342
GSM2132826,GSE80672,blood,control,13.037,sex_binary,logistic,False,M,M,1.152291595474253e-10,0.9999999998847708
GSM2132827,GSE80672,blood,control,13.037,sex_binary,logistic,False,M,M,7.671135759945713e-08,0.9999999232886424
GSM2132828,GSE80672,blood,control,13.037,sex_binary,logistic,False,M,M,3.695044270557446e-12,0.999999999996305
GSM2132829,GSE80672,blood,control,17.383,sex_binary,logistic,False,M,M,5.79583048221366e-10,0.999999999420417
GSM2132830,GSE80672,blood,control,17.383,sex_binary,logistic,False,M,M,1.1444911685032366e-10,0.9999999998855509
GSM2132831,GSE80672,blood,control,17.383,sex_binary,logistic,False,M,M,9.564329328526355e-10,0.9999999990435671
GSM2132832,GSE80672,blood,control,17.383,sex_binary,logistic,False,M,M,1.5999379598952146e-10,0.9999999998400062
GSM2132833,GSE80672,blood,control,17.383,sex_binary,logistic,False,M,M,7.704796800567237e-10,0.9999999992295203
GSM2132834,GSE80672,blood,control,17.383,sex_binary,logistic,False,M,M,5.466915808938211e-10,0.9999999994533084
GSM2132835,GSE80672,blood,control,17.383,sex_binary,logistic,False,M,M,4.7336357056337874e-11,0.9999999999526636
GSM2132836,GSE80672,blood,control,17.383,sex_binary,logistic,False,M,M,7.666378643023108e-10,0.9999999992333621
GSM2132837,GSE80672,blood,control,17.383,sex_binary,logistic,False,M,M,3.3257820941656746e-09,0.9999999966742179
GSM2132838,GSE80672,blood,control,26.074,sex_binary,logistic,False,M,M,7.491651743407601e-11,0.9999999999250835
GSM2132839,GSE80672,blood,control,26.074,sex_binary,logistic,False,M,M,4.6315618007497505e-11,0.9999999999536844
GSM2132840,GSE80672,blood,control,26.074,sex_binary,logistic,False,M,M,8.929101902310776e-10,0.9999999991070898
GSM2132841,GSE80672,blood,control,26.074,sex_binary,logistic,False,M,M,1.0931744398590126e-10,0.9999999998906826
GSM2132842,GSE80672,blood,control,26.074,sex_binary,logistic,False,M,M,1.4971141437669644e-08,0.9999999850288586
GSM2132843,GSE80672,blood,control,26.074,sex_binary,logistic,False,M,M,1.2914407321318322e-09,0.9999999987085593
GSM2132844,GSE80672,blood,control,26.074,sex_binary,logistic,False,M,M,1.8935240042594614e-09,0.999999998106476
GSM2132845,GSE80672,blood,control,26.074,sex_binary,logistic,False,M,M,5.3966831004004234e-11,0.9999999999460332
GSM2132846,GSE80672,blood,control,26.074,sex_binary,logistic,False,M,M,1.3443504087717884e-09,0.9999999986556496
GSM2132847,GSE80672,blood,control,34.766,sex_binary,logistic,False,M,M,2.4485413696595515e-10,0.9999999997551459
GSM2132848,GSE80672,blood,control,34.766,sex_binary,logistic,False,M,M,4.456663926788451e-10,0.9999999995543336
GSM2132849,GSE80672,blood,control,34.766,sex_binary,logistic,False,M,M,3.379683199966621e-10,0.9999999996620317
GSM2132850,GSE80672,blood,control,34.766,sex_binary,logistic,False,M,M,5.472321040755901e-09,0.999999994527679
GSM2132851,GSE80672,blood,control,34.766,sex_binary,logistic,False,M,M,1.3476553206714925e-11,0.9999999999865234
GSM2132852,GSE80672,blood,control,34.766,sex_binary,logistic,False,M,M,7.329692630619888e-09,0.9999999926703074
GSM2132853,GSE80672,blood,control,34.766,sex_binary,logistic,False,M,M,8.278688845564375e-11,0.9999999999172131
GSM2132854,GSE80672,blood,control,34.766,sex_binary,logistic,False,M,M,2.279398891857909e-11,0.999999999977206
GSM2132855,GSE80672,blood,control,34.766,sex_binary,logistic,False,M,M,4.5973735929294435e-10,0.9999999995402626
GSM2132856,GSE80672,blood,control,43.457,sex_binary,logistic,False,M,M,3.595479469709062e-11,0.9999999999640452
GSM2132857,GSE80672,blood,control,43.457,sex_binary,logistic,False,M,M,1.3494050321583018e-10,0.9999999998650595
GSM2132858,GSE80672,blood,control,43.457,sex_binary,logistic,False,M,M,1.9923240834884837e-10,0.9999999998007676
GSM2132859,GSE80672,blood,control,43.457,sex_binary,logistic,False,M,M,5.377334133527256e-10,0.9999999994622666
GSM2132860,GSE80672,blood,control,43.457,sex_binary,logistic,False,M,M,6.046183054220222e-08,0.9999999395381695
GSM2132861,GSE80672,blood,control,43.457,sex_binary,logistic,False,M,M,6.162103272089325e-09,0.9999999938378967
GSM2132862,GSE80672,blood,control,43.457,sex_binary,logistic,False,M,M,2.912241559016593e-09,0.9999999970877584
GSM2132863,GSE80672,blood,control,43.457,sex_binary,logistic,False,M,M,7.486833375480728e-11,0.9999999999251317
GSM2132864,GSE80672,blood,control,43.457,sex_binary,logistic,False,M,M,2.430753376359007e-10,0.9999999997569247
GSM2132865,GSE80672,blood,control,52.149,sex_binary,logistic,False,M,M,7.835869730854483e-10,0.999999999216413
GSM2132866,GSE80672,blood,control,52.149,sex_binary,logistic,False,M,M,1.6086221243938326e-10,0.9999999998391378
GSM2132867,GSE80672,blood,control,52.149,sex_binary,logistic,False,M,M,4.985321044870261e-10,0.9999999995014679
GSM2132868,GSE80672,blood,control,52.149,sex_binary,logistic,False,M,M,8.530509632009853e-12,0.9999999999914695
GSM2132869,GSE80672,blood,control,52.149,sex_binary,logistic,False,M,M,4.981348666888152e-12,0.9999999999950187
GSM2132870,GSE80672,blood,control,52.149,sex_binary,logistic,False,M,M,6.0891292008591336e-12,0.9999999999939109
GSM2132871,GSE80672,blood,control,52.149,sex_binary,logistic,False,M,M,3.3301073010250093e-10,0.9999999996669893
GSM2132872,GSE80672,blood,control,52.149,sex_binary,logistic,False,M,M,2.801492371418135e-11,0.9999999999719851
GSM2132873,GSE80672,blood,control,52.149,sex_binary,logistic,False,M,M,1.1531731125558053e-10,0.9999999998846827
GSM2132874,GSE80672,blood,control,52.149,sex_binary,logistic,False,M,M,1.0627811630747885e-08,0.9999999893721884
GSM2132875,GSE80672,blood,control,69.531,sex_binary,logistic,False,M,M,1.4738055220675506e-10,0.9999999998526194
GSM2132876,GSE80672,blood,control,69.531,sex_binary,logistic,False,M,M,1.3210699201238185e-10,0.999999999867893
GSM2132877,GSE80672,blood,control,69.531,sex_binary,logistic,False,M,M,1.8113066602154504e-10,0.9999999998188693
GSM2132878,GSE80672,blood,control,69.531,sex_binary,logistic,False,M,M,7.038813976123492e-14,0.9999999999999296
GSM2132879,GSE80672,blood,control,69.531,sex_binary,logistic,False,M,M,9.762632924292802e-10,0.9999999990237367
GSM2132880,GSE80672,blood,control,69.531,sex_binary,logistic,False,M,M,1.6262360791330366e-08,0.9999999837376392
GSM2132881,GSE80672,blood,control,69.531,sex_binary,logistic,False,M,M,9.37709909720752e-11,0.999999999906229
GSM2132882,GSE80672,blood,control,69.531,sex_binary,logistic,False,M,M,2.039220570182465e-09,0.9999999979607794
GSM2132883,GSE80672,blood,control,69.531,sex_binary,logistic,False,M,M,6.705103139381663e-11,0.999999999932949
GSM2132884,GSE80672,blood,control,86.914,sex_binary,logistic,False,M,M,1.678043626274217e-08,0.9999999832195637
GSM2132885,GSE80672,blood,control,86.914,sex_binary,logistic,False,M,M,2.5484059307245843e-10,0.9999999997451594
GSM2132886,GSE80672,blood,control,86.914,sex_binary,logistic,False,M,M,5.949996051413109e-11,0.9999999999405
GSM2132887,GSE80672,blood,control,86.914,sex_binary,logistic,False,M,M,9.249802590538536e-09,0.9999999907501974
GSM2132888,GSE80672,blood,control,86.914,sex_binary,logistic,False,M,M,2.6871784797322107e-09,0.9999999973128215
GSM2132889,GSE80672,blood,control,86.914,sex_binary,logistic,False,M,M,1.369215851809713e-11,0.9999999999863078
GSM2132890,GSE80672,blood,control,86.914,sex_binary,logistic,False,M,M,5.6767923695133504e-12,0.9999999999943232
GSM2132891,GSE80672,blood,control,86.914,sex_binary,logistic,False,M,M,3.3371261309866895e-10,0.9999999996662874
GSM2132892,GSE80672,blood,control,86.914,sex_binary,logistic,False,M,M,7.265590351579476e-10,0.999999999273441
GSM2132893,GSE80672,blood,control,95.606,sex_binary,logistic,False,M,M,1.9915624704935908e-11,0.9999999999800844
GSM2132894,GSE80672,blood,control,95.606,sex_binary,logistic,False,M,M,1.4271039905366933e-09,0.999999998572896
GSM2132895,GSE80672,blood,control,95.606,sex_binary,logistic,False,M,M,1.1813623412848528e-09,0.9999999988186377
GSM2132896,GSE80672,blood,control,95.606,sex_binary,logistic,False,M,M,5.486722187697524e-13,0.9999999999994513
GSM2132897,GSE80672,blood,control,95.606,sex_binary,logistic,False,M,M,5.240023970287666e-10,0.9999999994759976
GSM2132898,GSE80672,blood,control,95.606,sex_binary,logistic,False,M,M,3.0861757593925176e-11,0.9999999999691382
GSM2132899,GSE80672,blood,control,95.606,sex_binary,logistic,False,M,M,7.360081433205323e-10,0.9999999992639919
GSM2132900,GSE80672,blood,control,95.606,sex_binary,logistic,False,M,M,1.411759598113349e-12,0.9999999999985882
GSM2132901,GSE80672,blood,control,95.606,sex_binary,logistic,False,M,M,6.8032208755397505e-09,0.9999999931967791
GSM2132902,GSE80672,blood,control,104.297,sex_binary,logistic,False,M,M,1.3293953715631801e-08,0.9999999867060463
GSM2132903,GSE80672,blood,control,104.297,sex_binary,logistic,False,M,M,5.709584360857889e-09,0.9999999942904156
GSM2132904,GSE80672,blood,control,104.297,sex_binary,logistic,False,M,M,4.961695498906238e-10,0.9999999995038305
GSM2132905,GSE80672,blood,control,104.297,sex_binary,logistic,False,M,M,4.509193018975566e-11,0.9999999999549081
GSM2132906,GSE80672,blood,control,104.297,sex_binary,logistic,False,M,M,3.8226288801013197e-10,0.9999999996177371
GSM2132907,GSE80672,blood,control,104.297,sex_binary,logistic,False,M,M,5.5234292695161e-09,0.9999999944765707
GSM2132908,GSE80672,blood,control,104.297,sex_binary,logistic,False,M,M,4.916511642250043e-12,0.9999999999950835
GSM2132909,GSE80672,blood,control,104.297,sex_binary,logistic,False,M,M,3.3021210210648633e-09,0.999999996697879
GSM2132910,GSE80672,blood,control,104.297,sex_binary,logistic,False,M,M,1.6110957012926974e-10,0.9999999998388904
GSM2132911,GSE80672,blood,control,112.989,sex_binary,logistic,False,M,M,6.869212765270305e-08,0.9999999313078723
GSM2132912,GSE80672,blood,control,112.989,sex_binary,logistic,False,M,M,5.0722690492222e-09,0.999999994927731
GSM2132913,GSE80672,blood,control,112.989,sex_binary,logistic,False,M,M,4.5558246064558716e-10,0.9999999995444175
GSM2132914,GSE80672,blood,control,112.989,sex_binary,logistic,False,M,M,3.7056580026728625e-11,0.9999999999629434
GSM2132915,GSE80672,blood,control,112.989,sex_binary,logistic,False,M,M,1.3322676295501878e-13,0.9999999999998668
GSM2132916,GSE80672,blood,control,112.989,sex_binary,logistic,False,M,M,3.5601543935115387e-10,0.9999999996439846
GSM2132917,GSE80672,blood,control,112.989,sex_binary,logistic,False,M,M,1.0359779700763738e-10,0.9999999998964022
GSM2132918,GSE80672,blood,control,112.989,sex_binary,logistic,False,M,M,3.1444062909002923e-09,0.9999999968555937
GSM2132919,GSE80672,blood,control,112.989,sex_binary,logistic,False,M,M,1.3419162447902977e-08,0.9999999865808376
GSM2132920,GSE80672,blood,control,112.989,sex_binary,logistic,False,M,M,9.375868970096235e-10,0.9999999990624131
GSM2132921,GSE80672,blood,control,121.68,sex_binary,logistic,False,M,M,2.240750174298256e-08,0.9999999775924983
GSM2132922,GSE80672,blood,control,121.68,sex_binary,logistic,False,M,M,7.862723805374117e-10,0.9999999992137276
GSM2132923,GSE80672,blood,control,121.68,sex_binary,logistic,False,M,M,1.5139001163788635e-12,0.9999999999984861
GSM2132924,GSE80672,blood,control,121.68,sex_binary,logistic,False,M,M,9.611293105837859e-08,0.9999999038870689
GSM2132925,GSE80672,blood,control,121.68,sex_binary,logistic,False,M,M,1.1324159387982036e-09,0.9999999988675841
GSM2132926,GSE80672,blood,control,121.68,sex_binary,logistic,False,M,M,2.485844863286957e-10,0.9999999997514155
GSM2132927,GSE80672,blood,control,121.68,sex_binary,logistic,False,M,M,9.573950410235454e-09,0.9999999904260496
GSM2132928,GSE80672,blood,control,121.68,sex_binary,logistic,False,M,M,2.3512303215511565e-12,0.9999999999976488
GSM2132929,GSE80672,blood,control,121.68,sex_binary,logistic,False,M,M,3.5049787516783226e-09,0.9999999964950212
GSM2132930,GSE80672,blood,control,130.371,sex_binary,logistic,False,M,M,2.585287539602632e-11,0.9999999999741471
GSM2132931,GSE80672,blood,control,130.371,sex_binary,logistic,False,M,M,1.0965339747315284e-09,0.999999998903466
GSM2132932,GSE80672,blood,control,130.371,sex_binary,logistic,False,M,M,6.405764807482228e-12,0.9999999999935942
GSM2132933,GSE80672,blood,control,130.371,sex_binary,logistic,False,M,M,1.5551915311107223e-10,0.9999999998444808
GSM2132934,GSE80672,blood,control,130.371,sex_binary,logistic,False,M,M,1.1930456622621932e-10,0.9999999998806954
GSM2132935,GSE80672,blood,control,130.371,sex_binary,logistic,False,M,M,1.2031197704764907e-08,0.9999999879688023
GSM2132936,GSE80672,blood,control,130.371,sex_binary,logistic,False,M,M,5.50817613742538e-10,0.9999999994491824
GSM2132937,GSE80672,blood,control,130.371,sex_binary,logistic,False,M,M,1.5730305946703993e-11,0.9999999999842697
GSM2132938,GSE80672,blood,control,130.371,sex_binary,logistic,False,M,M,1.3796586095793373e-10,0.9999999998620341
GSM2132939,GSE80672,blood,control,139.063,sex_binary,logistic,False,M,M,1.0329070931902606e-11,0.9999999999896709
GSM2132940,GSE80672,blood,control,139.063,sex_binary,logistic,False,M,M,6.204076585802909e-09,0.9999999937959234
GSM2132941,GSE80672,blood,control,139.063,sex_binary,logistic,False,M,M,1.3059331394060791e-09,0.9999999986940669
GSM2132942,GSE80672,blood,control,139.063,sex_binary,logistic,False,M,M,8.660361316970011e-11,0.9999999999133964
GSM2132943,GSE80672,blood,control,139.063,sex_binary,logistic,False,M,M,3.6149958582143427e-09,0.9999999963850041
GSM2132944,GSE80672,blood,control,139.063,sex_binary,logistic,False,M,M,5.625456100943893e-09,0.9999999943745439
GSM2132945,GSE80672,blood,control,139.063,sex_binary,logistic,False,M,M,3.0344837753659704e-10,0.9999999996965516
GSM2132946,GSE80672,blood,control,147.754,sex_binary,logistic,False,M,M,5.599856134352876e-10,0.9999999994400144
GSM2132947,GSE80672,blood,control,147.754,sex_binary,logistic,False,M,M,1.9267210049633832e-10,0.9999999998073279
GSM2132948,GSE80672,blood,control,147.754,sex_binary,logistic,False,M,M,4.279265830575696e-11,0.9999999999572073
GSM2132949,GSE80672,blood,control,147.754,sex_binary,logistic,False,M,M,8.197886813832156e-11,0.9999999999180211
GSM2132950,GSE80672,blood,control,147.754,sex_binary,logistic,False,M,M,3.67695007774671e-09,0.9999999963230499
GSM2132951,GSE80672,blood,control,147.754,sex_binary,logistic,False,M,M,1.8990871208934834e-08,0.9999999810091288
GSM2132952,GSE80672,blood,control,147.754,sex_binary,logistic,False,M,M,1.2437828587064104e-06,0.9999987562171413
GSM2132953,GSE80672,blood,control,147.754,sex_binary,logistic,False,M,M,5.686378035107964e-10,0.9999999994313622
GSM2132954,GSE80672,blood,control,147.754,sex_binary,logistic,False,M,M,9.186220673029766e-10,0.9999999990813779
GSM2132955,GSE80672,blood,control,152.1,sex_binary,logistic,False,M,M,2.954938516097627e-10,0.9999999997045061
GSM2132956,GSE80672,blood,control,152.1,sex_binary,logistic,False,M,M,8.83049189326357e-11,0.9999999999116951
GSM2132957,GSE80672,blood,control,152.1,sex_binary,logistic,False,M,M,3.184785768439724e-11,0.9999999999681521
GSM2132958,GSE80672,blood,control,152.1,sex_binary,logistic,False,M,M,2.14205542192758e-10,0.9999999997857945
GSM2132959,GSE80672,blood,control,152.1,sex_binary,logistic,False,M,M,8.322986744246919e-10,0.9999999991677013
GSM2132960,GSE80672,blood,control,152.1,sex_binary,logistic,False,M,M,4.80616213494045e-10,0.9999999995193838
GSM2132961,GSE80672,fibroblast,control,10.864,sex_binary,logistic,False,M,M,0.0,1.0
GSM2132962,GSE80672,fibroblast,control,10.864,sex_binary,logistic,False,M,M,2.220446049250313e-16,0.9999999999999998
GSM2132963,GSE80672,fibroblast,control,10.864,sex_binary,logistic,False,M,M,9.769962616701378e-15,0.9999999999999902
GSM2132964,GSE80672,fibroblast,control,10.864,sex_binary,logistic,False,M,M,0.0,1.0
GSM2132965,GSE80672,fibroblast,control,10.864,sex_binary,logistic,False,M,M,2.220446049250313e-16,0.9999999999999998
GSM2132966,GSE80672,fibroblast,control,10.864,sex_binary,logistic,False,M,M,0.0,1.0
GSM3426754,GSE121141,brain_cortex,control,26.074,sex_binary,logistic,False,M,M,0.3431553737787545,0.6568446262212455
GSM3426755,GSE121141,brain_cortex,control,26.074,sex_binary,logistic,False,M,F,0.5711308663720849,0.4288691336279151
GSM3426756,GSE121141,brain_cortex,control,26.074,sex_binary,logistic,False,M,M,0.003956557291628249,0.9960434427083718
GSM3426757,GSE121141,brain_cortex,control,26.074,sex_binary,logistic,False,M,M,0.018358630373201623,0.9816413696267984
GSM3426758,GSE121141,brain_cortex,control,26.074,sex_binary,logistic,False,M,M,0.005297344059894793,0.9947026559401052
GSM3426759,GSE121141,brain_cortex,control,52.149,sex_binary,logistic,False,M,M,0.2223704161013078,0.7776295838986922
GSM3426760,GSE121141,brain_cortex,control,52.149,sex_binary,logistic,False,M,M,0.00035858227896401473,0.999641417721036
GSM3426761,GSE121141,brain_cortex,control,52.149,sex_binary,logistic,False,M,M,0.0003634188962390317,0.999636581103761
GSM3426762,GSE121141,brain_cortex,control,52.149,sex_binary,logistic,False,M,M,0.03144626164488895,0.968553738355111
GSM3426763,GSE121141,brain_cortex,control,52.149,sex_binary,logistic,False,M,M,0.02417901586435145,0.9758209841356486
GSM3426764,GSE121141,brain_cortex,control,86.914,sex_binary,logistic,False,M,M,0.0399411255584291,0.9600588744415709
GSM3426765,GSE121141,brain_cortex,control,86.914,sex_binary,logistic,False,M,M,0.015396095373015672,0.9846039046269843
GSM3426766,GSE121141,brain_cortex,control,86.914,sex_binary,logistic,False,M,M,0.01191026105099724,0.9880897389490028
GSM3426767,GSE121141,brain_cortex,control,86.914,sex_binary,logistic,False,M,M,0.060629032224955304,0.9393709677750447
GSM3426768,GSE121141,brain_cortex,control,86.914,sex_binary,logistic,False,M,M,0.0003018901558469178,0.9996981098441531
GSM3426769,GSE121141,brain_cortex,control,130.371,sex_binary,logistic,False,M,M,0.11482515266252158,0.8851748473374784
GSM3426770,GSE121141,brain_cortex,control,130.371,sex_binary,logistic,False,M,M,2.674799071122891e-08,0.9999999732520093
GSM3426771,GSE121141,brain_cortex,control,130.371,sex_binary,logistic,False,M,M,7.036482247979592e-07,0.9999992963517752
GSM3426772,GSE121141,brain_cortex,control,130.371,sex_binary,logistic,False,M,M,0.014361817683358313,0.9856381823166417
GSM3426773,GSE121141,brain_cortex,control,130.371,sex_binary,logistic,False,M,M,0.06990858828996094,0.9300914117100391
GSM3426774,GSE121141,heart,control,26.074,sex_binary,logistic,False,M,M,0.0003683345024957374,0.9996316654975043
GSM3426775,GSE121141,heart,control,26.074,sex_binary,logistic,False,M,M,1.8278723090681126e-08,0.9999999817212769
GSM3426776,GSE121141,heart,control,26.074,sex_binary,logistic,False,M,M,0.002454843909707405,0.9975451560902926
GSM3426777,GSE121141,heart,control,26.074,sex_binary,logistic,False,M,M,0.010539833748205774,0.9894601662517942
GSM3426778,GSE121141,heart,control,26.074,sex_binary,logistic,False,M,M,0.0012575638486396201,0.9987424361513604
GSM3426779,GSE121141,heart,control,43.457,sex_binary,logistic,False,M,M,0.3103720944146071,0.6896279055853929
GSM3426780,GSE121141,heart,control,52.149,sex_binary,logistic,False,M,M,0.003984460606815121,0.9960155393931849
GSM3426781,GSE121141,heart,control,52.149,sex_binary,logistic,False,M,M,1.7865508338266167e-06,0.9999982134491662
GSM3426782,GSE121141,heart,control,52.149,sex_binary,logistic,False,M,M,9.456996919821048e-05,0.9999054300308018
GSM3426783,GSE121141,heart,control,52.149,sex_binary,logistic,False,M,M,0.0015715995911336211,0.9984284004088664
GSM3426784,GSE121141,heart,control,52.149,sex_binary,logistic,False,M,M,0.001051022034367688,0.9989489779656323
GSM3426785,GSE121141,heart,control,86.914,sex_binary,logistic,False,M,F,0.9341718442572565,0.06582815574274348
GSM3426786,GSE121141,heart,control,86.914,sex_binary,logistic,False,M,M,0.0018450482998529916,0.998154951700147
GSM3426787,GSE121141,heart,control,86.914,sex_binary,logistic,False,M,M,0.0017023603713989255,0.9982976396286011
GSM3426788,GSE121141,heart,control,86.914,sex_binary,logistic,False,M,M,0.000758790417730193,0.9992412095822698
GSM3426789,GSE121141,heart,control,86.914,sex_binary,logistic,False,M,M,0.0006352240890589167,0.9993647759109411
GSM3426790,GSE121141,heart,control,130.371,sex_binary,logistic,False,M,M,0.00010992813427423975,0.9998900718657258
GSM3426791,GSE121141,heart,control,130.371,sex_binary,logistic,False,M,M,0.002799486927474115,0.9972005130725259
GSM3426792,GSE121141,heart,control,130.371,sex_binary,logistic,False,M,M,0.00114715142660049,0.9988528485733995
GSM3426793,GSE121141,heart,control,130.371,sex_binary,logistic,False,M,F,0.995634789741565,0.004365210258434943
GSM3426794,GSE121141,heart,control,130.371,sex_binary,logistic,False,M,M,0.0002461575489850487,0.999753842451015
GSM3426795,GSE121141,liver,control,26.074,sex_binary,logistic,False,M,M,2.5693288009387416e-06,0.9999974306711991
GSM3426796,GSE121141,liver,control,26.074,sex_binary,logistic,False,M,M,0.004637343347877243,0.9953626566521228
GSM3426797,GSE121141,liver,control,26.074,sex_binary,logistic,False,M,M,0.0002737321016198502,0.9997262678983801
GSM3426798,GSE121141,liver,control,26.074,sex_binary,logistic,False,M,M,0.00022006324762713358,0.9997799367523729
GSM3426799,GSE121141,liver,control,26.074,sex_binary,logistic,False,M,M,6.072695935888106e-06,0.9999939273040641
GSM3426800,GSE121141,liver,control,43.457,sex_binary,logistic,False,M,M,3.686010607850676e-07,0.9999996313989392
GSM3426801,GSE121141,liver,control,52.149,sex_binary,logistic,False,M,M,0.02908907840130326,0.9709109215986967
GSM3426802,GSE121141,liver,control,52.149,sex_binary,logistic,False,M,M,0.0013026946046809096,0.9986973053953191
GSM3426803,GSE121141,liver,control,52.149,sex_binary,logistic,False,M,M,8.499219483537601e-06,0.9999915007805165
GSM3426804,GSE121141,liver,control,52.149,sex_binary,logistic,False,M,M,0.00045462351360514575,0.9995453764863949
GSM3426805,GSE121141,liver,control,52.149,sex_binary,logistic,False,M,M,0.0007946349896148508,0.9992053650103851
GSM3426806,GSE121141,liver,control,86.914,sex_binary,logistic,False,M,F,0.6671898850302979,0.33281011496970214
GSM3426807,GSE121141,liver,control,86.914,sex_binary,logistic,False,M,M,3.492871902377459e-06,0.9999965071280976
GSM3426808,GSE121141,liver,control,86.914,sex_binary,logistic,False,M,M,0.0012116890921931578,0.9987883109078068
GSM3426809,GSE121141,liver,control,86.914,sex_binary,logistic,False,M,M,0.031820276944403814,0.9681797230555962
GSM3426810,GSE121141,liver,control,86.914,sex_binary,logistic,False,M,M,0.0006928497845711812,0.9993071502154288
GSM3426811,GSE121141,liver,control,130.371,sex_binary,logistic,False,M,M,0.00010866897672867637,0.9998913310232713
GSM3426812,GSE121141,liver,control,130.371,sex_binary,logistic,False,M,M,4.732946582264308e-05,0.9999526705341774
GSM3426813,GSE121141,liver,control,130.371,sex_binary,logistic,False,M,M,1.700507167745613e-06,0.9999982994928323
GSM3426814,GSE121141,liver,control,130.371,sex_binary,logistic,False,M,M,0.00016174294993887006,0.9998382570500611
GSM3426815,GSE121141,lung,control,26.074,sex_binary,logistic,False,M,M,0.0001964219252593713,0.9998035780747406
GSM3426816,GSE121141,lung,control,26.074,sex_binary,logistic,False,M,M,0.0503484554278284,0.9496515445721716
GSM3426817,GSE121141,lung,control,26.074,sex_binary,logistic,False,M,M,0.0010197003566736473,0.9989802996433264
GSM3426818,GSE121141,lung,control,26.074,sex_binary,logistic,False,M,M,0.008572703708156881,0.9914272962918431
GSM3426819,GSE121141,lung,control,26.074,sex_binary,logistic,False,M,M,0.0036580031501090016,0.996341996849891
GSM3426820,GSE121141,lung,control,52.149,sex_binary,logistic,False,M,M,6.099847092000399e-05,0.99993900152908
GSM3426821,GSE121141,lung,control,52.149,sex_binary,logistic,False,M,M,0.005313861059860425,0.9946861389401396
GSM3426822,GSE121141,lung,control,52.149,sex_binary,logistic,False,M,M,0.0033839949549516746,0.9966160050450483
GSM3426823,GSE121141,lung,control,52.149,sex_binary,logistic,False,M,M,0.0001816272772043881,0.9998183727227956
GSM3426824,GSE121141,lung,control,52.149,sex_binary,logistic,False,M,M,0.03842151704293961,0.9615784829570604
GSM3426825,GSE121141,lung,control,86.914,sex_binary,logistic,False,M,M,0.0005927791924331682,0.9994072208075668
GSM3426826,GSE121141,lung,control,86.914,sex_binary,logistic,False,M,M,0.0016332124355064037,0.9983667875644936
GSM3426827,GSE121141,lung,control,86.914,sex_binary,logistic,False,M,M,0.022006938437695522,0.9779930615623045
GSM3426828,GSE121141,lung,control,86.914,sex_binary,logistic,False,M,M,0.00018819646021528413,0.9998118035397847
GSM3426829,GSE121141,lung,control,86.914,sex_binary,logistic,False,M,M,0.0022265180092461145,0.9977734819907539
GSM3426830,GSE121141,lung,control,130.371,sex_binary,logistic,False,M,M,2.4141983825276547e-05,0.9999758580161747
GSM3426831,GSE121141,lung,control,130.371,sex_binary,logistic,False,M,M,0.004574582765797475,0.9954254172342025
GSM3426832,GSE121141,lung,control,130.371,sex_binary,logistic,False,M,M,0.12713688456083339,0.8728631154391666
GSM3426833,GSE121141,lung,control,130.371,sex_binary,logistic,False,M,M,0.0001614072365848651,0.9998385927634151
GSM3426834,GSE121141,lung,control,130.371,sex_binary,logistic,False,M,M,0.0018827076876034576,0.9981172923123965
GSE60012_tile_001,GSE60012,liver,control,3.0,sex_binary,logistic,False,M,F,0.9940131195663523,0.005986880433647662
GSE60012_tile_002,GSE60012,liver,control,8.0,sex_binary,logistic,False,F,F,0.999572285335214,0.0004277146647859491
GSE60012_tile_003,GSE60012,liver,control,8.0,sex_binary,logistic,False,F,F,0.9510530504666445,0.04894694953335554
GSE60012_tile_004,GSE60012,liver,control,8.0,sex_binary,logistic,False,F,M,0.06490296192894152,0.9350970380710585
GSE60012_tile_005,GSE60012,liver,control,8.0,sex_binary,logistic,False,F,F,0.9803133149076634,0.01968668509233667
GSE60012_tile_006,GSE60012,liver,control,8.0,sex_binary,logistic,False,F,F,0.9996524034145545,0.00034759658544551345
GSE60012_tile_007,GSE60012,liver,control,8.0,sex_binary,logistic,False,M,M,0.03612671021081215,0.9638732897891878
GSE60012_tile_008,GSE60012,liver,control,8.0,sex_binary,logistic,False,M,M,0.004379512201474922,0.9956204877985251
GSE60012_tile_009,GSE60012,liver,control,8.0,sex_binary,logistic,False,M,M,0.0793098826412314,0.9206901173587686
GSE60012_tile_010,GSE60012,liver,control,8.0,sex_binary,logistic,False,M,M,0.07527291815248904,0.924727081847511
GSE60012_tile_011,GSE60012,liver,control,8.0,sex_binary,logistic,False,M,F,0.8798193914959528,0.12018060850404726
GSE60012_tile_012,GSE60012,liver,other_intervention,28.0,sex_binary,logistic,False,M,M,0.01768591436225808,0.9823140856377419
GSE60012_tile_013,GSE60012,liver,other_intervention,28.0,sex_binary,logistic,False,M,M,0.0014592546571498,0.9985407453428502
GSE60012_tile_014,GSE60012,liver,other_intervention,28.0,sex_binary,logistic,False,M,M,0.006253495739566461,0.9937465042604335
GSE60012_tile_015,GSE60012,liver,other_intervention,28.0,sex_binary,logistic,False,M,M,0.15044318120406897,0.849556818795931
GSE60012_tile_016,GSE60012,liver,other_intervention,28.0,sex_binary,logistic,False,M,F,0.5977570766470057,0.4022429233529943
GSE60012_tile_017,GSE60012,liver,other_intervention,28.0,sex_binary,logistic,False,M,M,0.031156021412306667,0.9688439785876933
GSE60012_tile_018,GSE60012,liver,other_intervention,28.0,sex_binary,logistic,False,M,M,0.0013168822182820783,0.9986831177817179
GSE60012_tile_019,GSE60012,liver,other_intervention,28.0,sex_binary,logistic,False,M,M,0.31708933827121544,0.6829106617287846
GSE60012_tile_020,GSE60012,liver,other_intervention,28.0,sex_binary,logistic,False,M,M,0.008586209093980113,0.9914137909060199
GSE60012_tile_021,GSE60012,liver,other_intervention,28.0,sex_binary,logistic,False,M,M,0.0007138524331323781,0.9992861475668676
GSE60012_tile_022,GSE60012,liver,other_intervention,28.0,sex_binary,logistic,False,M,F,0.6753628696342329,0.32463713036576713
GSE60012_tile_023,GSE60012,liver,other_intervention,20.0,sex_binary,logistic,False,M,F,0.6055960852948257,0.3944039147051744
GSE60012_tile_024,GSE60012,muscle,other_intervention,20.0,sex_binary,logistic,False,M,M,0.042568763413274535,0.9574312365867255
GSE60012_tile_025,GSE60012,liver,other_intervention,20.0,sex_binary,logistic,False,M,M,0.33025021425992673,0.6697497857400733
GSE60012_tile_026,GSE60012,muscle,other_intervention,20.0,sex_binary,logistic,False,M,M,0.1842168180974898,0.8157831819025102
GSE60012_tile_027,GSE60012,liver,other_intervention,20.0,sex_binary,logistic,False,M,M,0.04452904013760106,0.9554709598623989
GSE60012_tile_028,GSE60012,muscle,other_intervention,20.0,sex_binary,logistic,False,M,M,0.12857036914275188,0.8714296308572481
GSE60012_tile_029,GSE60012,liver,other_intervention,20.0,sex_binary,logistic,False,M,M,0.00960743187780111,0.9903925681221989
GSE60012_tile_030,GSE60012,muscle,other_intervention,20.0,sex_binary,logistic,False,M,F,0.9358208326594262,0.06417916734057384
GSE60012_tile_031,GSE60012,liver,other_intervention,20.0,sex_binary,logistic,False,M,M,0.0015280846921689184,0.9984719153078311
GSE60012_tile_032,GSE60012,muscle,other_intervention,20.0,sex_binary,logistic,False,M,M,0.08777488351184759,0.9122251164881524
GSE60012_tile_033,GSE60012,liver,other_intervention,20.0,sex_binary,logistic,False,M,M,0.30776048078999485,0.6922395192100051
GSE60012_tile_034,GSE60012,muscle,other_intervention,20.0,sex_binary,logistic,False,M,F,0.9680326974725784,0.03196730252742168
GSE60012_tile_035,GSE60012,liver,other_intervention,20.0,sex_binary,logistic,False,M,M,3.8502466831014104e-05,0.999961497533169
GSE60012_tile_036,GSE60012,muscle,other_intervention,20.0,sex_binary,logistic,False,M,M,0.0020875849627406406,0.9979124150372594
GSE60012_tile_037,GSE60012,liver,other_intervention,20.0,sex_binary,logistic,False,M,F,0.9869287007352628,0.013071299264737121
GSE60012_tile_038,GSE60012,muscle,other_intervention,20.0,sex_binary,logistic,False,M,M,0.028369721045268803,0.9716302789547312
GSE60012_tile_039,GSE60012,liver,other_intervention,20.0,sex_binary,logistic,False,M,F,0.9226621837210975,0.0773378162789024
GSE60012_tile_040,GSE60012,muscle,other_intervention,20.0,sex_binary,logistic,False,M,M,0.25146729750300223,0.7485327024969978
GSE60012_tile_041,GSE60012,liver,other_intervention,20.0,sex_binary,logistic,False,M,M,0.015462034518707868,0.9845379654812921
GSE60012_tile_042,GSE60012,liver,other_intervention,20.0,sex_binary,logistic,False,M,M,0.0408050798868399,0.9591949201131601
GSE60012_tile_043,GSE60012,liver,other_intervention,20.0,sex_binary,logistic,False,M,M,0.016862201768906182,0.9831377982310938
GSE60012_tile_044,GSE60012,liver,other_intervention,20.0,sex_binary,logistic,False,M,M,0.0002317801067446279,0.9997682198932554
GSE60012_tile_045,GSE60012,liver,other_intervention,20.0,sex_binary,logistic,False,M,M,0.0005992683540826382,0.9994007316459174
GSE60012_tile_046,GSE60012,liver,other_intervention,20.0,sex_binary,logistic,False,M,M,0.000583916032525722,0.9994160839674743
GSE60012_tile_047,GSE60012,liver,other_intervention,20.0,sex_binary,logistic,False,M,M,0.02433473182292456,0.9756652681770754
GSE60012_tile_048,GSE60012,liver,other_intervention,20.0,sex_binary,logistic,False,M,M,0.0003469823337862721,0.9996530176662137
GSE60012_tile_049,GSE60012,liver,other_intervention,20.0,sex_binary,logistic,False,F,F,0.7637247634347598,0.2362752365652402
GSE60012_tile_050,GSE60012,liver,other_intervention,20.0,sex_binary,logistic,False,F,F,0.8118726020561516,0.18812739794384833
GSE60012_tile_051,GSE60012,liver,other_intervention,20.0,sex_binary,logistic,False,F,F,0.8898386861556045,0.11016131384439555
GSE60012_tile_052,GSE60012,liver,other_intervention,20.0,sex_binary,logistic,False,F,F,0.7335267910558223,0.2664732089441777
GSE60012_tile_053,GSE60012,liver,other_intervention,20.0,sex_binary,logistic,False,F,F,0.714221681238985,0.28577831876101506
GSE60012_tile_054,GSE60012,liver,other_intervention,20.0,sex_binary,logistic,False,F,F,0.9744629464245688,0.02553705357543122
GSE60012_tile_055,GSE60012,liver,other_intervention,20.0,sex_binary,logistic,False,F,F,0.9234985071750026,0.07650149282499741
GSE60012_tile_056,GSE60012,liver,other_intervention,20.0,sex_binary,logistic,False,F,F,0.9724707777478346,0.027529222252165378
GSE60012_tile_057,GSE60012,liver,other_intervention,20.0,sex_binary,logistic,False,F,F,0.8855392861590362,0.11446071384096375
GSE60012_tile_058,GSE60012,liver,other_intervention,20.0,sex_binary,logistic,False,F,M,0.21288070000043735,0.7871192999995626
GSE60012_tile_059,GSE60012,liver,other_intervention,20.0,sex_binary,logistic,False,F,F,0.5131929356373197,0.4868070643626803
GSE60012_tile_060,GSE60012,liver,other_intervention,20.0,sex_binary,logistic,False,F,M,0.29134700931942437,0.7086529906805756
GSE60012_tile_061,GSE60012,liver,other_intervention,20.0,sex_binary,logistic,False,F,F,0.9712859594363901,0.028714040563609943
GSE60012_tile_062,GSE60012,liver,other_intervention,20.0,sex_binary,logistic,False,F,M,0.003304284031938387,0.9966957159680616
GSE60012_tile_063,GSE60012,liver,other_intervention,20.0,sex_binary,logistic,False,F,M,0.04703424045235394,0.9529657595476461
GSE60012_tile_064,GSE60012,liver,other_intervention,28.0,sex_binary,logistic,False,M,M,0.04622942478812897,0.953770575211871
GSE60012_tile_065,GSE60012,liver,other_intervention,28.0,sex_binary,logistic,False,M,M,0.00022719424518724551,0.9997728057548128
GSE60012_tile_066,GSE60012,liver,other_intervention,20.0,sex_binary,logistic,False,M,M,3.597688414080924e-05,0.9999640231158592
GSE60012_tile_067,GSE60012,liver,other_intervention,28.0,sex_binary,logistic,False,M,M,0.0010717617304827343,0.9989282382695173
GSE60012_tile_068,GSE60012,liver,other_intervention,28.0,sex_binary,logistic,False,M,M,0.0012004926656002946,0.9987995073343997
GSE60012_tile_069,GSE60012,brain_cerebellum,control,20.0,sex_binary,logistic,False,F,F,0.9999806594364873,1.9340563512750488e-05
GSE60012_tile_070,GSE60012,liver,control,20.0,sex_binary,logistic,False,F,F,0.9947520698802721,0.005247930119727913
GSE60012_tile_071,GSE60012,brain_cerebellum,control,20.0,sex_binary,logistic,False,F,F,0.9996187800949884,0.0003812199050115622
GSE60012_tile_072,GSE60012,liver,control,20.0,sex_binary,logistic,False,F,F,0.9915273465714628,0.008472653428537157
GSE60012_tile_073,GSE60012,brain_cerebellum,control,20.0,sex_binary,logistic,False,F,F,0.9999457428655889,5.425713441104107e-05
GSE60012_tile_074,GSE60012,liver,control,20.0,sex_binary,logistic,False,F,F,0.9933334141880762,0.006666585811923839
GSE60012_tile_075,GSE60012,brain_cerebellum,control,20.0,sex_binary,logistic,False,F,F,0.9998330487073476,0.00016695129265239218
GSE60012_tile_076,GSE60012,liver,control,20.0,sex_binary,logistic,False,M,F,0.5169452196948232,0.48305478030517685
GSE60012_tile_077,GSE60012,liver,control,20.0,sex_binary,logistic,False,M,M,0.024956689208268434,0.9750433107917316
GSE60012_tile_078,GSE60012,liver,control,20.0,sex_binary,logistic,False,F,F,0.9582252115638474,0.04177478843615251
GSE60012_tile_079,GSE60012,liver,control,20.0,sex_binary,logistic,False,F,M,0.28159473815576375,0.7184052618442363
GSE60012_tile_081,GSE60012,liver,control,20.0,sex_binary,logistic,False,M,M,0.00012270604210518066,0.9998772939578948
GSE60012_tile_082,GSE60012,liver,control,20.0,sex_binary,logistic,False,F,M,0.21356636833768827,0.7864336316623117
GSE60012_tile_083,GSE60012,liver,control,20.0,sex_binary,logistic,False,F,M,0.012161248165929117,0.9878387518340709
GSE60012_tile_084,GSE60012,liver,control,20.0,sex_binary,logistic,False,M,M,2.3482506521954605e-05,0.999976517493478
GSE60012_tile_085,GSE60012,liver,control,20.0,sex_binary,logistic,False,M,M,0.0003779173422370219,0.999622082657763
GSE60012_tile_086,GSE60012,spleen,control,20.0,sex_binary,logistic,False,M,M,0.04749139862893481,0.9525086013710652
GSE60012_tile_087,GSE60012,liver,control,20.0,sex_binary,logistic,False,M,M,0.00178955662223379,0.9982104433777662
GSE60012_tile_088,GSE60012,liver,control,20.0,sex_binary,logistic,False,M,M,0.1922139615419205,0.8077860384580795
GSE60012_tile_089,GSE60012,spleen,control,20.0,sex_binary,logistic,False,M,M,0.017303711602385863,0.9826962883976141
GSE60012_tile_090,GSE60012,spleen,control,20.0,sex_binary,logistic,False,M,M,0.09802289166509759,0.9019771083349024
GSE60012_tile_091,GSE60012,spleen,control,20.0,sex_binary,logistic,False,M,M,0.0004020565632445461,0.9995979434367555
GSE60012_tile_092,GSE60012,spleen,control,20.0,sex_binary,logistic,False,F,M,0.045724940450197704,0.9542750595498023
GSE60012_tile_093,GSE60012,spleen,control,20.0,sex_binary,logistic,False,F,F,0.9708837232508662,0.02911627674913377
GSE60012_tile_094,GSE60012,liver,control,20.0,sex_binary,logistic,False,F,F,0.9844939996933487,0.015506000306651332
GSE60012_tile_095,GSE60012,spleen,control,20.0,sex_binary,logistic,False,F,M,0.003510844889475506,0.9964891551105245
GSE60012_tile_096,GSE60012,spleen,control,20.0,sex_binary,logistic,False,F,F,0.9960677023199552,0.003932297680044787
GSE60012_tile_097,GSE60012,liver,control,1.0,sex_binary,logistic,False,F,M,0.0421420888103361,0.9578579111896639
GSE60012_tile_098,GSE60012,liver,control,1.0,sex_binary,logistic,False,F,M,0.043371032959711786,0.9566289670402882
GSE60012_tile_099,GSE60012,liver,control,1.0,sex_binary,logistic,False,M,F,0.9996430193162575,0.00035698068374245644
GSE60012_tile_100,GSE60012,liver,control,1.0,sex_binary,logistic,False,M,M,0.22923522930983264,0.7707647706901674
GSE60012_tile_101,GSE60012,liver,control,1.0,sex_binary,logistic,False,M,M,0.014700920267646245,0.9852990797323538
GSE60012_tile_102,GSE60012,liver,control,1.0,sex_binary,logistic,False,F,M,0.46163110390269535,0.5383688960973047
GSE60012_tile_103,GSE60012,liver,control,1.0,sex_binary,logistic,False,M,F,0.9693717234247105,0.0306282765752896
GSE60012_tile_104,GSE60012,liver,control,1.0,sex_binary,logistic,False,M,F,0.9403524477841781,0.059647552215821825
GSE60012_tile_105,GSE60012,liver,control,1.0,sex_binary,logistic,False,F,M,0.0009001540030553201,0.9990998459969447
GSE60012_tile_106,GSE60012,liver,control,1.0,sex_binary,logistic,False,F,F,0.688113563138509,0.311886436861491
GSE60012_tile_107,GSE60012,liver,control,3.0,sex_binary,logistic,False,F,F,0.9592737746441248,0.04072622535587523
GSE60012_tile_108,GSE60012,liver,control,3.0,sex_binary,logistic,False,F,F,0.9967393818982889,0.003260618101711103
GSE60012_tile_109,GSE60012,liver,control,3.0,sex_binary,logistic,False,F,F,0.9982522124595812,0.0017477875404188362
GSE60012_tile_110,GSE60012,liver,control,3.0,sex_binary,logistic,False,F,F,0.9701021730408239,0.029897826959176033
GSE60012_tile_111,GSE60012,liver,control,3.0,sex_binary,logistic,False,M,M,0.1997898774247614,0.8002101225752386
GSE60012_tile_112,GSE60012,liver,control,3.0,sex_binary,logistic,False,M,F,0.8329440129268953,0.16705598707310468
GSE60012_tile_113,GSE60012,liver,control,3.0,sex_binary,logistic,False,M,F,0.9989926819999524,0.0010073180000476412
GSE60012_tile_114,GSE60012,liver,control,3.0,sex_binary,logistic,False,M,M,0.02804579905146165,0.9719542009485383
GSE60012_tile_115,GSE60012,spleen,control,1.0,sex_binary,logistic,False,F,F,0.78029012203779,0.21970987796220998
GSE60012_tile_116,GSE60012,liver,other_intervention,31.0,sex_binary,logistic,False,M,M,0.19483997158540844,0.8051600284145916
GSE60012_tile_117,GSE60012,liver,other_intervention,31.0,sex_binary,logistic,False,M,M,0.0034767917273268445,0.9965232082726732
GSE60012_tile_118,GSE60012,liver,other_intervention,31.0,sex_binary,logistic,False,M,M,0.0001526218562432069,0.9998473781437568
GSE60012_tile_119,GSE60012,liver,other_intervention,31.0,sex_binary,logistic,False,M,M,0.11377164837862119,0.8862283516213788
GSE60012_tile_120,GSE60012,liver,control,20.0,sex_binary,logistic,False,M,M,0.00019400903188915297,0.9998059909681108
GSE60012_tile_121,GSE60012,liver,control,20.0,sex_binary,logistic,False,M,M,0.00018758152229059188,0.9998124184777094
GSE60012_tile_122,GSE60012,liver,control,20.0,sex_binary,logistic,False,F,F,0.9999784177577596,2.1582242240395306e-05
GSE60012_tile_123,GSE60012,liver,control,20.0,sex_binary,logistic,False,F,F,0.9864542884589843,0.013545711541015703
GSE60012_tile_124,GSE60012,muscle,control,3.0,sex_binary,logistic,False,M,M,0.029988283300195095,0.9700117166998049
GSE60012_tile_125,GSE60012,muscle,control,3.0,sex_binary,logistic,False,M,F,0.9241942947350745,0.07580570526492543
GSE60012_tile_126,GSE60012,muscle,control,20.0,sex_binary,logistic,False,F,F,0.8656146029088635,0.13438539709113648
GSE60012_tile_127,GSE60012,muscle,control,20.0,sex_binary,logistic,False,F,F,0.9867110619177092,0.01328893808229077
GSE60012_tile_128,GSE60012,muscle,control,20.0,sex_binary,logistic,False,F,F,0.8353520384118039,0.16464796158819608
GSE60012_tile_129,GSE60012,muscle,control,20.0,sex_binary,logistic,False,M,F,0.9362049241288379,0.06379507587116212
GSE60012_tile_130,GSE60012,muscle,control,20.0,sex_binary,logistic,False,F,F,0.9950755391244919,0.004924460875508105
GSE60012_tile_131,GSE60012,muscle,control,20.0,sex_binary,logistic,False,M,F,0.7610759634045382,0.2389240365954618
GSE60012_tile_132,GSE60012,muscle,control,20.0,sex_binary,logistic,False,M,M,0.4824579923902905,0.5175420076097095
GSE60012_tile_133,GSE60012,muscle,control,20.0,sex_binary,logistic,False,M,F,0.613151337656695,0.3868486623433049
GSE60012_tile_134,GSE60012,muscle,control,20.0,sex_binary,logistic,False,M,M,0.09151775301761655,0.9084822469823834
GSE60012_tile_135,GSE60012,muscle,control,20.0,sex_binary,logistic,False,M,F,0.5666919273863681,0.4333080726136319
GSE60012_tile_136,GSE60012,muscle,control,20.0,sex_binary,logistic,False,M,M,0.012256074540316853,0.9877439254596831
GSE60012_tile_137,GSE60012,muscle,control,20.0,sex_binary,logistic,False,M,M,0.005829069093625572,0.9941709309063744
GSE60012_tile_138,GSE60012,muscle,control,20.0,sex_binary,logistic,False,M,M,0.005727431996062071,0.9942725680039379
GSE60012_tile_139,GSE60012,muscle,control,20.0,sex_binary,logistic,False,F,F,0.9983459314020835,0.0016540685979165354
GSE60012_tile_140,GSE60012,muscle,control,20.0,sex_binary,logistic,False,F,F,0.9915332710576388,0.008466728942361218
GSE60012_tile_141,GSE60012,muscle,control,3.0,sex_binary,logistic,False,F,F,0.9726685068938135,0.02733149310618649
GSE60012_tile_142,GSE60012,muscle,control,3.0,sex_binary,logistic,False,F,F,0.9885024015793518,0.011497598420648231
GSE60012_tile_143,GSE60012,muscle,control,3.0,sex_binary,logistic,False,F,F,0.8799079893979129,0.12009201060208702
GSE60012_tile_144,GSE60012,muscle,control,3.0,sex_binary,logistic,False,F,M,0.24459446833699983,0.7554055316630002
GSE60012_tile_145,GSE60012,muscle,control,3.0,sex_binary,logistic,False,F,F,0.9977140311999256,0.00228596880007434
GSE60012_tile_146,GSE60012,muscle,control,3.0,sex_binary,logistic,False,M,F,0.9999730484709132,2.6951529086830307e-05
GSE60012_tile_147,GSE60012,muscle,control,3.0,sex_binary,logistic,False,M,F,0.5927580231003409,0.4072419768996591
GSE60012_tile_148,GSE60012,muscle,control,3.0,sex_binary,logistic,False,M,M,0.20368846384296835,0.7963115361570317
GSE60012_tile_149,GSE60012,brain_cerebellum,control,1.0,sex_binary,logistic,False,M,F,0.9999977584105989,2.2415894010423464e-06
GSE60012_tile_150,GSE60012,brain_cerebellum,control,20.0,sex_binary,logistic,False,M,F,0.9992102488334486,0.0007897511665514608
GSE60012_tile_151,GSE60012,brain_cerebellum,control,20.0,sex_binary,logistic,False,M,M,0.2700314781062152,0.7299685218937848
GSE60012_tile_152,GSE60012,brain_cerebellum,control,1.0,sex_binary,logistic,False,M,F,0.9989326043304609,0.0010673956695390707
GSE60012_tile_153,GSE60012,spleen,control,1.0,sex_binary,logistic,False,M,M,1.3838907131358269e-08,0.9999999861610929
