sample_id,dataset_batch,tissue,intervention,age_weeks,target_id,model_name,randomize_labels,label_true,label_pred,prob_F,prob_M
GSM3394172,GSE120137,adipose,control,86.914,sex_binary,logistic,True,F,F,0.9930404125639254,0.00695958743607461
GSM3394173,GSE120137,adipose,control,86.914,sex_binary,logistic,True,F,F,0.9472918013521103,0.05270819864788969
GSM3394174,GSE120137,adipose,control,86.914,sex_binary,logistic,True,F,F,0.9948625649499419,0.005137435050058177
GSM3394175,GSE120137,adipose,control,86.914,sex_binary,logistic,True,F,F,0.9951366990509367,0.004863300949063274
GSM3394176,GSE120137,adipose,control,86.914,sex_binary,logistic,True,F,M,0.24563546024557215,0.7543645397544279
GSM3394177,GSE120137,adipose,control,86.914,sex_binary,logistic,True,M,F,0.9284976133172215,0.07150238668277857
GSM3394178,GSE120137,adipose,control,86.914,sex_binary,logistic,True,M,F,0.9914224576839726,0.008577542316027316
GSM3394179,GSE120137,adipose,control,86.914,sex_binary,logistic,True,M,F,0.9935083356386093,0.00649166436139068
GSM3394180,GSE120137,adipose,control,86.914,sex_binary,logistic,True,M,F,0.9809643916826205,0.019035608317379455
GSM3394181,GSE120137,adipose,control,86.914,sex_binary,logistic,True,M,M,0.45779041655308506,0.5422095834469149
GSM3394182,GSE120137,adipose,control,86.914,sex_binary,logistic,True,F,F,0.7996451898427235,0.20035481015727657
GSM3394183,GSE120137,adipose,control,86.914,sex_binary,logistic,True,F,F,0.9896750783292866,0.010324921670713394
GSM3394184,GSE120137,adipose,control,86.914,sex_binary,logistic,True,F,F,0.9737340417090039,0.02626595829099609
GSM3394185,GSE120137,adipose,control,86.914,sex_binary,logistic,True,F,M,0.007038969466133471,0.9929610305338665
GSM3394186,GSE120137,adipose,control,86.914,sex_binary,logistic,True,F,F,0.6577016920056693,0.34229830799433075
GSM3394187,GSE120137,adipose,control,86.914,sex_binary,logistic,True,M,F,0.9999922002172357,7.799782764293395e-06
GSM3394188,GSE120137,adipose,control,86.914,sex_binary,logistic,True,M,F,0.9805526510800872,0.019447348919912868
GSM3394189,GSE120137,adipose,control,86.914,sex_binary,logistic,True,M,F,0.9229391998273206,0.0770608001726794
GSM3394190,GSE120137,adipose,control,86.914,sex_binary,logistic,True,M,F,0.9597393401582568,0.040260659841743235
GSM3394191,GSE120137,adipose,control,86.914,sex_binary,logistic,True,M,F,0.9426429404409032,0.05735705955909675
GSM3394192,GSE120137,adipose,control,43.457,sex_binary,logistic,True,F,F,0.9695025714475526,0.030497428552447428
GSM3394193,GSE120137,adipose,control,43.457,sex_binary,logistic,True,F,F,0.9878893685837566,0.012110631416243306
GSM3394194,GSE120137,adipose,control,43.457,sex_binary,logistic,True,F,F,0.9950728247695128,0.004927175230487287
GSM3394195,GSE120137,adipose,control,43.457,sex_binary,logistic,True,F,F,0.9655113799014635,0.03448862009853652
GSM3394196,GSE120137,adipose,control,43.457,sex_binary,logistic,True,F,F,0.9851868655210926,0.014813134478907383
GSM3394197,GSE120137,adipose,control,43.457,sex_binary,logistic,True,M,M,0.3049580190647464,0.6950419809352536
GSM3394198,GSE120137,adipose,control,43.457,sex_binary,logistic,True,M,F,0.9997377375772966,0.0002622624227034391
GSM3394199,GSE120137,adipose,control,43.457,sex_binary,logistic,True,M,F,0.8130837228097192,0.1869162771902808
GSM3394200,GSE120137,adipose,control,43.457,sex_binary,logistic,True,M,M,0.0022842832893262832,0.9977157167106737
GSM3394201,GSE120137,adipose,control,43.457,sex_binary,logistic,True,M,F,0.9997387358408351,0.00026126415916491837
GSM3394202,GSE120137,adipose,control,43.457,sex_binary,logistic,True,F,F,0.9322132477177056,0.06778675228229437
GSM3394203,GSE120137,adipose,control,43.457,sex_binary,logistic,True,F,F,0.9621851047902026,0.03781489520979746
GSM3394204,GSE120137,adipose,control,43.457,sex_binary,logistic,True,F,M,0.07314989808740535,0.9268501019125946
GSM3394205,GSE120137,adipose,control,43.457,sex_binary,logistic,True,F,F,0.8369676195864896,0.16303238041351042
GSM3394206,GSE120137,adipose,control,43.457,sex_binary,logistic,True,F,F,0.7432177715611623,0.2567822284388377
GSM3394207,GSE120137,adipose,control,43.457,sex_binary,logistic,True,M,F,0.9942082904243209,0.005791709575679133
GSM3394208,GSE120137,adipose,control,43.457,sex_binary,logistic,True,M,F,0.5203678879543814,0.4796321120456186
GSM3394209,GSE120137,adipose,control,43.457,sex_binary,logistic,True,M,F,0.6737692778432671,0.32623072215673293
GSM3394210,GSE120137,adipose,control,43.457,sex_binary,logistic,True,M,F,0.7800116907305483,0.21998830926945173
GSM3394211,GSE120137,adipose,control,43.457,sex_binary,logistic,True,M,M,0.42187896880127806,0.5781210311987219
GSM3394212,GSE120137,adipose,control,8.691,sex_binary,logistic,True,F,F,0.8957996352484289,0.10420036475157113
GSM3394213,GSE120137,adipose,control,8.691,sex_binary,logistic,True,F,M,0.1344976062477573,0.8655023937522427
GSM3394214,GSE120137,adipose,control,8.691,sex_binary,logistic,True,F,F,0.9656708123072637,0.03432918769273624
GSM3394215,GSE120137,adipose,control,8.691,sex_binary,logistic,True,F,F,0.7512244023821703,0.24877559761782972
GSM3394216,GSE120137,adipose,control,8.691,sex_binary,logistic,True,F,F,0.96435070715118,0.03564929284882005
GSM3394217,GSE120137,adipose,control,8.691,sex_binary,logistic,True,M,F,0.9993771507426746,0.000622849257325397
GSM3394218,GSE120137,adipose,control,8.691,sex_binary,logistic,True,M,F,0.917113627091751,0.08288637290824896
GSM3394219,GSE120137,adipose,control,8.691,sex_binary,logistic,True,M,F,0.9957790739550636,0.0042209260449364355
GSM3394220,GSE120137,adipose,control,8.691,sex_binary,logistic,True,M,F,0.9484084611309809,0.05159153886901909
GSM3394221,GSE120137,adipose,control,8.691,sex_binary,logistic,True,M,F,0.9892353402236622,0.010764659776337742
GSM3394222,GSE120137,adipose,control,8.691,sex_binary,logistic,True,F,F,0.9883771665153279,0.011622833484672076
GSM3394223,GSE120137,adipose,control,8.691,sex_binary,logistic,True,F,F,0.9556628838103145,0.044337116189685555
GSM3394224,GSE120137,adipose,control,8.691,sex_binary,logistic,True,F,F,0.523649584468088,0.476350415531912
GSM3394225,GSE120137,adipose,control,8.691,sex_binary,logistic,True,F,F,0.9876072734349362,0.012392726565063844
GSM3394226,GSE120137,adipose,control,8.691,sex_binary,logistic,True,F,F,0.9965371560588436,0.003462843941156401
GSM3394227,GSE120137,adipose,control,8.691,sex_binary,logistic,True,M,F,0.891675042200882,0.10832495779911804
GSM3394228,GSE120137,blood,control,86.914,sex_binary,logistic,True,F,M,0.0005110776077802415,0.9994889223922198
GSM3394229,GSE120137,blood,control,86.914,sex_binary,logistic,True,F,M,9.981639510492357e-07,0.999999001836049
GSM3394230,GSE120137,blood,control,86.914,sex_binary,logistic,True,M,M,4.2046323378563955e-06,0.9999957953676621
GSM3394231,GSE120137,blood,control,86.914,sex_binary,logistic,True,M,M,6.943533966008442e-05,0.9999305646603399
GSM3394232,GSE120137,blood,control,86.914,sex_binary,logistic,True,M,M,6.524805173180326e-05,0.9999347519482682
GSM3394233,GSE120137,blood,control,86.914,sex_binary,logistic,True,M,M,8.923079166667236e-07,0.9999991076920833
GSM3394234,GSE120137,blood,control,86.914,sex_binary,logistic,True,M,M,3.085938005131794e-07,0.9999996914061995
GSM3394235,GSE120137,blood,control,86.914,sex_binary,logistic,True,F,M,1.2564900883860197e-05,0.9999874350991161
GSM3394236,GSE120137,blood,control,86.914,sex_binary,logistic,True,F,M,7.534239898632222e-11,0.9999999999246576
GSM3394237,GSE120137,blood,control,86.914,sex_binary,logistic,True,F,M,0.06923171163613762,0.9307682883638624
GSM3394238,GSE120137,blood,control,86.914,sex_binary,logistic,True,F,M,6.716052158850516e-10,0.9999999993283948
GSM3394239,GSE120137,blood,control,86.914,sex_binary,logistic,True,F,M,0.0003931750853534144,0.9996068249146466
GSM3394240,GSE120137,blood,control,86.914,sex_binary,logistic,True,M,F,0.9999981293779372,1.870622062774209e-06
GSM3394241,GSE120137,blood,control,86.914,sex_binary,logistic,True,M,M,9.071071045418932e-07,0.9999990928928955
GSM3394242,GSE120137,blood,control,86.914,sex_binary,logistic,True,M,M,2.846300567638238e-05,0.9999715369943236
GSM3394243,GSE120137,blood,control,86.914,sex_binary,logistic,True,M,M,0.00010517356861905469,0.999894826431381
GSM3394244,GSE120137,blood,control,86.914,sex_binary,logistic,True,M,M,1.5092732832178157e-05,0.9999849072671678
GSM3394245,GSE120137,blood,control,43.457,sex_binary,logistic,True,M,M,6.332537311470876e-05,0.9999366746268853
GSM3394246,GSE120137,blood,control,43.457,sex_binary,logistic,True,F,M,7.961335671824443e-07,0.9999992038664328
GSM3394247,GSE120137,blood,control,43.457,sex_binary,logistic,True,F,M,1.7271036811816742e-07,0.9999998272896319
GSM3394248,GSE120137,blood,control,43.457,sex_binary,logistic,True,F,M,7.172244171160802e-05,0.9999282775582884
GSM3394249,GSE120137,blood,control,43.457,sex_binary,logistic,True,M,M,3.4908947325051898e-06,0.9999965091052675
GSM3394250,GSE120137,blood,control,43.457,sex_binary,logistic,True,M,M,3.6426163927405497e-06,0.9999963573836073
GSM3394251,GSE120137,blood,control,43.457,sex_binary,logistic,True,M,M,2.2846803390152992e-05,0.9999771531966098
GSM3394252,GSE120137,blood,control,43.457,sex_binary,logistic,True,M,M,1.9054083668090804e-05,0.9999809459163319
GSM3394253,GSE120137,blood,control,43.457,sex_binary,logistic,True,M,M,3.2346484926115693e-06,0.9999967653515074
GSM3394254,GSE120137,blood,control,8.691,sex_binary,logistic,True,F,M,0.0003800021189291902,0.9996199978810708
GSM3394255,GSE120137,blood,control,8.691,sex_binary,logistic,True,F,M,0.0012973573841754682,0.9987026426158245
GSM3394256,GSE120137,blood,control,8.691,sex_binary,logistic,True,M,M,7.698510766651623e-07,0.9999992301489233
GSM3394257,GSE120137,blood,control,8.691,sex_binary,logistic,True,M,M,3.4762260181508964e-07,0.9999996523773982
GSM3394258,GSE120137,blood,control,8.691,sex_binary,logistic,True,M,M,2.466021250846495e-05,0.9999753397874915
GSM3394259,GSE120137,blood,control,8.691,sex_binary,logistic,True,M,M,6.175798189511639e-07,0.999999382420181
GSM3394260,GSE120137,blood,control,92.462,sex_binary,logistic,True,F,M,1.377934038870876e-06,0.9999986220659611
GSM3394261,GSE120137,blood,control,92.462,sex_binary,logistic,True,F,M,3.404953214825035e-06,0.9999965950467852
GSM3394262,GSE120137,blood,control,92.462,sex_binary,logistic,True,F,M,0.0004036184747286953,0.9995963815252713
GSM3394263,GSE120137,blood,control,92.462,sex_binary,logistic,True,F,M,0.0004524245911771141,0.9995475754088229
GSM3394264,GSE120137,blood,control,92.462,sex_binary,logistic,True,F,M,4.927168148083361e-05,0.9999507283185192
GSM3394265,GSE120137,blood,control,79.106,sex_binary,logistic,True,M,M,4.8185655081800505e-05,0.9999518143449182
GSM3394266,GSE120137,blood,control,79.106,sex_binary,logistic,True,M,M,2.0576372927738618e-07,0.9999997942362707
GSM3394267,GSE120137,blood,control,79.106,sex_binary,logistic,True,M,M,1.1407149590914045e-05,0.9999885928504091
GSM3394268,GSE120137,blood,control,79.106,sex_binary,logistic,True,M,M,0.00371759077708389,0.9962824092229161
GSM3394269,GSE120137,blood,control,79.106,sex_binary,logistic,True,M,M,0.003555573536683676,0.9964444264633163
GSM3394270,GSE120137,blood,control,48.286,sex_binary,logistic,True,F,M,2.688036262332716e-05,0.9999731196373767
GSM3394271,GSE120137,blood,control,48.286,sex_binary,logistic,True,F,M,1.2057023278999601e-05,0.999987942976721
GSM3394272,GSE120137,blood,control,48.286,sex_binary,logistic,True,F,M,5.206405351287913e-07,0.9999994793594649
GSM3394273,GSE120137,blood,control,48.286,sex_binary,logistic,True,F,M,2.8257765341210828e-05,0.9999717422346588
GSM3394274,GSE120137,blood,control,48.286,sex_binary,logistic,True,F,M,7.137954569791383e-05,0.9999286204543021
GSM3394275,GSE120137,blood,control,48.286,sex_binary,logistic,True,M,M,3.4918821097962294e-06,0.9999965081178902
GSM3394276,GSE120137,blood,control,48.286,sex_binary,logistic,True,M,M,7.647562916490713e-06,0.9999923524370835
GSM3394277,GSE120137,blood,control,48.286,sex_binary,logistic,True,M,M,3.4153126522440402e-06,0.9999965846873478
GSM3394278,GSE120137,blood,control,48.286,sex_binary,logistic,True,M,M,9.404806638468877e-05,0.9999059519336153
GSM3394279,GSE120137,blood,control,48.286,sex_binary,logistic,True,M,M,2.3601776903969807e-06,0.9999976398223096
GSM3394280,GSE120137,blood,control,10.274,sex_binary,logistic,True,F,M,8.534478918886812e-05,0.9999146552108111
GSM3394281,GSE120137,blood,control,10.274,sex_binary,logistic,True,F,M,2.8355385123801646e-05,0.9999716446148762
GSM3394282,GSE120137,blood,control,10.274,sex_binary,logistic,True,F,M,1.1178259038735483e-05,0.9999888217409613
GSM3394283,GSE120137,blood,control,10.274,sex_binary,logistic,True,F,M,2.371041675330865e-06,0.9999976289583247
GSM3394284,GSE120137,blood,control,10.274,sex_binary,logistic,True,F,M,0.00037437754473734763,0.9996256224552627
GSM3394285,GSE120137,blood,control,11.301,sex_binary,logistic,True,M,M,0.0008804494345842073,0.9991195505654158
GSM3394286,GSE120137,blood,control,11.301,sex_binary,logistic,True,M,M,0.007876209838385884,0.9921237901616141
GSM3394287,GSE120137,blood,control,11.301,sex_binary,logistic,True,M,M,1.063799719980274e-06,0.99999893620028
GSM3394288,GSE120137,blood,control,11.301,sex_binary,logistic,True,M,M,0.00011808318380002181,0.9998819168162
GSM3394289,GSE120137,blood,control,11.301,sex_binary,logistic,True,M,M,3.7147041517249235e-06,0.9999962852958483
GSM3394290,GSE120137,blood,control,7.192,sex_binary,logistic,True,F,M,0.0014856679474449797,0.998514332052555
GSM3394291,GSE120137,blood,control,7.192,sex_binary,logistic,True,F,M,1.2903864288205114e-07,0.9999998709613571
GSM3394292,GSE120137,blood,control,7.192,sex_binary,logistic,True,F,M,1.9977675431714914e-06,0.9999980022324568
GSM3394293,GSE120137,blood,control,7.192,sex_binary,logistic,True,F,M,3.208600483750601e-06,0.9999967913995162
GSM3394294,GSE120137,blood,control,7.192,sex_binary,logistic,True,F,M,0.00010067370081690008,0.9998993262991831
GSM3394295,GSE120137,blood,control,7.192,sex_binary,logistic,True,M,M,3.1771552604364928e-06,0.9999968228447396
GSM3394296,GSE120137,blood,control,7.192,sex_binary,logistic,True,M,M,5.634572364243695e-09,0.9999999943654276
GSM3394297,GSE120137,blood,control,7.192,sex_binary,logistic,True,M,M,5.587336276868804e-06,0.9999944126637231
GSM3394298,GSE120137,blood,control,7.192,sex_binary,logistic,True,M,M,1.9258919333298152e-05,0.9999807410806667
GSM3394299,GSE120137,blood,control,7.192,sex_binary,logistic,True,M,M,2.807254273484716e-07,0.9999997192745727
GSM3394300,GSE120137,kidney,control,86.914,sex_binary,logistic,True,F,M,0.22309383683274653,0.7769061631672535
GSM3394301,GSE120137,kidney,control,86.914,sex_binary,logistic,True,F,M,1.081085430354456e-05,0.9999891891456965
GSM3394302,GSE120137,kidney,control,86.914,sex_binary,logistic,True,F,F,0.6557629069016238,0.3442370930983762
GSM3394303,GSE120137,kidney,control,86.914,sex_binary,logistic,True,F,M,0.004091389268062184,0.9959086107319378
GSM3394304,GSE120137,kidney,control,86.914,sex_binary,logistic,True,F,F,0.8315205281169067,0.16847947188309334
GSM3394305,GSE120137,kidney,control,86.914,sex_binary,logistic,True,M,M,0.019428533033518214,0.9805714669664818
GSM3394306,GSE120137,kidney,control,86.914,sex_binary,logistic,True,M,M,0.0001786958307689046,0.9998213041692311
GSM3394307,GSE120137,kidney,control,86.914,sex_binary,logistic,True,M,M,0.003792203899990243,0.9962077961000098
GSM3394308,GSE120137,kidney,control,86.914,sex_binary,logistic,True,M,M,0.000691931646566224,0.9993080683534338
GSM3394309,GSE120137,kidney,control,86.914,sex_binary,logistic,True,M,M,0.0012563263528670987,0.9987436736471329
GSM3394310,GSE120137,kidney,control,86.914,sex_binary,logistic,True,F,M,1.163968194084486e-05,0.9999883603180592
GSM3394311,GSE120137,kidney,control,86.914,sex_binary,logistic,True,F,M,0.000276730662106206,0.9997232693378938
GSM3394312,GSE120137,kidney,control,86.914,sex_binary,logistic,True,F,M,0.0012295815108733787,0.9987704184891266
GSM3394313,GSE120137,kidney,control,86.914,sex_binary,logistic,True,F,M,0.015752649372193672,0.9842473506278063
GSM3394314,GSE120137,kidney,control,86.914,sex_binary,logistic,True,F,M,4.1056143480378005e-05,0.9999589438565196
GSM3394315,GSE120137,kidney,control,86.914,sex_binary,logistic,True,M,M,1.930195481492092e-05,0.9999806980451851
GSM3394316,GSE120137,kidney,control,86.914,sex_binary,logistic,True,M,M,0.003521463070004116,0.9964785369299959
GSM3394317,GSE120137,kidney,control,86.914,sex_binary,logistic,True,M,M,0.0037157200239706922,0.9962842799760293
GSM3394318,GSE120137,kidney,control,86.914,sex_binary,logistic,True,M,F,0.9398801068424117,0.06011989315758826
GSM3394319,GSE120137,kidney,control,86.914,sex_binary,logistic,True,M,F,0.9244380686872147,0.07556193131278528
GSM3394320,GSE120137,kidney,control,43.457,sex_binary,logistic,True,F,M,0.03760262803584802,0.962397371964152
GSM3394321,GSE120137,kidney,control,43.457,sex_binary,logistic,True,F,F,0.9549710654625021,0.04502893453749787
GSM3394322,GSE120137,kidney,control,43.457,sex_binary,logistic,True,F,M,0.005094763937209534,0.9949052360627905
GSM3394323,GSE120137,kidney,control,43.457,sex_binary,logistic,True,F,M,0.007112251978762862,0.9928877480212371
GSM3394324,GSE120137,kidney,control,43.457,sex_binary,logistic,True,F,M,0.46830898056747605,0.531691019432524
GSM3394325,GSE120137,kidney,control,43.457,sex_binary,logistic,True,M,M,0.0042481120224905355,0.9957518879775095
GSM3394326,GSE120137,kidney,control,43.457,sex_binary,logistic,True,M,F,0.9995110456160573,0.0004889543839426772
GSM3394327,GSE120137,kidney,control,43.457,sex_binary,logistic,True,M,F,0.9981533373245581,0.0018466626754419034
GSM3394328,GSE120137,kidney,control,43.457,sex_binary,logistic,True,M,M,1.928522230798535e-09,0.9999999980714778
GSM3394329,GSE120137,kidney,control,43.457,sex_binary,logistic,True,F,F,0.6577583143239782,0.3422416856760217
GSM3394330,GSE120137,kidney,control,43.457,sex_binary,logistic,True,F,F,0.6662315770779241,0.3337684229220759
GSM3394331,GSE120137,kidney,control,43.457,sex_binary,logistic,True,F,F,0.7941937380075184,0.20580626199248162
GSM3394332,GSE120137,kidney,control,43.457,sex_binary,logistic,True,F,F,0.9284935148471042,0.07150648515289579
GSM3394333,GSE120137,kidney,control,43.457,sex_binary,logistic,True,F,M,0.013703903795845074,0.9862960962041549
GSM3394334,GSE120137,kidney,control,43.457,sex_binary,logistic,True,M,M,0.0005187234519586914,0.9994812765480413
GSM3394335,GSE120137,kidney,control,43.457,sex_binary,logistic,True,M,M,3.2954635088566775e-06,0.9999967045364911
GSM3394336,GSE120137,kidney,control,43.457,sex_binary,logistic,True,M,M,0.3623783409481506,0.6376216590518494
GSM3394337,GSE120137,kidney,control,43.457,sex_binary,logistic,True,M,F,0.9914511871479068,0.008548812852093223
GSM3394338,GSE120137,kidney,control,43.457,sex_binary,logistic,True,M,M,4.7769506241079895e-05,0.9999522304937589
GSM3394339,GSE120137,kidney,control,8.691,sex_binary,logistic,True,F,M,4.1680799256482715e-08,0.9999999583192007
GSM3394340,GSE120137,kidney,control,8.691,sex_binary,logistic,True,F,M,1.9416029117813594e-08,0.9999999805839709
GSM3394341,GSE120137,kidney,control,8.691,sex_binary,logistic,True,F,M,0.00012098441023999928,0.99987901558976
GSM3394342,GSE120137,kidney,control,8.691,sex_binary,logistic,True,F,M,0.43019646359884844,0.5698035364011516
GSM3394343,GSE120137,kidney,control,8.691,sex_binary,logistic,True,F,M,0.14405029197788966,0.8559497080221103
GSM3394344,GSE120137,kidney,control,8.691,sex_binary,logistic,True,M,M,3.4871505020350746e-05,0.9999651284949796
GSM3394345,GSE120137,kidney,control,8.691,sex_binary,logistic,True,M,M,0.3997702236301125,0.6002297763698875
GSM3394346,GSE120137,kidney,control,8.691,sex_binary,logistic,True,M,M,0.24928203290543272,0.7507179670945673
GSM3394347,GSE120137,kidney,control,8.691,sex_binary,logistic,True,M,M,0.008533938273516783,0.9914660617264832
GSM3394348,GSE120137,kidney,control,8.691,sex_binary,logistic,True,M,M,0.10568422479473516,0.8943157752052648
GSM3394349,GSE120137,kidney,control,8.691,sex_binary,logistic,True,F,M,0.00040435195289167947,0.9995956480471083
GSM3394350,GSE120137,kidney,control,8.691,sex_binary,logistic,True,F,F,0.6910700776839211,0.3089299223160789
GSM3394351,GSE120137,kidney,control,8.691,sex_binary,logistic,True,F,M,0.04767972475991933,0.9523202752400807
GSM3394352,GSE120137,kidney,control,8.691,sex_binary,logistic,True,F,F,0.9697428544232669,0.030257145576733147
GSM3394353,GSE120137,kidney,control,8.691,sex_binary,logistic,True,M,F,0.6173562295138866,0.3826437704861134
GSM3394354,GSE120137,liver,control,86.914,sex_binary,logistic,True,F,F,0.9540263224196823,0.04597367758031765
GSM3394355,GSE120137,liver,control,86.914,sex_binary,logistic,True,F,M,0.14833461223850763,0.8516653877614924
GSM3394356,GSE120137,liver,control,86.914,sex_binary,logistic,True,F,M,0.0947875313602482,0.9052124686397518
GSM3394357,GSE120137,liver,control,86.914,sex_binary,logistic,True,F,M,0.05266291176329019,0.9473370882367098
GSM3394358,GSE120137,liver,control,86.914,sex_binary,logistic,True,F,F,0.8987827065074339,0.10121729349256608
GSM3394359,GSE120137,liver,control,86.914,sex_binary,logistic,True,M,F,0.9427707504412179,0.05722924955878203
GSM3394360,GSE120137,liver,control,86.914,sex_binary,logistic,True,M,F,0.9967762169699423,0.00322378303005762
GSM3394361,GSE120137,liver,control,86.914,sex_binary,logistic,True,M,M,0.07377793631938878,0.9262220636806112
GSM3394362,GSE120137,liver,control,86.914,sex_binary,logistic,True,M,M,0.005515522053044952,0.994484477946955
GSM3394363,GSE120137,liver,control,86.914,sex_binary,logistic,True,M,M,0.14973315393416686,0.8502668460658331
GSM3394364,GSE120137,liver,control,86.914,sex_binary,logistic,True,F,F,0.9735226678541086,0.0264773321458914
GSM3394365,GSE120137,liver,control,86.914,sex_binary,logistic,True,F,M,0.1581672342722259,0.8418327657277741
GSM3394366,GSE120137,liver,control,86.914,sex_binary,logistic,True,F,F,0.9627211383772086,0.03727886162279142
GSM3394367,GSE120137,liver,control,86.914,sex_binary,logistic,True,F,F,0.9270382817883462,0.07296171821165377
GSM3394368,GSE120137,liver,control,86.914,sex_binary,logistic,True,F,F,0.6491039376872252,0.35089606231277476
GSM3394369,GSE120137,liver,control,86.914,sex_binary,logistic,True,M,F,0.9383320531467592,0.061667946853240806
GSM3394370,GSE120137,liver,control,86.914,sex_binary,logistic,True,M,F,0.9418172892011082,0.05818271079889186
GSM3394371,GSE120137,liver,control,86.914,sex_binary,logistic,True,M,F,0.9997479041291187,0.00025209587088130113
GSM3394372,GSE120137,liver,control,86.914,sex_binary,logistic,True,M,F,0.9934653706193044,0.0065346293806955915
GSM3394373,GSE120137,liver,control,86.914,sex_binary,logistic,True,M,F,0.9937080092600973,0.006291990739902682
GSM3394374,GSE120137,liver,control,43.457,sex_binary,logistic,True,F,F,0.9943960524170925,0.005603947582907454
GSM3394375,GSE120137,liver,control,43.457,sex_binary,logistic,True,F,F,0.9964723383880816,0.0035276616119184596
GSM3394376,GSE120137,liver,control,43.457,sex_binary,logistic,True,F,F,0.9898035934993095,0.010196406500690576
GSM3394377,GSE120137,liver,control,43.457,sex_binary,logistic,True,F,F,0.5255795749432972,0.47442042505670284
GSM3394378,GSE120137,liver,control,43.457,sex_binary,logistic,True,F,F,0.9998472036426069,0.00015279635739306053
GSM3394379,GSE120137,liver,control,43.457,sex_binary,logistic,True,M,F,0.9976268502648172,0.002373149735182716
GSM3394380,GSE120137,liver,control,43.457,sex_binary,logistic,True,M,M,0.011973631364346038,0.988026368635654
GSM3394381,GSE120137,liver,control,43.457,sex_binary,logistic,True,M,F,0.8267519636754977,0.17324803632450228
GSM3394382,GSE120137,liver,control,43.457,sex_binary,logistic,True,M,M,0.005298010011851151,0.9947019899881488
GSM3394383,GSE120137,liver,control,43.457,sex_binary,logistic,True,M,F,0.988562180402346,0.01143781959765396
GSM3394384,GSE120137,liver,control,43.457,sex_binary,logistic,True,F,F,0.579899843327129,0.42010015667287104
GSM3394385,GSE120137,liver,control,43.457,sex_binary,logistic,True,F,F,0.8485642145534618,0.1514357854465382
GSM3394386,GSE120137,liver,control,43.457,sex_binary,logistic,True,F,F,0.9706272164150045,0.029372783584995517
GSM3394387,GSE120137,liver,control,43.457,sex_binary,logistic,True,F,F,0.999992534742636,7.46525736398434e-06
GSM3394388,GSE120137,liver,control,43.457,sex_binary,logistic,True,F,F,0.9939689438122543,0.006031056187745734
GSM3394389,GSE120137,liver,control,43.457,sex_binary,logistic,True,M,F,0.9999999990477597,9.522402906520279e-10
GSM3394390,GSE120137,liver,control,43.457,sex_binary,logistic,True,M,F,0.996596503775132,0.0034034962248679873
GSM3394391,GSE120137,liver,control,43.457,sex_binary,logistic,True,M,M,0.004138557640676943,0.9958614423593231
GSM3394392,GSE120137,liver,control,43.457,sex_binary,logistic,True,M,F,0.9962596832221482,0.003740316777851818
GSM3394393,GSE120137,liver,control,43.457,sex_binary,logistic,True,M,F,0.9953942716537654,0.004605728346234614
GSM3394394,GSE120137,liver,control,8.691,sex_binary,logistic,True,F,M,0.1724230914143643,0.8275769085856357
GSM3394395,GSE120137,liver,control,8.691,sex_binary,logistic,True,F,F,0.9955333640402442,0.004466635959755836
GSM3394396,GSE120137,liver,control,8.691,sex_binary,logistic,True,F,M,0.05823910291830181,0.9417608970816982
GSM3394397,GSE120137,liver,control,8.691,sex_binary,logistic,True,F,M,0.43313044134478373,0.5668695586552163
GSM3394398,GSE120137,liver,control,8.691,sex_binary,logistic,True,F,F,0.998486743500589,0.0015132564994110075
GSM3394399,GSE120137,liver,control,8.691,sex_binary,logistic,True,M,F,0.9211966853364112,0.07880331466358885
GSM3394400,GSE120137,liver,control,8.691,sex_binary,logistic,True,M,F,0.817665115611718,0.18233488438828205
GSM3394401,GSE120137,liver,control,8.691,sex_binary,logistic,True,M,M,0.00671326634085323,0.9932867336591468
GSM3394402,GSE120137,liver,control,8.691,sex_binary,logistic,True,M,F,0.9924257094274923,0.0075742905725077045
GSM3394403,GSE120137,liver,control,8.691,sex_binary,logistic,True,M,F,0.9125299657391183,0.08747003426088172
GSM3394404,GSE120137,liver,control,8.691,sex_binary,logistic,True,F,F,0.9999867390025529,1.3260997447086225e-05
GSM3394405,GSE120137,liver,control,8.691,sex_binary,logistic,True,F,F,0.999978773342953,2.12266570469819e-05
GSM3394406,GSE120137,liver,control,8.691,sex_binary,logistic,True,F,F,0.9998416742018307,0.000158325798169293
GSM3394407,GSE120137,liver,control,8.691,sex_binary,logistic,True,F,F,0.9959844980244245,0.004015501975575555
GSM3394408,GSE120137,liver,control,8.691,sex_binary,logistic,True,F,F,0.9490031129608962,0.050996887039103746
GSM3394409,GSE120137,liver,control,8.691,sex_binary,logistic,True,M,F,0.9218674127308809,0.07813258726911912
GSM3394410,GSE120137,liver,control,8.691,sex_binary,logistic,True,M,F,0.9999347236782056,6.527632179439967e-05
GSM3394411,GSE120137,liver,control,8.691,sex_binary,logistic,True,M,F,0.9997845764765694,0.00021542352343062785
GSM3394412,GSE120137,liver,control,8.691,sex_binary,logistic,True,M,F,0.8796451788347379,0.12035482116526208
GSM3394413,GSE120137,liver,control,8.691,sex_binary,logistic,True,M,F,0.8616448981339657,0.13835510186603434
GSM3394414,GSE120137,lung,control,86.914,sex_binary,logistic,True,F,M,0.0017208639191303998,0.9982791360808696
GSM3394415,GSE120137,lung,control,86.914,sex_binary,logistic,True,F,M,0.002576351192331461,0.9974236488076685
GSM3394416,GSE120137,lung,control,86.914,sex_binary,logistic,True,F,F,0.8723775813140651,0.12762241868593496
GSM3394417,GSE120137,lung,control,86.914,sex_binary,logistic,True,F,F,0.9966343169903181,0.0033656830096819037
GSM3394418,GSE120137,lung,control,86.914,sex_binary,logistic,True,F,M,0.033783400414673315,0.9662165995853267
GSM3394419,GSE120137,lung,control,86.914,sex_binary,logistic,True,M,M,0.011626850435475511,0.9883731495645245
GSM3394420,GSE120137,lung,control,86.914,sex_binary,logistic,True,M,M,4.912874919038579e-05,0.9999508712508096
GSM3394421,GSE120137,lung,control,86.914,sex_binary,logistic,True,M,M,0.033052852351862394,0.9669471476481376
GSM3394422,GSE120137,lung,control,86.914,sex_binary,logistic,True,M,M,0.012791543921850779,0.9872084560781492
GSM3394423,GSE120137,lung,control,86.914,sex_binary,logistic,True,M,M,0.05543725480772843,0.9445627451922716
GSM3394424,GSE120137,lung,control,86.914,sex_binary,logistic,True,F,M,0.02647007959480574,0.9735299204051943
GSM3394425,GSE120137,lung,control,86.914,sex_binary,logistic,True,F,M,0.019587177380482212,0.9804128226195178
GSM3394426,GSE120137,lung,control,86.914,sex_binary,logistic,True,F,M,0.11084285431406116,0.8891571456859388
GSM3394427,GSE120137,lung,control,86.914,sex_binary,logistic,True,F,F,0.9957978689927011,0.0042021310072989405
GSM3394428,GSE120137,lung,control,86.914,sex_binary,logistic,True,F,M,0.054300760962342265,0.9456992390376577
GSM3394429,GSE120137,lung,control,86.914,sex_binary,logistic,True,M,M,2.6090550550694758e-05,0.9999739094494493
GSM3394430,GSE120137,lung,control,86.914,sex_binary,logistic,True,M,M,0.02789026874841949,0.9721097312515805
GSM3394431,GSE120137,lung,control,86.914,sex_binary,logistic,True,M,M,0.1025426145963847,0.8974573854036153
GSM3394432,GSE120137,lung,control,86.914,sex_binary,logistic,True,M,F,0.9742874368854713,0.025712563114528776
GSM3394433,GSE120137,lung,control,86.914,sex_binary,logistic,True,M,F,0.9853784596046259,0.014621540395374062
GSM3394434,GSE120137,lung,control,43.457,sex_binary,logistic,True,F,M,0.006995703474667603,0.9930042965253324
GSM3394435,GSE120137,lung,control,43.457,sex_binary,logistic,True,F,M,0.0005653293015389638,0.999434670698461
GSM3394436,GSE120137,lung,control,43.457,sex_binary,logistic,True,F,M,6.341986787172793e-05,0.9999365801321283
GSM3394437,GSE120137,lung,control,43.457,sex_binary,logistic,True,F,F,0.6623033177617677,0.33769668223823235
GSM3394438,GSE120137,lung,control,43.457,sex_binary,logistic,True,F,F,0.993104413641958,0.006895586358041972
GSM3394439,GSE120137,lung,control,43.457,sex_binary,logistic,True,M,M,0.0002775901449855178,0.9997224098550145
GSM3394440,GSE120137,lung,control,43.457,sex_binary,logistic,True,M,F,0.8396835344909743,0.16031646550902562
GSM3394441,GSE120137,lung,control,43.457,sex_binary,logistic,True,M,F,0.7275382381591065,0.27246176184089355
GSM3394442,GSE120137,lung,control,43.457,sex_binary,logistic,True,M,F,0.9996071995273431,0.00039280047265686
GSM3394443,GSE120137,lung,control,43.457,sex_binary,logistic,True,M,M,0.000545886892551195,0.9994541131074488
GSM3394444,GSE120137,lung,control,43.457,sex_binary,logistic,True,F,M,0.4045383285642765,0.5954616714357235
GSM3394445,GSE120137,lung,control,43.457,sex_binary,logistic,True,F,M,0.005080941377697545,0.9949190586223025
GSM3394446,GSE120137,lung,control,43.457,sex_binary,logistic,True,F,F,0.9803347793933911,0.01966522060660892
GSM3394447,GSE120137,lung,control,43.457,sex_binary,logistic,True,F,M,0.0005666444481922106,0.9994333555518078
GSM3394448,GSE120137,lung,control,43.457,sex_binary,logistic,True,F,F,0.9482939701104326,0.051706029889567406
GSM3394449,GSE120137,lung,control,43.457,sex_binary,logistic,True,M,M,4.752093099025245e-07,0.9999995247906901
GSM3394450,GSE120137,lung,control,43.457,sex_binary,logistic,True,M,M,6.777367041088667e-05,0.9999322263295891
GSM3394451,GSE120137,lung,control,43.457,sex_binary,logistic,True,M,M,0.008671367297166,0.991328632702834
GSM3394452,GSE120137,lung,control,43.457,sex_binary,logistic,True,M,F,0.9962545654696167,0.003745434530383328
GSM3394453,GSE120137,lung,control,43.457,sex_binary,logistic,True,M,M,0.28174058787336675,0.7182594121266332
GSM3394454,GSE120137,lung,control,8.691,sex_binary,logistic,True,F,F,0.7721987154116229,0.22780128458837715
GSM3394455,GSE120137,lung,control,8.691,sex_binary,logistic,True,F,F,0.9997452886209042,0.0002547113790958123
GSM3394456,GSE120137,lung,control,8.691,sex_binary,logistic,True,M,F,0.9997597050755282,0.00024029492447176672
GSM3394457,GSE120137,lung,control,8.691,sex_binary,logistic,True,M,M,0.060958838933526716,0.9390411610664733
GSM3394458,GSE120137,lung,control,8.691,sex_binary,logistic,True,M,F,0.5797368210618716,0.4202631789381283
GSM3394459,GSE120137,lung,control,8.691,sex_binary,logistic,True,M,M,0.0056504541167795574,0.9943495458832204
GSM3394460,GSE120137,lung,control,8.691,sex_binary,logistic,True,M,F,0.9986534644451708,0.0013465355548291894
GSM3394461,GSE120137,lung,control,8.691,sex_binary,logistic,True,F,M,0.00919323115936621,0.9908067688406338
GSM3394462,GSE120137,lung,control,8.691,sex_binary,logistic,True,F,F,0.9999978324991782,2.1675008218717133e-06
GSM3394463,GSE120137,lung,control,8.691,sex_binary,logistic,True,F,M,1.613160740898678e-05,0.999983868392591
GSM3394464,GSE120137,lung,control,8.691,sex_binary,logistic,True,F,M,0.2035173595122517,0.7964826404877483
GSM3394465,GSE120137,lung,control,8.691,sex_binary,logistic,True,F,F,0.6659955293712773,0.33400447062872274
GSM3394466,GSE120137,lung,control,8.691,sex_binary,logistic,True,M,M,0.0005113425342446742,0.9994886574657553
GSM3394467,GSE120137,lung,control,8.691,sex_binary,logistic,True,M,M,0.4309723620752314,0.5690276379247686
GSM3394468,GSE120137,lung,control,8.691,sex_binary,logistic,True,M,F,0.9965380263021373,0.0034619736978626896
GSM3394469,GSE120137,lung,control,8.691,sex_binary,logistic,True,M,F,0.928303588029521,0.0716964119704791
GSM3394470,GSE120137,lung,control,8.691,sex_binary,logistic,True,M,F,0.7253618803719575,0.27463811962804247
GSM3394471,GSE120137,muscle,control,86.914,sex_binary,logistic,True,F,M,0.051698913306701066,0.9483010866932989
GSM3394472,GSE120137,muscle,control,86.914,sex_binary,logistic,True,F,F,0.9987292818618323,0.0012707181381676946
GSM3394473,GSE120137,muscle,control,86.914,sex_binary,logistic,True,F,M,0.02523481802009475,0.9747651819799052
GSM3394474,GSE120137,muscle,control,86.914,sex_binary,logistic,True,F,F,0.9607778576205733,0.03922214237942666
GSM3394475,GSE120137,muscle,control,86.914,sex_binary,logistic,True,F,F,0.9999731542206477,2.6845779352300714e-05
GSM3394476,GSE120137,muscle,control,86.914,sex_binary,logistic,True,M,M,0.0035465540528252237,0.9964534459471748
GSM3394477,GSE120137,muscle,control,86.914,sex_binary,logistic,True,M,F,0.9978861502597354,0.00211384974026459
GSM3394478,GSE120137,muscle,control,86.914,sex_binary,logistic,True,M,M,0.3183220483950764,0.6816779516049236
GSM3394479,GSE120137,muscle,control,86.914,sex_binary,logistic,True,M,F,0.9982474282598721,0.001752571740127858
GSM3394480,GSE120137,muscle,control,86.914,sex_binary,logistic,True,M,F,0.9782859603064359,0.021714039693564148
GSM3394481,GSE120137,muscle,control,86.914,sex_binary,logistic,True,F,M,0.044967860412770566,0.9550321395872294
GSM3394482,GSE120137,muscle,control,86.914,sex_binary,logistic,True,F,F,0.9327172064143051,0.06728279358569493
GSM3394483,GSE120137,muscle,control,86.914,sex_binary,logistic,True,F,F,0.8721342032658099,0.12786579673419002
GSM3394484,GSE120137,muscle,control,86.914,sex_binary,logistic,True,F,F,0.9891322293362744,0.010867770663725589
GSM3394485,GSE120137,muscle,control,86.914,sex_binary,logistic,True,F,F,0.8725485820816556,0.1274514179183443
GSM3394486,GSE120137,muscle,control,86.914,sex_binary,logistic,True,M,F,0.9039587030117884,0.09604129698821162
GSM3394487,GSE120137,muscle,control,86.914,sex_binary,logistic,True,M,M,0.006232168393195625,0.9937678316068044
GSM3394488,GSE120137,muscle,control,86.914,sex_binary,logistic,True,M,F,0.8802693594392544,0.11973064056074557
GSM3394489,GSE120137,muscle,control,86.914,sex_binary,logistic,True,M,F,0.5832586565370557,0.4167413434629443
GSM3394490,GSE120137,muscle,control,86.914,sex_binary,logistic,True,M,M,8.691781095326867e-05,0.9999130821890467
GSM3394491,GSE120137,muscle,control,43.457,sex_binary,logistic,True,F,F,0.6335384722441506,0.3664615277558494
GSM3394492,GSE120137,muscle,control,43.457,sex_binary,logistic,True,F,F,0.9999827362498722,1.7263750127802214e-05
GSM3394493,GSE120137,muscle,control,43.457,sex_binary,logistic,True,F,M,0.0020750229756962835,0.9979249770243037
GSM3394494,GSE120137,muscle,control,43.457,sex_binary,logistic,True,F,F,0.9999987895975467,1.2104024533187232e-06
GSM3394495,GSE120137,muscle,control,43.457,sex_binary,logistic,True,F,M,0.0006380395001370776,0.9993619604998629
GSM3394496,GSE120137,muscle,control,43.457,sex_binary,logistic,True,M,M,0.10451669367969296,0.895483306320307
GSM3394497,GSE120137,muscle,control,43.457,sex_binary,logistic,True,M,M,0.0019265258435744448,0.9980734741564256
GSM3394498,GSE120137,muscle,control,43.457,sex_binary,logistic,True,M,F,0.9560435010534547,0.04395649894654531
GSM3394499,GSE120137,muscle,control,43.457,sex_binary,logistic,True,M,F,0.9997501893573731,0.0002498106426268715
GSM3394500,GSE120137,muscle,control,43.457,sex_binary,logistic,True,M,F,0.9350243367972841,0.0649756632027159
GSM3394501,GSE120137,muscle,control,43.457,sex_binary,logistic,True,F,F,0.9972978103712526,0.002702189628747361
GSM3394502,GSE120137,muscle,control,43.457,sex_binary,logistic,True,F,M,0.47653794443737785,0.5234620555626222
GSM3394503,GSE120137,muscle,control,43.457,sex_binary,logistic,True,F,M,0.4711993534580734,0.5288006465419266
GSM3394504,GSE120137,muscle,control,43.457,sex_binary,logistic,True,F,M,0.06293572870305908,0.9370642712969409
GSM3394505,GSE120137,muscle,control,43.457,sex_binary,logistic,True,F,F,0.9807369907954482,0.019263009204551842
GSM3394506,GSE120137,muscle,control,43.457,sex_binary,logistic,True,M,M,0.004332724155990064,0.9956672758440099
GSM3394507,GSE120137,muscle,control,43.457,sex_binary,logistic,True,M,F,0.9866865032163513,0.013313496783648644
GSM3394508,GSE120137,muscle,control,43.457,sex_binary,logistic,True,M,F,0.9998868418911475,0.00011315810885244582
GSM3394509,GSE120137,muscle,control,43.457,sex_binary,logistic,True,M,M,0.48443619238020863,0.5155638076197914
GSM3394510,GSE120137,muscle,control,43.457,sex_binary,logistic,True,M,M,0.024622885208147482,0.9753771147918525
GSM3394511,GSE120137,muscle,control,8.691,sex_binary,logistic,True,F,F,0.9991330529243563,0.0008669470756437588
GSM3394512,GSE120137,muscle,control,8.691,sex_binary,logistic,True,F,M,0.22283091790680898,0.777169082093191
GSM3394513,GSE120137,muscle,control,8.691,sex_binary,logistic,True,F,F,0.7829655943089602,0.2170344056910398
GSM3394514,GSE120137,muscle,control,8.691,sex_binary,logistic,True,F,F,0.9875262014800344,0.01247379851996553
GSM3394515,GSE120137,muscle,control,8.691,sex_binary,logistic,True,F,F,0.872000694004282,0.127999305995718
GSM3394516,GSE120137,muscle,control,8.691,sex_binary,logistic,True,M,M,0.01772014517432141,0.9822798548256786
GSM3394517,GSE120137,muscle,control,8.691,sex_binary,logistic,True,M,M,0.15401223007417075,0.8459877699258292
GSM3394518,GSE120137,muscle,control,8.691,sex_binary,logistic,True,M,M,0.2126419167986473,0.7873580832013527
GSM3394519,GSE120137,muscle,control,8.691,sex_binary,logistic,True,M,F,0.9673922752402841,0.0326077247597158
GSM3394520,GSE120137,muscle,control,8.691,sex_binary,logistic,True,M,F,0.848613903433311,0.151386096566689
GSM3394521,GSE120137,muscle,control,8.691,sex_binary,logistic,True,F,F,0.9848592146670369,0.015140785332963197
GSM3394522,GSE120137,muscle,control,8.691,sex_binary,logistic,True,F,F,0.9430035851156319,0.056996414884368095
GSM3394523,GSE120137,muscle,control,8.691,sex_binary,logistic,True,F,F,0.8469532379991699,0.1530467620008301
GSM3394524,GSE120137,muscle,control,8.691,sex_binary,logistic,True,F,F,0.958756879823424,0.04124312017657603
GSM3394525,GSE120137,muscle,control,8.691,sex_binary,logistic,True,F,F,0.995950192217705,0.004049807782294973
GSM3394526,GSE120137,muscle,control,8.691,sex_binary,logistic,True,M,F,0.6445526209785218,0.35544737902147816
GSM3394527,GSE120137,muscle,control,8.691,sex_binary,logistic,True,M,F,0.9999214543600993,7.854563990068305e-05
GSM3394528,GSE120137,muscle,control,8.691,sex_binary,logistic,True,M,F,0.9999685828824135,3.141711758651789e-05
GSM3394529,GSE120137,muscle,control,8.691,sex_binary,logistic,True,M,F,0.998502646423195,0.0014973535768050496
GSM3394530,GSE120137,muscle,control,8.691,sex_binary,logistic,True,M,F,0.5084163020101335,0.4915836979898664
GSM3394531,GSE120137,kidney,control,26.074,sex_binary,logistic,True,F,M,4.569402746446016e-05,0.9999543059725355
GSM3394532,GSE120137,kidney,control,26.074,sex_binary,logistic,True,F,M,0.010220205570350749,0.9897797944296493
GSM3394533,GSE120137,kidney,control,52.149,sex_binary,logistic,True,F,M,0.0003216452297867267,0.9996783547702133
GSM3394534,GSE120137,kidney,control,78.223,sex_binary,logistic,True,F,M,0.40179299570035665,0.5982070042996434
GSM3394535,GSE120137,kidney,control,26.074,sex_binary,logistic,True,F,M,1.2179472060669383e-05,0.9999878205279393
GSM3394536,GSE120137,kidney,control,52.149,sex_binary,logistic,True,F,M,0.00024262715840683846,0.9997573728415932
GSM3394537,GSE120137,kidney,control,26.074,sex_binary,logistic,True,M,M,0.0005327908054201247,0.9994672091945799
GSM3394538,GSE120137,kidney,control,52.149,sex_binary,logistic,True,F,M,0.007355674565504788,0.9926443254344952
GSM3394539,GSE120137,kidney,control,52.149,sex_binary,logistic,True,M,M,0.2901860923352506,0.7098139076647494
GSM3394540,GSE120137,kidney,control,78.223,sex_binary,logistic,True,F,M,0.0007579471876939525,0.999242052812306
GSM3394541,GSE120137,kidney,control,26.074,sex_binary,logistic,True,F,F,0.5672921108313445,0.4327078891686555
GSM3394542,GSE120137,kidney,control,26.074,sex_binary,logistic,True,F,M,4.514358450391498e-06,0.9999954856415496
GSM3394543,GSE120137,kidney,control,26.074,sex_binary,logistic,True,F,M,7.27168905390041e-06,0.9999927283109461
GSM3394544,GSE120137,kidney,control,26.074,sex_binary,logistic,True,F,M,0.0007063526362106609,0.9992936473637893
GSM3394545,GSE120137,kidney,control,52.149,sex_binary,logistic,True,F,M,1.4757162736245277e-07,0.9999998524283726
GSM3394546,GSE120137,kidney,control,52.149,sex_binary,logistic,True,F,M,0.0007168584188880223,0.999283141581112
GSM3394547,GSE120137,kidney,control,52.149,sex_binary,logistic,True,F,M,2.1987883005780695e-05,0.9999780121169942
GSM3394548,GSE120137,kidney,control,52.149,sex_binary,logistic,True,F,M,0.003160391106272753,0.9968396088937272
GSM3394549,GSE120137,kidney,control,52.149,sex_binary,logistic,True,M,M,0.012961969196128131,0.9870380308038719
GSM3394550,GSE120137,kidney,control,52.149,sex_binary,logistic,True,M,M,0.11076150443151789,0.8892384955684821
GSM3394551,GSE120137,kidney,control,78.223,sex_binary,logistic,True,F,M,3.5019831414739855e-06,0.9999964980168585
GSM3394552,GSE120137,kidney,control,78.223,sex_binary,logistic,True,F,M,0.00039816620522803436,0.999601833794772
GSM3394553,GSE120137,kidney,control,78.223,sex_binary,logistic,True,F,M,0.026455493964655297,0.9735445060353447
GSM3394554,GSE120137,kidney,control,78.223,sex_binary,logistic,True,M,F,0.9947551406422559,0.005244859357744135
GSM3394555,GSE120137,kidney,control,78.223,sex_binary,logistic,True,M,M,0.0014066319003238625,0.9985933680996761
GSM3394556,GSE120137,kidney,control,26.074,sex_binary,logistic,True,F,M,0.0003428002747888348,0.9996571997252112
GSM3394557,GSE120137,kidney,control,52.149,sex_binary,logistic,True,M,M,0.0005606058788926171,0.9994393941211074
GSM3394558,GSE120137,kidney,control,78.223,sex_binary,logistic,True,F,M,2.9144783994849988e-05,0.9999708552160052
GSM3394559,GSE120137,kidney,control,78.223,sex_binary,logistic,True,F,F,0.6532147512416715,0.3467852487583285
GSM3394560,GSE120137,kidney,control,78.223,sex_binary,logistic,True,M,M,0.000925292566420266,0.9990747074335797
GSM3394561,GSE120137,kidney,control,78.223,sex_binary,logistic,True,M,M,0.0019410776708247424,0.9980589223291753
GSM3394562,GSE120137,kidney,control,26.074,sex_binary,logistic,True,M,M,0.013187894084699114,0.9868121059153009
GSM3394563,GSE120137,kidney,control,26.074,sex_binary,logistic,True,M,M,0.03104596643432389,0.9689540335656761
GSM3394564,GSE120137,kidney,control,52.149,sex_binary,logistic,True,M,M,0.00036407587171560785,0.9996359241282844
GSM3394565,GSE120137,kidney,control,78.223,sex_binary,logistic,True,F,M,1.5280901877190445e-08,0.9999999847190981
GSM3394566,GSE120137,kidney,control,78.223,sex_binary,logistic,True,M,M,0.003720003861861221,0.9962799961381388
GSM3394567,GSE120137,kidney,control,26.074,sex_binary,logistic,True,M,M,6.232932213390274e-05,0.9999376706778661
GSM3394568,GSE120137,kidney,control,26.074,sex_binary,logistic,True,M,M,8.632206061065517e-11,0.9999999999136779
GSM3394569,GSE120137,kidney,control,26.074,sex_binary,logistic,True,M,F,0.9095161420948328,0.09048385790516718
GSM3394570,GSE120137,kidney,control,52.149,sex_binary,logistic,True,M,M,0.014593778196106189,0.9854062218038938
GSM3394571,GSE120137,kidney,control,52.149,sex_binary,logistic,True,M,M,0.00017588751177632922,0.9998241124882237
GSM3394572,GSE120137,kidney,control,52.149,sex_binary,logistic,True,M,M,0.007649675069475115,0.9923503249305249
GSM3394573,GSE120137,kidney,control,78.223,sex_binary,logistic,True,M,M,0.3462217687164969,0.6537782312835031
GSM3394574,GSE120137,kidney,control,78.223,sex_binary,logistic,True,M,M,0.0004960136529365,0.9995039863470635
GSM3394575,GSE120137,kidney,control,78.223,sex_binary,logistic,True,M,F,0.7888176315939547,0.2111823684060453
GSM3394576,GSE120137,kidney,control,26.074,sex_binary,logistic,True,M,M,4.402406341696974e-07,0.9999995597593658
GSM3394577,GSE120137,kidney,control,26.074,sex_binary,logistic,True,M,F,0.9999673061242924,3.269387570758393e-05
GSM3394578,GSE120137,kidney,control,52.149,sex_binary,logistic,True,F,M,0.23990999089101572,0.7600900091089843
GSM3394579,GSE120137,kidney,control,26.074,sex_binary,logistic,True,F,M,9.817540249645873e-07,0.999999018245975
GSM3394580,GSE120137,kidney,control,26.074,sex_binary,logistic,True,M,M,0.04948638137051253,0.9505136186294875
GSM3394581,GSE120137,kidney,control,52.149,sex_binary,logistic,True,F,M,0.0005086660190851688,0.9994913339809148
GSM3394582,GSE120137,kidney,control,52.149,sex_binary,logistic,True,F,M,4.0944190051739326e-05,0.9999590558099483
GSM3394583,GSE120137,kidney,control,78.223,sex_binary,logistic,True,F,M,3.0315699506289207e-08,0.9999999696843005
GSM3394584,GSE120137,kidney,control,26.074,sex_binary,logistic,True,F,M,0.019517073327072088,0.9804829266729279
GSM3394585,GSE120137,kidney,control,26.074,sex_binary,logistic,True,F,F,0.9933438189269675,0.006656181073032449
GSM3394586,GSE120137,kidney,control,26.074,sex_binary,logistic,True,F,M,0.012993572749087634,0.9870064272509124
GSM3394587,GSE120137,kidney,control,26.074,sex_binary,logistic,True,F,M,0.10423956749832974,0.8957604325016703
GSM3394588,GSE120137,kidney,control,26.074,sex_binary,logistic,True,F,M,0.1363488184666397,0.8636511815333603
GSM3394589,GSE120137,kidney,control,52.149,sex_binary,logistic,True,F,M,2.0337777346890462e-05,0.9999796622226531
GSM3394590,GSE120137,kidney,control,52.149,sex_binary,logistic,True,F,M,0.009911750987237178,0.9900882490127628
GSM3394591,GSE120137,kidney,control,52.149,sex_binary,logistic,True,F,F,0.9975008241394724,0.002499175860527641
GSM3394592,GSE120137,kidney,control,78.223,sex_binary,logistic,True,F,M,0.005209423850156103,0.9947905761498439
GSM3394593,GSE120137,kidney,control,78.223,sex_binary,logistic,True,F,M,0.004609302948668903,0.9953906970513311
GSM3394594,GSE120137,kidney,control,78.223,sex_binary,logistic,True,F,M,0.4680380508098443,0.5319619491901557
GSM3394595,GSE120137,kidney,control,78.223,sex_binary,logistic,True,M,M,0.0009708192330163401,0.9990291807669837
GSM3394596,GSE120137,kidney,control,78.223,sex_binary,logistic,True,F,F,0.5727456526846801,0.4272543473153198
GSM3394597,GSE120137,kidney,control,26.074,sex_binary,logistic,True,F,F,0.8515892872158708,0.14841071278412923
GSM3394598,GSE120137,kidney,control,26.074,sex_binary,logistic,True,F,M,0.0003170164094921102,0.9996829835905079
GSM3394599,GSE120137,kidney,control,26.074,sex_binary,logistic,True,F,M,8.84569211279107e-06,0.9999911543078872
GSM3394600,GSE120137,kidney,control,26.074,sex_binary,logistic,True,F,M,2.1262467342353375e-08,0.9999999787375327
GSM3394601,GSE120137,kidney,control,26.074,sex_binary,logistic,True,F,M,0.0008583229408383186,0.9991416770591617
GSM3394602,GSE120137,kidney,control,26.074,sex_binary,logistic,True,M,M,0.001576174743051384,0.9984238252569486
GSM3394603,GSE120137,kidney,control,52.149,sex_binary,logistic,True,F,M,6.9213684679159115e-06,0.9999930786315321
GSM3394604,GSE120137,kidney,control,52.149,sex_binary,logistic,True,F,M,1.07729596054984e-06,0.9999989227040395
GSM3394605,GSE120137,kidney,control,78.223,sex_binary,logistic,True,F,M,9.439974024694209e-09,0.999999990560026
GSM3394606,GSE120137,kidney,control,78.223,sex_binary,logistic,True,F,M,0.01931572758176503,0.980684272418235
GSM3394607,GSE120137,kidney,control,78.223,sex_binary,logistic,True,F,M,0.00018377524852475347,0.9998162247514752
GSM3394608,GSE120137,kidney,control,78.223,sex_binary,logistic,True,F,M,5.190201959215379e-06,0.9999948097980408
GSM3394609,GSE120137,kidney,control,78.223,sex_binary,logistic,True,M,M,0.02154017708695366,0.9784598229130463
GSM3394610,GSE120137,kidney,control,78.223,sex_binary,logistic,True,M,M,0.00027982251062785846,0.9997201774893721
GSM3394611,GSE120137,kidney,control,78.223,sex_binary,logistic,True,M,F,0.7980208463685072,0.2019791536314928
GSM3394612,GSE120137,kidney,control,78.223,sex_binary,logistic,True,M,M,0.028295822340593357,0.9717041776594066
GSM3394613,GSE120137,kidney,control,26.074,sex_binary,logistic,True,F,M,0.000263640555884459,0.9997363594441155
GSM3394614,GSE120137,kidney,control,26.074,sex_binary,logistic,True,F,M,0.00020119347582192582,0.9997988065241781
GSM3394615,GSE120137,kidney,control,26.074,sex_binary,logistic,True,M,M,0.007958124106114739,0.9920418758938853
GSM3394616,GSE120137,kidney,control,26.074,sex_binary,logistic,True,F,M,0.027292157239085957,0.972707842760914
GSM3394617,GSE120137,kidney,control,26.074,sex_binary,logistic,True,F,M,5.267881586501488e-08,0.9999999473211841
GSM3394618,GSE120137,kidney,control,26.074,sex_binary,logistic,True,M,M,0.002321463658400802,0.9976785363415992
GSM3394619,GSE120137,kidney,control,26.074,sex_binary,logistic,True,M,M,0.0030794890019804066,0.9969205109980196
GSM3394620,GSE120137,kidney,control,26.074,sex_binary,logistic,True,M,M,0.0006110956793025091,0.9993889043206975
GSM3394621,GSE120137,kidney,control,26.074,sex_binary,logistic,True,M,F,0.5079822562219782,0.49201774377802177
GSM3394622,GSE120137,kidney,control,26.074,sex_binary,logistic,True,F,F,0.9765679895153858,0.02343201048461419
GSM3394623,GSE120137,kidney,control,26.074,sex_binary,logistic,True,F,M,0.0020390238044344366,0.9979609761955656
GSM3394624,GSE120137,kidney,control,26.074,sex_binary,logistic,True,F,M,2.3990647247673635e-06,0.9999976009352752
GSM3394625,GSE120137,kidney,control,26.074,sex_binary,logistic,True,F,F,0.7645876368392874,0.23541236316071262
GSM3394626,GSE120137,kidney,control,26.074,sex_binary,logistic,True,M,M,0.0046458124779434895,0.9953541875220565
GSM3394627,GSE120137,kidney,control,26.074,sex_binary,logistic,True,M,M,5.7731566540653034e-06,0.9999942268433459
GSM3394628,GSE120137,kidney,control,26.074,sex_binary,logistic,True,M,M,4.892095279873665e-06,0.9999951079047201
GSM3394629,GSE120137,kidney,control,52.149,sex_binary,logistic,True,F,F,0.9744375965288735,0.025562403471126535
GSM3394630,GSE120137,kidney,control,52.149,sex_binary,logistic,True,F,M,4.257967066390034e-05,0.9999574203293361
GSM3394631,GSE120137,kidney,control,52.149,sex_binary,logistic,True,F,M,0.0011916288283747578,0.9988083711716252
GSM3394632,GSE120137,kidney,control,52.149,sex_binary,logistic,True,F,M,0.022048356239678712,0.9779516437603213
GSM3394633,GSE120137,kidney,control,52.149,sex_binary,logistic,True,F,M,0.031638222793645476,0.9683617772063545
GSM3394634,GSE120137,kidney,control,52.149,sex_binary,logistic,True,F,F,0.8188625716307819,0.1811374283692181
GSM3394635,GSE120137,kidney,control,52.149,sex_binary,logistic,True,F,F,0.6202621423058188,0.37973785769418117
GSM3394636,GSE120137,kidney,control,52.149,sex_binary,logistic,True,M,M,0.42566300888622066,0.5743369911137793
GSM3394637,GSE120137,kidney,control,52.149,sex_binary,logistic,True,M,M,2.510327582838645e-05,0.9999748967241716
GSM3394638,GSE120137,kidney,control,52.149,sex_binary,logistic,True,M,M,0.41742484375348077,0.5825751562465192
GSM3394639,GSE120137,kidney,control,52.149,sex_binary,logistic,True,F,M,6.585012621385111e-05,0.9999341498737861
GSM3394640,GSE120137,kidney,control,52.149,sex_binary,logistic,True,M,F,0.7756170308901893,0.22438296910981068
GSM3394641,GSE120137,kidney,control,52.149,sex_binary,logistic,True,F,M,4.968823996032157e-06,0.999995031176004
GSM3394642,GSE120137,kidney,control,52.149,sex_binary,logistic,True,F,M,1.8791242051285906e-07,0.9999998120875795
GSM3394643,GSE120137,kidney,control,52.149,sex_binary,logistic,True,M,M,4.6470588255242973e-07,0.9999995352941174
GSM3394644,GSE120137,kidney,control,78.223,sex_binary,logistic,True,F,M,1.1374849073764182e-07,0.9999998862515093
GSM3394645,GSE120137,kidney,control,78.223,sex_binary,logistic,True,F,M,1.4667260073153443e-08,0.9999999853327399
GSM3394646,GSE120137,kidney,control,78.223,sex_binary,logistic,True,F,M,0.002556086292399673,0.9974439137076003
GSM3394647,GSE120137,kidney,control,78.223,sex_binary,logistic,True,F,M,0.0016381705514922906,0.9983618294485077
GSM3394648,GSE120137,kidney,control,78.223,sex_binary,logistic,True,M,F,0.9945263265944913,0.005473673405508738
GSM3394649,GSE120137,kidney,control,78.223,sex_binary,logistic,True,M,M,0.0007894292362822242,0.9992105707637178
GSM3394650,GSE120137,kidney,control,78.223,sex_binary,logistic,True,M,M,0.06349976106982191,0.9365002389301781
GSM3394651,GSE120137,kidney,control,78.223,sex_binary,logistic,True,M,F,0.9999045605524388,9.543944756114653e-05
GSM3394652,GSE120137,kidney,control,78.223,sex_binary,logistic,True,F,F,0.6784179443027762,0.32158205569722376
GSM3394653,GSE120137,kidney,control,78.223,sex_binary,logistic,True,M,M,0.009586412490324658,0.9904135875096753
GSM3394654,GSE120137,kidney,control,26.074,sex_binary,logistic,True,F,M,0.00010812024796458264,0.9998918797520354
GSM3394655,GSE120137,kidney,control,26.074,sex_binary,logistic,True,M,M,7.021299541776216e-09,0.9999999929787005
GSM3394656,GSE120137,kidney,control,26.074,sex_binary,logistic,True,M,M,0.001064540531794389,0.9989354594682056
GSM3394657,GSE120137,kidney,control,26.074,sex_binary,logistic,True,F,M,0.002427726102620986,0.997572273897379
GSM3394658,GSE120137,kidney,control,26.074,sex_binary,logistic,True,M,M,0.1923050703474738,0.8076949296525262
GSM3394659,GSE120137,kidney,control,26.074,sex_binary,logistic,True,M,M,0.0007297907321379693,0.999270209267862
GSM3394660,GSE120137,kidney,control,26.074,sex_binary,logistic,True,M,M,2.1302386332688883e-07,0.9999997869761367
GSM3394661,GSE120137,kidney,control,26.074,sex_binary,logistic,True,F,F,0.88727451801124,0.11272548198876
GSM3394662,GSE120137,kidney,control,26.074,sex_binary,logistic,True,F,M,0.10061082628726026,0.8993891737127397
GSM3394663,GSE120137,kidney,control,52.149,sex_binary,logistic,True,F,F,0.7260242159057757,0.27397578409422435
GSM3394664,GSE120137,kidney,control,52.149,sex_binary,logistic,True,F,F,0.9865191928706513,0.013480807129348684
GSM3394665,GSE120137,kidney,control,52.149,sex_binary,logistic,True,F,M,4.951734007929698e-05,0.9999504826599207
GSM3394666,GSE120137,kidney,control,52.149,sex_binary,logistic,True,M,M,0.00568011611410979,0.9943198838858902
GSM3394667,GSE120137,kidney,control,52.149,sex_binary,logistic,True,M,M,0.01981235510120838,0.9801876448987916
GSM3394668,GSE120137,kidney,control,52.149,sex_binary,logistic,True,M,M,6.416424269684029e-08,0.9999999358357573
GSM3394669,GSE120137,kidney,control,52.149,sex_binary,logistic,True,M,M,0.001413714200368954,0.998586285799631
GSM3394670,GSE120137,kidney,control,52.149,sex_binary,logistic,True,M,M,0.006373389613335112,0.9936266103866649
GSM3394671,GSE120137,kidney,control,78.223,sex_binary,logistic,True,F,M,0.0015798382395562083,0.9984201617604438
GSM3394672,GSE120137,kidney,control,78.223,sex_binary,logistic,True,F,F,0.9964638283845955,0.0035361716154044855
GSM3394673,GSE120137,kidney,control,78.223,sex_binary,logistic,True,F,M,1.8550708635878266e-08,0.9999999814492914
GSM3394674,GSE120137,kidney,control,78.223,sex_binary,logistic,True,F,M,0.2545129900265899,0.7454870099734101
GSM3394675,GSE120137,kidney,control,78.223,sex_binary,logistic,True,M,M,0.0024769075338167967,0.9975230924661832
GSM3394676,GSE120137,kidney,control,78.223,sex_binary,logistic,True,M,M,0.016725534145771714,0.9832744658542283
GSM3394677,GSE120137,kidney,control,78.223,sex_binary,logistic,True,M,M,1.3561516543081353e-06,0.9999986438483457
GSM3394678,GSE120137,kidney,control,78.223,sex_binary,logistic,True,M,M,6.63475492213017e-07,0.9999993365245078
GSM3394679,GSE120137,kidney,control,78.223,sex_binary,logistic,True,F,M,0.0008537376580166622,0.9991462623419833
GSM3394680,GSE120137,kidney,control,78.223,sex_binary,logistic,True,M,M,0.0015190976747117002,0.9984809023252883
GSM3394681,GSE120137,kidney,control,78.223,sex_binary,logistic,True,M,M,0.00024345649239387868,0.9997565435076061
GSM3394682,GSE120137,kidney,control,26.074,sex_binary,logistic,True,M,F,0.9560849965289281,0.04391500347107189
GSM3394683,GSE120137,kidney,control,26.074,sex_binary,logistic,True,M,M,0.14815325563643988,0.8518467443635601
GSM3394684,GSE120137,kidney,control,26.074,sex_binary,logistic,True,M,M,1.2278764588979918e-05,0.999987721235411
GSM3394685,GSE120137,kidney,control,26.074,sex_binary,logistic,True,F,M,2.0927605014597894e-05,0.9999790723949854
GSM3394686,GSE120137,kidney,control,26.074,sex_binary,logistic,True,M,M,0.021701473334225008,0.978298526665775
GSM3394687,GSE120137,kidney,control,52.149,sex_binary,logistic,True,F,M,0.0037226292176749665,0.996277370782325
GSM3394688,GSE120137,kidney,control,52.149,sex_binary,logistic,True,M,M,0.0021095648117511745,0.9978904351882488
GSM3394689,GSE120137,kidney,control,52.149,sex_binary,logistic,True,M,M,0.0016167121412395957,0.9983832878587604
GSM3394690,GSE120137,kidney,control,52.149,sex_binary,logistic,True,M,M,3.141479791746171e-06,0.9999968585202083
GSM3394691,GSE120137,kidney,control,52.149,sex_binary,logistic,True,F,M,0.0004360999920971498,0.9995639000079029
GSM3394692,GSE120137,kidney,control,52.149,sex_binary,logistic,True,F,M,0.00399509460418257,0.9960049053958174
GSM3394693,GSE120137,kidney,control,52.149,sex_binary,logistic,True,M,M,0.0068266844602121735,0.9931733155397878
GSM3394694,GSE120137,kidney,control,78.223,sex_binary,logistic,True,M,M,7.112145483989529e-06,0.999992887854516
GSM3394695,GSE120137,kidney,control,78.223,sex_binary,logistic,True,M,M,0.00302700244182752,0.9969729975581725
GSM3394696,GSE120137,kidney,control,78.223,sex_binary,logistic,True,F,M,0.0008592232031687796,0.9991407767968312
GSM3394697,GSE120137,kidney,control,26.074,sex_binary,logistic,True,M,M,0.17024049167308153,0.8297595083269185
GSM3394698,GSE120137,kidney,control,26.074,sex_binary,logistic,True,M,M,0.0016515536622517812,0.9983484463377482
GSM3394699,GSE120137,kidney,control,52.149,sex_binary,logistic,True,F,M,0.00876756027088521,0.9912324397291148
GSM3394700,GSE120137,kidney,control,52.149,sex_binary,logistic,True,M,M,0.07489226551083217,0.9251077344891678
GSM3394701,GSE120137,kidney,control,52.149,sex_binary,logistic,True,M,M,0.00025097611499391714,0.9997490238850061
GSM3394702,GSE120137,kidney,control,52.149,sex_binary,logistic,True,M,M,8.889920695054343e-05,0.9999111007930495
GSM3394703,GSE120137,kidney,control,52.149,sex_binary,logistic,True,M,M,0.0006318533797229353,0.9993681466202771
GSM3394704,GSE120137,kidney,control,52.149,sex_binary,logistic,True,M,M,0.005165367646447039,0.994834632353553
GSM3394705,GSE120137,kidney,control,78.223,sex_binary,logistic,True,M,M,0.0039154934631076,0.9960845065368924
GSM3394706,GSE120137,kidney,control,78.223,sex_binary,logistic,True,M,M,0.00014404487244690234,0.9998559551275531
GSM3394707,GSE120137,kidney,control,78.223,sex_binary,logistic,True,M,M,0.06513782409547864,0.9348621759045214
GSM3394708,GSE120137,kidney,control,78.223,sex_binary,logistic,True,M,M,2.864889819820249e-06,0.9999971351101802
GSM3394709,GSE120137,kidney,control,78.223,sex_binary,logistic,True,M,M,3.444790108719786e-08,0.9999999655520989
GSM3394710,GSE120137,kidney,control,78.223,sex_binary,logistic,True,M,M,0.0003526525254471391,0.9996473474745529
GSM3394711,GSE120137,kidney,control,78.223,sex_binary,logistic,True,M,M,0.0007467105575145183,0.9992532894424855
GSM3394712,GSE120137,kidney,control,26.074,sex_binary,logistic,True,M,F,0.6139742444173567,0.3860257555826433
GSM3394713,GSE120137,kidney,control,52.149,sex_binary,logistic,True,M,M,0.25601725301642886,0.7439827469835711
GSM3394714,GSE120137,kidney,control,52.149,sex_binary,logistic,True,M,M,6.631431253201203e-05,0.999933685687468
GSM3394715,GSE120137,kidney,control,52.149,sex_binary,logistic,True,M,M,0.00011563036747797018,0.999884369632522
GSM3394716,GSE120137,kidney,control,52.149,sex_binary,logistic,True,M,M,0.0001266492245245443,0.9998733507754755
GSM3394717,GSE120137,kidney,control,52.149,sex_binary,logistic,True,M,M,0.00025212574631860996,0.9997478742536814
GSM3394718,GSE120137,kidney,control,78.223,sex_binary,logistic,True,M,M,7.89129372241737e-05,0.9999210870627758
GSM3394719,GSE120137,kidney,control,78.223,sex_binary,logistic,True,M,M,0.00014371668574941765,0.9998562833142506
GSM3394720,GSE120137,kidney,control,78.223,sex_binary,logistic,True,F,M,0.055151430505742005,0.944848569494258
GSM2132712,GSE80672,blood,control,2.912,sex_binary,logistic,True,M,M,0.08897470007765818,0.9110252999223418
GSM2132713,GSE80672,blood,control,2.912,sex_binary,logistic,True,M,F,0.7559298417828595,0.24407015821714056
GSM2132714,GSE80672,blood,control,2.912,sex_binary,logistic,True,M,M,0.00459876679563298,0.995401233204367
GSM2132715,GSE80672,blood,control,2.912,sex_binary,logistic,True,M,F,0.9999907924779919,9.207522008104018e-06
GSM2132716,GSE80672,blood,control,2.912,sex_binary,logistic,True,M,M,0.035966190607214954,0.964033809392785
GSM2132717,GSE80672,blood,control,2.912,sex_binary,logistic,True,M,F,0.7084938030940775,0.29150619690592255
GSM2132718,GSE80672,blood,control,5.084,sex_binary,logistic,True,M,M,0.08051437578916576,0.9194856242108342
GSM2132719,GSE80672,blood,control,5.084,sex_binary,logistic,True,M,M,4.5828347415621806e-05,0.9999541716525844
GSM2132720,GSE80672,blood,control,5.084,sex_binary,logistic,True,M,M,0.09843692508617985,0.9015630749138202
GSM2132721,GSE80672,blood,control,5.084,sex_binary,logistic,True,M,M,0.0021806812498170736,0.9978193187501829
GSM2132722,GSE80672,blood,control,5.084,sex_binary,logistic,True,M,M,0.0007009425918809153,0.9992990574081191
GSM2132723,GSE80672,blood,control,5.084,sex_binary,logistic,True,M,M,0.013847700085553583,0.9861522999144464
GSM2132724,GSE80672,blood,CR,43.457,sex_binary,logistic,True,M,M,0.019473164481446426,0.9805268355185536
GSM2132725,GSE80672,blood,CR,43.457,sex_binary,logistic,True,M,M,0.011510544519653387,0.9884894554803466
GSM2132726,GSE80672,blood,CR,43.457,sex_binary,logistic,True,M,M,0.0019497358509076301,0.9980502641490924
GSM2132727,GSE80672,blood,CR,43.457,sex_binary,logistic,True,M,F,0.9278517028785573,0.07214829712144262
GSM2132728,GSE80672,blood,CR,43.457,sex_binary,logistic,True,M,M,0.40574359664922643,0.5942564033507736
GSM2132729,GSE80672,blood,CR,78.223,sex_binary,logistic,True,M,M,0.046744801447544115,0.9532551985524559
GSM2132730,GSE80672,blood,CR,78.223,sex_binary,logistic,True,M,F,0.7109143890624144,0.28908561093758556
GSM2132731,GSE80672,blood,CR,78.223,sex_binary,logistic,True,M,M,0.0012277662591297922,0.9987722337408702
GSM2132732,GSE80672,blood,CR,78.223,sex_binary,logistic,True,M,F,0.9999443641103493,5.563588965076951e-05
GSM2132733,GSE80672,blood,CR,78.223,sex_binary,logistic,True,M,M,0.024359292598520432,0.9756407074014796
GSM2132734,GSE80672,blood,CR,99.951,sex_binary,logistic,True,M,M,1.540901539698325e-08,0.9999999845909846
GSM2132735,GSE80672,blood,CR,99.951,sex_binary,logistic,True,M,M,0.022123839600060813,0.9778761603999392
GSM2132736,GSE80672,blood,CR,99.951,sex_binary,logistic,True,M,F,0.6507054739421296,0.34929452605787037
GSM2132737,GSE80672,blood,CR,99.951,sex_binary,logistic,True,M,M,0.009350855367028288,0.9906491446329717
GSM2132738,GSE80672,blood,CR,99.951,sex_binary,logistic,True,M,M,0.21180309192524516,0.7881969080747548
GSM2132739,GSE80672,blood,CR,117.334,sex_binary,logistic,True,M,F,0.9982363678141017,0.0017636321858982937
GSM2132740,GSE80672,blood,CR,117.334,sex_binary,logistic,True,M,M,0.00635953903701314,0.9936404609629869
GSM2132741,GSE80672,blood,CR,117.334,sex_binary,logistic,True,M,F,0.8574184353716761,0.14258156462832394
GSM2132742,GSE80672,blood,CR,117.334,sex_binary,logistic,True,M,M,0.0011074234706395236,0.9988925765293605
GSM2132743,GSE80672,blood,CR,117.334,sex_binary,logistic,True,M,M,0.00018298157491303257,0.999817018425087
GSM2132744,GSE80672,blood,control,86.914,sex_binary,logistic,True,M,M,0.495181055444026,0.504818944555974
GSM2132745,GSE80672,blood,control,86.914,sex_binary,logistic,True,M,M,0.44304888820050126,0.5569511117994987
GSM2132746,GSE80672,blood,control,86.914,sex_binary,logistic,True,M,F,0.9977150485695755,0.002284951430424542
GSM2132747,GSE80672,blood,control,86.914,sex_binary,logistic,True,M,M,0.4473072773308121,0.5526927226691879
GSM2132748,GSE80672,blood,control,86.914,sex_binary,logistic,True,M,M,0.0012541136448702694,0.9987458863551297
GSM2132749,GSE80672,blood,control,117.334,sex_binary,logistic,True,M,F,0.9797455467965769,0.020254453203423155
GSM2132750,GSE80672,blood,control,117.334,sex_binary,logistic,True,M,M,0.23650758744875378,0.7634924125512462
GSM2132751,GSE80672,blood,control,117.334,sex_binary,logistic,True,M,M,0.11305789823624779,0.8869421017637522
GSM2132752,GSE80672,blood,control,117.334,sex_binary,logistic,True,M,M,0.4071826713191685,0.5928173286808315
GSM2132753,GSE80672,blood,control,117.334,sex_binary,logistic,True,M,M,0.25527479321878455,0.7447252067812155
GSM2132754,GSE80672,blood,CR,91.26,sex_binary,logistic,True,M,M,0.4822481156239995,0.5177518843760005
GSM2132755,GSE80672,blood,CR,91.26,sex_binary,logistic,True,M,F,0.9999999280954677,7.190453238269556e-08
GSM2132756,GSE80672,blood,CR,91.26,sex_binary,logistic,True,M,F,0.9067764265116777,0.09322357348832232
GSM2132757,GSE80672,blood,CR,91.26,sex_binary,logistic,True,M,F,0.9999819558368725,1.804416312743808e-05
GSM2132758,GSE80672,blood,CR,91.26,sex_binary,logistic,True,M,M,0.029130867509572167,0.9708691324904278
GSM2132759,GSE80672,blood,CR,91.26,sex_binary,logistic,True,M,M,0.39018407443323977,0.6098159255667602
GSM2132760,GSE80672,blood,CR,91.26,sex_binary,logistic,True,M,M,0.3751358369618951,0.6248641630381049
GSM2132761,GSE80672,blood,CR,117.334,sex_binary,logistic,True,M,F,0.9461579789018127,0.053842021098187226
GSM2132762,GSE80672,blood,CR,117.334,sex_binary,logistic,True,M,M,0.0002602410631915575,0.9997397589368084
GSM2132763,GSE80672,blood,CR,117.334,sex_binary,logistic,True,M,F,0.9586632481441917,0.041336751855808276
GSM2132764,GSE80672,blood,CR,117.334,sex_binary,logistic,True,M,M,0.005190807584662616,0.9948091924153374
GSM2132765,GSE80672,blood,CR,117.334,sex_binary,logistic,True,M,M,0.0001268079248025744,0.9998731920751974
GSM2132766,GSE80672,blood,control,26.074,sex_binary,logistic,True,F,F,0.5586751430294086,0.44132485697059143
GSM2132767,GSE80672,blood,control,26.074,sex_binary,logistic,True,F,F,0.7460325931777927,0.2539674068222073
GSM2132768,GSE80672,blood,control,26.074,sex_binary,logistic,True,F,M,0.45282128202495264,0.5471787179750474
GSM2132769,GSE80672,blood,control,26.074,sex_binary,logistic,True,F,M,0.04288914621678508,0.9571108537832149
GSM2132770,GSE80672,blood,control,26.074,sex_binary,logistic,True,F,F,0.9910239083549478,0.008976091645052245
GSM2132771,GSE80672,blood,control,26.074,sex_binary,logistic,True,M,M,0.010956860374053856,0.9890431396259461
GSM2132772,GSE80672,blood,control,26.074,sex_binary,logistic,True,M,M,0.015732929780956084,0.9842670702190439
GSM2132773,GSE80672,blood,control,26.074,sex_binary,logistic,True,M,F,0.8907749302229888,0.10922506977701123
GSM2132774,GSE80672,blood,control,26.074,sex_binary,logistic,True,M,F,0.6146627439522916,0.38533725604770835
GSM2132775,GSE80672,blood,control,26.074,sex_binary,logistic,True,M,F,0.7100980694842135,0.2899019305157865
GSM2132776,GSE80672,blood,control,26.074,sex_binary,logistic,True,M,F,0.9029428167643305,0.0970571832356695
GSM2132777,GSE80672,blood,control,26.074,sex_binary,logistic,True,M,F,0.6663576829690923,0.33364231703090774
GSM2132778,GSE80672,blood,control,21.729,sex_binary,logistic,True,M,F,0.7446360280763547,0.2553639719236454
GSM2132779,GSE80672,blood,control,21.729,sex_binary,logistic,True,M,M,0.004666949236262652,0.9953330507637373
GSM2132780,GSE80672,blood,control,21.729,sex_binary,logistic,True,M,F,0.996786138610935,0.003213861389065013
GSM2132781,GSE80672,blood,control,21.729,sex_binary,logistic,True,M,M,0.4565091405020858,0.5434908594979142
GSM2132782,GSE80672,blood,control,26.074,sex_binary,logistic,True,M,M,0.030323291809899677,0.9696767081901003
GSM2132783,GSE80672,blood,control,26.074,sex_binary,logistic,True,F,F,0.9991602448902296,0.0008397551097704034
GSM2132784,GSE80672,blood,control,26.074,sex_binary,logistic,True,F,M,0.007072982532995042,0.992927017467005
GSM2132785,GSE80672,blood,control,26.074,sex_binary,logistic,True,F,F,0.9989942428016815,0.00100575719831849
GSM2132786,GSE80672,blood,control,26.074,sex_binary,logistic,True,F,F,0.8968931384696853,0.10310686153031469
GSM2132787,GSE80672,blood,control,26.074,sex_binary,logistic,True,M,F,0.9606012816481102,0.0393987183518898
GSM2132788,GSE80672,blood,control,26.074,sex_binary,logistic,True,F,M,0.003083569171339118,0.9969164308286609
GSM2132789,GSE80672,blood,control,26.074,sex_binary,logistic,True,F,F,0.9613999324981611,0.03860006750183885
GSM2132790,GSE80672,blood,control,26.074,sex_binary,logistic,True,F,M,0.0005516839179302568,0.9994483160820697
GSM2132791,GSE80672,blood,control,26.074,sex_binary,logistic,True,F,M,0.01410898806500338,0.9858910119349966
GSM2132792,GSE80672,blood,control,26.074,sex_binary,logistic,True,F,M,0.03530422440196168,0.9646957755980383
GSM2132793,GSE80672,blood,control,26.074,sex_binary,logistic,True,M,M,0.0676227283726375,0.9323772716273625
GSM2132794,GSE80672,blood,control,26.074,sex_binary,logistic,True,M,F,0.9153121266735164,0.08468787332648364
GSM2132795,GSE80672,blood,control,26.074,sex_binary,logistic,True,M,M,0.42602188680501274,0.5739781131949873
GSM2132796,GSE80672,blood,control,26.074,sex_binary,logistic,True,M,M,0.3953720674666512,0.6046279325333488
GSM2132797,GSE80672,blood,control,26.074,sex_binary,logistic,True,F,M,0.10920831438452216,0.8907916856154778
GSM2132798,GSE80672,blood,control,26.074,sex_binary,logistic,True,M,F,0.992357743807105,0.007642256192895008
GSM2132799,GSE80672,blood,control,26.074,sex_binary,logistic,True,F,F,0.9702287407193021,0.02977125928069785
GSM2132800,GSE80672,blood,control,26.074,sex_binary,logistic,True,F,F,0.9570487785212319,0.04295122147876806
GSM2132801,GSE80672,blood,control,26.074,sex_binary,logistic,True,M,F,0.8749719766436417,0.1250280233563583
GSM2132802,GSE80672,blood,control,26.074,sex_binary,logistic,True,M,M,0.017869751930688516,0.9821302480693115
GSM2132803,GSE80672,blood,control,26.074,sex_binary,logistic,True,M,F,0.94157401748068,0.058425982519319936
GSM2132804,GSE80672,blood,control,26.074,sex_binary,logistic,True,M,F,0.9471452721847282,0.052854727815271785
GSM2132805,GSE80672,blood,control,26.074,sex_binary,logistic,True,M,M,0.002120853654540511,0.9978791463454595
GSM2132806,GSE80672,blood,control,26.074,sex_binary,logistic,True,M,M,0.1001454275881778,0.8998545724118222
GSM2132807,GSE80672,blood,control,26.074,sex_binary,logistic,True,M,M,0.028835870706595212,0.9711641292934048
GSM2132808,GSE80672,blood,control,26.074,sex_binary,logistic,True,M,M,0.00010950820575716946,0.9998904917942428
GSM2132809,GSE80672,blood,control,26.074,sex_binary,logistic,True,M,M,0.0017323513178251204,0.9982676486821749
GSM2132810,GSE80672,blood,control,26.074,sex_binary,logistic,True,M,M,0.03217234775300193,0.9678276522469981
GSM2132811,GSE80672,blood,control,26.074,sex_binary,logistic,True,M,F,0.8711249949550324,0.12887500504496757
GSM2132812,GSE80672,blood,control,26.074,sex_binary,logistic,True,M,M,0.048493301718407045,0.951506698281593
GSM2132813,GSE80672,blood,control,26.074,sex_binary,logistic,True,F,F,0.9989421961478401,0.0010578038521598823
GSM2132814,GSE80672,fibroblast,control,10.864,sex_binary,logistic,True,M,M,3.578043927077168e-05,0.9999642195607292
GSM2132815,GSE80672,fibroblast,control,10.864,sex_binary,logistic,True,M,M,9.897595228736122e-06,0.9999901024047713
GSM2132816,GSE80672,fibroblast,control,10.864,sex_binary,logistic,True,M,M,0.01626683680394647,0.9837331631960535
GSM2132817,GSE80672,fibroblast,control,10.864,sex_binary,logistic,True,M,F,0.9998086476283016,0.00019135237169845448
GSM2132818,GSE80672,fibroblast,control,10.864,sex_binary,logistic,True,M,F,0.9999991421919207,8.578080793976801e-07
GSM2132819,GSE80672,fibroblast,control,10.864,sex_binary,logistic,True,M,F,0.9999180292727916,8.197072720842812e-05
GSM2132820,GSE80672,blood,control,13.037,sex_binary,logistic,True,M,M,0.00023782603624367127,0.9997621739637563
GSM2132821,GSE80672,blood,control,13.037,sex_binary,logistic,True,M,M,7.261747552611553e-06,0.9999927382524474
GSM2132822,GSE80672,blood,control,13.037,sex_binary,logistic,True,M,M,0.0002682464544475627,0.9997317535455524
GSM2132823,GSE80672,blood,control,13.037,sex_binary,logistic,True,M,M,0.0015294203916073057,0.9984705796083927
GSM2132824,GSE80672,blood,control,13.037,sex_binary,logistic,True,M,M,0.3342117824999066,0.6657882175000934
GSM2132825,GSE80672,blood,control,13.037,sex_binary,logistic,True,M,M,6.797148041304268e-06,0.9999932028519587
GSM2132826,GSE80672,blood,control,13.037,sex_binary,logistic,True,M,M,0.0006343890070458214,0.9993656109929542
GSM2132827,GSE80672,blood,control,13.037,sex_binary,logistic,True,M,M,0.0019151014279016332,0.9980848985720984
GSM2132828,GSE80672,blood,control,13.037,sex_binary,logistic,True,M,M,1.088663575954385e-07,0.9999998911336424
GSM2132829,GSE80672,blood,control,17.383,sex_binary,logistic,True,M,M,0.00061488245793484,0.9993851175420652
GSM2132830,GSE80672,blood,control,17.383,sex_binary,logistic,True,M,M,0.0006729817519287584,0.9993270182480712
GSM2132831,GSE80672,blood,control,17.383,sex_binary,logistic,True,M,M,8.418817832078762e-05,0.9999158118216792
GSM2132832,GSE80672,blood,control,17.383,sex_binary,logistic,True,M,M,0.0018059366337915828,0.9981940633662084
GSM2132833,GSE80672,blood,control,17.383,sex_binary,logistic,True,M,M,2.4663906630029153e-05,0.99997533609337
GSM2132834,GSE80672,blood,control,17.383,sex_binary,logistic,True,M,M,0.13965738959149232,0.8603426104085077
GSM2132835,GSE80672,blood,control,17.383,sex_binary,logistic,True,M,M,0.06067764710649115,0.9393223528935088
GSM2132836,GSE80672,blood,control,17.383,sex_binary,logistic,True,M,M,0.005205169480832494,0.9947948305191675
GSM2132837,GSE80672,blood,control,17.383,sex_binary,logistic,True,M,M,0.0009111045033873832,0.9990888954966126
GSM2132838,GSE80672,blood,control,26.074,sex_binary,logistic,True,M,M,0.1266898256851796,0.8733101743148204
GSM2132839,GSE80672,blood,control,26.074,sex_binary,logistic,True,M,M,4.483624006179632e-06,0.9999955163759938
GSM2132840,GSE80672,blood,control,26.074,sex_binary,logistic,True,M,M,9.51092300693901e-06,0.9999904890769931
GSM2132841,GSE80672,blood,control,26.074,sex_binary,logistic,True,M,M,0.35289868462812246,0.6471013153718775
GSM2132842,GSE80672,blood,control,26.074,sex_binary,logistic,True,M,M,0.0007885186288564272,0.9992114813711436
GSM2132843,GSE80672,blood,control,26.074,sex_binary,logistic,True,M,M,0.0019569917137074455,0.9980430082862926
GSM2132844,GSE80672,blood,control,26.074,sex_binary,logistic,True,M,M,0.0002532149033858122,0.9997467850966142
GSM2132845,GSE80672,blood,control,26.074,sex_binary,logistic,True,M,M,6.1003521460878396e-05,0.9999389964785391
GSM2132846,GSE80672,blood,control,26.074,sex_binary,logistic,True,M,M,0.1899799100370252,0.8100200899629748
GSM2132847,GSE80672,blood,control,34.766,sex_binary,logistic,True,M,M,0.002699496156429948,0.99730050384357
GSM2132848,GSE80672,blood,control,34.766,sex_binary,logistic,True,M,M,0.0004086676122403432,0.9995913323877597
GSM2132849,GSE80672,blood,control,34.766,sex_binary,logistic,True,M,M,0.00047444292952836253,0.9995255570704716
GSM2132850,GSE80672,blood,control,34.766,sex_binary,logistic,True,M,M,0.0037809806937326718,0.9962190193062673
GSM2132851,GSE80672,blood,control,34.766,sex_binary,logistic,True,M,M,0.0003066285688588799,0.9996933714311411
GSM2132852,GSE80672,blood,control,34.766,sex_binary,logistic,True,M,M,0.0016368401562888435,0.9983631598437112
GSM2132853,GSE80672,blood,control,34.766,sex_binary,logistic,True,M,M,0.04919858446719694,0.9508014155328031
GSM2132854,GSE80672,blood,control,34.766,sex_binary,logistic,True,M,M,0.0009076820439021249,0.9990923179560979
GSM2132855,GSE80672,blood,control,34.766,sex_binary,logistic,True,M,M,0.0035653754045594788,0.9964346245954405
GSM2132856,GSE80672,blood,control,43.457,sex_binary,logistic,True,M,M,0.4179814693297649,0.5820185306702351
GSM2132857,GSE80672,blood,control,43.457,sex_binary,logistic,True,M,M,0.013076088358862648,0.9869239116411374
GSM2132858,GSE80672,blood,control,43.457,sex_binary,logistic,True,M,M,0.0030696491946677895,0.9969303508053322
GSM2132859,GSE80672,blood,control,43.457,sex_binary,logistic,True,M,M,4.253332331016768e-05,0.9999574666766898
GSM2132860,GSE80672,blood,control,43.457,sex_binary,logistic,True,M,F,0.9682042013088676,0.03179579869113238
GSM2132861,GSE80672,blood,control,43.457,sex_binary,logistic,True,M,M,0.0007219978374857217,0.9992780021625143
GSM2132862,GSE80672,blood,control,43.457,sex_binary,logistic,True,M,M,4.2070671236849044e-05,0.9999579293287632
GSM2132863,GSE80672,blood,control,43.457,sex_binary,logistic,True,M,M,0.0169261258052128,0.9830738741947872
GSM2132864,GSE80672,blood,control,43.457,sex_binary,logistic,True,M,M,0.27256267828733516,0.7274373217126648
GSM2132865,GSE80672,blood,control,52.149,sex_binary,logistic,True,M,M,0.014520192486529915,0.9854798075134701
GSM2132866,GSE80672,blood,control,52.149,sex_binary,logistic,True,M,M,1.7110659435215503e-05,0.9999828893405648
GSM2132867,GSE80672,blood,control,52.149,sex_binary,logistic,True,M,M,0.004697856482461793,0.9953021435175382
GSM2132868,GSE80672,blood,control,52.149,sex_binary,logistic,True,M,F,0.7729064216628332,0.22709357833716676
GSM2132869,GSE80672,blood,control,52.149,sex_binary,logistic,True,M,M,0.031672326192366596,0.9683276738076334
GSM2132870,GSE80672,blood,control,52.149,sex_binary,logistic,True,M,M,0.0014183392788225113,0.9985816607211775
GSM2132871,GSE80672,blood,control,52.149,sex_binary,logistic,True,M,M,0.003337664576546384,0.9966623354234536
GSM2132872,GSE80672,blood,control,52.149,sex_binary,logistic,True,M,M,0.11120053989018941,0.8887994601098106
GSM2132873,GSE80672,blood,control,52.149,sex_binary,logistic,True,M,M,0.397319277570788,0.602680722429212
GSM2132874,GSE80672,blood,control,52.149,sex_binary,logistic,True,M,F,0.7825635812808762,0.21743641871912375
GSM2132875,GSE80672,blood,control,69.531,sex_binary,logistic,True,M,F,0.5713478424217516,0.42865215757824837
GSM2132876,GSE80672,blood,control,69.531,sex_binary,logistic,True,M,M,8.985055154042687e-05,0.9999101494484596
GSM2132877,GSE80672,blood,control,69.531,sex_binary,logistic,True,M,M,0.15486044302939228,0.8451395569706077
GSM2132878,GSE80672,blood,control,69.531,sex_binary,logistic,True,M,M,0.0019868965146325746,0.9980131034853674
GSM2132879,GSE80672,blood,control,69.531,sex_binary,logistic,True,M,M,0.0033961355643898905,0.9966038644356101
GSM2132880,GSE80672,blood,control,69.531,sex_binary,logistic,True,M,F,0.9686540647381862,0.03134593526181389
GSM2132881,GSE80672,blood,control,69.531,sex_binary,logistic,True,M,M,0.0007550204074094902,0.9992449795925905
GSM2132882,GSE80672,blood,control,69.531,sex_binary,logistic,True,M,M,0.005965320807893693,0.9940346791921063
GSM2132883,GSE80672,blood,control,69.531,sex_binary,logistic,True,M,M,0.0001010018732295892,0.9998989981267704
GSM2132884,GSE80672,blood,control,86.914,sex_binary,logistic,True,M,M,0.056333283645724985,0.943666716354275
GSM2132885,GSE80672,blood,control,86.914,sex_binary,logistic,True,M,M,0.00026909401237640296,0.9997309059876236
GSM2132886,GSE80672,blood,control,86.914,sex_binary,logistic,True,M,M,0.01974166204600125,0.9802583379539987
GSM2132887,GSE80672,blood,control,86.914,sex_binary,logistic,True,M,M,0.00020343350128881887,0.9997965664987112
GSM2132888,GSE80672,blood,control,86.914,sex_binary,logistic,True,M,M,0.00046175982663776427,0.9995382401733622
GSM2132889,GSE80672,blood,control,86.914,sex_binary,logistic,True,M,M,0.220557915702853,0.779442084297147
GSM2132890,GSE80672,blood,control,86.914,sex_binary,logistic,True,M,M,0.04865462426426237,0.9513453757357376
GSM2132891,GSE80672,blood,control,86.914,sex_binary,logistic,True,M,M,0.1731978559962224,0.8268021440037776
GSM2132892,GSE80672,blood,control,86.914,sex_binary,logistic,True,M,M,0.00012825169735652953,0.9998717483026435
GSM2132893,GSE80672,blood,control,95.606,sex_binary,logistic,True,M,M,0.000505766655386819,0.9994942333446132
GSM2132894,GSE80672,blood,control,95.606,sex_binary,logistic,True,M,M,9.38166823094555e-06,0.999990618331769
GSM2132895,GSE80672,blood,control,95.606,sex_binary,logistic,True,M,M,0.05568295820888414,0.9443170417911159
GSM2132896,GSE80672,blood,control,95.606,sex_binary,logistic,True,M,M,6.509385154673808e-06,0.9999934906148453
GSM2132897,GSE80672,blood,control,95.606,sex_binary,logistic,True,M,M,0.0007104437477757353,0.9992895562522243
GSM2132898,GSE80672,blood,control,95.606,sex_binary,logistic,True,M,M,2.9383914874614447e-06,0.9999970616085125
GSM2132899,GSE80672,blood,control,95.606,sex_binary,logistic,True,M,M,0.001129927294223454,0.9988700727057765
GSM2132900,GSE80672,blood,control,95.606,sex_binary,logistic,True,M,M,0.00038550361974176717,0.9996144963802582
GSM2132901,GSE80672,blood,control,95.606,sex_binary,logistic,True,M,M,0.0793633316696516,0.9206366683303484
GSM2132902,GSE80672,blood,control,104.297,sex_binary,logistic,True,M,M,0.0006763946288137479,0.9993236053711863
GSM2132903,GSE80672,blood,control,104.297,sex_binary,logistic,True,M,M,0.0022701574534322866,0.9977298425465677
GSM2132904,GSE80672,blood,control,104.297,sex_binary,logistic,True,M,M,0.002870105253162669,0.9971298947468373
GSM2132905,GSE80672,blood,control,104.297,sex_binary,logistic,True,M,F,0.5606027986221571,0.4393972013778428
GSM2132906,GSE80672,blood,control,104.297,sex_binary,logistic,True,M,M,0.13163021337096248,0.8683697866290375
GSM2132907,GSE80672,blood,control,104.297,sex_binary,logistic,True,M,M,0.00014659955413232062,0.9998534004458677
GSM2132908,GSE80672,blood,control,104.297,sex_binary,logistic,True,M,M,0.002150874675504233,0.9978491253244958
GSM2132909,GSE80672,blood,control,104.297,sex_binary,logistic,True,M,M,5.310612866271658e-05,0.9999468938713373
GSM2132910,GSE80672,blood,control,104.297,sex_binary,logistic,True,M,M,0.1734437281676291,0.8265562718323709
GSM2132911,GSE80672,blood,control,112.989,sex_binary,logistic,True,M,M,0.2669063972456107,0.7330936027543893
GSM2132912,GSE80672,blood,control,112.989,sex_binary,logistic,True,M,F,0.7358934903958443,0.26410650960415577
GSM2132913,GSE80672,blood,control,112.989,sex_binary,logistic,True,M,F,0.8822243229760381,0.11777567702396187
GSM2132914,GSE80672,blood,control,112.989,sex_binary,logistic,True,M,M,0.00016621477914702254,0.999833785220853
GSM2132915,GSE80672,blood,control,112.989,sex_binary,logistic,True,M,M,0.0013089766192134755,0.9986910233807865
GSM2132916,GSE80672,blood,control,112.989,sex_binary,logistic,True,M,M,0.009562449149422614,0.9904375508505774
GSM2132917,GSE80672,blood,control,112.989,sex_binary,logistic,True,M,M,0.02524811167326424,0.9747518883267358
GSM2132918,GSE80672,blood,control,112.989,sex_binary,logistic,True,M,M,7.716947427960363e-06,0.999992283052572
GSM2132919,GSE80672,blood,control,112.989,sex_binary,logistic,True,M,M,0.035887542472373246,0.9641124575276268
GSM2132920,GSE80672,blood,control,112.989,sex_binary,logistic,True,M,M,0.00021616390996981316,0.9997838360900302
GSM2132921,GSE80672,blood,control,121.68,sex_binary,logistic,True,M,M,0.005458160944059265,0.9945418390559407
GSM2132922,GSE80672,blood,control,121.68,sex_binary,logistic,True,M,M,0.017443523274496275,0.9825564767255037
GSM2132923,GSE80672,blood,control,121.68,sex_binary,logistic,True,M,M,8.086439477528184e-05,0.9999191356052247
GSM2132924,GSE80672,blood,control,121.68,sex_binary,logistic,True,M,F,0.6441885287935186,0.3558114712064814
GSM2132925,GSE80672,blood,control,121.68,sex_binary,logistic,True,M,M,0.0012405590534494415,0.9987594409465506
GSM2132926,GSE80672,blood,control,121.68,sex_binary,logistic,True,M,M,0.00040929138863743386,0.9995907086113626
GSM2132927,GSE80672,blood,control,121.68,sex_binary,logistic,True,M,M,0.004959709898928355,0.9950402901010716
GSM2132928,GSE80672,blood,control,121.68,sex_binary,logistic,True,M,M,0.0043497845087436815,0.9956502154912563
GSM2132929,GSE80672,blood,control,121.68,sex_binary,logistic,True,M,M,1.972663050131551e-06,0.9999980273369499
GSM2132930,GSE80672,blood,control,130.371,sex_binary,logistic,True,M,M,8.565594840637125e-06,0.9999914344051594
GSM2132931,GSE80672,blood,control,130.371,sex_binary,logistic,True,M,F,0.6026231899724995,0.39737681002750047
GSM2132932,GSE80672,blood,control,130.371,sex_binary,logistic,True,M,M,0.0012481302817090034,0.998751869718291
GSM2132933,GSE80672,blood,control,130.371,sex_binary,logistic,True,M,M,0.00023556991530881977,0.9997644300846912
GSM2132934,GSE80672,blood,control,130.371,sex_binary,logistic,True,M,M,0.000930468750800939,0.9990695312491991
GSM2132935,GSE80672,blood,control,130.371,sex_binary,logistic,True,M,M,0.479406978928126,0.520593021071874
GSM2132936,GSE80672,blood,control,130.371,sex_binary,logistic,True,M,M,0.001609752607221293,0.9983902473927787
GSM2132937,GSE80672,blood,control,130.371,sex_binary,logistic,True,M,M,4.537733103704422e-05,0.999954622668963
GSM2132938,GSE80672,blood,control,130.371,sex_binary,logistic,True,M,M,0.00552092007232674,0.9944790799276733
GSM2132939,GSE80672,blood,control,139.063,sex_binary,logistic,True,M,M,0.0536681425628186,0.9463318574371814
GSM2132940,GSE80672,blood,control,139.063,sex_binary,logistic,True,M,M,0.016157992854385128,0.9838420071456149
GSM2132941,GSE80672,blood,control,139.063,sex_binary,logistic,True,M,M,0.003989722426280151,0.9960102775737198
GSM2132942,GSE80672,blood,control,139.063,sex_binary,logistic,True,M,M,0.09041266446317542,0.9095873355368246
GSM2132943,GSE80672,blood,control,139.063,sex_binary,logistic,True,M,M,0.045157327878204256,0.9548426721217957
GSM2132944,GSE80672,blood,control,139.063,sex_binary,logistic,True,M,M,0.00029175065911157816,0.9997082493408884
GSM2132945,GSE80672,blood,control,139.063,sex_binary,logistic,True,M,M,0.0210989465811936,0.9789010534188064
GSM2132946,GSE80672,blood,control,147.754,sex_binary,logistic,True,M,M,0.04267441238440517,0.9573255876155948
GSM2132947,GSE80672,blood,control,147.754,sex_binary,logistic,True,M,M,0.20465881102356343,0.7953411889764366
GSM2132948,GSE80672,blood,control,147.754,sex_binary,logistic,True,M,M,0.0037089317830951707,0.9962910682169048
GSM2132949,GSE80672,blood,control,147.754,sex_binary,logistic,True,M,M,0.1421982172180707,0.8578017827819293
GSM2132950,GSE80672,blood,control,147.754,sex_binary,logistic,True,M,M,0.020542779217625262,0.9794572207823747
GSM2132951,GSE80672,blood,control,147.754,sex_binary,logistic,True,M,F,0.9900654221445108,0.009934577855489183
GSM2132952,GSE80672,blood,control,147.754,sex_binary,logistic,True,M,M,0.20497604222338794,0.7950239577766121
GSM2132953,GSE80672,blood,control,147.754,sex_binary,logistic,True,M,M,0.0021881242312087323,0.9978118757687913
GSM2132954,GSE80672,blood,control,147.754,sex_binary,logistic,True,M,F,0.7865032645376379,0.21349673546236217
GSM2132955,GSE80672,blood,control,152.1,sex_binary,logistic,True,M,M,0.0003432516835513155,0.9996567483164487
GSM2132956,GSE80672,blood,control,152.1,sex_binary,logistic,True,M,M,9.115029487904991e-05,0.999908849705121
GSM2132957,GSE80672,blood,control,152.1,sex_binary,logistic,True,M,M,0.12763593981046817,0.8723640601895318
GSM2132958,GSE80672,blood,control,152.1,sex_binary,logistic,True,M,M,0.04586911508039948,0.9541308849196005
GSM2132959,GSE80672,blood,control,152.1,sex_binary,logistic,True,M,M,0.015687180962070446,0.9843128190379296
GSM2132960,GSE80672,blood,control,152.1,sex_binary,logistic,True,M,M,0.011551660817715748,0.9884483391822843
GSM2132961,GSE80672,fibroblast,control,10.864,sex_binary,logistic,True,M,F,0.9999999997856416,2.1435843866124936e-10
GSM2132962,GSE80672,fibroblast,control,10.864,sex_binary,logistic,True,M,F,0.9999999999999187,8.124738620304669e-14
GSM2132963,GSE80672,fibroblast,control,10.864,sex_binary,logistic,True,M,F,0.9999999999166042,8.339585404851924e-11
GSM2132964,GSE80672,fibroblast,control,10.864,sex_binary,logistic,True,M,F,0.9999999982031285,1.796871515666205e-09
GSM2132965,GSE80672,fibroblast,control,10.864,sex_binary,logistic,True,M,F,0.9999999998852417,1.1475833102150978e-10
GSM2132966,GSE80672,fibroblast,control,10.864,sex_binary,logistic,True,M,F,0.9999999999544982,4.5501860772943665e-11
GSM3426754,GSE121141,brain_cortex,control,26.074,sex_binary,logistic,True,M,M,1.5887657824009693e-05,0.999984112342176
GSM3426755,GSE121141,brain_cortex,control,26.074,sex_binary,logistic,True,M,M,2.0430068886634345e-06,0.9999979569931113
GSM3426756,GSE121141,brain_cortex,control,26.074,sex_binary,logistic,True,M,M,0.00013997642768892593,0.9998600235723111
GSM3426757,GSE121141,brain_cortex,control,26.074,sex_binary,logistic,True,M,M,7.876634493531043e-07,0.9999992123365506
GSM3426758,GSE121141,brain_cortex,control,26.074,sex_binary,logistic,True,M,M,5.7367146366615884e-08,0.9999999426328536
GSM3426759,GSE121141,brain_cortex,control,52.149,sex_binary,logistic,True,M,M,0.0005136872694734285,0.9994863127305266
GSM3426760,GSE121141,brain_cortex,control,52.149,sex_binary,logistic,True,M,M,0.296361383322741,0.703638616677259
GSM3426761,GSE121141,brain_cortex,control,52.149,sex_binary,logistic,True,M,M,9.943283488222932e-05,0.9999005671651178
GSM3426762,GSE121141,brain_cortex,control,52.149,sex_binary,logistic,True,M,M,0.002121910568175678,0.9978780894318243
GSM3426763,GSE121141,brain_cortex,control,52.149,sex_binary,logistic,True,M,M,0.0007343601809891576,0.9992656398190108
GSM3426764,GSE121141,brain_cortex,control,86.914,sex_binary,logistic,True,M,M,1.5024426147647318e-10,0.9999999998497557
GSM3426765,GSE121141,brain_cortex,control,86.914,sex_binary,logistic,True,M,M,1.1879496261135714e-06,0.9999988120503739
GSM3426766,GSE121141,brain_cortex,control,86.914,sex_binary,logistic,True,M,M,3.783637121468342e-05,0.9999621636287853
GSM3426767,GSE121141,brain_cortex,control,86.914,sex_binary,logistic,True,M,M,0.0038380674997597897,0.9961619325002402
GSM3426768,GSE121141,brain_cortex,control,86.914,sex_binary,logistic,True,M,M,0.005283052065881866,0.9947169479341181
GSM3426769,GSE121141,brain_cortex,control,130.371,sex_binary,logistic,True,M,M,0.00010400659964082681,0.9998959934003592
GSM3426770,GSE121141,brain_cortex,control,130.371,sex_binary,logistic,True,M,F,0.9883327851087833,0.011667214891216738
GSM3426771,GSE121141,brain_cortex,control,130.371,sex_binary,logistic,True,M,M,1.4502998801901867e-10,0.99999999985497
GSM3426772,GSE121141,brain_cortex,control,130.371,sex_binary,logistic,True,M,M,0.000687000297909357,0.9993129997020906
GSM3426773,GSE121141,brain_cortex,control,130.371,sex_binary,logistic,True,M,M,2.4850745531601603e-05,0.9999751492544684
GSM3426774,GSE121141,heart,control,26.074,sex_binary,logistic,True,M,M,0.0003019748398589428,0.9996980251601411
GSM3426775,GSE121141,heart,control,26.074,sex_binary,logistic,True,M,M,1.549702877134962e-08,0.9999999845029712
GSM3426776,GSE121141,heart,control,26.074,sex_binary,logistic,True,M,M,0.0020053567401450145,0.997994643259855
GSM3426777,GSE121141,heart,control,26.074,sex_binary,logistic,True,M,M,0.006002150759312208,0.9939978492406878
GSM3426778,GSE121141,heart,control,26.074,sex_binary,logistic,True,M,F,0.9873205953994442,0.01267940460055586
GSM3426779,GSE121141,heart,control,43.457,sex_binary,logistic,True,M,F,0.9596253432284612,0.04037465677153883
GSM3426780,GSE121141,heart,control,52.149,sex_binary,logistic,True,M,F,0.9495922952791117,0.05040770472088829
GSM3426781,GSE121141,heart,control,52.149,sex_binary,logistic,True,M,F,0.5950400373621927,0.4049599626378073
GSM3426782,GSE121141,heart,control,52.149,sex_binary,logistic,True,M,M,0.17295652615506807,0.8270434738449319
GSM3426783,GSE121141,heart,control,52.149,sex_binary,logistic,True,M,F,0.9811638985634653,0.018836101436534688
GSM3426784,GSE121141,heart,control,52.149,sex_binary,logistic,True,M,F,0.52876614697172,0.47123385302827997
GSM3426785,GSE121141,heart,control,86.914,sex_binary,logistic,True,M,F,0.9907535485453587,0.009246451454641296
GSM3426786,GSE121141,heart,control,86.914,sex_binary,logistic,True,M,F,0.9965672046476199,0.0034327953523800316
GSM3426787,GSE121141,heart,control,86.914,sex_binary,logistic,True,M,F,0.7619471955792001,0.23805280442079987
GSM3426788,GSE121141,heart,control,86.914,sex_binary,logistic,True,M,M,0.12290352123761794,0.8770964787623821
GSM3426789,GSE121141,heart,control,86.914,sex_binary,logistic,True,M,F,0.9426879402504761,0.057312059749523914
GSM3426790,GSE121141,heart,control,130.371,sex_binary,logistic,True,M,F,0.9999627899995771,3.721000042290425e-05
GSM3426791,GSE121141,heart,control,130.371,sex_binary,logistic,True,M,F,0.7516216822923316,0.24837831770766836
GSM3426792,GSE121141,heart,control,130.371,sex_binary,logistic,True,M,M,0.006254362333614871,0.9937456376663851
GSM3426793,GSE121141,heart,control,130.371,sex_binary,logistic,True,M,F,0.999593840488528,0.0004061595114720016
GSM3426794,GSE121141,heart,control,130.371,sex_binary,logistic,True,M,F,0.9919778503466284,0.008022149653371514
GSM3426795,GSE121141,liver,control,26.074,sex_binary,logistic,True,M,M,0.018332172321464446,0.9816678276785356
GSM3426796,GSE121141,liver,control,26.074,sex_binary,logistic,True,M,F,0.9963360146847894,0.0036639853152106317
GSM3426797,GSE121141,liver,control,26.074,sex_binary,logistic,True,M,F,0.7706757975096481,0.22932420249035187
GSM3426798,GSE121141,liver,control,26.074,sex_binary,logistic,True,M,M,0.45447604048305024,0.5455239595169498
GSM3426799,GSE121141,liver,control,26.074,sex_binary,logistic,True,M,F,0.5369777921925951,0.4630222078074049
GSM3426800,GSE121141,liver,control,43.457,sex_binary,logistic,True,M,F,0.603482887326809,0.39651711267319095
GSM3426801,GSE121141,liver,control,52.149,sex_binary,logistic,True,M,M,0.1527958077335263,0.8472041922664737
GSM3426802,GSE121141,liver,control,52.149,sex_binary,logistic,True,M,M,0.06021670433439619,0.9397832956656038
GSM3426803,GSE121141,liver,control,52.149,sex_binary,logistic,True,M,M,1.2367787313616319e-05,0.9999876322126864
GSM3426804,GSE121141,liver,control,52.149,sex_binary,logistic,True,M,F,0.9400554869574087,0.0599445130425913
GSM3426805,GSE121141,liver,control,52.149,sex_binary,logistic,True,M,M,0.07739905343178077,0.9226009465682192
GSM3426806,GSE121141,liver,control,86.914,sex_binary,logistic,True,M,F,0.9999958710049652,4.128995034766212e-06
GSM3426807,GSE121141,liver,control,86.914,sex_binary,logistic,True,M,M,0.47407952017988897,0.525920479820111
GSM3426808,GSE121141,liver,control,86.914,sex_binary,logistic,True,M,F,0.6380373672373167,0.3619626327626833
GSM3426809,GSE121141,liver,control,86.914,sex_binary,logistic,True,M,M,0.2382458854384477,0.7617541145615523
GSM3426810,GSE121141,liver,control,86.914,sex_binary,logistic,True,M,F,0.5786585452498276,0.4213414547501724
GSM3426811,GSE121141,liver,control,130.371,sex_binary,logistic,True,M,M,0.08150099509815933,0.9184990049018407
GSM3426812,GSE121141,liver,control,130.371,sex_binary,logistic,True,M,M,0.010303631661548907,0.9896963683384511
GSM3426813,GSE121141,liver,control,130.371,sex_binary,logistic,True,M,M,0.021140222630707917,0.9788597773692921
GSM3426814,GSE121141,liver,control,130.371,sex_binary,logistic,True,M,M,0.43587739892130717,0.5641226010786928
GSM3426815,GSE121141,lung,control,26.074,sex_binary,logistic,True,M,M,1.2384690807332177e-06,0.9999987615309193
GSM3426816,GSE121141,lung,control,26.074,sex_binary,logistic,True,M,F,0.9974100689940218,0.0025899310059782042
GSM3426817,GSE121141,lung,control,26.074,sex_binary,logistic,True,M,M,0.22836902787318958,0.7716309721268104
GSM3426818,GSE121141,lung,control,26.074,sex_binary,logistic,True,M,M,0.0069688522338411385,0.9930311477661589
GSM3426819,GSE121141,lung,control,26.074,sex_binary,logistic,True,M,F,0.8047808869952938,0.19521911300470615
GSM3426820,GSE121141,lung,control,52.149,sex_binary,logistic,True,M,M,5.578605970557593e-05,0.9999442139402944
GSM3426821,GSE121141,lung,control,52.149,sex_binary,logistic,True,M,M,0.08123057310751247,0.9187694268924875
GSM3426822,GSE121141,lung,control,52.149,sex_binary,logistic,True,M,M,0.42023934509083205,0.579760654909168
GSM3426823,GSE121141,lung,control,52.149,sex_binary,logistic,True,M,M,0.0725134978000993,0.9274865021999007
GSM3426824,GSE121141,lung,control,52.149,sex_binary,logistic,True,M,F,0.6718793755644361,0.32812062443556383
GSM3426825,GSE121141,lung,control,86.914,sex_binary,logistic,True,M,F,0.8710315050493072,0.1289684949506929
GSM3426826,GSE121141,lung,control,86.914,sex_binary,logistic,True,M,M,0.028338728625654452,0.9716612713743455
GSM3426827,GSE121141,lung,control,86.914,sex_binary,logistic,True,M,F,0.9546498801855777,0.04535011981442224
GSM3426828,GSE121141,lung,control,86.914,sex_binary,logistic,True,M,M,0.051898310893029875,0.9481016891069701
GSM3426829,GSE121141,lung,control,86.914,sex_binary,logistic,True,M,F,0.9102567887331636,0.08974321126683632
GSM3426830,GSE121141,lung,control,130.371,sex_binary,logistic,True,M,M,6.33415188990849e-05,0.9999366584811009
GSM3426831,GSE121141,lung,control,130.371,sex_binary,logistic,True,M,M,0.1136337750765789,0.8863662249234211
GSM3426832,GSE121141,lung,control,130.371,sex_binary,logistic,True,M,M,0.4144475595380219,0.5855524404619781
GSM3426833,GSE121141,lung,control,130.371,sex_binary,logistic,True,M,M,0.014641081835860215,0.9853589181641398
GSM3426834,GSE121141,lung,control,130.371,sex_binary,logistic,True,M,F,0.8921828303861988,0.10781716961380115
GSE60012_tile_001,GSE60012,liver,control,3.0,sex_binary,logistic,True,M,M,0.03323769987893754,0.9667623001210625
GSE60012_tile_002,GSE60012,liver,control,8.0,sex_binary,logistic,True,F,F,0.9999969217097032,3.0782902967263475e-06
GSE60012_tile_003,GSE60012,liver,control,8.0,sex_binary,logistic,True,F,F,0.9999998596608131,1.4033918694906684e-07
GSE60012_tile_004,GSE60012,liver,control,8.0,sex_binary,logistic,True,F,F,0.9999998887957929,1.1120420711959064e-07
GSE60012_tile_005,GSE60012,liver,control,8.0,sex_binary,logistic,True,F,F,0.9999998685434113,1.3145658872127018e-07
GSE60012_tile_006,GSE60012,liver,control,8.0,sex_binary,logistic,True,F,F,0.9999956156338123,4.384366187665711e-06
GSE60012_tile_007,GSE60012,liver,control,8.0,sex_binary,logistic,True,M,F,0.9999999882146967,1.1785303303158068e-08
GSE60012_tile_008,GSE60012,liver,control,8.0,sex_binary,logistic,True,M,F,0.9999999378516722,6.21483277769572e-08
GSE60012_tile_009,GSE60012,liver,control,8.0,sex_binary,logistic,True,M,F,0.9950681720713299,0.004931827928670077
GSE60012_tile_010,GSE60012,liver,control,8.0,sex_binary,logistic,True,M,F,0.9999999084600132,9.153998686160788e-08
GSE60012_tile_011,GSE60012,liver,control,8.0,sex_binary,logistic,True,M,F,0.9999759656615812,2.403433841878027e-05
GSE60012_tile_012,GSE60012,liver,other_intervention,28.0,sex_binary,logistic,True,M,F,0.9999998934195155,1.065804845552154e-07
GSE60012_tile_013,GSE60012,liver,other_intervention,28.0,sex_binary,logistic,True,M,F,0.9999999414214032,5.8578596705972793e-08
GSE60012_tile_014,GSE60012,liver,other_intervention,28.0,sex_binary,logistic,True,M,F,0.7132946646763458,0.28670533532365416
GSE60012_tile_015,GSE60012,liver,other_intervention,28.0,sex_binary,logistic,True,M,F,0.9787161081816289,0.02128389181837114
GSE60012_tile_016,GSE60012,liver,other_intervention,28.0,sex_binary,logistic,True,M,M,2.2704154838404378e-06,0.9999977295845162
GSE60012_tile_017,GSE60012,liver,other_intervention,28.0,sex_binary,logistic,True,M,F,0.9999932758875153,6.724112484756474e-06
GSE60012_tile_018,GSE60012,liver,other_intervention,28.0,sex_binary,logistic,True,M,F,0.9992428206239699,0.000757179376030179
GSE60012_tile_019,GSE60012,liver,other_intervention,28.0,sex_binary,logistic,True,M,F,0.998157918216245,0.0018420817837549908
GSE60012_tile_020,GSE60012,liver,other_intervention,28.0,sex_binary,logistic,True,M,M,3.326635946832024e-05,0.9999667336405317
GSE60012_tile_021,GSE60012,liver,other_intervention,28.0,sex_binary,logistic,True,M,M,2.0485348759757827e-05,0.9999795146512402
GSE60012_tile_022,GSE60012,liver,other_intervention,28.0,sex_binary,logistic,True,M,F,0.999999947827917,5.217208303822875e-08
GSE60012_tile_023,GSE60012,liver,other_intervention,20.0,sex_binary,logistic,True,M,F,0.9999999858862085,1.4113791425447035e-08
GSE60012_tile_024,GSE60012,muscle,other_intervention,20.0,sex_binary,logistic,True,M,F,0.9999999999991536,8.464463869254293e-13
GSE60012_tile_025,GSE60012,liver,other_intervention,20.0,sex_binary,logistic,True,M,F,0.9999993205735849,6.794264151702422e-07
GSE60012_tile_026,GSE60012,muscle,other_intervention,20.0,sex_binary,logistic,True,M,F,0.9999999999988418,1.1581603429672955e-12
GSE60012_tile_027,GSE60012,liver,other_intervention,20.0,sex_binary,logistic,True,M,F,0.9882122070108286,0.011787792989171427
GSE60012_tile_028,GSE60012,muscle,other_intervention,20.0,sex_binary,logistic,True,M,F,0.999999999992538,7.462002874144354e-12
GSE60012_tile_029,GSE60012,liver,other_intervention,20.0,sex_binary,logistic,True,M,F,0.9991722162507165,0.0008277837492835353
GSE60012_tile_030,GSE60012,muscle,other_intervention,20.0,sex_binary,logistic,True,M,F,0.9999999999977013,2.298754591833321e-12
GSE60012_tile_031,GSE60012,liver,other_intervention,20.0,sex_binary,logistic,True,M,F,0.9999947581920775,5.241807922520342e-06
GSE60012_tile_032,GSE60012,muscle,other_intervention,20.0,sex_binary,logistic,True,M,F,0.9999364896280913,6.351037190861715e-05
GSE60012_tile_033,GSE60012,liver,other_intervention,20.0,sex_binary,logistic,True,M,F,0.9997628252283813,0.00023717477161863427
GSE60012_tile_034,GSE60012,muscle,other_intervention,20.0,sex_binary,logistic,True,M,F,0.999999999676533,3.2346708503586207e-10
GSE60012_tile_035,GSE60012,liver,other_intervention,20.0,sex_binary,logistic,True,M,F,0.9999999967473815,3.2526185121689677e-09
GSE60012_tile_036,GSE60012,muscle,other_intervention,20.0,sex_binary,logistic,True,M,F,0.9999999998650316,1.34968384770039e-10
GSE60012_tile_037,GSE60012,liver,other_intervention,20.0,sex_binary,logistic,True,M,F,0.9999999854727022,1.4527297785168942e-08
GSE60012_tile_038,GSE60012,muscle,other_intervention,20.0,sex_binary,logistic,True,M,F,0.9999999999997262,2.7379064075853303e-13
GSE60012_tile_039,GSE60012,liver,other_intervention,20.0,sex_binary,logistic,True,M,F,0.9999999283632285,7.163677153220683e-08
GSE60012_tile_040,GSE60012,muscle,other_intervention,20.0,sex_binary,logistic,True,M,F,0.9999999959110821,4.088917911349988e-09
GSE60012_tile_041,GSE60012,liver,other_intervention,20.0,sex_binary,logistic,True,M,F,0.9999973310109369,2.6689890630515953e-06
GSE60012_tile_042,GSE60012,liver,other_intervention,20.0,sex_binary,logistic,True,M,F,0.9996242634312662,0.0003757365687337775
GSE60012_tile_043,GSE60012,liver,other_intervention,20.0,sex_binary,logistic,True,M,F,0.9960556624213511,0.003944337578648856
GSE60012_tile_044,GSE60012,liver,other_intervention,20.0,sex_binary,logistic,True,M,F,0.9999999998966772,1.0332276305584751e-10
GSE60012_tile_045,GSE60012,liver,other_intervention,20.0,sex_binary,logistic,True,M,F,0.9999999999998148,1.8522010444914173e-13
GSE60012_tile_046,GSE60012,liver,other_intervention,20.0,sex_binary,logistic,True,M,F,0.9999952174613388,4.782538661210949e-06
GSE60012_tile_047,GSE60012,liver,other_intervention,20.0,sex_binary,logistic,True,M,F,0.9999999997429853,2.5701478034032926e-10
GSE60012_tile_048,GSE60012,liver,other_intervention,20.0,sex_binary,logistic,True,M,F,0.9999999998199878,1.8001220859295663e-10
GSE60012_tile_049,GSE60012,liver,other_intervention,20.0,sex_binary,logistic,True,F,F,0.9999999173561112,8.264388882887996e-08
GSE60012_tile_050,GSE60012,liver,other_intervention,20.0,sex_binary,logistic,True,F,F,0.9999995420468305,4.579531694921702e-07
GSE60012_tile_051,GSE60012,liver,other_intervention,20.0,sex_binary,logistic,True,F,F,0.9999999906720993,9.327900673218458e-09
GSE60012_tile_052,GSE60012,liver,other_intervention,20.0,sex_binary,logistic,True,F,F,0.9999999748976159,2.5102384064758027e-08
GSE60012_tile_053,GSE60012,liver,other_intervention,20.0,sex_binary,logistic,True,F,F,0.9999999999989914,1.008674342752395e-12
GSE60012_tile_054,GSE60012,liver,other_intervention,20.0,sex_binary,logistic,True,F,F,0.9999999982948173,1.7051826459293537e-09
GSE60012_tile_055,GSE60012,liver,other_intervention,20.0,sex_binary,logistic,True,F,F,0.9999974880552454,2.511944754627453e-06
GSE60012_tile_056,GSE60012,liver,other_intervention,20.0,sex_binary,logistic,True,F,F,0.9999999996761708,3.238291850527104e-10
GSE60012_tile_057,GSE60012,liver,other_intervention,20.0,sex_binary,logistic,True,F,M,0.4974155765113706,0.5025844234886294
GSE60012_tile_058,GSE60012,liver,other_intervention,20.0,sex_binary,logistic,True,F,F,0.9999999797970122,2.0202987819961498e-08
GSE60012_tile_059,GSE60012,liver,other_intervention,20.0,sex_binary,logistic,True,F,F,0.9999999968837241,3.116275850426372e-09
GSE60012_tile_060,GSE60012,liver,other_intervention,20.0,sex_binary,logistic,True,F,F,0.999990062633085,9.937366914979075e-06
GSE60012_tile_061,GSE60012,liver,other_intervention,20.0,sex_binary,logistic,True,F,M,2.665399012613534e-10,0.9999999997334601
GSE60012_tile_062,GSE60012,liver,other_intervention,20.0,sex_binary,logistic,True,F,F,0.9999979041110221,2.0958889779499143e-06
GSE60012_tile_063,GSE60012,liver,other_intervention,20.0,sex_binary,logistic,True,F,F,0.9999999999520865,4.7913430251863683e-11
GSE60012_tile_064,GSE60012,liver,other_intervention,28.0,sex_binary,logistic,True,M,F,0.9999999973410912,2.658908775953305e-09
GSE60012_tile_065,GSE60012,liver,other_intervention,28.0,sex_binary,logistic,True,M,F,0.9999999941524761,5.847523953562982e-09
GSE60012_tile_066,GSE60012,liver,other_intervention,20.0,sex_binary,logistic,True,M,F,0.9999999996372161,3.6278386308583185e-10
GSE60012_tile_067,GSE60012,liver,other_intervention,28.0,sex_binary,logistic,True,M,F,0.9999999887351175,1.1264882500730474e-08
GSE60012_tile_068,GSE60012,liver,other_intervention,28.0,sex_binary,logistic,True,M,F,0.9999999999996185,3.8150671131106416e-13
GSE60012_tile_069,GSE60012,brain_cerebellum,control,20.0,sex_binary,logistic,True,F,F,0.9999999999992253,7.747048021058066e-13
GSE60012_tile_070,GSE60012,liver,control,20.0,sex_binary,logistic,True,F,F,0.9999999999405875,5.941244341612598e-11
GSE60012_tile_071,GSE60012,brain_cerebellum,control,20.0,sex_binary,logistic,True,F,F,0.999998006157145,1.9938428550797647e-06
GSE60012_tile_072,GSE60012,liver,control,20.0,sex_binary,logistic,True,F,F,0.999999996831415,3.168584923630334e-09
GSE60012_tile_073,GSE60012,brain_cerebellum,control,20.0,sex_binary,logistic,True,F,F,0.9999999956835848,4.316415212392543e-09
GSE60012_tile_074,GSE60012,liver,control,20.0,sex_binary,logistic,True,F,F,0.9999785574905823,2.1442509417671568e-05
GSE60012_tile_075,GSE60012,brain_cerebellum,control,20.0,sex_binary,logistic,True,F,F,0.9999999989604232,1.0395767240751602e-09
GSE60012_tile_076,GSE60012,liver,control,20.0,sex_binary,logistic,True,M,F,0.9999999998586955,1.4130449606735132e-10
GSE60012_tile_077,GSE60012,liver,control,20.0,sex_binary,logistic,True,M,F,0.9999999999980563,1.943703997361644e-12
GSE60012_tile_078,GSE60012,liver,control,20.0,sex_binary,logistic,True,F,F,0.995485467892588,0.004514532107412066
GSE60012_tile_079,GSE60012,liver,control,20.0,sex_binary,logistic,True,F,F,0.9999999999974079,2.592169319632098e-12
GSE60012_tile_081,GSE60012,liver,control,20.0,sex_binary,logistic,True,M,F,0.9999947869973039,5.21300269610119e-06
GSE60012_tile_082,GSE60012,liver,control,20.0,sex_binary,logistic,True,F,F,0.9999270811762055,7.291882379449595e-05
GSE60012_tile_083,GSE60012,liver,control,20.0,sex_binary,logistic,True,F,F,0.9977464694252652,0.0022535305747347664
GSE60012_tile_084,GSE60012,liver,control,20.0,sex_binary,logistic,True,M,F,0.9999999968332581,3.1667418469139342e-09
GSE60012_tile_085,GSE60012,liver,control,20.0,sex_binary,logistic,True,M,F,0.9999999999612535,3.8746450306431095e-11
GSE60012_tile_086,GSE60012,spleen,control,20.0,sex_binary,logistic,True,M,F,0.9999996693478418,3.3065215815411474e-07
GSE60012_tile_087,GSE60012,liver,control,20.0,sex_binary,logistic,True,M,F,0.9999998430194204,1.5698057964204177e-07
GSE60012_tile_088,GSE60012,liver,control,20.0,sex_binary,logistic,True,M,F,0.9944021481600267,0.005597851839973245
GSE60012_tile_089,GSE60012,spleen,control,20.0,sex_binary,logistic,True,M,M,0.033502872225612546,0.9664971277743875
GSE60012_tile_090,GSE60012,spleen,control,20.0,sex_binary,logistic,True,M,F,0.9539010066445506,0.046098993355449425
GSE60012_tile_091,GSE60012,spleen,control,20.0,sex_binary,logistic,True,M,F,0.9999999995613912,4.3860886867835515e-10
GSE60012_tile_092,GSE60012,spleen,control,20.0,sex_binary,logistic,True,F,F,0.9999999999971121,2.8878868806997582e-12
GSE60012_tile_093,GSE60012,spleen,control,20.0,sex_binary,logistic,True,F,F,0.9999999999995358,4.641405099760927e-13
GSE60012_tile_094,GSE60012,liver,control,20.0,sex_binary,logistic,True,F,M,0.436232654720467,0.563767345279533
GSE60012_tile_095,GSE60012,spleen,control,20.0,sex_binary,logistic,True,F,F,0.9414761929732105,0.058523807026789484
GSE60012_tile_096,GSE60012,spleen,control,20.0,sex_binary,logistic,True,F,F,0.9999999991465712,8.534288142398123e-10
GSE60012_tile_097,GSE60012,liver,control,1.0,sex_binary,logistic,True,F,F,0.9999999906663446,9.333655401575298e-09
GSE60012_tile_098,GSE60012,liver,control,1.0,sex_binary,logistic,True,F,F,0.999999996824427,3.175572994678295e-09
GSE60012_tile_099,GSE60012,liver,control,1.0,sex_binary,logistic,True,M,F,0.9999999998837292,1.1627077591637691e-10
GSE60012_tile_100,GSE60012,liver,control,1.0,sex_binary,logistic,True,M,F,0.9999999457684507,5.423154929781156e-08
GSE60012_tile_101,GSE60012,liver,control,1.0,sex_binary,logistic,True,M,F,0.9999999895805738,1.0419426223294055e-08
GSE60012_tile_102,GSE60012,liver,control,1.0,sex_binary,logistic,True,F,F,0.9999999699251679,3.007483209744759e-08
GSE60012_tile_103,GSE60012,liver,control,1.0,sex_binary,logistic,True,M,F,0.9999999999999843,1.57080853595405e-14
GSE60012_tile_104,GSE60012,liver,control,1.0,sex_binary,logistic,True,M,F,0.9999999996546244,3.45375602775653e-10
GSE60012_tile_105,GSE60012,liver,control,1.0,sex_binary,logistic,True,F,F,0.9999999999989082,1.0917545854044628e-12
GSE60012_tile_106,GSE60012,liver,control,1.0,sex_binary,logistic,True,F,F,0.9999999819410677,1.8058932401809866e-08
GSE60012_tile_107,GSE60012,liver,control,3.0,sex_binary,logistic,True,F,F,0.9999999904863007,9.513699313899061e-09
GSE60012_tile_108,GSE60012,liver,control,3.0,sex_binary,logistic,True,F,F,0.9999992081450392,7.918549608340315e-07
GSE60012_tile_109,GSE60012,liver,control,3.0,sex_binary,logistic,True,F,F,0.9992829610556178,0.0007170389443822779
GSE60012_tile_110,GSE60012,liver,control,3.0,sex_binary,logistic,True,F,F,0.9887327141236991,0.011267285876300841
GSE60012_tile_111,GSE60012,liver,control,3.0,sex_binary,logistic,True,M,F,0.9997633307511684,0.00023666924883158547
GSE60012_tile_112,GSE60012,liver,control,3.0,sex_binary,logistic,True,M,F,0.9978744055200499,0.002125594479950131
GSE60012_tile_113,GSE60012,liver,control,3.0,sex_binary,logistic,True,M,M,0.14093916108141424,0.8590608389185858
GSE60012_tile_114,GSE60012,liver,control,3.0,sex_binary,logistic,True,M,M,0.11213570119834204,0.887864298801658
GSE60012_tile_115,GSE60012,spleen,control,1.0,sex_binary,logistic,True,F,F,0.9999991636791105,8.363208895935664e-07
GSE60012_tile_116,GSE60012,liver,other_intervention,31.0,sex_binary,logistic,True,M,F,0.9963539888801843,0.003646011119815627
GSE60012_tile_117,GSE60012,liver,other_intervention,31.0,sex_binary,logistic,True,M,F,0.9999999162594484,8.374055162860758e-08
GSE60012_tile_118,GSE60012,liver,other_intervention,31.0,sex_binary,logistic,True,M,M,0.4588483863895211,0.5411516136104789
GSE60012_tile_119,GSE60012,liver,other_intervention,31.0,sex_binary,logistic,True,M,F,0.9969009524542657,0.003099047545734291
GSE60012_tile_120,GSE60012,liver,control,20.0,sex_binary,logistic,True,M,M,0.0022581877579193055,0.9977418122420807
GSE60012_tile_121,GSE60012,liver,control,20.0,sex_binary,logistic,True,M,M,0.000197127540809805,0.9998028724591902
GSE60012_tile_122,GSE60012,liver,control,20.0,sex_binary,logistic,True,F,M,5.6062866584216664e-05,0.9999439371334158
GSE60012_tile_123,GSE60012,liver,control,20.0,sex_binary,logistic,True,F,M,0.15045678661222384,0.8495432133877762
GSE60012_tile_124,GSE60012,muscle,control,3.0,sex_binary,logistic,True,M,F,0.9999999792943595,2.0705640490463987e-08
GSE60012_tile_125,GSE60012,muscle,control,3.0,sex_binary,logistic,True,M,F,0.9999999997550361,2.449639748036813e-10
GSE60012_tile_126,GSE60012,muscle,control,20.0,sex_binary,logistic,True,F,F,0.9999999912782613,8.72173868485804e-09
GSE60012_tile_127,GSE60012,muscle,control,20.0,sex_binary,logistic,True,F,F,0.9999999999988638,1.1361897206729563e-12
GSE60012_tile_128,GSE60012,muscle,control,20.0,sex_binary,logistic,True,F,F,0.9999999999998559,1.4409304224394433e-13
GSE60012_tile_129,GSE60012,muscle,control,20.0,sex_binary,logistic,True,M,F,0.9999999988976819,1.1023180727303551e-09
GSE60012_tile_130,GSE60012,muscle,control,20.0,sex_binary,logistic,True,F,F,0.9999999485041768,5.1495823115476504e-08
GSE60012_tile_131,GSE60012,muscle,control,20.0,sex_binary,logistic,True,M,F,0.9999999999997747,2.252312725063461e-13
GSE60012_tile_132,GSE60012,muscle,control,20.0,sex_binary,logistic,True,M,F,0.9999999880358112,1.1964188787162517e-08
GSE60012_tile_133,GSE60012,muscle,control,20.0,sex_binary,logistic,True,M,F,0.9999745635909005,2.5436409099423813e-05
GSE60012_tile_134,GSE60012,muscle,control,20.0,sex_binary,logistic,True,M,F,0.9999999999630605,3.693944198814101e-11
GSE60012_tile_135,GSE60012,muscle,control,20.0,sex_binary,logistic,True,M,F,0.9999999999535681,4.6431901877097505e-11
GSE60012_tile_136,GSE60012,muscle,control,20.0,sex_binary,logistic,True,M,F,0.999991140037942,8.859962057964898e-06
GSE60012_tile_137,GSE60012,muscle,control,20.0,sex_binary,logistic,True,M,F,0.9999985978236801,1.402176319973227e-06
GSE60012_tile_138,GSE60012,muscle,control,20.0,sex_binary,logistic,True,M,F,0.999999999999986,1.3939625911016087e-14
GSE60012_tile_139,GSE60012,muscle,control,20.0,sex_binary,logistic,True,F,F,0.9994720582397092,0.0005279417602908169
GSE60012_tile_140,GSE60012,muscle,control,20.0,sex_binary,logistic,True,F,F,0.9999999552616684,4.473833161278861e-08
GSE60012_tile_141,GSE60012,muscle,control,3.0,sex_binary,logistic,True,F,F,0.9999999994627047,5.372953297580601e-10
GSE60012_tile_142,GSE60012,muscle,control,3.0,sex_binary,logistic,True,F,F,0.9230007407971446,0.07699925920285544
GSE60012_tile_143,GSE60012,muscle,control,3.0,sex_binary,logistic,True,F,F,0.9999999998791596,1.2084043939143515e-10
GSE60012_tile_144,GSE60012,muscle,control,3.0,sex_binary,logistic,True,F,F,0.9999999999986976,1.3023797899970479e-12
GSE60012_tile_145,GSE60012,muscle,control,3.0,sex_binary,logistic,True,F,F,0.9999999999993027,6.973415837295391e-13
GSE60012_tile_146,GSE60012,muscle,control,3.0,sex_binary,logistic,True,M,F,0.9999999999670478,3.2952176327080264e-11
GSE60012_tile_147,GSE60012,muscle,control,3.0,sex_binary,logistic,True,M,F,0.9999999999818663,1.8133755559657962e-11
GSE60012_tile_148,GSE60012,muscle,control,3.0,sex_binary,logistic,True,M,F,0.9999999999905274,9.472633481832258e-12
GSE60012_tile_149,GSE60012,brain_cerebellum,control,1.0,sex_binary,logistic,True,M,F,0.6007389402084946,0.3992610597915054
GSE60012_tile_150,GSE60012,brain_cerebellum,control,20.0,sex_binary,logistic,True,M,F,0.9999995023346299,4.97665370146955e-07
GSE60012_tile_151,GSE60012,brain_cerebellum,control,20.0,sex_binary,logistic,True,M,F,0.9999836026529402,1.6397347059863893e-05
GSE60012_tile_152,GSE60012,brain_cerebellum,control,1.0,sex_binary,logistic,True,M,F,0.9999999267740116,7.322598840932004e-08
GSE60012_tile_153,GSE60012,spleen,control,1.0,sex_binary,logistic,True,M,F,0.6554952952830506,0.3445047047169494
