sample_id,dataset_batch,tissue,intervention,age_weeks,target_id,model_name,randomize_labels,label_true,label_pred,prob_adipose,prob_blood,prob_brain_cortex,prob_heart,prob_intestine,prob_kidney,prob_liver,prob_lung,prob_muscle,prob_spleen
GSM3394172,GSE120137,adipose,control,86.914,tissue_multiclass,logistic,False,adipose,adipose,0.997191910526231,6.503932372708465e-08,2.961438962908325e-05,0.00024169810951343046,7.9907957374771e-06,5.210014077450555e-05,2.3998255370407436e-06,4.356655165654954e-05,0.0024231497034756405,7.504918121482577e-06
GSM3394173,GSE120137,adipose,control,86.914,tissue_multiclass,logistic,False,adipose,adipose,0.9935453355530472,8.681195219332693e-08,5.0397251825814323e-05,0.0003077209854334989,1.0792024691316013e-05,6.997082496291074e-05,4.153596364556208e-06,0.0001837221996026193,0.005812365893914478,1.5454858205439827e-05
GSM3394174,GSE120137,adipose,control,86.914,tissue_multiclass,logistic,False,adipose,adipose,0.9976437587408943,3.6300154725434264e-08,2.5875299318238434e-05,0.00029832564756931734,6.390593980324586e-06,5.2753516568501456e-05,2.508109549731946e-06,7.303667434537961e-05,0.0018920060419120206,5.309075707275561e-06
GSM3394175,GSE120137,adipose,control,86.914,tissue_multiclass,logistic,False,adipose,adipose,0.9990843939842958,1.68024562107779e-08,9.884568695456147e-06,0.00017247119609305629,1.6303859058938532e-06,1.3534504545562986e-05,2.756548514953347e-06,3.0659520182986054e-05,0.0006821366931108748,2.5157961993145673e-06
GSM3394176,GSE120137,adipose,control,86.914,tissue_multiclass,logistic,False,adipose,adipose,0.9918343732165803,1.0970596824574158e-07,5.681979796974264e-05,0.00045050966194102725,6.357191419483053e-06,8.828511140528692e-05,9.1138663443524e-06,0.00012653982337803565,0.007408838612238683,1.9053012754674106e-05
GSM3394177,GSE120137,adipose,control,86.914,tissue_multiclass,logistic,False,adipose,adipose,0.9968147960847672,2.1024930979742597e-08,3.048086178337345e-05,0.00025899114017757167,3.288367373494087e-06,3.80311658172298e-05,3.316600174163181e-06,4.452076291708629e-05,0.002801639693650115,4.9142984088692666e-06
GSM3394178,GSE120137,adipose,control,86.914,tissue_multiclass,logistic,False,adipose,adipose,0.9939977002575949,2.8093923269883724e-08,3.952505556564304e-05,0.0004961346216047042,4.290715367045142e-06,5.7267527831564324e-05,6.110195930465746e-06,0.00010448844160967884,0.005280244244062994,1.4210846509636723e-05
GSM3394179,GSE120137,adipose,control,86.914,tissue_multiclass,logistic,False,adipose,adipose,0.998635184356156,2.1346227436959013e-08,1.6608269355782532e-05,0.00016462165219164308,2.381598541648673e-06,2.4876691450133353e-05,2.6328493285437577e-06,3.531062905818743e-05,0.0011146173698071945,3.7452378833435566e-06
GSM3394180,GSE120137,adipose,control,86.914,tissue_multiclass,logistic,False,adipose,adipose,0.9983112612930671,1.878250028395258e-08,2.3064904716169705e-05,0.0003266371952501428,3.0957446803817312e-06,2.981170610817738e-05,4.051795334069142e-06,5.2498905605526466e-05,0.0012429875777041886,6.5720950342178735e-06
GSM3394181,GSE120137,adipose,control,86.914,tissue_multiclass,logistic,False,adipose,adipose,0.9974523389097968,3.9735572788250775e-08,2.5745704754151184e-05,0.00021404157600303354,4.205552665914601e-06,3.5702579211150706e-05,3.7173702709998433e-06,6.650402156198825e-05,0.0021885807627070844,9.123787456112744e-06
GSM3394182,GSE120137,adipose,control,86.914,tissue_multiclass,logistic,False,adipose,adipose,0.9391590875599936,2.587551519968513e-07,0.0003227570494660564,0.0014843974428338117,4.3713733663790215e-05,0.0003254512647433404,7.14308307973695e-06,0.0011414442529787694,0.05743767516431058,7.807169377835859e-05
GSM3394183,GSE120137,adipose,control,86.914,tissue_multiclass,logistic,False,adipose,adipose,0.9781507184865067,1.8275450283798385e-06,0.00015301821814562525,0.0008892006505896638,3.799063944622098e-05,0.0002948844318252224,4.25618775175933e-05,0.0006200233027998185,0.0197259135763109,8.386127182994475e-05
GSM3394184,GSE120137,adipose,control,86.914,tissue_multiclass,logistic,False,adipose,adipose,0.9889392381438804,7.07008004873818e-08,5.9474376964209434e-05,0.000695446683067927,7.085063856022436e-06,9.857836433983432e-05,8.941164146586993e-06,0.00041963596870891713,0.009748908886282106,2.2620647953434773e-05
GSM3394185,GSE120137,adipose,control,86.914,tissue_multiclass,logistic,False,adipose,adipose,0.9680839275403476,6.532749884823016e-08,7.610634308849057e-05,0.0006903790009176486,1.75925672459297e-05,0.00014056359273713047,3.5770956979469604e-06,0.00046628042356001016,0.03049055305927475,3.095504963169486e-05
GSM3394186,GSE120137,adipose,control,86.914,tissue_multiclass,logistic,False,adipose,adipose,0.9887038018068891,9.961785554422921e-07,0.00010744254238267478,0.0012583265009566324,5.164656317807873e-05,0.00014741864966727925,1.7755336427517523e-05,0.00045173570741228574,0.009193200527707527,6.76761868231712e-05
GSM3394187,GSE120137,adipose,control,86.914,tissue_multiclass,logistic,False,adipose,adipose,0.9203218287152511,5.380102042528051e-07,0.00016202709727248529,0.0012163590249872598,2.50161121617481e-05,0.00020987826638402517,2.067000679716969e-05,0.0006458615706769769,0.07732138314032759,7.643805593730118e-05
GSM3394188,GSE120137,adipose,control,86.914,tissue_multiclass,logistic,False,adipose,adipose,0.9962377316241311,3.8777975055417204e-08,2.472816962139344e-05,0.00038679009140849116,8.209382022658332e-06,4.053327078250533e-05,4.611734083451024e-06,0.00022516227225482719,0.003055110204391909,1.7084473328341668e-05
GSM3394189,GSE120137,adipose,control,86.914,tissue_multiclass,logistic,False,adipose,adipose,0.9937889572134204,3.207520959249613e-08,3.0126911216079316e-05,0.000308511331848823,5.842803260270401e-06,5.1042400006824197e-05,3.0187205644704472e-06,0.0002706801292517582,0.005530801175906974,1.0987239314849613e-05
GSM3394190,GSE120137,adipose,control,86.914,tissue_multiclass,logistic,False,adipose,adipose,0.9890569001639469,4.663354746656119e-08,3.5320324280975296e-05,0.0004866061485224884,4.06376968640455e-06,5.1567616133525794e-05,6.709389995987803e-06,0.0002878947907845294,0.010059664275203951,1.1226887898011905e-05
GSM3394191,GSE120137,adipose,control,86.914,tissue_multiclass,logistic,False,adipose,adipose,0.9832309522857203,4.0890518930361247e-08,5.035711456333126e-05,0.0005990821590110239,1.0204464581506645e-05,8.227893122793102e-05,2.434080221698514e-06,0.0003709911249767929,0.015624449338535762,2.920961064286625e-05
GSM3394192,GSE120137,adipose,control,43.457,tissue_multiclass,logistic,False,adipose,adipose,0.989535712167291,6.994827591627666e-08,5.6019970756889194e-05,0.000458565658001936,1.166193460429475e-05,7.211863526827209e-05,3.010747680564773e-06,0.0001555748015740894,0.009687426349155107,1.9839787391850212e-05
GSM3394193,GSE120137,adipose,control,43.457,tissue_multiclass,logistic,False,adipose,adipose,0.9956375470994343,5.485156152601873e-08,4.737756386981336e-05,0.00030726479539391226,7.704953112945853e-06,5.56139041764326e-05,1.9922936009960536e-06,0.00016602369243118079,0.0037547280735228633,2.169277289606443e-05
GSM3394194,GSE120137,adipose,control,43.457,tissue_multiclass,logistic,False,adipose,adipose,0.99841453079935,1.0471881167211465e-08,1.4260071547803803e-05,0.00010864147148196913,2.59980568694742e-06,1.900233462650097e-05,1.362238636254449e-06,6.230983037120623e-05,0.0013726871936367768,4.595782781299121e-06
GSM3394195,GSE120137,adipose,control,43.457,tissue_multiclass,logistic,False,adipose,adipose,0.9981899575381631,2.5160374244074693e-08,1.5073336524295238e-05,0.0001079373479543466,3.497843418685503e-06,3.926962344457303e-05,1.3221959886522305e-06,2.505661329474108e-05,0.0016147430307290724,3.1173101081269897e-06
GSM3394196,GSE120137,adipose,control,43.457,tissue_multiclass,logistic,False,adipose,adipose,0.9980322787015601,5.33478250898383e-08,2.289347348266871e-05,0.00028512560133073315,6.505830877395798e-06,5.072491806236106e-05,3.4566284472500166e-06,6.934004245413123e-05,0.0015235728325888797,6.048623371241222e-06
GSM3394197,GSE120137,adipose,control,43.457,tissue_multiclass,logistic,False,adipose,adipose,0.9988955014618331,6.0275717589233145e-09,9.886303123111132e-06,7.656604654874588e-05,2.0404831348897672e-06,1.9777246045698688e-05,4.143096266424263e-07,2.7592469115866026e-05,0.0009644258609803762,3.7897920197410052e-06
GSM3394198,GSE120137,adipose,control,43.457,tissue_multiclass,logistic,False,adipose,adipose,0.9990827220853121,5.718260984179323e-09,1.2817668760099313e-05,6.060970691702649e-05,2.2905588415775467e-06,1.5934203882165525e-05,3.4125945516814923e-07,2.8217283469691785e-05,0.000793198882804377,3.862632296614434e-06
GSM3394199,GSE120137,adipose,control,43.457,tissue_multiclass,logistic,False,adipose,adipose,0.9992211192017922,2.1277830220441713e-08,1.2164610381103699e-05,0.0001185398474150159,2.9637746268455006e-06,2.4384408139585705e-05,1.3211733528866079e-06,2.9446798132608997e-05,0.000588176784158658,1.8621241708195304e-06
GSM3394200,GSE120137,adipose,control,43.457,tissue_multiclass,logistic,False,adipose,adipose,0.9966025344994978,1.9983564806031522e-08,2.350317470426371e-05,0.0002985574486518701,2.613346748405267e-06,4.077499125229219e-05,5.061195427081659e-06,9.499966745201254e-05,0.002921438348266922,1.049734443493046e-05
GSM3394201,GSE120137,adipose,control,43.457,tissue_multiclass,logistic,False,adipose,adipose,0.9984122719765014,1.961054101871987e-08,2.3129699577885677e-05,0.00022931343531467914,4.995217918845625e-06,3.994301449066073e-05,1.919576672133755e-06,3.7214960135329254e-05,0.0012462514743323502,4.941034515702855e-06
GSM3394202,GSE120137,adipose,control,43.457,tissue_multiclass,logistic,False,adipose,adipose,0.9907430400337456,3.5374277247146104e-08,4.618220420729711e-05,0.0005281014995503768,1.0280986419407051e-05,9.598510217925109e-05,1.6865072932964285e-06,0.0003717796962294008,0.008182200234625129,2.0708361473098804e-05
GSM3394203,GSE120137,adipose,control,43.457,tissue_multiclass,logistic,False,adipose,adipose,0.995582765804747,2.3450173434819844e-08,2.6844375907646945e-05,0.0003860870478638348,3.336508894284374e-06,5.276079097959104e-05,6.511439676338714e-06,0.00019767671461535995,0.003728552861008032,1.5441006134533985e-05
GSM3394204,GSE120137,adipose,control,43.457,tissue_multiclass,logistic,False,adipose,adipose,0.9893702281274778,5.145485886394082e-06,0.00020255617444656844,0.0010676834021176157,4.588038614108846e-05,8.571029998024888e-05,5.3233130204867e-05,0.0005199441415511437,0.008525873271289845,0.00012374558090454756
GSM3394205,GSE120137,adipose,control,43.457,tissue_multiclass,logistic,False,adipose,adipose,0.9840674235904204,1.0511287895988609e-06,0.0001316089189545849,0.0010655627083888198,4.574743271217847e-05,0.00014688622770723286,2.4572101980798973e-05,0.0011564315890302346,0.013154055570047367,0.00020666073196879507
GSM3394206,GSE120137,adipose,control,43.457,tissue_multiclass,logistic,False,adipose,adipose,0.9884831422428633,5.735972006617865e-08,3.8906539872872044e-05,0.00036924270706219887,5.605095552330263e-06,5.8922049688950894e-05,7.845797936412642e-06,0.00013179234952397605,0.010894126044439041,1.0359813340758972e-05
GSM3394207,GSE120137,adipose,control,43.457,tissue_multiclass,logistic,False,adipose,adipose,0.9720781502772893,1.6451552069318463e-07,6.0985231060905286e-05,0.001031229710556373,2.626622834043544e-05,0.00019121456199497317,1.7414689200375836e-05,0.0006245881281748578,0.02594166533722635,2.832132063579689e-05
GSM3394208,GSE120137,adipose,control,43.457,tissue_multiclass,logistic,False,adipose,adipose,0.9727547737732831,6.429143699911856e-08,8.876067434157758e-05,0.0007773975579282241,1.456729766584487e-05,0.0001460432917285192,3.1821842433077786e-06,0.0002484658116514195,0.02592804001023764,3.870510748347459e-05
GSM3394209,GSE120137,adipose,control,43.457,tissue_multiclass,logistic,False,adipose,adipose,0.9873707798194685,7.399224577911959e-08,5.497823057016218e-05,0.0004959705633682101,7.314795397318977e-06,9.516904912835248e-05,6.355620115563363e-06,0.00028271232147945836,0.011671505747904933,1.513986032163095e-05
GSM3394210,GSE120137,adipose,control,43.457,tissue_multiclass,logistic,False,adipose,adipose,0.9934136718525798,3.814153290103653e-08,3.458583830585236e-05,0.0003856783485367107,6.433684304364784e-06,5.861566022457431e-05,3.6272192582863314e-06,0.0001611057200074729,0.005923383747122025,1.2859788128094527e-05
GSM3394211,GSE120137,adipose,control,43.457,tissue_multiclass,logistic,False,adipose,adipose,0.9658593605022431,9.26822466098517e-08,9.640101222941408e-05,0.0011790982793319566,1.7882365557494607e-05,0.00015200548809100585,1.2117254343885083e-05,0.0007074011699074889,0.03191587551149996,5.976573454912678e-05
GSM3394212,GSE120137,adipose,control,8.691,tissue_multiclass,logistic,False,adipose,adipose,0.9961866008396577,5.583670080559402e-08,4.721346581912077e-05,0.00019376268163101687,3.6584868679871814e-06,4.949570108604916e-05,5.3403643305554975e-06,0.00012462915803604347,0.0033832964477269467,5.947018143704853e-06
GSM3394213,GSE120137,adipose,control,8.691,tissue_multiclass,logistic,False,adipose,adipose,0.9974142302399109,3.3661844504420426e-08,2.791337204166031e-05,0.00019586732085562225,6.45813486034514e-06,5.7813662792071325e-05,2.864970476407066e-06,7.077498475488434e-05,0.002218401804441642,5.641848021912828e-06
GSM3394214,GSE120137,adipose,control,8.691,tissue_multiclass,logistic,False,adipose,adipose,0.9983953535354061,3.06759891816469e-08,1.7373842513743695e-05,0.00013730549592542293,2.368514115072567e-06,3.139526475673901e-05,4.0214108339995505e-06,9.475988619740165e-05,0.0013109726702325855,6.418704030029356e-06
GSM3394215,GSE120137,adipose,control,8.691,tissue_multiclass,logistic,False,adipose,adipose,0.9966067043000231,1.616766972207713e-08,2.0187493078186176e-05,0.00024708381515093963,2.5403222646398033e-06,4.213409026670014e-05,4.874121133639104e-06,6.608305562984902e-05,0.002999251487853919,1.1125146929447553e-05
GSM3394216,GSE120137,adipose,control,8.691,tissue_multiclass,logistic,False,adipose,adipose,0.977321215179861,1.813592611498665e-07,0.00011362869017571625,0.0009898802985493158,2.024991413823663e-05,0.000154347951050121,9.732883827704448e-06,0.00023687699628274176,0.021128216714877655,2.5670011976532664e-05
GSM3394217,GSE120137,adipose,control,8.691,tissue_multiclass,logistic,False,adipose,adipose,0.9963602708883337,6.186699027540827e-08,4.240664584814287e-05,0.00023828817812080862,3.911398587018551e-06,4.625722404314168e-05,5.6399860519209574e-06,8.998428402241847e-05,0.0032066857966453447,6.4937313573200585e-06
GSM3394218,GSE120137,adipose,control,8.691,tissue_multiclass,logistic,False,adipose,adipose,0.991653252405571,1.4743315948513096e-07,9.191594188515027e-05,0.0007115778381680142,1.613583889104616e-05,0.0001329292228138712,8.232779039284966e-06,0.00013142517031850792,0.007240307619663761,1.4075750489777506e-05
GSM3394219,GSE120137,adipose,control,8.691,tissue_multiclass,logistic,False,adipose,adipose,0.9904302656977836,7.441695932778008e-08,7.302871357831088e-05,0.0003608135960249469,9.898866448078194e-06,8.534292391825374e-05,2.2617119631211924e-06,9.878103991483015e-05,0.008921746090574213,1.7786942835315116e-05
GSM3394220,GSE120137,adipose,control,8.691,tissue_multiclass,logistic,False,adipose,adipose,0.9904396750414178,5.756115314315137e-08,6.213269177436845e-05,0.0005352658935710149,5.181665290583632e-06,8.069515976927276e-05,1.1516421080622708e-05,0.00020198542952028854,0.00864325459402993,2.0235542392792987e-05
GSM3394221,GSE120137,adipose,control,8.691,tissue_multiclass,logistic,False,adipose,adipose,0.9964638405770491,6.67300702771379e-08,3.7342607775180074e-05,0.0002151257925876973,5.996656573680306e-06,4.574433681569457e-05,3.062306515272423e-06,0.00010575063911597722,0.003115204217108856,7.86613638821923e-06
GSM3394222,GSE120137,adipose,control,8.691,tissue_multiclass,logistic,False,adipose,adipose,0.9808858997887906,7.608897817011368e-08,6.633154961635902e-05,0.000499186134066154,1.0688788347297978e-05,0.00010908044886528907,5.953290306415106e-06,0.000496957005211271,0.017905602136036283,2.022476978221781e-05
GSM3394223,GSE120137,adipose,control,8.691,tissue_multiclass,logistic,False,adipose,adipose,0.9773834571962742,8.184991888523919e-08,7.28482175925591e-05,0.0011084224701636146,1.4844843326417744e-05,0.0001293788442513304,9.889831788993097e-06,0.0007513474100415134,0.020496583128832613,3.3146207809707746e-05
GSM3394224,GSE120137,adipose,control,8.691,tissue_multiclass,logistic,False,adipose,adipose,0.9454600750574343,4.790855841927013e-07,0.00016599557632185696,0.0011533079305223095,3.968196212674806e-05,0.00017647992485771431,1.364198252805065e-05,0.0011138774639660905,0.05164529684461527,0.00023116417204333087
GSM3394225,GSE120137,adipose,control,8.691,tissue_multiclass,logistic,False,adipose,adipose,0.9809234467620338,8.114733254860919e-08,5.613690928504331e-05,0.0003494609899118566,1.0187085581751612e-05,0.00010408217700791634,7.412872406100333e-06,0.00036188172903851574,0.018165464673656834,2.1845653745808236e-05
GSM3394226,GSE120137,adipose,control,8.691,tissue_multiclass,logistic,False,adipose,adipose,0.9691863654363277,4.9911641681634245e-08,8.67881220601904e-05,0.00045853326339797976,1.1711601792314166e-05,0.00012953863510197752,2.5133105700828535e-06,0.00039643942818941785,0.02970615608303802,2.1904207880591276e-05
GSM3394227,GSE120137,adipose,control,8.691,tissue_multiclass,logistic,False,adipose,adipose,0.983616409988093,6.965341527887646e-08,7.465659458355599e-05,0.0006226593091941298,8.587741342385769e-06,0.00010988562816653766,1.3123108264000766e-05,0.0003901189042092377,0.015136854800670832,2.763427206126251e-05
GSM3394228,GSE120137,blood,control,86.914,tissue_multiclass,logistic,False,blood,blood,1.521991574486756e-06,0.9951728762028625,7.811718794743619e-07,7.103021767728224e-07,3.149838687361141e-06,1.7946419698744257e-09,1.487982883477894e-05,8.188801035602953e-06,2.999736570339917e-06,0.004794890331736868
GSM3394229,GSE120137,blood,control,86.914,tissue_multiclass,logistic,False,blood,blood,3.3998090112493045e-06,0.9879101480379225,1.5253941007005907e-06,1.6291260030172274e-06,6.0585405690138835e-06,3.5168414596474315e-09,3.399746979648035e-05,1.0078739196349575e-05,7.610951284034358e-06,0.012025548415275086
GSM3394230,GSE120137,blood,control,86.914,tissue_multiclass,logistic,False,blood,blood,1.9192950474463272e-07,0.9955040700977829,3.5585518487836153e-07,2.3465560796622323e-07,2.423743973028169e-06,2.3273716716177272e-09,8.104882062102889e-06,7.594591904082004e-07,2.2352184602530443e-07,0.004483633527476387
GSM3394231,GSE120137,blood,control,86.914,tissue_multiclass,logistic,False,blood,blood,5.08658049173232e-07,0.9965757515001444,2.9917466150100164e-07,1.5784587840682583e-07,2.88892642091993e-06,1.9986353114668378e-09,3.922946716981242e-06,2.6871897254114956e-06,8.001712217141509e-07,0.003412981588546026
GSM3394232,GSE120137,blood,control,86.914,tissue_multiclass,logistic,False,blood,blood,7.268429814839394e-08,0.9993260833318054,1.8200421162665654e-07,1.4819151774367495e-07,1.9710468260041967e-06,5.278752098218987e-10,1.6589892653077222e-06,7.697896453940887e-07,5.678879125217373e-07,0.0006685455466428909
GSM3394233,GSE120137,blood,control,86.914,tissue_multiclass,logistic,False,blood,blood,7.241178704201876e-07,0.9981434369893207,2.9762918831299595e-07,2.766904756715762e-07,1.34755739736067e-06,5.999036709988067e-10,4.054078455041816e-06,3.3766547446355787e-06,1.0411345340182832e-06,0.0018454445481101954
GSM3394234,GSE120137,blood,control,86.914,tissue_multiclass,logistic,False,blood,blood,1.847773133593366e-07,0.9985251277734974,2.691189854916072e-07,1.6568617448799632e-07,2.9759030284893404e-06,8.124931145319992e-10,2.2664231350821675e-06,9.763123820675495e-07,6.157328780212373e-07,0.0014674174601123694
GSM3394235,GSE120137,blood,control,86.914,tissue_multiclass,logistic,False,blood,blood,7.834113479940499e-07,0.9987676508862793,3.261128118133157e-07,7.009142921796768e-07,2.886337942897613e-06,2.0327708582816132e-09,1.5349865724884953e-05,1.3892975767444836e-05,1.5109008416757739e-06,0.0011968965622210846
GSM3394236,GSE120137,blood,control,86.914,tissue_multiclass,logistic,False,blood,blood,5.879305862063801e-07,0.9996901001150855,2.480080705266208e-07,3.3802926875403657e-07,1.653938755288752e-06,1.4904821571226737e-09,1.5096905482431159e-05,9.35595608832017e-06,1.154238864797168e-06,0.00028146338731589206
GSM3394237,GSE120137,blood,control,86.914,tissue_multiclass,logistic,False,blood,blood,6.605024547883216e-07,0.9995849621935983,2.3742185755087185e-07,5.614138898387462e-07,1.9501731460376716e-06,1.4237544143191043e-09,4.2090977166124716e-06,4.141594742835339e-06,6.633867941825017e-07,0.0004026127920456934
GSM3394238,GSE120137,blood,control,86.914,tissue_multiclass,logistic,False,blood,blood,1.0703238414435824e-07,0.9990373834379541,1.6865318033860834e-07,1.0234146082869139e-07,1.9949853643991162e-06,3.2822877973804484e-09,3.7186720631863147e-06,7.011905641834127e-07,1.367125637263047e-07,0.0009556836921771224
GSM3394239,GSE120137,blood,control,86.914,tissue_multiclass,logistic,False,blood,blood,4.085009503447417e-08,0.9999240914317133,3.613099879097783e-08,3.021544542921484e-08,8.848786041586512e-07,1.3716486826316236e-10,2.495571025605226e-07,3.527091843776712e-07,2.5206435546874794e-07,7.406202533573963e-05
GSM3394240,GSE120137,blood,control,86.914,tissue_multiclass,logistic,False,blood,blood,2.214612111886013e-08,0.9999412595789499,7.398982980637221e-08,4.038106857273698e-08,1.0476337392671076e-06,2.700995287935145e-10,1.9601666692624353e-07,3.297921080063922e-07,4.162491132172263e-07,5.6613942303650705e-05
GSM3394241,GSE120137,blood,control,86.914,tissue_multiclass,logistic,False,blood,blood,1.5190963178224178e-08,0.9999582635464002,2.194343359127993e-08,2.3796415775971598e-08,3.619309193205023e-07,1.2501543184936343e-10,3.14176982215329e-07,1.8439820700023793e-07,1.2460781000192253e-07,4.0690283853354855e-05
GSM3394242,GSE120137,blood,control,86.914,tissue_multiclass,logistic,False,blood,blood,5.609563010579367e-08,0.9994834886982159,8.110358955638521e-08,6.02625951997696e-08,8.648956940277994e-07,9.65253863652108e-10,2.333455551906652e-06,1.8207464607843444e-07,8.476239340129272e-08,0.0005128476864297829
GSM3394243,GSE120137,blood,control,86.914,tissue_multiclass,logistic,False,blood,blood,5.95813181498639e-08,0.9989543108785994,1.0257937261609204e-07,7.14682209693108e-08,1.0936694352634656e-06,1.2965491471111652e-09,3.6501928021527147e-06,4.7261153726179286e-07,1.411024267120823e-07,0.001040096619738347
GSM3394244,GSE120137,blood,control,86.914,tissue_multiclass,logistic,False,blood,blood,6.559709065599979e-08,0.9993745417816857,1.19629151032616e-07,1.065068461559044e-07,2.4714723951741393e-06,7.258535435863929e-10,1.5067780234085402e-06,5.903916689586659e-07,7.562581732200207e-07,0.0006198408591123911
GSM3394245,GSE120137,blood,control,43.457,tissue_multiclass,logistic,False,blood,blood,1.2619843704353527e-07,0.9986621985298327,1.7373191774402424e-07,1.348560279358027e-07,1.761482794961776e-06,1.3941374401722832e-09,1.902660483039313e-06,1.7534300630771818e-06,9.357262779952756e-07,0.0013310119900281775
GSM3394246,GSE120137,blood,control,43.457,tissue_multiclass,logistic,False,blood,blood,3.607116804071121e-07,0.9982994562784779,1.9931967776287885e-07,9.402393872336179e-08,2.667953979158835e-06,2.454307693607104e-09,3.275389190307269e-06,2.546340469469594e-06,8.388917946304729e-07,0.0016905586364839484
GSM3394247,GSE120137,blood,control,43.457,tissue_multiclass,logistic,False,blood,blood,3.1332840172630315e-07,0.9993897289526876,1.6992489273614412e-07,1.748225591267172e-07,1.009174026082142e-06,6.551612927958221e-10,4.5310752711452665e-06,3.2102529184515703e-06,1.1999570924022326e-06,0.0005996618569892724
GSM3394248,GSE120137,blood,control,43.457,tissue_multiclass,logistic,False,blood,blood,9.63505946598068e-08,0.9995178872278027,1.0234985704010244e-07,6.051161809780444e-08,2.2215465350991666e-06,3.6766211839635677e-10,4.482355324114464e-07,6.072459216609611e-07,4.618979886603487e-07,0.00047811426648753676
GSM3394249,GSE120137,blood,control,43.457,tissue_multiclass,logistic,False,blood,blood,2.7664997171885095e-07,0.9992084573971517,1.4714179488314705e-07,1.7376827054643803e-07,8.912716521254371e-07,5.254653719573204e-10,2.7712863082204136e-06,1.7607227786916274e-06,8.667485198085664e-07,0.00078465448808686
GSM3394250,GSE120137,blood,control,43.457,tissue_multiclass,logistic,False,blood,blood,1.1535039033781201e-07,0.9995409530418694,8.594273468981997e-08,4.908376514501717e-08,1.772834391719299e-06,2.2713212014172944e-10,3.5212911033154094e-07,4.1310642654741233e-07,2.1342465517866102e-07,0.00045604485952436044
GSM3394251,GSE120137,blood,control,43.457,tissue_multiclass,logistic,False,blood,blood,5.673365463509436e-07,0.999073256173441,2.3116628627087105e-07,2.3814729576485877e-07,1.334818604301779e-06,8.07002468578911e-10,5.1099715622864735e-06,3.2448847628874466e-06,9.514153631229676e-07,0.0009150652791354902
GSM3394252,GSE120137,blood,control,43.457,tissue_multiclass,logistic,False,blood,blood,2.5223722314830443e-07,0.9992379635329314,1.324868966186578e-07,9.366610346503491e-08,3.0802447735598937e-06,5.013654722908738e-10,5.183359563731222e-07,9.483598030353988e-07,4.07157672845139e-07,0.0007566034772741012
GSM3394253,GSE120137,blood,control,43.457,tissue_multiclass,logistic,False,blood,blood,9.830052580230216e-08,0.9996340335207364,6.775560614592217e-08,4.323701375984806e-08,1.6242627349202043e-06,2.421415531127144e-10,3.556310103758669e-07,5.576150825430118e-07,2.6934679891389735e-07,0.0003629500883496219
GSM3394254,GSE120137,blood,control,8.691,tissue_multiclass,logistic,False,blood,blood,3.688889710462805e-07,0.989498869728534,6.238555978280793e-07,3.8015947438645204e-07,7.495356684393488e-06,2.8700820769413225e-09,6.69609102913479e-06,1.8314780316962289e-06,2.9482316933917456e-06,0.010480783339901802
GSM3394255,GSE120137,blood,control,8.691,tissue_multiclass,logistic,False,blood,blood,3.1179954417593183e-07,0.9889220943880495,6.547692109957138e-07,4.411952028330214e-07,8.500730534335336e-06,2.7141878494625314e-09,9.937831999460775e-06,2.2564161556053354e-06,3.948361023578984e-06,0.01105185179409158
GSM3394256,GSE120137,blood,control,8.691,tissue_multiclass,logistic,False,blood,blood,1.727005043524275e-07,0.9987686685067303,1.3243738841998007e-07,6.163905208484064e-08,1.6392790272705173e-06,1.4485325421823824e-09,2.1623311421807028e-06,1.1989294133347582e-06,6.614084742067571e-07,0.0012253013197356486
GSM3394257,GSE120137,blood,control,8.691,tissue_multiclass,logistic,False,blood,blood,2.5203351322105495e-07,0.9949415924232554,5.51881398041242e-07,3.1131459574958916e-07,8.667425576269282e-06,2.903419112408549e-09,6.3826518676943806e-06,1.6860969223270222e-06,3.2273394188592637e-06,0.005037325930033613
GSM3394258,GSE120137,blood,control,8.691,tissue_multiclass,logistic,False,blood,blood,3.293622713389372e-07,0.9980350522068122,2.757644150710663e-07,1.0316532141398805e-07,4.7892854926173815e-06,9.64600016692597e-10,1.0426898205702515e-06,9.340230336981905e-07,6.290542739927385e-07,0.0019568434839592253
GSM3394259,GSE120137,blood,control,8.691,tissue_multiclass,logistic,False,blood,blood,1.2710972211745266e-07,0.9990768444055089,1.4400997880301498e-07,5.556532467720003e-08,1.7562246242251439e-06,1.473017330953642e-09,2.750889726823187e-06,1.079018210883994e-06,7.166895993486146e-07,0.0009165246142868449
GSM3394260,GSE120137,blood,control,92.462,tissue_multiclass,logistic,False,blood,blood,5.4849905177968886e-08,0.9998461240002853,1.0789759025108443e-07,1.198242632071103e-07,1.1269324952339463e-06,1.9220489287352359e-10,1.5650332256297745e-06,9.536676805654854e-07,3.0688780650384717e-07,0.00014964071454337676
GSM3394261,GSE120137,blood,control,92.462,tissue_multiclass,logistic,False,blood,blood,3.217706384387827e-07,0.9994620102303318,2.4572666972486343e-07,3.501627171946694e-07,1.0862556189891304e-06,6.739732649387558e-10,1.0074069183783663e-05,6.254331882185663e-06,1.509157828007103e-06,0.0005181476211565758
GSM3394262,GSE120137,blood,control,92.462,tissue_multiclass,logistic,False,blood,blood,3.89643117631265e-08,0.9997815300670503,8.42090079207292e-08,1.4465622373990108e-07,1.050866254801015e-06,4.335105601749911e-10,1.3536697184070534e-06,6.433618611894909e-07,4.492866130978419e-07,0.00021470448544829777
GSM3394263,GSE120137,blood,control,92.462,tissue_multiclass,logistic,False,blood,blood,5.428798349938212e-06,0.9748329170276911,7.348329208422921e-06,5.915524098008399e-06,6.041423821686532e-05,5.484321072212917e-08,0.00018097107918549983,2.315537631586755e-05,7.718834756391212e-06,0.024876075948967014
GSM3394264,GSE120137,blood,control,92.462,tissue_multiclass,logistic,False,blood,blood,2.13589948889205e-06,0.9879676840565006,2.516886907280621e-06,2.096724148086883e-06,2.6517068890516735e-05,4.015882152740374e-08,6.40096568281932e-05,2.4183728285886234e-05,6.193958502379457e-06,0.011904621861626748
GSM3394265,GSE120137,blood,control,79.106,tissue_multiclass,logistic,False,blood,blood,4.845616362049815e-07,0.9948829562597904,2.5261706965150466e-07,1.161781718891517e-07,2.8121111982693496e-06,1.7146510124796433e-09,2.572933981651545e-06,2.865225076164914e-06,1.0255688653470593e-06,0.005106912829559302
GSM3394266,GSE120137,blood,control,79.106,tissue_multiclass,logistic,False,blood,blood,1.4677906036364136e-07,0.9983877562496696,2.00195742996801e-07,1.3959234820382124e-07,2.5655348394739388e-06,6.781314261872628e-10,2.1722985319854138e-06,8.121362708668953e-07,8.508437542252907e-07,0.0016053556916507438
GSM3394267,GSE120137,blood,control,79.106,tissue_multiclass,logistic,False,blood,blood,6.105696056387587e-07,0.9980871370675681,3.067456236808346e-07,2.285924686303721e-07,1.2577060022493864e-06,6.27426843636919e-10,4.439632762562519e-06,3.539070375696255e-06,1.599177113759365e-06,0.0019008808110526087
GSM3394268,GSE120137,blood,control,79.106,tissue_multiclass,logistic,False,blood,blood,1.922384780947888e-07,0.9906311460765795,3.9935253050983867e-07,2.6678238582354746e-07,2.951060782370607e-06,2.6057165093202204e-09,1.0677357865008502e-05,1.0527055378985145e-06,2.7470336477428025e-07,0.009353037116759427
GSM3394269,GSE120137,blood,control,79.106,tissue_multiclass,logistic,False,blood,blood,8.504121578123573e-08,0.997529073034789,2.1101217285986896e-07,1.3631832873723362e-07,1.5299702667900648e-06,1.4242024034687842e-09,5.063794797420855e-06,4.874229321116697e-07,1.905350570067525e-07,0.002463221446237877
GSM3394270,GSE120137,blood,control,48.286,tissue_multiclass,logistic,False,blood,blood,1.441490989224724e-07,0.998027864866322,2.995534074183734e-07,2.344705800699224e-07,2.9925940644630645e-06,8.407077086520493e-10,3.055144538872786e-06,1.2120898522042205e-06,1.1111938359117994e-06,0.0019630850975925545
GSM3394271,GSE120137,blood,control,48.286,tissue_multiclass,logistic,False,blood,blood,8.10643471147965e-07,0.997497521850432,5.030946264774302e-07,3.818843815703853e-07,1.5902905378588875e-06,8.174819512633905e-10,7.70435014377622e-06,3.7034880961239076e-06,1.447437832910101e-06,0.002486336142996221
GSM3394272,GSE120137,blood,control,48.286,tissue_multiclass,logistic,False,blood,blood,1.0887044502920937e-07,0.9975111836894575,3.3131650342888534e-07,2.850234001261519e-07,3.4381610047330015e-06,1.1651277047842284e-09,3.1198715729593675e-06,2.1798788723536097e-06,1.3342899877221653e-06,0.0024780177336283806
GSM3394273,GSE120137,blood,control,48.286,tissue_multiclass,logistic,False,blood,blood,1.296057569793336e-07,0.9966795814979221,4.392397106668336e-07,3.1361856897412115e-07,2.611850443578984e-06,3.213647263815121e-09,1.0804919395398475e-05,1.671061629963299e-06,3.773735298145689e-07,0.003304067619395288
GSM3394274,GSE120137,blood,control,48.286,tissue_multiclass,logistic,False,blood,blood,1.2734064762792976e-07,0.9957146479483011,3.266600285446552e-07,2.2056924352785373e-07,2.130845384096332e-06,2.3853641490907066e-09,9.742709926701873e-06,9.310349957774911e-07,3.580504342664371e-07,0.00427151245567434
GSM3394275,GSE120137,blood,control,48.286,tissue_multiclass,logistic,False,blood,blood,3.2110633259359775e-07,0.9940109438559304,4.593861537872375e-07,4.4997656901878677e-07,5.996283636030329e-06,1.5703753455372552e-09,5.444536490860986e-06,2.1737316192623143e-06,2.196481775088379e-06,0.005972013071117771
GSM3394276,GSE120137,blood,control,48.286,tissue_multiclass,logistic,False,blood,blood,8.38238552260555e-07,0.9928578346397516,4.3979046354241076e-07,1.6392574993930482e-07,4.045347626154093e-06,2.390754749098771e-09,4.1962870616521115e-06,2.330857586718271e-06,6.731781866935241e-07,0.007129475344266584
GSM3394277,GSE120137,blood,control,48.286,tissue_multiclass,logistic,False,blood,blood,4.1495015172851664e-07,0.998066566544815,1.5915157211976853e-07,7.856244016496337e-08,1.8536948988902647e-06,1.0760100666216622e-09,2.0010088524194777e-06,1.4611805992674072e-06,4.390130454611729e-07,0.00192702481761491
GSM3394278,GSE120137,blood,control,48.286,tissue_multiclass,logistic,False,blood,blood,2.6026661706493106e-07,0.9963391081735469,3.1454079782230534e-07,1.7933491089338995e-07,4.097399702059913e-06,1.0896318311614683e-09,2.6158624216229938e-06,1.1044803839743482e-06,1.0380342355961056e-06,0.00365128081775218
GSM3394279,GSE120137,blood,control,48.286,tissue_multiclass,logistic,False,blood,blood,1.5456122259989638e-07,0.995203385159547,3.3466877216123654e-07,1.817586332030574e-07,2.088536851070169e-06,1.914176940856947e-09,6.98208078306603e-06,9.272900051388978e-07,2.5525819497541655e-07,0.004785688771814086
GSM3394280,GSE120137,blood,control,10.274,tissue_multiclass,logistic,False,blood,blood,4.415137343527741e-07,0.9952003745470199,4.80876791079698e-07,1.5382958391678486e-07,5.653739591992695e-06,6.167854071687266e-10,1.4803356705477182e-06,1.0543580537109417e-06,7.566826885604691e-07,0.004789603500080386
GSM3394281,GSE120137,blood,control,10.274,tissue_multiclass,logistic,False,blood,blood,6.050565488915552e-07,0.9940832418411719,4.7312262752196853e-07,1.71868011231036e-07,3.6828409246629912e-06,2.1133184686441214e-09,6.2343846515742116e-06,2.100957942488013e-06,1.126398426976769e-06,0.005902361416376462
GSM3394282,GSE120137,blood,control,10.274,tissue_multiclass,logistic,False,blood,blood,6.253822179757664e-07,0.9939236354863699,4.3086116640466425e-07,1.4864003931318513e-07,3.7486239595417303e-06,1.9698441539655055e-09,5.569119524649482e-06,2.2283863467004784e-06,9.958522593611022e-07,0.006062615678271856
GSM3394283,GSE120137,blood,control,10.274,tissue_multiclass,logistic,False,blood,blood,5.356550309612496e-07,0.9881158776678923,7.332895172437359e-07,4.24112883502661e-07,8.85434371163342e-06,2.5754679000807657e-09,1.0284543845745334e-05,2.741182863183663e-06,2.484553239307593e-06,0.011858062075548353
GSM3394284,GSE120137,blood,control,10.274,tissue_multiclass,logistic,False,blood,blood,5.405094528505887e-07,0.9969933359720358,4.0885649318862106e-07,3.4479113293612714e-07,1.5618509307735045e-06,7.375222691817478e-10,7.039139309748964e-06,3.4565883305892566e-06,2.107588275041553e-06,0.002991203966516676
GSM3394285,GSE120137,blood,control,11.301,tissue_multiclass,logistic,False,blood,blood,9.433820005788686e-07,0.9947444589788502,5.541771939416109e-07,3.9011143394180805e-07,2.0813408224139005e-06,9.337048397174862e-10,9.864558758967483e-06,4.540136868869533e-06,2.6664105226347223e-06,0.005234499969843494
GSM3394286,GSE120137,blood,control,11.301,tissue_multiclass,logistic,False,blood,blood,3.702977296136513e-07,0.9958963736818197,3.654851330586863e-07,1.4053102703100135e-07,4.189338672110952e-06,4.700463437845262e-10,1.3617301136563253e-06,9.678325439606968e-07,7.563085038415077e-07,0.004095474324410516
GSM3394287,GSE120137,blood,control,11.301,tissue_multiclass,logistic,False,blood,blood,2.0132477668557226e-07,0.9864867598785313,5.077084768283353e-07,3.4903497906507093e-07,3.674241523584301e-06,3.810109027352363e-09,1.0523153887260967e-05,8.491726491618472e-07,3.80277250082568e-07,0.013496751397817084
GSM3394288,GSE120137,blood,control,11.301,tissue_multiclass,logistic,False,blood,blood,2.998988482307924e-07,0.9738301669455606,7.320969745899458e-07,4.0194679356685746e-07,4.296580072820677e-06,3.993856886333875e-09,1.9747231539710892e-05,1.3419768009414989e-06,6.143049451900743e-07,0.026142395024607256
GSM3394289,GSE120137,blood,control,11.301,tissue_multiclass,logistic,False,blood,blood,1.6757172600922998e-07,0.9881634530088853,4.852741860356932e-07,2.6267761998930395e-07,3.5190585844462915e-06,3.2071602608027865e-09,1.1901275064847354e-05,7.795997025750368e-07,4.1305664870409104e-07,0.011819015270421545
GSM3394290,GSE120137,blood,control,7.192,tissue_multiclass,logistic,False,blood,blood,1.4576660821226978e-07,0.9933465782421897,4.2509818905674486e-07,2.2713593989419322e-07,2.74611025406192e-06,2.074364924151905e-09,9.586370569484355e-06,5.227612184376414e-07,3.109319557794338e-07,0.006639455508710272
GSM3394291,GSE120137,blood,control,7.192,tissue_multiclass,logistic,False,blood,blood,2.713931858997962e-07,0.9925408999365082,5.537902060089449e-07,4.1339717126355583e-07,7.005698552918958e-06,2.1182529166819184e-09,8.250159188253713e-06,1.7065191024734475e-06,3.1633370626620145e-06,0.007437733650769285
GSM3394292,GSE120137,blood,control,7.192,tissue_multiclass,logistic,False,blood,blood,6.420031701578656e-07,0.990357784546371,5.290446531442397e-07,2.0745663192129946e-07,4.500036896231864e-06,2.431096294287039e-09,8.39771097741254e-06,2.28993773819382e-06,1.289715425294873e-06,0.00962435711704052
GSM3394293,GSE120137,blood,control,7.192,tissue_multiclass,logistic,False,blood,blood,1.0764789256173994e-06,0.9863765451514269,5.409991241098297e-07,1.9643693979676294e-07,5.010291356798135e-06,3.4755684267947054e-09,7.32757213890556e-06,3.3191223268835557e-06,1.69062907510629e-06,0.013604289843117576
GSM3394294,GSE120137,blood,control,7.192,tissue_multiclass,logistic,False,blood,blood,1.060672163212127e-06,0.9927312198718776,8.363126212589879e-07,5.111832542778759e-07,2.595162769796122e-06,1.2324664770133079e-09,1.3885698502141595e-05,4.901951269826755e-06,3.7151402017453295e-06,0.007241272774873459
GSM3394295,GSE120137,blood,control,7.192,tissue_multiclass,logistic,False,blood,blood,7.73748085859049e-07,0.9922624582624482,5.063911379189563e-07,1.8442904467286473e-07,4.199759452603899e-06,2.8817220584557877e-09,6.372095166287322e-06,2.1894857751172596e-06,1.1690873413356583e-06,0.007722143859826133
GSM3394296,GSE120137,blood,control,7.192,tissue_multiclass,logistic,False,blood,blood,4.001435205649674e-07,0.9916069882823498,5.598613362413642e-07,4.239521417765543e-07,7.655727982245637e-06,2.2780917946731902e-09,1.0970179870665949e-05,1.7804363862433288e-06,2.5774431463936028e-06,0.00836864169517434
GSM3394297,GSE120137,blood,control,7.192,tissue_multiclass,logistic,False,blood,blood,6.076597818349483e-07,0.9855434891681791,8.625144819668143e-07,7.029067414901779e-07,1.0591230372278653e-05,3.209051788311783e-09,1.5638978996334756e-05,2.1120701648309476e-06,2.7214919963653235e-06,0.01442327077023407
GSM3394298,GSE120137,blood,control,7.192,tissue_multiclass,logistic,False,blood,blood,1.0444324277448601e-06,0.9927355505289596,8.86574295013137e-07,5.976576233841291e-07,2.934667360744523e-06,1.3600862607516217e-09,1.6648190799942395e-05,4.37645093730079e-06,3.041774334179356e-06,0.007234918363175959
GSM3394299,GSE120137,blood,control,7.192,tissue_multiclass,logistic,False,blood,blood,7.238099811462017e-07,0.9900165662060518,7.887230628509636e-07,2.578478647717714e-07,8.602406612578648e-06,1.0526868067806348e-09,3.0548574679034756e-06,1.6947558898426646e-06,1.3434461175847668e-06,0.00996696689426502
GSM3394300,GSE120137,kidney,control,86.914,tissue_multiclass,logistic,False,kidney,kidney,0.0001360103948425461,1.197136580134417e-07,6.908199033187262e-05,1.687337166196971e-06,1.4212470155929051e-05,0.999655728568917,3.241415499451851e-08,1.2600401222059248e-05,0.00010880504602020158,1.72166353132218e-06
GSM3394301,GSE120137,kidney,control,86.914,tissue_multiclass,logistic,False,kidney,kidney,3.5532512640821894e-05,1.149329108797533e-07,4.019506944806841e-05,1.4966724786601333e-06,5.134015030056305e-06,0.999844873594659,2.10668933887297e-08,3.0906768252789144e-06,6.87603354850703e-05,7.811236287147461e-07
GSM3394302,GSE120137,kidney,control,86.914,tissue_multiclass,logistic,False,kidney,kidney,0.0008700000446484911,1.1905121322342705e-06,0.0002618453999254014,1.1122710324891879e-05,3.529297490418957e-05,0.9985612839536262,2.053590098034349e-07,5.38466828289832e-05,0.00019203850489531052,1.3173857704525017e-05
GSM3394303,GSE120137,kidney,control,86.914,tissue_multiclass,logistic,False,kidney,kidney,7.392450514070806e-05,6.217968576374769e-08,6.205138370627794e-05,1.6784078795570453e-06,8.214433320127696e-06,0.9997992745354612,1.431294855911391e-08,3.196097258279874e-06,5.0499499393646714e-05,1.0846452061383436e-06
GSM3394304,GSE120137,kidney,control,86.914,tissue_multiclass,logistic,False,kidney,kidney,9.896413014065957e-05,1.5955469109654454e-07,7.696198223645603e-05,2.5717336572517288e-06,1.9698563206382874e-05,0.9997295532533034,1.422370374747019e-08,1.628528294018405e-06,6.916146536105104e-05,1.2865654057793439e-06
GSM3394305,GSE120137,kidney,control,86.914,tissue_multiclass,logistic,False,kidney,kidney,0.0006957289376388615,1.7821019019870568e-07,0.00014309943692086138,1.7659063821655771e-06,3.075078884447713e-05,0.9989993274195086,4.253276696501046e-08,7.741804228668296e-06,0.00011793802083907972,3.4269426801018947e-06
GSM3394306,GSE120137,kidney,control,86.914,tissue_multiclass,logistic,False,kidney,kidney,0.0001971630346916231,1.5344337544779148e-07,9.483768765318898e-05,1.1717163469014548e-06,1.0971013968993558e-05,0.9995844333940265,3.644775961350139e-08,7.35622230513251e-06,0.00010121648923488463,2.6605506377227677e-06
GSM3394307,GSE120137,kidney,control,86.914,tissue_multiclass,logistic,False,kidney,kidney,0.0004270193063351559,1.9355804251789925e-07,7.418713258762774e-05,2.7966121195152197e-06,2.2763346617762733e-05,0.9994070931364478,6.380649462498323e-08,1.4801786781446667e-05,4.6645891503415007e-05,4.435423070158642e-06
GSM3394308,GSE120137,kidney,control,86.914,tissue_multiclass,logistic,False,kidney,kidney,0.00032893813609395075,2.8674404698211326e-07,8.143755372356885e-05,3.2626061844841076e-06,2.0848142394174168e-05,0.9994398549192441,7.319036540238048e-08,2.080707031000445e-05,0.00010060942055606309,3.882217081307986e-06
GSM3394309,GSE120137,kidney,control,86.914,tissue_multiclass,logistic,False,kidney,kidney,0.00012514945821683046,1.3605137196335265e-07,4.630691384325131e-05,2.0813541156986224e-06,1.2888223946211133e-05,0.9997078703306969,3.4773234288098906e-08,7.771710314423063e-06,9.492884664521625e-05,2.8323376150991284e-06
GSM3394310,GSE120137,kidney,control,86.914,tissue_multiclass,logistic,False,kidney,kidney,2.990425269236038e-05,1.0089667357870536e-07,2.2609878802360624e-05,6.100442937800937e-07,8.548153651192113e-06,0.999887507182556,6.612419468598895e-09,1.3636781419724203e-06,4.911707611863697e-05,2.3222465078466938e-07
GSM3394311,GSE120137,kidney,control,86.914,tissue_multiclass,logistic,False,kidney,kidney,0.01566704547360856,0.0033353100078874712,0.008956678994675829,0.001535231062107733,0.0159569394628867,0.9192104470046432,0.0017355398552957267,0.005271984689652074,0.006919237840796115,0.021411585608446845
GSM3394312,GSE120137,kidney,control,86.914,tissue_multiclass,logistic,False,kidney,kidney,4.04197034389504e-05,6.666574916544655e-08,3.628182926927544e-05,1.46693278741327e-06,5.835468347823267e-06,0.9998172118245446,1.7613196571442867e-08,2.5260160548677688e-06,9.533688378680929e-05,8.370628245606853e-07
GSM3394313,GSE120137,kidney,control,86.914,tissue_multiclass,logistic,False,kidney,kidney,6.433715056666394e-06,1.4964009370478408e-08,9.15219872544334e-06,1.500905195003647e-07,8.221730315857943e-07,0.9999743855488334,2.7580887444542502e-09,4.260188757809316e-07,8.518635994326895e-06,9.389686519837634e-08
GSM3394314,GSE120137,kidney,control,86.914,tissue_multiclass,logistic,False,kidney,kidney,9.138178597207613e-06,6.62571644835474e-08,3.140910966055019e-05,5.838138885791593e-07,5.239041368461155e-06,0.9999013075802116,1.0556640868557741e-08,1.8035327954890565e-06,5.016003346166543e-05,2.818962111293612e-07
GSM3394315,GSE120137,kidney,control,86.914,tissue_multiclass,logistic,False,kidney,kidney,5.409603361963319e-05,6.847964543567726e-08,1.572353146820271e-05,2.2776712824741892e-07,7.221391769236933e-06,0.9998961509067439,7.763090790906175e-09,1.0424376979432131e-06,2.505457611912137e-05,4.071127175991891e-07
GSM3394316,GSE120137,kidney,control,86.914,tissue_multiclass,logistic,False,kidney,kidney,7.73085670302961e-05,3.843861043895823e-07,4.798910441754488e-05,7.743189820017737e-07,7.4244113573568525e-06,0.9997945773344599,2.716201099021606e-08,3.9773107023352905e-06,6.692290341005562e-05,6.14501525254257e-07
GSM3394317,GSE120137,kidney,control,86.914,tissue_multiclass,logistic,False,kidney,kidney,1.1792407074363038e-05,6.256814833029552e-08,1.2922901830794738e-05,4.434062698576197e-07,2.3494075603769697e-06,0.9999443127658515,1.2549088550941199e-08,5.064307813714312e-07,2.746525968323625e-05,1.3230371134899412e-07
GSM3394318,GSE120137,kidney,control,86.914,tissue_multiclass,logistic,False,kidney,kidney,6.350764235295822e-05,8.640836028380532e-08,2.9258614170686703e-05,4.4995161565725284e-07,4.101492440047751e-06,0.9998771933616794,1.3371816196879441e-08,2.670929306054985e-06,2.24192077093498e-05,2.9902054935110476e-07
GSM3394319,GSE120137,kidney,control,86.914,tissue_multiclass,logistic,False,kidney,kidney,2.959947557667538e-05,3.4121855140577614e-08,2.9146577659296738e-05,1.2908822820850174e-06,5.946336235255254e-06,0.9998422232795708,1.8356182949307038e-08,2.6080997615031837e-06,8.824660366882785e-05,8.86267207302684e-07
GSM3394320,GSE120137,kidney,control,43.457,tissue_multiclass,logistic,False,kidney,kidney,2.480187258771868e-05,2.5435723259707493e-08,1.591536505580102e-05,7.787625924901377e-07,1.3356071381563994e-06,0.9999457040052705,6.309219707830246e-09,8.90432312751418e-07,1.0305611958143848e-05,2.3659814156254928e-07
GSM3394321,GSE120137,kidney,control,43.457,tissue_multiclass,logistic,False,kidney,kidney,2.973501785761837e-05,1.0924161626415099e-08,1.7693943939593446e-05,3.277984635646162e-07,5.032520151776008e-06,0.9999356060990601,2.375831800615341e-09,9.804118598642992e-07,1.0316436382434849e-05,2.944722916696981e-07
GSM3394322,GSE120137,kidney,control,43.457,tissue_multiclass,logistic,False,kidney,kidney,2.578574697820569e-05,1.679496827545535e-08,1.8557323088297397e-05,5.83602217323056e-07,1.7365655845508695e-06,0.9999280526413782,7.80388997429935e-09,1.9591367628140035e-06,2.2963869523202833e-05,3.365156090736865e-07
GSM3394323,GSE120137,kidney,control,43.457,tissue_multiclass,logistic,False,kidney,kidney,0.00010053716499020793,4.025218634484506e-08,4.7520684655138456e-05,9.347284850507567e-07,1.0079174686974273e-05,0.9997514008609252,1.0413785344538874e-08,8.212772783283378e-06,8.006008766963119e-05,1.2038598327020355e-06
GSM3394324,GSE120137,kidney,control,43.457,tissue_multiclass,logistic,False,kidney,kidney,4.413832695998311e-05,2.2984884738893935e-08,3.7286905443626334e-05,8.968581097260796e-07,1.0405017498116262e-05,0.9998735247649002,7.2637720076351614e-09,1.1383255836795918e-06,3.184636523944902e-05,7.331876081767877e-07
GSM3394325,GSE120137,kidney,control,43.457,tissue_multiclass,logistic,False,kidney,kidney,4.9335620226789714e-05,3.391539838058098e-08,4.0849885433802715e-05,1.0360259668349723e-06,4.308417816393202e-06,0.9998587103292637,1.722598052944434e-08,4.675440566970126e-06,3.957665402967089e-05,1.4564853172285214e-06
GSM3394326,GSE120137,kidney,control,43.457,tissue_multiclass,logistic,False,kidney,kidney,8.369922354279891e-05,5.437712124559395e-08,2.5842856776895698e-05,7.678843652115346e-07,2.7395430560857444e-06,0.9998582773329459,1.125730040403284e-08,2.2508299418425354e-06,2.5602029514016146e-05,7.546654355429186e-07
GSM3394327,GSE120137,kidney,control,43.457,tissue_multiclass,logistic,False,kidney,kidney,0.00010064061635641801,8.955606619526122e-08,5.7117673485271325e-05,8.985418434165465e-07,1.6258120416512376e-05,0.9997859088318417,9.149123013747246e-09,3.685952702058444e-06,3.459406168734826e-05,7.974964777623802e-07
GSM3394328,GSE120137,kidney,control,43.457,tissue_multiclass,logistic,False,kidney,kidney,4.404271004426242e-05,2.096226566255073e-08,1.9291554188355863e-05,8.618915432539163e-07,2.190695212517634e-06,0.9998958316277164,1.1045783306755312e-08,1.5969849821734976e-06,3.513983607947191e-05,1.0126921846790471e-06
GSM3394329,GSE120137,kidney,control,43.457,tissue_multiclass,logistic,False,kidney,kidney,6.489701074040811e-05,6.474526240581961e-08,2.7885248022504212e-05,3.984014505374342e-07,4.201088491324251e-06,0.9998800354946923,6.260422197634084e-09,2.0767851276356505e-06,2.0287825168192094e-05,1.4714062243265663e-07
GSM3394330,GSE120137,kidney,control,43.457,tissue_multiclass,logistic,False,kidney,kidney,3.253911185179617e-05,4.155278955271683e-08,1.7007192589254862e-05,5.17488113496293e-07,4.026193963193381e-06,0.9998432699239197,7.867177496123491e-09,5.685243806479146e-06,9.65856859486433e-05,3.197398403123086e-07
GSM3394331,GSE120137,kidney,control,43.457,tissue_multiclass,logistic,False,kidney,kidney,2.1442594460847852e-05,6.96462444418706e-08,2.2232280515977075e-05,3.809351373846346e-07,3.9871051788241184e-06,0.999894736283837,4.071883942365923e-09,4.1452974524775305e-06,5.280738632290024e-05,1.9439896607621367e-07
GSM3394332,GSE120137,kidney,control,43.457,tissue_multiclass,logistic,False,kidney,kidney,1.5342680860507266e-05,1.6595131419201466e-08,1.1433232602946677e-05,3.080998208937131e-07,1.2415403706148947e-06,0.9999604620223523,3.4436235405552994e-09,1.0690159391160854e-06,9.988288936739953e-06,1.3508036178731466e-07
GSM3394333,GSE120137,kidney,control,43.457,tissue_multiclass,logistic,False,kidney,kidney,1.6127959742773867e-05,4.8329242932463426e-08,4.718421523683299e-05,6.780489762031828e-07,4.442243237960477e-06,0.9998192149951094,9.885773310132005e-09,4.04677557363052e-06,0.00010797951368826619,2.68033418902757e-07
GSM3394334,GSE120137,kidney,control,43.457,tissue_multiclass,logistic,False,kidney,kidney,0.0001591992832751006,4.8928631805168204e-08,5.0268292343308606e-05,3.923610298209765e-06,8.706332148172996e-06,0.9996483078080864,5.136788672748494e-08,8.863427938073057e-06,0.00011923965046540771,1.391298926873298e-06
GSM3394335,GSE120137,kidney,control,43.457,tissue_multiclass,logistic,False,kidney,kidney,1.0447176527572657e-05,3.773950769176931e-08,2.4431777143457785e-05,6.076306874416367e-07,3.8061992192592542e-06,0.9998685974242856,1.0437779370159155e-08,1.0754213349093957e-06,9.068582775440522e-05,3.0036575992791284e-07
GSM3394336,GSE120137,kidney,control,43.457,tissue_multiclass,logistic,False,kidney,kidney,4.016825042013403e-05,7.574905535058785e-08,1.0722195638979031e-05,4.5778534139123595e-07,1.994645833638655e-06,0.9999304459263525,9.014404439420517e-09,1.2631697177470826e-06,1.4734928925972174e-05,1.2833430998441293e-07
GSM3394337,GSE120137,kidney,control,43.457,tissue_multiclass,logistic,False,kidney,kidney,2.8353208172521086e-05,4.863226531079201e-08,1.9837344546074512e-05,1.0355317879919665e-06,2.098588694142316e-06,0.9998751160969956,9.374137268086513e-09,1.1043119483576502e-06,7.18424466448883e-05,5.544648076676775e-07
GSM3394338,GSE120137,kidney,control,43.457,tissue_multiclass,logistic,False,kidney,kidney,8.479391019057703e-06,3.0766668900800405e-07,3.8262646796079797e-05,3.381893576144498e-06,2.23689533335237e-06,0.9997409350531742,3.0897891903188894e-08,1.7503571484409696e-05,0.00018856107181779418,3.00912218371733e-07
GSM3394339,GSE120137,kidney,control,8.691,tissue_multiclass,logistic,False,kidney,kidney,4.2349859463128736e-05,2.393077209686803e-08,1.9124838587716776e-05,8.736011724113833e-07,5.106750003128237e-06,0.9999105825202853,3.293367255017706e-09,1.2513894710066018e-06,2.0522460616088014e-05,1.6135626207509318e-07
GSM3394340,GSE120137,kidney,control,8.691,tissue_multiclass,logistic,False,kidney,kidney,1.7037719280674853e-05,1.36835064745687e-08,1.2989634173634757e-05,8.217081427556434e-07,1.0887368427303566e-06,0.999951059870029,5.943438669972563e-09,5.425239220796587e-07,1.6288583073343463e-05,1.515975907353853e-07
GSM3394341,GSE120137,kidney,control,8.691,tissue_multiclass,logistic,False,kidney,kidney,1.1523963611824888e-05,5.995157144623392e-09,1.2730480987058796e-05,3.0093104628129733e-07,8.098578652855526e-07,0.9999663569874684,2.5859221174940055e-09,6.985444815478298e-07,7.396328493917634e-06,1.743249662326006e-07
GSM3394342,GSE120137,kidney,control,8.691,tissue_multiclass,logistic,False,kidney,kidney,3.378216741249701e-05,1.7324360924030494e-08,2.0139232055918045e-05,1.0683480523538108e-06,8.352231208262438e-06,0.9999062542325231,6.115700776259619e-09,1.8907263627520495e-06,2.728023192482367e-05,1.2093903985451446e-06
GSM3394343,GSE120137,kidney,control,8.691,tissue_multiclass,logistic,False,kidney,kidney,3.195924057888282e-05,1.4221182610030942e-08,4.0809743372300424e-05,4.43665406109788e-07,5.022896456655231e-06,0.9998819741525714,3.235072779596375e-09,1.0133389920957974e-06,3.830092821024063e-05,4.585781568396418e-07
GSM3394344,GSE120137,kidney,control,8.691,tissue_multiclass,logistic,False,kidney,kidney,7.782897794261919e-05,2.262764730384765e-08,3.8337613055991994e-05,1.350476287005125e-06,5.457161077727352e-06,0.9997783269852913,8.048623303606941e-09,1.5349585909777164e-06,9.567050990454407e-05,1.4626415791047425e-06
GSM3394345,GSE120137,kidney,control,8.691,tissue_multiclass,logistic,False,kidney,kidney,9.688164398820393e-06,2.6508118309905463e-08,3.32864911693282e-05,1.4403120144621142e-06,4.484853128429163e-06,0.9998254028938157,1.157934326178351e-08,2.0867761032376723e-06,0.00012314519647409742,4.272254344488174e-07
GSM3394346,GSE120137,kidney,control,8.691,tissue_multiclass,logistic,False,kidney,kidney,0.00010500191480607049,2.8726298261602315e-08,5.5776918237834546e-05,1.4660899523913991e-06,6.232675204259243e-06,0.9996470707186669,9.1527249512925e-09,1.0634035603717194e-05,0.00017247755725462884,1.302211251158396e-06
GSM3394347,GSE120137,kidney,control,8.691,tissue_multiclass,logistic,False,kidney,kidney,0.00010155799799862932,2.6734694588607062e-08,2.2840300664286706e-05,8.112175095661399e-07,3.910490584234435e-06,0.9998234585267723,1.2050351925323908e-08,3.5078843687859953e-06,4.315763589010248e-05,7.171611657148842e-07
GSM3394348,GSE120137,kidney,control,8.691,tissue_multiclass,logistic,False,kidney,kidney,6.881213146495133e-05,4.412376846823775e-08,4.113689777052578e-05,1.7206293903155875e-06,6.765610750558549e-06,0.9996020387260771,1.6634259817915516e-08,7.340678816109988e-06,0.00027110613863928274,1.0184290629414532e-06
GSM3394349,GSE120137,kidney,control,8.691,tissue_multiclass,logistic,False,kidney,kidney,2.6542959964286493e-05,4.3118423335055207e-08,3.840537038112696e-05,9.560880477491333e-07,4.5230469633977175e-06,0.9997560709695708,1.4306666397366105e-08,1.7131196539940222e-05,0.00015589523935644718,4.1770408653950523e-07
GSM3394350,GSE120137,kidney,control,8.691,tissue_multiclass,logistic,False,kidney,kidney,2.4068002614292074e-05,1.6462885287179102e-08,1.4867759845110023e-05,3.184288030629976e-07,1.7535935087377833e-06,0.9999330263034494,5.095356632408215e-09,1.1366923399959436e-06,2.462593654469886e-05,1.8172465257754346e-07
GSM3394351,GSE120137,kidney,control,8.691,tissue_multiclass,logistic,False,kidney,kidney,4.64911718661217e-05,2.5475846610056683e-08,2.851342896369953e-05,3.677260415124659e-07,5.0548993973159695e-06,0.9998969498034767,2.634556429167193e-09,1.7456212361460935e-06,2.0710303532626927e-05,1.3893508288463954e-07
GSM3394352,GSE120137,kidney,control,8.691,tissue_multiclass,logistic,False,kidney,kidney,2.8259269247661542e-05,6.464218098168067e-08,3.889542333150256e-05,1.01746051490527e-06,4.84105240086698e-06,0.9996426778171433,9.68420996361054e-09,7.689900924331611e-06,0.00027630229188247373,2.4245816391889286e-07
GSM3394353,GSE120137,kidney,control,8.691,tissue_multiclass,logistic,False,kidney,kidney,3.064576000121659e-05,2.670337365962694e-08,4.500050456130204e-05,8.966894131270689e-07,8.424574424181187e-06,0.9998427829955417,7.911562089912078e-09,1.3426332610093135e-06,7.009981622736134e-05,7.724116344167104e-07
GSM3394354,GSE120137,liver,control,86.914,tissue_multiclass,logistic,False,liver,liver,5.614008631785623e-05,2.7315284333927155e-07,7.8418731285994e-06,2.1113975824261683e-05,2.889528285568996e-05,1.697132301231184e-06,0.9998821933923581,1.146607090773944e-06,2.2362509964853103e-09,6.962610293019908e-07
GSM3394355,GSE120137,liver,control,86.914,tissue_multiclass,logistic,False,liver,liver,7.916476562022785e-05,2.682328336129811e-07,4.019585339707057e-06,1.2852740267606401e-05,3.0375155891289186e-05,6.447652255806648e-07,0.9998716130470484,9.309966166236137e-07,3.9528989509165285e-09,1.267582579484517e-07
GSM3394356,GSE120137,liver,control,86.914,tissue_multiclass,logistic,False,liver,liver,3.881824676835811e-05,1.2331328869277507e-07,1.8833122279652375e-06,1.7568179308761922e-05,3.527143867690487e-05,7.006702516354139e-07,0.999904596095621,9.198833269099289e-07,4.118478148089623e-09,1.1474205177383046e-07
GSM3394357,GSE120137,liver,control,86.914,tissue_multiclass,logistic,False,liver,liver,5.886670117505719e-05,5.993421551026189e-09,9.959245734455556e-07,3.4463324438533514e-06,1.1620367065393152e-05,4.915141474592633e-07,0.9999236558102613,8.54588775597739e-07,6.686509444153536e-10,6.209948542012427e-08
GSM3394358,GSE120137,liver,control,86.914,tissue_multiclass,logistic,False,liver,liver,0.0002736583632234076,2.5622495309086924e-07,1.0920512327079375e-05,2.814720097787844e-05,6.580928492522489e-05,2.58683599614395e-06,0.9996156751227412,2.603875251667078e-06,1.007996837549152e-08,3.324996360105996e-07
GSM3394359,GSE120137,liver,control,86.914,tissue_multiclass,logistic,False,liver,liver,4.7448740969889535e-06,9.685527822748572e-09,4.2760335025525753e-07,7.100340413245116e-07,6.1052350285766185e-06,6.316611934603284e-08,0.9999878363139046,1.0001869124742204e-07,1.5878089421648776e-09,1.4814308051303042e-09
GSM3394360,GSE120137,liver,control,86.914,tissue_multiclass,logistic,False,liver,liver,1.4623005694991193e-05,1.925628819030119e-09,5.578474217057951e-07,2.06932944638838e-06,7.606309991973574e-06,2.188540765138042e-07,0.9999746032966017,2.9902059609400565e-07,2.7980151872641225e-10,2.0130740195066294e-08
GSM3394361,GSE120137,liver,control,86.914,tissue_multiclass,logistic,False,liver,liver,8.421033321919386e-05,5.913773491226679e-08,1.8447090804568258e-06,6.381074009955964e-06,2.4436602012884592e-05,5.925188795929551e-07,0.9998811552828969,1.287928171953782e-06,6.554416017616434e-09,2.5859578259771273e-08
GSM3394362,GSE120137,liver,control,86.914,tissue_multiclass,logistic,False,liver,liver,1.1097445278182596e-05,1.2931986446178918e-08,5.455180869878096e-07,1.5550029018308127e-06,8.36032915183993e-06,1.3565605800071427e-07,0.9999778930484783,3.9201642016632214e-07,2.7687135268286254e-09,5.2829247712924215e-09
GSM3394363,GSE120137,liver,control,86.914,tissue_multiclass,logistic,False,liver,liver,1.3935011715477465e-05,1.1548698886214686e-08,5.649166324018618e-07,1.6354505663259951e-06,8.445189548370445e-06,1.3499896109364565e-07,0.9999749322713257,3.3377704906773024e-07,2.0573660829380283e-09,4.778136485187744e-09
GSM3394364,GSE120137,liver,control,86.914,tissue_multiclass,logistic,False,liver,liver,0.0001020669780329406,4.0036386706501313e-07,4.098264389451921e-06,4.378852877123962e-06,2.8342500471676482e-05,9.91664060162006e-07,0.9998592887595134,3.756930156734968e-07,2.788714114484849e-09,5.413505855224102e-08
GSM3394365,GSE120137,liver,control,86.914,tissue_multiclass,logistic,False,liver,spleen,0.0032180754018120133,0.24745167650536185,0.006047969795864065,0.012150822148702858,0.0910369669117722,0.004703257039251896,0.11095147693155165,0.013698627455935067,0.0015439281350292959,0.5091971996747191
GSM3394366,GSE120137,liver,control,86.914,tissue_multiclass,logistic,False,liver,liver,2.3314436970979333e-05,7.355923255493023e-08,1.040994352364249e-06,4.32411939739681e-06,1.7611433315177035e-05,3.223859400837251e-07,0.9999524502706097,8.335524677909889e-07,1.1044353218574645e-08,1.8203360665191993e-08
GSM3394367,GSE120137,liver,control,86.914,tissue_multiclass,logistic,False,liver,liver,7.086095168718713e-05,9.461677069557164e-08,2.6586404488430778e-06,5.506232607137566e-06,3.603144326636698e-05,1.3428956727248646e-06,0.9998801443537699,2.9706928434097223e-06,1.3029217507123759e-08,3.771437164196136e-07
GSM3394368,GSE120137,liver,control,86.914,tissue_multiclass,logistic,False,liver,liver,4.487469368010013e-05,4.216897132043375e-06,3.2815339563168134e-06,1.2217718584646183e-05,3.1335127503863876e-05,4.838505813920157e-07,0.9999013362070497,1.5495108152664095e-06,1.7375163326850768e-08,6.870855335122639e-07
GSM3394369,GSE120137,liver,control,86.914,tissue_multiclass,logistic,False,liver,liver,9.528425473863535e-06,3.198153569741305e-08,1.64472464350792e-06,1.9812238526677003e-06,6.103235614763498e-06,6.087408603305795e-07,0.9999797521764622,3.2197350367435614e-07,4.484633676996446e-10,2.706959001032002e-08
GSM3394370,GSE120137,liver,control,86.914,tissue_multiclass,logistic,False,liver,liver,1.6291300815341675e-05,2.846678597899396e-08,6.134531966828586e-07,1.5915419084555486e-06,1.07956748327237e-05,2.502715739105851e-07,0.9999696363141288,7.857591510413182e-07,2.8838049584663175e-09,4.333802261026806e-09
GSM3394371,GSE120137,liver,control,86.914,tissue_multiclass,logistic,False,liver,liver,3.8441311711768375e-06,3.334690264746422e-08,3.785296378677778e-07,1.4907028800581315e-06,1.5358829876434015e-05,2.0115428675267666e-07,0.9999785938344462,9.652282943122945e-08,6.914209735764862e-10,2.2565485565967794e-09
GSM3394372,GSE120137,liver,control,86.914,tissue_multiclass,logistic,False,liver,liver,6.42144153422924e-06,1.935838386499704e-08,3.1028830372625954e-07,2.144674745554926e-06,1.257225097363952e-05,2.9248650887998786e-07,0.9999779376036696,2.9619421734835575e-07,1.085537475029005e-09,4.61612568485773e-09
GSM3394373,GSE120137,liver,control,86.914,tissue_multiclass,logistic,False,liver,liver,7.065565044166699e-06,4.124051619032399e-08,5.444025822438702e-07,4.094019411565039e-06,1.6687188542440244e-05,2.909024376294918e-07,0.9999709799414623,2.8007740491760494e-07,2.133230514675748e-09,1.4529367831724013e-08
GSM3394374,GSE120137,liver,control,43.457,tissue_multiclass,logistic,False,liver,liver,2.785171344744979e-05,6.557726524943937e-08,1.7731518186546658e-06,6.35198624845809e-06,1.8762981738634103e-05,2.682137568284042e-07,0.9999440798492364,8.112623840486082e-07,6.685413316236752e-09,2.857869079535126e-08
GSM3394375,GSE120137,liver,control,43.457,tissue_multiclass,logistic,False,liver,liver,5.277108999260171e-06,7.723886488268761e-09,1.1956354274994431e-06,2.667895680246287e-06,4.251395418104262e-06,5.251029675534568e-07,0.9999859507302917,1.0503839551578407e-07,1.6139693211651668e-10,1.9207536740190736e-08
GSM3394376,GSE120137,liver,control,43.457,tissue_multiclass,logistic,False,liver,liver,4.137070593016789e-05,1.124576709728619e-08,8.745071144713714e-07,3.0809687039265718e-06,9.039955906864006e-06,2.3746895019111718e-07,0.9999452707743806,9.785568267095442e-08,6.067616256545498e-10,1.5910802526975863e-08
GSM3394377,GSE120137,liver,control,43.457,tissue_multiclass,logistic,False,liver,liver,5.43207437213815e-05,2.8306992969857007e-08,2.6324133437394905e-06,7.217136120587122e-06,1.1466843236352983e-05,4.3392062329162343e-07,0.9999236623511463,1.8077076336621243e-07,1.6216944339751071e-09,5.589235771682132e-08
GSM3394378,GSE120137,liver,control,43.457,tissue_multiclass,logistic,False,liver,liver,2.7232203649634816e-06,3.0550518281464162e-09,1.7690049234160422e-07,1.002630724640862e-06,4.891415249961159e-06,1.166912602592901e-07,0.9999910297970221,5.3578496551565175e-08,1.693219271527421e-10,2.5420153120155102e-09
GSM3394379,GSE120137,liver,control,43.457,tissue_multiclass,logistic,False,liver,liver,4.7098800802014415e-06,1.0687425748539505e-09,2.9918355852673405e-07,1.2475370172877863e-06,3.6827468283611545e-06,1.0826844579732663e-07,0.9999897597527928,1.763455827370949e-07,3.761235169241422e-10,1.4840828144761772e-08
GSM3394380,GSE120137,liver,control,43.457,tissue_multiclass,logistic,False,liver,liver,5.979709249360696e-06,2.4157099174722227e-09,5.216987658505427e-07,1.7488826234870394e-06,5.423113585071623e-06,7.89788017643902e-08,0.9999861140686606,1.267787037950533e-07,1.5929330348568187e-09,2.760967386045968e-09
GSM3394381,GSE120137,liver,control,43.457,tissue_multiclass,logistic,False,liver,liver,5.5384499757199745e-05,2.597299676938154e-08,1.211960271476743e-06,3.632398435149782e-06,8.72404018766565e-06,3.0931472641299177e-07,0.9999304616323476,2.1479710039286138e-07,6.338436506422691e-10,3.475033358537929e-08
GSM3394382,GSE120137,liver,control,43.457,tissue_multiclass,logistic,False,liver,liver,2.279873547531296e-06,6.684815183656511e-09,7.079982968671485e-07,1.6201533488911855e-06,2.5174706633257185e-06,3.1874044363713604e-07,0.9999924309498568,1.0193483232676442e-07,2.3431873776482744e-10,1.5959876471944026e-08
GSM3394383,GSE120137,liver,control,43.457,tissue_multiclass,logistic,False,liver,liver,3.973633212180801e-06,6.337105266277119e-10,1.504961937314367e-07,1.1993646538974122e-06,2.7370441519043724e-06,7.061185714578335e-08,0.9999917921874555,7.242842514223363e-08,1.1582864642465555e-10,3.484511388211176e-09
GSM3394384,GSE120137,liver,control,43.457,tissue_multiclass,logistic,False,liver,liver,2.4061286019740074e-06,1.4290224872161438e-08,6.224027182773059e-07,2.0018152075742733e-06,3.195280350305979e-06,2.6366645821547644e-07,0.9999913772685834,1.0259850413798072e-07,2.1415763230743823e-10,1.6335193584137097e-08
GSM3394385,GSE120137,liver,control,43.457,tissue_multiclass,logistic,False,liver,liver,1.7441643122452765e-05,2.754781437111234e-08,1.0494815344823404e-06,2.2741537559479944e-06,1.442744204960279e-05,2.811751285998131e-07,0.9999638891463472,5.978062030701997e-07,5.1480565971159106e-09,6.45598799588623e-09
GSM3394386,GSE120137,liver,control,43.457,tissue_multiclass,logistic,False,liver,liver,2.4342481325984466e-05,9.56760521138767e-08,1.5798435725318649e-06,4.129629271174292e-06,1.2704884664643339e-05,5.299076550958526e-07,0.9999562158549353,3.7190080032583497e-07,2.977536613247006e-09,2.684418618829797e-08
GSM3394387,GSE120137,liver,control,43.457,tissue_multiclass,logistic,False,liver,liver,3.471274413297158e-05,8.420902726570929e-09,7.622221657014748e-07,2.051968264249535e-06,1.1881700139944458e-05,3.7162095481060466e-07,0.9999496374945482,5.08097119387035e-07,1.2062810478141426e-09,6.452549088588666e-08
GSM3394388,GSE120137,liver,control,43.457,tissue_multiclass,logistic,False,liver,liver,8.143582008412923e-06,2.2349652107366588e-08,9.55571126790232e-07,2.369876688180388e-06,1.2835442970956375e-05,2.422798664329902e-07,0.9999749860840362,4.3107561208832445e-07,6.014326578882727e-09,7.723712390109682e-09
GSM3394389,GSE120137,liver,control,43.457,tissue_multiclass,logistic,False,liver,liver,1.617520591371638e-05,1.0741865884111534e-09,3.913211761166047e-07,1.2492786320803748e-06,6.2866382277949395e-06,2.159119442031432e-07,0.9999749368079895,7.198983587677942e-07,4.990090020297317e-10,2.3364561948234952e-08
GSM3394390,GSE120137,liver,control,43.457,tissue_multiclass,logistic,False,liver,liver,9.541869839674175e-06,4.687542460034486e-09,5.207588334482604e-07,1.0717251618870493e-06,5.593447016963973e-06,1.4716195280473764e-07,0.9999827979889112,3.1663761523599157e-07,3.1087051835874692e-09,2.614421329209637e-09
GSM3394391,GSE120137,liver,control,43.457,tissue_multiclass,logistic,False,liver,liver,1.43307437828824e-05,3.026852903315237e-08,1.7336171976704882e-06,3.077707410428202e-06,5.565350395356955e-06,7.060209299783868e-07,0.9999742922089101,2.3308411102028051e-07,2.637580592959172e-10,3.073497550176294e-08
GSM3394392,GSE120137,liver,control,43.457,tissue_multiclass,logistic,False,liver,liver,7.4644756860617745e-06,2.5276782148141128e-08,9.407349078279453e-07,1.223771270795415e-06,3.929170042168356e-06,5.588994954831189e-07,0.9999855689955869,2.644461256427828e-07,4.3794418977082526e-10,2.379215852393166e-08
GSM3394393,GSE120137,liver,control,43.457,tissue_multiclass,logistic,False,liver,liver,6.7917905992812e-06,1.4746225405282687e-08,8.442645381793883e-07,1.2153064239150276e-06,2.865613427748963e-06,3.070746135553115e-07,0.9999878439316063,1.056444712032994e-07,1.2734972691706194e-10,1.150074456382457e-08
GSM3394394,GSE120137,liver,control,8.691,tissue_multiclass,logistic,False,liver,liver,8.150834963545644e-06,1.6293606015006225e-08,6.194727544847334e-07,3.6447437860137544e-06,1.2357330592327084e-05,2.6924292280145067e-07,0.9999747692844475,1.6698255359796566e-07,6.812531870921798e-10,5.133120632571296e-09
GSM3394395,GSE120137,liver,control,8.691,tissue_multiclass,logistic,False,liver,liver,3.5423416857892978e-06,4.164688469210998e-09,2.461492836233638e-07,2.368728339680171e-06,5.713792096803579e-06,1.3073383829353586e-07,0.9999879329239078,5.5242620951212115e-08,2.8792893277894403e-10,5.6356096766862565e-09
GSM3394396,GSE120137,liver,control,8.691,tissue_multiclass,logistic,False,liver,liver,4.743979255983245e-06,1.45702550153688e-09,3.463538103534457e-07,8.509095563102475e-07,3.880439221021631e-06,1.541338801919653e-07,0.9999897476205972,2.6059079965149324e-07,4.98844738510563e-10,1.401700897303092e-08
GSM3394397,GSE120137,liver,control,8.691,tissue_multiclass,logistic,False,liver,liver,6.768474508468044e-06,9.416156165423718e-09,7.955872323958429e-07,1.5406120077001642e-06,8.882433471486054e-06,1.622773687391595e-07,0.9999813793923795,4.5573910958252147e-07,2.509960778464041e-09,3.5578054088380773e-09
GSM3394398,GSE120137,liver,control,8.691,tissue_multiclass,logistic,False,liver,liver,3.970488765603702e-06,5.730910800021674e-09,9.53927275099303e-07,2.3225296710650135e-06,3.599524709932016e-06,3.0483112731386025e-07,0.9999886879672081,1.2976340617743227e-07,2.7147820794264126e-10,2.4965447484137502e-08
GSM3394399,GSE120137,liver,control,8.691,tissue_multiclass,logistic,False,liver,liver,6.130214492475712e-06,1.946460679025174e-09,4.557236309668236e-07,4.620195217620768e-07,3.206911186918206e-06,1.2311529403458886e-07,0.9999894041729113,2.102756403676637e-07,2.436023120327608e-10,5.377259235814217e-09
GSM3394400,GSE120137,liver,control,8.691,tissue_multiclass,logistic,False,liver,liver,4.206843530577357e-06,6.72001096692535e-09,1.8596849958345064e-06,4.177384297704701e-06,4.8415989335431326e-06,4.198298759979557e-07,0.9999840800474914,3.559371202463397e-07,5.236639981204214e-10,5.143007960336412e-08
GSM3394401,GSE120137,liver,control,8.691,tissue_multiclass,logistic,False,liver,liver,1.907500657070354e-06,8.116924535199699e-10,2.6644078335570654e-07,5.578070698524922e-07,2.0897072658580372e-06,7.600320910108061e-08,0.9999950051867157,9.045399058546753e-08,3.096361312161932e-10,5.778979857460426e-09
GSM3394402,GSE120137,liver,control,8.691,tissue_multiclass,logistic,False,liver,liver,2.1945081298713266e-05,2.411312189877066e-08,2.0533882733001896e-06,6.930795919749614e-06,9.453919020631896e-06,2.9521877412273075e-07,0.9999590026849607,2.6612037265823886e-07,2.5746919293172046e-09,2.6103566497292568e-08
GSM3394403,GSE120137,liver,control,8.691,tissue_multiclass,logistic,False,liver,liver,5.07018686771252e-06,6.693521130332827e-09,7.065869399730694e-07,1.619193775475887e-06,5.984288170965421e-06,1.0016090453155634e-07,0.9999861928748238,3.124231623000883e-07,2.401449718367123e-09,5.190384456100467e-09
GSM3394404,GSE120137,liver,control,8.691,tissue_multiclass,logistic,False,liver,liver,1.0832685107527552e-05,2.287631092823532e-08,7.595747019375209e-07,2.1958076799089517e-06,7.404881876722911e-06,1.7623615147663815e-07,0.9999781257587929,4.703732298119538e-07,6.843406575460026e-09,4.962742174646327e-09
GSM3394405,GSE120137,liver,control,8.691,tissue_multiclass,logistic,False,liver,liver,2.1614112320622987e-05,2.6329039452814764e-08,1.1975574507009824e-06,2.589010879314854e-06,6.884327070730981e-06,2.2441144186446483e-07,0.9999673428959055,1.1153056307734602e-07,4.88054698911026e-10,9.337273901744698e-09
GSM3394406,GSE120137,liver,control,8.691,tissue_multiclass,logistic,False,liver,liver,2.524277966259934e-06,1.022260634669538e-08,9.075288060192767e-07,1.200808993758576e-06,3.267028464484475e-06,4.4990034102722204e-07,0.9999912542357707,3.655805052546433e-07,5.25253378150166e-10,1.989129240534106e-08
GSM3394407,GSE120137,liver,control,8.691,tissue_multiclass,logistic,False,liver,liver,5.086333341771805e-06,7.1418677738426486e-09,1.2911930723120604e-06,2.3244728680445757e-06,3.524160029173934e-06,2.999458656809715e-07,0.9999871864134716,2.5868417385296454e-07,1.2530607983334918e-10,2.153000340618417e-08
GSM3394408,GSE120137,liver,control,8.691,tissue_multiclass,logistic,False,liver,liver,3.900217582400826e-06,1.741708699506258e-09,3.560736968434186e-07,5.899401952667439e-07,3.502190267888333e-06,1.8630456664772836e-07,0.9999911405354867,3.150230009253968e-07,1.2012000458115095e-09,6.77229441152767e-09
GSM3394409,GSE120137,liver,control,8.691,tissue_multiclass,logistic,False,liver,liver,2.626398748136493e-06,6.2406535518741835e-09,2.5115813864296757e-07,1.1951432362167355e-06,4.980149598438895e-06,1.3108955575358702e-07,0.9999907362023616,7.165509640779145e-08,3.795798455080437e-10,1.5830316692722662e-09
GSM3394410,GSE120137,liver,control,8.691,tissue_multiclass,logistic,False,liver,liver,2.2056705718592753e-05,3.469081737336634e-08,1.1550598756320342e-06,3.1395008926677144e-06,1.0882126591137789e-05,3.976312327986513e-07,0.9999620213761391,2.9952496249940456e-07,1.4666308535145928e-09,1.1917139366939664e-08
GSM3394411,GSE120137,liver,control,8.691,tissue_multiclass,logistic,False,liver,liver,2.0822381240048403e-06,8.29920231617298e-09,9.860481467759954e-07,1.2111688370945063e-06,3.0725937203450678e-06,3.9829731566845613e-07,0.999991927860422,2.950498543969417e-07,3.3867311280006384e-10,1.8105704282762506e-08
GSM3394412,GSE120137,liver,control,8.691,tissue_multiclass,logistic,False,liver,liver,3.2146615188839313e-06,4.957506795804391e-09,2.825092513216627e-07,1.3342895067476585e-06,6.397690480755004e-06,2.0367336294683666e-07,0.9999884431003799,1.1658836456538291e-07,5.698561865684564e-10,1.9597718137664885e-09
GSM3394413,GSE120137,liver,control,8.691,tissue_multiclass,logistic,False,liver,liver,3.294197181898481e-05,1.1230219304049598e-07,2.2223589269849007e-06,2.7134125335688184e-06,1.3693139015270464e-05,4.6407464801450435e-07,0.9999472213963733,6.197910098477568e-07,2.2411217925157426e-09,9.312359263118587e-09
GSM3394414,GSE120137,lung,control,86.914,tissue_multiclass,logistic,False,lung,lung,0.0014338397414677929,9.697515988921924e-05,0.00046363694822314255,0.0009044820833819136,0.00037248998856515925,7.056557477958867e-05,0.000414255485612207,0.9928178010719959,0.0001898238691859644,0.003236130076898974
GSM3394415,GSE120137,lung,control,86.914,tissue_multiclass,logistic,False,lung,lung,0.0011022589827649496,3.4158794799967193e-06,8.411732945367244e-05,0.00048748104197570856,7.056416147965077e-05,3.253994249263677e-05,0.0002724319231074523,0.9976387889419895,2.3987520813886354e-05,0.00028441427644260945
GSM3394416,GSE120137,lung,control,86.914,tissue_multiclass,logistic,False,lung,lung,0.0020926138245347613,4.2790728589641115e-05,0.00030923033079413223,0.0004462630286242765,0.0002102673566316847,5.294930246845616e-05,0.0005305042244119012,0.9943655070974269,4.334476042781331e-05,0.0019065293460899912
GSM3394417,GSE120137,lung,control,86.914,tissue_multiclass,logistic,False,lung,lung,0.001395806859418992,2.026938627105934e-06,0.00011876529500263581,0.0005004166703887345,6.754013756087665e-05,2.737347644793219e-05,0.00010762441759656429,0.9975968573572216,1.8895157191543986e-05,0.00016469369054405647
GSM3394418,GSE120137,lung,control,86.914,tissue_multiclass,logistic,False,lung,lung,0.0008026763884101258,1.234321948632427e-05,0.00015984902585145945,0.0006534314626831845,9.984503445019437e-05,5.5782167135993836e-05,0.0005221992626313467,0.9971610620800212,0.00016006341641649165,0.0003727479429138407
GSM3394419,GSE120137,lung,control,86.914,tissue_multiclass,logistic,False,lung,lung,0.0005633242065782766,0.00010354125042661041,0.000155222032024119,0.00036929898834297636,0.00012153359259125634,3.464955705994461e-05,0.00031125879165118397,0.9980427944029336,8.77338391374008e-05,0.00021064333925464006
GSM3394420,GSE120137,lung,control,86.914,tissue_multiclass,logistic,False,lung,lung,0.0008049189599955665,2.049892693397029e-05,0.00016286853895183963,0.0004671155383941264,0.000122723837838891,5.075962458303361e-05,0.00044437244616255797,0.9973076668580565,0.00023738341077214332,0.0003816918583113795
GSM3394421,GSE120137,lung,control,86.914,tissue_multiclass,logistic,False,lung,lung,0.0016727336746282081,5.352083798789145e-05,0.00041765636204896066,0.001679570655634274,0.00030951753949509,6.06858755432865e-05,0.0009718708448944043,0.9909496618589525,0.00015876211837204658,0.0037260202324432713
GSM3394422,GSE120137,lung,control,86.914,tissue_multiclass,logistic,False,lung,lung,0.0018107645809375722,2.6023983832492062e-05,0.00028245898098047857,0.0008194176009332483,0.0001997585795067534,5.1052944501748966e-05,0.0005218600824095167,0.9949754916274055,0.0002001322376440454,0.001113039381848684
GSM3394423,GSE120137,lung,control,86.914,tissue_multiclass,logistic,False,lung,lung,0.0004236620859204103,2.1439273628700447e-05,7.98160224885164e-05,0.00014856295361315424,5.250612359940202e-05,1.5537960660065437e-05,0.00017624827111435468,0.9986678460778924,8.888622626253519e-05,0.00032549500482032396
GSM3394424,GSE120137,lung,control,86.914,tissue_multiclass,logistic,False,lung,lung,0.001500705003183785,6.185773106571104e-06,7.206018227628709e-05,0.00030895965178759073,6.274511559729635e-05,3.613302511542021e-05,0.00014682742811432053,0.9975705295724774,8.341225865998489e-05,0.00021244198968128553
GSM3394425,GSE120137,lung,control,86.914,tissue_multiclass,logistic,False,lung,lung,0.005566235893319393,0.006485612463599688,0.0012525018736787505,0.002296275877513228,0.0020010500172460703,0.0007367026905368566,0.012590889898355133,0.9497935873264852,0.0004585338260376386,0.018818610133228213
GSM3394426,GSE120137,lung,control,86.914,tissue_multiclass,logistic,False,lung,lung,0.00010353971678834457,3.0287968772689636e-06,1.4894734386607406e-05,5.268865050539922e-05,2.4766265993534347e-05,1.384192352584274e-05,6.619662754715e-05,0.9996407946316144,3.94092299390219e-05,4.0839422822277163e-05
GSM3394427,GSE120137,lung,control,86.914,tissue_multiclass,logistic,False,lung,lung,0.001011236169642485,0.00014524231606757436,0.0003787451845531849,0.00032726752313231504,0.0008443656503947057,6.789815535425276e-05,0.0010699802095925435,0.9958836095857745,6.765524038977363e-05,0.0002039999650986772
GSM3394428,GSE120137,lung,control,86.914,tissue_multiclass,logistic,False,lung,lung,0.0005170275875324266,9.570970936528893e-06,2.341435526961199e-05,9.949492306983839e-05,4.002972851379314e-05,1.4220696555515037e-05,8.033500606928162e-05,0.9990309215483048,5.056208095959175e-05,0.00013442310278855541
GSM3394429,GSE120137,lung,control,86.914,tissue_multiclass,logistic,False,lung,lung,0.00034505912226595446,1.4001654363010473e-05,0.00012631108263281234,0.00022300816497032336,9.80913668106551e-05,4.76367456951563e-05,0.0003620381434681944,0.9985364227632413,9.222388446290469e-05,0.00015520707208999734
GSM3394430,GSE120137,lung,control,86.914,tissue_multiclass,logistic,False,lung,lung,0.0005401433387616523,6.718976448641627e-06,9.477845396562869e-05,0.00029165699017181786,6.201272185871846e-05,3.3422159714989396e-05,0.0002088866674734855,0.9985739441850984,6.424345584694937e-05,0.00012419305065992255
GSM3394431,GSE120137,lung,control,86.914,tissue_multiclass,logistic,False,lung,lung,0.00018815895184477326,1.5466156177688658e-05,5.557841737101009e-05,0.00011695696057359003,5.776512320657408e-05,2.2732846969893195e-05,7.597502290808642e-05,0.9989719358356706,0.00027352469178997186,0.00022190599348772015
GSM3394432,GSE120137,lung,control,86.914,tissue_multiclass,logistic,False,lung,lung,0.0013409687531639554,1.3093229021468493e-05,0.0001071182333267784,0.00031652772669823125,9.656498365390976e-05,3.627089155466616e-05,0.00011565638965086816,0.9974857781887938,8.446837952516682e-05,0.0004035532246112825
GSM3394433,GSE120137,lung,control,86.914,tissue_multiclass,logistic,False,lung,lung,0.0005233537843774958,9.807573904182821e-06,5.839875553289179e-05,0.00023714086946483815,7.684658742961837e-05,2.3691759906457886e-05,5.268725768778225e-05,0.9984414975615027,0.00013829386331044117,0.00043828198688373684
GSM3394434,GSE120137,lung,control,43.457,tissue_multiclass,logistic,False,lung,lung,0.00020313685342146027,2.478446488836743e-07,6.426679484569467e-05,0.0001395995871399372,1.9144714514805183e-05,1.6709068980982126e-05,3.597304845550908e-05,0.99944288501652,4.313201340506024e-05,3.4905058067815454e-05
GSM3394435,GSE120137,lung,control,43.457,tissue_multiclass,logistic,False,lung,lung,0.00018940499972348298,2.2132214107225073e-07,4.9318250388314315e-05,0.00012394580098420106,1.744659541450003e-05,2.10507972652211e-05,6.530162788410607e-05,0.9994969920409126,1.7468835378410797e-05,1.8849729907988e-05
GSM3394436,GSE120137,lung,control,43.457,tissue_multiclass,logistic,False,lung,lung,0.000642300048501829,2.937169043142683e-07,3.5101636878242806e-05,6.786792713033422e-05,2.446921774743802e-05,2.2772711819807797e-05,3.181969698822693e-05,0.9991312272679193,1.8938570985390677e-05,2.5209205125123137e-05
GSM3394437,GSE120137,lung,control,43.457,tissue_multiclass,logistic,False,lung,lung,0.00018331766603853892,8.356738706273839e-08,3.209936769613451e-05,6.712149836983432e-05,1.9956197141086784e-05,1.4202424843933203e-05,3.6393249327901216e-05,0.9995629405870625,3.0044123809292543e-05,5.3841318323709875e-05
GSM3394438,GSE120137,lung,control,43.457,tissue_multiclass,logistic,False,lung,lung,0.00026620024167923995,4.262608183976764e-07,3.5917281160221226e-05,0.00015429993541921203,2.0320128543701442e-05,1.7578333461087532e-05,7.584140263541753e-05,0.9993368314460076,2.1595640257416758e-05,7.098933001773743e-05
GSM3394439,GSE120137,lung,control,43.457,tissue_multiclass,logistic,False,lung,lung,0.0003383020065153985,1.7507112551386323e-06,0.00012235324543208537,0.0003199043729599664,4.165131774421252e-05,3.3089334001799886e-05,0.00016492578156593774,0.9987434064954148,0.0001112206141906353,0.0001233961209199622
GSM3394440,GSE120137,lung,control,43.457,tissue_multiclass,logistic,False,lung,lung,0.0003514643549086249,2.38513895844201e-07,5.147578134300449e-05,0.00012660964883438462,1.8730159074506902e-05,1.6537717373692863e-05,2.563338631563879e-05,0.9993167985892922,4.1152040976240814e-05,5.135980798556893e-05
GSM3394441,GSE120137,lung,control,43.457,tissue_multiclass,logistic,False,lung,lung,8.640398563202831e-05,3.2352920033448743e-07,3.179713257190461e-05,7.830987501772928e-05,1.5830211731790194e-05,1.4044964475985655e-05,6.699164688250897e-05,0.9996481448532568,2.2840156874945212e-05,3.531364435601805e-05
GSM3394442,GSE120137,lung,control,43.457,tissue_multiclass,logistic,False,lung,lung,0.0003256512062253625,5.27651655401839e-07,7.422385313728399e-05,9.687838550922402e-05,2.069980840404122e-05,2.0051920390135317e-05,0.00010768632096044419,0.9991899806076331,5.313900556084613e-05,0.0001111612405241393
GSM3394443,GSE120137,lung,control,43.457,tissue_multiclass,logistic,False,lung,lung,0.00046636313160146716,1.3172248069105499e-06,7.260344955311382e-05,0.00020030549464330254,3.243257974657401e-05,1.592108484690536e-05,4.2959584207966454e-05,0.9990606423409625,2.2782142245917217e-05,8.467296738546299e-05
GSM3394444,GSE120137,lung,control,43.457,tissue_multiclass,logistic,False,lung,lung,0.000156109372496533,1.1131563817286265e-06,3.8623916078095115e-05,0.00013086411501066848,3.213537045302571e-05,1.7326122901520456e-05,9.940622573926263e-05,0.9994524611676189,3.193583414732421e-05,4.002471917275085e-05
GSM3394445,GSE120137,lung,control,43.457,tissue_multiclass,logistic,False,lung,lung,0.00018156364422282887,1.570540629194625e-06,3.874781229479663e-05,9.216330374966015e-05,2.135565305292706e-05,1.7264556566639763e-05,2.1571158394192687e-05,0.9995606940943997,4.042203823233995e-05,2.4647198457798253e-05
GSM3394446,GSE120137,lung,control,43.457,tissue_multiclass,logistic,False,lung,lung,0.00010599905863624516,1.613892248146876e-06,3.374083090658132e-05,7.726104117739958e-05,2.2676202157633333e-05,1.621804780707504e-05,5.565482316023799e-05,0.9996051566266457,5.410692056683488e-05,2.757255669401105e-05
GSM3394447,GSE120137,lung,control,43.457,tissue_multiclass,logistic,False,lung,lung,0.00032896927130824147,2.677696948414733e-06,4.732470152034107e-05,0.0001062975126096006,2.2986542588939724e-05,1.847190822599056e-05,4.571002885655643e-05,0.9993845390181938,2.670895548343064e-05,1.6314364265067115e-05
GSM3394448,GSE120137,lung,control,43.457,tissue_multiclass,logistic,False,lung,lung,6.388027939651994e-05,7.802865371589196e-07,2.3875141529061797e-05,3.0173333412962567e-05,1.1723432157679286e-05,1.3132665017491643e-05,3.287755391483016e-05,0.9997947774940313,1.636322052559901e-05,1.2416593477363667e-05
GSM3394449,GSE120137,lung,control,43.457,tissue_multiclass,logistic,False,lung,lung,0.0006189980157301403,3.533675435235928e-05,9.206218752280962e-05,0.0001824060861790764,7.403358275096038e-05,3.79603758242083e-05,0.00021629802516367076,0.9985026672367835,9.688923693078699e-05,0.00014334849876245593
GSM3394450,GSE120137,lung,control,43.457,tissue_multiclass,logistic,False,lung,lung,0.00029152875210552065,1.966699151152767e-06,2.2114493973201375e-05,9.293506811509319e-05,1.8498305417641124e-05,1.2476227670914845e-05,3.664554920685127e-05,0.9994708634818064,3.750244129795155e-05,1.5468981255211053e-05
GSM3394451,GSE120137,lung,control,43.457,tissue_multiclass,logistic,False,lung,lung,9.454706736635964e-05,1.2072901860973546e-06,2.221910751029847e-05,5.291376210992893e-05,1.6996011449187943e-05,1.2082390103512992e-05,4.9239824156105815e-05,0.9996950893336272,2.1606013340682294e-05,3.4099200150919215e-05
GSM3394452,GSE120137,lung,control,43.457,tissue_multiclass,logistic,False,lung,lung,0.00023866701050840705,1.4650966706254597e-06,1.9113827828704134e-05,6.452010605203602e-05,1.803535286270112e-05,1.4460925183527427e-05,4.531262949701969e-05,0.9995572697247428,2.090564164201417e-05,2.024968501226322e-05
GSM3394453,GSE120137,lung,control,43.457,tissue_multiclass,logistic,False,lung,lung,0.0003855627171423565,2.4113575281358006e-06,6.034294521173501e-05,0.00013030589400549249,3.486474189738731e-05,2.314338436662549e-05,7.075514666467794e-05,0.9991577967331439,6.220135042605318e-05,7.261572961393881e-05
GSM3394454,GSE120137,lung,control,8.691,tissue_multiclass,logistic,False,lung,lung,0.00034903889418257914,1.3800174602143687e-07,3.662702850816327e-05,5.089444205185684e-05,1.3493117381668228e-05,1.9974833739833648e-05,3.7170093908129054e-05,0.9994523983150561,1.574597642979043e-05,2.4519296995569326e-05
GSM3394455,GSE120137,lung,control,8.691,tissue_multiclass,logistic,False,lung,lung,9.38738015471093e-05,1.1729197336036749e-07,3.5492941480519066e-05,7.734424894562424e-05,1.0840826799870618e-05,1.549215178240042e-05,5.102149065727493e-05,0.999657256616845,3.0213178745386724e-05,2.8347451223580108e-05
GSM3394456,GSE120137,lung,control,8.691,tissue_multiclass,logistic,False,lung,lung,0.0011408497349195419,8.711201257787926e-06,0.000392785727337651,0.0008425269976323792,0.0001123111401578025,7.700065320502229e-05,0.00016728952549804253,0.9969649425781596,0.00012736295888095636,0.0001662194829512288
GSM3394457,GSE120137,lung,control,8.691,tissue_multiclass,logistic,False,lung,lung,0.00014116594534528402,1.6392612616774435e-06,4.092508486109009e-05,9.319058693492291e-05,2.0734334160318372e-05,1.0329740051626893e-05,9.351553282986736e-05,0.9995472502045273,2.7491437572796124e-05,2.375787245513973e-05
GSM3394458,GSE120137,lung,control,8.691,tissue_multiclass,logistic,False,lung,lung,0.00010153263303135194,8.417070661219979e-07,4.5516394113579583e-05,8.526255487194288e-05,2.1418815964815118e-05,1.783649836838062e-05,8.29406470931809e-05,0.9995455290903743,7.113477579964874e-05,2.7986883316658654e-05
GSM3394459,GSE120137,lung,control,8.691,tissue_multiclass,logistic,False,lung,lung,0.00024567925486154805,1.071036295138765e-06,4.331240056430214e-05,0.00011350765550332802,1.9406847064331506e-05,1.3172864894783254e-05,0.00010489655530020121,0.9994000290565973,1.960257310490702e-05,3.9321755813991056e-05
GSM3394460,GSE120137,lung,control,8.691,tissue_multiclass,logistic,False,lung,lung,0.0003467992648330378,5.083208599039093e-07,9.857420246314252e-05,0.00017151858342120269,3.0184177735237112e-05,1.6076818364151344e-05,8.617565101646225e-05,0.9991593080806725,3.65257700663843e-05,5.432913056802569e-05
GSM3394461,GSE120137,lung,control,8.691,tissue_multiclass,logistic,False,lung,lung,9.744623831483167e-05,2.4517230385443145e-06,8.164498947722107e-05,0.00012284105551888918,2.9371587740561478e-05,2.4848688599281087e-05,0.0001152123770655368,0.999396285235723,9.510659328254056e-05,3.479151123947257e-05
GSM3394462,GSE120137,lung,control,8.691,tissue_multiclass,logistic,False,lung,lung,0.00011481657098580282,6.269203852186326e-07,2.6675418508199332e-05,6.0931896804120416e-05,1.280475120384054e-05,3.3576966251257187e-05,4.083783866040458e-05,0.9996708378631429,1.9038736806804415e-05,1.9853037251461933e-05
GSM3394463,GSE120137,lung,control,8.691,tissue_multiclass,logistic,False,lung,lung,0.0002506101824311656,8.45899775206681e-07,3.9826226695908106e-05,0.0001113850101761352,2.2101259971350417e-05,3.0436217292895565e-05,4.3309646635739313e-05,0.999407014246115,5.952272881062688e-05,3.4948582095928084e-05
GSM3394464,GSE120137,lung,control,8.691,tissue_multiclass,logistic,False,lung,lung,0.00014057179391620947,7.83477708821993e-07,0.00010325579424356988,0.00025919706514076156,3.696091699390774e-05,3.6609644410709643e-05,0.00010025617726277592,0.9991410323435994,0.00010850924678766805,7.282353993611775e-05
GSM3394465,GSE120137,lung,control,8.691,tissue_multiclass,logistic,False,lung,lung,0.00013029136542626736,1.826051601238778e-07,1.6077897607701507e-05,2.451018772386368e-05,6.301953334749327e-06,2.0058032100035517e-05,1.9269685303005646e-05,0.9997505537429625,2.428565292774562e-05,8.468877454002704e-06
GSM3394466,GSE120137,lung,control,8.691,tissue_multiclass,logistic,False,lung,lung,0.00035776920706246285,3.4796802873510376e-06,0.00010158869258131796,0.00020650202491835358,4.1510059022504644e-05,6.307603750244469e-05,7.554398081354344e-05,0.9989315782785326,0.00016257564494709598,5.637639433230151e-05
GSM3394467,GSE120137,lung,control,8.691,tissue_multiclass,logistic,False,lung,lung,0.00012425725689346674,1.119763275686188e-06,5.611131006799001e-05,9.64701092427473e-05,1.8552674305914824e-05,1.9393215572598603e-05,0.00010721884542140087,0.9994910224571153,5.3034606150427365e-05,3.281976195429375e-05
GSM3394468,GSE120137,lung,control,8.691,tissue_multiclass,logistic,False,lung,lung,0.00017524457233245898,3.5711417532815163e-07,2.8914523739584465e-05,5.036694771890889e-05,1.2441143011396714e-05,1.3149280750928023e-05,2.1557128409520386e-05,0.9996420770357611,4.378254078371761e-05,1.210971331682444e-05
GSM3394469,GSE120137,lung,control,8.691,tissue_multiclass,logistic,False,lung,lung,5.1620339252210814e-05,1.2551530651552103e-07,1.6558038816048554e-05,3.3331482244166166e-05,5.3985466754852915e-06,1.2620006420185485e-05,2.584692347364599e-05,0.9998298058497205,2.080722421860931e-05,3.8860738726439975e-06
GSM3394470,GSE120137,lung,control,8.691,tissue_multiclass,logistic,False,lung,lung,0.0001646728931673327,8.864860770108792e-08,2.4196619331716757e-05,7.809417557430918e-05,1.2318564070865993e-05,1.643707908382089e-05,2.150004424431371e-05,0.9996281974808698,3.69940324313075e-05,1.7500462618815033e-05
GSM3394471,GSE120137,muscle,control,86.914,tissue_multiclass,logistic,False,muscle,muscle,0.002350443460721248,1.0798316315670563e-07,0.00021862767891724807,0.000126897939573287,5.248845282191559e-06,0.0001657608451836929,3.742161210305502e-07,8.903064209513614e-06,0.9971216793567352,1.956610093395212e-06
GSM3394472,GSE120137,muscle,control,86.914,tissue_multiclass,logistic,False,muscle,muscle,0.00025547986772131854,5.547528808601285e-09,4.1877710651001396e-05,6.763721659017975e-05,1.934607800922297e-06,4.9203197869371634e-05,6.94217982254218e-08,3.800996841754978e-06,0.9995791268193405,8.646138580615205e-07
GSM3394473,GSE120137,muscle,control,86.914,tissue_multiclass,logistic,False,muscle,muscle,0.00022164091152771816,4.529161703216807e-09,4.420398791083703e-05,0.00010219179435646901,1.543612824937064e-06,4.762953849803941e-05,3.924132635289031e-08,2.1392715223243685e-06,0.9995797970845802,8.100282914808354e-07
GSM3394474,GSE120137,muscle,control,86.914,tissue_multiclass,logistic,False,muscle,muscle,0.00040516692099124403,5.557485118659545e-09,6.510284752051076e-05,7.70545700364745e-05,7.240902163650741e-07,0.00011148584866099975,3.479629141586743e-08,1.7624080804004053e-06,0.999337572726418,1.090234299496819e-06
GSM3394475,GSE120137,muscle,control,86.914,tissue_multiclass,logistic,False,muscle,muscle,0.00048197198399054246,2.2192354149309434e-08,0.00012026560928727805,0.00011980679005793028,3.7445975804699934e-06,0.00010726750196307943,1.533933233454679e-07,2.5319985479454056e-05,0.9991389712547553,2.476691208565586e-06
GSM3394476,GSE120137,muscle,control,86.914,tissue_multiclass,logistic,False,muscle,muscle,0.0005447990353026468,6.019419489668564e-09,6.576000700322356e-05,3.718267584760447e-05,2.894174254248232e-06,8.596312819078213e-05,9.457349615113021e-08,8.021343061346154e-06,0.999251428585769,3.850457655658912e-06
GSM3394477,GSE120137,muscle,control,86.914,tissue_multiclass,logistic,False,muscle,muscle,0.00019556594662062192,7.011447391865835e-09,4.186818387208822e-05,4.280808273763102e-05,6.996466052437103e-07,6.701671829906766e-05,5.0151233246376184e-08,1.6971599089597816e-06,0.9996486350773862,1.6520218894879792e-06
GSM3394478,GSE120137,muscle,control,86.914,tissue_multiclass,logistic,False,muscle,muscle,0.00015914955854673586,4.426315685791189e-09,3.4010208156736844e-05,2.878188594881524e-05,1.1112552243919527e-06,4.47220736804428e-05,3.085729209732189e-08,2.1032238010306506e-06,0.9997293841815753,7.023294587407301e-07
GSM3394479,GSE120137,muscle,control,86.914,tissue_multiclass,logistic,False,muscle,muscle,0.0014229209537855259,3.053391353570848e-08,0.00011899138082484041,0.00011686126056943607,5.5356478603898685e-06,0.00012656092915425314,1.2070167882410698e-07,4.093650418118234e-06,0.9982030110761887,1.873865606308692e-06
GSM3394480,GSE120137,muscle,control,86.914,tissue_multiclass,logistic,False,muscle,muscle,0.00035475488221455004,1.1529694484201305e-08,4.951651185797687e-05,8.772911743472525e-05,2.777740194794957e-06,5.841684020554865e-05,1.3882754493056585e-07,4.930609666994143e-06,0.9994376447218253,4.079219360857061e-06
GSM3394481,GSE120137,muscle,control,86.914,tissue_multiclass,logistic,False,muscle,muscle,0.0009896750133867858,1.8164581932758164e-08,9.822679601276687e-05,7.942091503926561e-05,1.9423504809356277e-06,0.0002197556538911115,1.0323310265068053e-07,1.0823034968765269e-05,0.998597610803579,2.424034956812839e-06
GSM3394482,GSE120137,muscle,control,86.914,tissue_multiclass,logistic,False,muscle,muscle,0.015375892957740077,5.421211338105485e-06,0.000709018587373004,0.0006730059341270285,0.00014757978686960507,0.0009900606702414627,1.7879684805370663e-05,0.00018766839252848201,0.9818235364050768,6.993636990015338e-05
GSM3394483,GSE120137,muscle,control,86.914,tissue_multiclass,logistic,False,muscle,adipose,0.9272047623818448,3.8985171452030765e-07,0.0001937576249277929,0.0012337175452657677,3.016447075926424e-05,0.00017814299182483643,9.905015843838715e-06,0.0010143587253051238,0.07006641262494608,6.838876756825633e-05
GSM3394484,GSE120137,muscle,control,86.914,tissue_multiclass,logistic,False,muscle,adipose,0.9853682973157863,6.457014669828261e-08,6.162730132603763e-05,0.00044156716914652016,1.0324704145030932e-05,9.801676926852362e-05,5.687972640970853e-06,0.0005606958256968905,0.013431514533770486,2.2203838072545068e-05
GSM3394485,GSE120137,muscle,control,86.914,tissue_multiclass,logistic,False,muscle,adipose,0.9605237204813892,2.0217171815918206e-07,0.00013742486696861883,0.0007160946617068214,1.070123517645489e-05,0.00013422957949891482,1.5038121472769166e-05,0.0002465949733071449,0.03819695868090761,1.9035227854169983e-05
GSM3394486,GSE120137,muscle,control,86.914,tissue_multiclass,logistic,False,muscle,adipose,0.9192487199113205,2.867240786901716e-07,0.0001706356316262812,0.0020394676115541265,1.819183054280277e-05,0.0002928310014166755,4.067396256878679e-05,0.0005376758959592331,0.07756446283785604,8.705459307672605e-05
GSM3394487,GSE120137,muscle,control,86.914,tissue_multiclass,logistic,False,muscle,muscle,0.00023307748694741015,1.1066985525433347e-08,3.275333044586831e-05,6.104710159679184e-05,1.0090510620319765e-06,3.8455811657995775e-05,8.331068111986778e-08,4.751204027254045e-06,0.999627775978163,1.0356584329361616e-06
GSM3394488,GSE120137,muscle,control,86.914,tissue_multiclass,logistic,False,muscle,muscle,0.00010699866411238297,2.268724115045783e-09,1.953731647736587e-05,3.4651646572802586e-05,6.686160133766031e-07,3.0275343838105514e-05,2.3333868141749673e-08,3.2439953821524246e-06,0.9998037587585566,8.400564549769362e-07
GSM3394489,GSE120137,muscle,control,86.914,tissue_multiclass,logistic,False,muscle,muscle,0.0009144233127083166,1.9363104882198347e-08,6.663174515349492e-05,0.0001381151361206567,5.453368919375298e-06,0.0001386307248473242,1.7588952741697592e-07,3.574213688675184e-06,0.9987314237455032,1.5525004266398686e-06
GSM3394490,GSE120137,muscle,control,86.914,tissue_multiclass,logistic,False,muscle,muscle,0.00025388326634029974,5.3957177492449886e-09,2.3341029740163168e-05,3.200998241678585e-05,6.685421610653959e-07,4.235808253181316e-05,3.394116137012655e-08,3.0612918818114863e-06,0.999643849388977,7.890790717965136e-07
GSM3394491,GSE120137,muscle,control,43.457,tissue_multiclass,logistic,False,muscle,muscle,5.683826054682681e-05,3.2409515896928715e-09,3.2346575777909e-05,3.0425538241811006e-05,5.883503324004979e-07,1.8223929301652264e-05,2.111658511249165e-08,1.2882584091329992e-06,0.9998600115773587,2.5315249489854833e-07
GSM3394492,GSE120137,muscle,control,43.457,tissue_multiclass,logistic,False,muscle,muscle,0.0012050300281354123,1.905440107037745e-08,6.284061539435481e-05,3.277491406141044e-05,1.4294655591345515e-06,0.00014658125895880206,7.275137055262746e-08,2.963744319138957e-06,0.9985475688258285,7.193419717182468e-07
GSM3394493,GSE120137,muscle,control,43.457,tissue_multiclass,logistic,False,muscle,muscle,0.0004422182977356846,6.6288723334933735e-09,7.755572694528618e-05,0.0001068019935215199,8.72766491329447e-07,0.0001013312405000535,6.671334232086576e-08,2.5020194322883483e-06,0.9992675777142246,1.0668989345267823e-06
GSM3394494,GSE120137,muscle,control,43.457,tissue_multiclass,logistic,False,muscle,muscle,0.00023779976562753532,3.7959926862367865e-09,5.0595011711286433e-05,5.924779465429437e-05,2.719046776193199e-06,9.484099644096478e-05,9.417900211630774e-08,1.5097592295463584e-06,0.9995518528346807,1.3368158845549638e-06
GSM3394495,GSE120137,muscle,control,43.457,tissue_multiclass,logistic,False,muscle,muscle,0.00014496953991651026,5.339458965280641e-09,3.652848630490833e-05,3.237657796061102e-05,1.4780505226468615e-06,4.305651521127405e-05,6.207346085294087e-08,3.4059772643323963e-06,0.9997361746590462,1.9427808538499486e-06
GSM3394496,GSE120137,muscle,control,43.457,tissue_multiclass,logistic,False,muscle,muscle,0.00015302249832733366,6.921345804861617e-09,3.271499320838605e-05,2.4582470552632394e-05,1.548431194333619e-06,5.721784470176218e-05,4.429394044960071e-08,8.570739102144228e-07,0.9997295776644791,4.278083400609473e-07
GSM3394497,GSE120137,muscle,control,43.457,tissue_multiclass,logistic,False,muscle,muscle,0.0005768375756494176,2.6735946137933976e-08,5.2954858855443044e-05,7.874591140881806e-05,1.4938228504929968e-06,0.00019588521901560643,7.053311345968736e-08,4.39103289315971e-06,0.9990888805476491,7.137626181622973e-07
GSM3394498,GSE120137,muscle,control,43.457,tissue_multiclass,logistic,False,muscle,muscle,0.0035264124616970326,2.0398643837384618e-08,6.151264680699679e-05,9.337384544228801e-05,2.3978705772476854e-06,0.00013554357332082315,2.3835654985714769e-07,6.514794261826561e-06,0.9961722612929773,1.7247597227617467e-06
GSM3394499,GSE120137,muscle,control,43.457,tissue_multiclass,logistic,False,muscle,muscle,0.00011163602548028475,1.7018149138351025e-08,4.1683767108378433e-05,6.154386603637012e-05,1.4772530540129812e-06,4.6757405674044704e-05,7.907331743577494e-08,2.023456838970778e-06,0.9997339519858658,8.301484755606099e-07
GSM3394500,GSE120137,muscle,control,43.457,tissue_multiclass,logistic,False,muscle,muscle,0.00037273142750215147,4.020978726004612e-09,4.172163601201097e-05,3.962881335593717e-05,1.1841153450160046e-06,9.037995292806934e-05,2.5064872448395736e-08,3.7293112597023206e-06,0.999449562337665,1.0333200808682686e-06
GSM3394501,GSE120137,muscle,control,43.457,tissue_multiclass,logistic,False,muscle,muscle,0.00023844388434249284,7.1849176497158326e-09,6.016100648024352e-05,7.204355077257405e-05,1.0679528075850694e-06,6.674136650330725e-05,8.197205825057496e-08,3.6001264762599205e-06,0.9995559679757445,1.884979897162963e-06
GSM3394502,GSE120137,muscle,control,43.457,tissue_multiclass,logistic,False,muscle,muscle,0.00044387421792352447,7.031751000944879e-09,4.6802475827679725e-05,5.771587127641291e-05,1.1552749220849052e-06,8.489293595934489e-05,3.83414656453477e-08,2.3364322638458624e-06,0.9993624600319699,7.173866404649567e-07
GSM3394503,GSE120137,muscle,control,43.457,tissue_multiclass,logistic,False,muscle,muscle,0.0005536573231660527,1.784504652888266e-08,5.4359286877868783e-05,6.369191254920119e-05,3.95670845833456e-06,0.00010874202232278411,8.581192361357931e-08,2.710755860581439e-06,0.9992118674699714,9.10863823554567e-07
GSM3394504,GSE120137,muscle,control,43.457,tissue_multiclass,logistic,False,muscle,muscle,0.00043280322447916664,1.510638474985998e-08,3.700439798290458e-05,5.5445710082886725e-05,9.573855836570196e-07,5.5560610188033845e-05,1.3473594540944899e-07,4.015283608159249e-06,0.999413117659829,9.458859160373096e-07
GSM3394505,GSE120137,muscle,control,43.457,tissue_multiclass,logistic,False,muscle,muscle,0.0004714691468127118,7.646702426603416e-09,7.186309988871256e-05,6.475513454941303e-05,1.2276239002900442e-06,0.00010673928103179803,7.566428658862599e-08,6.828119075687448e-06,0.9992760776922207,9.56591531488449e-07
GSM3394506,GSE120137,muscle,control,43.457,tissue_multiclass,logistic,False,muscle,muscle,0.00017494845283641923,7.609577143157036e-09,2.966191827624465e-05,3.145121888003897e-05,1.8473697558432903e-06,3.58739494674449e-05,5.310446168543452e-08,3.820303013789686e-06,0.9997211101433052,1.2259304262544794e-06
GSM3394507,GSE120137,muscle,control,43.457,tissue_multiclass,logistic,False,muscle,muscle,0.0013077479336191973,4.010420039258239e-08,8.241927189635326e-05,0.00027348090407675534,7.361029145594684e-06,0.00013289658626819986,3.8084331197798854e-07,6.628510096628714e-06,0.9981876293415665,1.415475818216266e-06
GSM3394508,GSE120137,muscle,control,43.457,tissue_multiclass,logistic,False,muscle,muscle,0.0015592890968364938,1.4262779459596298e-08,5.6962007540251167e-05,0.00014304627254797732,1.8981556549687833e-06,9.67610980833081e-05,1.1525056470801669e-07,9.679613715200718e-06,0.9981313650293104,8.692129670967557e-07
GSM3394509,GSE120137,muscle,control,43.457,tissue_multiclass,logistic,False,muscle,muscle,0.0005098396334629703,5.011273922325964e-09,6.992038652029424e-05,8.340893111085794e-05,2.7859898932234432e-06,0.00010194388984770859,6.329227187160094e-08,6.783541985864937e-06,0.9992206423743051,4.606949328107256e-06
GSM3394510,GSE120137,muscle,control,43.457,tissue_multiclass,logistic,False,muscle,muscle,0.0003826471963938322,1.3217561130298215e-08,5.025426916339349e-05,0.0001562518677464573,1.2815961763044783e-06,8.267367580263221e-05,1.4512558891572206e-07,1.1801754872757741e-05,0.9993115923199783,3.3389767162832728e-06
GSM3394511,GSE120137,muscle,control,8.691,tissue_multiclass,logistic,False,muscle,muscle,0.0001837004929794085,4.1871212200790586e-09,3.6568111910663245e-05,2.355384567176616e-05,1.0781007693258447e-06,7.282430298618336e-05,2.806053755006003e-08,4.6768716507967034e-06,0.9996767703289228,7.956974504481549e-07
GSM3394512,GSE120137,muscle,control,8.691,tissue_multiclass,logistic,False,muscle,muscle,4.240378639379045e-05,2.0076363786297955e-09,1.6911312386142396e-05,1.179235338336411e-05,2.178626722899912e-07,3.211923541035657e-05,2.0885504840572637e-08,1.1141766434994669e-06,0.9998950619385922,3.564413770014079e-07
GSM3394513,GSE120137,muscle,control,8.691,tissue_multiclass,logistic,False,muscle,muscle,0.00015991002288626667,7.400591472729914e-09,3.21497310258106e-05,2.2924883858942168e-05,1.4783297894369615e-06,7.07030158958615e-05,4.4214931217952334e-08,1.4836793643000796e-06,0.9997106467117414,6.520099153910639e-07
GSM3394514,GSE120137,muscle,control,8.691,tissue_multiclass,logistic,False,muscle,muscle,0.00020950133650102397,2.358413408507534e-08,7.094493939887919e-05,4.860927426245825e-05,2.1945478092187344e-06,6.155768218597264e-05,8.90522506028951e-08,4.705560526847311e-06,0.9996013930379677,9.809849632451589e-07
GSM3394515,GSE120137,muscle,control,8.691,tissue_multiclass,logistic,False,muscle,muscle,0.00035630637868937177,1.550870993278198e-08,7.928773958475199e-05,0.00010058990303832506,1.0282425727468751e-06,8.257927222735483e-05,1.2384536087041907e-07,7.140745512822136e-06,0.9993711934321516,1.734932152160096e-06
GSM3394516,GSE120137,muscle,control,8.691,tissue_multiclass,logistic,False,muscle,muscle,0.0002789930902068621,3.714175277712736e-09,3.9463997933077785e-05,2.3532045865978256e-05,6.634920866415248e-07,3.533172785995536e-05,4.451253213390798e-08,1.4754367479421362e-06,0.9996196740289643,8.179536276165243e-07
GSM3394517,GSE120137,muscle,control,8.691,tissue_multiclass,logistic,False,muscle,muscle,0.0004969647635191932,7.602470235063154e-09,2.789760034364304e-05,3.4954103973941515e-05,1.2444689787725248e-06,5.5843913894592625e-05,4.311377882106759e-08,2.0244809914549537e-06,0.9993801594009778,8.605510714668637e-07
GSM3394518,GSE120137,muscle,control,8.691,tissue_multiclass,logistic,False,muscle,muscle,0.00041454931267042867,1.0270830018206487e-08,4.851802601043828e-05,3.2269283442628566e-05,2.8354998819867054e-06,9.91289382850443e-05,3.841132023715968e-08,3.584847376446328e-06,0.9993981120220784,9.533881043781816e-07
GSM3394519,GSE120137,muscle,control,8.691,tissue_multiclass,logistic,False,muscle,muscle,9.756401973272526e-05,1.5434228843118548e-08,3.6729128378349536e-05,1.4121146012186812e-05,1.0970506671652279e-06,3.8852809804933593e-05,5.181654430096899e-08,4.441263524748422e-06,0.9998060430394418,1.0842916650939507e-06
GSM3394520,GSE120137,muscle,control,8.691,tissue_multiclass,logistic,False,muscle,muscle,0.0007350224390202807,1.588179825584314e-08,8.290788242622947e-05,0.00011072961151672573,2.3384771323093476e-06,0.00010194723773709056,1.288768086844734e-07,8.316817726226053e-06,0.9989566643475906,1.9284282436558183e-06
GSM3394521,GSE120137,muscle,control,8.691,tissue_multiclass,logistic,False,muscle,muscle,4.640644980516457e-05,4.307371118335347e-09,2.1311845665378178e-05,1.8903882713136494e-05,2.3636297266466838e-07,4.375471849219968e-05,2.1826285436401186e-08,1.724417530839931e-06,0.9998672949325863,3.4125657792488745e-07
GSM3394522,GSE120137,muscle,control,8.691,tissue_multiclass,logistic,False,muscle,muscle,0.00023751923537634428,1.0038648868862108e-08,5.311766373824802e-05,3.96235850706259e-05,1.5286359654483758e-06,6.968345647707346e-05,4.855591823153787e-08,7.059650816664866e-06,0.9995903720246475,1.0371533409736112e-06
GSM3394523,GSE120137,muscle,control,8.691,tissue_multiclass,logistic,False,muscle,muscle,0.00015291831839929314,3.4745833386804896e-09,2.1480689769491508e-05,3.0978951812664364e-05,3.0832139481803025e-07,4.90405941153672e-05,2.403200909960873e-08,3.3065519516783206e-06,0.999741321585912,6.174800523385e-07
GSM3394524,GSE120137,muscle,control,8.691,tissue_multiclass,logistic,False,muscle,muscle,5.521119604626039e-05,4.029557383139843e-09,2.552040790963145e-05,1.1821826723718354e-05,7.062666767234385e-07,2.512907286436552e-05,2.5325542631872008e-08,3.0027955867937717e-06,0.9998778410930367,7.379860558297968e-07
GSM3394525,GSE120137,muscle,control,8.691,tissue_multiclass,logistic,False,muscle,muscle,0.0008120699089629517,2.3560206066216817e-08,5.1298595905906104e-05,4.679583091952184e-05,1.025493834790129e-06,6.782059667089433e-05,6.248791787148029e-08,3.471607122356151e-06,0.9990169578344963,4.7408396339631824e-07
GSM3394526,GSE120137,muscle,control,8.691,tissue_multiclass,logistic,False,muscle,muscle,0.00040138197368121646,1.4486910333958182e-08,6.014614592429028e-05,0.00012089363561501614,1.0110891305241864e-06,9.094823237420157e-05,1.6927610560978606e-07,5.547856880763091e-06,0.9993182103787746,1.6769246034495178e-06
GSM3394527,GSE120137,muscle,control,8.691,tissue_multiclass,logistic,False,muscle,muscle,0.00011586183823701606,4.251593097559445e-09,1.0808260034207263e-05,1.8325208759234585e-05,2.9465745786784757e-07,2.984768729045556e-05,2.5467557642462547e-08,9.8278207501879e-07,0.9998235992355424,2.5061145310849695e-07
GSM3394528,GSE120137,muscle,control,8.691,tissue_multiclass,logistic,False,muscle,muscle,8.353068184028105e-05,4.776191921281061e-09,2.978344030244318e-05,3.1180927038691474e-05,3.5435424526484204e-07,3.382668791488783e-05,6.058554249745468e-08,3.0144615227418552e-06,0.9998176942734904,5.498119106754473e-07
GSM3394529,GSE120137,muscle,control,8.691,tissue_multiclass,logistic,False,muscle,muscle,0.00021648236345766578,3.0298177195993137e-09,2.4229586590596624e-05,3.491323255932749e-05,5.930402440775934e-07,4.6094402266932434e-05,5.6678847086080056e-08,1.977158187915362e-06,0.9996747241240601,9.263839684568914e-07
GSM3394530,GSE120137,muscle,control,8.691,tissue_multiclass,logistic,False,muscle,muscle,4.2330509639643654e-05,3.0478633818669425e-09,1.2948694227947661e-05,2.468425628091925e-05,8.426078717597836e-07,3.160756370063754e-05,1.9256671746468024e-08,1.069674181016428e-06,0.9998861214703484,3.7291921448673143e-07
GSM3394531,GSE120137,kidney,control,26.074,tissue_multiclass,logistic,False,kidney,kidney,7.931823078897715e-05,2.2259836936071926e-07,6.343714718648191e-05,1.9040113447805984e-06,5.966215873464684e-06,0.9996991371524084,4.926943799273241e-08,8.984384750950974e-06,0.00013870844537191036,2.272544467664904e-06
GSM3394532,GSE120137,kidney,control,26.074,tissue_multiclass,logistic,False,kidney,kidney,1.4898563695628199e-05,9.473329563582759e-09,1.806997361540294e-05,1.934458233800808e-07,3.7236260709869765e-06,0.9999351397479764,1.8448827681764653e-09,6.319961830845258e-07,2.7128247713622443e-05,2.030807091729524e-07
GSM3394533,GSE120137,kidney,control,52.149,tissue_multiclass,logistic,False,kidney,kidney,3.4745231611246295e-05,3.3725762717261376e-08,2.730990307274475e-05,3.444615135199822e-07,2.4462962744779506e-06,0.9999252135886977,3.890843576527943e-09,1.2088690549571393e-06,8.491177236995636e-06,2.028559320314472e-07
GSM3394534,GSE120137,kidney,control,78.223,tissue_multiclass,logistic,False,kidney,kidney,3.362450014344782e-05,6.817656669540535e-07,9.872016305969172e-05,1.9769428721964512e-06,1.541300768077385e-05,0.9996094156598363,1.1764965680974668e-07,1.9071881678010342e-05,0.00021850980351266713,2.468625893061666e-06
GSM3394535,GSE120137,kidney,control,26.074,tissue_multiclass,logistic,False,kidney,kidney,4.610036373520455e-05,2.8549295763614914e-07,0.00010704609355330852,2.4700248016144616e-06,1.3408407211022398e-05,0.9997154367521793,4.131109187999764e-08,1.258175413218828e-05,0.00010168568332108037,9.441170166300409e-07
GSM3394536,GSE120137,kidney,control,52.149,tissue_multiclass,logistic,False,kidney,kidney,3.073134097845275e-05,3.47403512144383e-08,2.317967980913309e-05,2.807684718331434e-07,4.68349040777222e-06,0.9999184661887138,6.771022261557777e-09,2.238062718423535e-06,2.0112612556984808e-05,2.663449702476389e-07
GSM3394537,GSE120137,kidney,control,26.074,tissue_multiclass,logistic,False,kidney,kidney,1.464508391612864e-05,5.445990077095075e-08,2.3524617195453877e-05,3.807495062750681e-07,2.2778806670541306e-06,0.9998948506558245,1.0397268000243103e-08,1.391981760357339e-06,6.248694703262277e-05,3.772269291049912e-07
GSM3394538,GSE120137,kidney,control,52.149,tissue_multiclass,logistic,False,kidney,kidney,7.069250253216987e-05,6.4898340952179115e-09,1.8652167267479117e-05,3.6334755417390455e-07,3.594261723673779e-06,0.9998660829151903,7.827097661422565e-09,5.727574728396247e-06,3.4187117509546625e-05,6.857965625846089e-07
GSM3394539,GSE120137,kidney,control,52.149,tissue_multiclass,logistic,False,kidney,kidney,4.7768192972393084e-05,2.913644395754313e-08,2.1532065410937063e-05,3.922765673397472e-07,2.249312751171072e-06,0.999907685807055,8.225907813336253e-09,2.5830659270736436e-06,1.7397568517257346e-05,3.543484471328323e-07
GSM3394540,GSE120137,kidney,control,78.223,tissue_multiclass,logistic,False,kidney,kidney,1.3846398418084048e-05,7.558939917311551e-09,1.2248054637074198e-05,1.1770335482590706e-07,2.5041454915832366e-06,0.99996224970218,1.4834552487413751e-09,2.5703436376807515e-07,8.634246532563197e-06,1.3367262699720935e-07
GSM3394541,GSE120137,kidney,control,26.074,tissue_multiclass,logistic,False,kidney,kidney,6.600217619027539e-05,5.038709325323193e-08,4.582972064076838e-05,3.8023232969561833e-07,3.373254187731565e-06,0.9998577161076574,7.1296591553902775e-09,3.0176199965443176e-06,2.3346070818548576e-05,2.773014268644561e-07
GSM3394542,GSE120137,kidney,control,26.074,tissue_multiclass,logistic,False,kidney,kidney,1.9778696618852632e-05,1.9063103024667393e-08,1.9462271414809133e-05,2.705103447910837e-07,1.340485446696516e-06,0.9998950407529403,4.3793434342031666e-09,1.0668846211646506e-06,6.275685056440277e-05,2.6010560262632067e-07
GSM3394543,GSE120137,kidney,control,26.074,tissue_multiclass,logistic,False,kidney,kidney,6.893643155563225e-06,3.061573499170261e-08,3.4437553937328945e-05,7.675167271375864e-07,3.45182841562602e-06,0.9998338674034906,9.716133341851301e-09,1.7254379164751867e-06,0.00011848319795529769,3.330865337818818e-07
GSM3394544,GSE120137,kidney,control,26.074,tissue_multiclass,logistic,False,kidney,kidney,2.2816031506413414e-05,4.5562639024759186e-08,2.5711300359719682e-05,4.608345359162764e-07,3.2057242711238952e-06,0.9998784290999702,1.2561050626371653e-08,2.5800780716134524e-06,6.637263575245951e-05,3.6617184278663835e-07
GSM3394545,GSE120137,kidney,control,52.149,tissue_multiclass,logistic,False,kidney,kidney,0.0026544534488349655,0.0004423732303758308,0.003892978974952736,0.00022003752887933976,0.0017830903867716902,0.9835471955129298,1.9916413347821818e-05,0.0006752310536995625,0.004029844248708333,0.0027348792014998727
GSM3394546,GSE120137,kidney,control,52.149,tissue_multiclass,logistic,False,kidney,kidney,0.00010360752133450914,2.6716402723918947e-07,0.0001016991302645451,1.8607177616585442e-06,2.461723696371544e-05,0.9996022002041627,8.788080593932478e-08,7.662424553410947e-06,0.00015466724209653164,3.3304780297934902e-06
GSM3394547,GSE120137,kidney,control,52.149,tissue_multiclass,logistic,False,kidney,kidney,5.593745209420973e-06,3.2488015842102806e-08,2.540513584875958e-05,3.8941084754724066e-07,2.388154614510763e-06,0.9999230825844448,2.942808546276837e-09,7.609484814256241e-07,4.219228426278287e-05,1.523054661280628e-07
GSM3394548,GSE120137,kidney,control,52.149,tissue_multiclass,logistic,False,kidney,kidney,2.215270676223871e-05,4.9581028255539796e-08,3.8680972888244855e-05,3.4138189054520867e-07,2.17143072437945e-06,0.9999074401693353,9.484918316534463e-09,2.8994057391036365e-06,2.5954518030145973e-05,3.0034868345648204e-07
GSM3394549,GSE120137,kidney,control,52.149,tissue_multiclass,logistic,False,kidney,kidney,1.14680369169055e-05,5.162585625927081e-08,2.035936715481252e-05,3.769512688118689e-07,1.8212854342370357e-06,0.9999320659799947,1.4404036406182653e-08,2.3480556351185094e-06,3.1134066166053644e-05,3.6022753659090956e-07
GSM3394550,GSE120137,kidney,control,52.149,tissue_multiclass,logistic,False,kidney,kidney,1.879246187487136e-05,2.6344134900096362e-08,3.485818319818392e-05,3.349944710296387e-07,2.7601624692908592e-06,0.999899792023514,1.223251884887903e-08,1.0289861161016165e-06,4.1451544726134954e-05,9.430669765085015e-07
GSM3394551,GSE120137,kidney,control,78.223,tissue_multiclass,logistic,False,kidney,kidney,0.00030567296807610647,2.708568925255063e-06,0.00023573789194189615,6.018778503749909e-06,0.00012663313855044205,0.9991799227911266,5.312702737011994e-07,2.004462901278085e-05,0.00010363861221793452,1.909135137166521e-05
GSM3394552,GSE120137,kidney,control,78.223,tissue_multiclass,logistic,False,kidney,kidney,0.000234554483754759,1.2047366853872006e-07,2.9859732331769313e-05,7.472217512321356e-07,3.672775319524056e-06,0.9997075294656158,2.233008542866458e-08,5.924396236783452e-06,1.6633776595599376e-05,9.353446405496644e-07
GSM3394553,GSE120137,kidney,control,78.223,tissue_multiclass,logistic,False,kidney,kidney,6.040050367182759e-06,4.1598395824030494e-08,3.5858659658794285e-05,7.500041973116185e-07,4.492079952350455e-06,0.9998565675953608,1.151381618640904e-08,1.7895864888243933e-06,9.418229437866768e-05,2.666173840292489e-07
GSM3394554,GSE120137,kidney,control,78.223,tissue_multiclass,logistic,False,kidney,kidney,0.00022245337393889773,3.3246418906171834e-06,0.00019605464961749083,6.639200436514474e-06,2.297685483194288e-05,0.9991285416815113,2.0101900743256843e-07,6.284370695903937e-05,0.0003514284021939709,5.536469612666858e-06
GSM3394555,GSE120137,kidney,control,78.223,tissue_multiclass,logistic,False,kidney,kidney,6.963560593607498e-05,1.212706444876391e-07,4.752059043294554e-05,5.967282282387271e-07,5.6986929653583635e-06,0.9998560773983797,1.5510751776005912e-08,1.602665173098311e-06,1.817342965028952e-05,5.581078379942406e-07
GSM3394556,GSE120137,kidney,control,26.074,tissue_multiclass,logistic,False,kidney,kidney,3.319930667169704e-05,3.21031250107064e-08,3.1699477817534124e-05,4.033042417147344e-07,3.285878054678441e-06,0.9999136592707465,1.2228007381764103e-08,1.2342068725155425e-06,1.609265162025786e-05,3.8157284276145306e-07
GSM3394557,GSE120137,kidney,control,52.149,tissue_multiclass,logistic,False,kidney,kidney,1.398024147834807e-05,1.8469954717479825e-08,4.0812180951464006e-05,6.795629730201041e-07,3.4139980284871954e-06,0.9999039594105077,1.1255655474190348e-08,6.663133662485099e-07,3.614918815714069e-05,3.093789274474886e-07
GSM3394558,GSE120137,kidney,control,78.223,tissue_multiclass,logistic,False,kidney,kidney,0.00017250716222941316,2.6747306157429904e-06,0.00016050644819344572,1.1408497340350689e-05,3.81838919283125e-05,0.9983831451778374,2.625271494868966e-07,0.00010114023074308847,0.0011144637581443763,1.570757581816916e-05
GSM3394559,GSE120137,kidney,control,78.223,tissue_multiclass,logistic,False,kidney,kidney,3.357957409469791e-05,4.523981459760843e-08,6.855403162607349e-05,1.2219525467900443e-06,6.00928086789312e-06,0.9996106604812074,1.4368096733266808e-08,1.5180226928587153e-05,0.0002633356454866114,1.3991993307098136e-06
GSM3394560,GSE120137,kidney,control,78.223,tissue_multiclass,logistic,False,kidney,kidney,0.001670810842711831,0.00028525829346877986,0.0033358503593431477,0.00013279962761278847,0.0007936156699124456,0.9878085425883114,1.2708749836920727e-05,0.0008124909471660684,0.0034266093957858418,0.001721313525850786
GSM3394561,GSE120137,kidney,control,78.223,tissue_multiclass,logistic,False,kidney,kidney,0.00015389435774530637,6.178310396670276e-07,0.00024574815055118107,3.6064699916200554e-06,3.108118877381636e-05,0.9988613371834925,8.159394622595177e-08,7.059066593356029e-05,0.0006234716161052491,9.570942420848835e-06
GSM3394562,GSE120137,kidney,control,26.074,tissue_multiclass,logistic,False,kidney,kidney,3.459729993782135e-05,3.2710229463152755e-08,3.578641229430724e-05,3.472750618212699e-07,2.5344321376072433e-06,0.999903871941877,7.1780571502906885e-09,1.9512401742827852e-06,2.064438055685512e-05,2.2712967354573817e-07
GSM3394563,GSE120137,kidney,control,26.074,tissue_multiclass,logistic,False,kidney,kidney,6.399920182807572e-05,1.2060492411746711e-07,0.00011527924371637445,1.5367993281886202e-06,1.757324971430077e-05,0.9995772862153244,2.9055605482294342e-08,5.8218422416414234e-06,0.00021627676630656275,2.0770210110052155e-06
GSM3394564,GSE120137,kidney,control,52.149,tissue_multiclass,logistic,False,kidney,kidney,2.4542171087431965e-05,4.14616625896198e-08,2.917051683508446e-05,3.902993482970604e-07,6.119784752511012e-06,0.9998699379040933,9.706413515931464e-09,1.2830678822436734e-06,6.76755461813083e-05,8.295417436320537e-07
GSM3394565,GSE120137,kidney,control,78.223,tissue_multiclass,logistic,False,kidney,kidney,0.00015021670294739604,1.058325835378754e-07,6.028391295178107e-05,1.4530553277773962e-06,7.639537390630658e-06,0.9996271749413208,2.2533508079198455e-08,4.41033238294267e-06,0.00014771733262508688,9.758189618125616e-07
GSM3394566,GSE120137,kidney,control,78.223,tissue_multiclass,logistic,False,kidney,kidney,4.09267349364701e-05,6.177488746536874e-08,2.446099948688363e-05,6.053348335473714e-07,4.17452704317566e-06,0.9999133490695221,1.130929370472806e-08,7.970340065464464e-07,1.5173205159307918e-05,4.400108307894235e-07
GSM3394567,GSE120137,kidney,control,26.074,tissue_multiclass,logistic,False,kidney,kidney,1.2731800109922573e-05,7.284197845451727e-08,3.1761170856211276e-05,6.634568485188888e-07,3.1599699750450137e-06,0.9998960590457437,2.086944285266542e-08,1.2310653542882877e-06,5.3962300529849646e-05,3.374791609259337e-07
GSM3394568,GSE120137,kidney,control,26.074,tissue_multiclass,logistic,False,kidney,kidney,0.00010342453793545884,3.387699742847983e-08,5.2512318929453866e-05,1.1096317857618787e-06,1.273980081398325e-05,0.9997804708763143,1.2564341026822278e-08,2.4925717623904067e-06,4.5935604308092736e-05,1.2682168120046453e-06
GSM3394569,GSE120137,kidney,control,26.074,tissue_multiclass,logistic,False,kidney,kidney,0.00024050654424710458,3.397204464358862e-07,0.0001479669620419929,4.072287336989093e-06,1.4265863788951175e-05,0.9977803049594401,1.0576405232113944e-07,4.437443578143923e-05,0.0017655326306587969,2.5308322056185706e-06
GSM3394570,GSE120137,kidney,control,52.149,tissue_multiclass,logistic,False,kidney,kidney,2.6567411905982174e-05,5.286694522618485e-08,2.6432127318360384e-05,1.2288412101525627e-06,1.4641223361645197e-05,0.9998717992691091,1.9410613677153793e-08,1.962761758424831e-06,5.600088593799822e-05,1.29520183933893e-06
GSM3394571,GSE120137,kidney,control,52.149,tissue_multiclass,logistic,False,kidney,kidney,0.0003364395402277849,1.0012036192617486e-06,0.00019956971542438634,3.3840359096332027e-06,4.7949252070304874e-05,0.9990170314044616,1.9036905061900278e-07,1.3556427650594933e-05,0.0003528840670355997,2.799398455033841e-05
GSM3394572,GSE120137,kidney,control,52.149,tissue_multiclass,logistic,False,kidney,kidney,3.145943020138862e-05,4.0985393211458145e-08,4.5396434361379306e-05,9.439055686791765e-07,5.7449526224548e-06,0.9997905867587864,2.2818064797688398e-08,3.618581606951907e-06,0.00012053151460982253,1.6546187850194166e-06
GSM3394573,GSE120137,kidney,control,78.223,tissue_multiclass,logistic,False,kidney,kidney,0.00012596751294028359,3.097739650316647e-07,6.789069119698713e-05,1.5251977672362086e-06,1.8637302560152955e-05,0.9996846088552629,5.023427138963994e-08,9.630996886651703e-06,8.943875051592173e-05,1.9406846336724844e-06
GSM3394574,GSE120137,kidney,control,78.223,tissue_multiclass,logistic,False,kidney,kidney,6.816738186220462e-05,1.7289095950408388e-07,5.254411609885084e-05,1.0996238636628298e-06,7.34678431944721e-06,0.9998239232220578,1.5569905496270608e-08,5.530439303613754e-06,4.0555389613736056e-05,6.445820154431697e-07
GSM3394575,GSE120137,kidney,control,78.223,tissue_multiclass,logistic,False,kidney,kidney,0.0012732488157818425,8.093614826641283e-07,0.0002335945870064156,8.957238754148834e-06,4.9650918820683614e-05,0.9979390072121225,3.888581976290435e-07,5.006988759586322e-05,0.0004259316380452966,1.834148219291436e-05
GSM3394576,GSE120137,kidney,control,26.074,tissue_multiclass,logistic,False,kidney,kidney,2.1919491476545725e-05,3.266143014327906e-08,3.6298269917977486e-05,7.574411298472378e-07,6.879143482659563e-06,0.9998594468791535,1.2354910666275653e-08,2.4511562520391673e-06,7.135908875257193e-05,8.435134940803129e-07
GSM3394577,GSE120137,kidney,control,26.074,tissue_multiclass,logistic,False,kidney,kidney,0.00030226563917206653,9.388621239615933e-08,9.370630110425836e-05,3.4825804885669055e-06,1.752545868081408e-05,0.9993740078019064,7.037802983611493e-08,1.8921897494013567e-05,0.00018098303111502815,8.943025796870239e-06
GSM3394578,GSE120137,kidney,control,52.149,tissue_multiclass,logistic,False,kidney,kidney,2.6057345537298072e-05,1.095557182712902e-07,7.596599782214173e-05,1.668625168960822e-06,9.832416812222483e-06,0.999723425477556,2.8935453684757756e-08,1.1951770840136048e-05,0.00014960766458474372,1.3522105062800091e-06
GSM3394579,GSE120137,kidney,control,26.074,tissue_multiclass,logistic,False,kidney,kidney,1.0214724895884796e-05,1.918570245025323e-08,1.6701982748947272e-05,1.5821364540938066e-07,1.402249987677322e-06,0.9999462292872247,1.932791130956557e-09,4.5151362251150695e-07,2.4745470504629406e-05,7.543887636569961e-08
GSM3394580,GSE120137,kidney,control,26.074,tissue_multiclass,logistic,False,kidney,kidney,1.5744158580806324e-05,5.3750271371732385e-08,2.5370001488075497e-05,5.040048797669924e-07,9.519096754850071e-06,0.9999080543249964,1.2559679321984262e-08,7.628379836300293e-07,3.95877221864812e-05,3.9154317958719735e-07
GSM3394581,GSE120137,kidney,control,52.149,tissue_multiclass,logistic,False,kidney,kidney,8.952256241179295e-06,1.0290754423546527e-08,1.4994832191915206e-05,3.201219842087743e-07,4.811819948337137e-06,0.999953109321118,2.5555074323550543e-09,4.0792145066601087e-07,1.719317587405608e-05,1.977049296930654e-07
GSM3394582,GSE120137,kidney,control,52.149,tissue_multiclass,logistic,False,kidney,kidney,4.7105869679360574e-05,1.9458164116689083e-08,2.6653736067812486e-05,1.289651775178618e-07,1.819077360490055e-06,0.9999177950284006,4.150002934066241e-09,1.226185603208994e-06,5.0342534309363094e-06,2.1327611276113956e-07
GSM3394583,GSE120137,kidney,control,78.223,tissue_multiclass,logistic,False,kidney,kidney,1.4984371000783284e-05,2.794557878829964e-08,2.0172430675206516e-05,2.9520201218651675e-07,3.82581064450916e-06,0.999932184128761,4.562897224666768e-09,1.768278244421768e-06,2.6514355331099048e-05,2.2291485493226046e-07
GSM3394584,GSE120137,kidney,control,26.074,tissue_multiclass,logistic,False,kidney,kidney,4.523991914656437e-06,3.534025503463795e-08,4.159631676826127e-05,1.124491168858225e-06,7.1532456913676015e-06,0.9998544503154033,1.0839823920629722e-08,6.851383678441223e-07,8.991548794086848e-05,5.048326661460152e-07
GSM3394585,GSE120137,kidney,control,26.074,tissue_multiclass,logistic,False,kidney,kidney,4.143498987979426e-05,4.2700569789555003e-08,2.268391843704939e-05,1.1653270534881198e-06,3.5209499516961917e-06,0.9999187517744875,1.808438772523888e-08,1.6632831539124396e-06,1.0317925398296212e-05,4.010466807146974e-07
GSM3394586,GSE120137,kidney,control,26.074,tissue_multiclass,logistic,False,kidney,kidney,9.70984708216885e-06,8.171214839142612e-09,2.08573409171518e-05,2.3656094169557916e-07,4.145774717064474e-06,0.9999382982675833,2.7700115806330145e-09,6.324745420028026e-07,2.56907889879442e-05,4.1800400258774777e-07
GSM3394587,GSE120137,kidney,control,26.074,tissue_multiclass,logistic,False,kidney,kidney,7.820555778132707e-06,1.2825233808593661e-08,4.319364429506218e-05,7.114107961225345e-07,2.8129480153310044e-06,0.9998996470255547,4.0282032662383595e-09,8.661086126848362e-07,4.478015252485177e-05,1.5130098589870467e-07
GSM3394588,GSE120137,kidney,control,26.074,tissue_multiclass,logistic,False,kidney,kidney,1.5420744695481707e-05,1.8486164888002422e-08,2.093953419709448e-05,4.617532853659165e-07,3.4608059213849e-06,0.9999114612342906,6.0434987235132955e-09,1.8414733453274287e-06,4.604618307540909e-05,3.4374152572509425e-07
GSM3394589,GSE120137,kidney,control,52.149,tissue_multiclass,logistic,False,kidney,kidney,1.935893617362977e-05,1.8247612819646275e-08,2.0827498384861086e-05,2.647556425289012e-07,3.914846677166025e-06,0.9999364071929723,2.3505925258808305e-09,5.803469854751697e-07,1.8436666716486382e-05,1.8915824240848954e-07
GSM3394590,GSE120137,kidney,control,52.149,tissue_multiclass,logistic,False,kidney,kidney,1.0525452690835521e-05,1.5681095026551122e-08,2.4056920986422178e-05,2.7798154083050853e-07,4.298815631653094e-06,0.9999329760868593,5.0045304493751635e-09,4.837210202670016e-07,2.7198722014384745e-05,1.6161363093435142e-07
GSM3394591,GSE120137,kidney,control,52.149,tissue_multiclass,logistic,False,kidney,kidney,2.889207100359168e-05,2.769315590121458e-08,4.827668379018784e-05,4.126160301890686e-07,4.346807405503034e-06,0.9998864144231144,8.717394101517643e-09,1.1467221301159569e-06,2.996542699768712e-05,5.088389785539083e-07
GSM3394592,GSE120137,kidney,control,78.223,tissue_multiclass,logistic,False,kidney,kidney,7.2937512793013315e-06,2.255009707103532e-08,3.290501634276643e-05,5.210989019075953e-07,3.818733197165716e-06,0.9999057936182315,5.822935926094706e-09,1.0772889127752472e-06,4.834483963435175e-05,2.1728046723251486e-07
GSM3394593,GSE120137,kidney,control,78.223,tissue_multiclass,logistic,False,kidney,kidney,2.416791785603853e-05,3.6883306255328306e-08,1.6976345501022623e-05,7.487786998151192e-07,2.8766500604530182e-06,0.9999321837847123,1.2518607098076348e-08,1.345146874280126e-06,2.112418554636563e-05,5.277888364720113e-07
GSM3394594,GSE120137,kidney,control,78.223,tissue_multiclass,logistic,False,kidney,kidney,2.0626125470622402e-05,3.966417943322437e-08,5.9195187695679066e-05,6.657947105479686e-07,6.239444389198538e-06,0.9998459083007553,1.770949556693487e-08,4.357103086387896e-06,6.246917130764033e-05,4.814989093632733e-07
GSM3394595,GSE120137,kidney,control,78.223,tissue_multiclass,logistic,False,kidney,kidney,0.00021583703514393494,4.136810311929987e-06,0.00013467755506199697,3.884231171931061e-06,3.475719756483428e-05,0.9995341049082871,2.616901106362928e-07,1.2080152494715204e-05,5.131722614212067e-05,8.943193710883457e-06
GSM3394596,GSE120137,kidney,control,78.223,tissue_multiclass,logistic,False,kidney,kidney,1.615238707362041e-05,8.32130378379452e-09,1.5967519080312697e-05,1.0931038217427011e-07,3.6321070603725705e-06,0.9999546109364539,2.315810146799088e-09,2.9221298983798937e-07,9.105914899039163e-06,1.1897494667822194e-07
GSM3394597,GSE120137,kidney,control,26.074,tissue_multiclass,logistic,False,kidney,kidney,6.999465286520097e-06,4.4053102018524316e-08,4.541808461407005e-05,1.2433036318921637e-06,4.995315196475628e-06,0.9998387746969989,1.0829094277273286e-08,1.1108101945514485e-06,0.00010087063049028787,5.328113911178469e-07
GSM3394598,GSE120137,kidney,control,26.074,tissue_multiclass,logistic,False,kidney,kidney,3.0266163939270523e-05,1.0681241217555405e-08,2.2009828623051934e-05,4.329039917300357e-07,1.4550727726592072e-06,0.9999312695290505,3.954971043690458e-09,6.120384414788585e-07,1.3629671049583547e-05,3.101559195079694e-07
GSM3394599,GSE120137,kidney,control,26.074,tissue_multiclass,logistic,False,kidney,kidney,7.39376360488188e-06,8.628127163357006e-09,1.9454587033484696e-05,3.4097077555294805e-07,5.487111592934258e-06,0.9999228413405808,2.970233157227206e-09,1.3553537738661493e-06,4.272678006465841e-05,3.884942133866544e-07
GSM3394600,GSE120137,kidney,control,26.074,tissue_multiclass,logistic,False,kidney,kidney,1.2577847746025697e-05,1.9718200742984402e-08,1.8778053758235983e-05,5.598095931278989e-07,5.0953221952803724e-06,0.9999262923350125,2.8914142644342013e-09,2.7325139398708965e-07,3.5978483285986093e-05,4.222873997868549e-07
GSM3394601,GSE120137,kidney,control,26.074,tissue_multiclass,logistic,False,kidney,kidney,2.1669587563241342e-05,4.593171112036339e-08,3.8672717153833977e-05,5.773934146940952e-07,4.1111788140992106e-06,0.999910828195779,1.5778942181985528e-08,9.818088646330653e-07,2.2819456689217814e-05,2.7795106791788633e-07
GSM3394602,GSE120137,kidney,control,26.074,tissue_multiclass,logistic,False,kidney,kidney,1.135831950566247e-05,3.3491630730794425e-08,4.180590142795883e-05,7.860097600672401e-07,5.597370470764455e-06,0.9998937194163222,9.185467116630879e-09,1.0017269296496703e-06,4.515468488960642e-05,5.338935961845719e-07
GSM3394603,GSE120137,kidney,control,52.149,tissue_multiclass,logistic,False,kidney,kidney,2.1575791336078428e-05,1.0694411734595322e-08,2.2246622980215656e-05,3.64734088140513e-07,1.6208112928449282e-06,0.9999355280463209,9.995323193743699e-09,9.870828137052812e-07,1.7204062371022958e-05,4.5215906197037304e-07
GSM3394604,GSE120137,kidney,control,52.149,tissue_multiclass,logistic,False,kidney,kidney,6.492582076578925e-06,1.3188058497265115e-08,3.247411708664265e-05,4.207633849500529e-07,2.4227955746049752e-06,0.9999138604411014,3.398646765299868e-09,6.222819191056866e-07,4.3539788723388e-05,1.5064342794222375e-07
GSM3394605,GSE120137,kidney,control,78.223,tissue_multiclass,logistic,False,kidney,kidney,3.1997163755893264e-05,7.770067546565075e-08,4.527366934760848e-05,1.136178186098431e-06,1.2672555981175781e-05,0.9998732749742872,1.5517740236589812e-08,1.0356054538901832e-06,3.381920044773586e-05,6.974341249435682e-07
GSM3394606,GSE120137,kidney,control,78.223,tissue_multiclass,logistic,False,kidney,kidney,6.217360280448004e-05,3.47383951117688e-08,5.906537911739821e-05,9.278055016029175e-07,7.246966699695168e-06,0.9998347585743027,1.1869285788504584e-08,3.5094894760147028e-06,3.1711580664682524e-05,5.599937524453694e-07
GSM3394607,GSE120137,kidney,control,78.223,tissue_multiclass,logistic,False,kidney,kidney,6.360193483709793e-06,2.123054902233094e-08,4.4923571286613505e-05,6.28152124091991e-07,2.972349200695381e-06,0.9998824977039772,4.858135683019084e-09,7.823352470548284e-07,6.148477890891375e-05,3.2482708703451786e-07
GSM3394608,GSE120137,kidney,control,78.223,tissue_multiclass,logistic,False,kidney,kidney,0.001339608960772353,5.375224355510862e-05,0.001567009698482106,8.260391647119793e-05,0.0003498826690683404,0.9949019954623926,2.9687040898925757e-06,0.0002048590854689074,0.001023918102809875,0.0004734011568898997
GSM3394609,GSE120137,kidney,control,78.223,tissue_multiclass,logistic,False,kidney,kidney,5.3908069294793996e-05,8.334295848541016e-08,3.743732283212667e-05,6.099079600032154e-07,4.153026580597123e-06,0.9998756595000661,1.1572567604354917e-08,8.258157736758362e-07,2.6796222952131057e-05,5.152190143929353e-07
GSM3394610,GSE120137,kidney,control,78.223,tissue_multiclass,logistic,False,kidney,kidney,5.225158094105938e-05,6.296319653104613e-08,3.745066211951842e-05,5.529492373283457e-07,1.0049295059693099e-05,0.9998659103545479,9.360339858218561e-09,1.5833723189648873e-06,3.1440937878410795e-05,6.88524360820883e-07
GSM3394611,GSE120137,kidney,control,78.223,tissue_multiclass,logistic,False,kidney,kidney,6.28693785829534e-05,1.0866554740512466e-07,2.333594666214883e-05,9.035853668403178e-07,1.0190158778701418e-05,0.9998774825375077,3.1367862416230484e-08,5.470085153192343e-06,1.8837220111310678e-05,7.71054427358443e-07
GSM3394612,GSE120137,kidney,control,78.223,tissue_multiclass,logistic,False,kidney,kidney,0.00012100973289990725,9.915718865766118e-08,4.455743516796067e-05,9.202849715794046e-07,5.995839794644457e-06,0.9998049062274234,2.214324507561715e-08,2.808081109808476e-06,1.927682242759e-05,4.0427577149388467e-07
GSM3394613,GSE120137,kidney,control,26.074,tissue_multiclass,logistic,False,kidney,kidney,9.057842352935925e-05,9.629610836781946e-08,6.128739073187012e-05,1.3168689876900598e-06,5.542569510905676e-06,0.9997803426438733,2.0995128844975595e-08,3.4880009371249173e-06,5.6536216897282526e-05,7.905942952424739e-07
GSM3394614,GSE120137,kidney,control,26.074,tissue_multiclass,logistic,False,kidney,kidney,1.5611066470801963e-05,2.2169142975447818e-08,2.7134664379036766e-05,4.2153093564796193e-07,5.100055523501953e-06,0.9999253504957246,4.1681093908231745e-09,1.6806675482384765e-06,2.4397618808063974e-05,2.7756335781539823e-07
GSM3394615,GSE120137,kidney,control,26.074,tissue_multiclass,logistic,False,kidney,kidney,6.0091401195225876e-05,3.850562093171938e-08,5.0103229339399865e-05,8.891757753677453e-07,7.782658761767229e-06,0.9998221508485267,2.3598029193108874e-08,4.409096073500918e-06,5.3547483131777465e-05,9.640035462953654e-07
GSM3394616,GSE120137,kidney,control,26.074,tissue_multiclass,logistic,False,kidney,kidney,2.319322464706473e-05,7.21275612251395e-08,5.163160545024697e-05,7.227254447402877e-07,9.830999445517094e-06,0.9998460170530841,8.401720583879057e-09,2.6159598886542294e-06,6.531285415095789e-05,5.95048606716873e-07
GSM3394617,GSE120137,kidney,control,26.074,tissue_multiclass,logistic,False,kidney,kidney,1.6163831002183323e-05,9.895760941782237e-09,1.1190400974339062e-05,4.2273475438214e-07,1.407070278920264e-06,0.9999627675703014,4.747635125822349e-09,1.5604249049725989e-06,6.301901373218039e-06,1.7142301453559117e-07
GSM3394618,GSE120137,kidney,control,26.074,tissue_multiclass,logistic,False,kidney,kidney,3.0814326422182856e-05,7.255025874167675e-08,4.2923147508986934e-05,1.80932761232096e-06,4.0091788603610745e-06,0.999852108080705,2.423683802139454e-08,2.014670269672227e-06,6.517448326455389e-05,1.0499982599117211e-06
GSM3394619,GSE120137,kidney,control,26.074,tissue_multiclass,logistic,False,kidney,kidney,1.1953298252535739e-05,2.3508193860156025e-08,3.2190066117638086e-05,5.756860918700114e-07,5.125164007416702e-06,0.999915563528535,1.705141926675697e-08,5.848838182275027e-07,3.267700819283185e-05,1.289805371421628e-06
GSM3394620,GSE120137,kidney,control,26.074,tissue_multiclass,logistic,False,kidney,kidney,2.4267314800957674e-05,7.765887741373609e-08,3.066804214422023e-05,3.718556784448061e-07,7.266765473640444e-06,0.9999039859923067,4.913910382928379e-09,1.198593748254477e-06,3.184742661430609e-05,3.1143644579182457e-07
GSM3394621,GSE120137,kidney,control,26.074,tissue_multiclass,logistic,False,kidney,kidney,1.958080819991756e-05,6.022588735876754e-08,4.520272472464694e-05,1.022230423669583e-06,6.112318906855852e-06,0.9998390830452568,2.044219724830697e-08,2.616561310460525e-06,8.573049720442198e-05,5.711458887508366e-07
GSM3394622,GSE120137,kidney,control,26.074,tissue_multiclass,logistic,False,kidney,kidney,1.0064802500430754e-05,3.7403728720087545e-08,2.4191075017405004e-05,9.343671788543325e-07,5.177920749132348e-06,0.9998579635015308,1.3318709391891681e-08,5.482993912320305e-06,9.581050570215487e-05,3.241109707956316e-07
GSM3394623,GSE120137,kidney,control,26.074,tissue_multiclass,logistic,False,kidney,kidney,1.0327420880185126e-05,1.2697800478936158e-08,1.2618692202523312e-05,4.665625145217153e-07,1.3576131781070915e-06,0.9999552694343787,7.88001139394365e-09,6.321922437674134e-07,1.9094859325457746e-05,2.1264746495122242e-07
GSM3394624,GSE120137,kidney,control,26.074,tissue_multiclass,logistic,False,kidney,kidney,2.2253970531272954e-05,5.368673655431498e-08,5.095600785261419e-05,8.019752613750534e-07,9.700052787875083e-06,0.9999041379550833,9.656585555685698e-09,5.905952914723022e-07,1.0971131017357677e-05,5.249688525946142e-07
GSM3394625,GSE120137,kidney,control,26.074,tissue_multiclass,logistic,False,kidney,kidney,6.070628167239774e-06,1.6603048976366615e-08,9.090510366974335e-06,4.372444642478228e-07,9.422613831029254e-07,0.9999701787801025,4.119897761566824e-09,3.6723469868641754e-07,1.2780952277147705e-05,1.1166559327196197e-07
GSM3394626,GSE120137,kidney,control,26.074,tissue_multiclass,logistic,False,kidney,kidney,2.4030355750609386e-05,1.6542190605063472e-08,1.7160997736251262e-05,3.1672480473690496e-07,4.961229629260027e-06,0.999934531483581,6.727398791045156e-09,6.676525643637318e-06,1.1662560281041822e-05,6.368529840723924e-07
GSM3394627,GSE120137,kidney,control,26.074,tissue_multiclass,logistic,False,kidney,kidney,5.522822919453572e-05,9.033439304951661e-08,4.918049016412751e-05,8.612781914804608e-07,8.985384157694509e-06,0.9998211791283954,3.9101143805673364e-08,5.699187220451945e-06,5.717748216772246e-05,1.559384971771591e-06
GSM3394628,GSE120137,kidney,control,26.074,tissue_multiclass,logistic,False,kidney,kidney,2.029295488487893e-05,1.1529487579350052e-08,2.737630346577032e-05,4.180072738480614e-07,4.895379937566193e-06,0.999911287067782,1.24731761586111e-08,3.253101136625835e-06,3.1477702695510887e-05,9.754801599882943e-07
GSM3394629,GSE120137,kidney,control,52.149,tissue_multiclass,logistic,False,kidney,kidney,4.166085388642676e-06,2.012159686356563e-08,2.1993656049861467e-05,4.364816857192069e-07,4.708363117606311e-06,0.9998810497516458,3.002204887162502e-09,7.856297839213959e-07,8.66248599398538e-05,2.12048586936605e-07
GSM3394630,GSE120137,kidney,control,52.149,tissue_multiclass,logistic,False,kidney,kidney,1.5356110112859393e-05,7.726241799627453e-09,2.2458593614556128e-05,3.5018831215582993e-07,2.4317656175075475e-06,0.9999020817307059,7.972184635249406e-09,3.5320831381682424e-06,5.330623886460783e-05,4.675912079074762e-07
GSM3394631,GSE120137,kidney,control,52.149,tissue_multiclass,logistic,False,kidney,kidney,1.6652158242130844e-05,1.256131505622507e-08,2.6595070185499528e-05,2.4550697586364895e-07,3.539976859122418e-06,0.9999239127200419,4.650218645782434e-09,9.616528544227593e-07,2.766735531888869e-05,4.0834798834898e-07
GSM3394632,GSE120137,kidney,control,52.149,tissue_multiclass,logistic,False,kidney,kidney,7.024311548637846e-06,1.358689266839988e-08,8.695068041335758e-06,2.303000803742945e-07,1.0212575789978981e-06,0.9999704711493725,2.5954262736613526e-09,7.304706662991085e-07,1.1712458387535055e-05,9.88020056361252e-08
GSM3394633,GSE120137,kidney,control,52.149,tissue_multiclass,logistic,False,kidney,kidney,2.4199083307186555e-05,2.0622787644963752e-08,1.0618881380144496e-05,2.778425103553972e-07,4.550969524542738e-06,0.9999482891564806,1.6178618436500395e-09,2.790878963324097e-07,1.1647796814711001e-05,1.1494143678560204e-07
GSM3394634,GSE120137,kidney,control,52.149,tissue_multiclass,logistic,False,kidney,kidney,3.2664925922301137e-05,2.7361059447636367e-08,4.1439798293208834e-05,6.636307510770162e-07,7.160317733141519e-06,0.9998499312885959,1.3186603543138511e-08,6.385348225508856e-06,6.0759545785172555e-05,9.545970306305169e-07
GSM3394635,GSE120137,kidney,control,52.149,tissue_multiclass,logistic,False,kidney,kidney,6.394334241458684e-06,2.9001775605054102e-08,1.67778605884454e-05,2.6070893836741417e-07,3.6380162333564815e-06,0.9999222299215712,4.368497850607376e-09,4.14438523133584e-07,5.0012684581104574e-05,2.3866504955128874e-07
GSM3394636,GSE120137,kidney,control,52.149,tissue_multiclass,logistic,False,kidney,kidney,2.2448455820914636e-05,5.1941430827433485e-08,2.41946541770445e-05,9.55784396531414e-07,7.844082054567073e-06,0.9998657306677525,1.379108065420392e-08,2.917048100633483e-06,7.529439749957379e-05,5.491776867077185e-07
GSM3394637,GSE120137,kidney,control,52.149,tissue_multiclass,logistic,False,kidney,kidney,4.057830129116735e-05,2.3257110353534097e-07,8.740389160265759e-05,1.9135337923341153e-06,8.217628743658062e-06,0.9997903743589867,2.2051503041594822e-08,2.3220255705442083e-06,6.785336060030701e-05,1.0822768059614836e-06
GSM3394638,GSE120137,kidney,control,52.149,tissue_multiclass,logistic,False,kidney,kidney,1.7433803689554907e-05,2.2719966222703875e-08,2.27594357528367e-05,5.579187585512996e-07,6.725065540895413e-06,0.9999318125301853,6.921751090623791e-09,8.141638641449754e-07,1.9414514911404138e-05,4.529255801073485e-07
GSM3394639,GSE120137,kidney,control,52.149,tissue_multiclass,logistic,False,kidney,kidney,1.1428933038684424e-05,3.513427474949205e-08,5.56627143140528e-05,7.735884609371833e-07,9.117843949971464e-06,0.999822294259151,7.17584454849346e-09,3.442537277743528e-06,9.649549506668904e-05,7.423186214312718e-07
GSM3394640,GSE120137,kidney,control,52.149,tissue_multiclass,logistic,False,kidney,kidney,0.00014312460707781972,1.8308619072089789e-07,0.0001236202557298269,1.5909131142748855e-06,2.1045602895786774e-05,0.999627107910016,5.38729018774982e-08,6.489416623228601e-06,7.123206352210375e-05,5.552271928328269e-06
GSM3394641,GSE120137,kidney,control,52.149,tissue_multiclass,logistic,False,kidney,kidney,1.796544918264511e-05,5.830938299329479e-08,2.1429206648474934e-05,5.097956363412323e-07,1.920554088789652e-06,0.9999299627725464,5.957562489565772e-09,2.154716385343084e-06,2.5891703090457992e-05,1.0153547593962219e-07
GSM3394642,GSE120137,kidney,control,52.149,tissue_multiclass,logistic,False,kidney,kidney,1.8991914904410175e-05,1.0144362293201296e-08,2.9300349403983682e-05,3.093689689808884e-07,4.557183728328882e-06,0.9999337517078669,3.6922873698885336e-09,4.653833000586577e-07,1.2151690653917572e-05,4.585645239037014e-07
GSM3394643,GSE120137,kidney,control,52.149,tissue_multiclass,logistic,False,kidney,kidney,5.113873631109057e-05,2.8762828510930164e-08,3.670737376770379e-05,3.66766663613413e-07,2.071517987298785e-06,0.999895510850581,4.916514220259685e-09,8.243551115559156e-07,1.314191311020377e-05,2.0480712479048758e-07
GSM3394644,GSE120137,kidney,control,78.223,tissue_multiclass,logistic,False,kidney,kidney,6.073538339680283e-06,2.6377725773463432e-08,3.4416760301361064e-05,1.1516179729331649e-06,3.6501947600545517e-06,0.999871999183126,7.108840887559414e-09,1.601506269975863e-06,8.072597504082804e-05,3.4773762253606557e-07
GSM3394645,GSE120137,kidney,control,78.223,tissue_multiclass,logistic,False,kidney,kidney,3.935488971265598e-05,5.629974456114962e-08,3.8970583832408066e-05,1.0309434753935046e-06,1.0599402779450856e-05,0.9996715861730973,2.774979027460964e-08,5.2078807908448295e-06,0.00023147604383293353,1.6900329441854026e-06
GSM3394646,GSE120137,kidney,control,78.223,tissue_multiclass,logistic,False,kidney,kidney,2.1337558637909443e-05,3.704244251914401e-08,2.8204816819058124e-05,4.7467294930650237e-07,4.88225585032692e-06,0.9999130413633771,6.589859700126984e-09,2.9901366247637267e-06,2.868515872727034e-05,3.404047123064671e-07
GSM3394647,GSE120137,kidney,control,78.223,tissue_multiclass,logistic,False,kidney,kidney,7.859672573197009e-05,1.6502051659188758e-08,1.903226756741156e-05,6.757914355553235e-07,2.0933413322618703e-06,0.9998889718538376,7.554409081193606e-09,1.985290905411367e-06,8.116280649698944e-06,5.043920792233933e-07
GSM3394648,GSE120137,kidney,control,78.223,tissue_multiclass,logistic,False,kidney,kidney,0.00010852479395717761,9.735489681434393e-08,4.367754274367245e-05,1.641314742528013e-06,1.1776097292636811e-05,0.9997726787059016,1.989300679658554e-08,7.24607158351306e-06,5.349105035639637e-05,8.471755188917411e-07
GSM3394649,GSE120137,kidney,control,78.223,tissue_multiclass,logistic,False,kidney,kidney,3.157130102281022e-05,3.420228069937284e-08,1.780508271845463e-05,3.160522345208727e-07,2.9073767823505575e-06,0.999921676263605,1.407199068098778e-08,9.342242242406651e-07,2.416304470990462e-05,5.783804318403827e-07
GSM3394650,GSE120137,kidney,control,78.223,tissue_multiclass,logistic,False,kidney,kidney,0.03157726310905357,0.0003875778984203186,0.005853062457390308,0.00019238327790841394,0.0038165189947824154,0.939052653972009,2.366636481874021e-05,0.0034345990773565413,0.0038065631825666803,0.011855711665693918
GSM3394651,GSE120137,kidney,control,78.223,tissue_multiclass,logistic,False,kidney,kidney,9.674580225908635e-06,4.725769015896872e-08,5.400553860565464e-05,4.638151244186262e-07,4.283819206306705e-06,0.9998722206968279,9.78016120676772e-09,1.030932543748028e-06,5.779730343559179e-05,4.66276178960954e-07
GSM3394652,GSE120137,kidney,control,78.223,tissue_multiclass,logistic,False,kidney,kidney,0.00041562755358031186,9.605924303765542e-07,0.00020197358576433202,6.3875057540794235e-06,3.546201135496843e-05,0.9991021947731261,1.1359228444682338e-07,1.3067221793660837e-05,0.0002173877052171336,6.825458694716199e-06
GSM3394653,GSE120137,kidney,control,78.223,tissue_multiclass,logistic,False,kidney,kidney,4.282737057477297e-05,1.3401237149019953e-07,2.4445201728845753e-05,8.785768006328541e-07,6.8782938331243375e-06,0.9998939081511559,1.8024465428890407e-08,3.881059791607717e-06,2.6422858674978203e-05,6.06450603122194e-07
GSM3394654,GSE120137,kidney,control,26.074,tissue_multiclass,logistic,False,kidney,kidney,6.035819934151697e-05,7.724253736203329e-08,4.845334081778822e-05,7.52004195662067e-07,3.701864711863789e-06,0.999853718008206,4.994364956241997e-09,1.7434299397729351e-06,3.1014705062003395e-05,1.7621082303204567e-07
GSM3394655,GSE120137,kidney,control,26.074,tissue_multiclass,logistic,False,kidney,kidney,3.0439827816717706e-05,6.410830760107508e-08,2.513507246341169e-05,2.7619821783165124e-07,2.412021798455343e-06,0.999923088219679,7.958397666991967e-09,1.0136320797493958e-06,1.7452744496074014e-05,1.1021674346765817e-07
GSM3394656,GSE120137,kidney,control,26.074,tissue_multiclass,logistic,False,kidney,kidney,0.0001181287182030197,4.133249224381024e-08,5.404027274698995e-05,6.726750493003115e-07,4.6893504119542006e-06,0.9997997290923337,1.1452541789975897e-08,1.949950210465389e-06,2.0310298518770027e-05,4.268574916828967e-07
GSM3394657,GSE120137,kidney,control,26.074,tissue_multiclass,logistic,False,kidney,kidney,1.1898885162656926e-05,2.1927425564043764e-08,3.460604118543277e-05,7.319098904425527e-07,2.3878661634900393e-06,0.9998542152960193,5.649678303776757e-09,1.3344963048346913e-06,9.456762472131883e-05,2.3030344870648843e-07
GSM3394658,GSE120137,kidney,control,26.074,tissue_multiclass,logistic,False,kidney,kidney,1.2051379577312163e-05,2.049000354532979e-08,3.6599470289356286e-05,2.8507498470949314e-07,6.2886126579903305e-06,0.99993055263606,3.9708694109532115e-09,4.4239849617180633e-07,1.3555666298912376e-05,2.003007623868976e-07
GSM3394659,GSE120137,kidney,control,26.074,tissue_multiclass,logistic,False,kidney,kidney,7.09479658850872e-06,1.1582928616443974e-08,1.687962968632785e-05,1.291936911364661e-07,3.2208495611910888e-06,0.9999607549305849,1.7457382871735992e-09,4.129772832447022e-07,1.1329898939188073e-05,1.643949984659057e-07
GSM3394660,GSE120137,kidney,control,26.074,tissue_multiclass,logistic,False,kidney,kidney,3.1458319637461196e-05,4.425456548867278e-08,3.054607989034697e-05,4.1522583297126416e-07,3.914844876398552e-06,0.999925709444209,7.3916067043274116e-09,1.807527942201961e-06,5.868744737112198e-06,2.2816670233329914e-07
GSM3394661,GSE120137,kidney,control,26.074,tissue_multiclass,logistic,False,kidney,kidney,3.586050984961698e-05,3.055574892732045e-08,5.7016128773716236e-05,8.479913803659469e-07,8.565015510203123e-06,0.9997188207665791,7.908188772179842e-09,2.1087338812118906e-06,0.00017629207804645267,4.5031204134518875e-07
GSM3394662,GSE120137,kidney,control,26.074,tissue_multiclass,logistic,False,kidney,kidney,1.5019530979798661e-05,1.582635745540166e-08,1.5506291879616685e-05,2.282183955823752e-07,1.1284700546762428e-06,0.9999497646793353,4.787737341468828e-09,2.801349030468829e-07,1.7980477705710977e-05,7.158265162855385e-08
GSM3394663,GSE120137,kidney,control,52.149,tissue_multiclass,logistic,False,kidney,kidney,3.2354716450101e-05,2.0137171162887717e-08,1.7611030325472142e-05,3.6599714674052156e-07,1.6018927738983475e-06,0.9999326433003297,7.3925539946337565e-09,1.2580514023005137e-06,1.3789705192534382e-05,3.4777665381890896e-07
GSM3394664,GSE120137,kidney,control,52.149,tissue_multiclass,logistic,False,kidney,kidney,2.360037094266001e-05,3.6254051319855286e-08,3.355615098578958e-05,3.70971258877259e-07,3.0489590844949524e-06,0.999931817677012,1.0587510373377041e-08,7.083553674370877e-07,6.642238352298741e-06,2.0843543497691408e-07
GSM3394665,GSE120137,kidney,control,52.149,tissue_multiclass,logistic,False,kidney,kidney,5.666442817759159e-05,1.0375530416940206e-07,0.0001310622526568983,1.7034890210964518e-06,1.0527686045832139e-05,0.9997555602094456,1.4358111066520011e-08,2.5810851293304236e-06,4.131150424009656e-05,4.712318685081878e-07
GSM3394666,GSE120137,kidney,control,52.149,tissue_multiclass,logistic,False,kidney,kidney,6.410918287893115e-05,9.11559806684191e-08,5.760246810017847e-05,6.644750557980432e-07,5.948836335960656e-06,0.9998394821991914,1.6007696420018925e-08,2.7811216684592526e-06,2.8864346098568723e-05,4.4020699366997595e-07
GSM3394667,GSE120137,kidney,control,52.149,tissue_multiclass,logistic,False,kidney,kidney,2.222925307043821e-05,1.8685962406867836e-08,1.6931737496198813e-05,4.4743398814074844e-07,5.127983790889296e-06,0.9999271593747766,7.756255718883558e-09,1.961046799068621e-06,2.5638862213926935e-05,4.778656465867068e-07
GSM3394668,GSE120137,kidney,control,52.149,tissue_multiclass,logistic,False,kidney,kidney,1.7273929505063334e-05,2.0681608418197004e-08,3.334975671850854e-05,7.259309866702193e-07,5.420378297916085e-06,0.9998861353482922,5.695188252211932e-09,1.1027949225244225e-06,5.542870065717029e-05,5.367838232434549e-07
GSM3394669,GSE120137,kidney,control,52.149,tissue_multiclass,logistic,False,kidney,kidney,0.00016313475892708621,7.29918087532605e-08,7.252165119660645e-05,1.3818441823692812e-06,9.075667428851856e-06,0.9997113794748693,1.7072092916468094e-08,6.085569057166735e-06,3.5563362255403895e-05,7.676081814371934e-07
GSM3394670,GSE120137,kidney,control,52.149,tissue_multiclass,logistic,False,kidney,kidney,0.00010267573861352446,1.357766170335406e-07,4.790087274735254e-05,1.7748855131162818e-06,1.1938954087673361e-05,0.9997891792373551,2.4664885130350118e-08,9.807643964655727e-06,3.500345641430881e-05,1.5587698018683761e-06
GSM3394671,GSE120137,kidney,control,78.223,tissue_multiclass,logistic,False,kidney,kidney,1.5258740442843959e-05,6.057535559826054e-08,4.8236128547633886e-05,5.35022347537331e-07,6.5459646187860515e-06,0.9998593767349574,6.5213091977311936e-09,9.006299358532131e-07,6.865671884013507e-05,4.2296364468943903e-07
GSM3394672,GSE120137,kidney,control,78.223,tissue_multiclass,logistic,False,kidney,kidney,2.8183691621379787e-05,1.742567373249394e-07,9.24569800483499e-05,1.3111613813049082e-06,1.6798947100764565e-05,0.9997755696679709,3.572545469516841e-08,5.464818236813481e-06,7.71450445984293e-05,2.8597068500318133e-06
GSM3394673,GSE120137,kidney,control,78.223,tissue_multiclass,logistic,False,kidney,kidney,6.332799709377868e-06,5.820263970536072e-08,4.7041714561573864e-05,1.1354831739489749e-06,3.666173083835027e-06,0.9998741635622288,8.311367486961172e-09,6.42823408740013e-07,6.674587624522837e-05,2.0505358136531813e-07
GSM3394674,GSE120137,kidney,control,78.223,tissue_multiclass,logistic,False,kidney,kidney,6.393745106883584e-05,7.417924218927944e-07,0.00023975563801428796,3.7495886387123095e-06,2.658430349347457e-05,0.999207656447856,9.349489409512442e-08,1.0721397627307306e-05,0.0004411350100405227,5.624875944782838e-06
GSM3394675,GSE120137,kidney,control,78.223,tissue_multiclass,logistic,False,kidney,kidney,2.6821090247576576e-05,1.02871864847583e-07,2.5918091696892726e-05,7.285798429435744e-07,4.022623980841453e-06,0.9998906842951689,1.5453520223456192e-08,2.1447562118992575e-06,4.8830280793317876e-05,7.319566726897362e-07
GSM3394676,GSE120137,kidney,control,78.223,tissue_multiclass,logistic,False,kidney,kidney,1.577973445293775e-05,3.694726082846926e-08,2.920078667856737e-05,5.127273147974636e-07,4.093789997763289e-06,0.9997978949064039,1.229226101622258e-08,6.495810550119619e-06,0.000145604325960444,3.6867911970204274e-07
GSM3394677,GSE120137,kidney,control,78.223,tissue_multiclass,logistic,False,kidney,kidney,2.6322335932388884e-05,6.309328066350405e-08,4.8291157166260816e-05,1.568773329946527e-06,6.719621035636795e-06,0.9997639317799176,2.3219658053539396e-08,1.0413022767835108e-05,0.00014185736805985753,8.096288518788311e-07
GSM3394678,GSE120137,kidney,control,78.223,tissue_multiclass,logistic,False,kidney,kidney,2.922501808321506e-05,3.314963260393838e-07,8.698494267554906e-05,1.749160869988787e-06,1.442538217926414e-05,0.9995228728080588,8.416940412137526e-08,1.70936622483918e-05,0.00032322559881497505,4.0077613395998455e-06
GSM3394679,GSE120137,kidney,control,78.223,tissue_multiclass,logistic,False,kidney,kidney,4.031103202683233e-05,5.991760764512115e-08,3.4301965432545806e-05,4.795930365405268e-07,2.584579632422647e-06,0.9999009595514649,4.003001137674569e-09,6.313117814756363e-07,2.0500050442810384e-05,1.6799557397251135e-07
GSM3394680,GSE120137,kidney,control,78.223,tissue_multiclass,logistic,False,kidney,kidney,7.515797595794231e-05,3.024814630809915e-07,6.601170048883579e-05,4.146700165623303e-07,7.728406103300593e-06,0.9997964288821588,2.035519873630346e-08,3.947397916005026e-06,4.93261149130033e-05,6.620157838488866e-07
GSM3394681,GSE120137,kidney,control,78.223,tissue_multiclass,logistic,False,kidney,kidney,3.2308185302425e-05,1.345079596083448e-07,8.054243831100192e-05,1.3290717498791279e-06,1.1037905438837718e-05,0.9998023208268035,4.842042053264289e-08,8.398150334599361e-06,6.271205919345213e-05,1.1684344860505046e-06
GSM3394682,GSE120137,kidney,control,26.074,tissue_multiclass,logistic,False,kidney,kidney,1.154736155309163e-05,9.386234032098844e-08,3.237980712902593e-05,2.4445205852320987e-07,2.4308040072477147e-06,0.9999276318972297,9.330109921704116e-09,1.0062570262479212e-06,2.4449869007833645e-05,2.0635953782602777e-07
GSM3394683,GSE120137,kidney,control,26.074,tissue_multiclass,logistic,False,kidney,kidney,1.4633139408674124e-05,2.977676626101832e-08,1.6743144490146595e-05,2.6987934192756013e-07,1.0570500122994735e-06,0.9999478318219145,4.039995325712223e-09,1.1154308585972974e-06,1.8162080935860783e-05,1.5363627641183193e-07
GSM3394684,GSE120137,kidney,control,26.074,tissue_multiclass,logistic,False,kidney,kidney,1.3077371091164266e-05,8.216247276560903e-08,5.9119658122720716e-05,1.1462511839710746e-06,6.57008219119489e-06,0.9998236183221921,1.5690014048469708e-08,1.538808035226248e-06,9.375781615394368e-05,1.0738385427449835e-06
GSM3394685,GSE120137,kidney,control,26.074,tissue_multiclass,logistic,False,kidney,kidney,1.0893909349235078e-05,4.2004546431318586e-08,4.704801572840795e-05,7.56126225837056e-07,4.39221598409327e-06,0.9997966200770699,1.017722986367148e-08,2.3711390272679316e-06,0.00013742079494732473,4.455398916000825e-07
GSM3394686,GSE120137,kidney,control,26.074,tissue_multiclass,logistic,False,kidney,kidney,2.948880163418402e-06,2.3961458073920038e-08,3.303452633440235e-05,2.8540465233724854e-07,2.477488426411955e-06,0.9998632674232482,6.493297776802286e-09,1.1868056844614973e-06,9.655236386696803e-05,2.1665286811263164e-07
GSM3394687,GSE120137,kidney,control,52.149,tissue_multiclass,logistic,False,kidney,kidney,0.0001712180105068575,3.627514500066931e-06,0.00033913598755623325,1.3258873786218493e-05,6.707217813536416e-05,0.9986485481582927,6.138743163132969e-07,0.0001084017100430635,0.0006216401861965623,2.6483506666511803e-05
GSM3394688,GSE120137,kidney,control,52.149,tissue_multiclass,logistic,False,kidney,kidney,3.7618521007395014e-05,1.1086288963316005e-07,3.978842517987491e-05,7.95718534493885e-07,5.22456555075618e-06,0.999828323294922,1.2235914516324655e-08,4.407389856175115e-06,8.333071800235487e-05,3.88268142815345e-07
GSM3394689,GSE120137,kidney,control,52.149,tissue_multiclass,logistic,False,kidney,kidney,1.303669458922548e-05,6.566024122226557e-08,2.9186842535104128e-05,2.631833707608655e-07,1.9534357096899397e-06,0.9998314347541309,6.290714501859903e-09,2.0098055391560723e-06,0.00012160609787901456,4.3723529031220055e-07
GSM3394690,GSE120137,kidney,control,52.149,tissue_multiclass,logistic,False,kidney,kidney,6.372605309704648e-06,3.486342996543956e-08,2.1587050703737597e-05,2.1799172134277034e-07,2.0468070899078806e-06,0.9999525174178947,4.228834942892652e-09,1.0340195221462835e-06,1.610610966624422e-05,7.890582740433868e-08
GSM3394691,GSE120137,kidney,control,52.149,tissue_multiclass,logistic,False,kidney,kidney,1.5173971020283454e-05,3.1099612450964664e-07,0.00011138968753174241,4.0764404546471705e-06,7.533771043691995e-06,0.9994678085797636,4.265543639035828e-08,1.5610149417237634e-05,0.0003760157188849645,2.0380303229049546e-06
GSM3394692,GSE120137,kidney,control,52.149,tissue_multiclass,logistic,False,kidney,kidney,6.868273963530922e-06,4.379156675000792e-08,2.4428382843755217e-05,3.111919087310208e-07,1.0134520873587535e-06,0.9999254348776762,6.174452777747263e-09,2.132417001426441e-06,3.9622619396033434e-05,1.3881910366785424e-07
GSM3394693,GSE120137,kidney,control,52.149,tissue_multiclass,logistic,False,kidney,kidney,1.744624407451332e-05,1.6227617411619432e-07,7.316940383223259e-05,1.4776501851983854e-06,7.185882343667084e-06,0.9997528979285656,2.1938351345950772e-08,2.831074135649126e-06,0.00014427068940676025,5.369129308244136e-07
GSM3394694,GSE120137,kidney,control,78.223,tissue_multiclass,logistic,False,kidney,kidney,5.038783063826351e-05,1.2292761723840691e-07,5.8083095534183096e-05,1.4354006075973861e-06,2.7197104891505464e-06,0.999839594780688,1.6547449507231413e-08,4.311799359629498e-06,4.205892190040169e-05,1.2689857161398402e-06
GSM3394695,GSE120137,kidney,control,78.223,tissue_multiclass,logistic,False,kidney,kidney,2.4185010398989666e-05,1.7805938967218237e-07,4.5268795370723494e-05,5.093815072392653e-07,3.851559467947431e-06,0.9998598482498843,1.6894340344339392e-08,4.86397607681024e-06,6.082912527019688e-05,4.4894829353277314e-07
GSM3394696,GSE120137,kidney,control,78.223,tissue_multiclass,logistic,False,kidney,kidney,6.8900616965699e-06,2.4008295129941915e-08,3.442807074077296e-05,4.538722582916988e-07,2.0692800157964992e-06,0.999815242889329,3.835571800546682e-09,5.285288143682865e-06,0.00013531019587232295,2.924980766747317e-07
GSM3394697,GSE120137,kidney,control,26.074,tissue_multiclass,logistic,False,kidney,kidney,1.523233519610441e-05,2.4842345764799936e-07,3.8875192994922536e-05,1.3789640815728747e-06,3.721770522722628e-06,0.9998381939353939,1.984447966876976e-08,2.6894411477342237e-06,9.940866804269829e-05,2.3142468287517218e-07
GSM3394698,GSE120137,kidney,control,26.074,tissue_multiclass,logistic,False,kidney,kidney,1.1298623035976666e-05,8.884824225037328e-08,1.8454436497259168e-05,2.805747773747166e-07,1.5134372070823612e-06,0.9999534557991032,8.686957263266456e-09,9.341717679750652e-07,1.378162056470375e-05,1.838018468044269e-07
GSM3394699,GSE120137,kidney,control,52.149,tissue_multiclass,logistic,False,kidney,kidney,3.665687420240644e-05,1.1373598249603641e-07,4.954003709464769e-05,4.94410735549242e-07,3.927690313302815e-06,0.9998733296943257,8.629882384027007e-09,1.3258683994011352e-06,3.4256479274218225e-05,3.4657979002611143e-07
GSM3394700,GSE120137,kidney,control,52.149,tissue_multiclass,logistic,False,kidney,kidney,2.7819711578998703e-05,1.2176773147246035e-07,2.957092250942377e-05,5.385414332508198e-07,2.4674324987183197e-06,0.9998796470980221,1.7862853188868815e-08,2.590550194866263e-06,5.656796490541698e-05,6.581482721969735e-07
GSM3394701,GSE120137,kidney,control,52.149,tissue_multiclass,logistic,False,kidney,kidney,2.7674677402822583e-05,1.508065062210707e-07,5.33959498991344e-05,1.314731637602711e-06,7.646203791372704e-06,0.999775827648602,2.7146356609554573e-08,4.900770259087504e-06,0.00012676623370087554,2.2958318443642026e-06
GSM3394702,GSE120137,kidney,control,52.149,tissue_multiclass,logistic,False,kidney,kidney,5.8315938022443546e-05,1.3699854150434295e-07,3.7726334212245983e-05,1.1385513551931873e-06,2.863987779710928e-06,0.9997978390866793,2.2663222995322083e-08,7.441730345166488e-06,9.361547113637738e-05,8.992387049130848e-07
GSM3394703,GSE120137,kidney,control,52.149,tissue_multiclass,logistic,False,kidney,kidney,2.1554711353526337e-05,1.696166996718682e-07,5.0049838726814415e-05,5.751677421910426e-07,4.220577956923407e-06,0.9997278677549243,1.8462905553886915e-08,9.523607896400572e-06,0.0001855705480285653,4.4971376600396244e-07
GSM3394704,GSE120137,kidney,control,52.149,tissue_multiclass,logistic,False,kidney,kidney,2.9517146100028484e-05,1.1734358772372802e-07,3.242667554275602e-05,8.825004429618443e-07,3.911393568391454e-06,0.9998571886499857,1.7818920567210604e-08,2.9822527757880465e-06,7.237806425132155e-05,5.781548247930027e-07
GSM3394705,GSE120137,kidney,control,78.223,tissue_multiclass,logistic,False,kidney,kidney,1.3711261326900145e-05,1.657905420673487e-07,6.573342157674677e-05,2.0980133122868122e-06,6.513825481129175e-06,0.9997841343900004,2.43793340656918e-08,2.1725673074323238e-06,0.0001244631645058454,9.83186613182968e-07
GSM3394706,GSE120137,kidney,control,78.223,tissue_multiclass,logistic,False,kidney,kidney,3.73692635546657e-05,6.429310415275262e-08,4.4345926055278464e-05,3.7005170652370454e-07,3.401221519604959e-06,0.9998941153030241,1.1069760883932553e-08,2.239247521171817e-06,1.7756704247857226e-05,3.269195058965165e-07
GSM3394707,GSE120137,kidney,control,78.223,tissue_multiclass,logistic,False,kidney,kidney,2.871293461204971e-05,6.503037818537885e-08,2.6918501230109747e-05,3.412193185122818e-07,2.140137820683665e-06,0.9999208692050895,1.3634061309838709e-08,1.1345553300741047e-06,1.9562336711295347e-05,2.4244544839341087e-07
GSM3394708,GSE120137,kidney,control,78.223,tissue_multiclass,logistic,False,kidney,kidney,6.2619590679548215e-06,5.237407601181769e-08,2.5885129303753147e-05,3.6267847351898273e-07,5.8572437889421315e-06,0.9998930578168884,6.268804517128879e-09,1.4661718196204434e-06,6.676018607073246e-05,2.9017170643697356e-07
GSM3394709,GSE120137,kidney,control,78.223,tissue_multiclass,logistic,False,kidney,kidney,6.997396993484674e-05,1.273002157396262e-07,4.882636021484188e-05,1.8842805599087075e-06,1.6524284113820835e-05,0.9997420049465898,2.9199120393491704e-08,2.4638744202462484e-06,0.00011552719051909444,2.638594311332295e-06
GSM3394710,GSE120137,kidney,control,78.223,tissue_multiclass,logistic,False,kidney,kidney,2.0423482252309362e-05,2.2554229442916987e-07,0.00010015942595615254,2.407945728824731e-06,9.260987451703968e-06,0.9994229049781496,6.712646079086405e-08,1.1566923275375548e-05,0.00043147343540809,1.510153022700306e-06
GSM3394711,GSE120137,kidney,control,78.223,tissue_multiclass,logistic,False,kidney,kidney,4.4203773902581244e-05,6.520610153388836e-07,0.00010975588278738,2.893491603439964e-06,1.2693085734724796e-05,0.9997237474276308,6.308198746894686e-08,7.935256554968592e-06,9.666001230340211e-05,1.3959264798461847e-06
GSM3394712,GSE120137,kidney,control,26.074,tissue_multiclass,logistic,False,kidney,kidney,9.507044617908056e-05,2.0216294171637442e-07,7.536836473067447e-05,1.3015594869646674e-06,1.270694432808928e-05,0.9995398079544885,3.7194808967092305e-08,1.128078828486798e-05,0.0002628366472779875,1.3879374733328037e-06
GSM3394713,GSE120137,kidney,control,52.149,tissue_multiclass,logistic,False,kidney,kidney,2.4157528825429562e-05,1.0224488230578929e-07,3.5553595584358324e-05,7.775227111001643e-07,6.019472235022502e-06,0.9998937386471759,1.7586325631109506e-08,3.656149894270509e-06,3.553996145581603e-05,4.3729091034115923e-07
GSM3394714,GSE120137,kidney,control,52.149,tissue_multiclass,logistic,False,kidney,kidney,5.072507466540695e-06,4.0798396098120045e-08,2.5251774415714975e-05,2.096569759702186e-07,3.966009220397616e-06,0.9999248560331554,3.438502330847578e-09,4.4195297263431284e-07,4.0047323027464394e-05,1.1050586730183551e-07
GSM3394715,GSE120137,kidney,control,52.149,tissue_multiclass,logistic,False,kidney,kidney,1.7218538441054496e-05,2.3607440308724172e-08,2.3468899950724246e-05,4.288556366401548e-07,1.9088421898841363e-06,0.9999393620475469,6.303406878026968e-09,1.7805429113344502e-06,1.565947499953424e-05,1.4288747655536158e-07
GSM3394716,GSE120137,kidney,control,52.149,tissue_multiclass,logistic,False,kidney,kidney,0.00035666312315701547,3.599506173273204e-07,5.552836361180151e-05,2.3889206067365126e-06,2.1803016106477762e-05,0.9994705825462704,7.291497989588372e-08,2.149999131012232e-05,6.839090765446546e-05,2.710265685613019e-06
GSM3394717,GSE120137,kidney,control,52.149,tissue_multiclass,logistic,False,kidney,kidney,5.123260448221644e-05,8.047565097857604e-08,4.538923073901373e-05,7.142354767747843e-07,6.087180971678432e-06,0.9997966641801559,1.518891554972793e-08,5.4219057945738955e-06,9.352029745160923e-05,8.747003617639026e-07
GSM3394718,GSE120137,kidney,control,78.223,tissue_multiclass,logistic,False,kidney,kidney,1.0296750212370409e-05,3.74148030891741e-08,1.5595193471879528e-05,2.5058130915256185e-07,1.3012801643247386e-06,0.9999573212497198,6.18598218560329e-09,8.028427872688589e-07,1.4068199134274632e-05,3.203024155507308e-07
GSM3394719,GSE120137,kidney,control,78.223,tissue_multiclass,logistic,False,kidney,kidney,1.1201179655025835e-05,5.379906645963288e-08,2.173405465512053e-05,3.3624215423415673e-07,4.839771953340205e-06,0.9998953398811994,4.41699927858219e-09,6.396272906023503e-07,6.564081917303702e-05,2.1020785338130493e-07
GSM3394720,GSE120137,kidney,control,78.223,tissue_multiclass,logistic,False,kidney,kidney,1.136100251221136e-06,7.301306595842581e-09,1.4100521625140462e-05,2.4990112692337443e-07,9.978064948501622e-07,0.9999488296000951,2.1657461472401833e-09,3.553252481307701e-07,3.4243044917552415e-05,7.823318835532839e-08
GSM2132712,GSE80672,blood,control,2.912,tissue_multiclass,logistic,False,blood,blood,6.500321551689222e-08,0.9984413093051753,2.9195707919808375e-06,9.772154243808478e-06,3.3113375238051457e-06,3.3451792068786924e-08,5.8817752970694926e-05,1.0393495768646995e-05,3.0147062762510597e-05,0.0014432308657556603
GSM2132713,GSE80672,blood,control,2.912,tissue_multiclass,logistic,False,blood,blood,2.118965406494548e-07,0.9931158383584676,1.2197398594493244e-05,4.3702556320038196e-05,1.7077288893049297e-05,1.2995686859471827e-07,8.472236620718614e-05,3.842561696051889e-05,0.00016252499705849584,0.006525169564089141
GSM2132714,GSE80672,blood,control,2.912,tissue_multiclass,logistic,False,blood,blood,4.8850893582343344e-08,0.9991393822181344,1.5817213493887948e-06,1.5326174798607245e-06,3.779897966759517e-06,1.9407479819350127e-08,1.579714266061342e-05,1.8801892514338305e-06,7.098116393433167e-06,0.0008288798383909806
GSM2132715,GSE80672,blood,control,2.912,tissue_multiclass,logistic,False,blood,blood,1.8419018204013705e-06,0.9905985857481345,2.526124817080455e-05,6.630028487323966e-05,3.0859149431425666e-05,1.5678546360453337e-07,0.0003080453094322511,0.0002353800763803265,0.0006235848527116345,0.008109984643581642
GSM2132716,GSE80672,blood,control,2.912,tissue_multiclass,logistic,False,blood,blood,5.5321071350621826e-08,0.9991757453695688,1.2300623507298725e-06,1.7316352590016864e-06,2.4263668749259676e-06,2.0595555407069607e-08,1.6274593117712754e-05,2.7536343681026307e-06,8.795322685733199e-06,0.0007909670991482315
GSM2132717,GSE80672,blood,control,2.912,tissue_multiclass,logistic,False,blood,blood,4.1419853760215795e-08,0.9994090107081555,1.6041136271311474e-06,2.8263775131586376e-06,2.7879978628090405e-06,2.9688521173535043e-08,3.1790938225458823e-05,3.3661816428352932e-06,1.4592739939269568e-05,0.0005339498346590805
GSM2132718,GSE80672,blood,control,5.084,tissue_multiclass,logistic,False,blood,blood,5.852975020641521e-08,0.9976601156289031,1.1433592964165372e-06,1.4954534759499951e-06,3.3524963005991134e-06,7.695758351374324e-09,5.448296407193441e-06,2.621481067516968e-06,1.9971392191246312e-05,0.0023057856668492723
GSM2132719,GSE80672,blood,control,5.084,tissue_multiclass,logistic,False,blood,blood,3.8224653267117834e-08,0.9990649942643727,6.201414580114666e-07,6.584754542155128e-07,1.5153291576276062e-06,7.731784190863107e-09,6.846293815473657e-06,2.9776309727734823e-06,8.6517423064139e-06,0.0009136901660251663
GSM2132720,GSE80672,blood,control,5.084,tissue_multiclass,logistic,False,blood,blood,3.9456761285126736e-08,0.9995992448401063,7.728482931301313e-07,3.8676590783977826e-07,2.199533036355762e-06,2.1389989544363452e-09,1.1656744499805627e-06,1.9326533895318557e-06,4.386795983151968e-06,0.0003898692930735566
GSM2132721,GSE80672,blood,control,5.084,tissue_multiclass,logistic,False,blood,blood,8.025936696731253e-08,0.9980843421405192,9.032045649107558e-07,1.0478384456541675e-06,3.064898140376253e-06,1.5441887252168922e-08,1.0804897083159732e-05,6.70882027111944e-06,2.2530130213816105e-05,0.0018705023695075474
GSM2132722,GSE80672,blood,control,5.084,tissue_multiclass,logistic,False,blood,blood,8.02882189535204e-08,0.9991481451825316,7.712985232338523e-07,5.537308239930056e-07,2.8926735581616324e-06,3.718106500470064e-09,1.8023894983167644e-06,2.0044804067366784e-06,6.036575655847274e-06,0.0008377096626765968
GSM2132723,GSE80672,blood,control,5.084,tissue_multiclass,logistic,False,blood,blood,5.0204834655846234e-08,0.9982433710152522,1.0819031238196469e-06,1.5387894914262103e-06,3.138541032360683e-06,9.961036347799683e-09,3.281540946562041e-06,2.347836182349345e-06,1.4755153382982185e-05,0.0017304250547173034
GSM2132724,GSE80672,blood,CR,43.457,tissue_multiclass,logistic,False,blood,blood,1.88033464582141e-07,0.9962686414711519,1.1805840299256759e-06,1.873308047611501e-06,4.201778486543508e-06,2.0830157684351024e-08,1.6325342230277795e-05,9.779892611260004e-06,1.1623462908309067e-05,0.0036861652969119884
GSM2132725,GSE80672,blood,CR,43.457,tissue_multiclass,logistic,False,blood,blood,8.80266563385751e-08,0.9989236222595277,1.5043142532847618e-06,1.5558301550825948e-06,4.147551140342118e-06,7.19571361993935e-09,2.7188349784543935e-06,1.1041247293759246e-05,1.1017703774634535e-05,0.0010442970365068978
GSM2132726,GSE80672,blood,CR,43.457,tissue_multiclass,logistic,False,blood,blood,4.904125607525393e-08,0.999752714539528,5.768625614620138e-07,3.420428023744988e-07,1.97404606810653e-06,2.542149941007646e-09,1.0460259835378216e-06,1.721415302974228e-06,3.7288626022003877e-06,0.000237844621745476
GSM2132727,GSE80672,blood,CR,43.457,tissue_multiclass,logistic,False,blood,blood,1.9827130337900393e-05,0.9214206450203883,0.00011720216320313026,0.00023334703387679163,0.00041816163283000656,4.576022679407436e-06,0.07509234423613163,0.00019605341236656121,0.00016614870542738198,0.0023316946427586953
GSM2132728,GSE80672,blood,CR,43.457,tissue_multiclass,logistic,False,blood,blood,6.459575030370418e-08,0.9994974654492078,6.03338841799322e-07,3.364009722471263e-07,1.962238651165926e-06,2.3180678671976976e-09,7.520590912243268e-07,2.6525091681624167e-06,4.53199428841621e-06,0.0004916290959611401
GSM2132729,GSE80672,blood,CR,78.223,tissue_multiclass,logistic,False,blood,blood,1.1644867245069915e-07,0.9991712711355183,1.0818016873040842e-06,1.763595050565423e-06,3.664622974800334e-06,2.1656406872160566e-08,2.936339945635264e-05,1.0099789820956377e-05,8.619785714385584e-06,0.0007739977646980752
GSM2132730,GSE80672,blood,CR,78.223,tissue_multiclass,logistic,False,blood,blood,5.96920080241225e-07,0.9990799201912084,7.781126333550336e-06,1.4580030107016658e-05,2.712594287737781e-05,8.401697429992845e-08,0.00030869703579039883,2.2593654470760256e-05,2.84316266346895e-05,0.0005101894555234259
GSM2132731,GSE80672,blood,CR,78.223,tissue_multiclass,logistic,False,blood,blood,1.6498440668990577e-08,0.9998110680925669,2.0596783583689957e-07,3.3632062047664435e-07,8.744039614802639e-07,2.5718918630643943e-09,7.882845961367242e-07,1.3884421659780311e-06,4.061032564565915e-06,0.00018125838535625028
GSM2132732,GSE80672,blood,CR,78.223,tissue_multiclass,logistic,False,blood,blood,1.1002347748708376e-07,0.9995339344733234,9.197076653485399e-07,2.0875158125729565e-06,2.175987574834491e-06,5.860528774909044e-09,3.764457406205342e-05,1.7461981177607106e-05,4.36758516326211e-05,0.0003619840247455289
GSM2132733,GSE80672,blood,CR,78.223,tissue_multiclass,logistic,False,blood,blood,1.3752166485321166e-07,0.9991022644128504,8.574578378283278e-07,1.330604736347921e-06,3.437697751825531e-06,2.2181669658100104e-08,1.5474589915004847e-05,1.0576599258198997e-05,7.834385400485193e-06,0.0008580645489154517
GSM2132734,GSE80672,blood,CR,99.951,tissue_multiclass,logistic,False,blood,blood,9.404977072366143e-07,0.9970693019824951,1.204226059210464e-05,1.883754593302581e-05,3.27783775167364e-05,2.882657513174327e-07,0.00038734222325310144,2.0811123070562077e-05,5.5822441179979094e-05,0.002401835282500728
GSM2132735,GSE80672,blood,CR,99.951,tissue_multiclass,logistic,False,blood,blood,1.5310404986347776e-07,0.999550201328695,1.3163635444466325e-06,2.2114910899090155e-06,4.586388531162267e-06,2.7349782220449536e-08,5.254784162281346e-05,8.962604946554765e-06,8.635579103763164e-06,0.00037135794863414834
GSM2132736,GSE80672,blood,CR,99.951,tissue_multiclass,logistic,False,blood,blood,1.549212417898857e-07,0.9994261215782584,1.992988871854585e-06,7.2671439530330656e-06,3.7677669383415e-06,1.9133007576581427e-08,4.8484725242413045e-05,2.4213757659027423e-05,9.98486457962166e-05,0.00038812933903122364
GSM2132737,GSE80672,blood,CR,99.951,tissue_multiclass,logistic,False,blood,blood,5.948494208622983e-07,0.9987882567862466,6.265646777952746e-06,1.4231026429832723e-05,1.9668708978481472e-05,1.8370270758906981e-07,0.0005710642322896756,1.7160707518838474e-05,2.5750630247013736e-05,0.0005568237093832095
GSM2132738,GSE80672,blood,CR,99.951,tissue_multiclass,logistic,False,blood,blood,1.592223278807164e-08,0.9998573549164441,2.0697116367714936e-07,3.604339045733522e-07,8.658329322230576e-07,1.902550582692346e-09,5.723573685060058e-07,9.412285496726264e-07,3.6677173029654667e-06,0.00013601271755069665
GSM2132739,GSE80672,blood,CR,117.334,tissue_multiclass,logistic,False,blood,blood,8.326327969507253e-08,0.9997057884420181,6.187088007061796e-07,2.5438924165111763e-06,2.1861217132333775e-06,1.2200043741873364e-08,1.802391166157962e-05,3.478243300311341e-06,4.074630500704702e-06,0.00026319058626549086
GSM2132740,GSE80672,blood,CR,117.334,tissue_multiclass,logistic,False,blood,blood,3.9123729114571446e-08,0.9997049592953816,4.694515980720973e-07,5.401986857818539e-07,2.1796290068260793e-06,2.2325496882676623e-09,1.5016277693195296e-06,3.5534527042175514e-06,5.2878015626467435e-06,0.0002814671870126024
GSM2132741,GSE80672,blood,CR,117.334,tissue_multiclass,logistic,False,blood,blood,7.637092200241972e-09,0.9999344840712955,1.182206675832216e-07,3.763983815660819e-07,4.2627412082918033e-07,2.3129984774341557e-09,1.8927529649845457e-06,9.133244474968771e-07,2.4245401623014303e-06,5.935446786903912e-05
GSM2132742,GSE80672,blood,CR,117.334,tissue_multiclass,logistic,False,blood,blood,1.0509225840072187e-07,0.9996195283883584,1.6781903899503924e-06,1.7084434943663731e-06,5.258073231869894e-06,9.691550537199607e-09,8.972756773717647e-06,8.636762143928632e-06,1.1607414802943364e-05,0.00034249518699571856
GSM2132743,GSE80672,blood,CR,117.334,tissue_multiclass,logistic,False,blood,blood,1.1520285368694e-08,0.9999760751621093,6.195619018078333e-08,1.7085365689356872e-07,1.7784443863958713e-07,3.558441473578621e-10,8.142724171921195e-07,2.0503877208191887e-06,5.256017426488258e-06,1.538162991100908e-05
GSM2132744,GSE80672,blood,control,86.914,tissue_multiclass,logistic,False,blood,blood,2.6145664770503914e-08,0.9998458998232826,3.318529277248752e-07,6.060222562746219e-07,1.3578717067243318e-06,4.731185114442732e-09,1.0852597937858481e-06,1.4643222048301554e-06,5.7767526576701776e-06,0.00014344721832034522
GSM2132745,GSE80672,blood,control,86.914,tissue_multiclass,logistic,False,blood,blood,1.8851931933751742e-07,0.9996660679446601,6.495631580657345e-07,1.4276857643576789e-06,1.775196047388177e-06,5.631519984558084e-09,5.68835712837554e-06,8.779510956969457e-06,2.1210705356338135e-05,0.0002942068860888683
GSM2132746,GSE80672,blood,control,86.914,tissue_multiclass,logistic,False,blood,blood,8.046781014024554e-08,0.9997512412850659,3.8227536214742997e-07,8.102271506488931e-07,1.0674284763880437e-06,3.2234848232679665e-09,2.7691301992463407e-06,1.0718492423554535e-05,2.586883377128153e-05,0.00020705863625578356
GSM2132747,GSE80672,blood,control,86.914,tissue_multiclass,logistic,False,blood,blood,8.337812450077352e-08,0.9995131448569471,5.303389122492238e-07,5.383765907322607e-07,1.8363715309698618e-06,1.163444759426729e-08,4.6326098191081725e-06,7.240746466425743e-06,5.8904546966729945e-06,0.0004660912324645756
GSM2132748,GSE80672,blood,control,86.914,tissue_multiclass,logistic,False,blood,blood,5.8135713627342574e-08,0.9996963257611331,5.256528834908855e-07,6.956626443636432e-07,2.2466529266158325e-06,6.6764172815814096e-09,1.2563592119272668e-06,2.380806429243532e-06,4.1994387314097174e-06,0.0002923048539090332
GSM2132749,GSE80672,blood,control,117.334,tissue_multiclass,logistic,False,blood,blood,5.776729648832396e-08,0.9996930345903743,5.478020808665527e-07,2.8906684627310595e-07,1.929725231566974e-06,3.39586771495376e-09,6.177186175906623e-07,3.1289794214839453e-06,5.171169200585212e-06,0.0002952197850629735
GSM2132750,GSE80672,blood,control,117.334,tissue_multiclass,logistic,False,blood,blood,5.11750750845459e-08,0.9997858076624984,5.342498453020375e-07,4.627332883902981e-07,1.7409760739464455e-06,4.011707240728446e-09,7.373871607250048e-07,2.214064341451996e-06,7.865750673243828e-06,0.0002005819893361406
GSM2132751,GSE80672,blood,control,117.334,tissue_multiclass,logistic,False,blood,blood,3.008579658882506e-08,0.9998380593539179,2.442710738887466e-07,1.5267011768572733e-07,9.11671253435734e-07,1.9367601462083615e-09,3.152645524139323e-07,2.643366463758423e-06,2.684804118254818e-06,0.0001549565759458278
GSM2132752,GSE80672,blood,control,117.334,tissue_multiclass,logistic,False,blood,blood,9.315329195768998e-08,0.9997606354824901,2.817131481050194e-07,9.333352861117743e-07,9.737450999512226e-07,2.3259743439439635e-09,2.4638947220763197e-06,5.9350513334829245e-06,1.4456142691961423e-05,0.00021422515596204264
GSM2132753,GSE80672,blood,control,117.334,tissue_multiclass,logistic,False,blood,blood,1.5054747336660168e-07,0.9995912308468081,9.35779655806684e-07,8.063697872795866e-07,3.2982475394499594e-06,7.068621169012586e-09,1.1339708556110817e-06,4.7742463264600216e-06,3.3983860744839155e-06,0.0003942645368580552
GSM2132754,GSE80672,blood,CR,91.26,tissue_multiclass,logistic,False,blood,blood,4.0970708486949695e-08,0.9999451635890925,1.4113924172807977e-07,4.966510708776961e-07,4.693501815446438e-07,1.4578470267999388e-09,1.690624797716125e-06,5.446513678476098e-06,5.831101088021927e-06,4.071860229377424e-05
GSM2132755,GSE80672,blood,CR,91.26,tissue_multiclass,logistic,False,blood,blood,5.6315827147716075e-08,0.9996938612075084,1.87087452185289e-06,1.5456094065014254e-06,5.941471593557419e-06,2.1164666916721978e-08,8.448829592862255e-06,1.4446439341611247e-05,4.4101734515021326e-05,0.00022970635302629397
GSM2132756,GSE80672,blood,CR,91.26,tissue_multiclass,logistic,False,blood,blood,5.509693705523348e-08,0.9997434240551055,3.877208082152354e-07,7.956737440539546e-07,2.0140564901716727e-06,7.920606435830669e-09,1.137602243603387e-06,2.355244462893376e-06,5.68557999685582e-06,0.0002441370496051989
GSM2132757,GSE80672,blood,CR,91.26,tissue_multiclass,logistic,False,blood,blood,1.1927832469195067e-07,0.9996230893201394,5.13005955471071e-07,8.96276546844378e-07,1.9688561210918136e-06,1.7588932372633515e-08,5.0788601284405325e-06,7.500980413952699e-06,9.786613139898632e-06,0.00035102922029773984
GSM2132758,GSE80672,blood,CR,91.26,tissue_multiclass,logistic,False,blood,blood,5.454572598428825e-07,0.9987154680680216,1.8433640810497183e-06,4.58420957723128e-06,5.150351826549125e-06,2.0092043580297603e-08,3.411343808906264e-05,4.198910374126787e-05,4.432373624221222e-05,0.0011519621791176173
GSM2132759,GSE80672,blood,CR,91.26,tissue_multiclass,logistic,False,blood,blood,5.734990200020667e-07,0.9990856537452448,3.8811142357918675e-06,1.0502226293918224e-05,2.3110207556202474e-05,2.1755309442179402e-07,0.0001747869332648825,1.356522282915685e-05,2.2640213131999676e-05,0.0006650692853287015
GSM2132760,GSE80672,blood,CR,91.26,tissue_multiclass,logistic,False,blood,blood,3.733861246188655e-08,0.999684707633705,4.140438455597805e-07,5.16977921623919e-07,1.494278951133928e-06,1.1558710537972887e-08,4.293136657650198e-06,7.753528588941254e-06,7.672362825255785e-06,0.00029309914018182763
GSM2132761,GSE80672,blood,CR,117.334,tissue_multiclass,logistic,False,blood,blood,2.2893355116638458e-08,0.999938911897896,2.4958453503305713e-07,4.607664912554136e-07,8.652557349834017e-07,6.135216571377186e-09,3.1888965266461434e-06,1.2610118385682306e-06,1.518266501532212e-06,5.351529190446736e-05
GSM2132762,GSE80672,blood,CR,117.334,tissue_multiclass,logistic,False,blood,blood,3.0771730998647136e-09,0.9999881561711356,2.9492534383624685e-08,5.72110784881942e-08,9.992766442046806e-08,4.1314190711562985e-10,3.277590446438346e-07,5.291031002149291e-07,4.7184237738018694e-07,1.0325002749850005e-05
GSM2132763,GSE80672,blood,CR,117.334,tissue_multiclass,logistic,False,blood,blood,2.5379554058874772e-08,0.999949061946666,6.991323630826071e-08,1.009829449734214e-07,3.3117401905692155e-07,1.3008589126100403e-09,7.263911745912156e-07,1.3201017437625795e-06,5.860106823236029e-07,4.77767991198384e-05
GSM2132764,GSE80672,blood,CR,117.334,tissue_multiclass,logistic,False,blood,blood,2.1377766647532603e-09,0.9999932598527446,1.7888779146563346e-08,3.8361557835931466e-08,8.786727735343224e-08,1.8779582400754164e-10,4.815499357958475e-08,1.9148174622328257e-07,5.340226085925433e-07,5.820044720447377e-06
GSM2132765,GSE80672,blood,CR,117.334,tissue_multiclass,logistic,False,blood,blood,1.0665333899788834e-07,0.9998333721252279,5.461405779033116e-07,1.5767597600511259e-06,1.5675103096353885e-06,5.656163509260511e-09,9.632974802299279e-06,7.792221227324221e-06,2.3655303449821155e-05,0.00012174465514274552
GSM2132766,GSE80672,blood,control,26.074,tissue_multiclass,logistic,False,blood,blood,3.4688771822344376e-08,0.9995880718547503,3.7835985609101116e-07,4.90593356167937e-07,1.4560555007989758e-06,5.931623289390284e-09,5.442503864778528e-06,4.003443327476647e-06,5.7988594376170624e-06,0.0003943177095114786
GSM2132767,GSE80672,blood,control,26.074,tissue_multiclass,logistic,False,blood,blood,3.866729205758093e-08,0.9994927243673047,5.379439880363864e-07,4.947540700630268e-07,2.235074458563352e-06,5.312561543038818e-09,1.7120543274341498e-06,2.9520537004226083e-06,7.638223238657744e-06,0.0004916615490585106
GSM2132768,GSE80672,blood,control,26.074,tissue_multiclass,logistic,False,blood,blood,4.27483906725644e-08,0.9996394747114346,2.922289655074216e-07,2.23180143896225e-07,1.0455309444451503e-06,3.7198512948726793e-09,2.7811737806450663e-06,2.99073737693273e-06,2.659476926293373e-06,0.0003504864921858644
GSM2132769,GSE80672,blood,control,26.074,tissue_multiclass,logistic,False,blood,blood,2.4553483162281322e-08,0.9998079558834283,2.944906755569546e-07,2.635001742844685e-07,1.0114270033473868e-06,5.381685520751573e-09,2.463157026778801e-06,8.637996620595925e-07,1.2884807961040104e-06,0.00018582932606488474
GSM2132770,GSE80672,blood,control,26.074,tissue_multiclass,logistic,False,blood,blood,3.468000769915833e-08,0.9999247350454564,1.9016903891797902e-07,1.9295119241123058e-07,4.156497848763226e-07,9.183775107037807e-10,8.180854214405839e-07,2.0247151214228363e-06,8.154240799135159e-06,6.343354480019465e-05
GSM2132771,GSE80672,blood,control,26.074,tissue_multiclass,logistic,False,blood,blood,2.6483415433759034e-08,0.999878154157759,1.4724449431156949e-07,2.1154008900471006e-07,5.527103515501222e-07,2.2150095182361773e-09,1.4220895518673685e-06,1.6077939270061761e-06,1.0861122162546187e-06,0.00011678965318593267
GSM2132772,GSE80672,blood,control,26.074,tissue_multiclass,logistic,False,blood,blood,1.5471682368989822e-08,0.9999028851919527,1.9955938631379153e-07,3.1530839866816155e-07,6.604158815755967e-07,2.8732312629305887e-09,3.5235369601864858e-06,1.6008453297776836e-06,2.203295252882621e-06,8.859350192430157e-05
GSM2132773,GSE80672,blood,control,26.074,tissue_multiclass,logistic,False,blood,blood,5.910675363958206e-08,0.9994450056803275,6.665842169529037e-07,8.207076408847326e-07,2.2908176676827937e-06,1.1487383452995996e-08,7.687727579254933e-06,2.121341988274444e-06,4.77292898319178e-06,0.0005365636174592046
GSM2132774,GSE80672,blood,control,26.074,tissue_multiclass,logistic,False,blood,blood,2.69452339569486e-08,0.9998671390686096,2.0706460633448705e-07,3.825067491815835e-07,4.7379703765846067e-07,1.4868938757803812e-09,1.4225129505385562e-06,3.0488753647045317e-06,1.899687278153335e-05,0.00010830086977277235
GSM2132775,GSE80672,blood,control,26.074,tissue_multiclass,logistic,False,blood,blood,3.2162215956378676e-09,0.9999469810931323,9.822333763400788e-08,2.047735151279736e-07,3.761316613090418e-07,7.580843136905253e-10,3.317380829685491e-07,3.524264667038689e-07,2.433243649581295e-06,4.921839584857288e-05
GSM2132776,GSE80672,blood,control,26.074,tissue_multiclass,logistic,False,blood,blood,1.5885295361765867e-08,0.9998613388857138,3.043385554083646e-07,3.972460483758616e-07,7.453152175871662e-07,5.846172812975376e-09,3.1330627898571124e-06,1.0483716521396474e-06,2.108220934953265e-06,0.00013090282761991947
GSM2132777,GSE80672,blood,control,26.074,tissue_multiclass,logistic,False,blood,blood,7.146831126118844e-08,0.9998408327679854,3.176147229961513e-07,3.1141883798384834e-07,5.698239865766776e-07,1.6792438179794986e-09,2.2678051228273393e-06,4.990860706329102e-06,9.270851910594736e-06,0.00014136570917226745
GSM2132778,GSE80672,blood,control,21.729,tissue_multiclass,logistic,False,blood,blood,2.17448562267617e-08,0.9995511122518282,4.235349883491018e-07,4.935628527104821e-07,1.1222469524170918e-06,6.4830053067999525e-09,3.991049933535542e-06,1.325719941575389e-06,2.861143418956489e-06,0.0004386422622224054
GSM2132779,GSE80672,blood,control,21.729,tissue_multiclass,logistic,False,blood,blood,1.2366723898906617e-07,0.999357598185952,8.112480524411516e-07,3.941933938061891e-07,2.9941698001923423e-06,3.5774427566258053e-09,7.745541852489445e-07,2.15211223677598e-06,4.265643347964559e-06,0.0006308826483497955
GSM2132780,GSE80672,blood,control,21.729,tissue_multiclass,logistic,False,blood,blood,3.214237351872311e-08,0.9999221397467238,1.6730672316535023e-07,4.973488151878498e-07,5.315337923354771e-07,1.1586822379570287e-09,1.488239121284027e-06,2.6524687382181427e-06,8.503995268445744e-06,6.398605976209286e-05
GSM2132781,GSE80672,blood,control,21.729,tissue_multiclass,logistic,False,blood,blood,3.9883950787297165e-08,0.998657151525116,9.84778861149872e-07,1.0591208329125322e-06,2.9281505623298954e-06,6.198748459319568e-09,2.57548914132659e-06,2.6859627120715125e-06,1.6554008140576142e-05,0.0013160148819345732
GSM2132782,GSE80672,blood,control,26.074,tissue_multiclass,logistic,False,blood,blood,4.034885350517523e-08,0.9997648874166735,2.966716427811956e-07,4.3063385627932256e-07,8.060112455765608e-07,1.8041499927903033e-09,1.9545365220303456e-06,3.8391585602688254e-06,1.5913342626232536e-05,0.0002118300758698996
GSM2132783,GSE80672,blood,control,26.074,tissue_multiclass,logistic,False,blood,blood,4.0053200755663064e-07,0.9986916762691221,5.414763526990448e-06,9.847196788868211e-06,1.714578948594761e-05,1.434850690867804e-07,0.00046495326093566467,1.1207006012300602e-05,1.8745542148887938e-05,0.0007804661549024543
GSM2132784,GSE80672,blood,control,26.074,tissue_multiclass,logistic,False,blood,blood,7.516364224563923e-08,0.9989981735309778,1.0400703983370418e-06,3.700041377695207e-07,3.144453001040777e-06,5.045289388920042e-09,7.853040598700923e-07,3.491071231254361e-06,1.3895468047248931e-05,0.0009790198892149283
GSM2132785,GSE80672,blood,control,26.074,tissue_multiclass,logistic,False,blood,blood,5.2866736325520825e-08,0.9998250824619715,4.24238823613992e-07,2.6399166709458985e-07,1.460528153370461e-06,2.110421001859636e-09,1.079454582237945e-06,1.4137693255092611e-06,1.49784922140958e-06,0.00016872272909787057
GSM2132786,GSE80672,blood,control,26.074,tissue_multiclass,logistic,False,blood,blood,9.60632376179367e-08,0.998925138134869,9.391138801137377e-07,6.599535030889424e-07,3.1559362992332472e-06,5.690196432910352e-09,2.0272162565119445e-06,4.305339974299293e-06,6.571779953639057e-06,0.0010571007718301684
GSM2132787,GSE80672,blood,control,26.074,tissue_multiclass,logistic,False,blood,blood,5.7410403447976756e-08,0.9994773003477383,7.46254977828839e-07,2.697226643593855e-07,2.0906149445174676e-06,3.6593589038546978e-09,5.942010063565258e-07,2.790882738036165e-06,5.150319018947127e-06,0.000510996587149423
GSM2132788,GSE80672,blood,control,26.074,tissue_multiclass,logistic,False,blood,blood,1.1104193936442418e-08,0.9998832977940574,1.4036376905016064e-07,2.414299011425408e-07,4.022301347385038e-07,1.4519621431387923e-09,1.6702426420851035e-06,1.008972864603967e-06,1.6093631074937153e-06,0.00011161704736766877
GSM2132789,GSE80672,blood,control,26.074,tissue_multiclass,logistic,False,blood,blood,3.656513686786707e-08,0.9998564101128118,2.803817475886868e-07,6.163935766703797e-07,6.539609315940999e-07,1.9810605540706906e-09,3.120384913412154e-06,3.1990432626125105e-06,1.32105556743709e-05,0.0001224706208847781
GSM2132790,GSE80672,blood,control,26.074,tissue_multiclass,logistic,False,blood,blood,9.139734657757682e-08,0.9995375860858249,5.238118339239846e-07,8.485887459739088e-07,1.3044523402010525e-06,3.0726583990569842e-09,4.223695226586481e-06,5.270682294894176e-06,1.583706499427136e-05,0.00043431114873448485
GSM2132791,GSE80672,blood,control,26.074,tissue_multiclass,logistic,False,blood,blood,1.621052137376004e-08,0.999897692290617,1.8410485911698066e-07,4.5913470383579644e-07,4.1930171892586444e-07,8.035550141625243e-10,1.9064628967191076e-06,2.572016996641818e-06,1.752197896018818e-05,7.9227695170932e-05
GSM2132792,GSE80672,blood,control,26.074,tissue_multiclass,logistic,False,blood,blood,8.579671222079971e-09,0.9998229151564659,1.7241209497077244e-07,2.130994454131348e-07,7.366143679876913e-07,1.115444044485923e-09,5.120007322386088e-07,5.787092624505074e-07,2.2557554543059856e-06,0.00017260655706151785
GSM2132793,GSE80672,blood,control,26.074,tissue_multiclass,logistic,False,blood,blood,1.7565741637203944e-08,0.9992908722441927,4.2361258577643103e-07,4.929167487623781e-07,1.7321799125776478e-06,3.786366373499749e-09,8.630148939672864e-07,1.1077007918768589e-06,9.492199550588191e-06,0.00069499477921576
GSM2132794,GSE80672,blood,control,26.074,tissue_multiclass,logistic,False,blood,blood,2.5789715910857343e-08,0.9997084657805192,3.548702831013706e-07,2.1056815252457084e-07,1.1826221818203046e-06,1.5457886620241603e-09,4.829544673708818e-07,2.1545203210446596e-06,3.05107027748572e-06,0.00028407027829267735
GSM2132795,GSE80672,blood,control,26.074,tissue_multiclass,logistic,False,blood,blood,4.5723631676527364e-08,0.9997079999167271,3.289048289837011e-07,2.3406545733256728e-07,1.419714850292937e-06,1.6083669163544434e-09,3.551382757927987e-07,9.982080918417642e-07,2.510411394441436e-06,0.0002861063083756564
GSM2132796,GSE80672,blood,control,26.074,tissue_multiclass,logistic,False,blood,blood,1.5163960268518983e-08,0.9998406019679792,1.265675605001223e-07,1.5551813387781728e-07,5.061783285128014e-07,2.3036302160029644e-09,1.163757350746982e-06,1.7272636421036698e-06,2.6277697230515555e-06,0.00015307350969144255
GSM2132797,GSE80672,blood,control,26.074,tissue_multiclass,logistic,False,blood,blood,1.1680557027865966e-07,0.999287965155138,6.087428536652455e-07,1.0940435027552517e-06,1.505776836339804e-06,3.954198910243821e-09,5.63039781929724e-06,8.085096014693552e-06,2.1843710429230635e-05,0.0006731463176368746
GSM2132798,GSE80672,blood,control,26.074,tissue_multiclass,logistic,False,blood,blood,1.0992994794688388e-08,0.9997643274760352,2.019235174824682e-07,2.872419561397088e-07,6.236314484010774e-07,3.6093570740321184e-09,2.219049218270228e-06,7.711453350111556e-07,2.7107270233333325e-06,0.00022884420311429006
GSM2132799,GSE80672,blood,control,26.074,tissue_multiclass,logistic,False,blood,blood,7.702033338674132e-08,0.9997181286302158,5.50710726790552e-07,5.968202384708457e-07,1.6970305175167465e-06,8.330326371171461e-09,8.669615446425932e-06,4.697403283450593e-06,3.4366200999011274e-06,0.00026213781881180055
GSM2132800,GSE80672,blood,control,26.074,tissue_multiclass,logistic,False,blood,blood,1.1180964821699988e-08,0.9998097461012605,2.0308481723707565e-07,2.261111816793861e-07,7.15337978903238e-07,1.3647623077048444e-09,6.038144357244355e-07,7.148412051710365e-07,3.6176486477980663e-06,0.00018416051474594053
GSM2132801,GSE80672,blood,control,26.074,tissue_multiclass,logistic,False,blood,blood,4.0529611245404064e-08,0.9996333178038718,4.5296216336362136e-07,2.6141328371296855e-07,1.3593684415343963e-06,1.7935335611602592e-09,5.261175908733367e-07,1.2741123421659027e-06,2.8186154699621702e-06,0.0003599472836919418
GSM2132802,GSE80672,blood,control,26.074,tissue_multiclass,logistic,False,blood,blood,1.8165216920779107e-08,0.9997287150605129,2.7082285133105214e-07,3.0734188286426953e-07,8.559061589969768e-07,4.226501526077949e-09,2.626428956328866e-06,8.004679366992887e-07,1.758528305121713e-06,0.0002646430516772836
GSM2132803,GSE80672,blood,control,26.074,tissue_multiclass,logistic,False,blood,blood,1.1989370281993209e-08,0.9998816289409401,1.7200926980962613e-07,1.8257329610900037e-07,4.928068972946474e-07,2.583026025670634e-09,9.832935349308505e-07,5.020247540573681e-07,1.0862316913263022e-06,0.00011493754722010429
GSM2132804,GSE80672,blood,control,26.074,tissue_multiclass,logistic,False,blood,blood,3.071583637194044e-08,0.9988294652191736,7.264482058566264e-07,1.2717177069685196e-06,1.686561917150762e-06,9.826901024056117e-09,7.401663119105977e-06,1.2819295901279623e-06,6.449473722290762e-06,0.0011516764438275248
GSM2132805,GSE80672,blood,control,26.074,tissue_multiclass,logistic,False,blood,blood,8.631958578063358e-08,0.99975154245593,4.907995045946871e-07,2.703743855379909e-07,1.5854482800405105e-06,2.213258558231977e-09,5.898461585990925e-07,1.4998013587224252e-06,1.7217704273555268e-06,0.0002422109711106385
GSM2132806,GSE80672,blood,control,26.074,tissue_multiclass,logistic,False,blood,blood,4.1591418755919445e-08,0.9997945600254221,2.2090222547081495e-07,4.6029026508254215e-07,6.341639462389145e-07,1.5818091638032823e-09,1.995125222722444e-06,4.3924729029927675e-06,1.0967166562899254e-05,0.00018672668022446466
GSM2132807,GSE80672,blood,control,26.074,tissue_multiclass,logistic,False,blood,blood,1.255397879675026e-08,0.9998709245103222,2.170326387719707e-07,2.4647004050378957e-07,5.748215671579197e-07,3.4010350200541107e-09,2.073244726617255e-06,5.038454009943603e-07,1.2760050625711942e-06,0.0001241681152271013
GSM2132808,GSE80672,blood,control,26.074,tissue_multiclass,logistic,False,blood,blood,1.1796831463460343e-08,0.9998437617516105,1.6472435316245967e-07,2.696572355966121e-07,6.3282179434834e-07,1.0159452066621006e-09,6.231628761110137e-07,5.754031873967402e-07,2.3868004130240293e-06,0.00015157286575310906
GSM2132809,GSE80672,blood,control,26.074,tissue_multiclass,logistic,False,blood,blood,4.772569965367685e-08,0.9996978202636736,5.363866946832832e-07,3.075654364193545e-07,1.7998665185505236e-06,2.547088805983833e-09,8.641528042074313e-07,2.035952215567709e-06,3.755165319778679e-06,0.0002928303745485959
GSM2132810,GSE80672,blood,control,26.074,tissue_multiclass,logistic,False,blood,blood,2.6713593679682857e-08,0.9998031351335886,2.0558108192842047e-07,1.7080309505214118e-07,6.135728770606568e-07,2.433519421295738e-09,1.5197232563373083e-06,2.247770697352123e-06,1.6357170161032338e-06,0.00019044255127464952
GSM2132811,GSE80672,blood,control,26.074,tissue_multiclass,logistic,False,blood,blood,1.769872216775175e-08,0.9994265217625563,4.050312312696867e-07,4.1810909017288616e-07,1.5490425690830688e-06,2.665091074180384e-09,8.301516400366948e-07,9.493456956800692e-07,7.06102715733918e-06,0.0005622451662468028
GSM2132812,GSE80672,blood,control,26.074,tissue_multiclass,logistic,False,blood,blood,4.47246256871709e-08,0.9997892431836389,3.3895249829215544e-07,2.29385693671376e-07,1.2477236887347315e-06,1.3839398490187473e-09,4.517484471527604e-07,1.0911925818056909e-06,2.8069384957314796e-06,0.00020454476639003008
GSM2132813,GSE80672,blood,control,26.074,tissue_multiclass,logistic,False,blood,blood,1.2150976023283772e-07,0.9995177396886703,5.636958938578606e-07,4.515379908469553e-07,2.0778922350897206e-06,2.291290815056851e-09,6.814168513392225e-07,1.5326189520594048e-06,1.8653283665788195e-06,0.0004749640199887963
GSM2132820,GSE80672,blood,control,13.037,tissue_multiclass,logistic,False,blood,blood,4.7714227884017624e-08,0.9991183050573084,5.864169162531924e-07,7.287622076145429e-07,2.0337208403751605e-06,1.0422823738464468e-08,6.330513334389582e-06,1.4947686850575814e-06,3.959583072370734e-06,0.0008665030405838548
GSM2132821,GSE80672,blood,control,13.037,tissue_multiclass,logistic,False,blood,blood,6.481479118699921e-07,0.9984136203945859,1.8919416464726352e-06,2.6274937084009764e-06,4.782400595996328e-06,1.1948261155477863e-08,1.075488844123478e-05,9.83980568912755e-06,2.0682801644972903e-05,0.0015351401775150731
GSM2132822,GSE80672,blood,control,13.037,tissue_multiclass,logistic,False,blood,blood,5.607249763435538e-07,0.9989809183772441,3.523454324967456e-06,4.407761611840856e-06,1.1715452548968613e-05,5.993740007212843e-08,0.00010979868301969303,1.5648531151719653e-05,1.2738819079639796e-05,0.0008606282586424099
GSM2132823,GSE80672,blood,control,13.037,tissue_multiclass,logistic,False,blood,blood,3.993646497379599e-08,0.9993816615909199,3.336811061626133e-07,3.898842283396984e-07,1.1614500866471306e-06,4.367841213398609e-09,4.1129388947400754e-06,3.6490785586133957e-06,5.189685141943274e-06,0.0006034573867572875
GSM2132824,GSE80672,blood,control,13.037,tissue_multiclass,logistic,False,blood,blood,1.1954603032085852e-07,0.9992982037489946,1.2230812097965167e-06,1.131533511849081e-06,3.4289421754274337e-06,1.8871044191084318e-08,2.067884125196609e-05,2.392646967788954e-06,2.58247615658395e-06,0.0006702203126575561
GSM2132825,GSE80672,blood,control,13.037,tissue_multiclass,logistic,False,blood,blood,2.1740172277531483e-07,0.9991857611120917,7.278827023269751e-07,1.1486569957013594e-06,1.7807243155932707e-06,4.077711855925863e-09,6.099652766489878e-06,6.895067528653322e-06,1.8247925431684477e-05,0.0007791174987332004
GSM2132826,GSE80672,blood,control,13.037,tissue_multiclass,logistic,False,blood,blood,2.444194711662642e-07,0.9989028235445708,1.446844332788218e-06,1.145214969444709e-06,5.887040595174509e-06,7.084654548664456e-09,2.9937144529867995e-06,3.756323201817843e-06,6.249220667019235e-06,0.0010754465930841782
GSM2132827,GSE80672,blood,control,13.037,tissue_multiclass,logistic,False,blood,blood,2.2311128446311152e-07,0.9976188218335396,1.3867737377772143e-06,9.186306658648188e-07,5.4721028896947376e-06,7.020047211651082e-09,1.7632264833187683e-06,5.742786003363492e-06,6.545420782706508e-06,0.002359119094565991
GSM2132828,GSE80672,blood,control,13.037,tissue_multiclass,logistic,False,blood,blood,4.024657171825265e-07,0.9973389848788442,4.798403061066605e-06,5.915361725271285e-06,1.5105759452554421e-05,5.110426870570567e-08,1.322206670468709e-05,9.843427615240203e-06,2.295396514797515e-05,0.0025887225674631354
GSM2132829,GSE80672,blood,control,17.383,tissue_multiclass,logistic,False,blood,blood,1.4835460267871116e-07,0.9989871492368493,7.357128322458012e-07,1.2734496715992066e-06,1.6843874721235984e-06,4.302508406360343e-09,6.041045918857747e-06,9.81694628408006e-06,2.875245785575375e-05,0.0009643941060049025
GSM2132830,GSE80672,blood,control,17.383,tissue_multiclass,logistic,False,blood,blood,3.1248586305140854e-07,0.9984608979828365,3.3071473380357957e-06,5.345743640291302e-06,1.2803361110396925e-05,3.3589070328001696e-08,3.158782429613055e-05,7.216763426440897e-06,2.0227828232657697e-05,0.001458267274186075
GSM2132831,GSE80672,blood,control,17.383,tissue_multiclass,logistic,False,blood,blood,3.532081444229082e-07,0.9990784253393711,1.2814123013093152e-06,2.714357685916505e-06,4.40660789967367e-06,8.860647405036242e-09,1.06085828269439e-05,4.8831435316962055e-06,2.2212664106144023e-05,0.0008751058234854821
GSM2132832,GSE80672,blood,control,17.383,tissue_multiclass,logistic,False,blood,blood,5.986803397811413e-08,0.9990464373319736,5.185200345781742e-07,3.9405543485209013e-07,1.5817461906747467e-06,7.080413628671931e-09,4.143115788104738e-06,4.292314191220907e-06,4.94311529643426e-06,0.0009376228526427906
GSM2132833,GSE80672,blood,control,17.383,tissue_multiclass,logistic,False,blood,blood,1.3240615885580354e-07,0.9987698551704358,1.6201600880811964e-06,2.2120481691908394e-06,7.147507108028102e-06,1.8328101715526913e-08,4.663747026489775e-06,2.7554050353162957e-06,1.4688769933842851e-05,0.0011969064579427837
GSM2132834,GSE80672,blood,control,17.383,tissue_multiclass,logistic,False,blood,blood,9.040029844791532e-08,0.9988670985166371,6.649905873206016e-07,5.540922659795205e-07,2.02575920455631e-06,9.875678998139615e-09,5.010060073916758e-06,4.611005259211302e-06,6.8338653767831596e-06,0.001113101434617706
GSM2132835,GSE80672,blood,control,17.383,tissue_multiclass,logistic,False,blood,blood,4.785590725307335e-08,0.9995091234591013,3.0854234077441893e-07,3.8845335598110414e-07,1.1010102470020055e-06,4.574392683379312e-09,3.7811854912795724e-06,3.105866294519234e-06,3.819070152253365e-06,0.00047831998271706023
GSM2132836,GSE80672,blood,control,17.383,tissue_multiclass,logistic,False,blood,blood,8.123947785608388e-08,0.9990605955160079,5.117102568312823e-07,4.467277442812253e-07,2.1937647961233477e-06,9.214035069889253e-09,4.639439335852669e-06,4.726502350151531e-06,3.8927971582313386e-06,0.0009229030888375608
GSM2132837,GSE80672,blood,control,17.383,tissue_multiclass,logistic,False,blood,blood,1.657632381902333e-07,0.9989849615876472,7.501344179369038e-07,1.5054743346150428e-06,1.9227629255662035e-06,4.947720477358617e-09,6.523802246668803e-06,8.74669165437705e-06,3.517458839486741e-05,0.0009602442474197938
GSM2132838,GSE80672,blood,control,26.074,tissue_multiclass,logistic,False,blood,blood,6.287403317285433e-08,0.9996995699528706,6.036119649791571e-07,9.295026911172671e-07,2.2218492977019413e-06,4.872407521726336e-09,2.675094672926671e-06,1.3597926469439476e-06,5.081191231308719e-06,0.0002874912581838092
GSM2132839,GSE80672,blood,control,26.074,tissue_multiclass,logistic,False,blood,blood,1.521129334310546e-08,0.9998582290398547,1.979095240579647e-07,3.066586664563697e-07,6.205574874983282e-07,3.161269765838472e-09,2.536065477457673e-06,1.0931756411937639e-06,1.5125116769873045e-06,0.00013548570910820924
GSM2132840,GSE80672,blood,control,26.074,tissue_multiclass,logistic,False,blood,blood,2.6193501202700483e-08,0.9999194529204006,2.2363766392397983e-07,4.231232910839169e-07,8.023007792947179e-07,3.725214117529635e-09,3.4512058697392722e-06,5.080269005842162e-07,9.975705246111707e-07,7.411129585456263e-05
GSM2132841,GSE80672,blood,control,26.074,tissue_multiclass,logistic,False,blood,blood,7.452424620173149e-07,0.9990986612030133,5.619065517637619e-06,3.900419262077332e-06,2.3279521701167183e-05,4.856568124175857e-08,3.7394077628680395e-05,2.0679034014447275e-05,1.801491170654144e-05,0.0007916579590127292
GSM2132842,GSE80672,blood,control,26.074,tissue_multiclass,logistic,False,blood,blood,1.0242662342871996e-07,0.9992495982219256,1.040842022775285e-06,1.4823199051280763e-06,3.077930950266393e-06,1.4675774894041038e-08,1.6191967919582146e-05,7.418127809425589e-06,9.164384532150861e-06,0.0007119091025365341
GSM2132843,GSE80672,blood,control,26.074,tissue_multiclass,logistic,False,blood,blood,4.3128576655889036e-08,0.9993533339958958,5.060568692468799e-07,6.456624410881412e-07,2.062221916526239e-06,3.592854120446295e-09,1.4355764607887743e-06,2.009913147132401e-06,5.471030120353814e-06,0.000634488821718534
GSM2132844,GSE80672,blood,control,26.074,tissue_multiclass,logistic,False,blood,blood,2.178663858560898e-07,0.9982683301368382,1.9915665938955975e-06,3.240981592268157e-06,4.3098772200096485e-06,8.489331396696661e-09,1.7799111356678724e-05,1.334580975236616e-05,4.193968927467596e-05,0.001648816471654694
GSM2132845,GSE80672,blood,control,26.074,tissue_multiclass,logistic,False,blood,blood,3.4237716808785206e-07,0.9995292637469313,1.3232484333922742e-06,1.7610624634188661e-06,3.4369604602614414e-06,9.711969887156008e-09,1.1002953815125815e-05,1.118349948438928e-05,1.6529333755768337e-05,0.0004251471055183207
GSM2132846,GSE80672,blood,control,26.074,tissue_multiclass,logistic,False,blood,blood,9.125910225762582e-07,0.9988105937830576,6.4552068392167095e-06,5.121147382609216e-06,3.59740624212966e-05,4.530242659922307e-08,1.8867630930269683e-05,7.536545096687183e-06,9.408821941819957e-06,0.0011050849088814054
GSM2132847,GSE80672,blood,control,34.766,tissue_multiclass,logistic,False,blood,blood,4.549651223984581e-08,0.999265383202616,5.233819751284099e-07,5.793316853795113e-07,1.7803348981440164e-06,3.414226982444075e-09,9.952013865865114e-07,1.8014802750518814e-06,5.284184816573941e-06,0.0007236039716077774
GSM2132848,GSE80672,blood,control,34.766,tissue_multiclass,logistic,False,blood,blood,4.364319672276174e-08,0.9992525346842872,4.946966186122004e-07,5.883411905360411e-07,2.0653666886879424e-06,3.947449144269732e-09,1.0783362426648244e-06,1.669212440201784e-06,5.259536032217444e-06,0.0007362622358542931
GSM2132849,GSE80672,blood,control,34.766,tissue_multiclass,logistic,False,blood,blood,3.9514245456923765e-08,0.9991823977789742,5.43859517600481e-07,6.148182454920487e-07,1.8643987356422175e-06,3.5441750895817356e-09,1.1242425469318287e-06,1.4932548923704012e-06,6.930359095064881e-06,0.0008049882295721612
GSM2132850,GSE80672,blood,control,34.766,tissue_multiclass,logistic,False,blood,blood,1.667484107885318e-07,0.998118916633196,1.2985716661517204e-06,1.5536670514935249e-06,4.64225491247036e-06,2.3698532026020272e-08,1.3065691040531361e-05,2.639235365058878e-06,3.914340203353157e-06,0.0018537791596220468
GSM2132851,GSE80672,blood,control,34.766,tissue_multiclass,logistic,False,blood,blood,3.593019276662517e-08,0.9995809033762777,6.318460686073404e-07,6.864371106780415e-07,1.6736787102426093e-06,9.028637542050186e-09,8.911063030700588e-06,4.898130956195398e-06,1.2390994988467848e-05,0.000389859514027249
GSM2132852,GSE80672,blood,control,34.766,tissue_multiclass,logistic,False,blood,blood,7.385496735142403e-08,0.9987523297202102,9.340673200905554e-07,1.1040361234901642e-06,3.635255185046007e-06,5.9531580389063635e-09,2.0156740044902497e-06,2.5444785280213685e-06,8.952986188567881e-06,0.0012284039743145744
GSM2132853,GSE80672,blood,control,34.766,tissue_multiclass,logistic,False,blood,blood,5.674729173665074e-07,0.9991636405707564,4.3771844762729346e-06,3.3878308006336576e-06,1.8858687237587657e-05,3.3935974640347265e-08,3.0827732857304445e-05,1.0475667820717897e-05,1.2740954641090206e-05,0.0007550899625179309
GSM2132854,GSE80672,blood,control,34.766,tissue_multiclass,logistic,False,blood,blood,9.304999941960237e-08,0.9992494349369458,8.460373730528959e-07,1.3253240234516285e-06,2.5940895747370715e-06,2.1638332940002276e-08,1.6793437708931898e-05,2.9838002557274326e-06,3.990170132494142e-06,0.0007219175156530366
GSM2132855,GSE80672,blood,control,34.766,tissue_multiclass,logistic,False,blood,blood,9.08060766423994e-08,0.9994278515409742,5.51012239546719e-07,3.167813464230591e-07,2.125659843670217e-06,2.7695543417156745e-09,6.581004811890638e-07,2.0798433576689278e-06,4.043260696708028e-06,0.0005622802254297441
GSM2132856,GSE80672,blood,control,43.457,tissue_multiclass,logistic,False,blood,blood,1.7922873434630543e-07,0.9993994643776891,2.0601447955469317e-06,8.717786513083056e-07,6.84066350232964e-06,9.263465498881797e-09,3.480788735140996e-06,3.741293508430609e-06,7.677285988466708e-06,0.0005756751749295655
GSM2132857,GSE80672,blood,control,43.457,tissue_multiclass,logistic,False,blood,blood,1.0581321310930318e-07,0.9991326333964959,1.1759817727200572e-06,1.4155561277420958e-06,4.55385995997157e-06,1.8440131813475693e-08,1.710030292878494e-05,2.885401439195869e-06,4.459016300804762e-06,0.0008356522316299301
GSM2132858,GSE80672,blood,control,43.457,tissue_multiclass,logistic,False,blood,blood,6.518880597752775e-08,0.9987902696374996,8.592336713835044e-07,8.470703167666131e-07,2.8940822068741587e-06,1.4792996434627077e-08,7.882224719523097e-06,2.0819967532273455e-06,3.2836278980437666e-06,0.0011918021451323417
GSM2132859,GSE80672,blood,control,43.457,tissue_multiclass,logistic,False,blood,blood,3.494004180082517e-07,0.9987950643036617,1.967789702497668e-06,3.5966176176136155e-06,1.0899427087534047e-05,2.2350508152391357e-08,6.829736960122293e-06,4.180868342446502e-06,9.540413010298548e-06,0.00116754909269185
GSM2132860,GSE80672,blood,control,43.457,tissue_multiclass,logistic,False,blood,blood,1.2147687157744565e-06,0.9987463470487312,9.30232173607601e-06,1.386594094340891e-05,3.0617120410744806e-05,1.864418641031561e-07,0.0007862259691841663,1.2967918406458297e-05,1.3036193355930703e-05,0.00038623627665255637
GSM2132861,GSE80672,blood,control,43.457,tissue_multiclass,logistic,False,blood,blood,1.732029056077301e-07,0.9979339896486384,9.904619487942057e-07,1.1961869145268734e-06,3.968613313649916e-06,1.8601132161222863e-08,8.639806839871842e-06,1.0316072914984593e-05,8.462279244394094e-06,0.0020322451261476004
GSM2132862,GSE80672,blood,control,43.457,tissue_multiclass,logistic,False,blood,blood,1.9647920957701206e-08,0.9999627435814095,1.391501969848937e-07,2.920254713290013e-07,4.985999744974061e-07,2.3073068719825343e-09,3.407830994128914e-06,1.7464944957181202e-06,1.04069340205144e-06,3.0109668827919188e-05
GSM2132863,GSE80672,blood,control,43.457,tissue_multiclass,logistic,False,blood,blood,9.792742074724281e-06,0.9960825689292642,3.842318850228706e-05,7.728423564304318e-05,0.00020534450487354834,9.160667735349467e-07,0.002572786896556238,4.291364015399061e-05,3.672040036425781e-05,0.000933249395794239
GSM2132864,GSE80672,blood,control,43.457,tissue_multiclass,logistic,False,blood,blood,6.52023449193664e-08,0.9996026839883188,7.038557553040483e-07,1.1747697710665409e-06,2.7157963976835923e-06,5.383727355364993e-09,1.4422539206058482e-06,2.7118523277283257e-06,4.785500056909014e-06,0.00038371139737969676
GSM2132865,GSE80672,blood,control,52.149,tissue_multiclass,logistic,False,blood,blood,1.7190508560590118e-08,0.999970009125379,1.3024297370302074e-07,9.970059370772045e-08,6.002185062305906e-07,5.560998531143552e-10,2.5017440054592427e-07,6.645383414505547e-07,1.0887368854734503e-06,2.7139516311515117e-05
GSM2132866,GSE80672,blood,control,52.149,tissue_multiclass,logistic,False,blood,blood,5.9285867392909975e-09,0.9999530189120545,6.322172878723852e-08,1.1440299436097778e-07,2.718977689788791e-07,5.338211557379606e-10,2.0908860068172457e-07,7.713394610807677e-07,1.303292885062693e-06,4.424138209899988e-05
GSM2132867,GSE80672,blood,control,52.149,tissue_multiclass,logistic,False,blood,blood,3.6875775938577724e-08,0.99949023971693,3.410783276102792e-07,4.3505446829287993e-07,1.249467332735416e-06,6.433670304432092e-09,2.931102724228074e-06,9.790118988457643e-07,1.9775793058762265e-06,0.0005018036795660494
GSM2132868,GSE80672,blood,control,52.149,tissue_multiclass,logistic,False,blood,blood,1.1031344335487724e-08,0.9997899072976169,2.9397312974191483e-07,3.6667036760988103e-07,8.522947917999914e-07,1.94413477685879e-09,5.131646895557566e-07,1.2331672579057406e-06,5.037163996674894e-06,0.00020178329267076165
GSM2132869,GSE80672,blood,control,52.149,tissue_multiclass,logistic,False,blood,blood,8.326055513048813e-08,0.9996433128083818,7.397934119113299e-07,9.386762836474594e-07,2.05582358891604e-06,1.5305105830361407e-08,1.2537240155894449e-05,1.703268799561488e-06,2.978728602846719e-06,0.000335635095114388
GSM2132870,GSE80672,blood,control,52.149,tissue_multiclass,logistic,False,blood,blood,2.0895664448024194e-07,0.9992908725131344,5.976568404671095e-07,1.09366780841352e-06,1.8340339117066379e-06,4.586021587924734e-09,4.057756752422709e-06,9.095283260577187e-06,2.2573839529090535e-05,0.0006696617060968046
GSM2132871,GSE80672,blood,control,52.149,tissue_multiclass,logistic,False,blood,blood,1.0888616380353204e-07,0.9995267111673355,3.924137460129912e-07,7.152549176654995e-07,1.135809434793945e-06,2.7646510812617038e-09,2.7482390079555806e-06,5.727009843643856e-06,1.3901092871972726e-05,0.00044855736202769253
GSM2132872,GSE80672,blood,control,52.149,tissue_multiclass,logistic,False,blood,blood,1.8495021223508852e-07,0.9995887967127945,4.910505388007408e-07,1.341145699674705e-06,1.5666847325009722e-06,4.6180268791994134e-09,4.630164664581666e-06,9.691220896896485e-06,1.7288668684983193e-05,0.0003760047837487705
GSM2132873,GSE80672,blood,control,52.149,tissue_multiclass,logistic,False,blood,blood,1.7703820155940887e-07,0.999478086220085,1.4981557186220794e-06,2.037898595380748e-06,6.7472962322720344e-06,1.9419448049856353e-08,1.39716239014537e-05,4.435534690768679e-06,1.1065037558305482e-05,0.00048196177556832
GSM2132874,GSE80672,blood,control,52.149,tissue_multiclass,logistic,False,blood,blood,1.787264698403245e-07,0.9989762183152837,9.59628353143919e-07,9.023019374594306e-07,3.3728537693330917e-06,1.5202469668610645e-08,7.608035923309024e-06,8.45063542770584e-06,5.064665963269053e-06,0.0009972296344027266
GSM2132875,GSE80672,blood,control,69.531,tissue_multiclass,logistic,False,blood,blood,2.128202864705231e-07,0.9987785066842386,9.73155076251841e-07,1.153892395589096e-06,3.639775755056737e-06,1.6707717844702133e-08,1.372039843819502e-05,7.070909661079494e-06,6.612524248714116e-06,0.00118809313218216
GSM2132876,GSE80672,blood,control,69.531,tissue_multiclass,logistic,False,blood,blood,1.8347422606386834e-07,0.9992177769198963,1.0107992003846425e-06,5.523594845655917e-07,3.859557826197547e-06,5.767027323472672e-09,1.113539079418574e-06,3.948175256427902e-06,4.32105175333079e-06,0.0007672283562499221
GSM2132877,GSE80672,blood,control,69.531,tissue_multiclass,logistic,False,blood,blood,3.854498262564163e-07,0.998523355768504,1.5333407396178128e-06,2.1098737305863832e-06,3.4978728452210668e-06,9.77856510057731e-09,1.3857405027796917e-05,1.9676145938213485e-05,3.919066663897153e-05,0.0013963836981840485
GSM2132878,GSE80672,blood,control,69.531,tissue_multiclass,logistic,False,blood,blood,2.1790259666809063e-07,0.9981192308843999,1.3437574351303315e-06,9.321298558973207e-07,5.032512176825202e-06,8.962894759458118e-09,1.1981729201314128e-06,4.5309195299279815e-06,6.675593369952971e-06,0.00186082916482087
GSM2132879,GSE80672,blood,control,69.531,tissue_multiclass,logistic,False,blood,blood,8.738751842386885e-08,0.9995519209527377,6.498946288009666e-07,1.2101643497054438e-06,2.225344506175281e-06,1.3718176247314164e-08,1.3315921396922504e-05,9.585864579138741e-06,7.957411104013101e-06,0.00041303334100278074
GSM2132880,GSE80672,blood,control,69.531,tissue_multiclass,logistic,False,blood,blood,7.001521661837395e-08,0.9988708652568685,1.8008711011232188e-06,1.9945419632844523e-06,3.189259725911692e-06,2.950876485696682e-08,2.2661220253721144e-05,4.295523086143528e-06,1.0904399084888503e-05,0.0010841894039350427
GSM2132881,GSE80672,blood,control,69.531,tissue_multiclass,logistic,False,blood,blood,6.538411056648789e-06,0.9975371991558455,1.404112007869307e-05,3.4493956343962494e-05,3.858275951703698e-05,1.619557927761201e-07,0.0006442064961966605,6.663411415982527e-05,3.8471735476457986e-05,0.001619670295532615
GSM2132882,GSE80672,blood,control,69.531,tissue_multiclass,logistic,False,blood,blood,9.836330408515731e-08,0.9992279153380071,8.937588659618275e-07,1.3356455994202074e-06,3.6387376842703974e-06,2.7923210472992974e-08,7.907707819672604e-06,3.0592323295641897e-06,4.42571222678422e-06,0.000750697580952458
GSM2132883,GSE80672,blood,control,69.531,tissue_multiclass,logistic,False,blood,blood,7.67282070568425e-07,0.99697502785627,2.3876673593248243e-06,2.903654131547272e-06,1.0840202239577715e-05,5.6087659175440666e-08,3.674880249085664e-05,1.6587338904642965e-05,1.1278201326751629e-05,0.002943402907547737
GSM2132884,GSE80672,blood,control,86.914,tissue_multiclass,logistic,False,blood,blood,1.257718807900805e-07,0.9992625845598815,5.67028308530599e-07,7.6241952300179e-07,2.4254319040823424e-06,1.3033440582169902e-08,5.439358925183399e-06,6.237188837965915e-06,6.572486413299548e-06,0.0007152727208851214
GSM2132885,GSE80672,blood,control,86.914,tissue_multiclass,logistic,False,blood,blood,1.0808777641506828e-07,0.9994020505467692,5.046329371168013e-07,9.326035597559408e-07,1.316517258561392e-06,3.2715067489282756e-09,3.551382987688456e-06,7.82887752651798e-06,2.673431484396826e-05,0.0005569697648342004
GSM2132886,GSE80672,blood,control,86.914,tissue_multiclass,logistic,False,blood,blood,1.1175722510847581e-07,0.999549398680379,4.694352674888291e-07,8.386897556006403e-07,1.261418388710754e-06,2.9274565664345293e-09,3.7258975019474706e-06,7.873776049003585e-06,1.6821236251852375e-05,0.00041949618172452063
GSM2132887,GSE80672,blood,control,86.914,tissue_multiclass,logistic,False,blood,blood,1.8255855038313155e-07,0.9994560154995299,9.376702333664325e-07,6.168789179653049e-07,4.1196869482656e-06,5.112870581726516e-09,1.0502306128437878e-06,3.0540249942292754e-06,4.016945097054595e-06,0.0005300013922454344
GSM2132888,GSE80672,blood,control,86.914,tissue_multiclass,logistic,False,blood,blood,3.3573112063018805e-07,0.9982422276982295,2.7323826837434788e-06,3.1534619221367345e-06,9.105830566123695e-06,5.724690129602881e-08,3.5618102177928055e-05,5.514478288314083e-06,5.466081514869271e-06,0.001695788986595539
GSM2132889,GSE80672,blood,control,86.914,tissue_multiclass,logistic,False,blood,blood,4.9997957328184356e-08,0.9995994947213802,3.789146703245893e-07,5.530799442031302e-07,1.1483493658025801e-06,5.3137594415182255e-09,3.4121466513100016e-06,3.947879712000486e-06,3.735100870412589e-06,0.0003872744956889061
GSM2132890,GSE80672,blood,control,86.914,tissue_multiclass,logistic,False,blood,blood,5.766861918952085e-08,0.9996489947642914,4.230712709547854e-07,5.67429848005323e-07,1.7179721582137686e-06,3.1634880555618847e-09,1.315461803182477e-06,2.426201460609256e-06,2.756966307558419e-06,0.00034173730075290896
GSM2132891,GSE80672,blood,control,86.914,tissue_multiclass,logistic,False,blood,blood,1.1493307038050066e-07,0.999582710905459,6.57549597477247e-07,4.856468014854253e-07,2.673828735075298e-06,4.4781526423358584e-09,9.951351724235973e-07,4.191503279281914e-06,4.421297344587183e-06,0.00040374472238731494
GSM2132892,GSE80672,blood,control,86.914,tissue_multiclass,logistic,False,blood,blood,2.763096284737517e-08,0.9997753660274208,2.270470294162449e-07,4.4552057349430915e-07,1.1632438299915006e-06,2.4192744362970697e-09,6.54861624985628e-07,1.3046209354421031e-06,2.942615705760471e-06,0.00021786601264290885
GSM2132893,GSE80672,blood,control,95.606,tissue_multiclass,logistic,False,blood,blood,9.946670576511105e-08,0.9996826569133485,4.6857786372893364e-07,1.0266669191856527e-06,1.3607310316954676e-06,3.830594142275093e-09,4.821448476305971e-06,8.514291574116068e-06,2.5555677274607177e-05,0.00027549239621191284
GSM2132894,GSE80672,blood,control,95.606,tissue_multiclass,logistic,False,blood,blood,3.4655407313441315e-08,0.9998598371329329,4.306352434384145e-07,5.696598264861831e-07,2.0923121995048843e-06,4.172650434294333e-09,7.615455682679965e-07,8.678380385957152e-07,2.4690162139490782e-06,0.00013293303191919597
GSM2132895,GSE80672,blood,control,95.606,tissue_multiclass,logistic,False,blood,blood,2.20056615871343e-08,0.9998302849426594,1.8237129134269914e-07,2.616840564256717e-07,6.930504760989121e-07,3.0210365879531553e-09,1.8160285082110903e-06,2.309614571079064e-06,2.342392665987515e-06,0.0001620848890731434
GSM2132896,GSE80672,blood,control,95.606,tissue_multiclass,logistic,False,blood,blood,2.1459974133113123e-08,0.9998754804853712,2.3377556258079232e-07,2.2585487841772996e-07,8.271753881022129e-07,1.145310402931107e-09,4.839508621861095e-07,1.5959444477590025e-06,3.014407609524602e-06,0.00011811580059584011
GSM2132897,GSE80672,blood,control,95.606,tissue_multiclass,logistic,False,blood,blood,2.2206538149050289e-07,0.9994163931019672,9.594085419993731e-07,1.349558949084769e-06,3.257818308316458e-06,1.786394542073388e-08,2.3271487515165818e-05,7.527090226220631e-06,5.60365875840455e-06,0.0005413979464066423
GSM2132898,GSE80672,blood,control,95.606,tissue_multiclass,logistic,False,blood,blood,7.631216585650985e-08,0.9992802553653249,4.692896961450909e-07,5.621165357676901e-07,1.562039643387237e-06,6.959954294512756e-09,3.0128535067651483e-06,4.130908101430065e-06,4.625341524383002e-06,0.00070529881354716
GSM2132899,GSE80672,blood,control,95.606,tissue_multiclass,logistic,False,blood,blood,7.799911113789233e-08,0.9996051977418098,5.797895103249895e-07,3.825301912537476e-07,2.214328857840017e-06,2.8270492045409674e-09,7.310159760914501e-07,3.0372714586056516e-06,4.490375024370353e-06,0.0003832861210115971
GSM2132900,GSE80672,blood,control,95.606,tissue_multiclass,logistic,False,blood,blood,3.323016596542891e-08,0.9995763415116568,4.883660502619611e-07,2.726198274613243e-07,1.2612678653658764e-06,1.9425557571208722e-09,4.3284592655489844e-07,2.1011866772351374e-06,5.825901345229815e-06,0.00041324112792919605
GSM2132901,GSE80672,blood,control,95.606,tissue_multiclass,logistic,False,blood,blood,1.0435194790805787e-07,0.9992947483061627,7.093162682431124e-07,3.6900416634108334e-07,2.5215348843935775e-06,3.0897605485192285e-09,5.968338269624642e-07,3.0445072265582104e-06,4.094857754150781e-06,0.0006938081980022535
GSM2132902,GSE80672,blood,control,104.297,tissue_multiclass,logistic,False,blood,blood,6.920341963100897e-08,0.9995497204244342,4.339699444442446e-07,5.172552660107815e-07,1.8675686329828969e-06,1.1634480752321817e-08,3.0279015990808673e-06,1.3699700336900003e-06,2.0546218224125164e-06,0.00044092745036674767
GSM2132903,GSE80672,blood,control,104.297,tissue_multiclass,logistic,False,blood,blood,2.7530283736804192e-08,0.9998687631021739,2.2215863218629636e-07,3.580750747546217e-07,1.2329915910370952e-06,2.3852520657308875e-09,5.148720385403908e-07,1.0782653832608135e-06,2.1460177896636346e-06,0.00012565460178079745
GSM2132904,GSE80672,blood,control,104.297,tissue_multiclass,logistic,False,blood,blood,7.013001143347634e-08,0.9995603829439662,6.995584727398536e-07,6.212240877290089e-07,2.6534155571490036e-06,3.6254207156087434e-09,1.1673371834335575e-06,3.874833194438926e-06,4.130412571334344e-06,0.0004263965195349586
GSM2132905,GSE80672,blood,control,104.297,tissue_multiclass,logistic,False,blood,blood,3.5839765404544606e-07,0.9990368423387023,4.541459026381091e-06,4.988635759022019e-06,1.098417481381529e-05,1.1589065803888948e-07,2.470636985807486e-05,1.2224678066306357e-05,1.167551544843665e-05,0.0008935625400134339
GSM2132906,GSE80672,blood,control,104.297,tissue_multiclass,logistic,False,blood,blood,3.732108747036912e-08,0.9995850139146792,3.711795430368263e-07,4.991380879569595e-07,1.1403220401974023e-06,6.257779470568703e-09,3.349365251332265e-06,1.1807198932527396e-06,1.5926051490532135e-06,0.000406809176489083
GSM2132907,GSE80672,blood,control,104.297,tissue_multiclass,logistic,False,blood,blood,4.962547515888821e-08,0.9996594655903537,4.40503607660561e-07,6.061497126531808e-07,1.918526886424384e-06,3.1391157798876122e-09,1.1655208254359045e-06,1.5900489947595536e-06,3.7793425899681e-06,0.0003309815524382305
GSM2132908,GSE80672,blood,control,104.297,tissue_multiclass,logistic,False,blood,blood,3.296707920701328e-07,0.9990324163986749,7.440995745665044e-07,1.4968708965268188e-06,2.3570787151793684e-06,5.918850732481945e-09,4.819104876818992e-06,9.311143521900108e-06,1.9456505142904402e-05,0.0009290632089543918
GSM2132909,GSE80672,blood,control,104.297,tissue_multiclass,logistic,False,blood,blood,6.394574912581989e-08,0.9991431171791815,5.706317815348878e-07,7.894809917538006e-07,2.2624294420271233e-06,1.3380131047028813e-08,4.4788493399615575e-06,1.9659057030376414e-06,2.3560579327386174e-06,0.0008443821397473956
GSM2132910,GSE80672,blood,control,104.297,tissue_multiclass,logistic,False,blood,blood,6.735520887375834e-07,0.9960578009853038,2.6689946145098977e-06,4.112097702172097e-06,1.2492764299930824e-05,8.634721057834152e-08,4.62614928452349e-05,2.0291455134429137e-05,1.6335441842497992e-05,0.003839276868958081
GSM2132911,GSE80672,blood,control,112.989,tissue_multiclass,logistic,False,blood,blood,2.2059306866322476e-07,0.9986494324511452,1.024066647982109e-06,1.1421095552099442e-06,3.4162025712846587e-06,1.719576042362128e-08,6.5435350842538066e-06,6.956239132126306e-06,5.715891256074534e-06,0.0013255317157789264
GSM2132912,GSE80672,blood,control,112.989,tissue_multiclass,logistic,False,blood,blood,2.2852530408615276e-07,0.9992257012531586,9.029114662871345e-07,9.525122330021823e-07,3.671288172199058e-06,1.585687825150992e-08,7.205731906781186e-06,5.471649071772134e-06,4.43617715367396e-06,0.000751414094655197
GSM2132913,GSE80672,blood,control,112.989,tissue_multiclass,logistic,False,blood,blood,2.6895109787237934e-07,0.9990691677759627,9.155990364499193e-07,2.2241163959841077e-06,2.6751846304837936e-06,6.868176959179499e-09,1.0374228885188847e-05,1.7945942806609318e-05,2.6983191290483906e-05,0.0008694381417174152
GSM2132914,GSE80672,blood,control,112.989,tissue_multiclass,logistic,False,blood,blood,6.5639701736739e-08,0.9996290319233174,5.837489238482536e-07,7.750535143926603e-07,1.9762877009200026e-06,1.2770831471066855e-08,5.374809467547329e-06,1.4532317284267422e-06,2.9009221163951623e-06,0.00035782561269787793
GSM2132915,GSE80672,blood,control,112.989,tissue_multiclass,logistic,False,blood,blood,1.455341252345932e-07,0.999453388305662,7.969710085493125e-07,6.934163619456748e-07,3.991095825464444e-06,6.341028482046678e-09,1.5011366803128626e-06,4.683001116192742e-06,4.4138583315022956e-06,0.0005303803398603847
GSM2132916,GSE80672,blood,control,112.989,tissue_multiclass,logistic,False,blood,blood,2.8437938463706137e-07,0.9982945768761536,1.530996582256853e-06,1.6768453890533563e-06,4.72025388190347e-06,2.9860215342131096e-08,1.913991221448447e-05,1.4771856459790171e-05,1.1647871069067593e-05,0.0016516211486498078
GSM2132917,GSE80672,blood,control,112.989,tissue_multiclass,logistic,False,blood,blood,2.590559739485292e-07,0.9990980194470417,7.585577209244398e-07,1.79081824635081e-06,2.1068282170904602e-06,5.370490694575021e-09,6.727909218027155e-06,9.992431046351499e-06,2.6584510576846713e-05,0.0008537550714681185
GSM2132918,GSE80672,blood,control,112.989,tissue_multiclass,logistic,False,blood,blood,3.611193443869169e-08,0.999816353643708,3.3785145360360854e-07,5.11490141723046e-07,1.3833275848837189e-06,2.275510303465915e-09,8.566249761043375e-07,9.416915033076541e-07,2.565692169186808e-06,0.00017701129101827418
GSM2132919,GSE80672,blood,control,112.989,tissue_multiclass,logistic,False,blood,blood,3.5233812403737127e-07,0.9983599937181464,2.0304450497034523e-06,1.595526581636615e-06,9.068886420384256e-06,1.586009206285369e-08,3.316871083137913e-06,7.2935461304831975e-06,9.493325173116546e-06,0.0016068394831989627
GSM2132920,GSE80672,blood,control,112.989,tissue_multiclass,logistic,False,blood,blood,5.783393279478833e-09,0.9999792134171097,6.50189332189702e-08,1.2407624759959078e-07,2.520647326775161e-07,5.214400695681487e-10,2.0919907269259522e-07,4.97449642525695e-07,8.897552149856566e-07,1.8742714213488513e-05
GSM2132921,GSE80672,blood,control,121.68,tissue_multiclass,logistic,False,blood,blood,2.7086166028449297e-08,0.9998530138716883,3.114746493539497e-07,6.771753823158023e-07,7.803537596090864e-07,1.9198180197634474e-09,1.7876770260236944e-06,6.369848506773869e-06,2.248214305131016e-05,0.0001145484499519811
GSM2132922,GSE80672,blood,control,121.68,tissue_multiclass,logistic,False,blood,blood,9.871196054194428e-08,0.9995182584742686,6.37391737807889e-07,1.2103141501299657e-06,2.283835484083014e-06,1.642426260039858e-08,8.983135343782358e-06,1.666729926406705e-06,2.5693218183977907e-06,0.0004642756610474879
GSM2132923,GSE80672,blood,control,121.68,tissue_multiclass,logistic,False,blood,blood,2.5003237361163985e-07,0.9989154929169888,1.4017517536874776e-06,1.2296310160427217e-06,7.991392011719498e-06,1.320875787611956e-08,1.8369659098507642e-06,5.868511084107727e-06,8.727420134359446e-06,0.001057188169969778
GSM2132924,GSE80672,blood,control,121.68,tissue_multiclass,logistic,False,blood,blood,2.753928159025604e-07,0.9992721210931305,2.495102446025668e-06,2.5898956339112212e-06,9.299482212619389e-06,7.454936202950292e-08,2.3769198203291777e-05,3.5858562539294656e-06,3.7291774429124035e-06,0.0006820602524986854
GSM2132925,GSE80672,blood,control,121.68,tissue_multiclass,logistic,False,blood,blood,4.824247970899283e-07,0.9987008171161639,9.441897891392943e-07,1.6557164681978511e-06,3.103607909327086e-06,9.754250096710223e-09,6.339522276768594e-06,1.1000427199205659e-05,2.7546981468779374e-05,0.0012481002596776312
GSM2132926,GSE80672,blood,control,121.68,tissue_multiclass,logistic,False,blood,blood,3.0143795650706344e-07,0.9988523553836048,1.1393476441997728e-06,1.1831843373534914e-06,4.865996471454233e-06,2.298020605133706e-08,1.286100408367686e-05,8.838408779073732e-06,4.150512714456207e-06,0.0011142817442025613
GSM2132927,GSE80672,blood,control,121.68,tissue_multiclass,logistic,False,blood,blood,1.8234503758601105e-07,0.9994502408550229,1.0814329421168334e-06,2.0055109570503294e-06,5.169970964760476e-06,5.451930091133553e-08,2.0753641384426208e-05,6.750972543650737e-06,7.4226297307654695e-06,0.0005063381221158478
GSM2132928,GSE80672,blood,control,121.68,tissue_multiclass,logistic,False,blood,blood,9.134369830734358e-08,0.999351294080651,8.718862529327049e-07,1.3100393709117344e-06,3.232959126197946e-06,9.253949620129593e-09,2.6061249651736144e-06,3.022419112704056e-06,6.402668521438258e-06,0.0006311592243514683
GSM2132929,GSE80672,blood,control,121.68,tissue_multiclass,logistic,False,blood,blood,7.431470789931517e-08,0.9997514835004971,4.338135762783878e-07,5.31323594686679e-07,1.4871399730684908e-06,7.153160069841041e-09,3.832684133333134e-06,2.9014225045315214e-06,3.931869189911499e-06,0.00023531677866290256
GSM2132930,GSE80672,blood,control,130.371,tissue_multiclass,logistic,False,blood,blood,1.7399172454560557e-07,0.9998445048639781,5.172564241594032e-07,2.328937529776761e-06,2.2482768263764436e-06,5.816910294547231e-09,6.913059084291847e-06,7.0827968646272735e-06,2.0551259830716903e-05,0.00011567374082714471
GSM2132931,GSE80672,blood,control,130.371,tissue_multiclass,logistic,False,blood,blood,2.1060640577977852e-07,0.9993590882345079,1.3348634270535506e-06,1.2069411119703474e-06,6.120366758648433e-06,9.172566578591166e-09,2.2953584581857725e-06,5.412892531650403e-06,5.786244217456637e-06,0.0006185353200147618
GSM2132932,GSE80672,blood,control,130.371,tissue_multiclass,logistic,False,blood,blood,2.656851084583305e-08,0.99987352584205,2.677758746781759e-07,2.855072268767905e-07,1.2515342293151134e-06,1.6398686515686139e-09,6.052973988092367e-07,1.7571366976248576e-06,3.4444774869060767e-06,0.00011883422065614109
GSM2132933,GSE80672,blood,control,130.371,tissue_multiclass,logistic,False,blood,blood,6.842173511150865e-08,0.9993222043457699,8.171364447921954e-07,1.3117555526707694e-06,3.062654171119792e-06,8.203584751691597e-09,2.3201386344109022e-06,3.4560242309444134e-06,7.857623154306196e-06,0.0006588936967218108
GSM2132934,GSE80672,blood,control,130.371,tissue_multiclass,logistic,False,blood,blood,1.487268713133898e-07,0.9994271998049631,5.268585015112669e-07,7.367311622026966e-07,2.2065597480938642e-06,1.0877716363062844e-08,5.9148795047892425e-06,4.880674966937168e-06,3.5190460799117036e-06,0.0005548558404857677
GSM2132935,GSE80672,blood,control,130.371,tissue_multiclass,logistic,False,blood,blood,5.465000454067466e-07,0.9991167850301551,1.83528596795579e-06,3.907029609961086e-06,5.465993835389577e-06,1.8619443174774107e-08,1.6787481464825857e-05,2.945842973094673e-05,4.247479747097323e-05,0.0007827208322760956
GSM2132936,GSE80672,blood,control,130.371,tissue_multiclass,logistic,False,blood,blood,3.659408455523516e-07,0.9995859784759709,7.908255616034858e-07,1.598527542243578e-06,2.6866043367919634e-06,7.613044757717468e-09,7.233253925760092e-06,1.0915010163115024e-05,1.3179359119963808e-05,0.00037724438948929503
GSM2132937,GSE80672,blood,control,130.371,tissue_multiclass,logistic,False,blood,blood,7.947277750210814e-09,0.9999561931053448,1.0594578484572832e-07,1.9629793549776776e-07,3.267016201789267e-07,1.7081045656375173e-09,1.5393732994758062e-06,5.066257395248695e-07,1.1135467543042398e-06,4.000874813904423e-05
GSM2132938,GSE80672,blood,control,130.371,tissue_multiclass,logistic,False,blood,blood,2.7113206469857513e-08,0.9997939042375249,2.6901983738201144e-07,4.1558084215943013e-07,9.659298402028396e-07,5.085286203312826e-09,3.3433825343643584e-06,1.1607323163979391e-06,1.6590585473701477e-06,0.00019824986006483308
GSM2132939,GSE80672,blood,control,139.063,tissue_multiclass,logistic,False,blood,blood,5.672568242812987e-06,0.9877962016402426,1.8296074694447044e-05,4.017265445802906e-05,3.7039957430207085e-05,2.0004266654912748e-07,0.0002859590768981902,5.493438204069715e-05,0.00010172318972566677,0.011659800413600688
GSM2132940,GSE80672,blood,control,139.063,tissue_multiclass,logistic,False,blood,blood,9.174111977507428e-08,0.9993368717038713,9.80246701132193e-07,1.5955561661262376e-06,4.00735946155875e-06,1.544138955019355e-08,2.9563943694465774e-06,3.883936283542276e-06,1.1571943148177722e-05,0.0006380256774894729
GSM2132941,GSE80672,blood,control,139.063,tissue_multiclass,logistic,False,blood,blood,2.9668658192719816e-06,0.9843997698599395,2.731752875815179e-05,5.030329576921598e-05,8.200161576691146e-05,7.120711975468493e-07,0.00014926162882344832,4.245840701482477e-05,5.867824077712274e-05,0.015186530486134161
GSM2132942,GSE80672,blood,control,139.063,tissue_multiclass,logistic,False,blood,blood,5.4232458402155096e-08,0.9995940914802267,4.975416993309301e-07,8.626026683020895e-07,1.8906971452272758e-06,1.4900928870826069e-08,6.226696804848712e-06,1.6440629552515879e-06,3.193923579882586e-06,0.0003915238615333505
GSM2132943,GSE80672,blood,control,139.063,tissue_multiclass,logistic,False,blood,blood,5.63668676869755e-06,0.9949346792559308,1.3727574829898029e-05,3.437729331918368e-05,5.092048031333416e-05,1.7980522205687254e-07,0.00019717833250273544,6.581590311190705e-05,5.910214449811606e-05,0.0046383825235031505
GSM2132944,GSE80672,blood,control,139.063,tissue_multiclass,logistic,False,blood,blood,2.630902859543741e-07,0.9988466553072808,1.4387375268197617e-06,1.854336995015931e-06,5.741999289335437e-06,3.519514295773398e-08,2.180419032200899e-05,1.0287427474058096e-05,1.137262964693033e-05,0.0011005470860362089
GSM2132945,GSE80672,blood,control,139.063,tissue_multiclass,logistic,False,blood,blood,4.426664440180697e-08,0.999636891392059,4.5808616348474764e-07,7.227202384033171e-07,1.7282085868876717e-06,3.7667328968165615e-09,1.1643173164923237e-06,1.755386462809045e-06,4.8056747579594675e-06,0.00035242618103741344
GSM2132946,GSE80672,blood,control,147.754,tissue_multiclass,logistic,False,blood,blood,2.5029695436325504e-06,0.9932593196071855,1.976814373458413e-05,1.2120614397358779e-05,6.542261985902012e-05,1.7555013577616498e-07,4.306705473633523e-05,3.131811783318328e-05,1.6310234426197954e-05,0.006549995088148417
GSM2132947,GSE80672,blood,control,147.754,tissue_multiclass,logistic,False,blood,blood,1.7014250068642686e-08,0.9999251414327051,1.8373621514365894e-07,3.5922583937776686e-07,5.997690883650306e-07,3.897029982727408e-09,2.0030310855431613e-06,9.196616626144668e-07,1.5413969006958737e-06,6.92308352231182e-05
GSM2132948,GSE80672,blood,control,147.754,tissue_multiclass,logistic,False,blood,blood,2.6139694903349322e-08,0.9999269148234955,1.4923917622208625e-07,3.092729711296353e-07,7.811583017198051e-07,3.988771040930751e-09,1.8151525398861268e-06,1.4173272293323266e-06,1.876307572311958e-06,6.670659024790532e-05
GSM2132949,GSE80672,blood,control,147.754,tissue_multiclass,logistic,False,blood,blood,1.8618724203959268e-08,0.9998695923367442,2.786465224786083e-07,3.733568010699725e-07,7.5140844296288e-07,5.483009925360671e-09,2.542318831411088e-06,1.0408675353316538e-06,2.3333616316282496e-06,0.0001230636017567757
GSM2132950,GSE80672,blood,control,147.754,tissue_multiclass,logistic,False,blood,blood,1.2403027215460628e-08,0.9999487290667974,1.4466140591588467e-07,3.0709681070722747e-07,5.994722334946266e-07,2.775514905589587e-09,2.70069258317981e-06,5.298171138957939e-07,1.4086950376751842e-06,4.5565319475637725e-05
GSM2132951,GSE80672,blood,control,147.754,tissue_multiclass,logistic,False,blood,blood,1.1123096439637556e-05,0.9970758621226762,1.5951112323327153e-05,2.046434893068175e-05,0.0002650007123726389,5.630288492809352e-07,3.6883088228860774e-05,1.0937470143513883e-05,8.472355934740779e-06,0.0025547426641012554
GSM2132952,GSE80672,blood,control,147.754,tissue_multiclass,logistic,False,blood,blood,1.0856260690323631e-07,0.9997072708484799,1.2196117363846192e-06,6.033479119555298e-06,4.482442044918217e-06,2.003430101732169e-08,4.483586201899677e-05,2.8579518812694756e-05,7.81149258841881e-05,0.00012933471499556177
GSM2132953,GSE80672,blood,control,147.754,tissue_multiclass,logistic,False,blood,blood,1.0042309896970502e-06,0.9989268951720308,8.065850214270758e-06,1.1596553640007034e-05,3.5796357698889674e-05,1.566977412252064e-07,8.759916598981613e-05,1.8956978544525672e-05,2.9464823717994666e-05,0.0008804641694325607
GSM2132954,GSE80672,blood,control,147.754,tissue_multiclass,logistic,False,blood,blood,1.4812174737237732e-05,0.9861023465266838,5.326106017667423e-05,8.352729952114908e-05,0.00018501101221638145,2.903703496428059e-06,0.00225740618230754,0.0001935569347494149,0.00010395083201890602,0.011003224274092558
GSM2132955,GSE80672,blood,control,152.1,tissue_multiclass,logistic,False,blood,blood,2.5771496489602397e-08,0.9998527584902911,2.6998054289781537e-07,5.062176928937211e-07,8.457752406203889e-07,4.395538170462637e-09,3.6611560889241194e-06,9.257721847278723e-07,1.7973797270786514e-06,0.00013920506119743714
GSM2132956,GSE80672,blood,control,152.1,tissue_multiclass,logistic,False,blood,blood,6.746748954059235e-08,0.9998869561609409,6.097197486218118e-07,5.624050745239075e-07,2.5230273549134303e-06,5.305095680130353e-09,2.2287401826035616e-06,4.962130694340226e-06,3.967698842055446e-06,9.81173445767208e-05
GSM2132957,GSE80672,blood,control,152.1,tissue_multiclass,logistic,False,blood,blood,3.0153785739717284e-07,0.9994928825496066,3.3732359679865095e-06,6.224223181678813e-06,1.0702657310750038e-05,1.0283804624608006e-07,0.00012524984598564874,8.360097331342284e-06,1.1562882297353626e-05,0.0003412401324150521
GSM2132958,GSE80672,blood,control,152.1,tissue_multiclass,logistic,False,blood,blood,2.8359057144638437e-07,0.9991616338896017,1.438911267127095e-06,2.520696524820554e-06,6.365605975852166e-06,5.1590318366206816e-08,2.6973085368436564e-05,8.029470685734728e-06,1.1587108421412444e-05,0.0007811160512653909
GSM2132959,GSE80672,blood,control,152.1,tissue_multiclass,logistic,False,blood,blood,7.146750616118229e-06,0.9801038611437615,4.6402119751847775e-05,3.495884637872419e-05,0.00023201444449892194,1.0460446046196108e-06,7.18313722446937e-05,5.712726097377781e-05,6.883672302004625e-05,0.019376775294149974
GSM2132960,GSE80672,blood,control,152.1,tissue_multiclass,logistic,False,blood,blood,1.2145532694501796e-06,0.9920039778999646,1.8205646484602348e-05,7.958959521903491e-06,7.784319843516288e-05,5.423596613422189e-07,1.1522098616983092e-05,4.705051225047707e-05,0.00010385573173681276,0.007727829040058695
GSM2465615,GSE93957,brain_cortex,control,41.0,tissue_multiclass,logistic,False,brain_cortex,brain_cortex,8.028904473623983e-06,1.2858828667232043e-06,0.9995107945972451,0.00019593860999851965,2.6290691150948082e-05,5.3491939242375275e-05,8.950011422010079e-06,5.729302997119008e-05,0.00012805708902514915,9.869244604202273e-06
GSM2465616,GSE93957,heart,control,41.0,tissue_multiclass,logistic,False,heart,heart,0.0001378665513040883,4.487589603841289e-07,0.0002528811551285712,0.9978593773710183,1.4547560079785255e-05,1.3820348211500205e-05,0.0002961001391979049,0.00101467926256637,0.00029746414928529143,0.00011281470424760878
GSM2465617,GSE93957,liver,control,41.0,tissue_multiclass,logistic,False,liver,liver,1.3778907495981528e-06,2.6222238297965794e-06,9.925625243601013e-06,7.500754351574143e-05,3.823645856400019e-05,2.2623692711953e-06,0.9998682459765158,1.9712200390965777e-06,2.1012571228660993e-07,1.4056655887821356e-07
GSM2465618,GSE93957,lung,control,41.0,tissue_multiclass,logistic,False,lung,lung,0.0002674333475975442,1.926028993124702e-05,0.0004532016984471228,0.0013159689331081355,9.193716156986809e-05,0.0001561165579032821,0.0005217466672641205,0.9965597510524041,0.00025652391796708563,0.000358060373807199
GSM2465619,GSE93957,brain_cortex,control,41.0,tissue_multiclass,logistic,False,brain_cortex,brain_cortex,2.9667650006084723e-05,1.9849369173450383e-06,0.999169830901357,0.00032882692813394584,6.574285653210449e-05,9.341842480304775e-05,2.456819702126213e-05,0.00019135647761293827,6.0931370049874644e-05,3.367225756645805e-05
GSM2465620,GSE93957,heart,control,41.0,tissue_multiclass,logistic,False,heart,heart,0.00012943011587367915,3.9368337767977484e-07,0.0002545627897905868,0.9986300133757631,1.1419421038234471e-05,1.1228812279900463e-05,0.0002189151050006987,0.0005027224324572862,0.00016370366990851282,7.761059451052073e-05
GSM2465621,GSE93957,liver,control,41.0,tissue_multiclass,logistic,False,liver,liver,1.0407148914090993e-06,1.4650357539872287e-06,7.5360852259845375e-06,0.00010574630932060338,3.180708736204392e-05,2.724920726123189e-06,0.999845700541558,3.5301660395356393e-06,2.8234904324858263e-07,1.667900790560198e-07
GSM2465622,GSE93957,lung,control,41.0,tissue_multiclass,logistic,False,lung,lung,0.00027131426724338875,2.5278236437965317e-05,0.0006790240310306857,0.0026309796956887756,0.00020482583712780144,0.0002474162274801642,0.0008897575363098226,0.9945002588116164,0.00034418585813878323,0.00020695949892642323
GSM2465623,GSE93957,brain_cortex,control,41.0,tissue_multiclass,logistic,False,brain_cortex,brain_cortex,1.896724896039412e-05,2.2969027532672225e-06,0.9994311693203207,0.00025245231069192023,2.5678717498143656e-05,5.526050353725547e-05,2.8103062121000982e-05,8.515202096254591e-05,9.499913882442796e-05,5.920774330226534e-06
GSM2465624,GSE93957,heart,control,41.0,tissue_multiclass,logistic,False,heart,heart,4.942903759359947e-05,1.972440195724366e-07,0.00018921301383417955,0.9988575179015897,7.738919840185203e-06,8.10765721915567e-06,0.00019891957655959503,0.0004497576711901721,0.00016713657527316,7.198240288066713e-05
GSM2465625,GSE93957,liver,control,41.0,tissue_multiclass,logistic,False,liver,liver,1.7512223556858408e-06,8.617772659257083e-07,8.444521971190653e-06,5.82267933425987e-05,1.8295944005246735e-05,1.484348953739661e-06,0.9999073472719927,3.2432513264754847e-06,1.4968965104566716e-07,1.9517913524152394e-07
GSM2465626,GSE93957,lung,control,41.0,tissue_multiclass,logistic,False,lung,lung,0.00010354763968001197,1.2245397146991672e-05,0.0003194683596358414,0.001040215814156145,6.771329244318274e-05,0.0001158576912577635,0.00040586293430000536,0.9974682993777109,0.00030963314299247075,0.00015715635067659875
GSM2465627,GSE93957,brain_cortex,control,41.0,tissue_multiclass,logistic,False,brain_cortex,brain_cortex,7.431267685496914e-06,1.2880985493559905e-06,0.9992089654585177,0.00035291528466187283,1.7938018437017887e-05,7.252853025030304e-05,1.792802295333201e-05,0.00016861656432695549,0.00013880877533953338,1.3579979278441317e-05
GSM2465628,GSE93957,heart,control,41.0,tissue_multiclass,logistic,False,heart,heart,5.6845157529440144e-05,3.248701388959476e-07,0.00028394365173946685,0.998176026773106,1.2177389046317836e-05,1.733588454142441e-05,0.00024392008417940648,0.000765714327100938,0.0003362289073036398,0.00010748295531433732
GSM2465629,GSE93957,liver,control,41.0,tissue_multiclass,logistic,False,liver,liver,3.2135136941678744e-05,4.311034799548356e-05,9.912333362835828e-05,0.0008606588156250079,0.0002528341493999233,2.596107259827438e-05,0.9985383881669719,0.00013189948174453133,8.63590280062525e-06,7.253592294102571e-06
GSM2465630,GSE93957,lung,control,41.0,tissue_multiclass,logistic,False,lung,lung,8.735710572055599e-05,8.660212608614376e-06,0.00048584887119169093,0.0019082924371071582,0.00011690263445642753,0.0001874893829724821,0.0005079763237603047,0.9958659700710181,0.000599503296810939,0.0002319996643535085
GSM2465631,GSE93957,brain_cortex,control,27.0,tissue_multiclass,logistic,False,brain_cortex,brain_cortex,1.2988339395317118e-05,9.867786780265705e-07,0.9993380186504028,0.0002657129144586343,2.2699119772503924e-05,5.6761279111336176e-05,2.221394638553553e-05,0.00020644872572203073,5.220726962105104e-05,2.196297645239596e-05
GSM2465632,GSE93957,heart,control,27.0,tissue_multiclass,logistic,False,heart,heart,0.00017911781759467478,1.4168594741730358e-06,0.00041189885648701196,0.9970685722268855,5.4786495274053825e-05,2.1711256172466726e-05,0.0003700474999423767,0.0007786891460394844,0.0009632797547758052,0.00015048008735451157
GSM2465633,GSE93957,liver,control,27.0,tissue_multiclass,logistic,False,liver,liver,1.2886297899352904e-06,1.576822529264687e-06,1.0547840291472567e-05,9.426435279563921e-05,1.7039844718012017e-05,1.1764009754340213e-06,0.9998726608856611,1.0999914927062308e-06,1.9862890901395358e-07,1.4660283743139324e-07
GSM2465634,GSE93957,lung,control,27.0,tissue_multiclass,logistic,False,lung,lung,0.00011686316614723324,4.3460524700223705e-06,0.00027246034680643077,0.0007565280257564823,4.9444318298907295e-05,9.827286716359872e-05,0.0001606494478274596,0.9982555640671285,0.00018988922347727108,9.598248492425397e-05
GSM2465635,GSE93957,brain_cortex,control,27.0,tissue_multiclass,logistic,False,brain_cortex,brain_cortex,6.441619749683913e-06,3.8087053785264728e-06,0.9990729945427392,0.0004274858612294133,4.9353807379373915e-05,0.00011037269689392707,1.649847043185895e-05,8.622501333000914e-05,0.00022060872152437422,6.210561343422752e-06
GSM2465636,GSE93957,heart,control,27.0,tissue_multiclass,logistic,False,heart,heart,0.0001125607283267869,5.982824097230592e-07,0.00019892862677549537,0.9983126192839091,1.2310960943624998e-05,1.2066020952829576e-05,0.0003041554331223206,0.0007001031479651432,0.00024388387694708843,0.00010277363864797961
GSM2465637,GSE93957,liver,control,27.0,tissue_multiclass,logistic,False,liver,liver,2.071593394699875e-06,3.103901590429522e-06,1.427569954034645e-05,6.40687326795617e-05,2.925365029546143e-05,2.248345648447621e-06,0.9998799772566753,3.474193420773244e-06,8.536596632089119e-07,6.729670917146382e-07
GSM2465638,GSE93957,lung,control,27.0,tissue_multiclass,logistic,False,lung,lung,0.00021763310621580032,7.826018971694547e-05,0.0008311290034025521,0.001608957485113967,0.00027133812326159904,0.0002516872598448197,0.0009402469300950307,0.9947275217744111,0.0007428597411934271,0.000330366386744858
GSM2465639,GSE93957,brain_cortex,control,27.0,tissue_multiclass,logistic,False,brain_cortex,brain_cortex,2.52295752299232e-05,2.629495492633282e-06,0.9993981367177088,0.00030488917740161757,3.408549088820366e-05,6.375696856040337e-05,4.317695524823247e-05,7.478857846236593e-05,4.4495500387200086e-05,8.811540620601906e-06
GSM2465640,GSE93957,heart,control,27.0,tissue_multiclass,logistic,False,heart,heart,8.708845081553168e-05,6.768690280334206e-07,0.0001971458040609535,0.998748839069079,2.472423407092793e-05,9.932002960921636e-06,0.00026499459199965167,0.0003885908544419162,0.0002277490197911988,5.02591037519424e-05
GSM2465641,GSE93957,liver,control,27.0,tissue_multiclass,logistic,False,liver,liver,4.7330212376851574e-06,1.5563653607804294e-06,9.962357228024216e-06,0.0001586277005047422,3.646360822631098e-05,3.646433687178485e-06,0.9997802586728497,4.227712666683787e-06,2.6182847158400356e-07,2.62299766959733e-07
GSM2465642,GSE93957,lung,control,27.0,tissue_multiclass,logistic,False,lung,lung,9.579584188888501e-05,6.498046402244547e-06,0.0003501662267925253,0.0011463589190027128,5.899459231187522e-05,0.00011363059151161684,0.00029088466969409395,0.9975025623627287,0.0002976330711582104,0.00013747567850906807
GSM2465643,GSE93957,brain_cortex,control,27.0,tissue_multiclass,logistic,False,brain_cortex,brain_cortex,1.1153161187219872e-05,8.72705111343168e-07,0.9995294439123353,0.00023351690687359924,3.060014397047973e-05,4.254650969741959e-05,1.3042315673267296e-05,5.062231135171308e-05,5.798489129659178e-05,3.0217142503015592e-05
GSM2465644,GSE93957,heart,control,27.0,tissue_multiclass,logistic,False,heart,heart,5.900710777081036e-05,5.174935257652058e-07,0.00025512433374424683,0.9982783381973928,1.8775229526763514e-05,1.0126541334234807e-05,0.00037268463484423515,0.0005120842109468396,0.0003905334067442905,0.0001028088441700609
GSM2465645,GSE93957,liver,control,27.0,tissue_multiclass,logistic,False,liver,liver,4.1263564117895156e-06,2.3542351770283035e-06,2.9269844336237503e-05,0.00016295058675476332,3.9488693633017694e-05,6.390562562166564e-06,0.9997480328057358,5.8600029699019544e-06,5.061511787323802e-07,1.0207612408174614e-06
GSM2465646,GSE93957,lung,control,27.0,tissue_multiclass,logistic,False,lung,lung,6.887527129444811e-05,9.600675184972715e-06,0.0003598208690370549,0.001423830435556334,8.152719645139333e-05,0.00014682838694616684,0.0005463275757751618,0.9965634048187697,0.0006877191685575339,0.00011206560242738489
GSM2465647,GSE93957,brain_cortex,control,1.0,tissue_multiclass,logistic,False,brain_cortex,brain_cortex,9.152120276020678e-06,1.206183599825819e-06,0.9988557638058709,0.00011482327855648304,1.1717395187939803e-05,9.277002216532351e-05,8.9401669375253e-06,0.00021240538746478417,0.0006851088600381519,8.112779902826088e-06
GSM2465648,GSE93957,heart,control,1.0,tissue_multiclass,logistic,False,heart,heart,8.596460670617716e-06,3.3836521680296324e-07,0.000703007156076112,0.9970820091106177,1.695243047338363e-05,1.4110182400667833e-05,0.0009131483235989402,0.0005051581604529686,0.0006811412482595847,7.553856223304081e-05
GSM2465649,GSE93957,liver,control,1.0,tissue_multiclass,logistic,False,liver,liver,0.00017855921593948616,0.03157803961401332,0.003398816493594644,0.025307993363672534,0.002233309803628529,0.0002964097117816923,0.913744990722285,0.010911899778269347,0.005428168900880673,0.0069218123959347705
GSM2465650,GSE93957,lung,control,1.0,tissue_multiclass,logistic,False,lung,lung,2.2976132581392183e-05,6.001383825956465e-06,0.0007198035181635074,0.0004685776666497909,3.447683931056045e-05,0.00022227673957890163,0.0001986421567618049,0.99710843090129,0.0011962085379472838,2.2606123890624898e-05
GSM2465651,GSE93957,brain_cortex,control,1.0,tissue_multiclass,logistic,False,brain_cortex,brain_cortex,1.0162417583243324e-05,8.776005644278441e-07,0.998902370573089,0.0001499985219030053,1.2512777946461871e-05,8.172890405243189e-05,1.510420840036496e-05,0.0003065369668733808,0.0005085883474024363,1.2119682185196613e-05
GSM2465652,GSE93957,liver,control,1.0,tissue_multiclass,logistic,False,liver,liver,8.141906747504888e-05,0.013010809593981612,0.0037246417233429627,0.018425847088445548,0.002074004224506959,0.00022042937450278874,0.9364412075074073,0.013309706528776484,0.0033319791126667805,0.009379955778894397
GSM2465653,GSE93957,lung,control,1.0,tissue_multiclass,logistic,False,lung,lung,5.411161198163423e-05,1.7530222173005264e-05,0.0014171999573935285,0.000860328460476219,0.0001253295355565168,0.000571841812406078,0.000514375725073789,0.9953071045561643,0.0010279842378499394,0.00010419388092508786
GSM2465654,GSE93957,brain_cortex,control,1.0,tissue_multiclass,logistic,False,brain_cortex,brain_cortex,4.653304317207673e-06,1.6477008888731817e-06,0.9990814833175087,0.00010104875475467282,1.3170902656767865e-05,9.470767040851321e-05,1.3249216958578046e-05,0.0002362999053277502,0.0004480415000280982,5.697727150857366e-06
GSM2465655,GSE93957,heart,control,1.0,tissue_multiclass,logistic,False,heart,heart,2.8298055872389752e-05,6.954820526530039e-07,0.0008992075012130279,0.9955784930310091,1.6095304059812936e-05,3.202064476928495e-05,0.0011424902057011962,0.001530296793672171,0.0006460047341357085,0.00012639824751462466
GSM2465656,GSE93957,lung,control,1.0,tissue_multiclass,logistic,False,lung,lung,0.00014176882777876764,8.017305601177784e-06,0.00160441575248302,0.001505489956990176,6.439108742243478e-05,0.0004478254592570986,0.0002914698686685215,0.994826467580332,0.0010329126969098757,7.72414645567745e-05
GSM2465657,GSE93957,brain_cortex,control,14.0,tissue_multiclass,logistic,False,brain_cortex,brain_cortex,1.4712156012723601e-05,7.455809161361364e-07,0.9994004740379459,0.00029466364006934087,2.9276657896170358e-05,6.380389355843592e-05,1.3889378065463342e-05,8.60708171020148e-05,6.86283289266564e-05,2.7735509507055932e-05
GSM2465658,GSE93957,heart,control,14.0,tissue_multiclass,logistic,False,heart,heart,4.8609771867466523e-05,3.8596548896142533e-07,0.00023237049655718786,0.9988156058484212,1.725322915906747e-05,8.872115392212367e-06,0.00021197010563804184,0.0003371111253633371,0.00027203010397974504,5.579123813282928e-05
GSM2465659,GSE93957,liver,control,14.0,tissue_multiclass,logistic,False,liver,liver,8.968202328653689e-07,9.90400055865225e-07,1.005473204540896e-05,0.00013478717033540605,2.875539844112851e-05,3.214644419601059e-06,0.9998175881130572,3.132426748808848e-06,3.7181534074675614e-07,2.084793229018392e-07
GSM2465660,GSE93957,lung,control,14.0,tissue_multiclass,logistic,False,lung,lung,7.918742394075011e-05,4.3197437167190176e-06,0.0002428296933775624,0.0006915154604291078,3.754161913066506e-05,0.00012243962533754662,0.00032050445761544846,0.9980906512107058,0.0003200897775558692,9.092098819015327e-05
GSM2465661,GSE93957,brain_cortex,control,14.0,tissue_multiclass,logistic,False,brain_cortex,brain_cortex,2.875914018794901e-06,1.1455019313653437e-06,0.9994940134931962,0.00019732101815387573,1.5031939235907338e-05,4.469679570701039e-05,1.1304881530469688e-05,8.02386505758758e-05,0.00014595967495741063,7.41213069314798e-06
GSM2465662,GSE93957,heart,control,14.0,tissue_multiclass,logistic,False,heart,heart,9.405023460013436e-05,4.2990431674520904e-07,0.000312362815191073,0.9983083256325626,1.8566431636738984e-05,1.3126191740985813e-05,0.00024619049256784445,0.0004478970294024645,0.00045664360665834277,0.00010240766132328836
GSM2465663,GSE93957,liver,control,14.0,tissue_multiclass,logistic,False,liver,liver,2.2257699726162155e-06,9.003126948091123e-07,1.3952427799483673e-05,5.98474843884945e-05,2.796961622799313e-05,2.6711505485599567e-06,0.9998831478574213,8.164303578701711e-06,3.861315940186562e-07,7.349457739448539e-07
GSM2465664,GSE93957,lung,control,14.0,tissue_multiclass,logistic,False,lung,lung,9.889420803128148e-05,9.332321765048736e-06,0.0005702391993731531,0.0012878515406003922,0.00013499694001318585,0.00021070405070509052,0.0004471565931678654,0.99693764687925,0.00018671257141185098,0.00011646569568186389
GSM2465665,GSE93957,brain_cortex,control,1.0,tissue_multiclass,logistic,False,brain_cortex,brain_cortex,2.964188537541082e-06,7.152428345955035e-07,0.9993151327015894,8.4770576690427e-05,9.653828583951467e-06,7.324158368642317e-05,9.147567825403226e-06,0.00012063156643118279,0.00037772529652795934,6.017447292932467e-06
GSM2465666,GSE93957,heart,control,1.0,tissue_multiclass,logistic,False,heart,heart,9.50306243230038e-06,1.1890295845698358e-06,0.0006169573637597951,0.9976321813369246,2.7005569814894972e-05,2.651945573219811e-05,0.000473873697142482,0.000547890881217229,0.0006263464995995385,3.853310379267427e-05
GSM2465667,GSE93957,liver,control,1.0,tissue_multiclass,logistic,False,liver,liver,8.898722889770146e-05,0.005194175855353314,0.0032422020770048617,0.018909897415294846,0.0014258680783618316,0.00024527660536405625,0.9467147437298162,0.01272203205375235,0.002497813441620501,0.008959003514534169
GSM2465668,GSE93957,lung,control,1.0,tissue_multiclass,logistic,False,lung,lung,2.355893097139151e-05,6.9812362319088375e-06,0.0012738665108817952,0.0008399470473129927,2.8620219387209897e-05,0.0003389707895575752,0.0005042761114317357,0.9959121648244934,0.0010444017957794436,2.7212533952696192e-05
GSM2465669,GSE93957,brain_cortex,control,27.0,tissue_multiclass,logistic,False,brain_cortex,brain_cortex,1.5935656011850408e-05,1.1574683728739158e-06,0.9994873576687865,0.00021236200355922427,2.8428197533772925e-05,4.0101693749901785e-05,1.7786929091804755e-05,9.038460138715288e-05,8.586656994180761e-05,2.0619211564907795e-05
GSM2465670,GSE93957,heart,control,27.0,tissue_multiclass,logistic,False,heart,heart,8.772317323404099e-05,6.708196358951019e-07,0.0005395689821477939,0.9966187102591975,3.798597304558661e-05,2.081977729762261e-05,0.00042241851374868485,0.001206353637066247,0.000869829526004914,0.00019591933862164577
GSM2465671,GSE93957,liver,control,27.0,tissue_multiclass,logistic,False,liver,liver,8.883369484751404e-07,1.5554740073045465e-06,5.839046901859904e-06,3.384777102999587e-05,1.0084254831117874e-05,1.4685005909729232e-06,0.9999386541839602,7.5266975508637e-06,9.238741600541018e-08,4.3346763306753873e-08
GSM2465672,GSE93957,lung,control,27.0,tissue_multiclass,logistic,False,lung,lung,7.298188833348115e-05,8.529568962252753e-06,0.0002993685243896096,0.0012149413787043762,5.7758192488069725e-05,0.00013573972628847978,0.0003784505292940727,0.9973408618152251,0.00040551999885506004,8.584837745976561e-05
GSM2465673,GSE93957,brain_cortex,control,14.0,tissue_multiclass,logistic,False,brain_cortex,brain_cortex,2.353353496082047e-05,2.084248933764828e-06,0.9993003198535582,0.0003045529735367621,3.159348562943055e-05,8.807162495891519e-05,4.07353278419009e-05,0.00012530070731350224,7.231786157150275e-05,1.1490381695128776e-05
GSM2465674,GSE93957,heart,control,14.0,tissue_multiclass,logistic,False,heart,heart,0.0001642784217003232,6.633015168396221e-07,0.0004251002918290505,0.9980420822244825,2.4079147376288637e-05,1.6788311146571865e-05,0.00020419107950380742,0.0006526213360676651,0.00039705493421586687,7.31409521609913e-05
GSM2465675,GSE93957,liver,control,14.0,tissue_multiclass,logistic,False,liver,liver,3.5514057292664697e-06,1.5869251441736057e-06,1.1991557260100807e-05,7.241153612614009e-05,3.324680844252213e-05,1.6367018903774942e-06,0.999870622056872,4.341968811836578e-06,5.52654255752045e-07,5.838546785948808e-08
GSM2465676,GSE93957,lung,control,14.0,tissue_multiclass,logistic,False,lung,lung,7.187012426393767e-05,3.5653592573022346e-06,0.00033879405814452225,0.0006709830460235484,3.55977748139149e-05,0.00011142116050954358,0.0003229485820326602,0.9982184726278927,0.00015528319842898644,7.106406863288203e-05
GSM3426754,GSE121141,brain_cortex,control,26.074,tissue_multiclass,logistic,False,brain_cortex,brain_cortex,2.2700127593062444e-05,6.859155873572175e-07,0.9990557025046183,0.0005610751846635056,1.7352981867790668e-05,7.084695181712752e-05,2.316597692632905e-06,3.013102748588438e-05,0.00023520426066879488,3.984448005490463e-06
GSM3426755,GSE121141,brain_cortex,control,26.074,tissue_multiclass,logistic,False,brain_cortex,brain_cortex,1.1706503548437349e-05,5.907701623475356e-08,0.9995728859137597,0.00017512303911961904,1.1017229918090615e-05,3.1804894476750585e-05,1.7023225113838703e-06,0.00016817077745572782,1.58331995769607e-05,1.1697042617003025e-05
GSM3426756,GSE121141,brain_cortex,control,26.074,tissue_multiclass,logistic,False,brain_cortex,brain_cortex,4.260649607796022e-06,5.277069985598146e-07,0.9995014242841579,0.00025414274435574626,1.980634079013719e-05,6.350391184735112e-05,4.72052825250395e-06,8.006332806326859e-05,6.857092615178008e-05,2.9795797749015585e-06
GSM3426757,GSE121141,brain_cortex,control,26.074,tissue_multiclass,logistic,False,brain_cortex,brain_cortex,9.163415827518105e-06,9.785650749248314e-08,0.9997794824448768,0.00010939053362601825,1.395604331290673e-05,2.8992807253230502e-05,2.0716049427848947e-06,3.1625072612601576e-05,2.051576883869295e-05,4.704452201913814e-06
GSM3426758,GSE121141,brain_cortex,control,26.074,tissue_multiclass,logistic,False,brain_cortex,brain_cortex,1.1382585561374908e-05,2.1657088392328917e-07,0.9998228920854795,8.648907008074515e-05,1.4592453232466657e-05,2.829489964497783e-05,7.259757548938697e-06,1.8695168622994616e-05,8.074044351653254e-06,2.103364593426633e-06
GSM3426759,GSE121141,brain_cortex,control,52.149,tissue_multiclass,logistic,False,brain_cortex,brain_cortex,1.4206910484599404e-05,1.4253715903588187e-07,0.9996929984105777,0.00017149850379160155,1.168886608815419e-05,2.8845996518624718e-05,4.99680310555135e-06,5.1329881028701514e-05,2.1354295241164523e-05,2.937796004708446e-06
GSM3426760,GSE121141,brain_cortex,control,52.149,tissue_multiclass,logistic,False,brain_cortex,brain_cortex,5.296500388384829e-06,3.3448202199206054e-07,0.9985740075842574,0.00043967152364572854,1.196448135103284e-05,7.147050867323682e-05,4.434002884901719e-06,0.00025158048746128553,0.0006316382860051842,9.60214331076952e-06
GSM3426761,GSE121141,brain_cortex,control,52.149,tissue_multiclass,logistic,False,brain_cortex,brain_cortex,8.673023646872161e-06,2.0827943101343446e-06,0.9971287243667399,0.0008400089944606407,4.792287035110528e-05,0.00017845899181898116,1.4474487304545378e-05,0.0005058048877210556,0.0012667552540707066,7.094329575916247e-06
GSM3426762,GSE121141,brain_cortex,control,52.149,tissue_multiclass,logistic,False,brain_cortex,brain_cortex,8.073330110946806e-06,6.276680828073765e-07,0.999449510055603,0.0002601289156998837,2.7289163783035246e-05,8.168580688340218e-05,7.163957901841118e-06,8.65456348704282e-05,7.564094001514691e-05,3.3345270496386927e-06
GSM3426763,GSE121141,brain_cortex,control,52.149,tissue_multiclass,logistic,False,brain_cortex,brain_cortex,1.9669264493859483e-05,2.772283132804947e-07,0.9991728478012883,0.00044762041332700644,1.3284087806190208e-05,5.1207060268251645e-05,1.0632360306955667e-05,0.00010722355879869937,0.0001710387785923805,6.199446805007153e-06
GSM3426764,GSE121141,brain_cortex,control,86.914,tissue_multiclass,logistic,False,brain_cortex,brain_cortex,1.8874816707772255e-05,2.228318893110883e-07,0.9997156413723358,0.00014377269529574038,2.7388078734214955e-05,5.286265205617977e-05,5.7332729178336716e-06,1.8304060589117893e-05,1.0233268156153444e-05,6.966951317943621e-06
GSM3426765,GSE121141,brain_cortex,control,86.914,tissue_multiclass,logistic,False,brain_cortex,brain_cortex,1.198327679581808e-05,1.7166296940894416e-07,0.9997560526679525,0.00012164793793900788,1.666124336415622e-05,3.575156263013807e-05,5.6019133944290465e-06,3.5929913419705976e-05,1.3205351859079451e-05,2.9944696758962914e-06
GSM3426766,GSE121141,brain_cortex,control,86.914,tissue_multiclass,logistic,False,brain_cortex,brain_cortex,4.78085456018746e-06,3.030591572471801e-07,0.9997319355255343,0.00014631743564186793,1.8048814536962026e-05,4.925244587136821e-05,3.2787359786814925e-06,2.6904611239860994e-05,1.724516330729272e-05,1.9333541722480076e-06
GSM3426767,GSE121141,brain_cortex,control,86.914,tissue_multiclass,logistic,False,brain_cortex,brain_cortex,4.681564770939129e-06,2.024868060235763e-07,0.9994840436472918,0.00021157827348038217,6.262168603248361e-06,3.9748261272478614e-05,3.0273133901397497e-06,6.109222053019715e-05,0.00018623092088501452,3.133142969824991e-06
GSM3426768,GSE121141,brain_cortex,control,86.914,tissue_multiclass,logistic,False,brain_cortex,brain_cortex,4.348495498084173e-06,4.7160127595943024e-08,0.9996613074154719,0.0001547501045770932,5.055482227105826e-06,2.9523729564631542e-05,4.521726165854852e-06,7.896449939530884e-05,5.442372481062056e-05,7.057662161797033e-06
GSM3426769,GSE121141,brain_cortex,control,130.371,tissue_multiclass,logistic,False,brain_cortex,brain_cortex,7.731466963363777e-06,4.4805157686676994e-08,0.9998573604257537,6.691357601737937e-05,1.2576534128297214e-05,2.2136385265548725e-05,1.7549212661980579e-06,1.8257993089089588e-05,4.66732791120849e-06,8.55656444755537e-06
GSM3426770,GSE121141,brain_cortex,control,130.371,tissue_multiclass,logistic,False,brain_cortex,brain_cortex,3.1550902114679305e-06,4.825371691084994e-05,0.9180529972295421,0.0068421608638137826,0.00010786799210034563,0.0005613251244019106,4.741672299524773e-05,0.011017370273445059,0.06329345415780532,2.599882877373955e-05
GSM3426771,GSE121141,brain_cortex,control,130.371,tissue_multiclass,logistic,False,brain_cortex,brain_cortex,0.0002152901081144123,4.0810329065111325e-07,0.9990408319598216,0.0002631987811327788,0.00020786459987796988,0.00020352899373468278,1.0794696305172374e-05,4.068043095502549e-05,1.1584427879482607e-06,1.6243883979554432e-05
GSM3426772,GSE121141,brain_cortex,control,130.371,tissue_multiclass,logistic,False,brain_cortex,brain_cortex,5.112935723833242e-06,1.3236518397396037e-07,0.9997047836358585,0.00016228853075482278,9.664450055871769e-06,3.025950820307643e-05,3.9186557975032755e-06,6.106985408128246e-05,1.6055257428438675e-05,6.714806912693888e-06
GSM3426773,GSE121141,brain_cortex,control,130.371,tissue_multiclass,logistic,False,brain_cortex,brain_cortex,1.0696188783041966e-05,2.2485118366538187e-07,0.9997397785988373,0.00012572153135206128,1.5460601155389538e-05,3.308281036287044e-05,1.0765221042384105e-05,4.122076155332425e-05,1.9004462738250864e-05,4.044972991623362e-06
GSM3426774,GSE121141,heart,control,26.074,tissue_multiclass,logistic,False,heart,heart,2.4351698860070628e-05,5.690335306228261e-07,5.197502575427686e-05,0.9991531231502147,1.3628377181851343e-05,2.118460516543218e-06,0.00015852707117240927,0.0004145452565958982,0.0001464353844029511,3.472654177078158e-05
GSM3426775,GSE121141,heart,control,26.074,tissue_multiclass,logistic,False,heart,heart,0.005322916476028964,1.8233977033514417e-07,0.00034524333393337446,0.9919034431713697,0.0002521574482773745,3.5802998510228955e-05,0.00031833819536466627,0.0013793754058773508,7.844430720928783e-05,0.000364096323658799
GSM3426776,GSE121141,heart,control,26.074,tissue_multiclass,logistic,False,heart,heart,4.2683182121383015e-05,1.5256670254205728e-07,0.00019520397697357704,0.998545576758683,1.714966008072262e-05,1.004444895373244e-05,0.00013135777309359966,0.0005920973699001022,0.0004121443755200433,5.358988797113081e-05
GSM3426777,GSE121141,heart,control,26.074,tissue_multiclass,logistic,False,heart,heart,0.0025357657719808084,0.00020279260692410473,0.006998156648017582,0.8941750315958047,0.0004752913044324421,0.00032189651800627807,0.002408221060802572,0.06550200591863292,0.025076806590113253,0.002304031985285132
GSM3426778,GSE121141,heart,control,26.074,tissue_multiclass,logistic,False,heart,heart,3.816033806134968e-05,4.718780392768017e-08,0.00013844672412810703,0.9979438025245219,1.1020674853172388e-05,6.004869719709955e-06,0.00011719161604112552,0.0012220079543677704,0.0004481662137030729,7.515189680006681e-05
GSM3426779,GSE121141,heart,control,43.457,tissue_multiclass,logistic,False,heart,heart,4.32478242159051e-05,6.809037175544282e-08,0.00020744732314309505,0.9990744400055053,5.017954834677358e-06,5.344373892522996e-06,6.783229402268859e-05,0.00042368558347854486,0.00015597513626637498,1.6941414269227635e-05
GSM3426780,GSE121141,heart,control,52.149,tissue_multiclass,logistic,False,heart,heart,0.00023283977005286992,2.129528188746751e-07,0.0003772642665220063,0.9974167423736674,4.775382168306586e-05,2.9961332805940484e-05,0.00023005964443862146,0.0011435946687125974,0.0004093482228496677,0.00011222294644875842
GSM3426781,GSE121141,heart,control,52.149,tissue_multiclass,logistic,False,heart,heart,1.6348065216254682e-05,2.644738046287301e-07,5.984940949514672e-05,0.9987894483045996,3.5108026091035544e-06,2.2540772888188656e-06,2.9662928958159774e-05,0.0005658058948980912,0.0005104355067318085,2.2420536398348043e-05
GSM3426782,GSE121141,heart,control,52.149,tissue_multiclass,logistic,False,heart,heart,0.00010510147707246612,2.97387144138222e-07,0.00022121368245928908,0.9973962463651005,2.126538037982251e-05,9.243940940329145e-06,0.00015711394986564297,0.0014369549073133354,0.00047913117235376867,0.00017343173737061044
GSM3426783,GSE121141,heart,control,52.149,tissue_multiclass,logistic,False,heart,heart,6.13970834332873e-05,1.9546889707517726e-07,7.553191235200564e-05,0.9991299013169733,1.5465932185368232e-05,3.979362171449808e-06,0.00010976243205466645,0.00039511734028092475,0.00015255611076583935,5.609304088586908e-05
GSM3426784,GSE121141,heart,control,52.149,tissue_multiclass,logistic,False,heart,heart,4.607196510891299e-05,1.7754344565538665e-08,8.007899652735516e-05,0.9992294741802662,4.562453478281029e-06,3.659787160507942e-06,9.791978627836626e-05,0.00044211095188719657,5.016972171645133e-05,4.593440323247281e-05
GSM3426785,GSE121141,heart,control,86.914,tissue_multiclass,logistic,False,heart,heart,1.1624290432506474e-05,1.778873655128394e-07,2.899461112280347e-05,0.9988786391246857,5.191255001563467e-06,2.2447598218190478e-06,4.511685549021928e-05,0.0004846630530948997,0.0005172394708953907,2.6108692089471603e-05
GSM3426786,GSE121141,heart,control,86.914,tissue_multiclass,logistic,False,heart,heart,3.0320669588117948e-05,1.9188926570263653e-07,7.151228227678188e-05,0.9988965199444565,8.202240626459203e-06,3.373313644473779e-06,6.684353690204287e-05,0.0006649904207235209,0.0002026090014819042,5.543670103450185e-05
GSM3426787,GSE121141,heart,control,86.914,tissue_multiclass,logistic,False,heart,heart,5.577444158728239e-05,1.5852227444141977e-07,0.00024002257807046397,0.9987833589580573,1.324872198863717e-05,6.96360482790195e-06,8.006786422612738e-05,0.0005808761884052223,0.00020177990249725555,3.774921806550099e-05
GSM3426788,GSE121141,heart,control,86.914,tissue_multiclass,logistic,False,heart,heart,2.018511763006888e-05,1.0715251423959689e-07,8.895223974269617e-05,0.99949618643853,5.027001617520822e-06,2.9366864090637446e-06,0.00010306697265984286,0.0001845055998120567,7.862293718301573e-05,2.0409853901391003e-05
GSM3426789,GSE121141,heart,control,86.914,tissue_multiclass,logistic,False,heart,heart,8.327176050608929e-05,4.5276329718327036e-08,0.00013495148991378892,0.9986235589885516,1.6639128662767314e-05,7.4894370574696415e-06,9.789114351387227e-05,0.0007267733952715984,0.0002009785386320572,0.00010840084156072777
GSM3426790,GSE121141,heart,control,130.371,tissue_multiclass,logistic,False,heart,heart,2.2595835201294002e-05,1.33869064564435e-07,0.00014156100748849353,0.9986805632838889,7.298100026694826e-06,4.105296417486052e-06,0.00015064402199145048,0.0006732832832093053,0.00028978834165872987,3.0026961053086966e-05
GSM3426791,GSE121141,heart,control,130.371,tissue_multiclass,logistic,False,heart,heart,0.0003548439001085388,4.041172350569876e-07,0.00036903313104624563,0.9952940557727341,3.0152629022564354e-05,1.993018827936039e-05,0.0003209676079011908,0.002905000588384679,0.000517098155021498,0.0001885139102668039
GSM3426792,GSE121141,heart,control,130.371,tissue_multiclass,logistic,False,heart,heart,1.900417232518407e-06,1.1683985698418274e-07,7.488136827102163e-05,0.9990508288817687,2.747272466437537e-06,6.707551345359557e-07,3.3807521001509964e-05,5.408664084215048e-05,0.0007741313939669923,6.828909459462994e-06
GSM3426793,GSE121141,heart,control,130.371,tissue_multiclass,logistic,False,heart,heart,2.1145126514221085e-05,5.982409664832392e-07,0.00018272583071742883,0.9969643150786789,5.92473471658445e-06,3.3184318771733662e-06,7.163808190158429e-05,0.0009227320664839179,0.0016376269387825713,0.00018997546936124832
GSM3426794,GSE121141,heart,control,130.371,tissue_multiclass,logistic,False,heart,heart,9.711505409872747e-05,7.347253588230543e-08,0.00015769389340109432,0.9977620544128178,1.594593363903949e-05,6.968938056803185e-06,0.00011260806440000084,0.0012904570739530193,0.00042572373970412356,0.00013135941739344023
GSM3426795,GSE121141,liver,control,26.074,tissue_multiclass,logistic,False,liver,liver,2.6864791215078934e-05,1.7013640161937823e-06,2.7531320646132948e-05,8.535348094766457e-05,0.0002771762047756207,9.174677113986312e-06,0.9995654505032141,5.414049496235542e-06,1.3405166019826955e-07,1.1995569150504129e-06
GSM3426796,GSE121141,liver,control,26.074,tissue_multiclass,logistic,False,liver,liver,1.37199663317028e-05,2.7908558159308474e-06,2.545456851752358e-05,0.0002736985759341785,0.00010897150717467637,5.2039759614237765e-06,0.9995310766536891,3.226777594802842e-05,4.789933487333845e-07,6.337127278779349e-06
GSM3426797,GSE121141,liver,control,26.074,tissue_multiclass,logistic,False,liver,liver,7.037351788700452e-07,3.8968685092955915e-07,4.9717525891056465e-06,2.7000614150067582e-05,1.139913159677613e-05,1.4031880776381995e-06,0.9999513189049459,2.6214118138235777e-06,2.78486112426575e-08,1.637261857222999e-07
GSM3426798,GSE121141,liver,control,26.074,tissue_multiclass,logistic,False,liver,liver,6.793524435621842e-07,1.543754059373727e-07,2.5413088779693064e-06,3.2123953920654175e-05,1.4242616506109706e-05,8.10502403304861e-07,0.9999477831824428,1.5838047107898168e-06,3.955035721029441e-08,4.1352931762046374e-08
GSM3426799,GSE121141,liver,control,26.074,tissue_multiclass,logistic,False,liver,liver,2.9016224654944906e-06,2.395976435831639e-07,3.4446754514193053e-06,5.888032511957861e-05,1.4922212006248119e-05,5.976725763605433e-07,0.9999169950575967,1.8941523425614203e-06,2.527596202361524e-08,9.940883575287946e-08
GSM3426800,GSE121141,liver,control,43.457,tissue_multiclass,logistic,False,liver,liver,3.405986256439479e-07,1.4905477350536977e-05,2.2578968810081332e-05,0.0009079570604316805,1.1922239077694994e-05,1.753243526926846e-06,0.9989407626824527,9.766198170212001e-05,1.8610029942947813e-06,2.5674502819503874e-07
GSM3426801,GSE121141,liver,control,52.149,tissue_multiclass,logistic,False,liver,liver,3.359189318408486e-07,2.5895514313665203e-07,3.7858009565465407e-06,2.0247064965667856e-05,6.242593206980746e-06,8.272715703751163e-07,0.9999670805288935,1.1027477794919165e-06,1.6737039599548438e-08,1.0238151271665036e-07
GSM3426802,GSE121141,liver,control,52.149,tissue_multiclass,logistic,False,liver,liver,6.3347562810564675e-06,4.607530020394516e-07,8.10867193848577e-06,0.00010057568021576442,3.502446813595173e-05,1.6485414726812477e-06,0.9998389070156123,8.099948954709529e-06,1.0372258833502724e-07,7.364417988508281e-07
GSM3426803,GSE121141,liver,control,52.149,tissue_multiclass,logistic,False,liver,liver,1.7314214680114825e-05,1.9854016420626373e-07,4.4221906827187215e-06,6.944747293272171e-05,0.00012504497346612527,2.0198272363311922e-06,0.9997808080924757,5.716993814880405e-07,7.080888548436575e-09,1.6590809205808253e-07
GSM3426804,GSE121141,liver,control,52.149,tissue_multiclass,logistic,False,liver,liver,1.881392566109509e-05,3.316422141249189e-06,2.6317616816031315e-05,0.0005127981258963604,0.00012879758609444378,4.903335061945578e-06,0.9992438977673125,5.074260835909259e-05,6.903085760377945e-07,9.722304081120099e-06
GSM3426805,GSE121141,liver,control,52.149,tissue_multiclass,logistic,False,liver,liver,3.970656043866252e-06,1.8455691128872772e-07,3.944995770929947e-06,1.9155894519124387e-05,2.278807736267283e-05,5.659873001186407e-07,0.9999477323622775,1.5356136363042558e-06,6.887221089919744e-08,5.2983967197885616e-08
GSM3426806,GSE121141,liver,control,86.914,tissue_multiclass,logistic,False,liver,liver,1.0360156324287303e-05,1.0361173342797908e-06,1.8901555730173174e-05,0.00014072369168843953,3.9517096854038564e-05,1.9040576168805798e-06,0.9997762044864235,1.0213837595160246e-05,7.120099125037936e-07,4.269905204815412e-07
GSM3426807,GSE121141,liver,control,86.914,tissue_multiclass,logistic,False,liver,liver,4.0768898707803306e-06,2.801815988321108e-06,1.648759937552844e-05,0.0004520530154666032,6.618368893422901e-05,4.013023800085666e-06,0.9994421382049478,1.067908579350261e-05,5.055126459139005e-07,1.061163177056458e-06
GSM3426808,GSE121141,liver,control,86.914,tissue_multiclass,logistic,False,liver,liver,2.0991017131690997e-05,1.7237406484536353e-05,6.455416508770762e-05,0.0006809316274913113,0.00015935357951993314,1.404177547152008e-05,0.9989402801094781,8.853079751332237e-05,2.658918928041564e-06,1.1420602893531637e-05
GSM3426809,GSE121141,liver,control,86.914,tissue_multiclass,logistic,False,liver,liver,1.2935095616614193e-06,7.85596985992805e-07,7.7738467083445e-06,6.179976267360103e-05,1.7047620127707544e-05,1.979642303148371e-06,0.9999059440503378,2.983745380491097e-06,3.488137709882531e-08,3.573445440893695e-07
GSM3426810,GSE121141,liver,control,86.914,tissue_multiclass,logistic,False,liver,liver,9.273042649953146e-07,4.080626249202465e-07,4.293648801804578e-06,6.176165625947625e-05,1.9112943049366217e-05,1.4073983538229384e-06,0.9999077778715505,4.15305095847867e-06,7.284288222819553e-08,8.522125452211034e-08
GSM3426811,GSE121141,liver,control,130.371,tissue_multiclass,logistic,False,liver,liver,6.092363078653713e-05,0.0009528616515665645,0.00019917405211241916,0.0022828427130263803,0.0009659910681232694,3.372797920374868e-05,0.9943715691421648,0.0006191567549374271,4.021896695500418e-05,0.0004735340411241508
GSM3426812,GSE121141,liver,control,130.371,tissue_multiclass,logistic,False,liver,liver,2.4246965978101996e-05,7.276765761484543e-06,2.3291425339209506e-05,0.000426822347549806,0.0001284579142686021,7.182772110409306e-06,0.9993301910819485,4.46882777816377e-05,1.3249837565857141e-06,6.517465505225111e-06
GSM3426813,GSE121141,liver,control,130.371,tissue_multiclass,logistic,False,liver,blood,0.0003287854543377276,0.5551643075507492,0.005655066484430807,0.03274250535758586,0.011823541011531049,0.0005922487742636358,0.1718777776896055,0.06647904359794575,0.005029428774669479,0.15030729530488093
GSM3426814,GSE121141,liver,control,130.371,tissue_multiclass,logistic,False,liver,liver,2.5107095956515197e-06,9.234723994425353e-07,6.64121515884382e-06,6.190469890554384e-05,2.0372295017383018e-05,6.264595358726732e-07,0.9999046351019811,2.1211669607499296e-06,4.208868683896276e-08,2.2279175849145886e-07
GSM3426815,GSE121141,lung,control,26.074,tissue_multiclass,logistic,False,lung,lung,0.0027507742603573707,2.584122636826176e-05,0.0007960982068766779,0.0024004379435656233,0.0012659354059120576,0.0006274089144215784,0.0006045687771704721,0.9904737746298519,6.363416127863062e-05,0.0009915264741973313
GSM3426816,GSE121141,lung,control,26.074,tissue_multiclass,logistic,False,lung,lung,1.9647112178423506e-05,2.442440951171002e-07,5.501130384206764e-05,0.0005476474124952212,1.167286460508706e-05,1.9312831889955065e-05,5.7370835176906624e-05,0.9991321765699895,0.00012312668197878818,3.3790143749083505e-05
GSM3426817,GSE121141,lung,control,26.074,tissue_multiclass,logistic,False,lung,lung,2.929057231906631e-06,2.610646171748651e-07,3.908514948404427e-05,0.00026202356381552124,3.849823394361888e-06,6.980166445688587e-06,3.053407594448525e-05,0.9995068861056696,0.00010735539144507508,4.009560195221278e-05
GSM3426818,GSE121141,lung,control,26.074,tissue_multiclass,logistic,False,lung,lung,2.592937099106524e-05,3.0195502259713497e-07,5.23411251590511e-05,0.00029106329104273455,1.3784945068524719e-05,2.5322192732752883e-05,3.6292996860635336e-05,0.9994679291462856,5.348066812500546e-05,3.35543087121168e-05
GSM3426819,GSE121141,lung,control,26.074,tissue_multiclass,logistic,False,lung,lung,1.1096064042951457e-05,2.0197235712373944e-07,2.066879507975675e-05,0.00013416563705607955,7.688620120208826e-06,2.063184428027947e-05,1.8628308748039598e-05,0.9997397655197834,3.4178621990910224e-05,1.2974616541103978e-05
GSM3426820,GSE121141,lung,control,52.149,tissue_multiclass,logistic,False,lung,lung,0.0019420231780531638,1.050526915139246e-06,0.00035397908822998217,0.0009264856215679872,0.00042596865546782475,0.00021409013391078492,0.0002224872109769794,0.9954244685379074,2.297900023429352e-05,0.00046646804673620594
GSM3426821,GSE121141,lung,control,52.149,tissue_multiclass,logistic,False,lung,lung,9.793963746136326e-06,8.046234792913456e-07,9.022535376565117e-05,0.0002816843890215821,1.345527331345705e-05,2.7265463428053457e-05,0.00012167845773980234,0.9992875727733846,0.00012654376598077746,4.0975936140834786e-05
GSM3426822,GSE121141,lung,control,52.149,tissue_multiclass,logistic,False,lung,lung,9.480103288676917e-06,5.115818500573997e-07,7.907707188997992e-05,0.00027211975667478286,8.603298385693854e-06,2.041700833113224e-05,5.5129356440425746e-05,0.9994829394137406,5.737518985017284e-05,1.4347219548441801e-05
GSM3426823,GSE121141,lung,control,52.149,tissue_multiclass,logistic,False,lung,lung,2.0917558666246842e-05,1.5747022322081192e-07,2.9372355010383032e-05,0.00017664858106699346,7.699747520621918e-06,1.0140044263823726e-05,3.2356243317308704e-05,0.9996545237564999,3.489771675670196e-05,3.328652667487396e-05
GSM3426824,GSE121141,lung,control,52.149,tissue_multiclass,logistic,False,lung,lung,5.8773221177759916e-06,5.764499831596736e-08,2.0453029222035835e-05,0.00015759078842964616,4.587504056954019e-06,8.898350994184626e-06,2.1357477493956933e-05,0.9997167451294807,4.5588699728236587e-05,1.884405347814307e-05
GSM3426825,GSE121141,lung,control,86.914,tissue_multiclass,logistic,False,lung,lung,3.468171477038749e-05,1.9914451579068535e-05,0.00010374719148674154,0.0005586337527931901,4.961521807710154e-05,2.6230999697515214e-05,0.00030866624038007286,0.9983668190913172,8.26948844870651e-05,0.0004489964554114293
GSM3426826,GSE121141,lung,control,86.914,tissue_multiclass,logistic,False,lung,lung,3.691333960323487e-05,1.9755726597877968e-06,0.0001444442875141433,0.0009467227064169322,3.6755185292468505e-05,2.691433144773495e-05,0.0001884377882417601,0.9980057453623031,0.0002844105589622643,0.0003276808675586238
GSM3426827,GSE121141,lung,control,86.914,tissue_multiclass,logistic,False,lung,lung,2.8737612091751653e-05,1.7693292633281998e-06,6.967337876913671e-05,0.00043860951198519335,1.838722768824503e-05,2.1940936552751818e-05,0.00012180435060533865,0.9990273335320125,0.0001324650294570341,0.0001392790915746555
GSM3426828,GSE121141,lung,control,86.914,tissue_multiclass,logistic,False,lung,lung,0.0022680316128976625,0.00024727339566224695,0.00325338030192589,0.04242823919074489,0.0012728577343741187,0.0005025201033037541,0.0023618911258053293,0.9207835115801911,0.0045670796435161995,0.022315215311578766
GSM3426829,GSE121141,lung,control,86.914,tissue_multiclass,logistic,False,lung,lung,1.5584583243452336e-05,5.109755456282712e-07,2.955362343270249e-05,0.00031037718529563043,1.5833253487739424e-05,1.8018256401085953e-05,5.644169988214508e-05,0.9994482407150649,8.163503836468282e-05,2.3804669282056707e-05
GSM3426830,GSE121141,lung,control,130.371,tissue_multiclass,logistic,False,lung,lung,0.0023649538665828605,6.869553641385725e-06,0.0008724259482230842,0.004397116473765186,0.0012115987564104266,0.00039093642724090844,0.0006678614978320182,0.9885676675274289,0.00010103896381517682,0.0014195309850599217
GSM3426831,GSE121141,lung,control,130.371,tissue_multiclass,logistic,False,lung,lung,9.790867229505716e-05,2.1928033877682314e-05,0.0002559234974718781,0.0017454110560710338,0.00017626803030577039,5.423701777331674e-05,0.0006753814549838581,0.9957886589162692,0.00040260241603292947,0.0007816809049190545
GSM3426832,GSE121141,lung,control,130.371,tissue_multiclass,logistic,False,lung,lung,0.00011821205150001249,4.155648548681972e-06,0.00021915828772730843,0.0007499994522921386,5.7093470106576555e-05,6.69465881196049e-05,0.00010340613257560171,0.9981689938827666,0.00015803630277533444,0.00035399818358784253
GSM3426833,GSE121141,lung,control,130.371,tissue_multiclass,logistic,False,lung,lung,0.00030995535507572696,0.0010038955113654336,0.0007038941066895847,0.002953943545291224,0.0004255823903455212,0.00016347748319367125,0.004359924032906424,0.9773702273279132,0.0014062102991175699,0.011302889948101545
GSM3426834,GSE121141,lung,control,130.371,tissue_multiclass,logistic,False,lung,lung,1.7281855253590112e-05,1.7168209802252075e-06,3.338630496104544e-05,0.0006052239412564051,2.1592145751056006e-05,1.5226784870990448e-05,9.154807106608417e-05,0.9989775814694397,7.939212817510078e-05,0.00015705047824585944
GSE60012_tile_001,GSE60012,liver,control,3.0,tissue_multiclass,logistic,False,liver,liver,2.042275863243825e-06,4.13372583307488e-09,1.5920015960580095e-06,5.940747778012833e-06,2.3354594807380484e-05,2.7024469367268926e-07,0.9999660879498972,6.806537054513015e-07,1.4275005836040616e-08,1.3122927551935668e-08
GSE60012_tile_002,GSE60012,liver,control,8.0,tissue_multiclass,logistic,False,liver,liver,1.6983570156754508e-05,1.5241506782531845e-08,1.3615473919527476e-06,6.2016496191654236e-06,1.106546092026869e-05,2.0268615542057377e-07,0.999964012482159,1.1322055926869058e-07,1.8690500981937944e-09,4.227248131478491e-08
GSE60012_tile_003,GSE60012,liver,control,8.0,tissue_multiclass,logistic,False,liver,liver,1.2653055526640056e-05,4.1180543673165025e-09,7.115064189108932e-07,3.332055550584843e-06,7.590565972213409e-06,2.2283421684118883e-07,0.9999746284222357,6.837888669040361e-07,3.105313063813491e-09,1.705478448075495e-07
GSE60012_tile_004,GSE60012,liver,control,8.0,tissue_multiclass,logistic,False,liver,liver,2.8863768150855832e-06,2.1368297409393604e-09,5.764901036773194e-07,2.3182323803725236e-06,5.9402987091111485e-06,1.2365793671009235e-07,0.9999878987559755,2.1094245933287662e-07,1.2942913871170231e-09,4.1814499054510484e-08
GSE60012_tile_005,GSE60012,liver,control,8.0,tissue_multiclass,logistic,False,liver,liver,4.293032491504016e-06,1.009742662351336e-08,2.1606692953969845e-06,8.59054860380422e-06,6.802215468464728e-06,6.148211954873615e-07,0.999977251941807,1.6239778909590215e-07,1.183563289510745e-09,1.1309235938509061e-07
GSE60012_tile_006,GSE60012,liver,control,8.0,tissue_multiclass,logistic,False,liver,liver,3.853811818609514e-06,4.351616900170631e-09,5.963670027496137e-07,4.720303960546215e-06,1.1776220506970997e-05,1.7121911109302457e-07,0.9999785944832924,2.57205728053386e-07,1.9681410696019477e-09,2.4068821616886434e-08
GSE60012_tile_007,GSE60012,liver,control,8.0,tissue_multiclass,logistic,False,liver,liver,4.1809904272719674e-06,6.43078130563649e-09,5.795271567353909e-07,5.2907855238646744e-06,1.1761702341316981e-05,2.637559606630656e-07,0.9999776286541335,2.471616820691825e-07,3.189676638109818e-09,3.780231648826425e-08
GSE60012_tile_008,GSE60012,liver,control,8.0,tissue_multiclass,logistic,False,liver,liver,8.734133749881236e-06,4.015082530581091e-09,7.951629319295691e-07,4.3042470885340856e-06,8.852472384365407e-06,2.3810822918512333e-07,0.9999762299112144,7.633470719697601e-07,2.858257993754207e-09,7.574398915978572e-08
GSE60012_tile_009,GSE60012,liver,control,8.0,tissue_multiclass,logistic,False,liver,liver,6.121942735483496e-06,6.797688068318751e-09,6.657593124843233e-07,8.290030153263213e-06,1.1080575892000888e-05,2.0890768301296926e-07,0.9999732816089965,3.194016442299768e-07,9.975506756490873e-10,2.397834466560347e-08
GSE60012_tile_010,GSE60012,liver,control,8.0,tissue_multiclass,logistic,False,liver,liver,8.755929536371741e-06,5.3987930640544184e-09,9.700413517488635e-07,2.797615203169384e-06,1.2772994709592348e-05,2.73419398054897e-07,0.9999738150271201,5.765204911364065e-07,7.565433761512828e-09,2.548796287883559e-08
GSE60012_tile_011,GSE60012,liver,control,8.0,tissue_multiclass,logistic,False,liver,liver,4.9223556986887976e-06,4.378470244716908e-09,6.728260311225745e-07,1.6880787199805423e-06,8.125050054374724e-06,1.0467591750265411e-07,0.9999842116933699,2.568927304528682e-07,4.493619775501192e-09,9.555387620041565e-09
GSE60012_tile_012,GSE60012,liver,other_intervention,28.0,tissue_multiclass,logistic,False,liver,liver,1.5598802232310057e-05,3.276142521900582e-07,3.1681908869935427e-06,4.3216196962871585e-05,5.900090913105315e-05,9.376784911601692e-07,0.9998730758823549,3.1818855454832183e-06,4.5971009861304686e-08,1.4468691331019902e-06
GSE60012_tile_013,GSE60012,liver,other_intervention,28.0,tissue_multiclass,logistic,False,liver,liver,0.00014803963210617923,6.742185154640619e-07,1.480334861181022e-05,0.00014223213034117167,7.131465200780449e-05,1.3756377073273203e-06,0.9995674614773523,1.6030005793491735e-05,1.5212881828548952e-07,3.79167687461106e-05
GSE60012_tile_014,GSE60012,liver,other_intervention,28.0,tissue_multiclass,logistic,False,liver,liver,7.458405301178155e-05,2.8101640315628376e-07,1.069223522104771e-05,8.393381331701784e-05,6.2209949179466e-05,1.5131183444667658e-06,0.9997552576948949,8.559320285944248e-06,5.641138397285626e-07,2.404685502568785e-06
GSE60012_tile_015,GSE60012,liver,other_intervention,28.0,tissue_multiclass,logistic,False,liver,liver,3.118294280162205e-06,5.102056241086119e-08,2.4496050111316347e-06,5.957470010691529e-05,2.4035042602128872e-05,6.725168015176952e-07,0.9999064869939058,3.154780114704606e-06,9.244927642908694e-08,3.645973387847631e-07
GSE60012_tile_016,GSE60012,liver,other_intervention,28.0,tissue_multiclass,logistic,False,liver,liver,7.840462285172562e-05,1.2689054001895818e-06,3.247205160470093e-05,0.0009603022878742528,0.00010692988172650719,6.437998723781569e-06,0.9985545064232092,5.2308422326128904e-05,6.649704355259377e-06,0.00020071970192835686
GSE60012_tile_017,GSE60012,liver,other_intervention,28.0,tissue_multiclass,logistic,False,liver,liver,4.331330075517351e-05,9.289221043001382e-07,7.3807049663086604e-06,4.5944159966882086e-05,5.766097616346847e-05,1.3015084274691916e-06,0.9998167758102279,1.6400002135598595e-05,3.1994975430618485e-07,9.974665498614419e-06
GSE60012_tile_018,GSE60012,liver,other_intervention,28.0,tissue_multiclass,logistic,False,liver,liver,7.4296976799232675e-06,2.6665305810799757e-06,1.0679539203847605e-05,0.00016472508634321768,3.0155798050596227e-05,1.4090080061878785e-06,0.9996920746285001,8.558294849490311e-05,4.6872893507892334e-07,4.808034204993851e-06
GSE60012_tile_019,GSE60012,liver,other_intervention,28.0,tissue_multiclass,logistic,False,liver,liver,2.6689667331089698e-05,2.4506120099635544e-07,6.537315788449582e-06,2.5420208284473213e-05,3.2187012053375003e-05,5.047243563143839e-07,0.9999028815564917,4.9796551463076835e-06,1.374429906770633e-07,4.173563566516891e-07
GSE60012_tile_020,GSE60012,liver,other_intervention,28.0,tissue_multiclass,logistic,False,liver,liver,5.52700799491133e-05,1.3979890809126536e-06,3.1681719163754614e-05,5.688270112028309e-05,7.614809068041014e-05,1.1064702480224093e-05,0.9997473141766322,1.6107789529620545e-05,4.564350003187972e-08,4.087107863334541e-06
GSE60012_tile_021,GSE60012,liver,other_intervention,28.0,tissue_multiclass,logistic,False,liver,liver,1.4632636400985317e-05,1.122612192547496e-05,9.107329851947588e-06,0.00014895987553159728,4.911952931905958e-05,1.1416344326706195e-06,0.9997263631254658,3.340945857491069e-05,4.103591999429608e-06,1.9366964980752117e-06
GSE60012_tile_022,GSE60012,liver,other_intervention,28.0,tissue_multiclass,logistic,False,liver,liver,3.498585661770557e-05,3.2998383870815483e-06,1.8096030021422564e-05,3.8656745851084165e-05,8.021281730258884e-05,1.5421989596324445e-06,0.9997924234087662,2.8072901735293346e-05,4.87239400740344e-07,2.222962958006561e-06
GSE60012_tile_023,GSE60012,liver,other_intervention,20.0,tissue_multiclass,logistic,False,liver,liver,7.199117137845938e-06,3.9733621327560543e-08,1.9973316714802115e-06,2.4435596094160197e-05,1.9737521407048126e-05,6.229959742654216e-07,0.999944351307547,1.2097583118452403e-06,4.666668158374083e-08,3.599715533905295e-07
GSE60012_tile_024,GSE60012,muscle,other_intervention,20.0,tissue_multiclass,logistic,False,muscle,muscle,0.0002544393429215729,4.104614101216342e-08,5.4231214433147755e-05,7.518937187902969e-05,5.489729140715448e-06,8.606079496969642e-05,3.518890558809679e-07,2.0725156597042586e-05,0.9994975748115409,5.896643321073094e-06
GSE60012_tile_025,GSE60012,liver,other_intervention,20.0,tissue_multiclass,logistic,False,liver,liver,9.126262991037434e-06,2.567079767097115e-08,1.6049488087441973e-06,3.7986848628636904e-05,2.3810159027890504e-05,5.870290840085971e-07,0.9999240322665301,2.6103659359516777e-06,2.352174891298134e-08,1.9292644714227202e-07
GSE60012_tile_026,GSE60012,muscle,other_intervention,20.0,tissue_multiclass,logistic,False,muscle,muscle,6.422740582672286e-05,5.093937310274676e-09,2.5123562512396238e-05,0.00012622181839690448,1.445630256654819e-06,1.6593499757294272e-05,1.7042608357761287e-07,2.6573220236471936e-06,0.9997623778044192,1.1774367862639344e-06
GSE60012_tile_027,GSE60012,liver,other_intervention,20.0,tissue_multiclass,logistic,False,liver,liver,1.0533205659623428e-05,6.218908951699775e-08,2.066124027183932e-06,4.276737750249102e-05,2.3319677864630633e-05,1.1981359311440483e-06,0.9999167400341812,3.1390082581727456e-06,8.20135388246142e-08,9.223394714628992e-08
GSE60012_tile_028,GSE60012,muscle,other_intervention,20.0,tissue_multiclass,logistic,False,muscle,muscle,3.012720181552669e-05,9.262356329438184e-08,2.568076037525102e-05,4.594278816891485e-05,1.0928231258308149e-06,2.0734894202122092e-05,2.0587324772537215e-07,7.4292237816734045e-06,0.9998675849849735,1.1088267461554455e-06
GSE60012_tile_029,GSE60012,liver,other_intervention,20.0,tissue_multiclass,logistic,False,liver,liver,1.2357469164574875e-05,2.354665481669557e-08,2.370004143576414e-06,2.0696759928017384e-05,9.61336070932055e-06,4.704667899009399e-07,0.9999526987711281,1.6055869216674995e-06,1.7298340671059443e-08,1.4673621911524097e-07
GSE60012_tile_030,GSE60012,muscle,other_intervention,20.0,tissue_multiclass,logistic,False,muscle,muscle,9.529616085832443e-05,3.363284492417672e-08,5.8536396511970464e-05,0.0002195975414243624,2.022328517184398e-06,4.2209286421043027e-05,1.0443621192231324e-06,2.7520543849840898e-05,0.9995446300235127,9.109723940615422e-06
GSE60012_tile_031,GSE60012,liver,other_intervention,20.0,tissue_multiclass,logistic,False,liver,liver,4.505963199296489e-06,4.712206407525897e-09,7.801957673161428e-07,6.445596955724174e-06,9.111235686745968e-06,3.1809817098665484e-07,0.9999773341828689,1.3578339594656955e-06,1.1371018130273337e-08,1.308101669722283e-07
GSE60012_tile_032,GSE60012,muscle,other_intervention,20.0,tissue_multiclass,logistic,False,muscle,muscle,1.714957873851928e-05,4.259678662069073e-09,1.8762649990138228e-05,4.814152099889039e-05,5.057070562852499e-07,2.2750183229712087e-05,1.6175341797778117e-07,3.7952687020848897e-06,0.9998874288262962,1.3002518913928428e-06
GSE60012_tile_033,GSE60012,liver,other_intervention,20.0,tissue_multiclass,logistic,False,liver,liver,3.209649257849951e-05,3.0851061586508116e-07,9.01475464792264e-06,6.237079135345458e-05,3.681050607135255e-05,8.293519146161408e-07,0.9998490467162092,7.99821385053225e-06,5.905019439886578e-07,9.341608145071877e-07
GSE60012_tile_034,GSE60012,muscle,other_intervention,20.0,tissue_multiclass,logistic,False,muscle,muscle,7.027855984177447e-05,7.757996942800346e-09,5.7353504189461704e-05,7.533664295951795e-05,1.962927005085873e-06,4.368569203880851e-05,2.706917328301668e-07,1.1699860833768374e-05,0.9997346320708235,4.772292578332374e-06
GSE60012_tile_035,GSE60012,liver,other_intervention,20.0,tissue_multiclass,logistic,False,liver,liver,1.490494157296261e-05,1.1474180739103649e-08,1.4578713341212327e-06,1.0520789160799875e-05,1.2364816417565648e-05,2.710147953402039e-07,0.9999584133273512,1.979381855795901e-06,3.501318745855821e-08,4.1370144041561245e-08
GSE60012_tile_036,GSE60012,muscle,other_intervention,20.0,tissue_multiclass,logistic,False,muscle,muscle,0.00017015735359630026,1.981739997073794e-08,5.532080152546695e-05,9.745560706647189e-05,4.967195594286575e-06,9.496568732444089e-05,3.0527237408459537e-07,9.92413659216822e-06,0.9995643895461851,2.4945823417759677e-06
GSE60012_tile_037,GSE60012,liver,other_intervention,20.0,tissue_multiclass,logistic,False,liver,liver,5.613773359783453e-06,3.258568993185931e-08,2.668190215931606e-06,5.512806634352789e-05,2.1911486850788424e-05,1.289402437202524e-06,0.9999085877128543,4.440456469630482e-06,1.606532052860228e-07,1.676725736021315e-07
GSE60012_tile_038,GSE60012,muscle,other_intervention,20.0,tissue_multiclass,logistic,False,muscle,muscle,0.00010234816884974449,1.5763732143831428e-08,6.420506937261358e-05,0.00015960585154052166,4.286951574858407e-06,8.139063126051153e-05,3.36587528454587e-07,1.0026602847549885e-05,0.9995756396956469,2.144677646711707e-06
GSE60012_tile_039,GSE60012,liver,other_intervention,20.0,tissue_multiclass,logistic,False,liver,liver,1.0840809013335993e-05,5.845545218373851e-09,1.0384054986725337e-06,7.682333704770812e-06,1.0994214732666912e-05,3.8178445028091256e-07,0.9999668253893882,1.9039669229996746e-06,8.009009652573714e-09,3.192417338710031e-07
GSE60012_tile_040,GSE60012,muscle,other_intervention,20.0,tissue_multiclass,logistic,False,muscle,muscle,6.989672018323082e-05,1.7063218655822425e-08,3.564852092984762e-05,9.423862844460579e-05,8.841306255460888e-07,2.9498745063102754e-05,2.0481192966235788e-07,3.984777294109456e-06,0.9997648872834839,7.393188273184209e-07
GSE60012_tile_041,GSE60012,liver,other_intervention,20.0,tissue_multiclass,logistic,False,liver,liver,5.472403995880036e-06,1.897989397689125e-08,1.680856087625261e-06,1.2224657825447113e-05,8.27720038824594e-06,6.72499420434432e-07,0.9999700044499931,1.197153307517471e-06,5.397279720394054e-09,4.4640180839075607e-07
GSE60012_tile_042,GSE60012,liver,other_intervention,20.0,tissue_multiclass,logistic,False,liver,liver,2.87873057998398e-05,7.721715751638483e-07,8.242409156540829e-06,7.585135078043694e-05,4.317399983128603e-05,1.4357820457262402e-06,0.999810308911529,2.6947254309755974e-05,3.3288778769414617e-06,1.1519370950234632e-06
GSE60012_tile_043,GSE60012,liver,other_intervention,20.0,tissue_multiclass,logistic,False,liver,liver,8.022547979599552e-07,1.2335441710842162e-06,6.399651834681658e-06,0.0003480063161999889,1.2800998796489608e-05,1.198353942970834e-06,0.9994916505378131,0.00013439684068002872,2.602947912772982e-06,9.085538510830718e-07
GSE60012_tile_044,GSE60012,liver,other_intervention,20.0,tissue_multiclass,logistic,False,liver,liver,7.310156389484987e-06,3.4825027029970846e-08,1.392587541427253e-06,1.5838532544190566e-05,5.7324777445658344e-06,1.9811518271219123e-07,0.999968413146424,9.620986392905659e-07,1.5719003070231112e-08,1.0234150404013022e-07
GSE60012_tile_045,GSE60012,liver,other_intervention,20.0,tissue_multiclass,logistic,False,liver,liver,1.0486562102635355e-05,2.982292042324743e-08,3.837908964928779e-06,1.3770144606010336e-05,9.778674998151932e-06,1.100476332105119e-06,0.9999583683805074,2.1450271115039422e-06,9.408224549182405e-09,4.735942319961821e-07
GSE60012_tile_046,GSE60012,liver,other_intervention,20.0,tissue_multiclass,logistic,False,liver,liver,2.1540638883627314e-05,2.3747719804306996e-08,2.7923060405155096e-06,2.3481342834668746e-05,2.2426821178266365e-05,6.664502150484912e-07,0.9999222352868073,6.67123964226324e-06,7.4787540102303e-08,8.737913827354792e-08
GSE60012_tile_047,GSE60012,liver,other_intervention,20.0,tissue_multiclass,logistic,False,liver,liver,1.9664600480452373e-05,3.197222986223783e-08,1.836057793665971e-06,9.736833718160884e-06,1.829494807230897e-05,2.863380523085743e-07,0.9999476165741118,2.345118403347704e-06,5.274164038465442e-08,1.3481549760483614e-07
GSE60012_tile_048,GSE60012,liver,other_intervention,20.0,tissue_multiclass,logistic,False,liver,liver,9.153551785900564e-06,3.647754406033805e-08,2.299612423108849e-06,3.004136845415254e-05,2.194394830184812e-05,1.048446552358964e-06,0.9999330699364285,2.258849250976191e-06,8.253169065555788e-08,6.527756846650499e-08
GSE60012_tile_049,GSE60012,liver,other_intervention,20.0,tissue_multiclass,logistic,False,liver,liver,7.510314584987481e-06,1.127138481725752e-08,1.0498653018410327e-06,2.0413648360558173e-05,1.759151429780684e-05,3.287749919901397e-07,0.9999522507232745,7.41456235525413e-07,8.172974324607204e-09,9.42585936671468e-08
GSE60012_tile_050,GSE60012,liver,other_intervention,20.0,tissue_multiclass,logistic,False,liver,liver,1.3951656091580445e-05,3.894294911910798e-09,1.4015292138905023e-06,9.233005097791387e-06,1.0536907121543836e-05,2.6390246437956205e-07,0.9999630327935459,1.199197909647631e-06,2.061901815831539e-09,3.7505235839542303e-07
GSE60012_tile_051,GSE60012,liver,other_intervention,20.0,tissue_multiclass,logistic,False,liver,liver,1.3921939866721638e-05,6.164775468934719e-09,2.591837999223509e-06,1.53955370750344e-05,1.4649362217300787e-05,4.497151293094884e-07,0.9999504478636488,2.129074562639814e-06,1.0904414497439053e-08,3.976003107875411e-07
GSE60012_tile_052,GSE60012,liver,other_intervention,20.0,tissue_multiclass,logistic,False,liver,liver,2.5132045403959615e-06,2.0293435069406232e-08,1.2245025458700287e-06,6.2367754815919156e-06,5.805996046501706e-06,2.403840021302457e-07,0.9999833083228098,4.162760935861783e-07,1.5530922124392104e-09,2.3269195265626865e-07
GSE60012_tile_053,GSE60012,liver,other_intervention,20.0,tissue_multiclass,logistic,False,liver,liver,3.2321634800583244e-06,3.394384035125799e-09,4.312853326516854e-07,3.0098020952551603e-06,5.552199849520115e-06,1.1058779711469434e-07,0.9999872737392399,2.7068528593713787e-07,2.8416852243167026e-09,1.1330085043002887e-07
GSE60012_tile_054,GSE60012,liver,other_intervention,20.0,tissue_multiclass,logistic,False,liver,liver,7.609855978799297e-05,6.576030296547375e-08,4.066306088001674e-06,4.35116999828958e-05,3.2381999387319754e-05,7.829806212986474e-07,0.999839974329121,2.7005998576146887e-06,1.396020566095828e-08,4.03804645328912e-07
GSE60012_tile_055,GSE60012,liver,other_intervention,20.0,tissue_multiclass,logistic,False,liver,liver,3.5313630076887636e-05,3.678806916138385e-08,2.5564579784982293e-06,4.120238412628894e-05,1.9830723660501072e-05,5.447555020698413e-07,0.9998996728478464,5.922208454566212e-07,7.272345255301598e-09,2.429195493232792e-07
GSE60012_tile_056,GSE60012,liver,other_intervention,20.0,tissue_multiclass,logistic,False,liver,liver,7.357445038518206e-06,4.419760837758227e-08,1.1927331105451422e-06,1.490303351128964e-05,2.7060511137233974e-05,4.4586549917625754e-07,0.9999473828311585,9.016567530932324e-07,1.8298419281309152e-08,6.93427764106447e-07
GSE60012_tile_057,GSE60012,liver,other_intervention,20.0,tissue_multiclass,logistic,False,liver,liver,5.350808915951446e-06,1.1908193885176863e-08,3.8002740196369173e-06,1.8056064995777967e-05,9.353681809361797e-06,8.753573259907577e-07,0.999961377271131,8.20698091877097e-07,2.078726228407623e-09,3.518567904049751e-07
GSE60012_tile_058,GSE60012,liver,other_intervention,20.0,tissue_multiclass,logistic,False,liver,liver,4.720652344585926e-06,9.354557211333201e-09,6.727660304493629e-07,4.946202562600209e-06,8.5034456284945e-06,1.3069787343596673e-07,0.9999804464964669,5.251202740194307e-07,1.0312022461588808e-08,3.495223976716678e-08
GSE60012_tile_059,GSE60012,liver,other_intervention,20.0,tissue_multiclass,logistic,False,liver,liver,1.386472104380115e-05,4.731861327637548e-09,5.310780278258261e-07,4.87211653036307e-06,6.943405545180348e-06,2.0943265072324816e-07,0.9999728978960403,5.919986998228483e-07,1.8191065617288082e-09,8.280049408211616e-08
GSE60012_tile_060,GSE60012,liver,other_intervention,20.0,tissue_multiclass,logistic,False,liver,adipose,0.672011657750033,0.0012610520275451675,0.028891257717915005,0.09229322348570099,0.016589040377018242,0.01501381028966511,0.1441256211595947,0.011535397882926103,0.00877596354187887,0.009502975767722731
GSE60012_tile_061,GSE60012,liver,other_intervention,20.0,tissue_multiclass,logistic,False,liver,liver,0.009251779390793226,0.0004025108319445121,0.006260098234734028,0.022706243423276453,0.023555225668648583,0.0038111182690928748,0.8839879290134425,0.04251174539349913,0.0048229104798595355,0.0026904392947090993
GSE60012_tile_062,GSE60012,liver,other_intervention,20.0,tissue_multiclass,logistic,False,liver,liver,5.853908501102109e-06,4.167450563552765e-09,4.851140329014932e-07,2.7075992881957316e-06,8.098519809584805e-06,1.2023661305950287e-07,0.9999823625221694,3.5512185555605296e-07,5.132682774665469e-09,7.67759708050815e-09
GSE60012_tile_063,GSE60012,liver,other_intervention,20.0,tissue_multiclass,logistic,False,liver,liver,1.128716143801449e-05,9.120815217584697e-09,8.303760010465459e-07,7.001199636514826e-06,8.211701830453537e-06,1.753129862902843e-07,0.9999721440713472,2.882227760398155e-07,2.2366839868487433e-09,5.0596485358188685e-08
GSE60012_tile_064,GSE60012,liver,other_intervention,28.0,tissue_multiclass,logistic,False,liver,liver,4.100893671321067e-05,1.0177420953921554e-06,6.788299146011042e-06,7.879532334389094e-05,0.00013225624494480937,1.4061307024976534e-06,0.9997086247376074,1.2093235399025563e-05,2.5778312662628423e-07,1.7751566921234434e-05
GSE60012_tile_065,GSE60012,liver,other_intervention,28.0,tissue_multiclass,logistic,False,liver,liver,9.732993269576876e-06,1.5945999585442537e-08,2.9066269307423353e-06,8.527293957583688e-06,2.9145487957185295e-05,6.803667860690841e-07,0.9999456544929897,2.5087851811536454e-06,1.691419652002906e-08,8.110927321756068e-07
GSE60012_tile_066,GSE60012,liver,other_intervention,20.0,tissue_multiclass,logistic,False,liver,liver,1.6022807968321148e-05,7.233365950348712e-08,2.7371780451867522e-06,3.475978001548853e-05,5.648075069340703e-05,1.5359903472173538e-06,0.9998827126720305,4.812277446117125e-06,1.078828482499645e-07,7.583269459128762e-07
GSE60012_tile_067,GSE60012,liver,other_intervention,28.0,tissue_multiclass,logistic,False,liver,liver,5.3616537519236664e-05,1.3810069218204533e-06,1.0323587996539258e-05,5.542399329104154e-05,0.0001517954345692811,1.6330571570845957e-06,0.9996993228614752,1.0786560463701317e-05,3.730232623152591e-07,1.5343937343676075e-05
GSE60012_tile_068,GSE60012,liver,other_intervention,28.0,tissue_multiclass,logistic,False,liver,liver,2.3686307733512792e-05,5.6119831244167625e-09,1.452118073384391e-06,1.089709478173903e-05,1.2878196224386235e-05,3.0838201504790407e-07,0.9999490921461025,1.3465339227921024e-06,2.35043880499831e-09,3.312587243813257e-07
GSE60012_tile_070,GSE60012,liver,control,20.0,tissue_multiclass,logistic,False,liver,liver,1.7125623878025358e-05,8.462149349836487e-08,2.4641493631353875e-06,5.601384700661397e-06,1.9220140206905255e-05,4.787995328907538e-07,0.9999536061876518,1.2356362550937346e-06,1.6566668696912172e-08,1.6689024913805346e-07
GSE60012_tile_072,GSE60012,liver,control,20.0,tissue_multiclass,logistic,False,liver,liver,1.7589336610711235e-06,1.1832976237119265e-08,9.693099822494501e-07,3.2980097281748138e-06,3.8050031213952554e-06,2.30923840603806e-07,0.9999896848403301,1.8311795138233822e-07,8.312265571411499e-10,5.719718234615715e-08
GSE60012_tile_074,GSE60012,liver,control,20.0,tissue_multiclass,logistic,False,liver,liver,1.3569902638822028e-05,1.2243098626117047e-08,2.1254713155862125e-06,1.3305524154700028e-05,1.2993453567818482e-05,2.5581149554115303e-07,0.9999570553878943,5.70532448250359e-07,3.46785931692584e-09,1.0820552703203271e-07
GSE60012_tile_076,GSE60012,liver,control,20.0,tissue_multiclass,logistic,False,liver,liver,1.3199534145614172e-05,4.819338886517155e-08,3.0146760039065205e-06,1.871531524438529e-05,2.0021792587571614e-05,5.002909939635828e-07,0.9999432333922301,1.0087008740700515e-06,2.8876610741607063e-08,2.2922792073238902e-07
GSE60012_tile_077,GSE60012,liver,control,20.0,tissue_multiclass,logistic,False,liver,liver,2.769768263167777e-05,1.3695534871334092e-08,3.73533163033386e-06,3.8504522922608924e-05,3.467844634975496e-05,9.068356327209956e-07,0.9998857085837587,7.90608248342984e-06,9.884597149418022e-08,7.499730845921288e-07
GSE60012_tile_078,GSE60012,liver,control,20.0,tissue_multiclass,logistic,False,liver,liver,2.6112354518035057e-06,1.3332766941687672e-07,1.6594493963745222e-06,3.3947320208297776e-05,7.265048846929892e-06,3.0579031512961697e-07,0.9999487921561522,4.694416226989977e-06,1.2875894198514264e-08,5.783798385592749e-07
GSE60012_tile_079,GSE60012,liver,control,20.0,tissue_multiclass,logistic,False,liver,liver,4.2602680732981025e-06,2.7231295579216767e-07,3.103449917012457e-06,1.7691882719329124e-05,1.3157853133264459e-05,8.763188373384945e-07,0.9999551274225129,3.759578970866061e-06,3.097261630712761e-08,1.7199402636410596e-06
GSE60012_tile_081,GSE60012,liver,control,20.0,tissue_multiclass,logistic,False,liver,liver,3.424174214960977e-06,3.132827955635035e-08,1.5595991355058866e-06,2.9445389300545116e-05,9.028014620055621e-06,2.4919156688154916e-07,0.9999528586757559,3.107398602343323e-06,2.3293493506205498e-08,2.7293503062219507e-07
GSE60012_tile_082,GSE60012,liver,control,20.0,tissue_multiclass,logistic,False,liver,liver,6.718110211957731e-06,8.530796486171371e-08,2.139805586429237e-06,4.098106577458717e-05,7.971172399564937e-06,2.4546487313534096e-07,0.9999391015790139,2.604049498009134e-06,1.0115380549873178e-08,1.4332929705239184e-07
GSE60012_tile_083,GSE60012,liver,control,20.0,tissue_multiclass,logistic,False,liver,liver,3.928780990530703e-06,2.1522489164317112e-08,1.6298611357559172e-06,1.83113810295625e-05,7.850404024733218e-06,2.6553898416232524e-07,0.9999657967032034,2.0672905728607504e-06,1.584590921839615e-08,1.126716603751182e-07
GSE60012_tile_084,GSE60012,liver,control,20.0,tissue_multiclass,logistic,False,liver,liver,2.936565776880857e-06,2.1057588087553385e-08,7.900392935469233e-07,1.664808976185202e-05,7.020553509266852e-06,9.950607047345e-08,0.9999694784963176,2.944282963153302e-06,2.6969040368432794e-08,3.4439679094961555e-08
GSE60012_tile_085,GSE60012,liver,control,20.0,tissue_multiclass,logistic,False,liver,liver,1.5998477724595666e-05,8.958210501250595e-06,1.2661874371737538e-05,9.664821914016382e-05,6.549447248597834e-05,8.305247893595028e-07,0.9996962053593392,4.221626369816579e-05,9.109785378551693e-07,6.007561941165564e-05
GSE60012_tile_086,GSE60012,spleen,control,20.0,tissue_multiclass,logistic,False,spleen,spleen,1.8751063746533406e-05,0.018156906132566042,1.4135773333992147e-05,1.6449844633696248e-05,4.148468914934555e-05,6.58613448488517e-08,0.00029810197834958114,0.0001419782511137938,0.00010184655871154747,0.9812102798470507
GSE60012_tile_087,GSE60012,liver,control,20.0,tissue_multiclass,logistic,False,liver,liver,1.54623025570044e-05,6.546911447010603e-09,9.998327703316738e-07,6.737903260883029e-06,1.2963207308814955e-05,1.4348213546681693e-07,0.999962485866173,1.1406416283700502e-06,6.668013878307717e-09,5.354924081910079e-08
GSE60012_tile_088,GSE60012,liver,control,20.0,tissue_multiclass,logistic,False,liver,liver,6.663359773225201e-06,4.203082632521912e-09,6.347379965306929e-07,1.0673141575701035e-05,9.8157568587188e-06,3.939115705799291e-07,0.9999707240146347,9.215190766491021e-07,1.5918783718535613e-08,1.534366474114111e-07
GSE60012_tile_089,GSE60012,spleen,control,20.0,tissue_multiclass,logistic,False,spleen,spleen,9.66788791942289e-07,0.0044324159048649905,5.081546368851325e-06,6.867199328962912e-06,1.5427552976702134e-05,7.456778205820468e-08,0.00010365626932893212,7.548754612524314e-06,9.860593294210797e-06,0.9954181008226509
GSE60012_tile_090,GSE60012,spleen,control,20.0,tissue_multiclass,logistic,False,spleen,spleen,7.86953407137029e-05,0.04440822497704488,1.5276236847507123e-05,1.5604414838121104e-05,9.371308771338133e-05,2.010092643731137e-07,0.00015238725585810473,6.290278384821193e-05,5.060539359222976e-05,0.9551223895002796
GSE60012_tile_091,GSE60012,spleen,control,20.0,tissue_multiclass,logistic,False,spleen,spleen,1.1847247092471079e-05,0.009274566110641026,1.2184356428677528e-05,1.3764660650753898e-05,3.107590941171368e-05,4.129132657781933e-08,0.00010652837320664971,8.478355366968145e-05,9.39596020793606e-05,0.9903712488954931
GSE60012_tile_092,GSE60012,spleen,control,20.0,tissue_multiclass,logistic,False,spleen,spleen,5.2248256591172975e-06,0.0026593341422862806,3.5835040809087626e-06,3.7164785779966143e-06,2.7747726433170562e-05,1.3347546143399565e-08,1.496031746849407e-05,9.709102300288622e-06,7.89827494523742e-06,0.9972678122807025
GSE60012_tile_093,GSE60012,spleen,control,20.0,tissue_multiclass,logistic,False,spleen,spleen,6.564991971380333e-05,0.08262530169914444,2.4799736742913673e-05,2.9540035228259686e-05,9.194881276444489e-05,1.1983174720458574e-07,0.0004820673138229436,0.0002457681815319233,0.00012291276349575818,0.9163118917058084
GSE60012_tile_094,GSE60012,liver,control,20.0,tissue_multiclass,logistic,False,liver,liver,0.0011682898197365845,1.4763247408420284e-06,0.00013193110027401282,0.00042570124587963047,0.00018933139891852071,2.0035707122418305e-05,0.9980274734857798,1.8514762579843455e-05,2.4775212011999174e-07,1.699840284829447e-05
GSE60012_tile_095,GSE60012,spleen,control,20.0,tissue_multiclass,logistic,False,spleen,spleen,1.7937069276469724e-05,0.0379813208895172,3.9783898643029614e-05,6.542448893048909e-05,0.000165545740308756,6.372971338011208e-07,0.0007546704209857311,0.00020928176995867707,0.00021539257617775092,0.960550005849068
GSE60012_tile_096,GSE60012,spleen,control,20.0,tissue_multiclass,logistic,False,spleen,spleen,2.252908771408554e-05,0.002043799712058142,7.210647152149484e-06,6.535463194790961e-06,3.8060390123247256e-05,1.1622514471341947e-07,7.652293542818653e-05,3.925229080402709e-05,1.2560627976502203e-05,0.9977534126204042
GSE60012_tile_097,GSE60012,liver,control,1.0,tissue_multiclass,logistic,False,liver,liver,0.00013156467792582204,0.00019230774880822917,0.0002298048530321522,0.0014409502332180845,0.00037797236817540576,1.872222336241498e-05,0.990368582374436,0.001315112508176427,2.8989958628767384e-05,0.005895993054236657
GSE60012_tile_098,GSE60012,liver,control,1.0,tissue_multiclass,logistic,False,liver,liver,0.00012125708703368196,7.349646767560818e-05,0.0001555290880556559,0.0003224142236763134,0.0003094925556456212,1.0183230578809419e-05,0.9964729335309003,0.0010802781499951082,3.620045390375402e-05,0.0014182152125349955
GSE60012_tile_099,GSE60012,liver,control,1.0,tissue_multiclass,logistic,False,liver,liver,0.00010880973590601704,2.1938279232406686e-05,9.862910859634494e-05,0.0007062406151095697,0.00022249793498141748,5.718060175659126e-06,0.9974676751481901,0.0004786836652118352,7.484633947111447e-06,0.0008823228186496582
GSE60012_tile_100,GSE60012,liver,control,1.0,tissue_multiclass,logistic,False,liver,liver,0.0001775085544343276,8.89306072990113e-05,0.00034982596549899223,0.001718392416401536,0.0003569982914354275,1.2003233813143094e-05,0.9915594881687252,0.0014932725487937792,2.920199088667836e-05,0.004214378222711701
GSE60012_tile_101,GSE60012,liver,control,1.0,tissue_multiclass,logistic,False,liver,liver,0.00016866947936020077,0.00030982613294446574,0.00018461933072948483,0.0014269335247303612,0.0006557637558063063,1.5180063902474909e-05,0.9878470830870215,0.002327986964606328,7.019994794783127e-05,0.006993737712950944
GSE60012_tile_102,GSE60012,liver,control,1.0,tissue_multiclass,logistic,False,liver,liver,0.00024316690961209803,0.00017121263034134483,0.00019276685788614171,0.0016521100821946084,0.0006148513877253677,1.290139645317847e-05,0.98625831111993,0.0020444375995990888,6.378808742932767e-05,0.008746453928829067
GSE60012_tile_103,GSE60012,liver,control,1.0,tissue_multiclass,logistic,False,liver,liver,0.00042314595244245324,0.00018226957550769563,0.0003975728721889041,0.001988973710707097,0.0005597739933008797,3.253250302733543e-05,0.98028569990741,0.003690180988510551,5.0134089274838605e-05,0.01238971640763029
GSE60012_tile_104,GSE60012,liver,control,1.0,tissue_multiclass,logistic,False,liver,liver,0.00032725258531443623,6.878903781042038e-05,0.0003310392688543536,0.001657354114489756,0.0007091225546222859,2.2373225544218387e-05,0.9923461434934346,0.001722265385369822,3.501842302852966e-05,0.0027806419115314744
GSE60012_tile_105,GSE60012,liver,control,1.0,tissue_multiclass,logistic,False,liver,liver,0.00013064401336037877,0.0006544229365185293,0.0004946407565068465,0.002142183366581232,0.0008427638586635792,2.632298719310666e-05,0.9747843065975922,0.0025330137749545274,0.00041313917493037984,0.017978562533699116
GSE60012_tile_106,GSE60012,liver,control,1.0,tissue_multiclass,logistic,False,liver,liver,0.0001469422025425484,0.0006049684994818484,0.000467327452671998,0.002256091344863693,0.0007840852577914201,3.2473541502666626e-05,0.9840573899707825,0.003051917549563882,0.00017701017892988164,0.008421794001869617
GSE60012_tile_107,GSE60012,liver,control,3.0,tissue_multiclass,logistic,False,liver,liver,2.0802120860491296e-06,5.151966246942785e-09,1.9683203378770724e-06,5.618659518953462e-06,6.225521278545063e-06,4.6008658356122056e-07,0.9999832257975155,3.2254945991653214e-07,1.4146818400288205e-09,9.228657125343955e-08
GSE60012_tile_108,GSE60012,liver,control,3.0,tissue_multiclass,logistic,False,liver,liver,1.6278445355826966e-06,2.6910093426932907e-09,3.483997311772111e-07,2.5544021811739715e-06,6.126005474587457e-06,1.4259414390334166e-07,0.9999890593739259,1.3170085201547266e-07,1.1340740794048592e-09,5.854072372194952e-09
GSE60012_tile_109,GSE60012,liver,control,3.0,tissue_multiclass,logistic,False,liver,liver,9.590266764711693e-06,2.675562927514242e-09,2.315755308601706e-06,2.0474104480954142e-05,1.316728838357355e-05,6.294491924383836e-07,0.999949894204295,3.7557584464179984e-06,1.1912678075104389e-08,1.5858488733645165e-07
GSE60012_tile_110,GSE60012,liver,control,3.0,tissue_multiclass,logistic,False,liver,liver,4.16425504004918e-06,1.6998585048748793e-08,1.303458470687711e-06,8.876468375591644e-06,7.932881296904108e-06,2.8158079199654016e-07,0.9999755858663671,1.7185829870354258e-06,1.1045305924087824e-08,1.0886277975865012e-07
GSE60012_tile_111,GSE60012,liver,control,3.0,tissue_multiclass,logistic,False,liver,liver,6.260756064099648e-06,1.0941595383229085e-08,1.6355686840330537e-06,6.76226347588667e-06,1.0420696152287965e-05,3.5093351648021355e-07,0.9999736058060107,9.209988605185595e-07,3.3019664427245983e-09,2.873367422096238e-08
GSE60012_tile_112,GSE60012,liver,control,3.0,tissue_multiclass,logistic,False,liver,liver,5.657200321575998e-07,3.4701297206795155e-09,5.43267723163495e-07,4.7310098430110685e-06,5.478219431634569e-06,2.3225859306523842e-07,0.9999879973947707,4.2676396675455503e-07,8.247737985422326e-09,1.3647771614171585e-08
GSE60012_tile_113,GSE60012,liver,control,3.0,tissue_multiclass,logistic,False,liver,liver,9.123939009571815e-06,5.637489186887473e-09,1.2213431666681692e-06,4.760303584309371e-06,1.596802413503139e-05,2.7469659541765387e-07,0.999966732148485,1.8734660911680082e-06,1.2903133118492863e-08,2.753831043142077e-08
GSE60012_tile_114,GSE60012,liver,control,3.0,tissue_multiclass,logistic,False,liver,liver,3.846554605603462e-06,1.3854463063920254e-08,1.2394653574925903e-06,7.292237733283432e-06,1.4862730589199528e-05,6.209655035462104e-07,0.9999710230715111,1.0559772915281782e-06,1.1938797624809178e-08,3.320414748325707e-08
GSE60012_tile_115,GSE60012,spleen,control,1.0,tissue_multiclass,logistic,False,spleen,spleen,1.057943549227299e-05,0.014475281980062664,0.00023170778686130514,0.0023913861964677706,0.00021076663163030043,5.9945963409162915e-06,0.019288490690958976,0.014178583111496178,0.01752079013157639,0.9316864194391132
GSE60012_tile_116,GSE60012,liver,other_intervention,31.0,tissue_multiclass,logistic,False,liver,liver,7.182889969252297e-05,3.6509495253218315e-06,2.711392716946591e-05,0.000357248199783273,0.00010995276926319394,7.319222497084327e-06,0.9992782709322684,0.00010232931441912031,7.455317405623865e-07,4.154025364102033e-05
GSE60012_tile_117,GSE60012,liver,other_intervention,31.0,tissue_multiclass,logistic,False,liver,liver,0.00013569967749660098,5.203890728287238e-07,2.022472957901542e-05,0.00023400244867243655,9.513909506539495e-05,2.8707249745761815e-06,0.9994603968786553,4.8706247709549146e-05,1.4956123963401858e-07,2.2902475345673198e-06
GSE60012_tile_118,GSE60012,liver,other_intervention,31.0,tissue_multiclass,logistic,False,liver,liver,7.773121148834755e-06,2.2454742949794077e-06,4.703001277667798e-06,4.7990160193319445e-05,2.1965806589002878e-05,6.567583027240094e-07,0.9998470744563468,5.4459939339207697e-05,1.5798130235773836e-07,1.2973301205368355e-05
GSE60012_tile_119,GSE60012,liver,other_intervention,31.0,tissue_multiclass,logistic,False,liver,liver,3.8806539129155735e-05,6.50339895690493e-06,1.9246889985294905e-05,9.062568422462759e-05,7.904454665273702e-05,2.165134995310595e-06,0.999616463477979,7.916983316339956e-05,4.5752274626350225e-07,6.751697216737878e-05
GSE60012_tile_120,GSE60012,liver,control,20.0,tissue_multiclass,logistic,False,liver,liver,1.5064586393983953e-05,9.782420980343214e-06,4.16975734707126e-05,0.001654366216589718,8.119710118535602e-05,5.405769699657455e-06,0.9970539976229302,0.0010796545298875568,2.9763685166513328e-05,2.907049369593968e-05
GSE60012_tile_121,GSE60012,liver,control,20.0,tissue_multiclass,logistic,False,liver,liver,8.080825312549776e-06,1.869885975479778e-08,2.082587558396171e-06,4.871204339858136e-05,1.5992970712293775e-05,6.005926501515214e-07,0.9999168376518897,6.6390791084470146e-06,1.1930136929053802e-07,9.162491410395053e-07
GSE60012_tile_122,GSE60012,liver,control,20.0,tissue_multiclass,logistic,False,liver,liver,7.427660250995876e-06,3.10194031527456e-09,1.35250520328989e-06,1.4193404383540206e-05,1.0218446042248461e-05,4.3574148720007326e-07,0.9999576459970804,8.564466083940058e-06,1.4495280424035334e-08,1.4418224751850334e-07
GSE60012_tile_123,GSE60012,liver,control,20.0,tissue_multiclass,logistic,False,liver,liver,5.3402904717027634e-05,7.473829489281738e-08,8.798840423087865e-06,9.535135754527078e-05,3.0587162559648316e-05,3.7180602467790887e-06,0.9997930359979107,1.3295080982065379e-05,2.1964908636644083e-07,1.5162082341630272e-06
GSE60012_tile_124,GSE60012,muscle,control,3.0,tissue_multiclass,logistic,False,muscle,muscle,0.00011648655692188252,7.261536934509782e-09,0.00016307583461739488,5.029864873814498e-05,2.50984600072048e-06,7.326705912539409e-05,2.243869986102637e-07,2.3300820996399605e-05,0.9995474216460668,2.3407938997636453e-05
GSE60012_tile_125,GSE60012,muscle,control,3.0,tissue_multiclass,logistic,False,muscle,muscle,0.00023310700921893863,4.932438073779911e-08,0.00017016926357278083,0.000145891771844601,8.665444314598745e-06,0.00012132920653845831,4.919543404387852e-07,2.3072399563400225e-05,0.9992921476764516,5.075949774642738e-06
GSE60012_tile_126,GSE60012,muscle,control,20.0,tissue_multiclass,logistic,False,muscle,muscle,0.003757230210682065,0.0002023314903376743,0.001426952161949168,0.005143270165108943,0.0004201223906717464,0.00010676225046335117,0.0002465547604197978,0.0006430747850537542,0.9613733462044323,0.026680355580881204
GSE60012_tile_127,GSE60012,muscle,control,20.0,tissue_multiclass,logistic,False,muscle,muscle,0.00284636667176624,0.0009403550827641048,0.00511515863622968,0.005099117577311236,0.0021090271656914127,0.00030085117080794215,0.0010201257516974517,0.0031296476171160724,0.5190016669911333,0.4604376833354826
GSE60012_tile_128,GSE60012,muscle,control,20.0,tissue_multiclass,logistic,False,muscle,muscle,9.27394762341798e-05,8.276964122729263e-09,9.654308876167801e-05,5.151786661190833e-05,3.5379644503184487e-06,4.044558880880194e-05,3.8314651683696797e-07,1.411514171926027e-05,0.9996841501891439,1.6559260788900693e-05
GSE60012_tile_129,GSE60012,muscle,control,20.0,tissue_multiclass,logistic,False,muscle,muscle,8.281863166526693e-06,8.263325322936423e-09,7.1617109358056265e-06,6.141906047756515e-05,9.084875230758703e-07,7.277386974160159e-06,9.705935900937799e-08,6.5688818944028265e-06,0.9999076129497749,6.643365691979171e-07
GSE60012_tile_130,GSE60012,muscle,control,20.0,tissue_multiclass,logistic,False,muscle,muscle,0.0021392044115363757,8.309431246521954e-07,0.0006411934812931246,0.000540904638032703,4.503647969954435e-05,0.00023379472338601285,8.040536431790338e-06,0.00019372597993965533,0.9958750432367754,0.00032222556978079084
GSE60012_tile_131,GSE60012,muscle,control,20.0,tissue_multiclass,logistic,False,muscle,muscle,0.0008284880973082145,1.560802975957395e-07,0.00013907665493157584,0.0003824441926890827,6.835412161584812e-06,7.0156005506308e-05,1.161995136046523e-06,1.915339789850792e-05,0.9985412111985864,1.1316965484631344e-05
GSE60012_tile_132,GSE60012,muscle,control,20.0,tissue_multiclass,logistic,False,muscle,muscle,3.741925445543504e-05,4.4543141795282665e-09,2.154216325114433e-05,7.864479469421054e-05,1.5095106545880594e-06,2.7303609656221102e-05,1.517208932885736e-07,1.1487956885955487e-05,0.9998208697809025,1.0667542924404877e-06
GSE60012_tile_133,GSE60012,muscle,control,20.0,tissue_multiclass,logistic,False,muscle,muscle,0.0005519043249868885,5.901628792013176e-09,5.997334186460308e-05,0.0002513115138136835,1.950890494322356e-06,7.580570904382884e-05,3.493459794428092e-07,1.3712575611048177e-05,0.9990413791486156,3.607247961679359e-06
GSE60012_tile_134,GSE60012,muscle,control,20.0,tissue_multiclass,logistic,False,muscle,muscle,6.769225404491106e-05,1.1831083443185833e-08,2.918850659366666e-05,0.0001265743717363455,1.5421109912982045e-06,2.1295160170194753e-05,1.751761550727537e-07,9.433765595727283e-06,0.9997408679889596,3.218834669835236e-06
GSE60012_tile_135,GSE60012,muscle,control,20.0,tissue_multiclass,logistic,False,muscle,muscle,1.4427475162048335e-05,1.6392745948421915e-09,2.175309801919809e-05,0.00011126604806238692,5.814253977166406e-07,1.122610043415908e-05,9.235098896543948e-08,1.1159119200843194e-05,0.999828642783675,8.499597851658899e-07
GSE60012_tile_136,GSE60012,muscle,control,20.0,tissue_multiclass,logistic,False,muscle,muscle,2.015160650710045e-05,2.7602750393008944e-09,1.538472016910543e-05,4.8703976615392625e-05,1.2227021287600817e-06,1.9221958276401774e-05,9.714290243999895e-08,7.014021280091941e-06,0.9998870516123384,1.1494995074666321e-06
GSE60012_tile_137,GSE60012,muscle,control,20.0,tissue_multiclass,logistic,False,muscle,muscle,6.071479139354182e-05,1.5177315849342493e-09,1.8024541846984326e-05,6.225396886238323e-05,7.446198156606001e-07,1.2840216407694369e-05,5.427359653210921e-08,3.588719098165276e-06,0.999840758758538,1.0185927094599493e-06
GSE60012_tile_138,GSE60012,muscle,control,20.0,tissue_multiclass,logistic,False,muscle,muscle,0.00012470595849736437,3.165651039472599e-08,9.794080795737342e-05,0.00033775606110686136,6.2668601774202486e-06,4.4690599736468706e-05,7.529896270419163e-07,2.8276667303732655e-05,0.9992971290457644,6.244935331898573e-05
GSE60012_tile_139,GSE60012,muscle,control,20.0,tissue_multiclass,logistic,False,muscle,muscle,0.00029048486908993997,5.3383500336165436e-08,0.00017289370042589607,0.00028256441124567056,1.1571856862559156e-05,0.00011058840940791141,8.653316073883229e-07,2.777630665052218e-05,0.9990785586283872,2.4643102822543355e-05
GSE60012_tile_140,GSE60012,muscle,control,20.0,tissue_multiclass,logistic,False,muscle,muscle,8.862452148248702e-05,5.960715360550657e-09,4.2673638350710714e-05,0.00010477495734486988,1.9437770716642816e-06,2.4349702553882095e-05,1.3852063443967905e-07,7.085470063893891e-06,0.9997253816807684,5.021771014220863e-06
GSE60012_tile_141,GSE60012,muscle,control,3.0,tissue_multiclass,logistic,False,muscle,muscle,0.000144878546716887,2.20997519211214e-08,0.00023025175792553549,8.194067828621512e-05,3.2112465346364244e-06,9.468331135261261e-05,1.8725172953119417e-07,2.462089639113417e-05,0.9994155196119953,4.684599316405155e-06
GSE60012_tile_142,GSE60012,muscle,control,3.0,tissue_multiclass,logistic,False,muscle,muscle,0.002896609219621594,5.005817552044532e-07,0.001725382792261696,0.000538626706490425,8.602037063119609e-06,0.00021942429216499157,2.665970584824804e-06,0.00017478496380689815,0.9944281397809783,5.2636552729294455e-06
GSE60012_tile_143,GSE60012,muscle,control,3.0,tissue_multiclass,logistic,False,muscle,muscle,0.0022141720697159456,4.7554771038356664e-07,0.0004975375642441151,0.0006057804999382708,2.299288107632389e-05,0.00013124060523185237,2.122623771501821e-06,0.00011908932910595208,0.9963397303300018,6.685854920383665e-05
GSE60012_tile_144,GSE60012,muscle,control,3.0,tissue_multiclass,logistic,False,muscle,muscle,0.0022865424317979163,2.752922369968086e-06,0.0010039484461817343,0.0011134473503124302,5.5856743567258034e-05,0.0003045861693852789,7.312087547154386e-06,0.000180931490939638,0.9945793124436876,0.00046530991421112495
GSE60012_tile_145,GSE60012,muscle,control,3.0,tissue_multiclass,logistic,False,muscle,muscle,0.00010240568938821332,3.611222669858115e-09,2.9879839846344917e-05,2.8254545039708527e-05,5.624146203978941e-07,2.8763066618443457e-05,8.538964582017191e-08,1.231500629750607e-05,0.9997963132445373,1.417192783570903e-06
GSE60012_tile_146,GSE60012,muscle,control,3.0,tissue_multiclass,logistic,False,muscle,muscle,0.0005025443236178302,1.4367517036911758e-08,0.00017753144977234733,0.00016239882947011018,4.609081438149534e-06,0.00019936549863756647,3.145103502956561e-07,5.5619896216231724e-05,0.9988837969770746,1.3805065905864629e-05
GSE60012_tile_147,GSE60012,muscle,control,3.0,tissue_multiclass,logistic,False,muscle,muscle,9.131697166201443e-05,4.2351066726267006e-09,6.183832361827322e-05,4.116391287718533e-05,2.096565411914282e-06,0.00010810337129864776,6.492096908516237e-08,6.9668650900123035e-06,0.9996875484700437,8.963639224070019e-07
GSE60012_tile_148,GSE60012,muscle,control,3.0,tissue_multiclass,logistic,False,muscle,muscle,0.0009607782934095876,2.3252061322264893e-07,0.0005256762426488274,0.0004177550454525178,2.3032398747777763e-05,0.00022737575669663665,2.5744060729981003e-06,0.0001050125939164929,0.9975740241832018,0.00016353855924026422
GSE60012_tile_153,GSE60012,spleen,control,1.0,tissue_multiclass,logistic,False,spleen,spleen,8.423748580421707e-06,0.022200936631443825,0.0001123994070689442,0.0007925253699584383,0.00014408889681751286,5.663101644656175e-06,0.017007278693271812,0.002630657296622239,0.0026055671121241377,0.954492459742468
GSM6590383,GSE213628,intestine,control,17.383,tissue_multiclass,logistic,False,intestine,intestine,4.066885262820964e-07,5.282245311205176e-08,1.8631392178063528e-06,2.13713319847005e-06,0.9998592715744858,3.3852800424170657e-06,0.00013283656533235282,4.1056233923341714e-08,1.6394912285865208e-10,5.576560624017837e-09
GSM6590384,GSE213628,intestine,control,17.383,tissue_multiclass,logistic,False,intestine,intestine,5.417519398109096e-08,9.228020426594714e-09,9.44258565464507e-07,7.115199594866189e-07,0.9998688295058629,3.2176029387629096e-06,0.00012620623728499186,2.7288679314246372e-08,2.7702712111706716e-11,1.557922447076813e-10
GSM6590385,GSE213628,intestine,control,17.383,tissue_multiclass,logistic,False,intestine,intestine,2.7372732546775368e-06,1.3328984666148982e-08,8.237577222527918e-06,3.30161923443072e-06,0.9999508718444458,1.1238927050908836e-05,2.2527593593593258e-05,1.0710255684586685e-06,8.383737711730091e-11,7.268074367989607e-10
GSM6590386,GSE213628,intestine,control,17.383,tissue_multiclass,logistic,False,intestine,intestine,5.834106085752186e-08,6.425806131205356e-09,1.4312824786197324e-06,1.7877333656323855e-06,0.9998052542513102,2.7525862067341004e-06,0.0001881855337859339,5.233303765460131e-07,4.3309896576889435e-11,4.722994524038113e-10
GSM6590387,GSE213628,intestine,control,17.383,tissue_multiclass,logistic,False,intestine,intestine,3.911460481921866e-06,1.111379915233815e-07,5.062116833745862e-06,5.329874865129002e-06,0.9997906685685661,4.40963956624226e-06,0.00018973100651972948,7.677655668041986e-07,6.21381988447157e-11,8.367470693603355e-09
GSM6590388,GSE213628,intestine,control,17.383,tissue_multiclass,logistic,False,intestine,intestine,1.6409214266635396e-07,3.1547309560606996e-09,2.7951499393920222e-06,8.100806443494174e-06,0.9999334794959366,4.891758272603156e-06,5.000062001058487e-05,5.404746681400011e-07,4.908581041838829e-12,2.444294693536639e-08
GSM6590389,GSE213628,intestine,control,17.383,tissue_multiclass,logistic,False,intestine,intestine,8.120643180689041e-08,3.4560966102967e-08,6.274352420802636e-06,1.7891260342400394e-05,0.9972847208329839,1.9801110522257178e-05,0.0026654928101335048,5.700151657092086e-06,1.0557641251887719e-09,2.6587779715223557e-09
GSM6590390,GSE213628,intestine,control,17.383,tissue_multiclass,logistic,False,intestine,intestine,3.350817714843348e-08,5.705331310843302e-09,1.2583354371606847e-06,2.3837445394970237e-06,0.9995038554337662,3.026677372171559e-06,0.0004892961993131022,1.3988460587565462e-07,4.284239757417513e-11,4.686151398791459e-10
GSM6590391,GSE213628,intestine,control,17.383,tissue_multiclass,logistic,False,intestine,intestine,2.0570698291640266e-07,3.204722821694654e-07,1.4138564006708239e-05,4.030837717657339e-06,0.999833613609606,3.204739483104094e-05,0.00011386494546754558,1.7720758225544698e-06,1.7213072075948354e-09,4.671976347269078e-09
GSM6590392,GSE213628,intestine,control,17.383,tissue_multiclass,logistic,False,intestine,intestine,1.0351852956685032e-05,1.428586685895425e-07,4.289716698782209e-05,8.712027862095022e-06,0.9997193284340682,0.0001101838086397635,9.221563549565368e-05,1.616052540339048e-05,3.08499705046299e-09,4.604920784784667e-09
GSM6590393,GSE213628,intestine,control,17.383,tissue_multiclass,logistic,False,intestine,intestine,9.258361910349239e-07,4.1392864270625195e-08,4.633205978565198e-06,1.10056175143089e-06,0.9999408720534946,1.3175686273102489e-05,3.913763994858342e-05,1.1339039489346737e-07,2.2019900980995557e-11,2.110834413841083e-10
GSM6590394,GSE213628,intestine,control,17.383,tissue_multiclass,logistic,False,intestine,intestine,5.513444179797318e-06,1.1075882536705935e-07,3.291106192951606e-05,4.6556209930601785e-06,0.9997820480492192,0.00012587747595415804,3.9182548903524953e-05,9.697508545861216e-06,2.23303920020817e-09,1.298410426678841e-09
GSM6590395,GSE213628,intestine,control,52.149,tissue_multiclass,logistic,False,intestine,intestine,2.87156102295155e-08,2.125269026524422e-09,6.509308465169669e-07,2.3665670480322913e-06,0.9999849091645263,2.2285841192486756e-06,9.697747158663681e-06,1.1358885009818779e-07,1.3237918191250341e-12,2.5752480925346127e-09
GSM6590396,GSE213628,intestine,control,52.149,tissue_multiclass,logistic,False,intestine,intestine,1.1630534321042876e-07,5.653768642028138e-09,6.114373024182215e-07,9.790720638967903e-07,0.999980804286782,1.3332259245732147e-06,1.610334109478835e-05,4.652788533818036e-08,4.653362697288754e-12,1.4518178193081838e-10
GSM6590397,GSE213628,intestine,control,52.149,tissue_multiclass,logistic,False,intestine,intestine,1.2824917124073207e-07,4.482319731995068e-09,1.1141504451828191e-06,1.674474008650302e-06,0.9999697155410526,2.101957650751749e-06,2.5163645243450432e-05,9.729887950194402e-08,4.214568370020413e-12,1.9701453820327658e-10
GSM6590398,GSE213628,intestine,control,52.149,tissue_multiclass,logistic,False,intestine,intestine,3.97812777243627e-08,6.3943549433356174e-09,6.085806228380222e-07,2.2738585165865083e-06,0.9999376694623436,1.3644641587703092e-06,5.785865785176264e-05,1.7839767214785903e-07,2.6182952284616174e-11,3.770187572178463e-10
GSM6590399,GSE213628,intestine,control,52.149,tissue_multiclass,logistic,False,intestine,intestine,1.915274115460534e-06,1.4217229657701269e-07,1.528769196055442e-05,1.3081922249465637e-05,0.999869321697035,5.677005207919242e-05,3.272845695287065e-05,1.0750637111814501e-05,1.5520634822905304e-09,5.44135560198172e-10
GSM6590400,GSE213628,intestine,control,52.149,tissue_multiclass,logistic,False,intestine,intestine,2.206048924485806e-06,2.5708424078655315e-07,1.9066181366620886e-05,1.4750298781173255e-05,0.9998359788206664,5.572686096979176e-05,5.8826950242683634e-05,1.3184562138085419e-05,2.40455439297327e-09,7.881152764594087e-10
GSM6590401,GSE213628,intestine,control,52.149,tissue_multiclass,logistic,False,intestine,intestine,9.334098411060919e-08,2.7327742885473356e-08,4.5178440878281176e-06,2.615406705146492e-06,0.9999329079231005,3.4203889028408045e-05,2.4305715103110613e-05,1.3227459220966727e-06,2.8533683518763543e-11,5.778792393062203e-09
GSM6590402,GSE213628,intestine,control,52.149,tissue_multiclass,logistic,False,intestine,intestine,9.262606396932275e-08,5.3731316025032194e-08,3.705006868508928e-06,1.0741748112132152e-06,0.9999414701289137,1.581259850312452e-05,3.727593082047273e-05,5.153237646835604e-07,2.9353412497595375e-10,1.8540418736431445e-10
GSM6590403,GSE213628,intestine,control,78.223,tissue_multiclass,logistic,False,intestine,intestine,1.2827802254709287e-06,1.153689847687886e-07,3.5015055190463844e-06,1.2799382589887708e-05,0.9999263061228953,4.849574067310478e-06,5.039228144155699e-05,7.463607280752111e-07,8.16482487603085e-11,6.541900464167668e-09
GSM6590404,GSE213628,intestine,control,78.223,tissue_multiclass,logistic,False,intestine,intestine,1.179325725033198e-05,0.00013651516415734785,6.545280358952227e-05,0.0001979207052803577,0.9981312650266287,9.14027214790232e-06,0.001392892868720693,4.1567549171343786e-05,6.301405286977611e-08,1.3389339000888096e-05
GSM6590405,GSE213628,intestine,control,78.223,tissue_multiclass,logistic,False,intestine,intestine,1.0993520416374624e-06,5.095334966098845e-09,2.9033466067831075e-06,5.366866045009199e-06,0.9999771064997234,3.1578071398710517e-06,9.76861922257224e-06,5.919721381660071e-07,8.38089066502189e-12,4.333664396771809e-10
GSM6590406,GSE213628,intestine,control,78.223,tissue_multiclass,logistic,False,intestine,intestine,2.0921887367252642e-08,8.611063132311882e-09,1.0308889017307976e-06,1.651159689245463e-06,0.9999382066055067,2.538731287729478e-06,5.651007789969297e-05,3.268908736350126e-08,4.001306515883221e-11,2.746638649017893e-10
GSM6590407,GSE213628,intestine,control,78.223,tissue_multiclass,logistic,False,intestine,intestine,1.5667649909508445e-08,8.99264528957832e-09,2.972785721869933e-07,4.793265220492657e-06,0.9998675172524973,6.860251861304432e-07,0.00012663694158177548,4.410624854150005e-08,2.974600613268254e-11,4.4065246810254375e-10
GSM6590408,GSE213628,intestine,control,78.223,tissue_multiclass,logistic,False,intestine,intestine,1.6626509193827707e-05,1.4635358328613842e-05,4.843260537806654e-05,0.00039875409024858565,0.9988435944451097,8.556931908061274e-06,0.0005259564823348412,0.0001078799617312399,2.2659638906630334e-08,3.5540956128181554e-05
GSM6590409,GSE213628,intestine,control,78.223,tissue_multiclass,logistic,False,intestine,intestine,1.2879875775803285e-07,1.8118748192787254e-09,5.430851223382779e-07,1.3649661083269938e-06,0.999977789896535,5.962844356977507e-07,1.950886561620932e-05,6.61091061582805e-08,2.1712008934271485e-12,1.802726377311692e-10
GSM6590410,GSE213628,intestine,control,78.223,tissue_multiclass,logistic,False,intestine,intestine,3.406703912706224e-08,9.810026939507226e-10,5.350747199342321e-07,8.321759297956343e-06,0.9999773348489561,1.8508693195714098e-06,1.1726565753239337e-05,1.8781301703851488e-07,6.191232784061554e-13,8.020275479867537e-09
GSM6590411,GSE213628,intestine,control,78.223,tissue_multiclass,logistic,False,intestine,intestine,3.001630829551238e-07,2.775175607993186e-07,9.893221998310697e-06,7.863841988973038e-06,0.9998742242993531,3.257137327181284e-05,7.352697118381863e-05,1.1323850248313836e-06,1.1996035239782356e-10,2.1010657509766476e-07
GSM6590412,GSE213628,intestine,control,78.223,tissue_multiclass,logistic,False,intestine,intestine,0.0007233220117248746,0.019084073016643187,0.002125704585338482,0.0015296116172423533,0.8950153595634989,0.00017620382184514952,0.011905418943917032,0.003298965765003711,1.6800899507714792e-05,0.06612453977527856
GSM6590413,GSE213628,intestine,control,78.223,tissue_multiclass,logistic,False,intestine,intestine,1.3384928946629763e-07,7.003523459201577e-09,1.9552974524419752e-06,1.8323532144438289e-06,0.9999775587880882,9.78483778213181e-06,8.499331670688575e-06,2.202475199120643e-07,3.0914456336673822e-12,8.28836794815193e-09
GSM6590414,GSE213628,intestine,control,78.223,tissue_multiclass,logistic,False,intestine,intestine,1.202247206124718e-07,5.420479647415366e-08,1.9327677857562207e-06,9.171526652216093e-07,0.9999491839136665,1.0117925257986868e-05,3.734031655722023e-05,3.325634329917461e-07,3.4157417180392464e-10,5.895431180352732e-10
GSM6590415,GSE213628,intestine,control,104.297,tissue_multiclass,logistic,False,intestine,intestine,2.669060358345842e-07,1.511438534885636e-08,5.141252842151947e-07,1.0780253797191282e-06,0.9999653032903784,1.0050643612883539e-06,3.1789986806483265e-05,2.4901841152203356e-08,1.5371794712234806e-11,2.57015579567696e-09
GSM6590416,GSE213628,intestine,control,104.297,tissue_multiclass,logistic,False,intestine,intestine,5.194022812752191e-07,2.260592620893969e-08,5.033757372606609e-07,6.518018805627322e-07,0.9999836424824947,1.4042740319486678e-06,1.3219075993282158e-05,3.631402316971799e-08,1.0393531980555873e-11,6.572381794967913e-10
GSM6590417,GSE213628,intestine,control,104.297,tissue_multiclass,logistic,False,intestine,intestine,1.1506927710204317e-08,6.6585302304668026e-09,6.565898032633309e-08,6.624259430867764e-07,0.9999826289361073,4.493350835074968e-07,1.617090763015539e-05,4.560920874754352e-09,2.0932423357969327e-12,7.78364892684339e-12
GSM6590418,GSE213628,intestine,control,104.297,tissue_multiclass,logistic,False,intestine,intestine,1.6117277608279612e-08,3.71229735755328e-09,2.738767282608679e-07,3.232457533079063e-07,0.9999877938626575,8.239800456140884e-07,1.075408901880087e-05,1.1076101426516512e-08,5.79288819565196e-12,3.4327467886829787e-11
GSM6590419,GSE213628,intestine,control,104.297,tissue_multiclass,logistic,False,intestine,intestine,5.554197151090474e-08,1.757666516604332e-08,2.2797895688123575e-07,3.92066684408372e-06,0.9999573504638843,3.9860061490862493e-07,3.8009740813419e-05,1.4913088622972722e-08,1.9498824235524538e-11,4.497662108749547e-09
GSM6590420,GSE213628,intestine,control,104.297,tissue_multiclass,logistic,False,intestine,intestine,2.774660731069828e-07,7.467633137222158e-08,7.623490506550386e-07,4.448851454546536e-06,0.99990618453065,1.7367107512395381e-06,8.616006302517778e-05,3.3193902120721194e-07,2.5314430405317755e-10,2.3160497996031297e-08
GSM6590421,GSE213628,intestine,control,104.297,tissue_multiclass,logistic,False,intestine,intestine,1.9372506831324416e-08,9.873959565845263e-10,1.3447103070567224e-07,9.572895894782284e-07,0.9999793298655246,3.4666034484350636e-07,1.9184387165292977e-05,2.686174408989151e-08,1.6827570156344538e-12,1.0301553058750422e-10
GSM6590422,GSE213628,intestine,control,104.297,tissue_multiclass,logistic,False,intestine,intestine,6.21963047996911e-09,2.7401691611778974e-09,2.2250602562438878e-07,1.7484790686753364e-06,0.9999225286882774,7.411328149543426e-07,7.472492118823374e-05,2.500196198928991e-08,4.285798858035037e-11,2.6800570409031457e-10
GSM6590423,GSE213628,intestine,control,104.297,tissue_multiclass,logistic,False,intestine,intestine,3.6955566676140325e-07,1.5202683411498482e-07,4.095490023212671e-06,1.2185363733342002e-05,0.9999271127498776,6.365431441647163e-06,4.88383004090415e-05,7.606955124067639e-07,4.822050132489154e-11,1.2033828095087068e-07
GSM6590424,GSE213628,intestine,control,104.297,tissue_multiclass,logistic,False,intestine,intestine,9.320156835051163e-08,1.4653913694454664e-07,2.2855749348927788e-06,1.5885733666875816e-06,0.9999545685825378,8.43809132036919e-06,3.233332555190578e-05,5.433980460996223e-07,7.58348674514734e-10,1.955188046209487e-09
GSM6590425,GSE213628,intestine,control,104.297,tissue_multiclass,logistic,False,intestine,intestine,2.6991078148899268e-05,5.390914619215051e-08,7.753005094084024e-06,8.078494406666652e-05,0.9996279957168357,0.00022668012676296364,2.8957660572383527e-05,1.8215387254409968e-07,3.5279611521024307e-10,6.010527044808485e-07
GSM6590426,GSE213628,intestine,control,104.297,tissue_multiclass,logistic,False,intestine,intestine,1.7916737332222236e-06,3.1930682608743046e-08,4.400549709007427e-06,2.0160912120787067e-06,0.999966711487388,1.4768097294668455e-05,9.450457578519572e-06,8.294294448521301e-07,1.2959026485781557e-10,1.5336670630862802e-10
GSM6590427,GSE213628,blood,control,17.383,tissue_multiclass,logistic,False,blood,blood,1.961463860235751e-05,0.517103558504069,1.1604040580158948e-05,8.932290233372415e-06,6.164771661994829e-05,2.67080163189057e-08,0.0003507159076319275,5.550676062341897e-05,1.0837729752140255e-05,0.48237755570387136
GSM6590428,GSE213628,blood,control,17.383,tissue_multiclass,logistic,False,blood,spleen,0.00012064654844031195,0.3890579765664382,2.889473717530481e-05,2.758143451589791e-05,0.00016315798828654387,1.0355030085525796e-07,0.0009763055664234596,7.332332814241427e-05,1.0467906920087238e-05,0.609541542373357
GSM6590429,GSE213628,blood,control,17.383,tissue_multiclass,logistic,False,blood,spleen,1.8882861353308828e-06,0.3016866088400223,1.0093767345132271e-05,1.424847020796911e-05,0.00010278744620702809,1.5303579075825826e-07,0.0001784762696438432,2.52674817076015e-05,1.1267192839426082e-05,0.6979692092101006
GSM6590430,GSE213628,blood,control,52.149,tissue_multiclass,logistic,False,blood,blood,0.00011526821760499515,0.8549759765416837,1.8189910420205135e-05,2.87886916074755e-05,0.001244638933128707,1.530491516346638e-07,0.00014693726211523648,3.558294306519382e-05,2.6745711468097753e-05,0.14340771873975472
GSM6590431,GSE213628,blood,control,52.149,tissue_multiclass,logistic,False,blood,blood,3.456270170504899e-05,0.7535593000709433,1.594013962947026e-05,1.769309161575803e-05,0.00028715847280409316,2.825429855857575e-07,0.0005622581954297115,2.920648623034434e-05,4.2620213181032496e-06,0.24548933627733843
GSM6590432,GSE213628,blood,control,52.149,tissue_multiclass,logistic,False,blood,spleen,2.927791631338753e-05,0.46404411338233953,8.914191737531488e-06,7.546254882640038e-06,0.0002352943500009233,3.045297977633425e-08,2.9475440125379862e-05,4.5661723738313e-05,3.5630682048555093e-06,0.5355961232196776
GSM6590433,GSE213628,blood,control,104.297,tissue_multiclass,logistic,False,blood,blood,4.3689610461668054e-05,0.8196615759211211,1.4298153282061085e-05,9.77738866539086e-06,0.00028078089443659446,4.105762556867504e-08,6.671148891506401e-05,2.1876675527460757e-05,2.3030139445054457e-06,0.1798989457960207
GSM6590434,GSE213628,blood,control,104.297,tissue_multiclass,logistic,False,blood,blood,6.2444996290275535e-06,0.8675787407911439,8.279455656400718e-06,4.354793855917278e-06,0.00012361338081040712,2.7874180236905206e-08,8.777386483902794e-05,1.724346285432041e-05,1.0440607617854128e-05,0.13216328126941304
GSM6590435,GSE213628,blood,control,104.297,tissue_multiclass,logistic,False,blood,spleen,1.2036917794224766e-05,0.2684270463757423,6.293772669763454e-06,7.852423469177303e-06,4.6566520396181064e-05,1.879988053272081e-08,0.000145236269089735,4.387893602875032e-05,1.90682154618815e-05,0.7312920017694675
GSM6590436,GSE213628,blood,control,104.297,tissue_multiclass,logistic,False,blood,spleen,1.1293278311465294e-05,0.13983957445621206,3.2125279471250907e-06,1.5435209810296981e-06,5.186563710362349e-05,2.733582801239731e-08,4.515433643447073e-05,4.3662114146206426e-05,2.587511840225723e-06,0.8600010792811957
GSM6590437,GSE213628,heart,control,17.383,tissue_multiclass,logistic,False,heart,heart,0.00046784769732541743,2.400654870336422e-10,5.9021512306502386e-05,0.999224643831881,2.230621071206748e-05,3.936692990468491e-06,4.995351671701609e-05,5.770667729603346e-05,3.532910954016117e-06,0.0001110507097520586
GSM6590438,GSE213628,heart,control,17.383,tissue_multiclass,logistic,False,heart,heart,0.000318376253534936,8.531893140126961e-11,2.5073333398543374e-05,0.9995081081667765,6.24553353649509e-06,1.6345286919491502e-06,3.416511911399693e-05,4.366550084844086e-05,4.771947873285747e-06,5.795953090705036e-05
GSM6590439,GSE213628,heart,control,17.383,tissue_multiclass,logistic,False,heart,heart,0.0005277506908836794,2.941187088187108e-09,7.256686712294643e-05,0.999197518313165,1.2798870384032405e-05,2.474838412252439e-06,1.605547397215114e-05,0.00010876995898180387,5.545828646672906e-06,5.6516217244280764e-05
GSM6590440,GSE213628,heart,control,17.383,tissue_multiclass,logistic,False,heart,heart,0.0012522559764590185,1.0862290824276427e-09,7.256633481140361e-05,0.9985321662315058,2.0125917592320497e-05,3.0816785202337846e-06,2.1379951995738124e-05,4.978840521457954e-05,8.45713008666045e-06,4.0177287585296416e-05
GSM6590441,GSE213628,heart,control,17.383,tissue_multiclass,logistic,False,heart,heart,0.00031979448679361793,7.18321000171437e-10,4.4120722545942394e-05,0.999574314247395,9.818876556566203e-06,1.5100597360484137e-06,1.7838703616865534e-05,1.489873678814282e-05,5.108886952694744e-06,1.2594561294050244e-05
GSM6590442,GSE213628,heart,control,17.383,tissue_multiclass,logistic,False,heart,heart,0.0002244290831077582,1.049063352167802e-09,3.1933876978239046e-05,0.999555420378269,6.945185214586817e-06,3.353173301660065e-06,1.784361193413877e-05,6.684984206966235e-05,9.990473988911659e-06,8.323332607241554e-05
GSM6590443,GSE213628,heart,control,52.149,tissue_multiclass,logistic,False,heart,heart,0.0012640030881579645,2.2736041618128447e-10,5.7715882807803495e-05,0.9985385813335095,9.415832255032304e-06,1.4503759591095068e-06,7.345459346645668e-06,5.528407421007912e-05,2.0269441679023385e-06,6.417678222564024e-05
GSM6590444,GSE213628,heart,control,52.149,tissue_multiclass,logistic,False,heart,heart,0.00038340295161101403,2.6681330159602235e-10,2.7351844142354595e-05,0.999489342461753,8.604547717900766e-06,1.1626229713042948e-06,7.083500250658716e-06,3.897817501879559e-05,2.930388328705309e-06,4.114324139287793e-05
GSM6590445,GSE213628,heart,control,52.149,tissue_multiclass,logistic,False,heart,heart,8.779312517040282e-05,1.7822351341793875e-10,2.494631265861164e-05,0.9998391606720525,2.5852288030225745e-06,4.4080335131942143e-07,7.254287539126407e-06,1.6615036835693424e-05,2.8345638185108902e-06,1.8369791547484764e-05
GSM6590446,GSE213628,heart,control,52.149,tissue_multiclass,logistic,False,heart,heart,1.8437154610311214e-05,4.30204502237477e-09,2.193513345748789e-05,0.9998430272018956,4.001834427313269e-06,4.017678404408059e-07,2.602940730436853e-05,4.0050146151701965e-05,2.0828768699059058e-05,2.5284283568864615e-05
GSM6590447,GSE213628,heart,control,52.149,tissue_multiclass,logistic,False,heart,heart,0.001383439845919359,2.7185604892037072e-09,5.7640847802242205e-05,0.9980351975104252,2.8025532258582485e-05,5.073930055670559e-06,0.0001319835955293555,0.00013140312822301358,6.890076038446225e-06,0.00022034281518780045
GSM6590448,GSE213628,heart,control,52.149,tissue_multiclass,logistic,False,heart,heart,0.00012384313857182177,4.963279169012093e-10,2.593254275441291e-05,0.9997532116658627,5.688994669770594e-06,9.554833408215675e-07,1.5111533982892115e-05,3.576661666901615e-05,5.7992852137113435e-06,3.369024260691604e-05
GSM6590449,GSE213628,heart,control,104.297,tissue_multiclass,logistic,False,heart,heart,0.00097251782480002,1.7283383116816267e-09,8.716939052186973e-05,0.9987271268922768,1.6631197812827723e-05,2.323572836257132e-06,1.6957758461656186e-05,0.00011199516899357372,9.083480633345609e-06,5.619298532534084e-05
GSM6590450,GSE213628,heart,control,104.297,tissue_multiclass,logistic,False,heart,heart,0.0015246956163439155,2.6516817145184043e-09,0.00011485928902594503,0.9978763143927813,2.1408861082679077e-05,3.1812822064777736e-06,3.83002564396173e-05,8.970204252849517e-05,6.551612977330648e-06,0.00032498399493226265
GSM6590451,GSE213628,heart,control,104.297,tissue_multiclass,logistic,False,heart,heart,0.00014136192366579996,8.913667939572653e-10,2.183477336315862e-05,0.9995650450961524,4.420894775720852e-06,8.960142465655514e-07,7.209581473638001e-06,0.00015763723662858044,2.5340597646500666e-05,7.625299068065481e-05
GSM6590452,GSE213628,heart,control,104.297,tissue_multiclass,logistic,False,heart,heart,0.0006290716315109989,1.483776419387574e-09,1.2850292826955032e-05,0.9992248036930973,6.617219351760936e-06,8.001662344359608e-07,2.6143376475719584e-05,2.0391348345342577e-05,1.4184083332569164e-06,7.790238004763666e-05
GSM6590453,GSE213628,heart,control,104.297,tissue_multiclass,logistic,False,heart,heart,0.0006765902777702002,1.3548227741416698e-09,2.6697728488339685e-05,0.9991653381238723,1.0174028179366517e-05,1.426061338735321e-06,1.9716448327876104e-05,5.0494283283297795e-05,2.755544430789405e-06,4.680614948630016e-05
GSM6590454,GSE213628,heart,control,104.297,tissue_multiclass,logistic,False,heart,heart,0.0003942790024245621,9.38434279406205e-10,4.230984413030631e-05,0.9993060575700585,1.3020828071950984e-05,1.1553072644202362e-06,6.536937165118891e-05,4.649632693308769e-05,5.0864891252252055e-06,0.0001262243219065173
GSM6590455,GSE213628,heart,control,108.643,tissue_multiclass,logistic,False,heart,heart,0.0003994385617253427,1.3274118164455542e-09,2.3661196165823852e-05,0.9994617729331257,8.43507857585775e-06,1.4099819607975555e-06,1.6116626346047242e-05,1.7859726439612873e-05,3.922107694406323e-06,6.738246055467693e-05
GSM6590456,GSE213628,heart,control,112.989,tissue_multiclass,logistic,False,heart,heart,0.003230633346166097,2.9940772831675553e-09,2.9167465510467244e-05,0.9964943732401681,2.9964470534670963e-05,2.5573303107182692e-06,3.484279091521889e-05,5.781658708258219e-05,6.918189942478815e-06,0.00011372358529255671
GSM6590457,GSE213628,heart,control,117.334,tissue_multiclass,logistic,False,heart,heart,0.0013084225349151188,3.144344435567289e-09,5.1511587760788996e-05,0.998495726305037,1.4640426007921502e-05,4.199378724110002e-06,2.6547410448288555e-05,3.213567727711546e-05,3.94836546154199e-06,6.286517002397099e-05
GSM6590458,GSE213628,heart,control,121.68,tissue_multiclass,logistic,False,heart,heart,0.0006346060485132444,7.140918868112256e-10,4.1318434662588305e-05,0.9991763787588988,7.503652163496408e-06,1.2201659052767067e-06,1.6576930050312608e-05,5.6245854906625446e-05,2.9223348390979007e-06,6.322710596872255e-05
GSM6590459,GSE213628,kidney,control,17.383,tissue_multiclass,logistic,False,kidney,kidney,0.00017397228148444916,3.731501094356352e-08,6.369303387861067e-05,3.3054624971791565e-06,2.4962060283380216e-05,0.9996840313022085,2.611108944319171e-08,2.110907089475819e-06,4.553553138898381e-05,2.3259950690633196e-06
GSM6590460,GSE213628,kidney,control,17.383,tissue_multiclass,logistic,False,kidney,kidney,0.00012595824002132068,4.5052482046867326e-08,0.00011051732968823956,1.0145449683729081e-05,3.355712334675895e-05,0.9996270409464398,3.490663522658685e-08,3.0210242692667648e-06,8.274111040253641e-05,6.938817031073782e-06
GSM6590461,GSE213628,kidney,control,17.383,tissue_multiclass,logistic,False,kidney,kidney,7.314950404639146e-05,2.6043929038405568e-08,5.544968090416576e-05,4.9963704732496495e-06,8.945524269680093e-06,0.9998212536578325,5.8178644349992326e-08,1.1832390257729439e-05,2.056336703706798e-05,3.7252826058010882e-06
GSM6590462,GSE213628,kidney,control,52.149,tissue_multiclass,logistic,False,kidney,kidney,0.00022255762848210709,4.8193528907095216e-08,0.00010885497878297073,5.151122541294129e-06,5.7966370337400917e-05,0.9994517216292834,4.858410914361022e-08,4.371410804033832e-06,0.00014209948875788467,7.180593372670639e-06
GSM6590463,GSE213628,kidney,control,52.149,tissue_multiclass,logistic,False,kidney,kidney,0.00035803319387711153,2.169667270540623e-08,3.5082129291927825e-05,4.8991740995468815e-06,1.270198043499582e-05,0.9995598006575577,7.20292012239625e-08,8.978917922461998e-06,1.5413516811963884e-05,4.996704130551578e-06
GSM6590464,GSE213628,kidney,control,52.149,tissue_multiclass,logistic,False,kidney,kidney,5.583089032590427e-05,1.1636202670741393e-08,3.240956931040983e-05,5.196687935470149e-06,2.181581090226603e-05,0.9998680523563356,1.4919189765973483e-08,2.1996531985090682e-06,8.757062553062342e-06,5.711414046669882e-06
GSM6590465,GSE213628,kidney,control,104.297,tissue_multiclass,logistic,False,kidney,kidney,0.002122629426808879,9.288272645884369e-07,0.000493529354661934,1.728770407254005e-05,0.0003494070037191011,0.9965732462875551,1.1877893905242856e-06,7.921722855992966e-05,0.0001807702925735171,0.0001817960853936911
GSM6590466,GSE213628,kidney,control,104.297,tissue_multiclass,logistic,False,kidney,kidney,0.00025639019555444146,5.960762524576976e-08,0.0001253580995478985,8.468778745384827e-06,6.878983359409854e-05,0.9994947867016855,5.783817980630775e-08,3.1868433477578606e-06,3.244239530078033e-05,1.0459706419228741e-05
GSM6590467,GSE213628,kidney,control,104.297,tissue_multiclass,logistic,False,kidney,kidney,0.00013905017276264357,2.8918405081594927e-08,7.599154031068425e-05,1.3297420615545465e-05,4.6962668161696234e-05,0.9996493380878826,6.082502243422162e-08,5.659808962502556e-06,4.079862671537429e-05,2.8811931161419817e-05
GSM6590468,GSE213628,kidney,control,104.297,tissue_multiclass,logistic,False,kidney,kidney,0.00023707035506575667,1.2434954471632423e-07,0.00016416465740296603,2.8228904799779413e-05,0.00015161062783433267,0.9992328349117445,1.7303205856064982e-07,2.4896897529187822e-05,5.2787465622070944e-05,0.00010810879839822248
GSM6590469,GSE213628,liver,control,17.383,tissue_multiclass,logistic,False,liver,liver,2.8280257317440178e-06,3.2492476832249863e-09,6.197072203685222e-07,1.5391239072396803e-05,1.774833778023112e-05,1.886546509874114e-07,0.9999631198500069,8.25284671324344e-08,8.237794190970703e-10,1.758404288705079e-08
GSM6590470,GSE213628,liver,control,17.383,tissue_multiclass,logistic,False,liver,liver,4.124885396822317e-06,4.754579582296383e-09,3.5052153607048065e-06,7.675929395544611e-06,9.844038646820791e-06,6.960904279996877e-07,0.9999738375981582,1.176234312830482e-07,3.7530423736477406e-10,1.9348929872778118e-07
GSM6590471,GSE213628,liver,control,52.149,tissue_multiclass,logistic,False,liver,liver,1.2917307762388374e-05,5.007280069650822e-09,1.4625419601999988e-06,6.69704201701203e-06,9.388401694216393e-06,1.5120140359209491e-07,0.9999692225496694,1.1994677598165717e-07,3.761324783646269e-10,3.5625304646896413e-08
GSM6590472,GSE213628,liver,control,52.149,tissue_multiclass,logistic,False,liver,liver,2.305941675809132e-06,1.5471096526178498e-09,3.441124198033416e-07,2.2699392561693996e-06,6.294780087314992e-06,6.729733719845798e-08,0.9999885170724181,1.9336565832193778e-07,1.6896878451768198e-09,4.254349794932016e-09
GSM6590473,GSE213628,liver,control,104.297,tissue_multiclass,logistic,False,liver,liver,2.0418098970148164e-05,1.2789189909590463e-08,1.332839085311596e-06,1.137071682411464e-05,2.926188153261305e-05,5.292402821694644e-07,0.9999351796134811,1.2601772575848115e-06,3.773407533986463e-09,6.308699696810169e-07
GSM6590474,GSE213628,liver,control,104.297,tissue_multiclass,logistic,False,liver,liver,2.6541803577040398e-05,1.3234692065288812e-08,2.2981845918152366e-06,2.3638645654496755e-05,2.1773871930759907e-05,3.8573083644621316e-07,0.9999248223380591,3.8950465348836127e-07,1.3091681423824474e-09,1.3537683667910956e-07
GSM6590475,GSE213628,lung,control,17.383,tissue_multiclass,logistic,False,lung,lung,0.00032039220564454996,4.585693568331659e-07,0.0001519082472681394,0.0005942796132637501,9.550852857667505e-05,3.441862640660547e-05,0.0002460423157942156,0.9975620559777654,2.622637610573915e-05,0.0009687095398179173
GSM6590476,GSE213628,lung,control,17.383,tissue_multiclass,logistic,False,lung,lung,0.000734146684850369,4.9254133604248964e-08,7.321357666429563e-05,0.0002793532920155057,6.340431831296116e-05,3.122200100753916e-05,5.0427777706164106e-05,0.9982630387712652,2.6286907221204246e-05,0.0004788574168232027
GSM6590477,GSE213628,lung,control,52.149,tissue_multiclass,logistic,False,lung,lung,0.0003653066540024023,2.1905111948884032e-08,5.927758979392021e-05,0.0003262667061745171,2.5089575594451137e-05,1.885540291033122e-05,3.457741299534702e-05,0.999049660853784,7.995346731344546e-06,0.00011294855290172381
GSM6590478,GSE213628,lung,control,52.149,tissue_multiclass,logistic,False,lung,lung,0.0002001168069277424,1.649740324805383e-08,3.402112494694157e-05,0.00017952034910566909,1.6600652024846746e-05,1.5227114430255387e-05,1.6444895060559202e-05,0.9994684513666791,1.0895945569252261e-05,5.870524785238602e-05
GSM6590479,GSE213628,lung,control,104.297,tissue_multiclass,logistic,False,lung,lung,0.00040366569659079535,1.0693035937459812e-06,0.00011121112840181823,0.0007480139846116002,0.0001789587116623082,4.4466729838038804e-05,0.0004496096607264024,0.9967223679542151,4.003251350918179e-05,0.00130060431685085
GSM6590480,GSE213628,lung,control,104.297,tissue_multiclass,logistic,False,lung,lung,7.584525140680011e-05,1.0159342592373771e-06,0.00022001576727781396,0.0005068840648482176,0.00015559064029324924,5.0762918269747045e-05,0.0007987126748533395,0.9980183084264275,6.855393385562412e-05,0.00010431038850838715
GSM6590487,GSE213628,spleen,control,17.383,tissue_multiclass,logistic,False,spleen,spleen,2.9938780619211192e-05,0.01799786411604467,5.382782100861788e-06,6.995752815150661e-06,0.00010920762108209237,3.5834050206431304e-08,1.6020796699434962e-05,1.808171188116315e-05,4.787300526718487e-06,0.9818116853041805
GSM6590488,GSE213628,spleen,control,17.383,tissue_multiclass,logistic,False,spleen,spleen,1.889769721432802e-05,0.009008572286191991,3.914936008448243e-06,3.154262381851392e-06,5.316604450695576e-05,6.935511548999022e-08,2.1601675088346385e-05,2.6594679177947423e-05,4.433424175199613e-06,0.9908595956401395
GSM6590489,GSE213628,spleen,control,17.383,tissue_multiclass,logistic,False,spleen,spleen,8.931788827221547e-06,0.058903836139158006,9.895654501778333e-06,2.0769477196703865e-05,9.549433369900341e-05,3.211276255230675e-07,0.0004927108355860585,9.291709933641077e-05,1.4585536391039231e-05,0.9403605380076783
GSM6590490,GSE213628,spleen,control,17.383,tissue_multiclass,logistic,False,spleen,spleen,2.5213481929870594e-05,0.050208470366987897,1.0319195857088805e-05,1.4381822678338135e-05,4.2020015951435926e-05,4.282958201662835e-08,0.00012964465668737746,7.237249009715759e-05,1.4823646494913446e-05,0.9494827114937339
GSM6590491,GSE213628,spleen,control,17.383,tissue_multiclass,logistic,False,spleen,spleen,5.058810732073635e-05,0.06003608439064449,3.623419142567723e-05,1.7258109836404372e-05,0.0003196900350752796,1.4942875160714922e-07,7.378072161524879e-05,8.550526097966091e-05,2.29749367178792e-05,0.939357734817633
GSM6590492,GSE213628,spleen,control,52.149,tissue_multiclass,logistic,False,spleen,spleen,4.660591638726816e-05,0.019984074243877006,1.4306605787695472e-05,1.536179110708242e-05,0.00028685427122717523,7.628487594501405e-08,3.860461710743246e-05,6.415057840525731e-05,7.476475620958776e-06,0.9795424892156042
GSM6590493,GSE213628,spleen,control,52.149,tissue_multiclass,logistic,False,spleen,spleen,4.459275761507319e-05,0.017295107996536673,1.99995669066935e-05,2.0851364272947805e-05,0.0003202481358863151,2.655213021136888e-07,0.0001713552518544983,8.405217172742094e-05,1.0262319269404853e-05,0.9820332649146288
GSM6590494,GSE213628,spleen,control,52.149,tissue_multiclass,logistic,False,spleen,spleen,1.4719487575368976e-05,0.008618401210343607,9.61778114760061e-06,1.1022500376497651e-05,0.00010839798748359087,1.93231223703591e-07,0.00018583822075361473,2.3971395337658834e-05,1.2357693198211793e-06,0.9910266024164386
GSM6590495,GSE213628,spleen,control,52.149,tissue_multiclass,logistic,False,spleen,spleen,7.303635951433195e-06,0.06692529789984868,1.250995218673588e-05,1.2854135310032755e-05,0.00015646572862337534,1.0776344014958899e-07,7.990025337724717e-05,4.442066950885369e-05,3.908056116335651e-05,0.9327220594005902
GSM6590496,GSE213628,spleen,control,52.149,tissue_multiclass,logistic,False,spleen,spleen,7.149026108395733e-06,0.1105824647302399,1.1019748845318671e-05,1.1550149517779432e-05,0.00010080995885461301,2.007571128405753e-07,0.00011241705025269888,3.0383523060902754e-05,4.773463194555939e-06,0.8891392315928129
GSM6590497,GSE213628,spleen,control,104.297,tissue_multiclass,logistic,False,spleen,spleen,5.619633585194959e-05,0.0024103177624522935,1.2043396521112348e-05,2.629034952188346e-05,0.00022164267324877637,2.2321409723066183e-07,2.6297788405285175e-05,8.069712150832282e-05,4.153453145870315e-06,0.9971621379052472
GSM6590498,GSE213628,spleen,control,104.297,tissue_multiclass,logistic,False,spleen,spleen,4.254537232165478e-05,0.04473944840733326,1.5780190158850578e-05,3.013685661886917e-05,0.0001879006864450072,6.725778447172073e-07,0.0005863275381608592,3.856438515226468e-05,3.0050000227231183e-06,0.9543556189859418
GSM6590499,GSE213628,spleen,control,104.297,tissue_multiclass,logistic,False,spleen,spleen,7.061670520546215e-06,0.019927586405090396,7.837582696489377e-06,9.951275734987574e-06,8.192550115178362e-05,1.592311416228048e-07,0.0001132002771875746,1.3316471626504461e-05,1.410411687929204e-06,0.9798375511731622
GSM6590500,GSE213628,spleen,control,104.297,tissue_multiclass,logistic,False,spleen,spleen,3.304925239419032e-05,0.0076434077403815795,7.315822471972067e-06,7.099867499329426e-06,8.785474215875237e-05,1.417893383055586e-07,6.735969467532481e-05,5.161794541211045e-05,6.562514760345329e-06,0.992095590630908
GSM6590501,GSE213628,spleen,control,104.297,tissue_multiclass,logistic,False,spleen,spleen,4.087082974016472e-05,0.11018803142128694,2.7755612281097816e-05,4.1367937498883746e-05,0.0002865110330186543,3.420093216068107e-07,0.0002188330275848569,0.00018131720138051793,4.4506265251029214e-05,0.8889704646626362
GSM6590502,GSE213628,spleen,control,104.297,tissue_multiclass,logistic,False,spleen,spleen,5.582452744372316e-05,0.0364031429695185,6.318260335906694e-05,0.0001588888775421736,0.001033685188435241,2.8923500447959455e-06,0.0006755583603984671,0.00043068863310500476,9.846537355785801e-05,0.9610776711165951
