sample_id,dataset_batch,tissue,intervention,age_weeks,target_id,model_name,randomize_labels,label_true,label_pred,prob_adipose,prob_blood,prob_brain_cortex,prob_heart,prob_intestine,prob_kidney,prob_liver,prob_lung,prob_muscle,prob_spleen
GSM3394172,GSE120137,adipose,control,86.914,tissue_multiclass,logistic,True,adipose,spleen,6.444711808737056e-07,0.22762395467554836,4.721170592017328e-05,0.009012789605028756,0.06518651258999258,0.0006749121458612204,0.0010308539393543185,0.1366535728294866,0.20972067458095775,0.3500488734566694
GSM3394173,GSE120137,adipose,control,86.914,tissue_multiclass,logistic,True,adipose,intestine,8.203802908201187e-07,0.011340415260256618,6.760948258025134e-05,0.006501193078408476,0.45103534694448894,0.02691303304233231,0.003407972899118465,0.03736817435005426,0.1921087545350246,0.27125668002744524
GSM3394174,GSE120137,adipose,control,86.914,tissue_multiclass,logistic,True,adipose,spleen,1.1528746090597058e-06,0.01674478268814665,0.00011603352890540522,0.001966549189418906,0.29285219314305194,0.033700490303516406,0.00027532391745428047,0.010007125124744965,0.23747730681088788,0.4068590424192645
GSM3394175,GSE120137,adipose,control,86.914,tissue_multiclass,logistic,True,adipose,muscle,2.446136783858131e-07,0.27897356090612097,5.128642135717004e-05,0.01075247475489748,0.03311170678195586,0.00020651463677674774,0.0004875523194158022,0.19147089849335241,0.3256958251602661,0.1592499359121791
GSM3394176,GSE120137,adipose,control,86.914,tissue_multiclass,logistic,True,adipose,spleen,8.390224563595435e-06,0.23836582287130592,2.9244599963952847e-05,0.029109735393813917,0.0065450067400217886,0.004635723275901587,0.001058932284609477,0.006583775740605918,0.20183671370398906,0.5118266551652247
GSM3394177,GSE120137,adipose,control,86.914,tissue_multiclass,logistic,True,adipose,spleen,9.53175070230692e-07,0.15036699514802343,4.879348079321311e-05,0.005711831659228007,0.04533763897944481,0.006730020481007518,0.0003501982371931234,0.31478121718917584,0.03324230565519856,0.44343004599486535
GSM3394178,GSE120137,adipose,control,86.914,tissue_multiclass,logistic,True,adipose,muscle,2.724149804123662e-06,0.05113360452899277,1.9838322746483922e-05,0.01971916175358763,0.19358901181152202,0.000403987409413819,0.0050515479808338915,0.033093529109393054,0.410199540118168,0.28678705481553823
GSM3394179,GSE120137,adipose,control,86.914,tissue_multiclass,logistic,True,adipose,blood,1.4920309849374317e-06,0.4839204998438024,6.346321526533424e-05,0.015342841650728018,0.18894075404715735,0.004585905247304088,0.001645184929762535,0.06061174741946916,0.15475796814702658,0.09013014346849954
GSM3394180,GSE120137,adipose,control,86.914,tissue_multiclass,logistic,True,adipose,spleen,6.137929495045664e-07,0.16923983470426668,0.00011630684626715057,0.004502050201973597,0.0675960857972909,0.0018025169278087253,0.006687581475683846,0.14019977585015406,0.2768246559900007,0.3330305784136048
GSM3394181,GSE120137,adipose,control,86.914,tissue_multiclass,logistic,True,adipose,muscle,8.928480420721352e-08,0.0030457478340460515,1.7801026952274974e-05,0.007351035009272979,0.10216347893258818,0.00035068350523536284,5.252977222993773e-05,0.003493524062806658,0.8066362895055774,0.07688882106648698
GSM3394182,GSE120137,adipose,control,86.914,tissue_multiclass,logistic,True,adipose,blood,6.541578647189789e-07,0.5465261241299099,0.0008407205852343881,0.01702464919199663,0.026021465056048607,0.006015665653707094,0.004590725450778229,0.06833781552629903,0.255312718963993,0.07532946128416856
GSM3394183,GSE120137,adipose,control,86.914,tissue_multiclass,logistic,True,adipose,muscle,2.7090919470190144e-07,0.06750519642547913,0.0002202558219265708,0.01327023685959453,0.010262322101919241,0.0011496480311790388,0.12425423793194132,0.04337282109597137,0.6805478757190186,0.05941713510377541
GSM3394184,GSE120137,adipose,control,86.914,tissue_multiclass,logistic,True,adipose,spleen,1.1319290704475226e-06,0.31304232776113067,0.0001791716756238271,0.011802713988757683,0.03960845315834448,0.0012775188791201966,0.004899722561590293,0.030194975977104764,0.2854708130471419,0.31352317102211574
GSM3394185,GSE120137,adipose,control,86.914,tissue_multiclass,logistic,True,adipose,lung,1.4595761241883587e-06,0.0924922681059642,8.443193532149391e-05,0.002893138539326213,0.0229670635123617,0.0011381849054572118,0.0037784819881329897,0.6067223730036064,0.11635256960080095,0.15357002883290452
GSM3394186,GSE120137,adipose,control,86.914,tissue_multiclass,logistic,True,adipose,blood,9.850163299126851e-07,0.36607516924840794,0.0001025017815800037,0.04363657870781333,0.06934942398716462,0.0028070893899312587,0.03145677215751098,0.17949071645376907,0.24054932361278997,0.06653143964470293
GSM3394187,GSE120137,adipose,control,86.914,tissue_multiclass,logistic,True,adipose,blood,1.7275296880328243e-06,0.7609937638052318,0.00181216386343861,0.008800265995991548,0.011967405453724468,0.026094627752902364,0.037995190814656896,0.02173878418483175,0.0832999302003713,0.047296140399163196
GSM3394188,GSE120137,adipose,control,86.914,tissue_multiclass,logistic,True,adipose,blood,2.276923021548199e-06,0.47026259731149594,0.0006044045978817344,0.005915377293455701,0.0818496733624048,0.004799829579520686,0.004459589609364538,0.19075223511835587,0.15016359847638686,0.09119041772811237
GSM3394189,GSE120137,adipose,control,86.914,tissue_multiclass,logistic,True,adipose,blood,4.981029873700337e-07,0.4314535349983614,0.00012180724944399055,0.0816273477581961,0.030671023857709055,0.004477337997848573,0.007291079340465148,0.07265377330356289,0.19807421628525762,0.1736293811061677
GSM3394190,GSE120137,adipose,control,86.914,tissue_multiclass,logistic,True,adipose,blood,4.99628855102022e-07,0.6470465096330289,5.6239106675986324e-05,0.004625746784446769,0.015535079941627186,9.768809622977765e-05,0.00029784485871890096,0.20432280727521301,0.09986183763460542,0.028155747040598988
GSM3394191,GSE120137,adipose,control,86.914,tissue_multiclass,logistic,True,adipose,blood,2.392183632371427e-07,0.41987967553188926,1.0780772798668832e-05,0.0030204542236513276,0.058323801254906556,9.648085460963553e-05,0.0020519173653158695,0.0900368779413982,0.32396446644002325,0.10261530639704398
GSM3394192,GSE120137,adipose,control,43.457,tissue_multiclass,logistic,True,adipose,spleen,4.571747693262913e-07,0.015032957289808175,1.8817691156387073e-05,0.0049851653126728466,0.08012628179956353,0.002990436294052847,0.0002467648680639256,0.02901285757576295,0.2872757460977574,0.5803105158963927
GSM3394193,GSE120137,adipose,control,43.457,tissue_multiclass,logistic,True,adipose,muscle,1.2043281827558276e-06,0.057514999440660276,1.8044729019222145e-05,0.0028726436151412494,0.03773494502946893,0.00022138270858274465,3.3143578693675835e-05,0.02961175266949108,0.698125892142765,0.1738659917579951
GSM3394194,GSE120137,adipose,control,43.457,tissue_multiclass,logistic,True,adipose,muscle,2.123938144204008e-07,0.15053184514699866,1.8575827451984804e-05,0.0010276123678829186,0.19140286198814363,0.0032610195691736817,0.00019769586766910538,0.10911460607347574,0.5255657536974809,0.018879817067908908
GSM3394195,GSE120137,adipose,control,43.457,tissue_multiclass,logistic,True,adipose,lung,8.977704876942666e-07,0.11825068399896609,4.4002553817633487e-05,0.01570904743164942,0.06443265443423175,0.003780046495058928,0.0011771437244278468,0.6205442859903851,0.10115291069087547,0.07490832691010015
GSM3394196,GSE120137,adipose,control,43.457,tissue_multiclass,logistic,True,adipose,blood,8.330666108855092e-07,0.6908785033232061,5.943301085459678e-05,0.002661425196618572,0.016092716018854616,0.0037722110518933873,0.0022490966950940734,0.051974912216612115,0.013283599340328961,0.21902727007992662
GSM3394197,GSE120137,adipose,control,43.457,tissue_multiclass,logistic,True,adipose,intestine,2.5349387476696446e-07,0.03459590678000698,3.03374876646019e-05,0.020754954563772278,0.5333181521000028,0.0012691286581942116,9.444063993714007e-05,0.01779904492674494,0.10981500963998891,0.2823227717098135
GSM3394198,GSE120137,adipose,control,43.457,tissue_multiclass,logistic,True,adipose,lung,5.6285162010838895e-06,0.04182220238411034,1.96447738245286e-05,0.015884960406413615,0.0071656235487711295,0.03467607541653696,0.0006873932250538873,0.7411606304698783,0.031523284525743184,0.12705455673346683
GSM3394199,GSE120137,adipose,control,43.457,tissue_multiclass,logistic,True,adipose,lung,1.2172323841844367e-06,0.05379849707175969,8.067943129489631e-05,0.008521296606280898,0.13846580179091625,0.004490150606278715,0.00038860067140857876,0.30499400383764336,0.27065801412677337,0.21860173862526003
GSM3394200,GSE120137,adipose,control,43.457,tissue_multiclass,logistic,True,adipose,muscle,4.2307938736917767e-07,0.020906963060868675,3.8903233302491086e-05,0.004811190279632019,0.06792473231764455,0.0005747477665313196,0.00020990961242458626,0.004957163061752401,0.6769742461147708,0.22360172147368595
GSM3394201,GSE120137,adipose,control,43.457,tissue_multiclass,logistic,True,adipose,spleen,2.0918159498400883e-07,0.21307840776865763,1.1345692387870737e-05,0.006766436766838145,0.017690381540118025,0.0008097750197567407,0.00012596809811292906,0.017246559281297997,0.07698050670498427,0.6672904099462513
GSM3394202,GSE120137,adipose,control,43.457,tissue_multiclass,logistic,True,adipose,blood,1.0400360118659375e-06,0.8616680454625757,0.00016938424650144305,0.0008678261471503271,0.007074563611298953,0.00019332044943836464,0.0013824184660259202,0.03502481860168045,0.036284640124384086,0.05733394285493299
GSM3394203,GSE120137,adipose,control,43.457,tissue_multiclass,logistic,True,adipose,blood,1.9064224914201891e-06,0.7128816836199604,0.00011650042366568436,0.0019141570756163778,0.004586506123318925,0.0007412364008074717,0.0015723000866826535,0.2175399203390141,0.043080375818653885,0.017565413689788954
GSM3394204,GSE120137,adipose,control,43.457,tissue_multiclass,logistic,True,adipose,blood,1.0329316948566335e-06,0.6718011320721656,6.226669074408691e-06,0.010370202531737345,0.0004622472033916196,0.0008705795430709479,0.001473433053212796,0.01194148138290803,0.29459902615832306,0.008474638454421327
GSM3394205,GSE120137,adipose,control,43.457,tissue_multiclass,logistic,True,adipose,blood,1.1027381692538906e-07,0.876883706589485,5.7276584839459046e-05,0.0031067014788301464,0.008855920998211983,0.0010053992826201071,0.000718523559775306,0.010499480474192021,0.018743975790288876,0.08012890496794024
GSM3394206,GSE120137,adipose,control,43.457,tissue_multiclass,logistic,True,adipose,blood,7.51495282259686e-07,0.8348237537657266,1.7588777922237442e-05,0.005035627032035436,0.0024671804425136354,0.001376986537632731,0.001602310378419089,0.04164685326683117,0.07118872826948397,0.04184022003415294
GSM3394207,GSE120137,adipose,control,43.457,tissue_multiclass,logistic,True,adipose,blood,3.9835536087606673e-07,0.7990058262212691,9.815327802389788e-05,0.0016855288593203932,0.00569217582019908,0.0006076884658701005,0.033115809022097105,0.10014869797270594,0.011930339787474058,0.04771538221767945
GSM3394208,GSE120137,adipose,control,43.457,tissue_multiclass,logistic,True,adipose,blood,4.971817531781797e-06,0.47662972181015983,0.00032174884476892355,0.013967850147216286,0.026206123649654574,0.0020552995835306643,0.0005649841046570738,0.15598835150074125,0.14707162987224723,0.17718931866949245
GSM3394209,GSE120137,adipose,control,43.457,tissue_multiclass,logistic,True,adipose,lung,1.6329196264376764e-06,0.31353479859745403,4.782084350178868e-05,0.014525758502158809,0.029337213059160476,0.0018236304325288289,0.003862571156141949,0.49657638151008665,0.05664698644899892,0.08364320653034217
GSM3394210,GSE120137,adipose,control,43.457,tissue_multiclass,logistic,True,adipose,blood,3.3418589245695976e-08,0.9463534084655623,2.6263836529822177e-05,0.00016608703449668135,0.0008336723939719515,4.6419753782931585e-05,0.0008474873078019032,0.04349367232274095,0.001000923570861094,0.007232031895663103
GSM3394211,GSE120137,adipose,control,43.457,tissue_multiclass,logistic,True,adipose,lung,5.643767362005391e-07,0.23858061011472398,0.00014980862229744957,0.0010347221988666314,0.048480151576645904,0.0015270851333150303,0.0032555894445443555,0.36887770531893116,0.14615363991431685,0.19194012329962246
GSM3394212,GSE120137,adipose,control,8.691,tissue_multiclass,logistic,True,adipose,blood,3.2836175107870626e-06,0.38230637793168587,0.00010415049543781521,0.015205902111206123,0.07262893247536077,0.004921305420004066,0.0007011319650341905,0.20792685038069167,0.16649973200599189,0.14970233359707688
GSM3394213,GSE120137,adipose,control,8.691,tissue_multiclass,logistic,True,adipose,muscle,1.4659541674613501e-06,0.06806338419902944,0.00036212987280917247,0.017012884034606754,0.10628119095431482,0.0425235553123617,0.00017713101822726222,0.08866047917177125,0.5762189222001536,0.10069885728255865
GSM3394214,GSE120137,adipose,control,8.691,tissue_multiclass,logistic,True,adipose,lung,5.762846015314119e-07,0.35511239942400025,0.00010154626381291481,0.002195125303448932,0.0061425891529377375,0.043109690253628034,0.003685756657664991,0.4394108914674108,0.029967067485233534,0.12027435770726107
GSM3394215,GSE120137,adipose,control,8.691,tissue_multiclass,logistic,True,adipose,muscle,1.2150286025087547e-06,0.04856473576585509,0.00017190588417259232,0.009368109332341596,0.014043412262087978,0.002364973875770943,0.00025891480227510855,0.31057305993784884,0.4331747588219033,0.18147891428914203
GSM3394216,GSE120137,adipose,control,8.691,tissue_multiclass,logistic,True,adipose,muscle,6.904680571432622e-08,0.2609786129295355,3.5708891801196744e-05,0.0006553722197649009,0.008334317548205142,0.0002831758569161275,5.270914404394113e-05,0.016034205270185214,0.6731724178596187,0.04045341123312369
GSM3394217,GSE120137,adipose,control,8.691,tissue_multiclass,logistic,True,adipose,muscle,4.700598970342256e-06,0.1369637791580344,7.699097312443488e-05,0.01844494676853775,0.18775310153139466,0.0014278864344193195,2.0238806770639747e-05,0.025630220987366392,0.473723681451729,0.1559544532896531
GSM3394218,GSE120137,adipose,control,8.691,tissue_multiclass,logistic,True,adipose,muscle,7.3249778392143145e-06,0.05035330138653248,0.00010308836545633844,0.009272106921988033,0.027665048517075127,0.014708618173897408,0.0015510232722700497,0.1629667291162637,0.47625771125137517,0.25711504801730256
GSM3394219,GSE120137,adipose,control,8.691,tissue_multiclass,logistic,True,adipose,muscle,7.987906503852282e-07,0.08045413295979045,1.328193690412501e-05,0.0025580413906472533,0.03232192280660662,0.001998261383767271,0.0003040525419127079,0.0828528883047696,0.5138662645677785,0.28563035531717307
GSM3394220,GSE120137,adipose,control,8.691,tissue_multiclass,logistic,True,adipose,muscle,8.040899437552357e-06,0.15094242437897198,0.0003725965237839774,0.018814545910301607,0.04102933586351185,0.005311270034365499,0.001855107256764165,0.0688544525872429,0.5499931783267183,0.1628190482189022
GSM3394221,GSE120137,adipose,control,8.691,tissue_multiclass,logistic,True,adipose,muscle,1.426258721481187e-06,0.03289588408542497,0.00012327243685795618,0.030776420319048405,0.03894721137048954,0.00258073375241006,0.00035441387686526007,0.1832753354851023,0.36439759138310635,0.3466477110319736
GSM3394222,GSE120137,adipose,control,8.691,tissue_multiclass,logistic,True,adipose,muscle,8.832080382849606e-07,0.10869596169250155,0.0006095567960804365,0.04707112528277021,0.13445522462088572,0.0005850534679379713,0.0019889776865548844,0.051291055019935236,0.6114117636141768,0.04389039861111899
GSM3394223,GSE120137,adipose,control,8.691,tissue_multiclass,logistic,True,adipose,blood,7.05494304358934e-07,0.4470430989133897,6.157821953743902e-05,0.0012170467863653566,0.011784022654696505,0.011772660887431318,0.0017191456179494683,0.2939143301757389,0.09384385909210488,0.13864355215848204
GSM3394224,GSE120137,adipose,control,8.691,tissue_multiclass,logistic,True,adipose,blood,5.035358109653401e-07,0.6650057211486818,1.305173914565044e-05,0.002070978336274991,0.024550937577547404,0.0004681358992545679,0.0013771456332208807,0.05066637366969263,0.06973704443143564,0.18611010802893557
GSM3394225,GSE120137,adipose,control,8.691,tissue_multiclass,logistic,True,adipose,lung,4.1968643042178084e-07,0.4150597224337563,0.00035476953671873353,0.0035016321359510254,0.014741115286686066,0.014790852945210528,0.010454110874079105,0.41674322042058054,0.04280874334292822,0.08154541333765895
GSM3394226,GSE120137,adipose,control,8.691,tissue_multiclass,logistic,True,adipose,blood,4.097286643903397e-07,0.4884266308448425,0.00020474890988964444,0.007295511487876879,0.026676024744519505,0.04304815450097438,0.0038770286114806593,0.1385253870555604,0.1621213323731139,0.12982477174307783
GSM3394227,GSE120137,adipose,control,8.691,tissue_multiclass,logistic,True,adipose,lung,7.355221086135986e-07,0.07819022095105735,0.0003813944507433972,0.00759118290664198,0.0792644615629416,0.0037941755260928515,0.006051374070435174,0.541831908137376,0.16006814128917263,0.12282640558343036
GSM3394228,GSE120137,blood,control,86.914,tissue_multiclass,logistic,True,blood,muscle,0.00029710167718001614,0.001814817983644949,1.731859289676156e-06,1.4437946677040931e-05,0.0006443927600383945,0.0006690860555237954,0.0014432909317176155,0.00017225999380624383,0.9946886267084685,0.0002542540836538203
GSM3394229,GSE120137,blood,control,86.914,tissue_multiclass,logistic,True,blood,muscle,0.0001621921199416592,0.03112602002944156,2.2065836033865738e-07,0.0003032274141755771,0.015679696485086422,0.038701295290949816,0.005843820521354636,0.00029942291843539505,0.8985644119066967,0.00931969265555802
GSM3394230,GSE120137,blood,control,86.914,tissue_multiclass,logistic,True,blood,muscle,0.0005416084533681276,0.001477758276786948,1.2214782694205683e-07,6.786099074288837e-06,0.0013034216794754144,0.0007884721772697935,0.0003409645828268596,1.2048415391039154e-05,0.9953350404118917,0.00019377775608903864
GSM3394231,GSE120137,blood,control,86.914,tissue_multiclass,logistic,True,blood,muscle,3.613866355855299e-05,1.3792947327118073e-05,3.0402458426105423e-07,1.1753319193523649e-05,0.000666162929238613,0.00016548975264517158,0.0007180676925916644,6.971094801141608e-05,0.9982371062401235,8.147348272620823e-05
GSM3394232,GSE120137,blood,control,86.914,tissue_multiclass,logistic,True,blood,muscle,0.0005080626495631689,0.007514138083901624,2.43305894770364e-06,0.00032268522749980824,0.0016187620793285964,0.004105363899335615,0.14512240639665555,0.0022139901848192067,0.8358303849588085,0.002761773461140274
GSM3394233,GSE120137,blood,control,86.914,tissue_multiclass,logistic,True,blood,muscle,4.100637120063787e-05,0.0996724826176947,4.7127401913244495e-08,2.8523781347571915e-07,9.40317520015987e-05,0.013600177393181527,0.009426625976373133,0.0006029625033182128,0.8753282095688137,0.0012341714522009057
GSM3394234,GSE120137,blood,control,86.914,tissue_multiclass,logistic,True,blood,muscle,0.0016103283339636211,0.01306358490896252,3.3808243866664476e-07,8.464064104957097e-06,0.0010982456176333321,0.0013387802095111156,0.00539301420566602,1.5708993224553438e-05,0.9773328410067048,0.00013869457779039314
GSM3394235,GSE120137,blood,control,86.914,tissue_multiclass,logistic,True,blood,lung,8.322679589133102e-07,0.012885990253816043,5.418978683076121e-07,5.102140501991921e-05,2.397089201826796e-05,0.0004935172699719725,0.003099694138536472,0.8926421349522394,0.08899915549289446,0.001803141429676375
GSM3394236,GSE120137,blood,control,86.914,tissue_multiclass,logistic,True,blood,muscle,0.00015775046603870588,0.003180230397288725,1.1765095515820341e-06,0.0004614421493942312,0.004675136642793952,0.2063203622624349,0.11627686371569165,0.0007507482048928735,0.6671903213678341,0.000985968284079314
GSM3394237,GSE120137,blood,control,86.914,tissue_multiclass,logistic,True,blood,liver,3.33153779225387e-08,0.1221813338423666,3.379623485294933e-07,0.029669704157681397,7.39601787901283e-06,1.0612060343256227e-06,0.8458622927162527,0.0008964824620932319,0.0013739752157971678,7.3831041689247876e-06
GSM3394238,GSE120137,blood,control,86.914,tissue_multiclass,logistic,True,blood,muscle,1.6772609337138215e-07,0.001162378813272199,1.9311616861638645e-05,0.000766191851394211,3.334049374750605e-07,8.268596669775061e-05,0.0031253623600095972,0.00011382288933035678,0.9932608324840559,0.001468912887347399
GSM3394239,GSE120137,blood,control,86.914,tissue_multiclass,logistic,True,blood,muscle,0.006867563891412838,2.1030195141397182e-05,5.7900885405164357e-08,0.0012097234648643534,0.00023843858894761978,0.0852175654840326,0.0004537277275279752,0.011949824459807324,0.8938936558643514,0.00014841242302898988
GSM3394240,GSE120137,blood,control,86.914,tissue_multiclass,logistic,True,blood,heart,0.0002133490386383086,0.00032261907265730737,9.085918454244286e-07,0.5903143143546793,0.008758105729331476,0.21467332362850222,0.0020687728052793714,0.11848346930990018,0.06252272197966346,0.0026424154895027837
GSM3394241,GSE120137,blood,control,86.914,tissue_multiclass,logistic,True,blood,kidney,9.36481953674534e-05,0.022930776673875736,3.1536874928610004e-06,0.00630268824630944,0.0332559038694939,0.4433603179736521,0.04792306454086837,0.01666744357552955,0.4224438500393204,0.007019153198090437
GSM3394242,GSE120137,blood,control,86.914,tissue_multiclass,logistic,True,blood,muscle,3.7035102754964794e-06,0.00032274992702500856,1.7524190070041456e-06,0.003690365880181677,0.005458872255939279,0.03072761712955086,0.01579154672352574,0.001287207607961556,0.9364200682426225,0.0062961163039108635
GSM3394243,GSE120137,blood,control,86.914,tissue_multiclass,logistic,True,blood,muscle,5.473433665349256e-06,0.0030151506440002627,9.212134998455555e-07,0.0003772528045937913,0.00019305312725561463,0.018046462423432566,0.0023673933735894547,3.44497728007044e-05,0.9543858228261143,0.021574020381048147
GSM3394244,GSE120137,blood,control,86.914,tissue_multiclass,logistic,True,blood,muscle,0.00039356578110612495,0.016416108617565293,7.734359247752442e-06,0.0035206839588541013,0.0034228434907619403,0.031245915165784354,0.08848453815782158,0.008155399162151352,0.7999435504591532,0.048409660847554326
GSM3394245,GSE120137,blood,control,43.457,tissue_multiclass,logistic,True,blood,muscle,0.0056621756740853615,0.051373038898865325,9.65866714512644e-05,0.0005289492623183525,0.02297553918345308,0.07024656343103797,0.006001745677721172,0.053265829528106934,0.7791005844880653,0.010748987184895297
GSM3394246,GSE120137,blood,control,43.457,tissue_multiclass,logistic,True,blood,muscle,1.1782303625094385e-05,0.0013319605893729344,1.505433049096022e-06,0.00027770274753621626,0.00029969392913859247,0.004135965477054704,0.005055248207876154,0.001438545088449094,0.9863858931716624,0.0010617030522357416
GSM3394247,GSE120137,blood,control,43.457,tissue_multiclass,logistic,True,blood,muscle,2.66380721684307e-05,0.0005614524738266772,4.1430402168994955e-08,0.0007640818181175055,6.810169395088644e-05,0.019839425724639186,0.02090382770764661,0.0006001434984632822,0.956921222330711,0.00031506525007434237
GSM3394248,GSE120137,blood,control,43.457,tissue_multiclass,logistic,True,blood,muscle,0.00011836618614753316,0.0005601594204912055,3.501204164336999e-06,0.00030215169238648307,0.00029472089943097013,0.01786909259520688,0.0012995940578663884,0.0025560256480974125,0.9723104186346249,0.004685969661583762
GSM3394249,GSE120137,blood,control,43.457,tissue_multiclass,logistic,True,blood,muscle,2.4385898406958505e-05,0.16140568814333248,6.765948385382689e-06,0.002203106870275788,0.0003301923630480597,0.011245573702540423,0.006056038760079199,0.006410302192147842,0.8080896280038017,0.00422831811798216
GSM3394250,GSE120137,blood,control,43.457,tissue_multiclass,logistic,True,blood,muscle,3.5603544409294925e-05,0.08903430355303549,9.1391179702284e-06,0.0021612195504154084,0.00016851624744714528,0.052746898405141386,0.004060113244514657,0.002876658920643708,0.8332080834690592,0.015699463947363605
GSM3394251,GSE120137,blood,control,43.457,tissue_multiclass,logistic,True,blood,muscle,0.0008326398336702916,0.0018746563364126926,6.417343148161555e-06,0.007870798114642686,0.0033130608904848318,0.24079974425788198,0.00731550005925972,0.005179165274424429,0.6363428141170081,0.09646520377306717
GSM3394252,GSE120137,blood,control,43.457,tissue_multiclass,logistic,True,blood,muscle,1.858607396782646e-05,0.0007531438921631793,4.987762975455842e-07,0.001496139282147398,0.000638585723755587,0.0038517447870691003,0.0005406546903186156,0.009172216978261738,0.982726372836157,0.0008020569598619095
GSM3394253,GSE120137,blood,control,43.457,tissue_multiclass,logistic,True,blood,muscle,0.0002951561351954548,0.005802585228521864,2.3370056056437546e-05,0.005006343544535064,0.0006616395576287259,0.3057363290375221,0.0147982010043106,0.024769510764112303,0.6325776505173583,0.010329214154759219
GSM3394254,GSE120137,blood,control,8.691,tissue_multiclass,logistic,True,blood,muscle,0.00019650490367614814,0.0008645759743452334,3.737293062027664e-05,0.0004444751829889571,2.1457766598780953e-05,0.027772388504714373,0.03261513906914879,0.027062074844038993,0.9083593941381685,0.0026266166857000996
GSM3394255,GSE120137,blood,control,8.691,tissue_multiclass,logistic,True,blood,muscle,0.0001275424740915143,0.014577282333803392,1.3813979123981252e-05,0.00012295579697781824,0.0001461067195393679,0.01134419215832365,0.0005907025767199772,4.310883378509538e-05,0.969589011100974,0.003445284026661303
GSM3394256,GSE120137,blood,control,8.691,tissue_multiclass,logistic,True,blood,muscle,3.967894117110597e-05,0.026493538819553547,1.5241644359773388e-06,0.001836311403240875,3.725407189437791e-05,0.0076545731415412765,0.0012967129032967618,0.0012687449669895614,0.949109649374619,0.012262012213257506
GSM3394257,GSE120137,blood,control,8.691,tissue_multiclass,logistic,True,blood,muscle,1.0866769834149689e-05,0.0034897179994433877,4.463255168745965e-06,0.002931351396772572,1.390986576510694e-05,0.018883369230162254,0.0010319987113908374,0.0007187220818156892,0.9447466716815217,0.02816892900812553
GSM3394258,GSE120137,blood,control,8.691,tissue_multiclass,logistic,True,blood,muscle,2.573390794096019e-06,0.013402935594514848,6.908684360577809e-07,0.005963543536606669,0.0002442716595197533,0.125964672410606,0.0020427472833628524,0.002020617617495879,0.779493171833134,0.07086477580552986
GSM3394259,GSE120137,blood,control,8.691,tissue_multiclass,logistic,True,blood,muscle,7.33482771782752e-06,0.002133912089230379,9.205262502293142e-06,0.009236659263949773,0.0008365792019572061,0.026550965211850998,0.0021584339434214945,0.000355189287443755,0.902664799277334,0.05604692163459223
GSM3394260,GSE120137,blood,control,92.462,tissue_multiclass,logistic,True,blood,muscle,0.0038397583054283614,0.0077908321647016205,1.3768426155827709e-05,0.002402740700224484,0.0008244369958888252,0.11183240245747648,0.009086949201364351,0.0022708178597908423,0.8615238016344703,0.0004144922544988119
GSM3394261,GSE120137,blood,control,92.462,tissue_multiclass,logistic,True,blood,muscle,0.009957754356019576,0.010394822905097807,4.498385670256336e-06,0.00027034852502577585,0.004663959750968001,0.01189720958432937,0.009150449072290946,0.010780199174974352,0.9420195802662841,0.0008611779793398492
GSM3394262,GSE120137,blood,control,92.462,tissue_multiclass,logistic,True,blood,muscle,0.0023476792936307296,0.011701661587107927,2.629758010648734e-05,0.0015259262996512727,0.07658617884624042,0.03180967261637844,0.03944220785349111,0.0008047339676827608,0.8345648426878185,0.0011907992678923446
GSM3394263,GSE120137,blood,control,92.462,tissue_multiclass,logistic,True,blood,muscle,2.0642900211741772e-05,3.967620867958747e-05,1.0574666876698311e-06,0.00039374054577013965,0.0010095644006423493,0.005842932725406577,0.006236217689490083,0.0006772115732759966,0.9857182139852463,6.074250458965507e-05
GSM3394264,GSE120137,blood,control,92.462,tissue_multiclass,logistic,True,blood,muscle,1.0893583231556541e-05,7.62845037658425e-07,5.7013366995983274e-08,2.580884578312526e-07,1.2736724041652837e-05,1.6806125395017098e-05,0.0035530255580998355,5.080752584575196e-05,0.9963543891414305,2.633950932235718e-07
GSM3394265,GSE120137,blood,control,79.106,tissue_multiclass,logistic,True,blood,muscle,0.0002266428529934914,0.0002236857268051761,3.940238219607021e-07,2.007304373223929e-06,0.0018001899708656088,0.0006853647374514037,0.00020100994255348512,1.3445214363319346e-05,0.9957941742181358,0.001053086008636582
GSM3394266,GSE120137,blood,control,79.106,tissue_multiclass,logistic,True,blood,muscle,0.0003952059486634072,0.0011731330623911517,5.508533789396897e-07,2.2721685093683245e-05,0.0014432719922627224,0.0013187765008897498,0.0005357668242534823,0.00017004804466197207,0.9945169738958014,0.0004235511926035104
GSM3394267,GSE120137,blood,control,79.106,tissue_multiclass,logistic,True,blood,muscle,3.318121097016674e-05,0.0001050557178257645,6.834096782226077e-07,1.2634367805739963e-05,0.0017863835553763707,0.0016325089274623515,0.0006571716988695862,7.247605313275785e-05,0.9950765429964378,0.0006233620624410918
GSM3394268,GSE120137,blood,control,79.106,tissue_multiclass,logistic,True,blood,muscle,0.0004224986575180368,0.030358116672636014,7.013903948619234e-07,3.072253541681169e-06,0.0005344440977990994,0.007998015120727994,0.0001363719047684659,0.00054843382775615,0.9596393863633217,0.0003589597115360826
GSM3394269,GSE120137,blood,control,79.106,tissue_multiclass,logistic,True,blood,muscle,0.0001620905183173549,0.00835340303933772,1.3166531141290222e-07,1.4135975556924234e-05,0.0011712427758391525,0.004756655887879354,0.0018803004310309773,0.00017568131212424384,0.9822036451715731,0.001282713223029853
GSM3394270,GSE120137,blood,control,48.286,tissue_multiclass,logistic,True,blood,muscle,0.00019854254732745705,0.0014864104666198047,1.2932019964013935e-05,1.112876592588236e-05,0.003109982960505504,0.015535112694083829,0.0035388461602438573,0.00024611399622671365,0.9745183410605442,0.0013425893285586514
GSM3394271,GSE120137,blood,control,48.286,tissue_multiclass,logistic,True,blood,muscle,0.001115092336082991,0.009363492105419162,4.306729587399959e-06,2.3683612001035512e-05,0.007280854137689737,0.039250151838095236,0.0038288640550225477,0.0003377903967537677,0.9356974547523863,0.003098310036961718
GSM3394272,GSE120137,blood,control,48.286,tissue_multiclass,logistic,True,blood,muscle,6.295052532131165e-06,0.0009153125187987543,1.939856981428723e-06,8.11852657441101e-07,2.4795127408705462e-05,7.587930910968195e-05,3.581781016710522e-06,0.00013409428314820144,0.9987827296915512,5.4560526795705426e-05
GSM3394273,GSE120137,blood,control,48.286,tissue_multiclass,logistic,True,blood,muscle,0.0006391426940091238,0.008322402497657568,3.6688145346234018e-06,3.360678792754154e-05,0.0009993004556278428,0.033703569723469065,0.002859476532179061,0.0008546625987902092,0.9509919454147101,0.0015922244810947118
GSM3394274,GSE120137,blood,control,48.286,tissue_multiclass,logistic,True,blood,muscle,9.015714361901274e-05,0.001665760948406209,8.861110600755664e-07,8.171418588535758e-06,0.003130326736303422,0.0009641277527158048,0.00035360534629707104,3.7174538445520226e-05,0.9930057128793283,0.0007440771252362068
GSM3394275,GSE120137,blood,control,48.286,tissue_multiclass,logistic,True,blood,muscle,4.963258454352208e-05,0.00021643483665064053,1.038251926727881e-07,1.5065007205124689e-06,0.00015802260389355863,0.00040573330081445475,0.00011415489592891738,4.627443107814814e-05,0.998312214005449,0.0006959230157284508
GSM3394276,GSE120137,blood,control,48.286,tissue_multiclass,logistic,True,blood,muscle,0.0026664838826698923,0.00255963057932838,1.7621346754176094e-06,7.859423614814902e-05,0.005377388799133782,0.02683602973031074,0.0015614129506752532,0.0009398075546584735,0.9517678812098388,0.008211008922561212
GSM3394277,GSE120137,blood,control,48.286,tissue_multiclass,logistic,True,blood,muscle,0.00036556250408195147,0.01832093309350161,1.9422547780805766e-06,6.753111662669937e-05,0.000450865142016279,0.13895972640847615,0.03313975626939126,0.006482584340329885,0.8001571426699589,0.0020539562008393296
GSM3394278,GSE120137,blood,control,48.286,tissue_multiclass,logistic,True,blood,muscle,3.693772230965095e-05,0.013284334210324955,5.786859926117942e-07,1.4502482543368506e-05,0.00029281706875436273,0.005433416703002859,0.0002820149342415267,5.9798263618926e-05,0.9787684948809202,0.0018271050482915642
GSM3394279,GSE120137,blood,control,48.286,tissue_multiclass,logistic,True,blood,muscle,0.00019479477521768944,0.0024013929188885434,2.949467048753827e-07,8.480194469189806e-06,0.0010426638870774862,0.00697306897921884,0.0001519984223646463,0.00011676816040912601,0.9889148181445556,0.00019571957109420734
GSM3394280,GSE120137,blood,control,10.274,tissue_multiclass,logistic,True,blood,muscle,0.00014207672837632335,0.017365795071445082,2.9895654406695517e-06,0.00031932459101290193,0.0002748698100777371,0.017003970461857098,0.000847176364044875,0.0001984692949315075,0.9598902102638428,0.003955117848971049
GSM3394281,GSE120137,blood,control,10.274,tissue_multiclass,logistic,True,blood,muscle,0.0017847001379664121,0.05528335395962482,8.794760007181496e-06,0.0004521406332830527,0.0006301787030120755,0.04000079277210064,0.022382175671638447,0.006298358022292005,0.8687041787543166,0.004455326585758724
GSM3394282,GSE120137,blood,control,10.274,tissue_multiclass,logistic,True,blood,muscle,3.391505279100627e-05,0.0019286582460632247,1.7447834899371856e-06,1.795912117984055e-05,3.696340355287217e-05,0.002564120592769263,3.513012054463278e-05,0.00019563142802192008,0.9945375032736603,0.0006483739779269697
GSM3394283,GSE120137,blood,control,10.274,tissue_multiclass,logistic,True,blood,muscle,2.8656245292125182e-05,0.002599278782565143,1.2222408217636478e-05,0.00017136085879964334,0.0006982375296232072,0.01638059037468343,0.0006143720522981446,0.0005467869159203323,0.9698452544206801,0.009103240411920087
GSM3394284,GSE120137,blood,control,10.274,tissue_multiclass,logistic,True,blood,muscle,0.0005544589357067759,0.08651831624488365,0.00025338659319275455,0.0003257217464340896,0.0005465221519366441,0.10036578401478276,0.003943338229695504,0.007549573546815928,0.7852862867598462,0.01465661177670556
GSM3394285,GSE120137,blood,control,11.301,tissue_multiclass,logistic,True,blood,muscle,7.833677097831087e-05,0.0036909284263400874,1.4871260438523512e-05,0.00017817141620613198,0.001232199023995952,0.2256327038392236,0.0025340920108211443,0.006505008059636113,0.7457503250021228,0.01438336419023749
GSM3394286,GSE120137,blood,control,11.301,tissue_multiclass,logistic,True,blood,muscle,0.00038464940603067293,0.003157189152511747,1.717691062844773e-05,0.0004947310316923417,0.00023934279693554723,0.11394848814905698,0.0024565289234043212,0.0013024394750861625,0.8696329071939469,0.008366546960706782
GSM3394287,GSE120137,blood,control,11.301,tissue_multiclass,logistic,True,blood,muscle,0.00012424919791873687,0.0006681641285387951,7.648726915084251e-06,2.794977393974001e-05,0.0007928797780469602,0.027615885921149136,0.0016881900552518786,0.00026374195916456614,0.9569820500900041,0.011829240369070975
GSM3394288,GSE120137,blood,control,11.301,tissue_multiclass,logistic,True,blood,muscle,7.808319912087681e-05,0.009126374538460687,4.625162932791636e-06,0.00023490361159082988,0.0017941646924631274,0.03176414469246776,0.0024320126888067563,0.0008383908841683567,0.928098479737524,0.02562882079246483
GSM3394289,GSE120137,blood,control,11.301,tissue_multiclass,logistic,True,blood,muscle,0.00010919763231878504,0.021868923148927806,7.746346106752624e-06,9.620315587145303e-05,0.0009587226580403336,0.0575519434642388,0.0017783334043771054,0.00018389989641395704,0.9110984221839307,0.00634660810977424
GSM3394290,GSE120137,blood,control,7.192,tissue_multiclass,logistic,True,blood,muscle,1.116551594911157e-05,0.0002377692735672706,1.8520701740141457e-06,3.8304582278301846e-05,0.0002057372621467311,0.007776910464270561,0.00014863061949025878,5.1476673597115016e-05,0.9887421971700453,0.0027859563684814103
GSM3394291,GSE120137,blood,control,7.192,tissue_multiclass,logistic,True,blood,muscle,0.0001346126101796086,0.010642550362518455,1.492450965606767e-05,0.000840176637232509,0.00017407170589885785,0.024460974903115683,0.0010155408513716738,0.00047866401615969176,0.9506352450973289,0.011603239306538725
GSM3394292,GSE120137,blood,control,7.192,tissue_multiclass,logistic,True,blood,muscle,0.001000699354661558,0.03674227600300007,3.5121858621706725e-05,0.004559208138768488,0.0007590850398761262,0.19936794708902933,0.0045197762992450425,0.0013829595159935498,0.7058787243816723,0.045754202319131784
GSM3394293,GSE120137,blood,control,7.192,tissue_multiclass,logistic,True,blood,muscle,0.000722568683099321,0.0044969363937501115,2.5921042309016103e-06,0.00020458837276024188,0.0011377795689503157,0.006758883234673027,0.0008733089584839906,0.00029165323497442507,0.9617819650067386,0.023729724442338933
GSM3394294,GSE120137,blood,control,7.192,tissue_multiclass,logistic,True,blood,muscle,3.200818639905783e-05,0.004269008317859283,7.880331747422169e-06,1.793987331603037e-05,4.941058650920765e-05,0.0053464507081849594,0.0009792880648029306,0.00011028554868426604,0.9830874405847797,0.006100287797717011
GSM3394295,GSE120137,blood,control,7.192,tissue_multiclass,logistic,True,blood,muscle,6.764238967541001e-05,0.08022794065602074,2.595161652094628e-06,8.086322649294831e-05,0.00031055697952068784,0.006228303062651033,0.00042978295830775035,0.00026303149927577973,0.8996490300495246,0.01274025401687906
GSM3394296,GSE120137,blood,control,7.192,tissue_multiclass,logistic,True,blood,muscle,0.00014317646890615578,0.04512638265297238,1.0209157591236488e-05,0.00015728869064841514,0.0005615383892392013,0.26884530791974315,0.0007618869167144877,0.0010268614932893026,0.6634640631739355,0.019903285136960214
GSM3394297,GSE120137,blood,control,7.192,tissue_multiclass,logistic,True,blood,muscle,3.066604704678665e-05,0.0029998223423888413,2.8677893252356915e-05,0.00025061946480015355,0.00028591047080000684,0.0272178569296645,0.0004901240580797782,0.00010365154871500972,0.9501262171403466,0.018466454104905945
GSM3394298,GSE120137,blood,control,7.192,tissue_multiclass,logistic,True,blood,muscle,1.0076982201949657e-05,0.0008846192912113123,2.9648667194938225e-05,9.534266760061498e-05,1.4795489644337893e-05,0.0434654174617234,0.0006633127363403924,0.00010561533239200977,0.951954413292923,0.0027767580787680856
GSM3394299,GSE120137,blood,control,7.192,tissue_multiclass,logistic,True,blood,muscle,3.373131145629513e-05,0.023994377147360826,8.160153288436743e-06,0.00021536935393620465,7.798794822869154e-05,0.09391720511534866,0.004513674090577018,0.00017168633935990966,0.860645273437285,0.016422535103158914
GSM3394300,GSE120137,kidney,control,86.914,tissue_multiclass,logistic,True,kidney,spleen,1.8007474582629068e-07,0.000869858414653228,0.0001196865774771482,0.00012832373152683117,0.004999906730449063,0.1375339057099975,0.0007585618047418898,0.00018630446062161362,0.03230779001290191,0.8230954824828851
GSM3394301,GSE120137,kidney,control,86.914,tissue_multiclass,logistic,True,kidney,kidney,7.327083858840809e-09,0.003098507009012748,3.876307019522274e-06,0.00014325221897080881,0.00010908462230320602,0.6513841711579748,0.007774376237119256,0.002170650887889406,0.26575131187315043,0.06956476235947592
GSM3394302,GSE120137,kidney,control,86.914,tissue_multiclass,logistic,True,kidney,kidney,6.257511011250938e-07,0.015368406040170509,0.00030981431788184747,0.000614583754594852,0.007856100208631167,0.8915642126002726,0.003506091638851898,0.0003187829962257627,0.019047476714028174,0.061413905978242096
GSM3394303,GSE120137,kidney,control,86.914,tissue_multiclass,logistic,True,kidney,muscle,2.9798839694362064e-08,0.008919053935014763,2.9927009231080337e-05,5.961273734438155e-05,0.0006202113651116479,0.16814027220616107,0.0017102402924372433,0.0014249263241676137,0.76215114520056,0.056944581131132516
GSM3394304,GSE120137,kidney,control,86.914,tissue_multiclass,logistic,True,kidney,blood,1.0744351566484473e-08,0.30876281542112377,3.0649621777123494e-06,0.0007955669745345794,0.004713300882730855,0.30297901263644367,0.2032343265034044,0.003962137247766115,0.0020328190294209856,0.1735169455980464
GSM3394305,GSE120137,kidney,control,86.914,tissue_multiclass,logistic,True,kidney,kidney,6.65690856729409e-12,8.435951141457738e-10,6.336254339747728e-08,7.729239101807279e-07,1.5987882936166665e-05,0.9998848994974836,8.386139297517397e-05,7.861252784430923e-10,1.05979841009544e-08,1.4402705790070538e-05
GSM3394306,GSE120137,kidney,control,86.914,tissue_multiclass,logistic,True,kidney,kidney,3.0448026667843503e-10,5.05636213237782e-06,2.4971608651678793e-05,4.630316341096384e-05,0.030731129444370283,0.9237036857574394,1.0852601196360487e-05,0.0009650390823815377,0.014501997604577018,0.030010964071359978
GSM3394307,GSE120137,kidney,control,86.914,tissue_multiclass,logistic,True,kidney,kidney,1.699106832879331e-08,2.6969422661268493e-07,1.2223962837699895e-06,3.5639017541266413e-06,4.884257377625752e-06,0.9974019894859496,0.0013548537076122143,4.630911513336898e-06,0.00024908986174704555,0.0009794787924674946
GSM3394308,GSE120137,kidney,control,86.914,tissue_multiclass,logistic,True,kidney,kidney,3.211490156273894e-07,0.019855024903561933,1.4493818163319386e-05,0.00019904535279683362,0.03377930331864387,0.6585838342165203,0.0004203751993664313,0.008275405885275349,0.1026675012980365,0.17620469485861975
GSM3394309,GSE120137,kidney,control,86.914,tissue_multiclass,logistic,True,kidney,muscle,1.6276056434831253e-08,0.08848390523177664,0.00012204864885177977,0.02934041706521789,0.006062683983156089,0.11794601011246407,0.002418577650170905,0.13280197427836965,0.5366715041870606,0.08615286256687596
GSM3394310,GSE120137,kidney,control,86.914,tissue_multiclass,logistic,True,kidney,kidney,6.060801918050472e-08,0.005916445993113905,2.9342269001560635e-05,0.000246601717178882,0.00864504990732463,0.6926983018010088,0.0012493619127641649,0.00011032237242227961,0.0845665911779547,0.2065379222412121
GSM3394311,GSE120137,kidney,control,86.914,tissue_multiclass,logistic,True,kidney,kidney,1.6386748670366138e-07,0.015909068913446102,0.00014517978216447287,0.00026768978077819556,0.06557073973056847,0.5474951235418033,0.2092771949569075,0.00035159573420138985,0.15716129481434923,0.0038219488782947056
GSM3394312,GSE120137,kidney,control,86.914,tissue_multiclass,logistic,True,kidney,spleen,1.1750751119295075e-07,0.0145183837246573,3.062411396515605e-05,0.00751816780344554,0.026270175910985287,0.07848993419072568,0.0005578005312350079,0.0015006114603517804,0.053754745974324655,0.8173594387827984
GSM3394313,GSE120137,kidney,control,86.914,tissue_multiclass,logistic,True,kidney,spleen,1.4734358776373715e-06,0.0015986205190725163,6.748110107025503e-06,0.00010453669310432192,0.005010963237795519,0.11335224546122827,0.06466466824214631,0.061229373254314386,0.026603691387491326,0.7274276796588627
GSM3394314,GSE120137,kidney,control,86.914,tissue_multiclass,logistic,True,kidney,kidney,6.39053594036479e-06,0.0018612869045531515,6.42270493962299e-06,0.00027053390208354994,0.04422841990502744,0.4967054222053723,0.0016315558517655613,0.10261341747217412,0.00037967044493532955,0.35229688007320853
GSM3394315,GSE120137,kidney,control,86.914,tissue_multiclass,logistic,True,kidney,muscle,2.0507734097931175e-07,0.012436241750405879,1.1644903940008116e-05,0.0015221385569486204,0.002306440015779655,0.1523645188269421,0.01881635843660724,0.007218311444251713,0.4978609080732513,0.30746323291453254
GSM3394316,GSE120137,kidney,control,86.914,tissue_multiclass,logistic,True,kidney,kidney,4.25373120119093e-08,0.012868140969410304,3.169460719772706e-05,0.00018414720176081038,0.0021837165160256294,0.5218016317517259,0.03476411425607294,0.0009208312562902426,0.009415351709513957,0.41783032919469054
GSM3394317,GSE120137,kidney,control,86.914,tissue_multiclass,logistic,True,kidney,liver,3.4888918164853373e-07,0.009860802294288309,9.109199193237185e-06,0.10851395848386025,0.00021360647310553722,0.040388179859837545,0.7173213914276474,0.01121897665604904,0.07506561055887155,0.03740801615796549
GSM3394318,GSE120137,kidney,control,86.914,tissue_multiclass,logistic,True,kidney,kidney,5.694658860335785e-08,0.011165534155371885,2.364192999735483e-05,0.0004910323861866487,0.027034967708804102,0.4645743643661753,0.0067459139488665444,0.0013097633116745393,0.03938573081689484,0.44926899442944024
GSM3394319,GSE120137,kidney,control,86.914,tissue_multiclass,logistic,True,kidney,kidney,4.1292977317814075e-08,0.04577623720524845,0.0005618902003663796,0.0008711521884278183,0.005118409156899481,0.5322692953722188,0.008104407075364776,0.000980384581633893,0.03616817695154687,0.3701500059753163
GSM3394320,GSE120137,kidney,control,43.457,tissue_multiclass,logistic,True,kidney,kidney,6.951157165414089e-07,0.021282538418107323,3.390735753688789e-05,0.0005264035259751282,0.04352424464002701,0.6985016153568857,0.0021967472986747266,0.0007302500708509727,0.008303329433538795,0.2249002687826869
GSM3394321,GSE120137,kidney,control,43.457,tissue_multiclass,logistic,True,kidney,kidney,8.717364800293325e-09,0.0242913788911028,1.0909017864584303e-05,0.001305936559835543,0.03400546112044992,0.5931826184493436,0.00017055637329607,0.06686164299756651,0.16092368777604052,0.11924780009713547
GSM3394322,GSE120137,kidney,control,43.457,tissue_multiclass,logistic,True,kidney,kidney,1.433947482168595e-07,0.10103774787084968,0.0003545509105496457,0.0002619178548414392,0.00184131985471482,0.5018121911764318,0.0005489265605605937,0.00037627033777318014,0.14922390230155871,0.24454302973797185
GSM3394323,GSE120137,kidney,control,43.457,tissue_multiclass,logistic,True,kidney,kidney,4.315495414607054e-08,0.005598819851898667,6.765420310010783e-05,0.00017710521196754567,0.0038400492854847434,0.7674310081658491,0.00405399685446576,0.014460540682510452,0.14070909491779315,0.06366168767197652
GSM3394324,GSE120137,kidney,control,43.457,tissue_multiclass,logistic,True,kidney,kidney,4.03901884253327e-10,0.13449487856730538,8.258108054736166e-07,1.3177966420339633e-05,0.00026718532861260216,0.8612716710479296,1.2661331919115824e-06,6.589248106059026e-06,0.00021749098936940873,0.0037269145043575323
GSM3394325,GSE120137,kidney,control,43.457,tissue_multiclass,logistic,True,kidney,spleen,9.9379227039469e-11,0.16021755222729697,3.343820125989567e-07,1.9783907980084396e-05,0.0009076729016301306,0.04365685214213687,4.594563801944008e-06,0.0001182747473602909,0.00012355199799724144,0.7949513830304047
GSM3394326,GSE120137,kidney,control,43.457,tissue_multiclass,logistic,True,kidney,spleen,1.0155387001885445e-07,0.01213904719389449,3.4957370963438886e-05,0.0008041044540338054,0.010874638953262157,0.02658712536303217,0.003488467260343519,0.00011543536066471036,0.2101665673106184,0.7357895551793173
GSM3394327,GSE120137,kidney,control,43.457,tissue_multiclass,logistic,True,kidney,kidney,3.6922487747861946e-10,0.006675659970624035,2.694643757229923e-05,1.007915358155764e-06,0.003780772496368254,0.7115912905578439,0.00042790579751191834,6.129865873864632e-05,0.0191384436269043,0.25829667416985375
GSM3394328,GSE120137,kidney,control,43.457,tissue_multiclass,logistic,True,kidney,spleen,1.690712195756436e-07,0.2341999617463614,6.678241366668508e-05,0.0005363729143713211,0.0018060356844390145,0.06242656487068085,0.014821963779396081,0.0027559364555483196,0.12854547207936043,0.5548407409849564
GSM3394329,GSE120137,kidney,control,43.457,tissue_multiclass,logistic,True,kidney,kidney,1.930154301650616e-09,0.00017266827246214644,5.9291223609446504e-06,0.001053813862330791,6.442164118534778e-05,0.7061723190927449,0.0008080306723087591,8.817127574921363e-06,0.00792188635259621,0.2837921119262817
GSM3394330,GSE120137,kidney,control,43.457,tissue_multiclass,logistic,True,kidney,kidney,4.920329654813515e-08,0.0022368657095921908,6.817648247537047e-05,0.0002040633221608731,0.0012113089146122814,0.5678752311306502,0.0011165010286546566,0.006529201774305234,0.0330475301084792,0.3877110723257735
GSM3394331,GSE120137,kidney,control,43.457,tissue_multiclass,logistic,True,kidney,spleen,1.194247248018474e-08,0.00251809229478345,1.815340756219981e-06,6.82857962363958e-05,0.007911731241506403,0.06702954433750569,0.00019832218594391092,0.0033995521003847328,0.002381233117719945,0.9164914116426907
GSM3394332,GSE120137,kidney,control,43.457,tissue_multiclass,logistic,True,kidney,spleen,3.478261710189207e-08,0.05398610319105347,4.54318004694275e-05,3.951442830330802e-05,0.004986469419680092,0.14580032908853702,0.0008007246054444967,0.005999145330043425,0.03787054199239666,0.750471705361455
GSM3394333,GSE120137,kidney,control,43.457,tissue_multiclass,logistic,True,kidney,kidney,1.4465657264110085e-07,0.005359775907053036,0.00018150299704679376,3.5970303215994806e-06,0.0012297944570196253,0.6317238183766591,0.001051709210171074,0.0012998014595797336,0.009202686394450427,0.3499471695111261
GSM3394334,GSE120137,kidney,control,43.457,tissue_multiclass,logistic,True,kidney,spleen,6.646091072081929e-08,0.05322901255440984,1.429646476746936e-08,1.6425113052868424e-05,0.0002968643142949988,0.31768830583377783,0.012288911596053956,0.0003851889205397619,0.0014098260967581665,0.6146853848137371
GSM3394335,GSE120137,kidney,control,43.457,tissue_multiclass,logistic,True,kidney,spleen,3.1901167936027303e-09,0.004312193256497191,3.468132064613837e-05,0.00011276341803750899,0.00031807685259385173,0.040787618176720816,0.0005306148726174082,2.7129028413504613e-05,0.04845403712584967,0.9054228827585071
GSM3394336,GSE120137,kidney,control,43.457,tissue_multiclass,logistic,True,kidney,kidney,5.121163075915359e-09,0.00016104593438166233,6.821519366276418e-06,8.178437562194402e-05,0.0012691305236315462,0.6061330135639151,0.013863455465464528,4.620700756223362e-05,0.05546447995658247,0.32297405653231115
GSM3394337,GSE120137,kidney,control,43.457,tissue_multiclass,logistic,True,kidney,muscle,7.010812909613722e-06,4.9722120454975946e-05,4.0864541666360285e-05,2.773004039555543e-05,0.0033901545926823544,0.008525487125736982,0.01591763778707514,2.485241852000978e-05,0.9464046613797533,0.025611879180805697
GSM3394338,GSE120137,kidney,control,43.457,tissue_multiclass,logistic,True,kidney,kidney,7.591210427608833e-06,0.1709436834813274,4.3553005633373143e-05,7.591310269377348e-07,0.0032992900195888708,0.4760398227800566,0.11999942590045447,0.08276034662160288,0.012498848360850547,0.13440667948903146
GSM3394339,GSE120137,kidney,control,8.691,tissue_multiclass,logistic,True,kidney,spleen,4.4222044761714483e-10,0.005008067957424843,1.818269549529489e-05,0.0003537425346372025,0.003789935086430772,0.08884567841696159,4.382098524186414e-06,2.543513374794941e-05,0.0012414704900320422,0.9007131051445256
GSM3394340,GSE120137,kidney,control,8.691,tissue_multiclass,logistic,True,kidney,kidney,5.2444519573976974e-08,7.382111116887273e-05,1.634115221097353e-06,8.954027717927157e-06,5.8273086268828e-05,0.875033433268946,1.113847318292386e-05,4.067560414119458e-05,0.1180476074661735,0.006724410402660178
GSM3394341,GSE120137,kidney,control,8.691,tissue_multiclass,logistic,True,kidney,kidney,4.752781477358446e-09,0.15704103458352792,6.444890846312849e-07,9.779825008435536e-06,7.12627500362655e-05,0.8123881005135473,6.140889462372107e-05,2.191039909120794e-06,6.498493517746298e-06,0.03041907465796341
GSM3394342,GSE120137,kidney,control,8.691,tissue_multiclass,logistic,True,kidney,blood,1.3455653922722923e-09,0.8030898103618795,9.789462130034196e-07,0.0002748029502093059,4.0635961224611266e-05,2.042819073894457e-06,0.1864809322261491,1.0465007138436276e-05,0.009712399882078046,0.0003879305004685601
GSM3394343,GSE120137,kidney,control,8.691,tissue_multiclass,logistic,True,kidney,kidney,1.0264583817963449e-08,0.002592454333946494,8.979911578835257e-07,3.44848218128381e-05,0.030328531005023692,0.7203193938776733,3.648366833058833e-05,0.00020167528303758597,0.003316340179240631,0.2431697285751933
GSM3394344,GSE120137,kidney,control,8.691,tissue_multiclass,logistic,True,kidney,muscle,1.5294638429778662e-07,0.027961414493185514,3.538442282578569e-05,0.00022921078594846666,0.1649779304201604,0.17490237619633547,0.062457180523609664,0.006512021818846955,0.35873339888973427,0.2041909295029692
GSM3394345,GSE120137,kidney,control,8.691,tissue_multiclass,logistic,True,kidney,muscle,3.776054313435833e-07,0.00221154509405258,2.7421005070697504e-06,3.792734259988996e-06,0.00025654260479105243,0.409095011764362,0.006071961467930874,0.002774447423547695,0.4097831970360877,0.16980038216902973
GSM3394346,GSE120137,kidney,control,8.691,tissue_multiclass,logistic,True,kidney,spleen,1.9775899900550896e-08,4.747698357365927e-05,0.03789885652497426,2.283756893132474e-05,0.03932419749688601,0.1885595439189916,0.08356522780994359,0.0023763482785918656,0.08221639348578261,0.5659890981564252
GSM3394347,GSE120137,kidney,control,8.691,tissue_multiclass,logistic,True,kidney,kidney,1.947428307000913e-11,1.9699638216617967e-05,1.3871857032825452e-06,1.5252873592120547e-06,1.3585947623554944e-05,0.9995424018979873,4.475464384844936e-07,0.0002560074980748258,7.998498748181557e-06,0.00015694648037421505
GSM3394348,GSE120137,kidney,control,8.691,tissue_multiclass,logistic,True,kidney,spleen,2.819840826619136e-07,0.21472739005814767,4.038583006288913e-05,0.000299519642697977,0.01530245183300406,0.17052585931148476,0.005236945358373783,0.03263036806412418,0.0005596418176110828,0.5606771561004109
GSM3394349,GSE120137,kidney,control,8.691,tissue_multiclass,logistic,True,kidney,kidney,4.125252071474333e-10,0.004675639038894195,6.516445246230902e-06,1.3793941590825437e-05,0.012930603295548944,0.931038312148553,1.8653392328380208e-05,0.001985964666219976,0.029881758808350155,0.019448757850742997
GSM3394350,GSE120137,kidney,control,8.691,tissue_multiclass,logistic,True,kidney,kidney,5.8579081784618e-08,0.04075621838152969,0.000607163414711385,2.3870138276682287e-05,0.0013314692128291682,0.9136875995125218,0.0064366687580252905,0.008545655248392296,0.024386708602398756,0.004224588152233242
GSM3394351,GSE120137,kidney,control,8.691,tissue_multiclass,logistic,True,kidney,blood,3.259113794631343e-11,0.8692729518898638,2.7659694610070083e-06,8.3144465910508e-05,0.0036959842616767122,0.0038156028146396916,0.0005104323837263238,0.002471005071736474,0.1088143017595606,0.011333811350833745
GSM3394352,GSE120137,kidney,control,8.691,tissue_multiclass,logistic,True,kidney,kidney,1.883334702405544e-08,0.0031600840702490874,8.28795331057624e-05,6.365793540963723e-05,0.022474644643436372,0.4874117102995063,0.0005290857156347986,0.05862681250497338,0.23642414124420422,0.19122696522013344
GSM3394353,GSE120137,kidney,control,8.691,tissue_multiclass,logistic,True,kidney,spleen,4.857515713125558e-09,0.004335236292676629,1.1082887207651133e-05,0.0008254705456200285,0.011830175904233594,0.09384437581234342,0.00018356477714414853,0.001836760004292282,0.03334152346364384,0.8537918054553226
GSM3394354,GSE120137,liver,control,86.914,tissue_multiclass,logistic,True,liver,muscle,6.477543328356023e-09,0.11255161691159937,0.0004363539081942037,0.00028411948307209946,0.0012877934383355185,0.0009361110631803937,0.01177810761261113,0.004062256246659714,0.8673348030119811,0.0013288318468233056
GSM3394355,GSE120137,liver,control,86.914,tissue_multiclass,logistic,True,liver,muscle,1.8779092442001438e-08,0.16632599730370165,0.0006644896460276581,0.025705150474992933,0.043409954647876434,0.02541573862549656,0.007126871337177631,0.17244983527473123,0.5585735824819044,0.0003283614289990249
GSM3394356,GSE120137,liver,control,86.914,tissue_multiclass,logistic,True,liver,blood,3.7088017337290906e-09,0.5497485461257591,0.0008704645011975936,0.0055620023021668566,0.011180519190249863,0.0013212553686056448,0.09560102221930875,0.01911552299140751,0.31603389861581754,0.0005667649766854201
GSM3394357,GSE120137,liver,control,86.914,tissue_multiclass,logistic,True,liver,muscle,6.4327034984846475e-09,0.13435467110880905,0.0007648028298042355,0.0005882611230940137,0.0031207567320509742,0.004496451003530128,0.027259753896024766,0.010651479071494599,0.818562010125188,0.0002018076773005962
GSM3394358,GSE120137,liver,control,86.914,tissue_multiclass,logistic,True,liver,muscle,4.2601671482451795e-09,0.2710577170955914,1.7603959423018578e-05,0.00019036312878388038,0.00011666302316921946,0.0054465210080071585,0.011833245174480696,0.0002668634050840358,0.7105673100976393,0.0005037088476541764
GSM3394359,GSE120137,liver,control,86.914,tissue_multiclass,logistic,True,liver,blood,1.7085516258142174e-09,0.7546730205362431,2.6767667217366107e-05,0.018157192956000934,0.000651773860413351,0.0023317974467276293,0.17551772346229083,0.015863629321592795,0.03271059869348961,6.74943474727672e-05
GSM3394360,GSE120137,liver,control,86.914,tissue_multiclass,logistic,True,liver,muscle,1.733110869963906e-08,0.09264960200228677,0.0003714376544991436,0.00041394733831086127,0.0034087439475668766,0.0025269486095369554,0.07892439023456808,0.0008111771886201828,0.8206005748392464,0.0002931608542561081
GSM3394361,GSE120137,liver,control,86.914,tissue_multiclass,logistic,True,liver,muscle,1.3404917444990978e-10,0.1271898593036978,7.808315695693094e-05,0.008899487751763665,0.001376148391043639,8.680492810668004e-05,0.0006805177876077387,0.06458500645929624,0.7970049469821968,9.914510528126e-05
GSM3394362,GSE120137,liver,control,86.914,tissue_multiclass,logistic,True,liver,muscle,1.5563536920603374e-08,0.049233907221688016,0.00025320638120119487,0.0009052596563365239,0.0018053153929164134,0.0010688729812107745,0.030898011165599926,0.006489846447761866,0.908559169229599,0.00078639596014951
GSM3394363,GSE120137,liver,control,86.914,tissue_multiclass,logistic,True,liver,muscle,4.422562827431544e-08,0.03950752593222233,0.0006982763582496479,0.0014360630325512406,0.0007259063411756448,0.00775924030910921,0.1746480007250504,0.022337639889548514,0.7479873528218062,0.00489995036465872
GSM3394364,GSE120137,liver,control,86.914,tissue_multiclass,logistic,True,liver,lung,1.4962986596627603e-13,0.002570951572838955,9.408031963289143e-07,0.004611683309373745,9.441436402828186e-06,2.298060731745593e-05,6.7001734194425265e-06,0.9922443157302047,0.0005323092670573669,6.771000396645113e-07
GSM3394365,GSE120137,liver,control,86.914,tissue_multiclass,logistic,True,liver,liver,3.9800791531842225e-07,0.04024661424703166,2.7053092978439014e-06,7.57031401051359e-07,0.0048570060575306,0.31023413346620793,0.6401762694074217,0.0041769258793057885,0.00030223279774815035,2.9577961398946425e-06
GSM3394366,GSE120137,liver,control,86.914,tissue_multiclass,logistic,True,liver,muscle,1.943229277653525e-09,0.2930660627459371,6.108305966632701e-05,0.0005904640763874738,0.00024781446412832525,0.009083389965560148,0.2234329528415082,0.04140487191298121,0.42971596917513427,0.0023973898154677417
GSM3394367,GSE120137,liver,control,86.914,tissue_multiclass,logistic,True,liver,muscle,6.52790518169607e-09,0.35821142351053137,0.00014783588557008663,0.011032542631607935,0.0007430242506350379,0.02912074653542555,0.017908182955204233,0.01077878147310988,0.5701530916148941,0.0019043646151165983
GSM3394368,GSE120137,liver,control,86.914,tissue_multiclass,logistic,True,liver,blood,1.0990026055264742e-08,0.6553303385309671,0.00013881233889348547,0.00024167750100438138,2.1241060187733455e-05,0.002134468303447252,0.010667232447066062,0.03911788824009752,0.29010145681957705,0.0022468737687333694
GSM3394369,GSE120137,liver,control,86.914,tissue_multiclass,logistic,True,liver,muscle,2.1895152685456248e-10,0.29006508751649207,6.197147627640229e-05,8.731869395767939e-06,1.692995633868251e-05,0.0003777598296664219,0.014075037409420194,0.0007137001940883071,0.6933323979533181,0.001348383576052525
GSM3394370,GSE120137,liver,control,86.914,tissue_multiclass,logistic,True,liver,muscle,2.370374839170163e-10,0.37123415674490046,3.025667755902299e-06,0.00024167307476713115,1.9124972269482554e-05,0.010024428250157657,0.00041907827728934375,0.0005762941085969332,0.617440739427374,4.147923985156051e-05
GSM3394371,GSE120137,liver,control,86.914,tissue_multiclass,logistic,True,liver,muscle,4.5986806587202616e-10,0.2702045319342889,6.749154935737874e-05,0.00015985653918696254,0.0006308348822187986,0.01642655298009487,0.0010907081199783724,0.02130075438145818,0.68843612095674,0.0016831481968083756
GSM3394372,GSE120137,liver,control,86.914,tissue_multiclass,logistic,True,liver,muscle,7.304276229001456e-10,0.33098010189763355,5.887941549733215e-05,0.0006965250282831531,0.0007786884353894585,0.012907584994279355,0.003846645354241036,0.021761143107578398,0.6277155015779754,0.0012549294586947004
GSM3394373,GSE120137,liver,control,86.914,tissue_multiclass,logistic,True,liver,muscle,1.9033169609165568e-09,0.03341116821221539,5.208358399725482e-05,5.838256891653646e-05,0.0006354581740644539,0.29102186983869277,0.002784301352362247,0.0005745224732084674,0.6712285753290583,0.00023363656416751203
GSM3394374,GSE120137,liver,control,43.457,tissue_multiclass,logistic,True,liver,muscle,6.26334839682825e-08,0.37062932646437796,0.00022282990372935095,0.008352622300737531,0.012901265028615577,0.015552592600877328,0.043517782069617116,0.007047825616767316,0.5278848447707236,0.013890848611070285
GSM3394375,GSE120137,liver,control,43.457,tissue_multiclass,logistic,True,liver,muscle,1.625504315019939e-08,0.10105822632176113,0.004554951890837989,0.004621169754436862,0.00023127244309906008,0.0026419495020195208,0.0726398157643134,0.022269296469191714,0.7903179011540081,0.001665400445288963
GSM3394376,GSE120137,liver,control,43.457,tissue_multiclass,logistic,True,liver,blood,1.5199623546868305e-09,0.45243322766928584,0.0006007892484202151,0.0068200572275256745,0.002591628833260081,0.0017044834362214345,0.10758653497259958,0.002973566174680349,0.41968480001106406,0.005604910906980551
GSM3394377,GSE120137,liver,control,43.457,tissue_multiclass,logistic,True,liver,muscle,3.3735443522196046e-08,0.47417208257844806,0.0008552686307472446,0.00024182100510005604,0.002166239116652927,0.0012464432233391222,0.00497144242425877,0.016597760108881927,0.49405631967523195,0.005692589501896242
GSM3394378,GSE120137,liver,control,43.457,tissue_multiclass,logistic,True,liver,blood,5.560919297011089e-09,0.5721008026389955,0.014648369903625955,0.001769949083320602,0.0033295037851985843,0.03796246684052663,0.0840373826513085,0.07961514550640553,0.20531642089124374,0.0012199531384556761
GSM3394379,GSE120137,liver,control,43.457,tissue_multiclass,logistic,True,liver,muscle,6.903338273633269e-09,0.10372459529802494,0.0013475185585883737,0.0034878181295096527,0.0033815301165129896,0.0022344436724166805,0.004711092223476235,0.05945635758259165,0.8173569319734229,0.004299705542118277
GSM3394380,GSE120137,liver,control,43.457,tissue_multiclass,logistic,True,liver,muscle,1.8402423634669904e-09,0.05001580774018727,0.0007902876587094486,0.005812071177233123,0.11216372272110665,0.003673658586103453,0.003169494679755556,0.16247077873833857,0.6594886203252911,0.0024155565330324985
GSM3394381,GSE120137,liver,control,43.457,tissue_multiclass,logistic,True,liver,muscle,2.3724125472618432e-09,0.010421804897498343,6.0557387473617654e-05,0.00014483888819114503,0.00014593466704439088,0.00020312401748308651,0.001460074414894714,0.002876509028463689,0.9841614588817371,0.0005256954448014817
GSM3394382,GSE120137,liver,control,43.457,tissue_multiclass,logistic,True,liver,muscle,3.2157246764366596e-10,0.08994124422173615,0.0006432427468151539,0.00028043699246039155,0.001708690703745217,0.0020532221017115306,0.0019361609772433662,0.002125410544045096,0.900314017487257,0.0009975739034137423
GSM3394383,GSE120137,liver,control,43.457,tissue_multiclass,logistic,True,liver,blood,2.055701139269786e-09,0.8018484644770351,8.112937823256711e-05,0.0005933088942184069,0.00010149147330338526,0.0009118273888882755,0.11415492414593101,0.007194713774525476,0.0741280302912538,0.0009861081209108235
GSM3394384,GSE120137,liver,control,43.457,tissue_multiclass,logistic,True,liver,blood,3.8476857413785205e-09,0.4472081302176282,0.00084552924766902,0.001730085264256464,0.0050205527566721695,0.006210943776044484,0.03268707339156987,0.18447866323570383,0.3208171983831547,0.0010018198796156407
GSM3394385,GSE120137,liver,control,43.457,tissue_multiclass,logistic,True,liver,blood,3.7639613108800625e-08,0.38351347022763466,0.0009250009020222187,0.00810120577548173,0.0012125754346271576,0.020938524716804564,0.21412555798445773,0.06532904531642221,0.3006566435218935,0.005197938481043063
GSM3394386,GSE120137,liver,control,43.457,tissue_multiclass,logistic,True,liver,muscle,8.421139693630812e-10,0.26247840572089043,0.00012602934087257,0.00011108559368357807,6.84594203101346e-05,0.01957593639848861,0.04452211393493221,0.012276270781469265,0.6606982472744349,0.00014345069280431721
GSM3394387,GSE120137,liver,control,43.457,tissue_multiclass,logistic,True,liver,blood,3.4117997086207945e-09,0.7801276250897252,1.0920948497114269e-05,2.2074138112436806e-07,6.436103632733963e-05,0.006185489882121257,0.0011397452549816447,0.00452425330101963,0.207608361533011,0.0003390188011359548
GSM3394388,GSE120137,liver,control,43.457,tissue_multiclass,logistic,True,liver,muscle,9.498460120647696e-10,0.04458035265752225,3.975854291674825e-05,0.0007149189532678323,0.0001045954485768585,0.007243142075664117,0.0022000088472949146,0.07421884711191783,0.8697854029688915,0.0011129724441019686
GSM3394389,GSE120137,liver,control,43.457,tissue_multiclass,logistic,True,liver,muscle,5.748254084962239e-10,0.032585495932448666,0.00037993614633814585,0.0007011058277921418,0.00021836735753040873,0.006976412650320097,0.013212488325672175,0.0316290346344006,0.9138014848481709,0.0004956737025015091
GSM3394390,GSE120137,liver,control,43.457,tissue_multiclass,logistic,True,liver,muscle,3.0588906230650356e-12,1.3679467981939988e-05,1.2671129428333965e-07,7.30588826523233e-07,2.0516473666504373e-05,0.000308888957761576,1.8233925634831695e-05,4.374144332987065e-06,0.999611115087883,2.2334639559552538e-05
GSM3394391,GSE120137,liver,control,43.457,tissue_multiclass,logistic,True,liver,muscle,7.04698498696735e-09,0.35752396644862355,1.4886558852753099e-05,0.00012568102725966189,1.861945301763264e-05,0.003064098277266027,0.008426494703811361,0.1662542060554413,0.4642571931531985,0.0003148472755441372
GSM3394392,GSE120137,liver,control,43.457,tissue_multiclass,logistic,True,liver,blood,6.54917973997165e-09,0.8477076363187881,0.0004328084118695755,0.00046477571173693876,5.6785084250100324e-05,0.004605838330578077,0.020003031134239485,0.02098415706632565,0.10529883168578828,0.00044612970724410174
GSM3394393,GSE120137,liver,control,43.457,tissue_multiclass,logistic,True,liver,blood,2.55407457104613e-10,0.6721160000019175,5.9015336030082676e-05,4.093167978082872e-05,8.935139108285675e-05,0.004716505750086318,0.0005594960080062868,0.004284555414648244,0.31805051511441756,8.36290486228061e-05
GSM3394394,GSE120137,liver,control,8.691,tissue_multiclass,logistic,True,liver,blood,1.5388811983972587e-08,0.9430832970154145,0.00040590387378115485,0.002246143426518093,0.0009572466487071952,0.016423321665589217,0.00012563162773709705,0.0006514244938290642,0.034621930098607485,0.0014850857610044332
GSM3394395,GSE120137,liver,control,8.691,tissue_multiclass,logistic,True,liver,liver,3.4597271583289332e-09,0.0245350738805906,0.0004112801901778997,0.00022240319743082405,8.299334654839112e-06,3.7953355951932636e-05,0.953072210857132,0.0006386961412876173,0.018993033223726714,0.002081046359320407
GSM3394396,GSE120137,liver,control,8.691,tissue_multiclass,logistic,True,liver,blood,1.8273347462700544e-08,0.7405779471537509,0.0002889080453524491,0.0040400977785514484,0.0005420153741510011,0.023515962195675994,0.0016610267517765261,0.015013810195396162,0.207457274701159,0.00690293953083902
GSM3394397,GSE120137,liver,control,8.691,tissue_multiclass,logistic,True,liver,muscle,3.3247642179810926e-08,0.06208514664215495,0.0022369594466285854,0.0013371986733867465,0.005911046698431769,0.029805101223372966,0.07454772766295013,0.18176096931282612,0.637211167856876,0.005104649235730584
GSM3394398,GSE120137,liver,control,8.691,tissue_multiclass,logistic,True,liver,muscle,7.478696718446713e-09,0.0190429515916935,0.0014913555945736743,0.002801971678923007,0.0005205134835372778,0.03271749763360138,0.005152480362997255,0.024528386432794758,0.9076875442355307,0.0060572915076519684
GSM3394399,GSE120137,liver,control,8.691,tissue_multiclass,logistic,True,liver,blood,6.106176523349522e-09,0.5288672426278321,0.0193604054672874,0.009811110358185524,0.001455247467543491,0.07392875101116342,0.24204773814471342,0.021080543315604213,0.09832931033592006,0.005119645165573677
GSM3394400,GSE120137,liver,control,8.691,tissue_multiclass,logistic,True,liver,muscle,6.152479249552518e-08,0.09985288051654495,0.011292271488604752,0.009905979341889309,0.0005372735177335272,0.07478971612742762,0.0786602946864256,0.009208725244987689,0.7126942374548846,0.003058560096709512
GSM3394401,GSE120137,liver,control,8.691,tissue_multiclass,logistic,True,liver,muscle,5.559725213270263e-09,0.011966838357144242,4.1593034931081756e-05,1.6563333082238495e-05,2.1975584052998085e-05,0.04193003311862814,0.005189157286326094,0.00911286399159096,0.9313543915219271,0.00036657821259188225
GSM3394402,GSE120137,liver,control,8.691,tissue_multiclass,logistic,True,liver,blood,5.144294518439364e-09,0.5077192442720857,0.0020528488727616636,0.002062562420711875,0.0012743113197793848,0.025048253839991992,0.009923450518284218,0.013444533300480633,0.43506891299061046,0.0034058773209995987
GSM3394403,GSE120137,liver,control,8.691,tissue_multiclass,logistic,True,liver,blood,2.9888077399747214e-09,0.8003818688534045,0.0014434098904073341,0.007911936280757379,0.003351948081232412,0.036857155437389835,0.04821316118724797,0.03957986590682728,0.04563122371946045,0.016629427654465043
GSM3394404,GSE120137,liver,control,8.691,tissue_multiclass,logistic,True,liver,lung,2.9486199972180956e-10,0.16614347515806546,0.0011167988870167834,0.19779072556087426,0.0030035486765301544,0.08010177384325311,0.0322204171725627,0.40287892821451204,0.11620435998485124,0.0005399722074722335
GSM3394405,GSE120137,liver,control,8.691,tissue_multiclass,logistic,True,liver,blood,3.7034532605894734e-11,0.8720143571855421,1.8904679163466339e-06,6.140199829510418e-06,2.5337562712460446e-08,0.000824730937677058,0.000690092155669376,0.12300543628669867,0.0032720964437883567,0.00018523094828141678
GSM3394406,GSE120137,liver,control,8.691,tissue_multiclass,logistic,True,liver,kidney,1.663782578448856e-08,0.37290461330127345,0.00047497043436283033,0.003912436782059567,0.001142148145246588,0.4770656303492006,0.017944686872490002,0.050577244572762636,0.06949217597021941,0.0064860769345593565
GSM3394407,GSE120137,liver,control,8.691,tissue_multiclass,logistic,True,liver,lung,4.984213902769259e-08,0.023489580283800233,0.00011262255463035183,7.829184773156267e-05,0.0005195616458557487,0.09343558712492424,0.12402637470818154,0.7128342654289077,0.035920549277548036,0.009583117286281608
GSM3394408,GSE120137,liver,control,8.691,tissue_multiclass,logistic,True,liver,blood,1.0874539548552981e-09,0.7468898363712154,0.0004025311626783189,0.01709414905446667,0.0004550142182087156,0.010505526440255663,0.034411382249575774,0.1441489458942769,0.04552829424718518,0.0005643192746834376
GSM3394409,GSE120137,liver,control,8.691,tissue_multiclass,logistic,True,liver,muscle,2.494577142993258e-09,0.27250320556674235,0.00016107245412785517,0.00719973783972994,0.002061018934018886,0.14343214504527393,0.08526211859175553,0.03501575632770259,0.4394104579179834,0.01495448482808836
GSM3394410,GSE120137,liver,control,8.691,tissue_multiclass,logistic,True,liver,blood,4.239688613812353e-09,0.6105291903106698,0.0005404953027811911,0.0006979610798235268,0.0008918767639448234,0.041275256234249776,0.027151167826315586,0.03036276361100105,0.28046215396098506,0.00808913067054058
GSM3394411,GSE120137,liver,control,8.691,tissue_multiclass,logistic,True,liver,blood,1.850981544402492e-10,0.8751270923432704,2.129253517582933e-05,0.00015054536674739455,3.711808134930616e-05,0.0015451045238769304,0.0018815147137153435,0.0032156833029344765,0.1168684950318608,0.0011531539159716179
GSM3394412,GSE120137,liver,control,8.691,tissue_multiclass,logistic,True,liver,kidney,9.405697331970986e-10,0.22732099469576647,3.935727711806236e-05,0.0034701631656828486,0.004844222918371196,0.672893994565021,0.04445492067273702,0.03499917518958961,0.00725144860056376,0.004725721974580161
GSM3394413,GSE120137,liver,control,8.691,tissue_multiclass,logistic,True,liver,blood,1.685215902031247e-13,0.7929767840566816,1.781006816375523e-08,3.192397290005166e-05,3.1874260386149254e-05,9.43661080929961e-06,6.6790741161005e-05,0.206869453523128,1.2759432576236058e-05,9.595921210313324e-07
GSM3394414,GSE120137,lung,control,86.914,tissue_multiclass,logistic,True,lung,blood,1.895776558309289e-05,0.5455347994851627,0.0004940043591179674,0.000204427583120445,0.09239604124030396,0.15194453026323543,0.07423420798383215,0.0012506143050259593,0.1251002424231915,0.008822174591426781
GSM3394415,GSE120137,lung,control,86.914,tissue_multiclass,logistic,True,lung,blood,6.607456947452141e-06,0.949012127252355,2.665940992350667e-06,5.513523240411943e-05,0.018479928977694984,0.0006275303241025919,0.009487661038456859,0.0029903838846873777,0.014462592447456712,0.004875367444902813
GSM3394416,GSE120137,lung,control,86.914,tissue_multiclass,logistic,True,lung,muscle,7.574354643431482e-06,0.06710644951003472,0.0004378440147571233,1.753377611084124e-05,0.00314440022210349,0.0003139727861161549,0.01962279547240505,0.001988118370170142,0.9068998801800597,0.00046143131359951663
GSM3394417,GSE120137,lung,control,86.914,tissue_multiclass,logistic,True,lung,liver,2.1735368181734647e-06,0.22984191892052477,4.540683714206238e-05,0.0006564321777562668,0.010568875163928975,0.017793599313116457,0.3944781215957334,0.2202811052029637,0.12625959092921343,7.277632280286462e-05
GSM3394418,GSE120137,lung,control,86.914,tissue_multiclass,logistic,True,lung,muscle,7.489957714103079e-07,0.035195626918965675,5.840655348016608e-05,0.0027372753470718486,0.010170740828662615,0.2608004493492434,0.018104335354190232,0.004849886004169713,0.6674278084388989,0.0006547222095460032
GSM3394419,GSE120137,lung,control,86.914,tissue_multiclass,logistic,True,lung,liver,5.9595109419602474e-06,0.13553575937746243,0.0010340324104503105,0.0017773314789465095,0.014057933167536535,0.245097193500445,0.5953503567147858,0.00041645214035100804,0.005903647242688198,0.0008213344563923747
GSM3394420,GSE120137,lung,control,86.914,tissue_multiclass,logistic,True,lung,lung,2.7626069236818816e-07,0.13562683515540616,3.2123491682475866e-05,0.0002817042699587076,0.11947680032533899,0.017833670884215204,0.0038768289980581233,0.656227258098334,0.06601011332342066,0.0006343891928933192
GSM3394421,GSE120137,lung,control,86.914,tissue_multiclass,logistic,True,lung,muscle,5.489931571810171e-06,0.013593278018866239,6.836489465524855e-05,0.00019991136980515199,0.008171445768548438,0.04403472727736215,0.2563586836113316,0.3355443882960967,0.34059753535887444,0.0014261754728882644
GSM3394422,GSE120137,lung,control,86.914,tissue_multiclass,logistic,True,lung,muscle,8.276834871247705e-06,0.06309185421800528,4.308069322900257e-05,0.0021472311284043213,0.00158104543256401,0.010082886601697889,0.0630734245612282,0.1255771341896806,0.7207034491914632,0.013691617148856217
GSM3394423,GSE120137,lung,control,86.914,tissue_multiclass,logistic,True,lung,intestine,3.4411794390507727e-06,0.09670691320865127,4.263580677922563e-05,0.03195207193179428,0.4458598591830172,0.04957382404531301,0.00046126439632499585,0.15571271251373586,0.21947246592086803,0.0002148118140771055
GSM3394424,GSE120137,lung,control,86.914,tissue_multiclass,logistic,True,lung,lung,3.488129977428845e-06,0.30612624382773534,0.0009316116735732245,0.04986319002159592,0.00404907758654053,0.010072622736892538,0.05382677425575006,0.5653082887605821,0.004460233815600894,0.005358469191752036
GSM3394425,GSE120137,lung,control,86.914,tissue_multiclass,logistic,True,lung,liver,1.0570902179836858e-08,0.03547862420910567,2.7103209858115697e-06,1.1651206428278917e-06,0.0002047388153479118,0.008268060385968345,0.9279912816390298,0.0004618008913333559,0.027581967111674557,9.640935009832757e-06
GSM3394426,GSE120137,lung,control,86.914,tissue_multiclass,logistic,True,lung,blood,2.61606226381739e-07,0.5774299338649617,0.00023663618569576752,0.00036909640786952805,0.012524817634841128,0.0202625981262442,0.00464945578005378,0.0050686827628662265,0.3753342816426693,0.004124235988572098
GSM3394427,GSE120137,lung,control,86.914,tissue_multiclass,logistic,True,lung,liver,5.141083275385338e-06,0.0019341267340978812,0.0010743213951656292,0.0010298985386987206,9.885181251901486e-05,0.022511850963677325,0.8689491805705447,0.016844046261720334,0.08627594983414466,0.0012766328061563502
GSM3394428,GSE120137,lung,control,86.914,tissue_multiclass,logistic,True,lung,liver,0.00019118760099136567,0.026749394364875428,0.000965131102717549,0.0038214457941344354,0.004152526653755381,0.13454268818622656,0.6027537246745902,0.09132271611404834,0.10255418216072897,0.03294700334793182
GSM3394429,GSE120137,lung,control,86.914,tissue_multiclass,logistic,True,lung,lung,1.7276486758834037e-06,0.2141201605909816,0.00022287833070559998,0.0009736382663572641,0.05492127979961414,0.00812015651923788,5.859051787651987e-05,0.701166454683316,0.020121436310241252,0.000293677332993913
GSM3394430,GSE120137,lung,control,86.914,tissue_multiclass,logistic,True,lung,blood,4.967294363275843e-06,0.7088655401427499,0.0009547770816633094,0.004169080336760927,0.1227561091884195,0.0066307633274441165,0.09243558265616174,0.007744454169885343,0.033175874877988114,0.023262850924563667
GSM3394431,GSE120137,lung,control,86.914,tissue_multiclass,logistic,True,lung,muscle,2.362878640079914e-06,0.18642855339562994,4.710019471279201e-05,2.7224356518039797e-05,0.007237235897626683,0.0017706917962354385,0.00043290192082774947,0.00041171804400145286,0.8027239512040428,0.0009182603117651264
GSM3394432,GSE120137,lung,control,86.914,tissue_multiclass,logistic,True,lung,blood,9.74660190004923e-08,0.8803848569312352,0.00014064011338606782,0.0001342069839946954,0.00041304467635924265,0.006808177071897712,0.01702737715860743,0.021685543075559293,0.07316653741407748,0.00023951910886367238
GSM3394433,GSE120137,lung,control,86.914,tissue_multiclass,logistic,True,lung,blood,8.595893100453206e-06,0.8729487238959457,0.00026204959799020747,0.0001520744540380705,0.007165617009465462,0.009375597241263677,0.00015956910098954803,0.09102582600978328,0.013872088964294283,0.0050298578331294955
GSM3394434,GSE120137,lung,control,43.457,tissue_multiclass,logistic,True,lung,muscle,1.0818595484098308e-05,0.2724412647391428,0.0030407748517704367,9.172232095955418e-05,0.0014000687457039185,0.009731334590105787,0.0005980254671858399,0.014641505984757384,0.6960077139400536,0.002036770764836761
GSM3394435,GSE120137,lung,control,43.457,tissue_multiclass,logistic,True,lung,blood,5.583975401047329e-07,0.743450864645121,0.0032969908321263666,0.00033610403566177816,0.11043367724852508,0.00503722437590138,0.05100400107404384,0.02909050553645324,0.05498723603575477,0.002362837818872615
GSM3394436,GSE120137,lung,control,43.457,tissue_multiclass,logistic,True,lung,blood,1.6964196836415464e-08,0.9966907711841466,6.582384402329637e-05,5.259171585418817e-06,0.00029005004097715296,1.6683085233648243e-05,4.950071413688839e-05,0.00037527212265804703,0.0024548893198618406,5.1733553180122756e-05
GSM3394437,GSE120137,lung,control,43.457,tissue_multiclass,logistic,True,lung,blood,6.201541483686157e-07,0.9603104498325303,0.0013914387606377993,0.0009812450522718567,0.0004952931175716974,2.5971857553151526e-05,0.010706370739766092,0.01907303962928194,0.006866190782620626,0.0001493800736182438
GSM3394438,GSE120137,lung,control,43.457,tissue_multiclass,logistic,True,lung,blood,2.0075436828493573e-09,0.9985431320854782,1.4471519047504304e-05,7.79157145969435e-06,8.893994199084806e-06,8.500352432014379e-05,0.00012630812799141307,0.00019021854043136565,0.000996022716626875,2.815591290215397e-05
GSM3394439,GSE120137,lung,control,43.457,tissue_multiclass,logistic,True,lung,blood,8.63535535459671e-06,0.9466580830271911,4.0738407509535355e-05,2.5022922649364667e-05,0.0007440773511281617,0.002154487949862202,0.042171381047886876,0.005981126594076614,0.0019555124074634466,0.00026093493687830616
GSM3394440,GSE120137,lung,control,43.457,tissue_multiclass,logistic,True,lung,muscle,7.226714745512696e-06,0.06019524881530392,0.00714695482638253,0.0016477868107232859,0.25363629584201,0.1912375902784147,0.031212357133120254,0.013174809539327516,0.43459647125061124,0.007145258789360883
GSM3394441,GSE120137,lung,control,43.457,tissue_multiclass,logistic,True,lung,muscle,3.09643864874798e-06,0.11501627004753621,0.0010126645397761824,6.47468143111326e-05,0.0453448204767968,0.00042542833065852546,0.09745756369883787,0.015096128825320824,0.7252472942667741,0.00033198656133939813
GSM3394442,GSE120137,lung,control,43.457,tissue_multiclass,logistic,True,lung,muscle,3.2783539969868867e-07,0.07900977879592694,0.00023708729421829402,5.6108459802193104e-05,0.0843916530477118,0.08952647191851534,0.0006723540073966711,0.031587646772857934,0.7121696929515862,0.0023488789165850717
GSM3394443,GSE120137,lung,control,43.457,tissue_multiclass,logistic,True,lung,muscle,2.708450398856691e-05,0.07065259399402388,0.00016137803398955135,0.03367356330078068,0.11394971869426938,0.2946093975812024,0.026435849617042578,0.05537249640664866,0.3617967518160629,0.0433211660519915
GSM3394444,GSE120137,lung,control,43.457,tissue_multiclass,logistic,True,lung,muscle,4.0922713801544074e-07,0.13340793003315957,0.00026945047690668094,0.000994322333051512,0.012687793352877667,0.0027488753357591163,0.002071989516626965,0.012932541830865266,0.8224821987686526,0.012404489124962687
GSM3394445,GSE120137,lung,control,43.457,tissue_multiclass,logistic,True,lung,blood,9.361200961290626e-08,0.9442212348179404,0.0002968144198229416,2.666078474891893e-05,0.006536125434285524,0.007650487176989558,0.027103810521674796,0.002098567314757257,0.011777775348764593,0.00028843056900634335
GSM3394446,GSE120137,lung,control,43.457,tissue_multiclass,logistic,True,lung,muscle,9.49688802121401e-07,0.08118242427704218,0.00044862226744992394,0.0004888941017292859,0.04403076284569321,0.39017873068882397,0.0047598348409770355,0.007660463979768689,0.467581800939885,0.003667516369828757
GSM3394447,GSE120137,lung,control,43.457,tissue_multiclass,logistic,True,lung,lung,1.6930832703519352e-06,0.3093544187389142,0.00027662204687713707,9.225649308093998e-05,0.0003996364459840419,0.01320578652988482,0.04562020450143087,0.569918320529766,0.05666875141888324,0.00446231021190869
GSM3394448,GSE120137,lung,control,43.457,tissue_multiclass,logistic,True,lung,blood,7.271056940249467e-07,0.8471931314720166,6.675367533629154e-05,0.0001969849111936306,0.0005892538241549421,0.0016221523971170352,0.0230877189905751,0.12550782975669922,0.0009524236690674034,0.0007830241981459915
GSM3394449,GSE120137,lung,control,43.457,tissue_multiclass,logistic,True,lung,blood,7.746436405650572e-08,0.9936924682546411,1.8220706552913955e-06,7.62754275127318e-08,1.0286919695515637e-06,0.0018045407330807605,0.0026656538089187146,0.00012046344761767624,0.0016952039363170497,1.866531700811037e-05
GSM3394450,GSE120137,lung,control,43.457,tissue_multiclass,logistic,True,lung,lung,9.658128154356212e-08,0.07312628229919052,0.0014400073245689252,0.008963359234365783,0.08506128761438367,0.00013519118054571935,0.3045976938945545,0.3913860870182455,0.09241014478784096,0.04287985006502268
GSM3394451,GSE120137,lung,control,43.457,tissue_multiclass,logistic,True,lung,blood,1.7925001330338136e-07,0.900646733136229,6.893413870484717e-05,7.564463887165527e-05,0.0006443631705209601,0.0022689289304272066,0.07607669042411935,0.01089844569519602,0.009108580510848174,0.00021150010506933725
GSM3394452,GSE120137,lung,control,43.457,tissue_multiclass,logistic,True,lung,blood,1.2401936859360366e-05,0.6674146174505857,0.0016389387480500912,0.0008649177707759476,0.051120123767626445,0.002862868771828704,0.030350219775621502,0.24315007801024,0.0019659821986833677,0.0006198515697288121
GSM3394453,GSE120137,lung,control,43.457,tissue_multiclass,logistic,True,lung,blood,6.699191179553692e-07,0.6824628291795704,0.003039944561166861,0.0017249542924402483,0.03169292656442512,0.02203719456270153,0.011278603168031693,0.011950655979237952,0.23016614260294266,0.005646079170365813
GSM3394454,GSE120137,lung,control,8.691,tissue_multiclass,logistic,True,lung,blood,7.543233219327017e-06,0.9061786303679834,0.0013973141270872767,1.7535966320959205e-05,0.00479879384275814,0.0017514413465465908,0.0001341890180928803,0.04196617018563915,0.043625343392298656,0.00012303852005362043
GSM3394455,GSE120137,lung,control,8.691,tissue_multiclass,logistic,True,lung,blood,6.408770659716318e-06,0.5179411786481642,0.00020127194501376862,0.00029325790603596875,0.00393521284242315,0.004650436331342094,0.01752633794524605,0.16311241561508177,0.2783607071564569,0.013972772839576125
GSM3394456,GSE120137,lung,control,8.691,tissue_multiclass,logistic,True,lung,muscle,2.543418639960296e-06,0.025921379012380237,0.00015929286096099475,8.721046695578806e-05,0.11039526160666857,0.09094525077065792,0.0038232802106737012,0.0029577849471353083,0.7525739616772604,0.013134035028667104
GSM3394457,GSE120137,lung,control,8.691,tissue_multiclass,logistic,True,lung,muscle,1.3503342862586568e-05,0.10302016894825924,0.001330986419933124,0.0005129895543071099,0.004351379481591856,0.06033456507539135,0.0022575465314612357,0.008201451911901523,0.817543269220314,0.002434139513977926
GSM3394458,GSE120137,lung,control,8.691,tissue_multiclass,logistic,True,lung,muscle,1.2133720354553611e-05,0.04725296837973792,0.0017038648913403687,0.016277424324316805,0.20613156669606458,0.01406280275858971,0.03502324548101185,0.2775747989450216,0.39253676867133497,0.009424426132227635
GSM3394459,GSE120137,lung,control,8.691,tissue_multiclass,logistic,True,lung,kidney,4.84698479321344e-06,0.08296009248451433,0.0038989494243017735,0.00016293976232610545,0.001690605085627136,0.46214362544981163,0.12501077360330068,0.17713982059772396,0.12901743157543477,0.01797091503216627
GSM3394460,GSE120137,lung,control,8.691,tissue_multiclass,logistic,True,lung,lung,1.6009785957769534e-06,0.09770691221449516,0.01925561391037038,0.0003030371334455484,0.001521015849201136,0.006001989582115159,0.20291168919801614,0.6482849311290192,0.02280602531300755,0.0012071846917339197
GSM3394461,GSE120137,lung,control,8.691,tissue_multiclass,logistic,True,lung,lung,6.312637527478734e-06,0.17020266822735874,0.0008426905891523349,0.0004380847304391185,0.003297410887963942,0.012446215987943581,0.09362659613145823,0.6104110043278868,0.10567876118878684,0.003050255291483042
GSM3394462,GSE120137,lung,control,8.691,tissue_multiclass,logistic,True,lung,muscle,1.5374268835612847e-07,0.03359736249623857,0.0016989739183317805,1.0290943945052504e-05,9.076220620431729e-05,0.0021152057702892033,3.2113256754337384e-05,0.057180923086335524,0.902080427541758,0.0031937870374550187
GSM3394463,GSE120137,lung,control,8.691,tissue_multiclass,logistic,True,lung,blood,0.0004093465380105986,0.8143467028001444,6.703952142059326e-05,4.1208929507953336e-05,8.899648103806009e-05,0.00042736103939625727,0.11875370625103616,0.061526083611918185,0.004146755162893586,0.0001927996646342546
GSM3394464,GSE120137,lung,control,8.691,tissue_multiclass,logistic,True,lung,blood,8.52310576815296e-07,0.5826186599284688,0.0010753381366685058,6.012251241300409e-05,0.004849432306145596,0.011380933757942139,0.022029338634114038,0.051088969073200326,0.3241594328879311,0.002736920452539726
GSM3394465,GSE120137,lung,control,8.691,tissue_multiclass,logistic,True,lung,blood,9.553154856445622e-08,0.7761903656644018,5.7030684012182454e-05,0.0003815304664886196,0.00038773847723487363,0.1501321592524194,0.026752309394890324,0.00554943414719394,0.028315618253074003,0.01223371812873625
GSM3394466,GSE120137,lung,control,8.691,tissue_multiclass,logistic,True,lung,liver,8.520402273628039e-07,0.12302636569007283,0.00010313494887417085,0.00039316427509600993,0.0040199599674191275,0.0015341356862562086,0.5545564050802803,0.22272208347421318,0.068413892833664,0.025230006003896792
GSM3394467,GSE120137,lung,control,8.691,tissue_multiclass,logistic,True,lung,blood,1.2930726910486742e-06,0.7041894118490851,0.0005868451484454674,0.00016899928700581037,0.04889253765344215,0.012138202700539096,0.017623140628478744,0.02854795739977087,0.1782974199333,0.0095541923272417
GSM3394468,GSE120137,lung,control,8.691,tissue_multiclass,logistic,True,lung,blood,4.120752775551295e-07,0.9566443653237979,0.0011198961005919634,0.001088278929024259,0.006694408437074481,0.012039080814304609,0.002414716053522542,0.006762551374668641,0.009716441166181058,0.0035198497255570474
GSM3394469,GSE120137,lung,control,8.691,tissue_multiclass,logistic,True,lung,blood,5.073918896528762e-06,0.9013336077257561,0.00032129385056347485,0.00043661064313449226,0.003972473477170072,0.038800718811488305,0.008707318312658889,0.010058489450852472,0.027496044711993857,0.008868369097485852
GSM3394470,GSE120137,lung,control,8.691,tissue_multiclass,logistic,True,lung,blood,5.350460158488109e-07,0.9003071882888145,0.0038080001144905227,0.0008669809822938674,0.006398542846069428,0.00528670912308474,0.06201154784809743,0.007255143579028377,0.006355661985627727,0.0077096901864775295
GSM3394471,GSE120137,muscle,control,86.914,tissue_multiclass,logistic,True,muscle,muscle,3.1767061975559154e-07,0.08722334147092933,6.076747848623738e-06,0.007587812197590724,0.16006746134213048,0.0044724206961266845,0.0063143863060785566,0.12228554069183639,0.6073599859891714,0.004682656887668013
GSM3394472,GSE120137,muscle,control,86.914,tissue_multiclass,logistic,True,muscle,lung,3.4481556764241986e-07,0.012338931963064613,8.293367897752937e-06,0.0014644950206307433,0.00015380628508012654,0.18320388063435383,0.058878568496272085,0.4048456689016696,0.3269357755921185,0.0121702349233451
GSM3394473,GSE120137,muscle,control,86.914,tissue_multiclass,logistic,True,muscle,kidney,4.399843297791093e-09,0.42245779239259673,4.4982024412163803e-07,0.00020490591346871453,8.15271152638159e-05,0.45619641102665565,0.007155956472185582,0.05890808722119871,0.018520302885472743,0.036474562753070434
GSM3394474,GSE120137,muscle,control,86.914,tissue_multiclass,logistic,True,muscle,kidney,1.7371841341072127e-06,0.007778611986215166,5.458756219143515e-05,0.07830576323199391,0.006856386782124941,0.7511458447394257,0.0031664455072336105,0.11860047178884521,0.02642828677245635,0.007661864445379601
GSM3394475,GSE120137,muscle,control,86.914,tissue_multiclass,logistic,True,muscle,blood,5.743505592347447e-07,0.6383931525588001,2.734901273880811e-05,0.006728198957157463,0.0005682517469112472,0.001686834570271093,0.0009291707126946345,0.31204353257516115,0.03323371252995941,0.0063892229857466605
GSM3394476,GSE120137,muscle,control,86.914,tissue_multiclass,logistic,True,muscle,liver,4.526872313663371e-07,0.17853331654622415,0.00015579873924585107,0.12485408754101031,0.0008770247892706087,0.03977735227920606,0.4792535340095694,0.0022655914920882625,0.09086463521815928,0.08341820669799482
GSM3394477,GSE120137,muscle,control,86.914,tissue_multiclass,logistic,True,muscle,lung,4.21058013544986e-07,0.08952335213392587,0.0002735429666106425,0.009055956939115043,0.0002419623382797979,0.006013858592626699,0.06660803635623387,0.8219085351109127,0.004447795128894554,0.0019265393753874775
GSM3394478,GSE120137,muscle,control,86.914,tissue_multiclass,logistic,True,muscle,muscle,9.285901207685548e-07,0.18564961478326433,0.00034048811085685203,0.017543166237098725,0.00015404155201249314,0.01991107458015344,0.014990398436992356,0.33178474697071153,0.3770910312392934,0.052534509499495986
GSM3394479,GSE120137,muscle,control,86.914,tissue_multiclass,logistic,True,muscle,blood,1.540856074142004e-06,0.7381167237402818,2.4777851961736677e-05,0.011383506103562932,0.0060878283693614746,0.1075707038478164,0.0024025917384596666,0.006188083656938488,0.0074016672075105285,0.1208225766280328
GSM3394480,GSE120137,muscle,control,86.914,tissue_multiclass,logistic,True,muscle,muscle,6.881230301832477e-07,0.06430079178610695,8.313372060907705e-05,0.01055331477421592,0.0001538653729903871,0.022602725836013544,0.08699789312866112,0.38813117476384895,0.4088779319536186,0.018298480540905288
GSM3394481,GSE120137,muscle,control,86.914,tissue_multiclass,logistic,True,muscle,blood,2.8471709540129125e-07,0.8455318399220667,2.691430332200417e-05,0.00028289859067290654,6.7143226684447794e-06,0.08578678817812932,0.004222229324019392,0.0637511337766953,0.00015749376290272676,0.00023370310242774948
GSM3394482,GSE120137,muscle,control,86.914,tissue_multiclass,logistic,True,muscle,lung,3.516268965687029e-06,0.014271306850265732,0.000374177030275141,0.022802854329134398,0.015603983959053404,0.06502771193350315,0.18622287388450298,0.34193721972662217,0.3165225210874082,0.037233834930269105
GSM3394483,GSE120137,muscle,control,86.914,tissue_multiclass,logistic,True,muscle,blood,4.420941397625972e-07,0.8770955376076262,1.1866167520787728e-05,0.00024441224568362563,0.00020590317281605813,0.004819368389353778,0.0005630026461361972,0.11367416225483189,0.0024644633074956683,0.0009208421143959707
GSM3394484,GSE120137,muscle,control,86.914,tissue_multiclass,logistic,True,muscle,muscle,2.621160033270898e-07,0.3029738537658231,0.00017252315078699178,0.0016073823035623203,0.00194266679955034,0.0005468266740386566,0.000550418697017447,0.2903238495182141,0.38869586878732004,0.01318634818768374
GSM3394485,GSE120137,muscle,control,86.914,tissue_multiclass,logistic,True,muscle,muscle,7.356741015747774e-08,0.2031259311672776,0.0012887063975914287,0.00526185174491007,0.0044382201131198526,0.0005552075592503202,0.00020054665894070467,0.0561071217103001,0.6983538390841665,0.030668501997033314
GSM3394486,GSE120137,muscle,control,86.914,tissue_multiclass,logistic,True,muscle,blood,4.3720101908990185e-06,0.5178290578059553,0.00034822935009329314,0.002760445484420421,0.0011896200802911192,0.0001728810041368647,0.016552570556087973,0.35573032732779275,0.008935286725860294,0.09647720965517097
GSM3394487,GSE120137,muscle,control,86.914,tissue_multiclass,logistic,True,muscle,lung,2.617171010903068e-07,0.04618684537064002,2.2358991298969667e-05,9.238996187530916e-05,0.00044568382549170954,0.012789971089890688,0.0008813335016878075,0.5563496678041996,0.38162406398210696,0.0016074237557078409
GSM3394488,GSE120137,muscle,control,86.914,tissue_multiclass,logistic,True,muscle,muscle,2.3161255166249566e-07,0.21891077352811142,6.2655620240233e-05,0.0014022399881451967,0.0004147614816001469,0.021237158205675823,0.2814068133597004,0.0020099069438945538,0.37374587041935386,0.10080958884072656
GSM3394489,GSE120137,muscle,control,86.914,tissue_multiclass,logistic,True,muscle,lung,2.588076560293461e-09,0.05291592475492915,2.23484381451768e-05,0.0012887556833803546,0.0003410707341588899,0.381243296262449,0.0004630549103026402,0.4153664403599642,0.14181240941260673,0.006546696855987335
GSM3394490,GSE120137,muscle,control,86.914,tissue_multiclass,logistic,True,muscle,blood,1.8983549066826133e-07,0.7290353124824672,2.7267774707219706e-05,0.004063951435474146,0.0016047947177720398,0.014094150554164277,0.031162485925224664,0.10489328504813793,0.08863568860020385,0.026482873626357973
GSM3394491,GSE120137,muscle,control,43.457,tissue_multiclass,logistic,True,muscle,lung,1.6885334942422363e-08,0.11579673167729787,5.047914315996934e-05,0.01734485490580452,0.014127743252445342,0.011367519418411376,0.0005823498862993,0.7517451538380665,0.0742812563343957,0.014703894658784545
GSM3394492,GSE120137,muscle,control,43.457,tissue_multiclass,logistic,True,muscle,lung,5.0307768777921393e-08,0.0001694663241581756,1.2102744204476913e-05,0.0025510123593751135,0.009031753299749708,0.00015180029030757592,0.004819298234027985,0.9604515737453969,0.018816872047914917,0.0039960706470960825
GSM3394493,GSE120137,muscle,control,43.457,tissue_multiclass,logistic,True,muscle,blood,2.216542164637705e-08,0.6201136864923815,7.077125827161583e-07,0.0023088620374613175,8.199218006531944e-05,0.3439079186511814,0.0001873712589489747,0.0050096495340095585,0.02612673388691348,0.0022630560810339255
GSM3394494,GSE120137,muscle,control,43.457,tissue_multiclass,logistic,True,muscle,kidney,3.1734973152045187e-07,0.13531234400160247,0.0010755186375985834,0.17025148347882943,0.011584698962971296,0.2893533926340082,0.0007823621491146473,0.27457390940260956,0.0973781487392231,0.01968782464431131
GSM3394495,GSE120137,muscle,control,43.457,tissue_multiclass,logistic,True,muscle,blood,7.578859652446839e-07,0.8946231601237952,2.160292537086405e-05,0.0036792013349161564,0.0031355981539284853,0.01968532491591084,0.0004121909794380833,0.014421093356598769,0.015027342179544285,0.048993728144532366
GSM3394496,GSE120137,muscle,control,43.457,tissue_multiclass,logistic,True,muscle,lung,1.296439013778429e-07,0.036961583047022864,8.181718591954782e-05,0.005724566277999282,0.0015712985506628639,0.44330759978490974,0.004086400373866652,0.47272039182374226,0.0039748389210258256,0.031571374390949807
GSM3394497,GSE120137,muscle,control,43.457,tissue_multiclass,logistic,True,muscle,lung,4.275325871538938e-07,0.015756366864490407,5.350153176469054e-05,0.0042479223650294775,0.0007699772591385405,2.8195557988241875e-05,0.0005148293675540422,0.5792289835725423,0.3819547042242233,0.017445091724681762
GSM3394498,GSE120137,muscle,control,43.457,tissue_multiclass,logistic,True,muscle,kidney,2.6763859499687568e-08,0.2709728586144508,6.018842190263518e-06,0.0011464876635497534,0.0022412897232198907,0.6544411918875259,0.00017081504842904224,0.016805264300457267,0.04913367178940188,0.005082375366915484
GSM3394499,GSE120137,muscle,control,43.457,tissue_multiclass,logistic,True,muscle,muscle,1.5164741198165006e-08,0.004383040983943303,5.357391480280219e-05,0.014757173159194803,1.1183063987685802e-05,0.00046013358121674546,0.030817166673412312,0.0014371995387764897,0.946580165892583,0.0015003480273415757
GSM3394500,GSE120137,muscle,control,43.457,tissue_multiclass,logistic,True,muscle,lung,2.1595989554231913e-09,0.04730334847817624,0.0005288273625426814,0.0009031299246224711,5.975652567107519e-05,0.11551695540170821,0.0075461190444329265,0.7233088361542732,0.09763803595285322,0.007194988996120904
GSM3394501,GSE120137,muscle,control,43.457,tissue_multiclass,logistic,True,muscle,lung,1.127581990055494e-08,0.12262896657026945,0.0005535873721337637,0.014247249381119731,0.001090051513315779,0.01547003866425263,0.02578530481629578,0.7618179236994556,0.03180548787471886,0.02660137883261853
GSM3394502,GSE120137,muscle,control,43.457,tissue_multiclass,logistic,True,muscle,blood,3.4562585417219604e-08,0.9105891328761396,5.617275718108365e-06,0.00042933792825183175,0.00032371493338516474,0.02335157735957121,0.00212481308123224,0.04591690799851813,0.012998144785964371,0.004260719198633881
GSM3394503,GSE120137,muscle,control,43.457,tissue_multiclass,logistic,True,muscle,lung,1.1463852994217617e-06,0.009925535931403925,0.00033953589564748914,0.007305543663383424,0.005597256116772452,0.09358486539493692,0.347538460463648,0.45400611653364603,0.035710780103299644,0.04599075951196266
GSM3394504,GSE120137,muscle,control,43.457,tissue_multiclass,logistic,True,muscle,lung,2.979868685264991e-09,0.12989808308479267,5.85687349982603e-05,0.03676494144835604,0.0012973286605887581,0.0015502902641909672,0.08306187346761391,0.4062822561744918,0.3374461793595511,0.0036404758255477836
GSM3394505,GSE120137,muscle,control,43.457,tissue_multiclass,logistic,True,muscle,kidney,1.251359596557001e-06,0.11087220362298734,5.9280144927301774e-06,5.1265375752939375e-05,0.00909586857702646,0.7893839315724451,0.00027507466168213285,0.05113754855675746,0.03314574270061263,0.006031185558646674
GSM3394506,GSE120137,muscle,control,43.457,tissue_multiclass,logistic,True,muscle,lung,4.060796114670943e-08,0.3192985810156611,8.781934138007757e-05,0.0018244534667666344,0.002429645186435783,0.00792572136111016,0.0015093264111725223,0.6635173339212729,0.0013048784891216208,0.002102200199117917
GSM3394507,GSE120137,muscle,control,43.457,tissue_multiclass,logistic,True,muscle,lung,7.42384394404092e-07,0.0007001933024665997,6.326114129180132e-06,0.00016561657736800003,5.881260050802155e-06,0.007982672657170599,0.0010001943216697753,0.9283404008404191,0.04778848111971066,0.014009491422620875
GSM3394508,GSE120137,muscle,control,43.457,tissue_multiclass,logistic,True,muscle,kidney,7.727865927335186e-09,0.003200175980750347,3.442705034509894e-05,0.0070006358815267525,0.00012991590170590502,0.8189747915989365,0.0006664298295796754,0.15395497548952736,0.015246323024684413,0.0007923175150781231
GSM3394509,GSE120137,muscle,control,43.457,tissue_multiclass,logistic,True,muscle,lung,7.987735170942839e-08,0.026215809869670825,6.37683377399481e-05,0.026188812385324972,0.002283621205320622,0.00021770429748077313,6.357132587069144e-05,0.9377677858960289,0.005492470446100512,0.001706376359111162
GSM3394510,GSE120137,muscle,control,43.457,tissue_multiclass,logistic,True,muscle,muscle,1.2738415017745702e-08,0.01581458060599517,2.9734696226807923e-05,0.0008166903870247319,0.00010860644803683617,0.004328911677964278,0.00014196232478311672,0.10791521162990035,0.8676237536422584,0.003220535849395334
GSM3394511,GSE120137,muscle,control,8.691,tissue_multiclass,logistic,True,muscle,lung,2.292709460559587e-08,0.02747208764456035,3.396055296867499e-05,0.00024628376270964287,0.0004407215033200485,0.004042991974216586,0.0004421265133649725,0.9462332924469927,0.012680806762679917,0.008407705912092316
GSM3394512,GSE120137,muscle,control,8.691,tissue_multiclass,logistic,True,muscle,muscle,2.8976565928269816e-07,0.20542497920834324,0.00010026232406443116,0.07464818949085121,0.0007606762873650266,0.0749083270111514,0.013611583449152469,0.10574791936548611,0.5206140633653947,0.004183709732531993
GSM3394513,GSE120137,muscle,control,8.691,tissue_multiclass,logistic,True,muscle,lung,3.0642136080236273e-07,0.09245052889837355,0.00018297167904534733,0.008753298138039312,0.11886505542739462,0.047796128637307214,0.017388695587433608,0.5276755792464132,0.016834029048931894,0.17005340691570048
GSM3394514,GSE120137,muscle,control,8.691,tissue_multiclass,logistic,True,muscle,blood,1.2588968650138665e-08,0.46213361646598305,0.00035336185434261375,0.024953429188143153,0.00027126794592041784,0.09409333097825419,0.025101820693205226,0.040435305909424187,0.3234097585296525,0.02924809584610617
GSM3394515,GSE120137,muscle,control,8.691,tissue_multiclass,logistic,True,muscle,lung,1.0684349555549889e-07,0.05975923830849747,3.535788312337058e-05,0.014530060112479263,0.0031628850297786724,0.03262433943326318,0.02872009018537881,0.6842134551374318,0.16949457858119224,0.007459888485359516
GSM3394516,GSE120137,muscle,control,8.691,tissue_multiclass,logistic,True,muscle,lung,1.4049731907364846e-08,0.011825279009828155,9.208852932411047e-06,0.0003156466249898741,8.464152211677069e-06,0.0008290437942379377,0.006734810467641594,0.9779401735726745,0.0013270741257748893,0.0010102853499768907
GSM3394517,GSE120137,muscle,control,8.691,tissue_multiclass,logistic,True,muscle,blood,6.566363991771271e-08,0.6778188649935569,2.6386613318614446e-05,0.0012586268769971477,0.0001727501354812355,0.004184372951618615,0.00023513074853566247,0.24404956891450735,0.02696114076552339,0.045293092336821106
GSM3394518,GSE120137,muscle,control,8.691,tissue_multiclass,logistic,True,muscle,muscle,6.565739756335735e-07,0.2468825760471428,0.0014718242149494537,0.0020922009926567483,9.12107152686588e-05,0.051262086514226736,0.19673064176255556,0.21261486881757935,0.2695363110721881,0.019317623289456964
GSM3394519,GSE120137,muscle,control,8.691,tissue_multiclass,logistic,True,muscle,kidney,4.311261649001877e-06,0.12970328624487842,0.0002994771549425124,0.12034513361498618,0.016082688478763197,0.5274484694811755,0.009385121617712728,0.15068767125867608,0.03233729458785339,0.01370654629936294
GSM3394520,GSE120137,muscle,control,8.691,tissue_multiclass,logistic,True,muscle,lung,1.9640481160986774e-06,0.005094844819962245,0.0006258588085867904,0.007880508126347701,0.022180964884255295,0.2494825127069431,0.021628945626291418,0.38380164939351363,0.2908857133063192,0.018417038279664653
GSM3394521,GSE120137,muscle,control,8.691,tissue_multiclass,logistic,True,muscle,lung,9.335617334154877e-07,0.026941032702965054,9.056528463292677e-06,0.0060736278211144246,0.0002093861004062402,0.0006133857571539947,0.0018657658945766082,0.7286055035428819,0.2223556854807563,0.013325622609948606
GSM3394522,GSE120137,muscle,control,8.691,tissue_multiclass,logistic,True,muscle,kidney,1.9663951786247084e-06,0.43920185061396927,1.4718461179620216e-05,0.00037252480250576133,3.057185826590811e-05,0.4736601160888977,0.00701112850686166,0.015639913190311917,0.05991850151507227,0.004148708567757217
GSM3394523,GSE120137,muscle,control,8.691,tissue_multiclass,logistic,True,muscle,blood,2.1275827679098656e-08,0.5726407057149354,3.4448741652259435e-05,0.0001514280996480864,0.0018679426763543129,0.01777268206009805,0.00019278242267061448,0.024540917991257363,0.38193480071835406,0.0008642702992022027
GSM3394524,GSE120137,muscle,control,8.691,tissue_multiclass,logistic,True,muscle,blood,1.0691212750281158e-06,0.7821624935201268,5.5698508097927875e-05,0.007683464168281881,4.113887774130534e-05,0.00453463130884919,0.0039741567815515366,0.10832192891670159,0.09027885467562845,0.0029465641217459983
GSM3394525,GSE120137,muscle,control,8.691,tissue_multiclass,logistic,True,muscle,blood,6.2918899959037006e-09,0.842398437397268,6.60293411430198e-05,0.00909474331655941,2.8375034106416905e-05,4.744874115811895e-05,0.00028359651447615363,0.07778994137606489,0.06414894733012533,0.006142474657208512
GSM3394526,GSE120137,muscle,control,8.691,tissue_multiclass,logistic,True,muscle,spleen,1.17637908051598e-06,0.006368534513608785,0.00015775980297412552,0.0016655486381503594,0.004512603543766978,0.21565690663696205,0.0005001811842308642,0.248385384032847,0.17396848803178325,0.348783417236596
GSM3394527,GSE120137,muscle,control,8.691,tissue_multiclass,logistic,True,muscle,blood,1.0679996811093313e-07,0.4389167910402592,0.0001326879196448609,0.025207971914266925,0.00326385362890399,0.1314599808595387,0.031280785332680645,0.07014506367690689,0.19384715522974386,0.10574560359808678
GSM3394528,GSE120137,muscle,control,8.691,tissue_multiclass,logistic,True,muscle,blood,1.0275619520694704e-08,0.9534640158386865,7.674059400656279e-06,0.0003692065331458615,4.542498233103131e-05,0.011678438391117988,0.0015585318657951267,0.028120835520213022,0.0022730596979074567,0.002482802835783
GSM3394529,GSE120137,muscle,control,8.691,tissue_multiclass,logistic,True,muscle,lung,1.8879797578670277e-06,0.0371033552667113,3.6681032615267065e-05,0.0015029369383476145,0.0040924263821058285,0.0027861268419472163,0.00199696825345734,0.5066716087222933,0.41246061094166936,0.03334739764109491
GSM3394530,GSE120137,muscle,control,8.691,tissue_multiclass,logistic,True,muscle,lung,1.0427845798462662e-06,0.19682515718277713,0.0006709698571697692,0.023627418453439082,0.003047468291078647,0.007696666644944434,0.0022211697007774086,0.48794883355277285,0.15292225656947478,0.12503901696298617
GSM3394531,GSE120137,kidney,control,26.074,tissue_multiclass,logistic,True,kidney,liver,9.479612794067578e-07,0.13595644350790442,1.7690043315328475e-06,0.00020876673355989928,0.025379519051709692,0.3384240468974365,0.4307293400435794,0.030177347558050308,0.01509747088109901,0.02402434836104976
GSM3394532,GSE120137,kidney,control,26.074,tissue_multiclass,logistic,True,kidney,muscle,1.3966539613018156e-07,0.17963054358894884,5.48033072089223e-06,0.0007849132993023621,0.011181310279888527,0.13821240251300693,0.0012558546039917234,0.14485883708083924,0.4311329436382305,0.09293757499967478
GSM3394533,GSE120137,kidney,control,52.149,tissue_multiclass,logistic,True,kidney,kidney,8.305815779586474e-06,0.11522511110098414,5.42275480204864e-05,0.010638375797870893,0.1456376335946861,0.49413053655578615,0.022515883464434547,0.07964520428329125,0.0915832949932131,0.04056142684593378
GSM3394534,GSE120137,kidney,control,78.223,tissue_multiclass,logistic,True,kidney,muscle,2.573229099256657e-06,0.0004222906942740685,6.72261260259412e-05,0.00013589806486429776,0.015384927010048514,0.0033891859695426834,0.024649079578597678,0.002531811525676569,0.7545636759563192,0.1988533318455517
GSM3394535,GSE120137,kidney,control,26.074,tissue_multiclass,logistic,True,kidney,kidney,2.360366880530465e-06,0.21856787727996252,5.706366206464238e-05,0.0773929534020768,0.2350569785464863,0.24103123336413892,0.0010795732914730782,0.0003321696001492615,0.005127634167445223,0.22135215631932273
GSM3394536,GSE120137,kidney,control,52.149,tissue_multiclass,logistic,True,kidney,kidney,2.1668264514445265e-07,0.04513273310505613,2.41560877983502e-06,3.6700643937804837e-05,0.0005872885463052579,0.9491935274363301,4.318348440700356e-05,0.00032963384695879874,0.0034591843578622044,0.0012151162877173378
GSM3394537,GSE120137,kidney,control,26.074,tissue_multiclass,logistic,True,kidney,spleen,1.9318096004494292e-05,0.11431552959137052,1.7391080183976294e-05,0.017228041113309934,0.11318166282309089,0.025283573824802053,0.015607119929070028,0.0002886941754442969,0.021210499938545204,0.6928481694281786
GSM3394538,GSE120137,kidney,control,52.149,tissue_multiclass,logistic,True,kidney,spleen,2.6227535663883945e-08,0.06294336126678704,1.99989786044192e-05,0.0001583812828137967,0.035401381328082,0.11207504829872722,0.00027242144140599396,0.0027809607353746603,0.15470369693490973,0.6316447235057594
GSM3394539,GSE120137,kidney,control,52.149,tissue_multiclass,logistic,True,kidney,kidney,5.867689921234978e-07,0.004067260771984709,4.2588135663186014e-05,0.0001613092532885265,0.1834370723060221,0.6262809253427613,0.003069458914011522,0.0012042209382894698,0.004187580789498491,0.1775489967794886
GSM3394540,GSE120137,kidney,control,78.223,tissue_multiclass,logistic,True,kidney,kidney,1.6519685195082763e-07,0.00684357334382112,2.9769674626624433e-06,0.0005117497978066015,0.0002598233560502973,0.9347749303075246,0.00014308579646376207,0.0012825754267758093,0.04104843862392942,0.015132681183313668
GSM3394541,GSE120137,kidney,control,26.074,tissue_multiclass,logistic,True,kidney,spleen,1.4703584504096872e-06,0.1752840393659378,1.2913688293576765e-05,7.334723772957928e-05,0.00948722918899393,0.03210253964329328,0.0015358783450700423,0.007172708629419103,0.0009114113308906686,0.7734184622119216
GSM3394542,GSE120137,kidney,control,26.074,tissue_multiclass,logistic,True,kidney,intestine,2.9540899721800515e-06,0.0477734086987114,3.948446092195411e-07,0.001469210806081662,0.4530127327723185,0.03730302845892809,0.23007347656603677,0.002179645770317598,0.007899903509595073,0.22028524448342948
GSM3394543,GSE120137,kidney,control,26.074,tissue_multiclass,logistic,True,kidney,spleen,7.575519881423374e-07,0.007595486501510512,8.785014419072693e-06,0.0005479805675522269,0.03014657999230556,0.12014454562020611,0.006209849639513805,0.000252227572493999,0.15820325029979523,0.6768905372402154
GSM3394544,GSE120137,kidney,control,26.074,tissue_multiclass,logistic,True,kidney,blood,8.042426730685039e-08,0.6918997253601699,0.00033691985903399935,0.00022447076150310065,0.01899769227214282,0.03753093047663051,0.004687519158402015,0.010316395901087473,0.00029250463426385803,0.23571376115249904
GSM3394545,GSE120137,kidney,control,52.149,tissue_multiclass,logistic,True,kidney,muscle,7.234598088722982e-05,0.007413877601784548,5.0978940588621095e-06,1.4911487985114146e-05,0.0012129573519639781,0.20938627797976572,0.1647815674046717,0.007174392228894777,0.4878341081962742,0.12210446387371392
GSM3394546,GSE120137,kidney,control,52.149,tissue_multiclass,logistic,True,kidney,muscle,5.357026582529032e-06,0.14708524636483453,4.375924906388774e-05,0.0006267832006437949,0.21240841211218978,0.1391817411101282,0.072324313478939,0.027796894958245447,0.2281386683476837,0.1723888241516892
GSM3394547,GSE120137,kidney,control,52.149,tissue_multiclass,logistic,True,kidney,muscle,1.7547494563804294e-05,0.09289931062223059,0.0004521164384232576,0.028989335660003918,0.03424856023913343,0.04376753475047463,0.009734976126994354,0.03028255860074922,0.4945722450827326,0.2650358149846941
GSM3394548,GSE120137,kidney,control,52.149,tissue_multiclass,logistic,True,kidney,spleen,2.7675237682354324e-06,0.25991188436519275,1.3584600881339922e-06,0.0005690766672857034,0.05811630431899867,0.07002173506633047,0.025005942157977665,0.07872575764449992,0.006050749681549031,0.5015944241143094
GSM3394549,GSE120137,kidney,control,52.149,tissue_multiclass,logistic,True,kidney,kidney,4.2939234037033765e-07,0.09361696248974213,4.0960260926762114e-06,2.064129790328133e-05,0.0023972193655260117,0.8309895477389321,0.002359730397807088,0.018728441076464205,0.0290486530540041,0.02283427916118806
GSM3394550,GSE120137,kidney,control,52.149,tissue_multiclass,logistic,True,kidney,spleen,2.9481014329523802e-05,0.0018261201328430745,4.023689209790937e-06,6.310552855206346e-05,0.2701903494930291,0.0260450381204991,0.0020817161297037746,0.2125934843655046,0.062110426989716604,0.4250562545366123
GSM3394551,GSE120137,kidney,control,78.223,tissue_multiclass,logistic,True,kidney,muscle,9.532176613579467e-06,0.08974174443787565,2.197102322371319e-05,0.000773182781521356,0.007515251617645361,0.30615243807193476,0.0003382864378004966,0.09115883948760826,0.48576179151018517,0.018526962455591697
GSM3394552,GSE120137,kidney,control,78.223,tissue_multiclass,logistic,True,kidney,muscle,7.311889277340612e-08,0.007532257839186827,8.431105595912329e-06,0.001031232320655821,0.07506076224440605,0.009749324397002471,0.0040041475543595795,0.0013257253231445509,0.45919217951112146,0.4420958665856345
GSM3394553,GSE120137,kidney,control,78.223,tissue_multiclass,logistic,True,kidney,intestine,7.000515900044501e-07,0.014931670871218494,1.6926930461028093e-07,0.0008852347667266468,0.4172596486004753,0.07581506827972964,0.0005513218052591594,0.2297749760818794,0.13879337695833519,0.12198783331548149
GSM3394554,GSE120137,kidney,control,78.223,tissue_multiclass,logistic,True,kidney,muscle,2.0386998861823542e-07,8.663092167932744e-05,2.2657934183358376e-06,1.9105125644769028e-05,0.05725137084651078,0.0023086278698777564,0.00016982131935759613,0.013552624010697878,0.869928799666976,0.05668055057584916
GSM3394555,GSE120137,kidney,control,78.223,tissue_multiclass,logistic,True,kidney,kidney,3.9933007513385856e-06,0.23263083944750895,0.0011146354629735266,0.0001114563057960678,0.08872743772301436,0.4860213339624768,0.09836079842721926,0.008603857979335404,0.06139540753150764,0.02303023985941666
GSM3394556,GSE120137,kidney,control,26.074,tissue_multiclass,logistic,True,kidney,spleen,3.678439774155667e-06,0.022295665969183264,1.6518882633257086e-06,0.0003800813519322822,0.007288714307298453,0.3936318575403911,0.07309500419007708,0.0024120208355227226,0.06825097581168807,0.43264034966586956
GSM3394557,GSE120137,kidney,control,52.149,tissue_multiclass,logistic,True,kidney,intestine,7.163052414723379e-06,0.08610308721421298,3.126813857393705e-06,0.0011928981368233243,0.34200797461289817,0.28087088049633124,0.15373148626137792,0.046146222676765755,0.042085406720682145,0.047851754014636164
GSM3394558,GSE120137,kidney,control,78.223,tissue_multiclass,logistic,True,kidney,muscle,3.3630930898791913e-06,0.020316389797052956,1.8567565641526995e-05,0.00013331145428425317,0.015178178811987943,0.04116707664249003,0.05020332447541181,0.03248289687484758,0.8232401803461825,0.017256710939011363
GSM3394559,GSE120137,kidney,control,78.223,tissue_multiclass,logistic,True,kidney,blood,2.282062349090564e-07,0.4588315084231029,1.3009207163401671e-05,0.002421133321995186,0.24277919814497964,0.03687328277482723,0.008144606368771524,0.03486415329248482,0.05894719663787824,0.15712568362256207
GSM3394560,GSE120137,kidney,control,78.223,tissue_multiclass,logistic,True,kidney,blood,3.668633195717101e-06,0.9516098344100108,2.944978771069041e-07,5.596463378535731e-06,0.0011317634601653332,0.0010493972731650681,0.007223598490650981,0.030994533687360958,0.005013131033285214,0.002968182050910225
GSM3394561,GSE120137,kidney,control,78.223,tissue_multiclass,logistic,True,kidney,muscle,4.066235543061264e-09,0.0028070838536997196,2.8272679094043985e-05,9.18659068885962e-06,0.014665628548208527,0.0019013097230402849,0.0009701096040223457,0.0006723902527161761,0.9763522251727214,0.002593789509573061
GSM3394562,GSE120137,kidney,control,26.074,tissue_multiclass,logistic,True,kidney,spleen,6.90628528274e-07,0.05949690762323705,1.3403259568719866e-05,0.004980117493851049,0.04893541970573184,0.0653189337772922,0.0008389693678756791,0.01169126573391583,0.3204221748990876,0.48830211751091185
GSM3394563,GSE120137,kidney,control,26.074,tissue_multiclass,logistic,True,kidney,kidney,7.735290432403279e-06,0.3195700450487437,0.00011564888894378264,0.0002312231934037108,0.1314140286473935,0.39670852164843884,0.00903702970523669,0.01626257667727683,0.08323717415797692,0.043416016742153916
GSM3394564,GSE120137,kidney,control,52.149,tissue_multiclass,logistic,True,kidney,muscle,1.1017693810276996e-05,1.3378613619687312e-05,3.130977528539418e-05,7.713515604129774e-06,0.006786563355854194,0.28450541990533207,0.0029324343381557307,0.004557519741240439,0.6820670042079362,0.01908763885316197
GSM3394565,GSE120137,kidney,control,78.223,tissue_multiclass,logistic,True,kidney,kidney,1.403106492280343e-08,0.028770548491704663,5.323536737393975e-06,1.5243881130053186e-05,0.26814240695893027,0.48612860051483187,3.387183822799501e-05,0.00016740601028143794,0.042847363880989434,0.17388922085610195
GSM3394566,GSE120137,kidney,control,78.223,tissue_multiclass,logistic,True,kidney,blood,0.00010479821277123586,0.42667836605188075,3.219436563698728e-05,0.011260034006578556,0.015939792902740505,0.025888114265256994,0.007574681089722162,0.03235805343685454,0.3103111495102786,0.16985281615827957
GSM3394567,GSE120137,kidney,control,26.074,tissue_multiclass,logistic,True,kidney,spleen,1.7473262364071262e-06,0.011209802783474922,0.00012641632524279541,0.00023394651997723023,0.01335684812948961,0.016544477426765538,0.0017548078968188695,0.17185334921959772,0.06208021951936324,0.7228383848530336
GSM3394568,GSE120137,kidney,control,26.074,tissue_multiclass,logistic,True,kidney,intestine,8.798785328225357e-09,0.29743289930387873,2.9305393843646804e-05,0.006830662862141051,0.3749283587768898,0.042413243826778,0.0007197416143202253,0.018067711385769854,0.026662775011820204,0.23291529302577302
GSM3394569,GSE120137,kidney,control,26.074,tissue_multiclass,logistic,True,kidney,intestine,8.786885262413033e-09,6.476666563398747e-05,1.1359865279883474e-06,0.0017012906822515223,0.594765557717897,9.692878144442526e-06,0.11922419726393677,3.376767676641627e-05,0.0005678781590065836,0.28363170418295
GSM3394570,GSE120137,kidney,control,52.149,tissue_multiclass,logistic,True,kidney,liver,1.4062393238273214e-06,0.0010054731349117153,3.162141617310979e-05,0.0038608157817484985,0.00045147881782806704,0.00028282460601539703,0.9562220619620717,1.5064077704710146e-05,0.006738398593990326,0.03139085537023279
GSM3394571,GSE120137,kidney,control,52.149,tissue_multiclass,logistic,True,kidney,lung,3.2404403168421505e-07,0.03672347920417019,5.1077639988274384e-05,0.008284832816250148,0.08781943120558977,0.31266949039670555,7.471603598495795e-05,0.49140911044769814,0.054809264222127674,0.008158273987453505
GSM3394572,GSE120137,kidney,control,52.149,tissue_multiclass,logistic,True,kidney,lung,0.00019378639077329858,0.2227833837501211,5.835425575264095e-05,0.0023139513239857257,0.021335596898697805,0.020654528997566417,0.0025908405287161135,0.3399607360294842,0.15204601334102327,0.23806280848387945
GSM3394573,GSE120137,kidney,control,78.223,tissue_multiclass,logistic,True,kidney,kidney,5.059789663373992e-06,0.010304985172018546,5.464611090095189e-06,0.000153255016323525,0.04805064255876052,0.5212367713760047,0.0659657516645865,0.1922450872885465,0.042927816446201486,0.11910516607680496
GSM3394574,GSE120137,kidney,control,78.223,tissue_multiclass,logistic,True,kidney,spleen,4.43886976847033e-06,0.12691470619522424,1.886440228420461e-06,0.0022648165535226277,0.09215033883619608,0.01878430729417143,0.00010170914240328003,0.006617228883592197,0.17645457160947242,0.5767059961754207
GSM3394575,GSE120137,kidney,control,78.223,tissue_multiclass,logistic,True,kidney,lung,2.6909420838748258e-08,0.027227761150432357,5.5363058584035076e-08,8.596488416588347e-06,0.05822111029219502,0.003425065735210177,6.4556833593672305e-06,0.7081754260754914,0.017165941298797557,0.18576956100361824
GSM3394576,GSE120137,kidney,control,26.074,tissue_multiclass,logistic,True,kidney,spleen,2.3393061301597622e-05,0.002746103088683995,0.010345575875202668,0.008611530881961751,0.011350795039832983,0.2953517501829599,0.010299656473911697,0.12008973095405394,0.10494190637109026,0.43623955807100123
GSM3394577,GSE120137,kidney,control,26.074,tissue_multiclass,logistic,True,kidney,spleen,7.718676231893002e-06,0.004215023087296717,0.00010451046391542962,3.0992165487974347e-06,0.010322174621720942,0.366609868600805,0.0017345638932538578,0.003530964270451264,0.042838081705244974,0.5706339954645311
GSM3394578,GSE120137,kidney,control,52.149,tissue_multiclass,logistic,True,kidney,muscle,5.403697889057609e-06,0.02175320827738721,5.658884155276322e-06,0.0013968889838826765,0.014739830463189404,0.2975774367149711,0.0004995975999524328,0.006526964981512131,0.5562169416338043,0.1012780687632564
GSM3394579,GSE120137,kidney,control,26.074,tissue_multiclass,logistic,True,kidney,kidney,6.278917480811329e-09,0.00010897103197180464,2.29578102985058e-06,0.00034838544591416637,0.00283842018155591,0.9701964851447384,9.987486797608226e-06,1.3085546698631543e-05,0.008036201077819136,0.018446162024556973
GSM3394580,GSE120137,kidney,control,26.074,tissue_multiclass,logistic,True,kidney,muscle,5.544361789533724e-08,0.0032714988084140977,1.6236364989192783e-06,0.0001098859014925897,0.01129154556358227,0.004587652895176386,0.01704155645925721,9.593128523255169e-06,0.7898688799485402,0.17381770821489723
GSM3394581,GSE120137,kidney,control,52.149,tissue_multiclass,logistic,True,kidney,kidney,6.670306346069584e-08,0.046923894953992004,1.2689086842863016e-05,0.0008089080965569391,0.022574304379786532,0.8939118287897595,0.005747007450405008,0.019663987339748314,0.007927583672665094,0.0024297295271803543
GSM3394582,GSE120137,kidney,control,52.149,tissue_multiclass,logistic,True,kidney,spleen,1.8039048835604052e-07,0.006561115539442585,6.55175276713139e-05,0.0003157062694682759,0.0032438234176312077,0.00047744994252263754,4.449050046857234e-05,0.0005947202321428122,0.009904988849074573,0.9787920073310896
GSM3394583,GSE120137,kidney,control,78.223,tissue_multiclass,logistic,True,kidney,spleen,6.459802263444575e-08,0.02767523626335151,3.4307120355726784e-05,0.00017275077556670992,0.002251157085570427,0.25357172152674795,0.15312199083341602,0.04499841762710216,0.0018466242680546874,0.5163277299018122
GSM3394584,GSE120137,kidney,control,26.074,tissue_multiclass,logistic,True,kidney,muscle,1.2917128359257234e-08,0.02629056914895443,8.681144436177227e-06,2.4673281687926528e-06,0.0002639841955065084,8.384248712572912e-05,0.013000764358590202,0.0001590342728240822,0.9560007960494256,0.0041898480978402155
GSM3394585,GSE120137,kidney,control,26.074,tissue_multiclass,logistic,True,kidney,muscle,2.1035300235780767e-07,8.048303291634023e-05,1.8716876415217084e-05,0.2142928508244979,0.05970464629724785,0.016560152868581222,1.81029489701679e-05,0.017180922823469787,0.6899008980467528,0.0022430159281463537
GSM3394586,GSE120137,kidney,control,26.074,tissue_multiclass,logistic,True,kidney,blood,6.197847805286428e-08,0.500220571645758,1.928923197822612e-06,0.00034400796792922214,0.308903515446682,0.00354662677717117,1.406580277448338e-05,0.0005732231401347587,0.008935213355777167,0.17746078496209744
GSM3394587,GSE120137,kidney,control,26.074,tissue_multiclass,logistic,True,kidney,spleen,1.0513859829882082e-05,0.39946542498581084,2.3539470952182887e-05,0.0011599257021238547,0.012063401041297907,0.029343171935725873,0.0012145144950804082,0.004448386667943365,0.002300241278133203,0.5499708805631025
GSM3394588,GSE120137,kidney,control,26.074,tissue_multiclass,logistic,True,kidney,muscle,5.910381479146881e-09,1.0281579633185283e-05,2.76170192122731e-07,4.521108993650065e-06,0.006146996750697386,0.02562797168717402,0.00015301759453131573,0.0010960666394289901,0.9438567460068148,0.02310411655215322
GSM3394589,GSE120137,kidney,control,52.149,tissue_multiclass,logistic,True,kidney,blood,3.0619113229592055e-09,0.7703488454691947,1.364744091618051e-06,0.00011381080295105329,0.034465208933768,0.007854719698935269,0.003030104368166662,0.000824680218635025,0.02093762373498516,0.16242363896736123
GSM3394590,GSE120137,kidney,control,52.149,tissue_multiclass,logistic,True,kidney,spleen,9.172714462052602e-07,0.001251322826008515,2.282343745592502e-06,0.0056183847865014245,0.028187041637292062,0.0007961744926490379,0.010162936270163096,4.0106440821409776e-05,0.0002722930411782973,0.9536685408901944
GSM3394591,GSE120137,kidney,control,52.149,tissue_multiclass,logistic,True,kidney,spleen,2.5195877283283545e-08,0.00940972006454329,0.00013417274704553592,9.732917513730696e-06,0.006381554010729763,0.2434520358745389,0.004362086775721335,0.00048688163501251614,0.0005032684970699379,0.7352605222819478
GSM3394592,GSE120137,kidney,control,78.223,tissue_multiclass,logistic,True,kidney,muscle,1.3874250827346084e-06,0.0984320453595894,0.00018097967613898739,0.0003463087274049967,0.014284521373156176,0.006472130633611058,0.0010210034420662499,0.000453907031698532,0.6011452147117713,0.2776625016194806
GSM3394593,GSE120137,kidney,control,78.223,tissue_multiclass,logistic,True,kidney,spleen,3.474505322266412e-08,0.0039159442035509905,1.9666123105065412e-05,0.0006503525942766952,0.012395440542522522,0.008923590635403806,2.4362294518343356e-05,0.0009457149245527041,0.23170013598322353,0.741424757953793
GSM3394594,GSE120137,kidney,control,78.223,tissue_multiclass,logistic,True,kidney,kidney,3.9665738905908067e-10,0.00015763337306464123,9.346614948083758e-09,4.472532172708718e-08,0.00013291210549869832,0.9995977508808885,1.2738499000910117e-06,4.404038651228619e-06,2.1024456494898625e-05,8.49468269077112e-05
GSM3394595,GSE120137,kidney,control,78.223,tissue_multiclass,logistic,True,kidney,kidney,1.1112363860167165e-06,0.0055134218115239575,1.0781749804207784e-05,0.0006662753527593437,0.2929225569335302,0.5156059589282868,0.007689716259277392,0.0001474096427390692,0.1080576248830483,0.0693851432026447
GSM3394596,GSE120137,kidney,control,78.223,tissue_multiclass,logistic,True,kidney,spleen,7.839958368642575e-07,0.05279522561724461,2.8864228426334106e-07,0.0001604829239526994,0.027357014716071947,0.005180602202112465,0.001066293239656289,0.027005291002036268,0.01741695533658247,0.8690170623242222
GSM3394597,GSE120137,kidney,control,26.074,tissue_multiclass,logistic,True,kidney,spleen,3.608263110185784e-07,0.06750728759095528,0.00018106365183841072,0.0006635794969161629,0.0044724450756616525,0.25861458362540113,0.01438498655071493,0.022289684968329716,0.20749509938612568,0.424390908827746
GSM3394598,GSE120137,kidney,control,26.074,tissue_multiclass,logistic,True,kidney,kidney,9.182371915242709e-09,0.1407648124585486,1.1615142859543512e-05,0.00020257675577560016,0.0063908989613918905,0.8316350236501205,6.209055929762797e-05,0.0007186289007802981,0.010789184323830622,0.009425160065023318
GSM3394599,GSE120137,kidney,control,26.074,tissue_multiclass,logistic,True,kidney,kidney,4.167781842206269e-08,0.0009170285873506176,1.264680965959798e-07,7.237209167822301e-05,0.02529984871201546,0.9170526705336154,0.003545492256736078,0.0001186204898316334,0.00417522195825641,0.048818577224601124
GSM3394600,GSE120137,kidney,control,26.074,tissue_multiclass,logistic,True,kidney,spleen,2.728560177176986e-07,0.11173024079808672,0.00012772082872006973,4.28157600005227e-06,0.02984046776609178,0.08266377621855658,0.00019504815260702228,0.07200408670613209,0.006690752055959057,0.696743353041829
GSM3394601,GSE120137,kidney,control,26.074,tissue_multiclass,logistic,True,kidney,spleen,1.1196796431921175e-06,0.045702049245218056,2.2902919507315197e-05,0.022311268974813264,0.029770358543681177,0.07492047025557941,0.015899554428842624,1.801774595678232e-06,0.05459477139737904,0.7567757027807402
GSM3394602,GSE120137,kidney,control,26.074,tissue_multiclass,logistic,True,kidney,intestine,7.798456745219411e-10,0.0019674048227399667,5.154123496203483e-06,0.0001561663066534872,0.4689669125883011,0.05080131270128256,7.080086680909229e-05,0.0008866515309801642,0.45457810959320727,0.02256748668668443
GSM3394603,GSE120137,kidney,control,52.149,tissue_multiclass,logistic,True,kidney,kidney,7.96470368232702e-08,0.03232658951577517,9.832356629241466e-06,0.00022447340838255362,0.018970614404341404,0.737864901917047,0.011969755998712712,0.0009431582941344526,0.1590392709900318,0.03865132346790883
GSM3394604,GSE120137,kidney,control,52.149,tissue_multiclass,logistic,True,kidney,blood,1.0574541254783739e-06,0.45455118978337716,2.1296110490364377e-06,1.3106147116092723e-05,0.05925163816605836,0.2554116927296896,0.002365447378344022,0.10254119048804367,0.0007756684125138435,0.12508687982968275
GSM3394605,GSE120137,kidney,control,78.223,tissue_multiclass,logistic,True,kidney,lung,1.8610793161050734e-07,0.007281131237687526,2.7001422695891965e-05,8.79043690632793e-06,0.001204642323619329,0.0026401414493541263,0.00021323722346429597,0.9851811279530528,0.0028667489046978237,0.0005769929405901233
GSM3394606,GSE120137,kidney,control,78.223,tissue_multiclass,logistic,True,kidney,spleen,1.1061005517759076e-07,0.1895113635327681,2.4442354645301594e-05,0.0015507027510438902,0.0054643969302407905,0.0008287950596969158,0.03050428441810239,0.0014764271688839448,0.0006368304176486852,0.7700026467569148
GSM3394607,GSE120137,kidney,control,78.223,tissue_multiclass,logistic,True,kidney,blood,6.888241930479161e-06,0.41617919737368414,2.26042777766292e-05,0.011135803332275858,0.00793727398394918,0.16930623503138748,0.0011564417429994398,0.004483500339328781,0.19389828280349802,0.19587377287316987
GSM3394608,GSE120137,kidney,control,78.223,tissue_multiclass,logistic,True,kidney,muscle,9.019034082324273e-06,0.0025882171775848937,2.2332892746645054e-05,3.2344938756657384e-05,0.0004352811743115093,0.09175666111785637,0.4246583127307464,0.004652752810816083,0.4745707838011459,0.0012742943219532486
GSM3394609,GSE120137,kidney,control,78.223,tissue_multiclass,logistic,True,kidney,kidney,0.00023583032598696455,0.002852293409743454,0.0005699714486997112,0.004495432210627513,0.013179044873888438,0.408831181822873,0.034040782084981853,0.2677675157883574,0.2115949625683382,0.05643298546650361
GSM3394610,GSE120137,kidney,control,78.223,tissue_multiclass,logistic,True,kidney,intestine,9.003237288014203e-07,0.13715245288151695,4.551025847043583e-07,0.0022481279185489686,0.6569796007611179,0.13621061364334738,1.438876621058273e-06,0.000655806734633969,0.00018297760250790768,0.06656762615539225
GSM3394611,GSE120137,kidney,control,78.223,tissue_multiclass,logistic,True,kidney,intestine,1.3701892320892208e-05,0.0007467758268281679,2.7448340089098822e-05,2.8274376622882282e-05,0.8197898861649502,0.07523965213444696,0.021156632847113235,0.00017986119245190634,0.029919458688418388,0.05289830853675816
GSM3394612,GSE120137,kidney,control,78.223,tissue_multiclass,logistic,True,kidney,liver,1.546206171948644e-05,0.006051897229469482,1.0401531586535648e-07,0.012174821173527398,0.06542185845237908,2.607792778180754e-05,0.8282915473627558,0.00506246358368847,0.00288527741847569,0.0800704907748868
GSM3394613,GSE120137,kidney,control,26.074,tissue_multiclass,logistic,True,kidney,spleen,6.985921512890762e-05,0.06341008823343985,0.00019363140952555766,0.027465319993763896,0.046213310901681216,0.21928053843122747,0.014068425799559624,0.06814116481658312,0.1373161532409203,0.42384150795817005
GSM3394614,GSE120137,kidney,control,26.074,tissue_multiclass,logistic,True,kidney,blood,1.3202911692548656e-06,0.8828347861357422,1.0597944888569506e-06,0.00020212009421041968,0.0604975474423766,3.450631564595939e-05,0.0003489800600339598,4.505421496792265e-06,0.0518660593887726,0.004209115056063128
GSM3394615,GSE120137,kidney,control,26.074,tissue_multiclass,logistic,True,kidney,kidney,9.383173980780213e-09,0.13214446956915388,9.624564042771832e-07,4.451433482757372e-05,2.6878976860475922e-06,0.8089001728629136,5.2055683872286144e-08,0.0004435609472308035,0.05626936588091038,0.002194204612015617
GSM3394616,GSE120137,kidney,control,26.074,tissue_multiclass,logistic,True,kidney,kidney,7.288954572890465e-05,0.19865950061824478,0.004400793411924466,1.7772672790691738e-05,0.005530399405308618,0.49805388648099913,0.005909193207510699,0.11040973829202934,0.06876872555279531,0.10817710081266808
GSM3394617,GSE120137,kidney,control,26.074,tissue_multiclass,logistic,True,kidney,spleen,0.0001249668053174619,0.04892151551066188,2.3643306102313224e-06,0.03518777087443381,0.23971886709218543,0.05520830562766749,0.12337139003802726,0.001784209124521664,0.23094200761623357,0.26473860298034124
GSM3394618,GSE120137,kidney,control,26.074,tissue_multiclass,logistic,True,kidney,kidney,5.118065526370009e-05,0.0018807553568213867,0.0011762250998302917,0.0047971819480912125,0.0064154230404342765,0.9172753941620716,0.008713659401273367,0.009344468588441452,0.010964491962254413,0.039381219785518444
GSM3394619,GSE120137,kidney,control,26.074,tissue_multiclass,logistic,True,kidney,spleen,1.4845694169558523e-06,0.00017443038897166534,4.720930324356603e-06,9.566978469187876e-05,0.0021911421165264518,0.005971379056930137,0.0002646157670412801,0.0001540273403905755,0.11614562234074491,0.8749969077049616
GSM3394620,GSE120137,kidney,control,26.074,tissue_multiclass,logistic,True,kidney,intestine,8.832292085709959e-07,0.018871549981177526,1.8231557950168223e-06,2.075829406443166e-05,0.5533088797317808,0.0922848546792531,0.07812276980453163,0.0013114126972738958,0.034757237172838615,0.22131983125407634
GSM3394621,GSE120137,kidney,control,26.074,tissue_multiclass,logistic,True,kidney,kidney,4.8276157713428523e-08,0.02355527568607006,3.6127278012413062e-06,0.00818405977001752,0.0006406925567922328,0.9612348967143867,1.1905768022394143e-05,0.0021263014643291586,0.0002785592014420464,0.003964647834980889
GSM3394622,GSE120137,kidney,control,26.074,tissue_multiclass,logistic,True,kidney,kidney,0.00022889632792348117,0.02634225393998215,9.469758965188113e-05,0.00029110145627422293,0.0017786899996512803,0.5595442037100182,0.23736701746506514,0.0022691912004856466,0.024484910654544768,0.147599037656403
GSM3394623,GSE120137,kidney,control,26.074,tissue_multiclass,logistic,True,kidney,spleen,9.033740571615826e-07,0.0014195922111802806,1.646929390306934e-07,5.2558261410372705e-05,0.001729383373015848,0.0006623241138328399,0.004389120890122992,0.0041374641696462315,4.804638721345733e-05,0.9875604425265818
GSM3394624,GSE120137,kidney,control,26.074,tissue_multiclass,logistic,True,kidney,spleen,5.5914290922550137e-08,0.06446553716619048,2.0972181480839585e-06,0.0021942105414530034,0.010204269630623826,0.0305938904121938,0.000822140501016285,0.015860053013117607,0.1723199648110846,0.7035377807918815
GSM3394625,GSE120137,kidney,control,26.074,tissue_multiclass,logistic,True,kidney,spleen,4.3051596222272196e-08,0.09412643481223243,2.2940726695840085e-06,0.004667510128979337,0.0328457766194858,3.581627692188555e-05,0.0003766791420941816,0.005087828540862017,0.06681176270195638,0.7960458546532021
GSM3394626,GSE120137,kidney,control,26.074,tissue_multiclass,logistic,True,kidney,blood,1.4250180447891779e-08,0.854784487706961,3.206372150635683e-05,0.00905862960589376,7.565305868101339e-05,4.388745494225898e-05,5.004194498614612e-06,0.011787769396225289,0.00013528746750879317,0.12407720314360257
GSM3394627,GSE120137,kidney,control,26.074,tissue_multiclass,logistic,True,kidney,kidney,3.5384619048271076e-09,0.02620259074530413,3.5236162463811257e-06,0.0019117157436945229,0.47214527536850887,0.4757697622804115,8.540602629271757e-05,8.677700146890414e-06,0.010635026709779373,0.01323801827115377
GSM3394628,GSE120137,kidney,control,26.074,tissue_multiclass,logistic,True,kidney,kidney,9.33808198884954e-11,0.0027846158743229355,0.0032141431841072442,0.0003271972981157794,0.002352665585801978,0.943938330969619,3.131958044380182e-07,0.000734756575896449,0.04181781581732873,0.00483016140562271
GSM3394629,GSE120137,kidney,control,52.149,tissue_multiclass,logistic,True,kidney,kidney,8.546459180343928e-10,2.8630581689094305e-06,4.433338129009379e-08,1.0246880509555798e-06,7.931963912197253e-05,0.9909402427319068,1.4987136559352589e-06,0.007057835111832593,0.00012274372710281508,0.0017944271421325992
GSM3394630,GSE120137,kidney,control,52.149,tissue_multiclass,logistic,True,kidney,kidney,5.82331265057756e-07,0.018172624137199805,2.8397682517481165e-06,0.00013960669009970982,0.0028819589752625504,0.9536226750566476,0.0005222590307971136,0.00044453207216189986,0.0015008185543576597,0.022712103383956832
GSM3394631,GSE120137,kidney,control,52.149,tissue_multiclass,logistic,True,kidney,spleen,2.086691325095174e-07,0.008161398444958825,0.00039560833921004827,2.9643708486976318e-05,0.0022258502900805977,0.17175020902794394,3.0444353473900817e-05,0.026965214307270082,0.0001854806634820071,0.7902559421959611
GSM3394632,GSE120137,kidney,control,52.149,tissue_multiclass,logistic,True,kidney,blood,7.803659481222678e-06,0.5217540591836792,0.0003234844820064465,0.00040232158724903756,0.00974808870549172,0.05637849163740476,0.10596889039612119,0.2954639439999756,0.009878696114915018,7.422023367572786e-05
GSM3394633,GSE120137,kidney,control,52.149,tissue_multiclass,logistic,True,kidney,muscle,1.2070468584205422e-11,0.0005726335465512802,3.0286884915592576e-07,2.4440028164622685e-06,4.7141198688026116e-05,0.0034346870351863843,0.00013940612661814678,6.571509194367649e-05,0.9868696531042664,0.008868017013010016
GSM3394634,GSE120137,kidney,control,52.149,tissue_multiclass,logistic,True,kidney,lung,4.32871089105061e-10,0.0007674343769810538,1.6855447683841576e-07,1.2434871230560818e-07,5.794521820618858e-06,4.902240690628805e-06,3.497886560198547e-05,0.999130114805151,4.712714720555502e-05,9.354706489185264e-06
GSM3394635,GSE120137,kidney,control,52.149,tissue_multiclass,logistic,True,kidney,spleen,3.253794220540507e-07,0.002346949905597461,1.6812817856150382e-06,0.0001354443280531695,0.06520382521745069,0.03281735239770725,0.004100473341829468,0.0005706257819860165,0.005041538241154132,0.8897817841250142
GSM3394636,GSE120137,kidney,control,52.149,tissue_multiclass,logistic,True,kidney,kidney,9.795241934586036e-09,0.005291369268656728,3.4923297332077434e-05,3.35610058071293e-05,0.005165175797251277,0.722534588044713,1.7161776177377335e-05,0.08020725844102514,0.10310056375463691,0.08361538881915839
GSM3394637,GSE120137,kidney,control,52.149,tissue_multiclass,logistic,True,kidney,spleen,2.421330871741279e-05,0.304634501189888,7.56686771724244e-05,0.003552813316172132,0.006272652176098783,0.16564118120118415,0.020071981424651573,0.009060637072657888,0.07069284651502077,0.4199735051184369
GSM3394638,GSE120137,kidney,control,52.149,tissue_multiclass,logistic,True,kidney,kidney,3.780114539842842e-07,0.43998744516183946,1.3985924815441689e-06,8.718658128133999e-05,0.00637508251127791,0.5359984379466579,0.00022097595603311467,0.001825667777922684,0.00880875643063819,0.006694671030413879
GSM3394639,GSE120137,kidney,control,52.149,tissue_multiclass,logistic,True,kidney,blood,1.0911420424598708e-08,0.4050365040776482,4.274077758500398e-07,0.010433649205462784,0.00441411828854093,0.00315649505360801,4.229345997763197e-05,0.3804126869464764,0.0018397458181288327,0.19466406883096085
GSM3394640,GSE120137,kidney,control,52.149,tissue_multiclass,logistic,True,kidney,muscle,8.76562572694813e-08,0.000420182647668105,4.323842961500898e-07,0.00022161567306943437,0.1926706545599507,0.0004704623850898519,1.9440363281289684e-05,0.0023836083410211655,0.6525213549062292,0.15129216108313684
GSM3394641,GSE120137,kidney,control,52.149,tissue_multiclass,logistic,True,kidney,spleen,3.143128622830312e-05,0.015128622873233999,2.4257173986147146e-05,3.6284314788968574e-06,0.000301410522345785,0.006974720084425867,4.643503898698714e-06,0.0031767644451603395,0.0001324667900581791,0.9742220548891838
GSM3394642,GSE120137,kidney,control,52.149,tissue_multiclass,logistic,True,kidney,blood,1.6933879391852803e-07,0.35277081642805547,0.0002824263472651916,0.00012336810848553984,0.12861459594358934,0.032925929889575954,0.11901385490997753,0.011731897584541186,0.10224470211198827,0.2522922393377276
GSM3394643,GSE120137,kidney,control,52.149,tissue_multiclass,logistic,True,kidney,kidney,1.4118677950089863e-06,0.0001645164068556362,8.236693219649337e-06,0.00047807272261619573,0.03337672347204909,0.9222057987521756,9.524374381988323e-05,0.01575798810260305,0.009725141361046387,0.018186866877819462
GSM3394644,GSE120137,kidney,control,78.223,tissue_multiclass,logistic,True,kidney,spleen,1.0830946319167453e-08,0.0011508210337871068,4.0754567232439845e-06,2.8536722478731547e-05,0.25119748162406413,0.30159428228179835,8.920441065425766e-05,0.04768043882881829,0.0021747927518907407,0.39608035605883873
GSM3394645,GSE120137,kidney,control,78.223,tissue_multiclass,logistic,True,kidney,intestine,4.225293403909114e-08,0.0012659155416252915,2.0428173344757866e-06,0.00022618866949398363,0.41056704289049845,0.3010228826993057,0.0002496568626540892,0.0036732757179646063,0.008706436718131028,0.2742865158300583
GSM3394646,GSE120137,kidney,control,78.223,tissue_multiclass,logistic,True,kidney,intestine,7.5322972842294694e-06,0.011645102543201183,3.643751593277042e-06,0.002823214904187433,0.4472254596388562,0.3917755289418822,0.046660548953002666,0.03482674122504166,0.03070267229333514,0.034329555451616076
GSM3394647,GSE120137,kidney,control,78.223,tissue_multiclass,logistic,True,kidney,blood,6.351976075591426e-08,0.9179478135775329,0.00010102790630729707,7.923073029821907e-05,0.0064988612390448185,0.05800561724753723,0.0002375185952147562,0.013646084123003778,0.0006687121469097175,0.0028150709143903705
GSM3394648,GSE120137,kidney,control,78.223,tissue_multiclass,logistic,True,kidney,spleen,2.2979145425679892e-08,0.02203434482286532,5.209113125190511e-05,0.0004704469075592612,0.0002651687828728484,0.0682495326414684,0.0008338998440264676,0.00021981868513193322,0.07775697161545075,0.8301177025902278
GSM3394649,GSE120137,kidney,control,78.223,tissue_multiclass,logistic,True,kidney,kidney,3.951993672696285e-06,0.0008940336170508872,3.679291809689581e-06,0.00025699688157841834,0.005083568212942483,0.9731335132424572,7.917661069034775e-05,0.003052657931787988,4.3637104078074734e-05,0.01744878511393208
GSM3394650,GSE120137,kidney,control,78.223,tissue_multiclass,logistic,True,kidney,kidney,2.813256604112872e-08,0.0023241023963081193,6.011347924672566e-08,4.743841802565852e-05,0.0003500615860053123,0.9917057542452077,2.03160535474201e-06,0.0027653633234012084,0.000850190837353416,0.0019549693422988043
GSM3394651,GSE120137,kidney,control,78.223,tissue_multiclass,logistic,True,kidney,kidney,3.1170425841156554e-06,0.0005861186641343803,5.252566596413035e-06,0.0019466593534831626,0.0027951441747157907,0.5983771094028921,0.010244649345033592,0.0023780381765649465,0.24271411807271046,0.14094979320128492
GSM3394652,GSE120137,kidney,control,78.223,tissue_multiclass,logistic,True,kidney,blood,3.3486062525161293e-09,0.9223092665949648,0.001848806888332186,4.770018389112077e-06,1.1333167093645508e-05,0.030824618738739547,0.0059545262825863345,0.0034209569698357752,0.028813987850342074,0.006811730141110298
GSM3394653,GSE120137,kidney,control,78.223,tissue_multiclass,logistic,True,kidney,kidney,1.0262964769296097e-06,9.258861839600162e-06,2.7445624926415057e-06,9.789431207220139e-06,0.00545727695114395,0.9717837685994903,4.421137898578159e-05,4.489672147123139e-06,0.0012646150907049587,0.021422819155511374
GSM3394654,GSE120137,kidney,control,26.074,tissue_multiclass,logistic,True,kidney,blood,3.615094152338886e-08,0.7848681678159658,3.3661310188820594e-06,0.013521843371623104,0.08418899454390359,0.02360790880394995,0.00131541467643234,0.027171663523447034,0.005995601810361376,0.059327003172356375
GSM3394655,GSE120137,kidney,control,26.074,tissue_multiclass,logistic,True,kidney,kidney,8.562745030939452e-07,0.0002754852318200188,7.732293911896575e-07,0.0016235528003238657,0.012404920378681196,0.7414821432560218,0.0012425965647824262,5.425887929407313e-06,0.0040557363421238205,0.23890851003442312
GSM3394656,GSE120137,kidney,control,26.074,tissue_multiclass,logistic,True,kidney,kidney,8.500992385185649e-08,0.00634020711850003,1.6558133264476774e-07,0.00015935708974427288,0.007060688710382749,0.9305631968729426,6.116946862972026e-05,0.00023806242133964643,0.007547789733211003,0.04802927799399327
GSM3394657,GSE120137,kidney,control,26.074,tissue_multiclass,logistic,True,kidney,lung,1.1203325005960121e-08,0.015675695675305485,6.338173640815681e-05,0.00037020241345500675,0.007466797441568659,0.07867619048587297,0.00056985203143646,0.8399414770212845,0.0013869405857813073,0.05584945140556241
GSM3394658,GSE120137,kidney,control,26.074,tissue_multiclass,logistic,True,kidney,kidney,1.1937839931075626e-06,0.00798222391235955,0.0010670710757656433,8.658588725972526e-05,0.010897979339785252,0.9327308170128936,0.00015708703533067654,0.014488006636915709,0.0001411570370310549,0.032447878278665444
GSM3394659,GSE120137,kidney,control,26.074,tissue_multiclass,logistic,True,kidney,kidney,2.60535535671487e-09,0.0012547599239023683,1.2300742146773583e-07,0.0005558036850288875,0.002095169777179194,0.7813097519828349,1.6275630301882643e-05,0.00047561241030992263,0.11625012505469766,0.09804237592296855
GSM3394660,GSE120137,kidney,control,26.074,tissue_multiclass,logistic,True,kidney,spleen,3.595792437837151e-09,0.009502563419488123,4.132849453128378e-08,0.004225243806283215,0.04312800391569097,0.006306422088601468,1.9617121921494126e-05,0.18140383905104376,0.0001760953612271115,0.7552381703114569
GSM3394661,GSE120137,kidney,control,26.074,tissue_multiclass,logistic,True,kidney,kidney,6.048660707206967e-08,7.206600837097279e-05,1.486065022208412e-05,6.994166376635533e-05,0.0013421427605045365,0.9396341659365736,0.005292640163853363,0.029732717917533652,0.008117554428892325,0.01572384998367611
GSM3394662,GSE120137,kidney,control,26.074,tissue_multiclass,logistic,True,kidney,kidney,2.336937046322316e-06,0.13741309002713537,0.000879607446491182,9.815441527409398e-05,0.0001279900967988947,0.75266718662296,0.01301139705194932,0.06317876805014667,0.02601140029947229,0.0066100690527259465
GSM3394663,GSE120137,kidney,control,52.149,tissue_multiclass,logistic,True,kidney,spleen,4.55445731825636e-09,0.268997109570831,3.946309390409521e-05,9.040678687203106e-05,0.0018622484824023793,0.014884609733294425,0.08556581094323472,0.060444924318009845,0.0009999766655596552,0.5671154458514345
GSM3394664,GSE120137,kidney,control,52.149,tissue_multiclass,logistic,True,kidney,spleen,4.701362264795142e-07,0.002159327644158214,6.819417814334724e-06,3.395338730993147e-05,0.0010620455063079378,0.03018798720938965,7.316604632411228e-05,0.007486939242887301,0.005224483656268022,0.9537648077533141
GSM3394665,GSE120137,kidney,control,52.149,tissue_multiclass,logistic,True,kidney,liver,7.440803823082367e-07,0.26568206922284904,2.769798262139113e-05,0.0005302776219703893,0.004913584257071726,0.26334910336908707,0.3671155231974819,0.007287426641290821,0.0025260329685488346,0.08856754065869636
GSM3394666,GSE120137,kidney,control,52.149,tissue_multiclass,logistic,True,kidney,kidney,6.09130754647494e-08,0.0001760065911658409,4.502271422055446e-05,0.0014009511755769064,0.0034398315473265764,0.8202833546572594,0.05075089613237495,0.0005180816863925781,0.04096341553772506,0.08242237904488268
GSM3394667,GSE120137,kidney,control,52.149,tissue_multiclass,logistic,True,kidney,spleen,9.195182273651714e-08,0.02567160981214812,8.568605874127815e-06,0.00011389346944611841,0.00490102524390982,0.0012700065003611674,0.000820802706498109,0.0003048407104139985,0.04729752533642338,0.9196116356631023
GSM3394668,GSE120137,kidney,control,52.149,tissue_multiclass,logistic,True,kidney,kidney,7.179018326367448e-06,0.001194785246546277,5.519453083271426e-06,0.05558252754860709,0.055219260081168856,0.42560344595913574,0.0013872127227049678,0.0016300211470970823,0.16811450557463545,0.29125554324869485
GSM3394669,GSE120137,kidney,control,52.149,tissue_multiclass,logistic,True,kidney,spleen,1.3713396459316832e-05,0.046768557542774106,3.739603343300199e-06,0.002791705405624161,0.00848756228926417,0.24361755138482138,0.12694367402420328,0.001968716333487508,0.2449864125819222,0.3244183674381006
GSM3394670,GSE120137,kidney,control,52.149,tissue_multiclass,logistic,True,kidney,kidney,5.853709249335273e-06,0.006715501264713884,0.00016036782353689755,0.0005971705693900879,0.31189772150194595,0.4591857047218488,0.0010902112786586435,0.004936712133309266,0.0036628921071198946,0.2117478648902273
GSM3394671,GSE120137,kidney,control,78.223,tissue_multiclass,logistic,True,kidney,kidney,1.2181343226736724e-06,4.8342747307912084e-05,7.15146952757056e-08,0.00023482343265122545,0.07010080799187746,0.5369584002155039,0.0033550718473211835,0.03668206623574151,0.0012834433868699913,0.3513357544937089
GSM3394672,GSE120137,kidney,control,78.223,tissue_multiclass,logistic,True,kidney,blood,3.3177028206361326e-07,0.3300296352084499,5.3131265100089006e-05,0.04337043726020226,0.1621041372426199,0.029577888287095094,0.008186223254343629,0.1490644645058917,0.0577102415572033,0.21990350964881197
GSM3394673,GSE120137,kidney,control,78.223,tissue_multiclass,logistic,True,kidney,blood,5.879616987064601e-07,0.836772998382439,0.000925802484522679,0.0014926124039062686,0.0003007707334891329,0.11965337722065764,3.7882217006247973e-06,0.004939014417553482,0.023728403412145636,0.01218264476188676
GSM3394674,GSE120137,kidney,control,78.223,tissue_multiclass,logistic,True,kidney,muscle,1.3635348242835244e-06,0.08149882240791627,3.2517778528829243e-06,0.00021041511211625187,0.06819185475550822,0.044400339890637144,0.09483232740275223,0.01122697233789531,0.6286943058739984,0.07094034690649892
GSM3394675,GSE120137,kidney,control,78.223,tissue_multiclass,logistic,True,kidney,lung,1.3147261635202242e-05,0.30223762141809846,0.0015971218645476964,0.0009406300579471411,0.062499327325776406,0.01294327460725945,0.03549481078236439,0.5117180146228837,0.014655056803471912,0.0579009952560157
GSM3394676,GSE120137,kidney,control,78.223,tissue_multiclass,logistic,True,kidney,blood,3.1421151723154324e-07,0.6909113345621043,4.86721623172601e-06,0.00012110204877487617,0.008889609159711351,0.18214744395289292,0.0012986926379093921,0.006690989062367273,0.006584465737909892,0.10335118141058097
GSM3394677,GSE120137,kidney,control,78.223,tissue_multiclass,logistic,True,kidney,muscle,7.761616174898398e-07,0.06792257144337913,4.318966508769734e-06,0.0004880368098146952,0.018067917113840645,0.06673674376107076,0.31190206425772293,0.008397460177456427,0.3369391563385082,0.18954095497008094
GSM3394678,GSE120137,kidney,control,78.223,tissue_multiclass,logistic,True,kidney,kidney,2.2282786851787756e-06,0.07686330015052868,0.0003744379445638397,0.0060467188928834984,0.00721348025432884,0.6124197782962552,0.0183880635068668,0.002625405748826215,0.1922061753281123,0.08386041159894952
GSM3394679,GSE120137,kidney,control,78.223,tissue_multiclass,logistic,True,kidney,intestine,1.609720661984693e-07,0.024476825713405044,9.227870833948799e-06,0.00017770725334658423,0.460713226370719,0.3241909333164264,0.04925489055528331,0.008210550029307682,0.052915726598462984,0.0800507513201489
GSM3394680,GSE120137,kidney,control,78.223,tissue_multiclass,logistic,True,kidney,blood,2.8977758535552724e-06,0.7085396135587135,5.429997908432246e-06,1.351942983617382e-05,0.08279256938725572,0.13318471493315986,0.00028978619333900306,0.0006344955705150625,0.01682683438178289,0.05771013877163589
GSM3394681,GSE120137,kidney,control,78.223,tissue_multiclass,logistic,True,kidney,kidney,1.530799642578966e-06,0.000697589639756307,6.618074382785802e-05,0.00021287789336748957,0.0037718000416201874,0.5046187501332244,0.025891087386853005,0.003903160669212648,0.08420202296080426,0.37663499973169123
GSM3394682,GSE120137,kidney,control,26.074,tissue_multiclass,logistic,True,kidney,kidney,3.4005104923793694e-06,0.039415844014399494,8.498450181540103e-05,0.0012086108558006883,0.09074203005318159,0.49252708415958746,0.006959403818597111,0.049365871611344196,0.0068502722334305936,0.3128424982413512
GSM3394683,GSE120137,kidney,control,26.074,tissue_multiclass,logistic,True,kidney,muscle,1.4441924247724192e-06,0.11151348707351538,2.1566794172807415e-05,0.00015887515669171066,0.0032570307548283996,0.2680921070009451,0.005769839141865559,0.0034769822823763593,0.5822936527501527,0.025415014853027235
GSM3394684,GSE120137,kidney,control,26.074,tissue_multiclass,logistic,True,kidney,spleen,2.0406537860801898e-05,0.05948985035554375,8.936841933915616e-06,0.0019934172941485752,0.011048624073741905,0.007840329560618888,0.0030003123783392187,0.01534263559074792,0.4394033976418999,0.461852089725165
GSM3394685,GSE120137,kidney,control,26.074,tissue_multiclass,logistic,True,kidney,kidney,2.1594276847611144e-05,0.04061489793547111,1.8599473515715049e-06,0.0017756355666716875,0.05227652916518865,0.8822793775141349,0.00015121562243110122,0.009018073758218607,0.002586505047431785,0.011274311166253126
GSM3394686,GSE120137,kidney,control,26.074,tissue_multiclass,logistic,True,kidney,intestine,3.264149013580153e-07,0.008967438605404146,1.065539901464426e-06,0.008281346592848848,0.6261236680801374,0.31732819536669815,0.00040878546911042715,0.010322204308262098,0.005451683935271833,0.023115285687464314
GSM3394687,GSE120137,kidney,control,52.149,tissue_multiclass,logistic,True,kidney,blood,7.881616965819707e-06,0.39071344125938107,6.166702959787311e-05,0.04503172173992993,0.1227837492210272,0.15375233253255519,0.006384158248376222,0.09260095178763228,0.11432214680692257,0.07434194975761182
GSM3394688,GSE120137,kidney,control,52.149,tissue_multiclass,logistic,True,kidney,kidney,7.347296636719325e-06,0.10399529602404628,1.6414260760285444e-05,0.006188914341262482,0.17415888482164,0.5881792675790665,0.0028925190126571207,0.0013341756861711181,0.019161645451104523,0.10406553552665487
GSM3394689,GSE120137,kidney,control,52.149,tissue_multiclass,logistic,True,kidney,muscle,3.7201871841175348e-06,0.005423054122101197,1.6744557642683116e-05,0.001731731569246052,0.1299194148113953,0.2288875648166553,0.0019267580130749773,0.19648296063663404,0.35695409159037533,0.07865395969569107
GSM3394690,GSE120137,kidney,control,52.149,tissue_multiclass,logistic,True,kidney,kidney,5.5607083584603235e-06,0.0002293018211994058,5.607865940160644e-08,8.025032112061972e-05,0.004318943525041556,0.9275733880040617,0.0002430016537649912,0.004430549008986365,0.022640052480776388,0.04047889639803119
GSM3394691,GSE120137,kidney,control,52.149,tissue_multiclass,logistic,True,kidney,muscle,2.5027717107700216e-06,0.1813013213563214,3.9728994807889904e-05,4.7531930221462145e-05,0.02035608365940116,0.08608885554612397,0.043373174191710155,0.003767581079724832,0.6461854732414446,0.018837747228533736
GSM3394692,GSE120137,kidney,control,52.149,tissue_multiclass,logistic,True,kidney,blood,8.025510585077054e-09,0.6355703803599361,5.807621279907695e-06,2.7921631592579193e-05,0.004257339184821037,0.190453088866334,0.0014194381640817875,0.004011628634409492,0.0987932521996758,0.06546113531235863
GSM3394693,GSE120137,kidney,control,52.149,tissue_multiclass,logistic,True,kidney,blood,2.893082284844409e-05,0.8143569794280262,5.914822834782404e-06,0.0023946312291359016,0.05044131785613516,0.03345314510609275,0.0012359173253067154,0.0008076612338711321,0.008678306259940984,0.0885971959158079
GSM3394694,GSE120137,kidney,control,78.223,tissue_multiclass,logistic,True,kidney,blood,3.8907069945003645e-05,0.5752468222110138,0.0007436529930342282,0.0010904660519529949,0.10973316650122546,0.060785586303713,0.1270452182864548,0.007544692409435048,0.00031198508860370025,0.11745950308462187
GSM3394695,GSE120137,kidney,control,78.223,tissue_multiclass,logistic,True,kidney,kidney,3.3282715440151336e-07,0.009159489052279595,9.106042511537683e-07,0.0011432107854902503,0.001180462016781392,0.9495646697217243,0.000602673788101193,0.015420193103526542,0.007417658631464782,0.01551039946922634
GSM3394696,GSE120137,kidney,control,78.223,tissue_multiclass,logistic,True,kidney,kidney,2.0305048728845239e-07,0.0008368900437225942,9.332877495656788e-07,2.6714360016265045e-05,0.01570581781818698,0.6831922258248696,0.00018296431553482608,0.0010412914294888388,0.29019014406461224,0.008822815805331716
GSM3394697,GSE120137,kidney,control,26.074,tissue_multiclass,logistic,True,kidney,muscle,1.3135005628354103e-06,0.03246894481453486,0.00010606409277583483,0.00037680009081500146,0.011722739233606089,0.02184392211607939,0.19977200366469708,0.0012940058758505186,0.7161475738739926,0.016266632737085823
GSM3394698,GSE120137,kidney,control,26.074,tissue_multiclass,logistic,True,kidney,intestine,4.992902992930331e-06,0.010508746427585439,1.5302276431295507e-06,0.03346517197690916,0.7607901123923868,0.05619117113494606,0.0010061909726546338,0.03631559174081577,0.01657034190267367,0.08514615032139224
GSM3394699,GSE120137,kidney,control,52.149,tissue_multiclass,logistic,True,kidney,kidney,0.00014047333278322433,0.11064239316046653,0.00030280054201853204,0.02469716798742282,0.14726338202517655,0.26490043911399513,0.09106599412834798,0.13942316452382622,0.008554153490200826,0.21301003169576221
GSM3394700,GSE120137,kidney,control,52.149,tissue_multiclass,logistic,True,kidney,kidney,1.6675301190626725e-05,0.0002797541570548409,4.357630750074753e-06,6.332871517455106e-05,0.0006911805722148981,0.9671710749073947,0.0003349497208319021,0.0006551676247339176,0.00567059497974482,0.0251129163909097
GSM3394701,GSE120137,kidney,control,52.149,tissue_multiclass,logistic,True,kidney,muscle,3.018131858424706e-05,0.0014543082431226872,0.0002260482677743926,0.000501734473302083,0.03696840333175717,0.0007898929944569657,0.030244510850716798,0.007055737649573899,0.8923043825549125,0.03042480031579923
GSM3394702,GSE120137,kidney,control,52.149,tissue_multiclass,logistic,True,kidney,muscle,3.1493330882124763e-06,0.009529444440083301,0.0015772204070362,0.0013286210748753356,0.05133434307504938,0.22642226053355882,0.0019248864480958675,0.00157220152357137,0.6505073158271014,0.05580055733754003
GSM3394703,GSE120137,kidney,control,52.149,tissue_multiclass,logistic,True,kidney,blood,1.6549391518305853e-07,0.662028294737256,8.091899099247284e-07,9.765124245177909e-05,0.029768032221018495,0.04647683903169189,0.04699110687226539,0.0012215124544796192,0.05897746708819446,0.1544381216688171
GSM3394704,GSE120137,kidney,control,52.149,tissue_multiclass,logistic,True,kidney,spleen,2.4979168844684144e-06,0.0003747993644068453,3.3658910401467852e-06,1.7314744577306668e-05,0.035963321592389796,0.0038365837481555577,0.007773760555609196,0.0005202122724271528,0.03361198702751558,0.917896156886994
GSM3394705,GSE120137,kidney,control,78.223,tissue_multiclass,logistic,True,kidney,intestine,2.3375282975945928e-05,0.0051599159802322644,2.913914255974054e-06,4.009018303358694e-05,0.8704018453380686,0.0014980742376925296,0.0007220241372059039,0.006567408431090674,0.03042295742655263,0.08516139506889187
GSM3394706,GSE120137,kidney,control,78.223,tissue_multiclass,logistic,True,kidney,kidney,6.171911924464433e-07,0.0017730451407237593,1.7655225192770345e-06,0.0004919372555175711,0.14346105889944483,0.42825909709290944,0.0069676741099291,0.0005890341311082744,0.012981413557051505,0.4054743570996038
GSM3394707,GSE120137,kidney,control,78.223,tissue_multiclass,logistic,True,kidney,muscle,2.1798891128195895e-06,0.00029204423059274486,3.119716168197998e-06,0.005444198221492922,0.1477911991034302,0.0011142422314089247,0.010357501310870772,0.011583478337225847,0.7265302353401067,0.09688180161959081
GSM3394708,GSE120137,kidney,control,78.223,tissue_multiclass,logistic,True,kidney,intestine,6.598995363733885e-05,0.00010584913634881503,4.966716062231158e-08,0.0006784743290764734,0.9740461386453445,0.02125160690683601,2.5017940302682685e-06,0.0005884566615694841,0.00011443647430427732,0.003146496431692367
GSM3394709,GSE120137,kidney,control,78.223,tissue_multiclass,logistic,True,kidney,muscle,3.1781184625695716e-06,0.007932885587622436,1.0418476225972234e-05,0.00011864458854315407,0.0348187780064391,0.3419251987078395,0.0030063754913623743,0.010403955470152132,0.5905772402962376,0.011203325257115083
GSM3394710,GSE120137,kidney,control,78.223,tissue_multiclass,logistic,True,kidney,intestine,4.3797648826493374e-05,0.3106142708870034,2.7838764658174484e-06,8.840339006405949e-05,0.6113928181196518,0.027027559123265266,0.0009693245373556028,0.01393686752732442,0.0025235558906660724,0.0334006189993768
GSM3394711,GSE120137,kidney,control,78.223,tissue_multiclass,logistic,True,kidney,kidney,3.109780179282027e-05,0.3092816480918672,8.141982895982546e-07,0.00645150878537968,0.014786863405186005,0.551087531958063,0.007521825875288736,0.020583936984426624,0.015166493784067777,0.07508827911563849
GSM3394712,GSE120137,kidney,control,26.074,tissue_multiclass,logistic,True,kidney,lung,6.010783007836246e-07,0.012835922271251484,2.64758319641331e-06,1.4301169531969872e-05,0.03584126108517897,0.002777141357612421,0.00018787813267282855,0.8787918317701331,0.01178420237908187,0.057764213173040084
GSM3394713,GSE120137,kidney,control,52.149,tissue_multiclass,logistic,True,kidney,kidney,1.4180642513082596e-05,0.06665918795931566,8.882265130009208e-07,0.0012697893481021013,0.003240497788240611,0.7458920896753343,0.07807954943443361,0.012870655381380934,0.03512001284372576,0.05685314870044115
GSM3394714,GSE120137,kidney,control,52.149,tissue_multiclass,logistic,True,kidney,kidney,8.464989662946529e-07,0.006432027804838678,7.33632532348498e-07,0.0003174736622012487,0.035475277502625246,0.8422744277995615,0.0004832640263607952,0.0022813000694859764,0.08375077114169713,0.02898387786173069
GSM3394715,GSE120137,kidney,control,52.149,tissue_multiclass,logistic,True,kidney,spleen,2.2524949601402264e-07,0.18707981235350274,8.941313153870229e-06,0.00016984681963131326,0.08568303930473363,0.003010940521816063,7.694586689859107e-05,0.004136757946003485,0.026688952288096448,0.6931445383366678
GSM3394716,GSE120137,kidney,control,52.149,tissue_multiclass,logistic,True,kidney,muscle,1.7028604429988878e-07,0.0002286176451528293,8.347258793630932e-07,7.359145553230512e-05,0.13215622582626624,0.14242769424023946,0.033090109611305235,0.009210884270294687,0.667610330887698,0.015201541051587657
GSM3394717,GSE120137,kidney,control,52.149,tissue_multiclass,logistic,True,kidney,intestine,2.3154367515928967e-05,0.08459408776455186,7.76035128431205e-05,0.001693153109737945,0.46192621027808545,0.055755369967902195,0.008255909196776342,0.08480727290745975,0.24881340456421888,0.054053834330908546
GSM3394718,GSE120137,kidney,control,78.223,tissue_multiclass,logistic,True,kidney,liver,0.00022128264799972934,0.06343489617877743,0.00011960961925671344,0.0018850506153307927,0.0006485090833579852,0.0618359641281827,0.4649241687994702,0.00036502768129715343,0.00527677470408781,0.40128871654223963
GSM3394719,GSE120137,kidney,control,78.223,tissue_multiclass,logistic,True,kidney,kidney,1.0177492304698117e-05,0.004792129391004643,8.00737490841125e-06,0.00010924601086045649,0.0003412524095520153,0.9164047267546588,0.0003912570440144131,0.0015888685038176597,0.04308711637207638,0.0332672186468025
GSM3394720,GSE120137,kidney,control,78.223,tissue_multiclass,logistic,True,kidney,blood,1.4922940062477557e-07,0.9773977726101077,4.169981212991905e-06,4.981920752522357e-06,0.000997533513344802,0.001521101575566429,0.0002031035526780678,0.012278050730250747,0.0013888806511006145,0.006204256235585508
GSM2132712,GSE80672,blood,control,2.912,tissue_multiclass,logistic,True,blood,blood,3.529603624081834e-05,0.974884345778996,9.240947514366533e-08,8.408641971210233e-13,3.9328094170803976e-15,0.0026559979047990887,7.754537009009549e-06,9.257992307193696e-11,0.022416507686017766,5.554037281648642e-09
GSM2132713,GSE80672,blood,control,2.912,tissue_multiclass,logistic,True,blood,muscle,1.1936815223375004e-05,0.04935839129292328,0.00012726415539698842,2.4747435188063022e-12,6.772531493916502e-12,0.01635587658944998,0.00036608374360082405,1.88768912364548e-08,0.9336705206663182,0.0001099078509487508
GSM2132714,GSE80672,blood,control,2.912,tissue_multiclass,logistic,True,blood,kidney,1.4988912387015994e-06,7.333858584141281e-05,1.7614997391531408e-06,1.4378790164065329e-15,2.5235359453828446e-09,0.9901965556588849,0.000139472530106043,2.8400806964363776e-12,0.009587342429397286,2.7878414915073545e-08
GSM2132715,GSE80672,blood,control,2.912,tissue_multiclass,logistic,True,blood,blood,1.1004281191418851e-06,0.9902518152172923,7.891902662669167e-06,1.4003515787297207e-12,3.643935419543842e-13,9.571409987248429e-06,0.0068546519172222355,4.3857945725159796e-08,0.0028743742579624147,5.510070434368936e-07
GSM2132716,GSE80672,blood,control,2.912,tissue_multiclass,logistic,True,blood,blood,2.9730416891705092e-05,0.9416977894182629,5.4805022785250704e-05,9.415319944031345e-12,1.3530733383607133e-11,0.011466418453926949,0.0013139980935310991,5.340240604291413e-09,0.045436455949073494,7.972823420325592e-07
GSM2132717,GSE80672,blood,control,2.912,tissue_multiclass,logistic,True,blood,blood,4.961164357771215e-09,0.9938239519468709,8.166594226721522e-05,1.9462781636967276e-16,1.5937447808250392e-13,0.006036515558996636,5.474038864797114e-05,1.632377844127273e-12,1.6426111218372922e-06,1.4785891390348791e-06
GSM2132718,GSE80672,blood,control,5.084,tissue_multiclass,logistic,True,blood,kidney,1.8133109645776115e-05,0.35146891255535495,0.00039237452129212364,5.281257665260201e-11,1.7632490921046035e-11,0.6032461826608381,0.043565077563663956,1.888334009074412e-09,0.0012820279057587857,2.728972466733774e-05
GSM2132719,GSE80672,blood,control,5.084,tissue_multiclass,logistic,True,blood,blood,0.00012959252370617157,0.9223387928667977,0.0001800870778345946,2.95575510735249e-11,3.2638809196701864e-11,0.013880225560081798,0.0003503257225303929,8.415923501901002e-10,0.06311580240023543,5.172945025175922e-06
GSM2132720,GSE80672,blood,control,5.084,tissue_multiclass,logistic,True,blood,kidney,0.0009218503267325367,0.3981474129964947,0.02029110888315088,5.22937125864346e-10,1.0653226938601473e-09,0.5587290562481253,0.011363113424872744,1.3051232471621255e-07,0.010528645123025884,1.8680897013394164e-05
GSM2132721,GSE80672,blood,control,5.084,tissue_multiclass,logistic,True,blood,blood,0.0004369038366998931,0.9508531978021225,0.00039311506181342274,1.155970842829253e-11,5.5201189245028374e-11,0.024340973663401287,0.011294215918515036,1.6148168182161793e-09,0.012593835532508226,8.77565033619481e-05
GSM2132722,GSE80672,blood,control,5.084,tissue_multiclass,logistic,True,blood,blood,2.030325795056834e-06,0.5569924463860159,0.00011806739715375996,8.255893425768834e-13,9.36745565076263e-11,0.44012488922196186,0.00021736873556390374,1.1025986767920138e-10,0.0025416904586061996,3.507270143133017e-06
GSM2132723,GSE80672,blood,control,5.084,tissue_multiclass,logistic,True,blood,blood,0.0010621017334715396,0.940993796931575,0.0007394799712115628,6.34358818521042e-12,1.2574746410619992e-11,0.004842358779255718,0.0054942859614357615,6.090530653672267e-10,0.04683860711842856,2.936887665044237e-05
GSM2132724,GSE80672,blood,CR,43.457,tissue_multiclass,logistic,True,blood,blood,1.3093733887816908e-05,0.9713763380772859,0.01273830121419095,1.8289108127298973e-14,1.982647884380069e-12,0.0031026680012637853,0.010787639684432046,5.320862838243377e-11,0.0019819393299953503,1.9903734599838798e-08
GSM2132725,GSE80672,blood,CR,43.457,tissue_multiclass,logistic,True,blood,blood,1.3612750119373205e-09,0.9999263824451314,7.118937800582071e-05,6.075812952281124e-18,6.3165923275819e-13,2.2650211794166743e-06,7.790889620633912e-10,5.503734217960155e-12,1.6080801890083577e-07,2.0116483070335663e-10
GSM2132726,GSE80672,blood,CR,43.457,tissue_multiclass,logistic,True,blood,blood,0.00024177277242092005,0.9275940978970992,0.048999471501992915,2.769116960886801e-13,3.1521566683470767e-09,0.016709280254299217,0.0001540056915352604,5.392711434554431e-09,0.006300334315076219,1.0290224313527022e-06
GSM2132727,GSE80672,blood,CR,43.457,tissue_multiclass,logistic,True,blood,blood,0.0008691888876233455,0.4463004509286127,0.07523031587083405,4.5235659684523404e-10,1.4286227319948014e-08,0.2617459047882422,0.20089520185990045,3.757329116170694e-07,0.014833983609461303,0.00012456358383056097
GSM2132728,GSE80672,blood,CR,43.457,tissue_multiclass,logistic,True,blood,blood,2.125409531824016e-05,0.8961119880187918,0.07374920082815416,3.4365331995352457e-13,4.1937176186938596e-11,0.026187340373697642,9.791427820351707e-05,6.197317109666403e-08,0.003832152400197754,8.799018491045256e-08
GSM2132729,GSE80672,blood,CR,78.223,tissue_multiclass,logistic,True,blood,blood,2.0484105125070415e-07,0.9874916402075262,0.009078456338604475,1.2309410409264745e-12,1.981903762891067e-11,0.0007644899262142064,9.144662801936808e-05,3.414219929935948e-10,0.0025733738368093925,3.8785930307987594e-07
GSM2132730,GSE80672,blood,CR,78.223,tissue_multiclass,logistic,True,blood,blood,0.00023314306574716252,0.8495401527631246,0.07064369644404095,3.393094484318398e-11,1.3982747074380316e-08,0.06650879091374426,0.0034815698555895848,3.728014967516053e-09,0.00958988167517196,2.747537888529902e-06
GSM2132731,GSE80672,blood,CR,78.223,tissue_multiclass,logistic,True,blood,blood,7.345158211629599e-08,0.9397246104812662,0.030330694343473383,1.492704800496396e-14,1.2931666120381126e-10,9.14353317388718e-05,1.4225417567506444e-06,1.22272852472294e-10,0.029851750605230362,1.2993347904149668e-08
GSM2132732,GSE80672,blood,CR,78.223,tissue_multiclass,logistic,True,blood,blood,4.7872893425823305e-08,0.999655465902592,0.00032141924363849033,2.9003771636084894e-11,1.310958240671656e-13,9.983594587757659e-06,1.3039697312148087e-05,1.7745408063482343e-10,4.2842587787809184e-08,6.397995930872757e-10
GSM2132733,GSE80672,blood,CR,78.223,tissue_multiclass,logistic,True,blood,blood,2.0850075178778484e-06,0.9713141942270654,0.002404700811381164,2.2607874935273393e-14,1.5885961302704432e-10,0.025934741032722787,2.1955809865951806e-05,4.37852124543502e-12,0.0003219727390669884,3.5020911928249056e-07
GSM2132734,GSE80672,blood,CR,99.951,tissue_multiclass,logistic,True,blood,blood,3.079782114083089e-07,0.9871677798393527,0.0005234869015174339,3.5281465437550123e-14,9.541349532513352e-12,0.011873551899970775,8.136706332001095e-06,3.097127333838099e-10,0.00042428420046599296,2.4521548604317117e-06
GSM2132735,GSE80672,blood,CR,99.951,tissue_multiclass,logistic,True,blood,blood,1.2420263456301627e-05,0.3821796566326717,0.321289567933106,2.7851046889898913e-11,4.741788286199449e-09,0.04532850145959363,0.23078335253045926,4.989341277477527e-08,0.020388907882384278,1.753863527667821e-05
GSM2132736,GSE80672,blood,CR,99.951,tissue_multiclass,logistic,True,blood,blood,1.2019702333995728e-06,0.8570160891160074,0.14109068823374069,2.946447374349086e-11,1.2463241145512306e-13,4.092849808526279e-05,0.0008672662901511744,5.335064793308867e-10,0.0009836959595837537,1.2936910278765355e-07
GSM2132737,GSE80672,blood,CR,99.951,tissue_multiclass,logistic,True,blood,kidney,3.4992406475533493e-06,0.46796336283508466,0.011503626968649022,1.9885888123980454e-11,3.790972397012729e-10,0.5153481658325834,0.005169852388117154,6.555122850801773e-09,1.1419301009112532e-05,6.647980307564036e-08
GSM2132738,GSE80672,blood,CR,99.951,tissue_multiclass,logistic,True,blood,blood,9.99122119502398e-09,0.5524344896351581,0.4280208416096648,5.870565171428819e-15,2.387836548438712e-10,0.00019355284424718789,8.034930211975753e-05,3.116303149862524e-08,0.019269437794052966,1.2874217149333422e-06
GSM2132739,GSE80672,blood,CR,117.334,tissue_multiclass,logistic,True,blood,brain_cortex,8.406929093971408e-07,0.38639716783133937,0.48981674047231094,6.771283105587124e-14,1.2947399362063606e-07,0.1236209309420891,6.861862573248983e-05,2.5027031524681256e-09,9.550918181598512e-05,6.027703836008432e-08
GSM2132740,GSE80672,blood,CR,117.334,tissue_multiclass,logistic,True,blood,blood,4.205115769006584e-07,0.7220969178122999,0.08337707746591629,1.2769381610860094e-12,2.0550759625684124e-09,0.19148618606830667,0.0019477049189840867,8.828645038507405e-10,0.0010916727835109648,1.750018793038729e-08
GSM2132741,GSE80672,blood,CR,117.334,tissue_multiclass,logistic,True,blood,brain_cortex,7.013430653454076e-08,0.29511569063467663,0.6990251413673015,1.783599203955923e-12,2.3076518543494167e-11,0.0011577280059751117,0.0008796910263851609,1.705066353420145e-09,0.003821357497400798,3.196040277533125e-07
GSM2132742,GSE80672,blood,CR,117.334,tissue_multiclass,logistic,True,blood,kidney,4.337251177574851e-06,0.0050668613056440315,0.326033405179792,3.286992877102407e-12,2.0121789561807263e-09,0.6675286227415715,9.590627806601311e-05,3.794128946130458e-10,0.0012706215435997637,2.433052702248956e-07
GSM2132743,GSE80672,blood,CR,117.334,tissue_multiclass,logistic,True,blood,blood,7.675861035911556e-07,0.7815820285651235,0.21370736133230475,5.044049899795318e-12,2.4885829415747256e-10,0.00014842656661108282,0.00039456003656464147,3.1125366036171114e-10,0.004166825498374646,2.9849761718233983e-08
GSM2132744,GSE80672,blood,control,86.914,tissue_multiclass,logistic,True,blood,brain_cortex,6.841968701058033e-05,0.2015192461584708,0.7609920941246788,7.786600314218313e-13,1.8247471469827072e-09,0.018221940491248093,0.01667545414549136,2.3697985127753506e-09,0.002520254484066842,2.586713709146271e-06
GSM2132745,GSE80672,blood,control,86.914,tissue_multiclass,logistic,True,blood,blood,0.00011993110642941155,0.4860947720435348,0.4853067133813957,4.298785007620703e-12,1.9402968094304548e-10,0.011584465150032428,0.01516422126515913,6.34035328986795e-08,0.001729240663370635,5.92788216484129e-07
GSM2132746,GSE80672,blood,control,86.914,tissue_multiclass,logistic,True,blood,kidney,7.939562199292777e-08,0.062242861538081715,0.42830226772110125,5.82437731588688e-10,1.8475806541705175e-10,0.4822870264592996,2.593571388305956e-05,1.3570262850522804e-09,0.02714155874191191,2.683058783884381e-07
GSM2132747,GSE80672,blood,control,86.914,tissue_multiclass,logistic,True,blood,blood,1.5982791671596104e-05,0.8989526464068209,0.09920374674855814,3.4435225546203026e-12,1.0388787187204355e-09,0.0016307406225420503,6.889566918079718e-05,1.6873198627189525e-09,0.000127518087177878,4.66944406440026e-07
GSM2132748,GSE80672,blood,control,86.914,tissue_multiclass,logistic,True,blood,blood,4.238530504222725e-05,0.962267013901381,0.02942651640302523,2.0320942535426115e-12,4.1137907409222283e-10,0.005817095781369607,0.0023512528388133355,5.038780260727388e-10,9.526022746198797e-05,4.7462561737644504e-07
GSM2132749,GSE80672,blood,control,117.334,tissue_multiclass,logistic,True,blood,kidney,0.00019323560502096962,0.08165484499599146,0.04511734973525316,1.4526010245922554e-10,2.896370178517008e-08,0.7577686998550814,0.11381485597426876,8.18547793136977e-08,0.0014499620521821175,9.408184609155056e-07
GSM2132750,GSE80672,blood,control,117.334,tissue_multiclass,logistic,True,blood,brain_cortex,2.5412278094973514e-07,0.004766314050217504,0.9736457132214669,3.7521306950234967e-13,2.9293254911580263e-10,0.010578213372163966,0.0014453361932615537,1.3948346978667363e-08,0.00956395494027383,1.9985818053757966e-07
GSM2132751,GSE80672,blood,control,117.334,tissue_multiclass,logistic,True,blood,brain_cortex,9.14957560947454e-05,0.09781241928704533,0.7368457248170326,1.0422729579784057e-12,7.818546006737884e-09,0.0341552723542472,0.12683312910020617,2.819884624766829e-10,0.0042362208579327185,2.572972586461475e-05
GSM2132752,GSE80672,blood,control,117.334,tissue_multiclass,logistic,True,blood,blood,0.0008643327631058803,0.3549065913340558,0.34753390736448525,2.5379941047106107e-12,2.1935288973420698e-09,0.01606624155452068,0.27954976986684327,3.6126635166790127e-09,0.0007360913099771231,0.0003430599982814828
GSM2132753,GSE80672,blood,control,117.334,tissue_multiclass,logistic,True,blood,blood,1.4098297270428367e-07,0.6383149430500102,0.33446423722834046,2.751167744270517e-14,1.6337330787134273e-10,0.02625599974087395,0.000220886987265405,4.021466642387641e-10,0.0007432990628294167,4.923821602544139e-07
GSM2132754,GSE80672,blood,CR,91.26,tissue_multiclass,logistic,True,blood,blood,2.2636338605323112e-07,0.6593438463135498,0.3240218074496155,2.880414905660225e-13,2.316942946902974e-10,0.008503861007743044,0.006169194792287039,1.3922002930902922e-07,0.0019608159807662914,1.0864064059818427e-07
GSM2132755,GSE80672,blood,CR,91.26,tissue_multiclass,logistic,True,blood,brain_cortex,3.475688131181474e-07,0.015147274248607318,0.7579342312956787,2.996449366721422e-12,9.943710478847797e-10,0.0022816552971894042,0.2246283676080176,7.085281805670626e-10,7.484742726101747e-06,6.375330721191751e-07
GSM2132756,GSE80672,blood,CR,91.26,tissue_multiclass,logistic,True,blood,brain_cortex,7.663424678735108e-05,0.07572163041842603,0.45318503375076785,2.057174909918868e-12,9.145686908392151e-10,0.16624991886693988,0.27691926305508224,9.86095118383332e-08,0.027844506066867343,2.9140689914874688e-06
GSM2132757,GSE80672,blood,CR,91.26,tissue_multiclass,logistic,True,blood,brain_cortex,8.859519796273323e-08,5.3841907184785926e-05,0.9993006759008823,2.3923567407606856e-12,3.617906153478463e-09,0.00029496424810712983,0.0003024699815808626,2.2838223327503943e-06,4.566319740827644e-05,8.727007328649986e-09
GSM2132758,GSE80672,blood,CR,91.26,tissue_multiclass,logistic,True,blood,kidney,2.187495544263851e-06,0.0012924092578641732,0.1472076947328039,1.5371732813787427e-11,4.3433555853757253e-10,0.8441634474619815,0.007333965672782332,7.117071085646851e-11,2.909460624184144e-07,3.912083339215679e-09
GSM2132759,GSE80672,blood,CR,91.26,tissue_multiclass,logistic,True,blood,kidney,1.4583673726781911e-05,0.005959775780127064,0.003853601858586745,6.231423164034632e-12,3.415573267057569e-10,0.9876448900872062,0.0025181639136765267,1.6838899591349662e-10,8.982009552249497e-06,2.1609468575558903e-09
GSM2132760,GSE80672,blood,CR,91.26,tissue_multiclass,logistic,True,blood,brain_cortex,1.480505861140858e-05,0.007502466939098672,0.9319906382234687,1.139561444244497e-12,8.13016158173869e-08,0.030524373882166608,0.02921713806164425,1.2699375001960673e-08,0.0007504759135568053,7.919323058666763e-09
GSM2132761,GSE80672,blood,CR,117.334,tissue_multiclass,logistic,True,blood,brain_cortex,4.85439477019706e-08,0.37382799670646655,0.6142289024141262,4.2981419545514883e-13,3.47684827913325e-09,0.011169860290820281,0.000687096572455539,1.0580203679300831e-09,8.606501847630414e-05,2.5918409170812977e-08
GSM2132762,GSE80672,blood,CR,117.334,tissue_multiclass,logistic,True,blood,kidney,2.0704253328677284e-08,0.020440285563239402,0.45309825077869814,3.770254027188163e-11,4.7663608104062686e-08,0.5207314579431882,0.004153292906576118,3.030066401829967e-08,0.0015765726298571424,4.147221315409352e-08
GSM2132763,GSE80672,blood,CR,117.334,tissue_multiclass,logistic,True,blood,brain_cortex,5.850369340813525e-07,0.2842075002826313,0.7005137716524098,1.2909317097638017e-12,3.810085860809296e-09,0.014152319035763566,0.0010241212085187936,8.110309128050158e-09,0.0001016616122281755,2.9249828445411017e-08
GSM2132764,GSE80672,blood,CR,117.334,tissue_multiclass,logistic,True,blood,blood,1.2544328954647824e-07,0.5214195637983173,0.44736379799952997,1.9783268851528064e-11,1.1196837313460892e-10,0.016994620108331426,0.014035940713092053,8.196553380472136e-08,0.0001858550727735515,1.4767380696380378e-08
GSM2132765,GSE80672,blood,CR,117.334,tissue_multiclass,logistic,True,blood,brain_cortex,5.706018449673769e-07,0.027594465016083383,0.4772015467678318,6.160425224639751e-11,3.689172639159603e-09,0.06372023367904839,0.43112499384087155,2.887265781438644e-09,0.000354627987951057,3.555468326418867e-06
GSM2132766,GSE80672,blood,control,26.074,tissue_multiclass,logistic,True,blood,blood,1.2332332093437803e-05,0.8842645785461475,0.06404441928822512,8.388083287180398e-12,2.8669922415338587e-09,0.04427266850634029,0.0009873354588946634,8.622568324800991e-09,0.006388704876840061,2.9949493510149742e-05
GSM2132767,GSE80672,blood,control,26.074,tissue_multiclass,logistic,True,blood,blood,0.0002949928099143745,0.5648798238746056,0.11653352562667857,8.525616189059076e-13,6.812230382051993e-09,0.2373395880991896,0.004472929397182219,5.064623078017548e-09,0.07643106618653174,4.8062128191969506e-05
GSM2132768,GSE80672,blood,control,26.074,tissue_multiclass,logistic,True,blood,kidney,0.00011079881793764464,0.3109376948848362,0.11605827632593867,2.6300792871305755e-11,3.438997163479282e-07,0.557882598837943,0.006329695610316085,4.2426223830680116e-08,0.008529423984788181,0.00015112518599925693
GSM2132769,GSE80672,blood,control,26.074,tissue_multiclass,logistic,True,blood,blood,7.759333023610956e-05,0.9602243799974959,0.014706984184446083,9.3329321586871e-13,1.648376049979604e-08,0.0213205233380052,0.003632544577052499,1.2911335571588107e-10,3.114004978995834e-05,6.81790916710719e-06
GSM2132770,GSE80672,blood,control,26.074,tissue_multiclass,logistic,True,blood,kidney,4.0299790084198103e-07,0.16896413886602357,0.25882032674446337,4.353126467781054e-11,5.9638980783573935e-06,0.4347442317491676,0.11482057424315947,3.7728861226426077e-06,0.021394034417932736,0.001246554153620177
GSM2132771,GSE80672,blood,control,26.074,tissue_multiclass,logistic,True,blood,blood,0.00022658566995915826,0.631712690867563,0.3288657556814906,1.288923631693075e-09,1.1631276449705915e-07,0.03320769992165174,0.002647372321487811,4.971822082392576e-07,0.003290305576631687,4.8975177319597696e-05
GSM2132772,GSE80672,blood,control,26.074,tissue_multiclass,logistic,True,blood,blood,2.3374953515667008e-05,0.6861602428001238,0.24510632585485762,1.7348530103166696e-10,1.66754498106892e-07,0.06518062542902064,0.0024871582564479524,0.0002457207083835662,0.0006506395053998143,0.0001457455642677424
GSM2132773,GSE80672,blood,control,26.074,tissue_multiclass,logistic,True,blood,brain_cortex,1.7766986427485715e-06,0.188077179739798,0.8056904763302374,1.20184966374641e-10,1.3831828416376383e-09,0.004422793689925889,0.0009284466287126847,4.481431779706185e-08,0.0003634362777102577,0.0005158443172873874
GSM2132774,GSE80672,blood,control,26.074,tissue_multiclass,logistic,True,blood,blood,1.4850553202069753e-07,0.9785240602761826,0.014062344066805963,6.665680297098253e-11,8.523553424654804e-09,0.005873639469347064,0.000282573710496225,4.937109607063225e-10,0.0012567113492272643,5.135384875723767e-07
GSM2132775,GSE80672,blood,control,26.074,tissue_multiclass,logistic,True,blood,blood,7.134376010569146e-06,0.7614312899623561,0.1863051316502316,1.388404622278699e-09,3.1897246869943953e-07,0.04714225424966208,0.004049687020671123,2.212426280563695e-06,0.0010553581798440892,6.611774070562452e-06
GSM2132776,GSE80672,blood,control,26.074,tissue_multiclass,logistic,True,blood,blood,0.00010094693736621624,0.74144936974732,0.08502792993403943,6.75586083215685e-11,6.030383032772333e-09,0.06538872383547269,0.09056780456021583,9.744710411781387e-09,0.017314165775445648,0.00015104336748817247
GSM2132777,GSE80672,blood,control,26.074,tissue_multiclass,logistic,True,blood,brain_cortex,3.865766076177061e-06,0.16548318280451932,0.6657107260598296,3.021128308018445e-10,9.470981792652257e-09,0.16679365752735323,0.001501766359857654,7.901320499836105e-08,7.404023055039052e-05,0.0004326724655139118
GSM2132778,GSE80672,blood,control,21.729,tissue_multiclass,logistic,True,blood,kidney,4.072720382748695e-05,0.45667910382778565,0.023636896207692017,3.2074305032047564e-11,8.780756101936343e-10,0.518683869274556,0.00047845304342699935,1.1761401031442155e-08,0.00047812733647310357,2.810434687911488e-06
GSM2132779,GSE80672,blood,control,21.729,tissue_multiclass,logistic,True,blood,kidney,0.00015580255554173826,0.08051027684148178,0.01339760978455715,4.167039455917759e-12,4.032401853261455e-09,0.9011091550264404,0.003948347384533135,2.918529365375272e-07,0.0007925484804755969,8.596403746508258e-05
GSM2132780,GSE80672,blood,control,21.729,tissue_multiclass,logistic,True,blood,liver,0.0009428545671288318,0.10697499625528958,0.037781657490822775,4.963097823188878e-10,2.929236645911993e-08,0.2656109559594908,0.4217848366504055,5.297271972528683e-07,0.166895483883381,8.655677608089167e-06
GSM2132781,GSE80672,blood,control,21.729,tissue_multiclass,logistic,True,blood,blood,2.205219895912568e-05,0.9955913205702369,0.000325273615868766,5.128443120786831e-11,3.0644123516182295e-10,0.0021324941896682355,0.00071884261574108,4.308023915583063e-09,0.001186193672404207,2.38184713720879e-05
GSM2132782,GSE80672,blood,control,26.074,tissue_multiclass,logistic,True,blood,brain_cortex,5.281814138140751e-06,0.10623572166395107,0.8628427396076612,1.7235455998576946e-13,1.8116233216966313e-09,0.030614257719036454,3.5682554669935926e-05,1.8211360614217925e-10,0.00026597074912662654,3.4389750712613375e-07
GSM2132783,GSE80672,blood,control,26.074,tissue_multiclass,logistic,True,blood,blood,0.0007067271747365347,0.9743447982200103,0.0024445219886280434,5.726262920918301e-11,1.2731165443052117e-08,0.013902045671014022,0.008533852215770325,1.526772047164744e-08,6.471297373490973e-05,3.313699956999536e-06
GSM2132784,GSE80672,blood,control,26.074,tissue_multiclass,logistic,True,blood,blood,0.02087707919176914,0.9370693266752099,0.015916431699899945,1.3403931785983796e-11,2.3091126297314783e-08,0.001011345572518191,0.005398610160594277,2.0396238768166047e-06,0.01972231136642567,2.8326051758672097e-06
GSM2132785,GSE80672,blood,control,26.074,tissue_multiclass,logistic,True,blood,blood,5.73021295282061e-06,0.9627250234473609,0.007011244942513663,1.4923212027312432e-11,3.646638522206288e-08,0.028723558610097667,9.350818639517425e-06,4.213691961824621e-10,0.001521009476622256,4.045589135470338e-06
GSM2132786,GSE80672,blood,control,26.074,tissue_multiclass,logistic,True,blood,blood,4.752386562094119e-06,0.6443316219732553,0.31088512186190054,1.1165178004530439e-12,3.513273631332789e-09,0.04330977525523199,0.0011675939866678245,6.076240563760187e-09,3.6319203441715455e-05,0.0002648057423099671
GSM2132787,GSE80672,blood,control,26.074,tissue_multiclass,logistic,True,blood,brain_cortex,0.0008386948239921694,0.09043212224531538,0.34786034547308264,1.8260901819563194e-11,1.0916900001513136e-08,0.27903829240072175,0.007836810209312501,3.237511098617071e-08,0.27360370758524116,0.00038998395206248803
GSM2132788,GSE80672,blood,control,26.074,tissue_multiclass,logistic,True,blood,blood,7.879141352832611e-07,0.8882581214677929,0.06909673396379466,1.1719181858131717e-11,2.7649287261832743e-10,0.004598877128774269,0.01996323090082027,6.7899501034753155e-09,0.018082075232641055,1.663138793869036e-07
GSM2132789,GSE80672,blood,control,26.074,tissue_multiclass,logistic,True,blood,blood,0.002526265956764051,0.8835486486326845,0.0009353915315374993,7.13784147802077e-14,7.708227142079418e-08,0.0023446548259197365,0.056904913174310956,4.1681053541924247e-10,0.05372553581626319,1.4512563366841663e-05
GSM2132790,GSE80672,blood,control,26.074,tissue_multiclass,logistic,True,blood,blood,5.572346333709007e-06,0.9273216277252261,4.469899790090374e-05,1.2863843455258745e-12,5.5375000747032626e-09,0.07016403187840546,6.825447918809037e-05,1.0305734502587299e-11,0.002393804646026009,2.0043778275945256e-06
GSM2132791,GSE80672,blood,control,26.074,tissue_multiclass,logistic,True,blood,blood,1.1043664929092329e-06,0.9421835121961246,6.529817688791089e-08,4.877695703388892e-12,2.5541043407724443e-11,0.05777662464233666,3.851403991927847e-05,1.7493305632166098e-10,1.6493952830746846e-07,1.4312069406302421e-08
GSM2132792,GSE80672,blood,control,26.074,tissue_multiclass,logistic,True,blood,blood,0.00010683466954937863,0.8907664240642993,0.05504786871017488,1.4533171345848696e-12,2.8418782437614958e-08,0.05095211023532259,0.00046199274153708097,5.059400653768522e-10,0.0026555954470834963,9.145205857456962e-06
GSM2132793,GSE80672,blood,control,26.074,tissue_multiclass,logistic,True,blood,blood,1.671161647148451e-08,0.9997954745747129,8.956746035127008e-06,3.601727703944147e-15,4.949972310113231e-11,0.0001816995828336703,2.505454125453746e-07,8.148611976426331e-13,1.1456453326176072e-05,2.1453357446551475e-06
GSM2132794,GSE80672,blood,control,26.074,tissue_multiclass,logistic,True,blood,blood,3.6953338777423266e-05,0.8753758325818494,0.11937455722782819,1.47536056180818e-12,2.369788565584481e-09,0.003329723214682347,0.00014446544121978527,4.6903395779335584e-11,0.001705971306300195,3.2494471175324415e-05
GSM2132795,GSE80672,blood,control,26.074,tissue_multiclass,logistic,True,blood,blood,0.00015184932149572714,0.9806890861513816,0.007456932690775616,5.4068049821634935e-12,2.093544643197831e-08,0.00676424834648851,0.0006715012029119404,9.098177629840281e-09,0.0042469427513365625,1.9409496579300764e-05
GSM2132796,GSE80672,blood,control,26.074,tissue_multiclass,logistic,True,blood,blood,4.6446336985868215e-05,0.9577525445945287,0.019075447532325998,1.3602489700067014e-11,4.298802136970034e-09,0.00022037148161914723,0.008694554422691321,5.576090103384447e-09,0.014203053807964872,7.5719353891037275e-06
GSM2132797,GSE80672,blood,control,26.074,tissue_multiclass,logistic,True,blood,blood,3.3077216991485854e-06,0.9896045098274079,0.005549697226217307,1.9389951090464141e-13,2.8218712153463388e-11,0.0018134117980898464,0.00010811322446146717,1.634850955831328e-10,0.002919754968583064,1.205041643485106e-06
GSM2132798,GSE80672,blood,control,26.074,tissue_multiclass,logistic,True,blood,blood,1.6592260396344093e-06,0.954416370351753,0.013339229968334324,7.23412523381377e-13,6.5680678522315e-11,0.03118378818531988,0.0005407482765530884,4.5455392141250305e-11,0.0005162634537891447,1.940426351582946e-06
GSM2132799,GSE80672,blood,control,26.074,tissue_multiclass,logistic,True,blood,blood,1.544077352817265e-05,0.9853924280932486,0.002242956560931344,7.869781263642738e-13,2.1304846100870397e-10,0.00720431875710929,0.0013616685185315687,2.525766647277072e-10,0.003782435340885989,7.51489353114097e-07
GSM2132800,GSE80672,blood,control,26.074,tissue_multiclass,logistic,True,blood,blood,4.181742421040578e-07,0.9883559550000953,0.007208520087793097,2.272272026299278e-12,5.297192856422679e-10,0.0040611414792617855,0.00012035998597817082,5.514626566722675e-10,0.0002535498522268036,5.433694828023464e-08
GSM2132801,GSE80672,blood,control,26.074,tissue_multiclass,logistic,True,blood,brain_cortex,9.95632911965097e-05,0.1550279111397755,0.8112350559173291,1.4617412944292347e-13,3.305428404892804e-11,0.0003601618142865665,0.004056299320566913,1.8537714665636655e-08,0.029181075758656794,3.991418727369259e-05
GSM2132802,GSE80672,blood,control,26.074,tissue_multiclass,logistic,True,blood,blood,0.0005545160063947684,0.9178731749821774,0.06764673256241475,6.9549242572809456e-12,7.546280961916628e-10,0.0015964345790232934,0.008362927723855823,2.6153270165823156e-08,0.00395732659337047,8.860637910472826e-06
GSM2132803,GSE80672,blood,control,26.074,tissue_multiclass,logistic,True,blood,blood,2.602975548489764e-05,0.8127641990358132,0.010749552773046359,4.978661904702247e-11,2.2052296706557334e-08,0.16418423460005235,0.010842908353979835,2.2370176050790873e-09,0.0014038675262174787,2.918361630500381e-05
GSM2132804,GSE80672,blood,control,26.074,tissue_multiclass,logistic,True,blood,brain_cortex,1.5547570750629317e-05,0.029537186394060933,0.9641717268282755,6.544985040761573e-14,1.4510672658441022e-10,0.0030986005140550285,0.002998997788005298,8.907417322364397e-09,0.000170330803730349,7.601048532653747e-06
GSM2132805,GSE80672,blood,control,26.074,tissue_multiclass,logistic,True,blood,blood,4.444656302101687e-06,0.9939760974386898,0.0016445783976812823,1.8756625481102298e-13,1.380827297942201e-10,0.00389947823304306,5.5812698735628914e-05,2.5260883648400174e-11,0.00041948329717502093,1.0511484203565472e-07
GSM2132806,GSE80672,blood,control,26.074,tissue_multiclass,logistic,True,blood,blood,8.623504962622115e-06,0.6388529488388928,0.005600807026891523,6.787644613870254e-14,6.791741506326682e-08,0.3552102838048628,9.127825169084787e-05,2.65289372888054e-12,0.0002278039099100347,8.186742653581426e-06
GSM2132807,GSE80672,blood,control,26.074,tissue_multiclass,logistic,True,blood,blood,8.921761656919442e-08,0.9993493980502528,0.00027064866414857686,5.025744991222637e-13,1.1097292798552177e-09,0.0003753581877759243,4.152553090376177e-06,1.7827994621189156e-12,3.3571785747054867e-07,1.649724355909883e-08
GSM2132808,GSE80672,blood,control,26.074,tissue_multiclass,logistic,True,blood,blood,3.396356891700684e-07,0.9957959518607846,0.0011855457980957684,5.0792538876563376e-15,1.5700401389719008e-11,5.024872741431431e-05,1.1812330803147974e-06,1.9116937305209e-11,0.0029664702638967397,2.62446216811129e-07
GSM2132809,GSE80672,blood,control,26.074,tissue_multiclass,logistic,True,blood,blood,0.0005670606505295056,0.7316204259998494,0.02619901759788218,2.9872319100555507e-13,1.2683053583119324e-10,0.14210453584338212,0.0023034001125696846,2.5773076195794293e-09,0.09712401043871823,8.154665263195523e-05
GSM2132810,GSE80672,blood,control,26.074,tissue_multiclass,logistic,True,blood,blood,0.0002599928392457223,0.9842756617245138,0.015066194207056975,3.914936965847997e-12,2.2388421173805606e-09,0.00012788929997863976,7.49902057434171e-05,8.915995705368538e-10,0.00019512733927288053,1.4124983198651314e-07
GSM2132811,GSE80672,blood,control,26.074,tissue_multiclass,logistic,True,blood,blood,2.324472597390924e-05,0.5378238048999808,0.0002929967326881494,7.346799674170845e-13,2.0217636506481276e-09,0.44057350069172735,0.018327519095475912,8.184801522362032e-11,0.0028794309342313027,7.950081557617103e-05
GSM2132812,GSE80672,blood,control,26.074,tissue_multiclass,logistic,True,blood,blood,1.613665175024132e-05,0.81521327838176,0.004171125263213221,4.088959844084726e-12,1.516146582314935e-09,0.07320780089304818,0.0002161731054985644,6.737331941243235e-11,0.10716597205096805,9.512066152737044e-06
GSM2132813,GSE80672,blood,control,26.074,tissue_multiclass,logistic,True,blood,blood,0.00012595426119969534,0.9714565555590524,0.01809440428579804,6.823270622605387e-14,5.763512560967774e-07,0.00958921807878701,1.2060750059208238e-05,4.179171424636847e-09,0.0007184060134663594,2.8205211414529325e-06
GSM2132820,GSE80672,blood,control,13.037,tissue_multiclass,logistic,True,blood,blood,3.840897876659527e-06,0.988043346797732,2.1804993386515035e-05,2.569706150146112e-13,1.4949718939401853e-11,0.0034478155629035553,4.127693526646812e-05,2.984315553530092e-11,0.008441505552195291,4.0921558942972845e-07
GSM2132821,GSE80672,blood,control,13.037,tissue_multiclass,logistic,True,blood,blood,2.2025890473810645e-10,0.9956713641448995,1.609864359902988e-06,1.9404217545506334e-15,1.5907617190281395e-13,0.0005554639419032708,4.893301864681897e-06,2.3796438130355656e-10,0.0037649869478673715,1.6813407210112697e-06
GSM2132822,GSE80672,blood,control,13.037,tissue_multiclass,logistic,True,blood,kidney,2.774135228415936e-05,0.39662934346329287,0.006265512974478351,2.00976028871756e-11,1.69329452796189e-09,0.5562985673528306,0.015319882896888706,1.2357176860827113e-09,0.025266362558023354,0.00019258645309209763
GSM2132823,GSE80672,blood,control,13.037,tissue_multiclass,logistic,True,blood,blood,0.0006081635194099234,0.9787750140923797,0.016861034826710704,3.6053775635456146e-14,4.1364063198952907e-10,0.002039159319341521,0.0001229386747120304,2.1989290469619463e-11,0.0015590040792759288,3.4685052504365816e-05
GSM2132824,GSE80672,blood,control,13.037,tissue_multiclass,logistic,True,blood,blood,1.8967928515452146e-07,0.9901101298722355,2.785566386227195e-05,1.0005484395541075e-13,1.016907028264044e-10,0.00745097838130464,9.925902853472373e-05,4.0553785607263104e-10,0.0022775318552344017,3.40550122148765e-05
GSM2132825,GSE80672,blood,control,13.037,tissue_multiclass,logistic,True,blood,blood,8.83463250518672e-06,0.826345273297435,0.0042133594045514755,6.512956868024658e-13,3.2904621011965756e-10,0.12734865921569083,0.0007740393713490824,8.535708273950891e-10,0.041303589545411766,6.243349788351798e-06
GSM2132826,GSE80672,blood,control,13.037,tissue_multiclass,logistic,True,blood,blood,1.0471041318454833e-06,0.9673285506980396,0.00012645197898202498,5.684943746857048e-14,7.738205291103396e-12,0.007716656420024173,0.00019289720068679518,2.055828741178163e-10,0.02463399178057039,4.0460418753800383e-07
GSM2132827,GSE80672,blood,control,13.037,tissue_multiclass,logistic,True,blood,blood,0.00016100104315077917,0.4974805665496655,0.02872149665863004,2.714771918097018e-12,1.4527362898950538e-09,0.2653352544964144,0.033565771885023306,6.2662377369958516e-09,0.17459492871460952,0.00014097293081763787
GSM2132828,GSE80672,blood,control,13.037,tissue_multiclass,logistic,True,blood,kidney,2.6527585382440854e-09,0.3082824081330622,2.94963659329478e-09,3.2861660427071946e-16,1.968418146649193e-14,0.6914599568811592,0.00025622891360142997,1.8541163076222031e-13,6.986903376724908e-09,1.3934826731613232e-06
GSM2132829,GSE80672,blood,control,17.383,tissue_multiclass,logistic,True,blood,blood,0.0002807197885114529,0.991951780779407,0.005900887849552927,4.793173673546333e-12,2.8411210133338006e-10,0.0015053713503724458,0.00014986683914111452,2.4810458155704755e-08,0.00021072881290607192,6.19480745399162e-07
GSM2132830,GSE80672,blood,control,17.383,tissue_multiclass,logistic,True,blood,blood,0.00016453171457218442,0.9525290644084641,0.0023910355856911966,2.50790793488214e-11,1.3807042359258003e-08,0.04167364034841885,0.0030339115905109663,1.0041417698792056e-08,0.0001958974474660593,1.1895031337328325e-05
GSM2132831,GSE80672,blood,control,17.383,tissue_multiclass,logistic,True,blood,blood,4.87897959822692e-11,0.9997419234418293,9.080336931831392e-07,1.0490398209621247e-18,1.4839873038260344e-14,0.0002470528329156806,9.482946184399164e-06,2.2935197742652215e-14,2.5648951233236045e-08,6.070475987320977e-07
GSM2132832,GSE80672,blood,control,17.383,tissue_multiclass,logistic,True,blood,blood,2.719024636580847e-06,0.9980071606055083,0.00013893059935731928,2.7920820004559505e-13,5.697167271157363e-12,0.0017576741646735956,8.951110664908589e-06,3.904605723030287e-10,8.448366477216984e-05,8.04339504261602e-08
GSM2132833,GSE80672,blood,control,17.383,tissue_multiclass,logistic,True,blood,blood,1.4809098933196644e-06,0.71471732550705,0.0007078884938004306,1.8760553198915586e-14,5.4960603373313004e-11,0.2843200337326547,8.867244634846477e-05,1.3752479371611282e-10,0.0001603241651698435,4.274552578806346e-06
GSM2132834,GSE80672,blood,control,17.383,tissue_multiclass,logistic,True,blood,blood,3.872828021057903e-05,0.9945904364123801,0.0005851407138906695,4.431514093030388e-13,5.958049070196928e-12,0.00416031743107034,6.909159144008882e-05,3.890457284032301e-10,0.0005557493846685735,5.357908924190419e-07
GSM2132835,GSE80672,blood,control,17.383,tissue_multiclass,logistic,True,blood,blood,2.841925887619635e-06,0.9958505201314124,0.00028561787258290746,1.615716398508568e-13,2.469750611792538e-11,0.002023670720510327,0.0008735979694578281,1.498136769412166e-09,0.0009635105088956024,2.3934825745207404e-07
GSM2132836,GSE80672,blood,control,17.383,tissue_multiclass,logistic,True,blood,blood,1.1298505607210785e-05,0.8441074175618889,0.0005302096170466342,3.325611217979622e-14,1.0099097435165348e-10,0.10445057698939575,0.002087049249426742,2.7229003096727323e-09,0.04881036366788068,3.081584829534271e-06
GSM2132837,GSE80672,blood,control,17.383,tissue_multiclass,logistic,True,blood,blood,5.344903886435033e-06,0.9705223164449519,0.0017071304251565906,7.510824285436237e-14,3.1937618151031662e-12,0.02548305277030302,0.0006793957466241928,2.231415738439272e-10,0.0016015744276109613,1.1850550562238574e-06
GSM2132838,GSE80672,blood,control,26.074,tissue_multiclass,logistic,True,blood,blood,1.6975140057434558e-06,0.7897176062980538,0.0013003709782120924,1.6106959739281214e-11,2.5932490335246443e-10,0.18205203538511563,0.00010106062296182308,9.930186914218443e-11,0.026807570717851198,1.9658109066011336e-05
GSM2132839,GSE80672,blood,control,26.074,tissue_multiclass,logistic,True,blood,blood,2.9738276987258557e-07,0.9469414914079686,0.039062322573740725,9.830449289256427e-13,1.8341008005261588e-10,0.009729348825253255,0.0005406580657772145,4.206720121692616e-09,0.003725634894275611,2.424591014097942e-07
GSM2132840,GSE80672,blood,control,26.074,tissue_multiclass,logistic,True,blood,blood,7.358719422290323e-10,0.9503178062766591,0.0006849145698192515,2.9108309078786317e-16,1.6913245374560143e-11,0.048816630116691996,0.00014058562443406585,3.7683537286150724e-12,4.003781839507173e-05,2.4837446802414043e-08
GSM2132841,GSE80672,blood,control,26.074,tissue_multiclass,logistic,True,blood,blood,2.2068674905290975e-06,0.9936587918748657,0.00023084953748249082,4.5202060597371295e-14,3.028018634584838e-11,0.005993643847601188,1.3038230236258723e-06,1.770716616040491e-11,0.00011312602197258505,7.79795313965072e-08
GSM2132842,GSE80672,blood,control,26.074,tissue_multiclass,logistic,True,blood,blood,1.5955562385704485e-05,0.8967664965743359,0.052597578240868186,3.1806184457127167e-13,6.927219937823508e-11,0.0015462881338676512,0.0014863158511664964,1.4885466171681143e-09,0.04758575205770289,1.6120215363383087e-06
GSM2132843,GSE80672,blood,control,26.074,tissue_multiclass,logistic,True,blood,blood,1.3623253217572626e-06,0.9494410908990194,0.0005928725957676142,1.5199391238664055e-12,2.077808366083024e-12,0.04949672541871769,0.00028586644450399233,8.42157793916545e-10,0.0001818124029237681,2.6906799007252193e-07
GSM2132844,GSE80672,blood,control,26.074,tissue_multiclass,logistic,True,blood,blood,2.932477129962624e-05,0.6553438871766898,0.08093850053443141,1.9205476423528596e-12,4.1248361489102915e-12,0.015185194347980659,0.24345392859170034,4.360028466546088e-08,0.00502482596403888,2.429500752922353e-05
GSM2132845,GSE80672,blood,control,26.074,tissue_multiclass,logistic,True,blood,blood,9.94838970969658e-07,0.9115351225090388,0.001408049878566274,1.1718756931015839e-12,5.317424083414019e-11,0.08383077250720793,6.869487154792661e-06,8.879111541122878e-11,0.0031740410777553523,4.414955816852345e-05
GSM2132846,GSE80672,blood,control,26.074,tissue_multiclass,logistic,True,blood,blood,1.177359779703943e-06,0.5880267998305014,0.03475791104424635,6.800382102787794e-14,1.3006305853445102e-10,0.3015713067625429,0.0031953934739124955,3.1312032067553275e-09,0.056644110614694904,0.015803297652988022
GSM2132847,GSE80672,blood,control,34.766,tissue_multiclass,logistic,True,blood,blood,1.1056445482216345e-06,0.9967890056549854,0.0004757793666675245,9.020595357073003e-13,6.770789687793201e-11,0.001128566757287152,1.3763839382869055e-05,1.1548403670418383e-10,0.0015917343542948493,4.4198740213879393e-08
GSM2132848,GSE80672,blood,control,34.766,tissue_multiclass,logistic,True,blood,blood,4.043045115070291e-06,0.9977006645960051,3.998652969247732e-05,4.759812198852056e-13,5.752016713849589e-12,0.0015771334710652557,0.000276030329923081,1.7221283225165687e-09,0.00040197093884528106,1.6936099728128778e-07
GSM2132849,GSE80672,blood,control,34.766,tissue_multiclass,logistic,True,blood,blood,7.684107307056873e-05,0.9512342517174475,0.00965230973334308,2.804750277728393e-12,7.350478020239273e-09,0.0034957432288392266,0.0026146478517761022,1.0997123943217908e-09,0.0328000991990083,0.0001260987435202564
GSM2132850,GSE80672,blood,control,34.766,tissue_multiclass,logistic,True,blood,blood,2.893118248704623e-06,0.9727198895245283,0.007529370596975451,1.3361512415957507e-12,4.848657402047171e-11,0.012409157134742263,9.339190696664628e-05,3.634272495095132e-09,0.00724099142810972,4.302606333664367e-06
GSM2132851,GSE80672,blood,control,34.766,tissue_multiclass,logistic,True,blood,blood,5.659569282038307e-06,0.9997484770908736,0.00013683827769601033,2.7391407450404793e-10,5.812721554042516e-13,1.484940573782195e-05,9.404630746137624e-05,9.497737114969918e-09,8.817657880618522e-08,3.1400137821611964e-08
GSM2132852,GSE80672,blood,control,34.766,tissue_multiclass,logistic,True,blood,blood,2.0382685025604473e-06,0.7548748565863375,0.009121995283109802,3.9334252877588316e-13,2.477625682594055e-10,0.23507527726211738,8.53116600098439e-05,9.244424378565235e-09,0.0008347487582139358,5.7626891284802536e-06
GSM2132853,GSE80672,blood,control,34.766,tissue_multiclass,logistic,True,blood,blood,0.0002617376665917853,0.7055798196973011,0.047276325418763546,6.957868908126017e-11,2.227218175108673e-09,0.1730534038575472,0.00359319049529243,1.673075505748815e-08,0.07019657941703746,3.892441991458884e-05
GSM2132854,GSE80672,blood,control,34.766,tissue_multiclass,logistic,True,blood,blood,1.8942089180429052e-05,0.8647274870252845,0.02734256923474941,4.585630607371383e-12,1.5597746056515996e-10,0.07503243490176217,0.01745037929728431,1.0328848413822971e-08,0.01542405305288552,4.123909442325111e-06
GSM2132855,GSE80672,blood,control,34.766,tissue_multiclass,logistic,True,blood,blood,8.426127225086828e-05,0.988134714398664,0.0001771502022609748,1.5866037334616478e-12,1.1554217795788237e-10,0.003990303089858478,7.639477844350146e-05,3.044250267798988e-10,0.007535837844841218,1.3379921273106841e-06
GSM2132856,GSE80672,blood,control,43.457,tissue_multiclass,logistic,True,blood,blood,5.197977728490798e-06,0.9572861688167372,0.0021574783459477687,4.3013323562815405e-13,1.0882496383338415e-11,0.03265458379455473,0.006258707678498595,6.620412029679976e-10,0.0016371710556235492,6.91657555608346e-07
GSM2132857,GSE80672,blood,control,43.457,tissue_multiclass,logistic,True,blood,blood,6.096042659269324e-05,0.9202488379324002,0.015937767400409725,1.607942885454653e-12,3.684068063581332e-11,0.029411127244138715,0.002325564072375856,3.354343777138133e-09,0.031957781106830056,5.7958424460125844e-05
GSM2132858,GSE80672,blood,control,43.457,tissue_multiclass,logistic,True,blood,blood,2.4590010941005327e-06,0.9905163767054087,0.0006134564518436744,1.3070115303575868e-13,9.399493445072458e-11,0.0012816211365996042,0.0002896581912851384,1.598429234731604e-10,0.007295701937150182,7.263226497618184e-07
GSM2132859,GSE80672,blood,control,43.457,tissue_multiclass,logistic,True,blood,blood,1.4202438721809113e-06,0.943178568407652,0.010338078784779067,9.59276844300706e-15,2.432299020158187e-10,0.03655139599128793,0.00961521673982648,1.6222763570426665e-08,0.00021096479840959693,0.0001043385681698572
GSM2132860,GSE80672,blood,control,43.457,tissue_multiclass,logistic,True,blood,liver,2.361906661551976e-05,0.20447215257789725,0.001067684168641817,5.200339484220428e-13,3.6059675634845013e-10,0.1980388124567414,0.44072783237223223,3.066860555567671e-08,0.15565386360522065,1.6004722928632723e-05
GSM2132861,GSE80672,blood,control,43.457,tissue_multiclass,logistic,True,blood,blood,1.414745852669849e-07,0.925552120175729,0.00026158250696835716,9.404290983733422e-12,3.710091649245092e-11,0.07050915673760028,0.000204278453289982,5.03859981199705e-09,0.0034717944925536236,9.21074168762108e-07
GSM2132862,GSE80672,blood,control,43.457,tissue_multiclass,logistic,True,blood,blood,2.4674163048616474e-08,0.9510002997729718,0.047522040175692386,2.5234369435057813e-11,8.928321673791181e-11,0.0012438859036670617,5.211797234876441e-05,1.655777083341517e-08,0.0001815997655211631,1.506334738321039e-08
GSM2132863,GSE80672,blood,control,43.457,tissue_multiclass,logistic,True,blood,blood,0.00012036680521286613,0.8260710160053036,0.07748295922086534,4.399043676869439e-10,1.343046490319061e-10,0.009947071594920462,0.08556481399996907,1.0054893130869575e-07,0.0007938086143735403,1.986263621459807e-05
GSM2132864,GSE80672,blood,control,43.457,tissue_multiclass,logistic,True,blood,blood,5.126773357147145e-09,0.9995682485675942,0.0002606277816429401,4.3671645487450064e-15,1.4713540708481178e-13,2.5817629186578855e-05,1.7060206402964388e-05,4.835427512348395e-12,0.00012821191921763672,2.876419546010208e-08
GSM2132865,GSE80672,blood,control,52.149,tissue_multiclass,logistic,True,blood,blood,2.8578996861239443e-11,0.9963193269948001,0.00015658786141515844,1.3768018201942872e-15,7.632057728279389e-14,0.0035051365158453385,8.335325252626468e-06,4.258763536567406e-12,1.0612372674633904e-05,8.970967621510424e-10
GSM2132866,GSE80672,blood,control,52.149,tissue_multiclass,logistic,True,blood,brain_cortex,6.082744628079757e-08,0.3508616332344842,0.630687151115242,1.2404630401175551e-11,6.599303936166123e-10,0.0042018455593367905,0.001815488820553565,1.1517354701622257e-08,0.012433058427747236,7.498255003071407e-07
GSM2132867,GSE80672,blood,control,52.149,tissue_multiclass,logistic,True,blood,blood,9.984658996219079e-05,0.9878306363178467,0.003879576272775302,1.624417807243566e-12,6.454633771144354e-11,0.005899122940990989,0.0013147280702884676,8.429316955111191e-10,0.0009757552091278255,3.336899060870316e-07
GSM2132868,GSE80672,blood,control,52.149,tissue_multiclass,logistic,True,blood,blood,3.2768411007085085e-05,0.8475107852003341,0.14245116151204548,8.078692096282823e-13,1.0312755577298552e-10,0.007701301872612815,7.197646767675097e-05,2.597357607949905e-08,0.0022297659407821903,2.2145180300930543e-06
GSM2132869,GSE80672,blood,control,52.149,tissue_multiclass,logistic,True,blood,blood,1.0894530473287961e-06,0.9879877023146622,0.0014832126802767954,5.640966745493624e-13,2.9985140422222944e-12,0.0019800944080235403,7.169886689247115e-05,6.842651789275554e-09,0.008475748054431588,4.4737645156063635e-07
GSM2132870,GSE80672,blood,control,52.149,tissue_multiclass,logistic,True,blood,blood,0.00022243896202180959,0.9742256565785128,0.011613529915355452,3.816770761663976e-12,2.2513149167757765e-10,0.006424424156917455,0.0070769902839371256,1.0048970722093253e-07,0.00043586657179840054,9.9281280141842e-07
GSM2132871,GSE80672,blood,control,52.149,tissue_multiclass,logistic,True,blood,blood,8.451056578419507e-06,0.9969711085829908,3.0626469450551134e-05,1.5847088360700376e-13,1.6590564564705745e-11,0.0008176875197910846,0.00025906707908186614,1.2285210675237046e-09,0.0019130170106807167,4.103615659248781e-08
GSM2132872,GSE80672,blood,control,52.149,tissue_multiclass,logistic,True,blood,blood,0.00010204432186280158,0.9874796280417514,0.004127761844793061,2.264150994882148e-12,1.388806328742634e-10,0.0025472434432336506,0.001190490105176328,5.3269079571880894e-09,0.004551662996559688,1.1637785702302726e-06
GSM2132873,GSE80672,blood,control,52.149,tissue_multiclass,logistic,True,blood,blood,9.709835102673404e-08,0.9975341231473582,0.002361684819394065,1.2531567673497453e-15,1.649423858650916e-12,6.979597385296896e-05,4.432437198353272e-06,4.51867799426812e-11,2.9840592013692953e-05,2.58849941465649e-08
GSM2132874,GSE80672,blood,control,52.149,tissue_multiclass,logistic,True,blood,blood,2.8374296906125584e-05,0.9793128055047704,0.013909896705972877,5.609871014533793e-13,5.982834084157857e-11,0.006471173348830002,0.00012458084410917747,2.767044537186795e-10,0.00015302010284740518,1.4885946995254046e-07
GSM2132875,GSE80672,blood,control,69.531,tissue_multiclass,logistic,True,blood,blood,5.787489547225986e-06,0.6435720768466205,0.0013875857318151098,3.936254263625636e-13,2.5010409692403843e-10,0.026648901706952312,0.0020176512226724444,1.7566078718101766e-09,0.3263663748159297,1.6201793569910352e-06
GSM2132876,GSE80672,blood,control,69.531,tissue_multiclass,logistic,True,blood,blood,2.3238122735171113e-07,0.9929652693127803,0.0012652024066595405,3.234945049722499e-14,3.2387894025526384e-12,0.003325000092219173,1.533612430951679e-05,1.3737794454781227e-10,0.002428067677552914,8.918646023518789e-07
GSM2132877,GSE80672,blood,control,69.531,tissue_multiclass,logistic,True,blood,blood,9.937225542853831e-06,0.9757630279871577,0.0007574670397136171,5.698460679344299e-13,9.121523927860698e-09,0.004100494826784664,0.0005949064417038899,8.978930681674585e-11,0.018773694333946097,4.629332680901651e-07
GSM2132878,GSE80672,blood,control,69.531,tissue_multiclass,logistic,True,blood,blood,3.764507620467326e-07,0.9982311357390394,0.0005840473481430954,2.363829857747099e-15,1.1986983785634555e-12,0.0001878877359743964,3.60909905032374e-06,2.2440019360525985e-11,0.0009926872561611003,2.563472285986894e-07
GSM2132879,GSE80672,blood,control,69.531,tissue_multiclass,logistic,True,blood,blood,3.499463937984204e-05,0.6962196541924727,0.2989261965025269,1.0625468466955655e-12,9.448272330573346e-11,0.0028995573837830822,0.0014892004076138522,3.112100973215111e-08,0.00043031557301480413,5.008465388918324e-08
GSM2132880,GSE80672,blood,control,69.531,tissue_multiclass,logistic,True,blood,blood,1.166793234745576e-07,0.9902879313887318,0.0007525102935600881,2.2911456410392452e-12,8.833408064006967e-12,9.433459384435976e-05,0.00030449435222306234,1.0781608679945366e-10,0.008560599755970214,1.2817406522998674e-08
GSM2132881,GSE80672,blood,control,69.531,tissue_multiclass,logistic,True,blood,blood,5.520558813148464e-08,0.9970127007049921,0.0002071207975795012,4.9683340604996135e-14,1.1599828130468207e-10,0.000415886845159674,6.852851684732982e-06,5.343866128877157e-10,0.0023572667346617904,1.1620989966103482e-07
GSM2132882,GSE80672,blood,control,69.531,tissue_multiclass,logistic,True,blood,blood,6.088173256236154e-05,0.8601536709378469,0.013273290420966975,1.2413135883432989e-12,1.6576205629329323e-10,0.11425330476194977,0.0014355896723739002,1.2351298245487304e-09,0.01081698787706755,6.273195099003503e-06
GSM2132883,GSE80672,blood,control,69.531,tissue_multiclass,logistic,True,blood,blood,2.2293053069309857e-06,0.9976275467855356,1.1393811552003152e-06,1.609943807429594e-15,6.28761443517767e-14,0.0021543291159886627,0.00017393429296867245,3.829833331430236e-12,4.072822253351543e-05,9.289261710856023e-08
GSM2132884,GSE80672,blood,control,86.914,tissue_multiclass,logistic,True,blood,blood,4.839386001500421e-07,0.9921613539400285,0.0006762529489964568,1.4767560770970082e-13,3.4443968844420506e-11,0.005411141351008901,0.00016931193108371938,1.4269470967942237e-10,0.0015808496480995788,6.060648965523638e-07
GSM2132885,GSE80672,blood,control,86.914,tissue_multiclass,logistic,True,blood,blood,4.260885340999349e-06,0.9924569654219288,0.0020734748283265624,1.5370977527646203e-13,3.355147382066575e-11,0.0032338511984868787,6.174620939380227e-06,4.175876681936882e-10,0.0022239852180184266,1.2873756660382823e-06
GSM2132886,GSE80672,blood,control,86.914,tissue_multiclass,logistic,True,blood,blood,3.4956378674737797e-06,0.9866648382022715,3.538243191155059e-05,1.7252919482775041e-13,6.096643382659683e-11,0.0006995295262832958,7.287668412248339e-05,5.6178453234924e-11,0.01252365204898143,2.2535124482416213e-07
GSM2132887,GSE80672,blood,control,86.914,tissue_multiclass,logistic,True,blood,blood,1.2399510149910803e-05,0.9552012333183117,0.0009719127862772894,1.2060759901643992e-13,4.494207000461376e-11,0.038273965812513334,0.00013790404362877708,2.219590167305069e-09,0.005401747501529027,8.34762937292399e-07
GSM2132888,GSE80672,blood,control,86.914,tissue_multiclass,logistic,True,blood,blood,4.4756369282175055e-06,0.8995914919688427,0.07067682437612291,1.5205849252847373e-13,7.158592813276489e-09,0.0290515388051853,0.0006093789317458041,6.762171059137311e-09,6.143748715992788e-05,4.838873099405347e-06
GSM2132889,GSE80672,blood,control,86.914,tissue_multiclass,logistic,True,blood,blood,9.117844627659008e-09,0.9990084462870928,0.00036986348182790375,2.943746025863273e-15,1.3743787363136384e-13,2.2023673873046803e-05,3.3491850025294147e-06,2.4789199492708318e-11,0.0005962806013340181,2.7628095430618274e-08
GSM2132890,GSE80672,blood,control,86.914,tissue_multiclass,logistic,True,blood,kidney,2.6754343658452513e-05,0.022712632801192217,6.022080835986289e-05,1.2857360847635823e-14,6.833977406556949e-11,0.9769717207032567,4.8300302947916754e-05,1.3329013502222731e-11,0.00017771382891811722,2.6571299851478023e-06
GSM2132891,GSE80672,blood,control,86.914,tissue_multiclass,logistic,True,blood,blood,4.3087614828294365e-05,0.9701068710521784,0.011747981608607008,7.863530409975088e-13,1.4531310171592574e-10,0.0007688958064889486,0.0013102053232555096,3.1127151351764455e-08,0.01601176537847082,1.1161942919880063e-05
GSM2132892,GSE80672,blood,control,86.914,tissue_multiclass,logistic,True,blood,blood,4.868105464851941e-06,0.9826206016746845,0.015731655300744406,7.02591874501738e-14,4.828380126968519e-12,0.0006354278568538553,7.523195248565147e-06,1.5609996100442484e-09,0.0009998764067166875,4.589438890713333e-08
GSM2132893,GSE80672,blood,control,95.606,tissue_multiclass,logistic,True,blood,blood,6.969125113146243e-07,0.8061559973864186,0.03315223337388023,2.3968993867762667e-12,3.939717577411029e-10,0.15398555266326636,0.002063209959549098,6.142103830053395e-09,0.004641711045726166,5.92120175813675e-07
GSM2132894,GSE80672,blood,control,95.606,tissue_multiclass,logistic,True,blood,blood,8.341864920467724e-10,0.999620886543544,6.446570713877754e-07,4.990311469376005e-16,6.884496281635137e-17,0.0003566848102297721,1.771469821760396e-05,9.139254402918999e-10,1.1398314532965244e-06,2.9277113713291915e-06
GSM2132895,GSE80672,blood,control,95.606,tissue_multiclass,logistic,True,blood,blood,1.9428614910690195e-05,0.7326206379935621,0.10363831412129339,2.8031837521946563e-12,7.814479529056216e-10,0.0795483442704632,0.03869827117660458,3.6456363810274673e-07,0.04546768805413684,6.950421139856976e-06
GSM2132896,GSE80672,blood,control,95.606,tissue_multiclass,logistic,True,blood,blood,1.5840883393412015e-08,0.9885062317761273,0.009511567352353669,2.9522076407129315e-13,1.5002673334135595e-10,0.0009270148364467912,6.89613622278778e-05,3.5113976867590195e-10,0.0009862007885912153,7.54190783047365e-09
GSM2132897,GSE80672,blood,control,95.606,tissue_multiclass,logistic,True,blood,blood,8.877821274627845e-06,0.9321662552500091,0.004520029695248305,6.149084467816345e-11,4.0377053405028193e-10,0.004121119581808036,0.006779665775551529,1.4054994988262839e-09,0.052403509563771995,5.40441575638819e-07
GSM2132898,GSE80672,blood,control,95.606,tissue_multiclass,logistic,True,blood,blood,3.925480302453932e-06,0.9953789935825961,0.0008083096185812905,4.208049357599373e-13,1.778193087215101e-10,0.0027411865029564925,1.312491334805362e-05,5.562334982485318e-10,0.0010541618202802548,2.9734746179927707e-07
GSM2132899,GSE80672,blood,control,95.606,tissue_multiclass,logistic,True,blood,blood,1.943047963215883e-06,0.96218893575509,0.014110486543402717,9.60776690575279e-13,2.975820752979706e-11,0.005479130240881077,0.0015170345907998886,2.114953533562362e-09,0.016702161216151715,3.0646003918198846e-07
GSM2132900,GSE80672,blood,control,95.606,tissue_multiclass,logistic,True,blood,blood,5.915244577523405e-09,0.9503667649473174,0.00864114131274488,4.562671235634511e-13,6.856907884403963e-11,0.0004111747967712476,1.5461775691612494e-06,2.6251596680902963e-10,0.04057887334422443,4.931745870160811e-07
GSM2132901,GSE80672,blood,control,95.606,tissue_multiclass,logistic,True,blood,blood,0.00020336748649705207,0.9081731500296004,0.009455780652518469,2.1267663572741533e-11,4.768030475542223e-10,0.012033171855251955,0.022415816545021932,2.560445893686431e-08,0.047690450965525266,2.8236363055427622e-05
GSM2132902,GSE80672,blood,control,104.297,tissue_multiclass,logistic,True,blood,blood,2.0199213326865124e-06,0.8906461154359094,0.0009134432060314135,1.6471216585090043e-14,1.3890273995514132e-11,0.10460672456639829,0.000980960560705983,6.408357043611089e-10,0.00285025698934232,4.786655374313107e-07
GSM2132903,GSE80672,blood,control,104.297,tissue_multiclass,logistic,True,blood,blood,1.1109235482917109e-07,0.9662632077899943,0.010614990046284219,5.204179983883278e-14,3.0265876150950264e-11,0.022390692790510387,7.21964818390783e-05,1.1070443634856494e-07,0.0006586631375711064,2.7926691616008436e-08
GSM2132904,GSE80672,blood,control,104.297,tissue_multiclass,logistic,True,blood,blood,5.838923310668549e-08,0.9926933133652238,0.00029135553999107993,4.328856129841375e-14,1.1342987218309894e-11,0.0007197229760309694,1.5535123625028793e-05,6.314574386813389e-11,0.006279947628474436,6.690288952720564e-08
GSM2132905,GSE80672,blood,control,104.297,tissue_multiclass,logistic,True,blood,blood,9.955939702305267e-06,0.8601978776812498,0.09603164135185834,2.4933760801929212e-11,2.6663756294763563e-10,0.03397307591565986,0.0008677415252666545,9.986156847883285e-09,0.008917939727053487,1.7575814813027033e-06
GSM2132906,GSE80672,blood,control,104.297,tissue_multiclass,logistic,True,blood,blood,2.305747623101057e-06,0.9978429630388833,0.0011848975221135068,3.9653510460463825e-13,5.472948105378886e-11,0.0006713779629925687,7.648494054802028e-05,1.5334005545526462e-10,0.00022145840960220502,5.121697715220272e-07
GSM2132907,GSE80672,blood,control,104.297,tissue_multiclass,logistic,True,blood,blood,5.376830315984279e-06,0.9796447046832475,0.0002633942315302493,6.673826185784049e-14,2.51299555741689e-11,0.009737422707786934,0.0009712269754229625,4.24054526456347e-09,0.009377604998681718,2.653072726177102e-07
GSM2132908,GSE80672,blood,control,104.297,tissue_multiclass,logistic,True,blood,blood,2.659111649677099e-06,0.9946536958038554,0.0005005733971998579,9.802366613266525e-13,4.760462731501128e-11,0.004411546986119937,0.0001929321821410181,8.432617271437215e-10,0.0002382508830686042,3.4074411893065265e-07
GSM2132909,GSE80672,blood,control,104.297,tissue_multiclass,logistic,True,blood,blood,4.4489898491041196e-08,0.9958563734772795,0.0031516627048876087,1.543132054202245e-14,3.657924316980851e-12,0.0009126848924944993,7.35126348775452e-05,1.8742425534869353e-10,5.6691073773085864e-06,5.25020874389627e-08
GSM2132910,GSE80672,blood,control,104.297,tissue_multiclass,logistic,True,blood,blood,3.5993645144508778e-06,0.9192664067019206,0.05370759615928306,9.065919285768866e-17,1.5458175987130417e-12,0.02602811668495057,0.00030861171181776833,6.720924676026684e-10,0.0006800231166535908,5.645587221716097e-06
GSM2132911,GSE80672,blood,control,112.989,tissue_multiclass,logistic,True,blood,kidney,1.855262392245309e-06,0.14344483619422124,0.24120326844929169,5.331940045656869e-13,3.1863660837268835e-10,0.613128228326814,0.0018661346616266402,1.393242868051123e-07,0.0003545152350956913,1.0222271018700467e-06
GSM2132912,GSE80672,blood,control,112.989,tissue_multiclass,logistic,True,blood,blood,5.466837919682625e-05,0.642809688250642,0.026097720993457637,6.024279788947708e-14,6.335864057802989e-11,0.058913805807605045,0.0002661659925276709,1.3174075229286548e-08,0.27176131963189487,9.661770718176912e-05
GSM2132913,GSE80672,blood,control,112.989,tissue_multiclass,logistic,True,blood,blood,1.0018870159296524e-05,0.6635450590258043,0.09556731721035924,7.674745669622284e-12,1.4357366077171843e-10,0.20434726379559082,0.005533582370458083,3.211712009241322e-09,0.030989881169382113,6.874195285657398e-06
GSM2132914,GSE80672,blood,control,112.989,tissue_multiclass,logistic,True,blood,blood,5.034425043965804e-05,0.6193406474495199,0.05493147502482169,2.102075193893765e-12,1.5505656482783606e-10,0.20829668728046505,0.10393033888086477,5.480581472892048e-07,0.013427777411205469,2.218148737755531e-05
GSM2132915,GSE80672,blood,control,112.989,tissue_multiclass,logistic,True,blood,blood,2.5230549202010245e-05,0.9568139290994501,0.007262465447132592,2.142814486758241e-11,5.679940328220296e-10,0.004685798787325071,0.030627650317452817,2.2547731262504504e-07,0.0005840071146603955,6.926180423014059e-07
GSM2132916,GSE80672,blood,control,112.989,tissue_multiclass,logistic,True,blood,blood,1.2960084239312455e-06,0.937982958591932,0.0079385528868177,1.2206762756191973e-14,2.021088122667424e-10,0.04819383959699407,0.0055705430016358,5.677837952386288e-10,0.00031275508167951613,5.406261212631956e-08
GSM2132917,GSE80672,blood,control,112.989,tissue_multiclass,logistic,True,blood,blood,9.39802404310539e-06,0.9590857606619219,0.02204304723374571,2.965912832026088e-13,7.574484114669015e-10,0.00958627236427034,0.004823623198592317,5.0782300314616795e-09,0.00444548918161343,6.403499838445422e-06
GSM2132918,GSE80672,blood,control,112.989,tissue_multiclass,logistic,True,blood,blood,7.933159812248402e-08,0.9417822207528617,4.432901785230937e-05,3.5304067252860286e-14,7.26859895902669e-14,0.058067698390876776,5.8625494163119884e-05,3.0529867422169233e-10,4.704483218196804e-05,1.875059278972854e-09
GSM2132919,GSE80672,blood,control,112.989,tissue_multiclass,logistic,True,blood,blood,1.5129853770897846e-06,0.9508915614475044,0.019692484535373537,5.755393008455645e-15,8.639294896146437e-12,0.026514458983740222,0.0006872747980177944,4.6291743722097404e-10,0.002212013386241038,6.93392183502091e-07
GSM2132920,GSE80672,blood,control,112.989,tissue_multiclass,logistic,True,blood,blood,7.8390217505235e-07,0.9571273345224728,0.023447870564721533,8.2923968006785e-13,9.956323535136088e-11,0.01250178119076647,0.0002711335494605632,2.509862475373086e-08,0.006650945502974176,1.2556841242169984e-07
GSM2132921,GSE80672,blood,control,121.68,tissue_multiclass,logistic,True,blood,blood,1.2150350325626491e-09,0.9992538666265184,0.00028700407044262774,7.400467855056912e-16,2.0365548548574848e-14,7.580174057533442e-06,7.605928170366636e-06,1.0711316260514119e-10,0.0004439417819478704,9.669404564562801e-11
GSM2132922,GSE80672,blood,control,121.68,tissue_multiclass,logistic,True,blood,blood,7.794156014214983e-05,0.7172840979928661,0.020971917281923727,4.893691721909943e-13,1.0294626102942642e-10,0.21724814148997887,0.006395568337730257,4.1460037238282866e-09,0.038019648945097094,2.68014282232714e-06
GSM2132923,GSE80672,blood,control,121.68,tissue_multiclass,logistic,True,blood,blood,2.295289125011861e-05,0.9285497556371676,0.04792124055315546,4.0855453125199105e-14,2.6356429664321013e-10,0.01044455164943333,0.011872761566563575,1.4175795184211872e-08,0.0011883852206135653,3.3804241579180084e-07
GSM2132924,GSE80672,blood,control,121.68,tissue_multiclass,logistic,True,blood,blood,7.743630185890076e-08,0.8928900648499325,0.0006858181454242124,2.059248337938949e-18,6.815719321341511e-12,0.02134788624614908,0.00035167918677220906,1.0473804893051204e-09,0.08468939150281686,3.508157840721466e-05
GSM2132925,GSE80672,blood,control,121.68,tissue_multiclass,logistic,True,blood,kidney,9.336499529314734e-07,0.3128684843252952,2.3070726929879712e-05,1.799275869177011e-14,4.567882705041829e-13,0.6857568118829512,0.001003819066677933,5.139658624196389e-12,0.0003457537909315293,1.1265516469328364e-06
GSM2132926,GSE80672,blood,control,121.68,tissue_multiclass,logistic,True,blood,muscle,6.29091671327395e-07,0.3485270739155776,0.010523416987010406,1.4577570695314412e-13,1.4886856885249247e-10,0.1303832516744839,0.00016847947630988744,8.628093835803257e-09,0.5103898975706446,7.2425071942216145e-06
GSM2132927,GSE80672,blood,control,121.68,tissue_multiclass,logistic,True,blood,blood,2.8431652644346722e-08,0.8407934364986791,0.15289177920938324,3.0973944675226365e-14,1.4664856350151824e-11,0.0017208327324069181,0.0007798743348018306,1.1255581060361801e-07,0.003813905541825807,3.06807440515289e-08
GSM2132928,GSE80672,blood,control,121.68,tissue_multiclass,logistic,True,blood,blood,6.615788854045064e-06,0.9496879773874617,0.0015587464629039233,2.6270190338372206e-14,3.181672878895727e-12,0.047917220204745384,0.00044097103301222475,8.73507115463428e-10,0.0003881156673331404,3.5257897469667325e-07
GSM2132929,GSE80672,blood,control,121.68,tissue_multiclass,logistic,True,blood,blood,1.2102083796449746e-07,0.9920881401826089,0.005642369746870695,7.634723564099226e-14,2.5769590131950763e-11,0.0012556362963202648,1.0658663982316556e-05,4.416389774251654e-10,0.0010029282067097395,1.454151850706474e-07
GSM2132930,GSE80672,blood,control,130.371,tissue_multiclass,logistic,True,blood,blood,3.042729123559085e-08,0.9880624414182253,0.004611376492299894,1.6251189222154455e-13,5.136375153390617e-10,0.005614909702919933,1.434327864819263e-06,8.5832848135819e-10,0.0017097985728438837,7.686426420407997e-09
GSM2132931,GSE80672,blood,control,130.371,tissue_multiclass,logistic,True,blood,blood,0.00010926524845841144,0.9228055295059833,0.05226513041595563,9.898537970229756e-12,1.611370760588088e-09,0.007017983262013777,0.001418787509262724,1.2030124950165396e-07,0.016374030673437557,9.151462369991142e-06
GSM2132932,GSE80672,blood,control,130.371,tissue_multiclass,logistic,True,blood,blood,2.1849446656192795e-06,0.6666471071395635,0.23500718755017452,1.3615963933489483e-11,3.241447551717968e-10,0.08999597939101606,0.00316192670084898,3.475840776801643e-08,0.005185503667317411,7.551024532259114e-08
GSM2132933,GSE80672,blood,control,130.371,tissue_multiclass,logistic,True,blood,blood,1.3644766297626162e-06,0.9969518537895702,0.0003525611112925018,2.1905071217981414e-14,1.6552323222236835e-11,0.0016607551317413503,0.00015841166215074695,2.039116136605499e-11,0.0008745853875243558,4.68404125869575e-07
GSM2132934,GSE80672,blood,control,130.371,tissue_multiclass,logistic,True,blood,blood,8.926931288499033e-06,0.5424601917178984,0.03474936444509338,1.1475803366720379e-14,9.433714770453064e-11,0.41295422113462277,5.8902069922154566e-05,2.460727818118655e-09,0.009766530384638832,1.8607614596051573e-06
GSM2132935,GSE80672,blood,control,130.371,tissue_multiclass,logistic,True,blood,blood,1.5421304735916646e-05,0.7260091457547783,0.0040076991633391556,1.7157142673790383e-14,1.244787320800197e-11,0.011600585393464627,0.00022302447670520761,2.8355196273304296e-10,0.25814344677623824,6.768347216428874e-07
GSM2132936,GSE80672,blood,control,130.371,tissue_multiclass,logistic,True,blood,blood,5.102514699054164e-07,0.9932137873180737,0.0033975961151746395,5.153859146853217e-15,1.5670502072861317e-11,0.001285158001156345,0.0004798455438229837,8.955803916325294e-09,0.001622495461065131,5.983377576848825e-07
GSM2132937,GSE80672,blood,control,130.371,tissue_multiclass,logistic,True,blood,blood,5.148025471103051e-09,0.9494736992627091,0.04605059375683191,5.949089750889075e-13,2.3591077537283306e-11,0.0030475652082343004,2.6087381159240326e-05,9.227131999321697e-11,0.0014020343443488922,1.4782233861371638e-08
GSM2132938,GSE80672,blood,control,130.371,tissue_multiclass,logistic,True,blood,blood,2.6257061650979936e-06,0.9824567415326182,0.002918925507020947,8.731039500794165e-11,6.010587800126013e-11,0.010115377987066297,0.00011144875392902442,2.2070042675610752e-08,0.004394757645629039,1.0065011256388472e-07
GSM2132939,GSE80672,blood,control,139.063,tissue_multiclass,logistic,True,blood,kidney,6.835853938017621e-07,0.16398618658168881,0.0001378239064698854,1.307741603441031e-16,1.611407228873921e-15,0.7768970024317481,0.05757904258697222,4.395262058362145e-14,0.0013482777599661709,5.098314771541938e-05
GSM2132940,GSE80672,blood,control,139.063,tissue_multiclass,logistic,True,blood,blood,2.9564198737563455e-05,0.7694330999795187,0.008864804073548713,2.3545765296854805e-13,1.5895447863589286e-10,0.1980443122337921,0.022622690494091553,5.188394704480911e-09,0.001005354620064516,1.6905266237104306e-07
GSM2132941,GSE80672,blood,control,139.063,tissue_multiclass,logistic,True,blood,blood,7.780087354465407e-05,0.621633179120735,0.12686109063893078,3.98515380698738e-17,1.3680463237886844e-11,0.05819298292113388,0.08205264957008876,3.97375360604966e-09,0.11039759223391678,0.0007847006542157966
GSM2132942,GSE80672,blood,control,139.063,tissue_multiclass,logistic,True,blood,blood,2.6784573038253706e-05,0.39473497751662223,0.3418376556937029,5.428099603824843e-14,3.276727013471158e-10,0.20080992026210923,0.06129741417837119,3.476916096332667e-08,0.0012922535662351327,9.591130331178068e-07
GSM2132943,GSE80672,blood,control,139.063,tissue_multiclass,logistic,True,blood,blood,9.62145060428727e-07,0.9637509015464766,0.016388676981586234,1.932682176831738e-16,2.4054469729232543e-12,0.01569927248667166,0.0026682276344649784,3.2997937549076956e-10,0.0012964248478458218,0.00019553402550909066
GSM2132944,GSE80672,blood,control,139.063,tissue_multiclass,logistic,True,blood,blood,0.00013635406612614863,0.9509182418764982,0.010512861633820928,2.9233565619613987e-13,3.259163489743268e-11,0.02669534751239907,0.003978035917148399,1.8929910499610746e-08,0.007748051367863744,1.1088663348808511e-05
GSM2132945,GSE80672,blood,control,139.063,tissue_multiclass,logistic,True,blood,blood,3.964161894452609e-06,0.9781221789351324,0.0103773823364681,4.674583310137476e-15,9.944634839553287e-12,0.001945505286445262,0.0012389128617146463,5.657116060365027e-09,0.008311446405841754,6.043454378120161e-07
GSM2132946,GSE80672,blood,control,147.754,tissue_multiclass,logistic,True,blood,blood,2.673294441465778e-06,0.8757952752787542,0.0013144195383199483,7.660247398176256e-17,2.6998677760292746e-13,0.04297228996330414,1.9419229140948862e-06,5.873693616593067e-13,0.07991274650520035,6.534962080795944e-07
GSM2132947,GSE80672,blood,control,147.754,tissue_multiclass,logistic,True,blood,kidney,1.3659735128227229e-06,0.14057591684644208,0.03433793737008507,1.3254127322354729e-12,1.0992220725866741e-10,0.7212550825528726,0.001194481709473737,6.520778379810232e-09,0.10263504902872234,1.598868653172724e-07
GSM2132948,GSE80672,blood,control,147.754,tissue_multiclass,logistic,True,blood,blood,7.595243048073963e-07,0.8331059422859011,0.1288437587607795,4.207789817633326e-14,1.9572836781737457e-11,0.03205880887098523,7.610524634772903e-05,8.645215511052235e-09,0.0059146104769304845,6.169920583722308e-09
GSM2132949,GSE80672,blood,control,147.754,tissue_multiclass,logistic,True,blood,blood,9.119151609766508e-07,0.8534380462743489,0.10066291650744758,2.290576963423775e-13,6.609410258571186e-10,0.02442169910480221,0.002589447397916885,8.007809553430384e-08,0.018886698403729932,1.996573279499454e-07
GSM2132950,GSE80672,blood,control,147.754,tissue_multiclass,logistic,True,blood,brain_cortex,2.3291608062081225e-09,0.3794935704419437,0.4404598468283391,8.96671502377284e-14,3.555820014255106e-12,0.013367060277055812,4.178526911636117e-05,5.365008004343632e-07,0.16663716950282634,2.8847111754627045e-08
GSM2132951,GSE80672,blood,control,147.754,tissue_multiclass,logistic,True,blood,blood,5.60584446917419e-08,0.5556471105004345,3.174361603336381e-05,9.855682467573567e-21,1.1014435041380071e-15,0.43386014795082123,0.0011413330385457892,9.48085835563837e-11,0.007819572113591878,0.0015000366273188038
GSM2132952,GSE80672,blood,control,147.754,tissue_multiclass,logistic,True,blood,blood,3.676294536408503e-08,0.9623410342342925,0.03730645997478853,3.365176544894183e-13,6.414210346692255e-12,1.3118543151336284e-06,0.00020963394469308892,1.6582094312389317e-08,0.0001415030016339655,3.638486426661065e-09
GSM2132953,GSE80672,blood,control,147.754,tissue_multiclass,logistic,True,blood,blood,2.0093152468066735e-06,0.9909935137353116,0.005256378835863172,1.0965007309301637e-15,2.0295170094192757e-11,0.00012379761566082802,0.000999834920942564,5.494922338578985e-09,0.002620671669866459,3.788391890030855e-06
GSM2132954,GSE80672,blood,control,147.754,tissue_multiclass,logistic,True,blood,muscle,2.9699551191383295e-05,0.4293953850370403,0.07302017584000607,2.8246167490610512e-14,9.316535546062244e-12,0.060070864930565654,0.0003476521454247439,2.9380844013799067e-08,0.43706400463349343,7.218847208958575e-05
GSM2132955,GSE80672,blood,control,152.1,tissue_multiclass,logistic,True,blood,blood,5.2527199092284116e-09,0.9969754133314991,0.0002582220551836399,1.2001561672122698e-14,1.2283337394153812e-12,0.0008893475954461402,3.235952989688817e-05,1.7386959471461175e-10,0.0018446360548071965,1.600533720770376e-08
GSM2132956,GSE80672,blood,control,152.1,tissue_multiclass,logistic,True,blood,blood,4.614436810359865e-08,0.9809520528552655,0.0006845311067874166,1.8089628060588241e-12,7.95586733079863e-12,0.017172273945303674,0.0010019608771754107,3.482000459930356e-10,0.00018913329168077474,1.4214543080567179e-09
GSM2132957,GSE80672,blood,control,152.1,tissue_multiclass,logistic,True,blood,blood,7.260330916912971e-06,0.6955529246152201,0.13274459989117965,1.4532343660574683e-12,2.346041803660908e-10,0.11895782096527284,0.0314251449421415,5.80845096145601e-09,0.021307061031990964,5.182178769679642e-06
GSM2132958,GSE80672,blood,control,152.1,tissue_multiclass,logistic,True,blood,blood,9.954120620989349e-08,0.8631541162926172,0.016020886134763483,1.2463743565825798e-15,8.251521572514151e-13,0.1183188960787428,7.649124528157861e-05,1.0696164172244174e-11,0.0024294614650371606,4.923082914410383e-08
GSM2132959,GSE80672,blood,control,152.1,tissue_multiclass,logistic,True,blood,blood,5.076600768569892e-07,0.7862675886507394,0.19975722358164097,5.921143528596416e-20,1.02083767332207e-15,0.011360957917902564,0.001059102554514528,5.639261434733201e-11,0.0008510728538151115,0.0007035467249169197
GSM2132960,GSE80672,blood,control,152.1,tissue_multiclass,logistic,True,blood,blood,1.5685864783631245e-06,0.9992115980515305,0.000214673956931182,1.2746761923142453e-20,6.98174501719626e-14,0.0005011480557336875,5.5799203258111045e-05,3.2538396756462074e-12,1.5194314946597341e-05,1.7827797952265426e-08
GSM2465615,GSE93957,brain_cortex,control,41.0,tissue_multiclass,logistic,True,brain_cortex,heart,3.567389543893656e-13,1.7125275155108408e-09,2.0778205757235407e-14,0.702596956241292,0.07663523889144895,4.747781301292804e-11,4.5205678358885554e-11,0.22076780295858633,1.0028388104528027e-10,2.8001948077328894e-12
GSM2465616,GSE93957,heart,control,41.0,tissue_multiclass,logistic,True,heart,heart,4.172642074555646e-09,1.7022046713262065e-06,1.204162630684025e-09,0.7206811279758205,0.008049506650177334,2.2946788554032763e-09,1.308890214848571e-06,0.27126621134923473,2.80698527537779e-08,1.0718854477361927e-07
GSM2465617,GSE93957,liver,control,41.0,tissue_multiclass,logistic,True,liver,heart,1.287034772727127e-10,1.6000941700124687e-06,1.2991601147729393e-08,0.9948333212370132,0.0005535021725836144,9.635102575507187e-11,0.0014191824725608613,0.003192269199916434,1.4171562006706902e-12,1.1160568335085972e-07
GSM2465618,GSE93957,lung,control,41.0,tissue_multiclass,logistic,True,lung,heart,5.429553166195875e-10,2.9722075008485773e-09,6.380419065757508e-12,0.9929829681949037,2.468084130246356e-06,1.906630022065701e-12,6.693322001870775e-07,0.0070138732501614735,1.3099628798125254e-10,1.7484158113076563e-08
GSM2465619,GSE93957,brain_cortex,control,41.0,tissue_multiclass,logistic,True,brain_cortex,lung,8.182556814471556e-11,7.178737784931664e-08,1.4675979822376253e-10,0.2676700719220665,0.055307171834112635,6.361217308997956e-08,5.225564916156721e-08,0.6770225518049697,2.6026655911009413e-10,1.629479901563439e-08
GSM2465620,GSE93957,heart,control,41.0,tissue_multiclass,logistic,True,heart,heart,1.2590487138049035e-08,1.0082619569040874e-05,3.155758524236931e-08,0.8880780898348513,0.003933565637296054,5.639230160250989e-06,3.582346859863562e-05,0.10791415465967971,1.132317118436385e-07,2.2487170060824564e-05
GSM2465621,GSE93957,liver,control,41.0,tissue_multiclass,logistic,True,liver,lung,4.0052238444158835e-09,1.1476558375975104e-07,4.1640862881085333e-10,0.4671799580065948,0.000939771990418639,1.958030655319578e-14,2.5204009975224847e-05,0.5318549467692478,2.354106867021284e-12,3.4173550513527616e-11
GSM2465622,GSE93957,lung,control,41.0,tissue_multiclass,logistic,True,lung,heart,4.6512201759840745e-09,1.1381023241011416e-07,4.170860093405349e-09,0.9400071513997805,2.368287839236269e-05,1.077139072900282e-10,2.3981507981467923e-06,0.05996662196166854,2.856441741495828e-09,2.0012892353029542e-08
GSM2465623,GSE93957,brain_cortex,control,41.0,tissue_multiclass,logistic,True,brain_cortex,intestine,1.888839991405485e-14,2.150673971265187e-08,7.166229470690311e-13,0.046878999849406994,0.9476737560440476,3.6087703173189895e-08,3.862395536160965e-08,0.005447147801027864,8.420912237257219e-11,2.174812328284937e-12
GSM2465624,GSE93957,heart,control,41.0,tissue_multiclass,logistic,True,heart,heart,9.52872374471931e-10,6.623488061677404e-07,8.925400094447857e-10,0.994527487531568,0.0016457487346448409,3.433739995620338e-11,5.166364078071376e-08,0.0038260168015650632,6.815533910157165e-10,3.0358472013992e-08
GSM2465625,GSE93957,liver,control,41.0,tissue_multiclass,logistic,True,liver,heart,2.0315854187928034e-09,2.4696880920648982e-06,5.074024168963505e-10,0.973620967213857,0.00022639517016590082,2.6659213757815556e-10,7.60627206337422e-08,0.026150083554083763,3.3853848016650024e-10,5.166962010346535e-09
GSM2465626,GSE93957,lung,control,41.0,tissue_multiclass,logistic,True,lung,heart,2.5687702036376824e-10,9.083565973024574e-09,2.5674551574991904e-11,0.9949101820592736,1.577264722235981e-06,2.294730266901915e-13,1.0977902100877023e-08,0.005088214272764939,5.714413024237977e-09,3.4457733454648865e-10
GSM2465627,GSE93957,brain_cortex,control,41.0,tissue_multiclass,logistic,True,brain_cortex,heart,6.764490051460691e-12,3.3845054569022255e-08,4.700158856523259e-11,0.6674944362295356,0.27584014127725714,4.159180832419277e-07,6.122576453732109e-07,0.056664349044192576,6.858902269256318e-09,4.515563084623062e-09
GSM2465628,GSE93957,heart,control,41.0,tissue_multiclass,logistic,True,heart,lung,1.8508272498393287e-09,2.0586118554654065e-06,2.5638342296086363e-09,0.18789113638920543,0.0013680373132389575,5.64999498470785e-11,7.963387053495779e-07,0.8107379403076028,5.405386260870008e-09,2.1162844243137263e-08
GSM2465629,GSE93957,liver,control,41.0,tissue_multiclass,logistic,True,liver,heart,3.932908216397241e-06,0.0012743742411918944,8.90131588838881e-05,0.9626540739721786,0.0006275175622540616,9.801138289347709e-07,0.03518665774502397,9.906870313914391e-06,4.1489923562689117e-07,0.00015312852887295724
GSM2465630,GSE93957,lung,control,41.0,tissue_multiclass,logistic,True,lung,heart,3.5332686518191584e-10,1.484298448603582e-09,7.369647294536453e-13,0.9723573321145481,7.959465534840065e-07,1.7653900092173214e-13,2.027959549497713e-07,0.027641666985773066,6.270588072999933e-11,2.5592597099189606e-10
GSM2465631,GSE93957,brain_cortex,control,27.0,tissue_multiclass,logistic,True,brain_cortex,heart,3.045505179583648e-14,8.303227696259539e-09,1.27424576473361e-13,0.8292431028210959,0.09005408880608987,7.39211864845446e-09,1.6514755658187118e-08,0.08070277566957339,2.457419149944317e-10,2.472389467573239e-10
GSM2465632,GSE93957,heart,control,27.0,tissue_multiclass,logistic,True,heart,lung,1.6614441761449427e-08,1.8182299216646482e-05,2.613492389748859e-08,0.03527090065322172,0.09398977016877524,7.682512826888659e-08,6.711239917507176e-05,0.8706537826682575,5.878430120365181e-09,1.2635842968756136e-07
GSM2465633,GSE93957,liver,control,27.0,tissue_multiclass,logistic,True,liver,heart,1.4138428488030042e-10,8.122530486882394e-06,1.8173024345574978e-10,0.8925561287363376,0.000268953800474956,8.335329841025288e-11,5.37805533546804e-10,0.10716679373959433,6.738052901693631e-11,1.8145233974875248e-10
GSM2465634,GSE93957,lung,control,27.0,tissue_multiclass,logistic,True,lung,heart,7.570215495349577e-12,5.1842941034423506e-11,5.880893459381605e-14,0.9999507452345991,1.9219786256451376e-09,1.2340645875936254e-14,3.098602365257263e-11,4.9252743792011863e-05,5.89335786491419e-12,3.266289145420314e-12
GSM2465635,GSE93957,brain_cortex,control,27.0,tissue_multiclass,logistic,True,brain_cortex,lung,2.227557755081236e-14,9.747253995436161e-10,8.370022215010812e-15,0.20172631698008064,0.34249247427296803,5.0276847283124875e-11,9.391661702775157e-10,0.45578120673493566,4.1407241535103396e-11,6.4090257114956215e-12
GSM2465636,GSE93957,heart,control,27.0,tissue_multiclass,logistic,True,heart,lung,2.601530926501522e-09,1.5060917626026392e-06,7.591720131693164e-10,0.10147646031557088,0.00474000889294473,1.4508020380753919e-11,1.5262269191171182e-10,0.8937820145511992,2.4059442122126837e-09,4.214744692023725e-09
GSM2465637,GSE93957,liver,control,27.0,tissue_multiclass,logistic,True,liver,heart,2.1089085194670117e-10,3.6396074853741304e-09,2.1916166196007014e-18,0.9950744164218164,4.4255943271398655e-24,1.4926381842093053e-27,6.5269748648639955e-19,5.891273433606028e-09,5.869609213855702e-14,0.004925573836353034
GSM2465638,GSE93957,lung,control,27.0,tissue_multiclass,logistic,True,lung,lung,6.001363164730715e-09,2.2335881333464347e-07,2.938185292241777e-11,0.45713004879167657,2.443536994101048e-06,2.009196290284929e-13,5.569046023663649e-10,0.5428672774431226,2.1192906403178655e-10,6.961375159773886e-11
GSM2465639,GSE93957,brain_cortex,control,27.0,tissue_multiclass,logistic,True,brain_cortex,heart,3.870985748836585e-12,9.210982302701332e-09,6.043741512184507e-14,0.9437453131378346,0.018623003216279594,2.93737221192948e-09,3.920032547387876e-10,0.03763167087215449,2.0365856304421774e-10,2.5783409610894254e-11
GSM2465640,GSE93957,heart,control,27.0,tissue_multiclass,logistic,True,heart,heart,1.1210508331320692e-08,9.91217246747581e-07,5.660666536494424e-11,0.9170616615562744,0.016816383401363173,5.660692663109123e-12,1.5382026897195784e-09,0.06612094952170719,8.925644500608259e-10,5.998655918845501e-10
GSM2465641,GSE93957,liver,control,27.0,tissue_multiclass,logistic,True,liver,heart,3.8904111576371995e-14,6.520280206709263e-08,1.1845962074933815e-11,0.9969586775163433,0.0029596822129267855,1.8248125312271668e-10,7.341679131563162e-07,8.08393187123008e-05,1.8693324008940106e-10,1.200003201777621e-09
GSM2465642,GSE93957,lung,control,27.0,tissue_multiclass,logistic,True,lung,heart,5.973642140007618e-12,2.4963902562778368e-09,1.4272822260417674e-12,0.9944924753514526,1.9050247500121139e-07,5.1580170314702e-15,5.598191916816074e-11,0.005507331530221777,4.886729053848844e-11,7.204796691657183e-12
GSM2465643,GSE93957,brain_cortex,control,27.0,tissue_multiclass,logistic,True,brain_cortex,lung,3.191885470703534e-12,3.765949614900984e-08,7.443183339206906e-13,0.08841951273469287,0.14232603564997612,1.2205866168707533e-09,3.9730591487294705e-08,0.7692543729020109,6.164267374776491e-11,3.706683143663871e-11
GSM2465644,GSE93957,heart,control,27.0,tissue_multiclass,logistic,True,heart,lung,1.3348005009426672e-07,6.886112680193754e-05,3.234593717727424e-09,0.1483109641753199,0.26405879042232644,2.692240071128765e-09,1.4122226107067171e-05,0.5875312867666247,1.0593317251382285e-06,1.4776544210872195e-05
GSM2465645,GSE93957,liver,control,27.0,tissue_multiclass,logistic,True,liver,spleen,7.85625100742337e-12,1.065265125441227e-09,2.2054989349430184e-15,3.8939485608788163e-07,4.522845451973132e-26,1.096998658164148e-18,2.8320909500806663e-13,1.4267188726197002e-22,1.7071554596362976e-17,0.999999609531737
GSM2465646,GSE93957,lung,control,27.0,tissue_multiclass,logistic,True,lung,heart,8.516795964542418e-10,1.4639376998984693e-08,1.715846238251752e-11,0.9982593103377424,5.661047418270957e-08,3.89312077710104e-14,2.28347346966299e-08,0.0017405938794119236,8.553905211795728e-11,7.438436346463865e-10
GSM2465647,GSE93957,brain_cortex,control,1.0,tissue_multiclass,logistic,True,brain_cortex,heart,1.40109386333117e-13,3.6896799996861294e-10,2.7814123494323312e-14,0.9747750285797864,0.02451838860894522,5.188316389565912e-09,5.11288845520704e-06,0.0007014640906857292,6.988366052587589e-12,2.6768686348665226e-10
GSM2465648,GSE93957,heart,control,1.0,tissue_multiclass,logistic,True,heart,heart,5.430141709116205e-11,8.574398112992644e-09,1.0506188333615226e-10,0.9998184778498611,5.846240066905758e-06,8.59024090055531e-11,6.217391343166455e-08,0.00017560216549330373,1.7469094144883723e-10,2.5763104044634446e-09
GSM2465649,GSE93957,liver,control,1.0,tissue_multiclass,logistic,True,liver,lung,1.6635402269639792e-08,4.612526125771384e-07,5.264516517410512e-07,0.04690930920016576,5.13633439828224e-06,5.358433055456107e-09,1.828443362943451e-05,0.9530656977567604,3.6224291446528264e-07,2.0033403174461325e-07
GSM2465650,GSE93957,lung,control,1.0,tissue_multiclass,logistic,True,lung,heart,4.450548553789159e-09,4.053723790538328e-08,3.898984817482606e-10,0.995539737354072,2.9346904228783378e-05,1.006047474186297e-10,8.877041731526179e-07,0.004429972802146075,9.709478392453937e-09,4.761190951121189e-11
GSM2465651,GSE93957,brain_cortex,control,1.0,tissue_multiclass,logistic,True,brain_cortex,heart,8.599684419989136e-13,5.330278765065798e-10,1.2030781884623956e-13,0.968111574780065,0.03183957559405114,1.1093131406226163e-09,1.1270618232541094e-07,4.873476325542665e-05,4.789986178029135e-10,3.4125960203116083e-11
GSM2465652,GSE93957,liver,control,1.0,tissue_multiclass,logistic,True,liver,heart,1.2912182669981183e-08,1.498358745196068e-08,2.2256326787726512e-10,0.8401597340472927,5.3020540340944174e-06,1.7683240516488462e-12,5.329483305264221e-09,0.15983493034893193,5.124487087943696e-11,4.891157978741754e-11
GSM2465653,GSE93957,lung,control,1.0,tissue_multiclass,logistic,True,lung,heart,2.7825466153800584e-10,7.80757087161467e-10,6.9941669583645995e-12,0.9886222537306133,2.0153632703995325e-06,9.733896724527498e-13,2.1213624172132457e-09,0.011375727252991035,4.2036951310809864e-10,4.441405551452148e-11
GSM2465654,GSE93957,brain_cortex,control,1.0,tissue_multiclass,logistic,True,brain_cortex,heart,1.4056582338261622e-12,2.620927133225032e-10,5.294059644861025e-16,0.8764407820082725,0.016077899434468197,7.230211541160599e-12,5.587385669861318e-09,0.10748131204088726,6.555361764838965e-10,2.7210128830062024e-12
GSM2465655,GSE93957,heart,control,1.0,tissue_multiclass,logistic,True,heart,heart,1.2720707384787515e-10,3.317587050850919e-10,9.58046233582649e-11,0.999713571140508,7.384999247765437e-07,1.4544198380131321e-11,1.9418507887424907e-10,0.00028568512563885033,6.986918149632305e-10,3.7717370577554795e-09
GSM2465656,GSE93957,lung,control,1.0,tissue_multiclass,logistic,True,lung,heart,3.125400516789531e-11,8.819019583991506e-10,2.020639219980198e-12,0.9979846367312007,2.8683101226500575e-07,1.2723152185400751e-13,2.3702758050598375e-09,0.002015072928780799,2.1565975924056964e-10,7.766587204211553e-12
GSM2465657,GSE93957,brain_cortex,control,14.0,tissue_multiclass,logistic,True,brain_cortex,lung,2.671680644099367e-12,6.79903639217302e-10,8.171389555720556e-14,0.11726238533831293,0.014034170336512025,1.3780013719373878e-10,2.796739822715145e-10,0.8687034432094145,7.310954525324892e-12,8.31835833439211e-12
GSM2465658,GSE93957,heart,control,14.0,tissue_multiclass,logistic,True,heart,heart,2.303178135881033e-08,2.530587987805415e-06,1.7641118313042437e-08,0.5481892214022116,0.0036295260285437894,6.291292560147174e-08,6.321164205058876e-05,0.44811304353397813,7.444010906613821e-08,2.2887792938060367e-06
GSM2465659,GSE93957,liver,control,14.0,tissue_multiclass,logistic,True,liver,heart,4.2601409343930686e-11,2.2039423188943827e-06,1.408856046383401e-09,0.9980671042430477,0.0005097068440089675,1.525008293354301e-10,1.9879874544894032e-06,0.0014189191575131003,1.208693263194657e-09,7.501300533584947e-08
GSM2465660,GSE93957,lung,control,14.0,tissue_multiclass,logistic,True,lung,heart,3.588517736474182e-08,1.4054715155444118e-07,1.3330473443788113e-09,0.7666664400859409,3.833027699418415e-05,5.215628522851153e-11,1.4781806528735953e-07,0.23329488196859777,3.945662196004945e-09,1.808720725238341e-08
GSM2465661,GSE93957,brain_cortex,control,14.0,tissue_multiclass,logistic,True,brain_cortex,lung,1.204437703109005e-12,1.8815848459944295e-09,1.6208354869670632e-13,0.07417989810491774,0.2610266122900491,3.401009519890533e-10,2.850058126459427e-10,0.6647934867053961,3.845796847749097e-10,6.999205074384014e-12
GSM2465662,GSE93957,heart,control,14.0,tissue_multiclass,logistic,True,heart,lung,2.447320559991675e-10,8.382493813168803e-09,7.306932988960321e-10,0.0009882542647878104,7.764148263503595e-05,4.4722504362491165e-11,4.9080806877174045e-09,0.9989340800810792,3.097630410517176e-10,9.55101252101766e-09
GSM2465663,GSE93957,liver,control,14.0,tissue_multiclass,logistic,True,liver,heart,7.592581918033131e-10,2.604904406960891e-06,4.462638840107012e-11,0.9941762166002601,0.0018089795804977168,3.5037767988264803e-10,7.041963268994947e-07,0.004011443194018287,1.2412483471555007e-10,5.02461030057205e-08
GSM2465664,GSE93957,lung,control,14.0,tissue_multiclass,logistic,True,lung,heart,4.840142496975743e-09,1.0220320467661392e-07,4.639470608086038e-10,0.947934400548575,6.966090950756386e-06,2.5460979934086412e-11,3.7443727434480495e-07,0.052058054572285684,7.452704957009514e-10,9.607288857300865e-08
GSM2465665,GSE93957,brain_cortex,control,1.0,tissue_multiclass,logistic,True,brain_cortex,heart,2.6722430220749815e-15,5.415583551383451e-12,2.0731156890344634e-17,0.9992751320281297,0.0006926799957786606,3.0259066252401813e-13,3.193642761660091e-10,3.218764342023074e-05,7.314179396385984e-12,2.721575099990426e-13
GSM2465666,GSE93957,heart,control,1.0,tissue_multiclass,logistic,True,heart,heart,4.5757183676438055e-10,1.919980750406593e-08,1.8821112251016123e-09,0.9889325127628065,5.653772934538542e-06,5.243042196996311e-10,6.7625430663866405e-09,0.011061800797630224,8.757095479737295e-10,2.96458119445967e-09
GSM2465667,GSE93957,liver,control,1.0,tissue_multiclass,logistic,True,liver,heart,8.855107865241889e-10,1.2386137860972856e-08,6.88272314055988e-11,0.8909515907478791,2.414923605137662e-06,2.2051606153048416e-12,1.708368871267435e-08,0.10904596241071703,7.892702050989804e-10,7.021585446887332e-10
GSM2465668,GSE93957,lung,control,1.0,tissue_multiclass,logistic,True,lung,heart,4.163603041870415e-11,1.5662264858132785e-10,4.673680367012876e-13,0.9976607656599709,1.6288451240545106e-07,7.069964312520578e-14,3.178736289611888e-10,0.0023390708650347218,5.905437148375028e-11,1.475705192303645e-11
GSM2465669,GSE93957,brain_cortex,control,27.0,tissue_multiclass,logistic,True,brain_cortex,intestine,7.419916695353062e-13,2.3091134005204299e-07,1.9633556899187275e-11,0.10650587910544683,0.8754015005811235,3.0680611949622226e-06,1.0757387698698194e-07,0.01808921327333946,1.583357640497409e-10,3.1496687383918016e-10
GSM2465670,GSE93957,heart,control,27.0,tissue_multiclass,logistic,True,heart,lung,2.53203287653642e-10,2.658430497419557e-07,2.2901772220461413e-11,0.38473562817183765,0.000130981236033948,2.0830791920913277e-11,1.3562166427087711e-08,0.6151330965562009,4.56012882698081e-10,1.3877762741085944e-08
GSM2465671,GSE93957,liver,control,27.0,tissue_multiclass,logistic,True,liver,heart,3.6570359238552504e-10,1.6022605072382633e-05,7.873015217392851e-08,0.9985236388530857,1.3996307320184915e-05,9.909946044091545e-12,0.0009690168751900997,0.00047724625314718146,1.692855631201709e-15,4.1710216676089265e-13
GSM2465672,GSE93957,lung,control,27.0,tissue_multiclass,logistic,True,lung,heart,1.5447303105918975e-08,9.404592211356606e-10,3.884618557625752e-13,0.88668475857234,4.6623922844982873e-07,8.436570049641251e-13,7.97798879714455e-06,0.11330678016269674,1.557386981029945e-11,6.323693938008283e-10
GSM2465673,GSE93957,brain_cortex,control,14.0,tissue_multiclass,logistic,True,brain_cortex,lung,7.137309036104923e-14,1.2387285049301179e-08,4.041239353697587e-14,0.07593570240064577,0.008375439930996126,1.868420992746779e-11,7.199035040755941e-10,0.9156888444026572,1.2085398588234174e-10,1.8862317752224633e-11
GSM2465674,GSE93957,heart,control,14.0,tissue_multiclass,logistic,True,heart,heart,9.572234912434375e-10,8.03724489448353e-08,1.393907877473594e-10,0.9947132748831184,0.0008422922563787452,4.425168143568936e-11,1.229395679753559e-08,0.0044443252817478775,4.959835237233469e-10,1.3275499878717685e-08
GSM2465675,GSE93957,liver,control,14.0,tissue_multiclass,logistic,True,liver,heart,2.867547258530442e-08,0.0024419824157396654,1.3334453207748897e-05,0.9904724498568098,0.0038182207513714505,1.4429000932316087e-06,0.00019939388833005892,0.0030249946646922397,6.607885298529907e-08,2.8086315430135155e-05
GSM2465676,GSE93957,lung,control,14.0,tissue_multiclass,logistic,True,lung,heart,2.7809494426648245e-11,1.7642724037323242e-08,3.430395633747895e-11,0.7793813744905413,2.0934984405038747e-07,1.7464288378978575e-15,6.688891245943812e-08,0.22061833103284437,1.9237833946121494e-11,5.137808913611756e-10
GSM3426754,GSE121141,brain_cortex,control,26.074,tissue_multiclass,logistic,True,brain_cortex,intestine,6.34325212080586e-10,0.3670616022990011,3.4402682784319913e-06,0.0005753683535019421,0.5265318312614785,0.04968418803269706,0.0011047280831381113,0.052949037963088204,0.0020895803308463553,2.2277364507765414e-07
GSM3426755,GSE121141,brain_cortex,control,26.074,tissue_multiclass,logistic,True,brain_cortex,heart,3.0035302918540866e-09,1.923066999620535e-07,5.410545813520891e-11,0.7983330021127678,0.20019961995080438,6.41580306482077e-05,1.6658836606155204e-05,0.0010210414206546874,0.0003653241977781046,8.640484289440432e-11
GSM3426756,GSE121141,brain_cortex,control,26.074,tissue_multiclass,logistic,True,brain_cortex,intestine,3.096599634297972e-10,2.4046627912012722e-05,1.4909822623977944e-09,0.001118520707176491,0.9973911535137067,6.035018304157339e-05,1.4752809288972513e-09,0.0014052974030822104,6.18080693963232e-07,1.0208463839833258e-08
GSM3426757,GSE121141,brain_cortex,control,26.074,tissue_multiclass,logistic,True,brain_cortex,intestine,7.224728560742238e-11,1.4353327831745731e-05,4.3047154974545405e-11,0.056857552949794096,0.9427346441896116,0.00023483359593007817,2.677950059759247e-10,0.0001585862976812554,2.6093430877557707e-08,3.1626307227521082e-09
GSM3426758,GSE121141,brain_cortex,control,26.074,tissue_multiclass,logistic,True,brain_cortex,heart,7.788414163940388e-10,0.000198500120821723,1.1708222114154762e-09,0.5599565309490467,0.43451194298822227,2.2582560458472558e-05,8.007555465758413e-08,0.00530860975746847,1.7493206569878787e-06,2.278107062759671e-09
GSM3426759,GSE121141,brain_cortex,control,52.149,tissue_multiclass,logistic,True,brain_cortex,intestine,1.546349566667643e-07,0.009700789002084927,8.827739686647288e-09,0.0021989002472074604,0.9746681176587336,0.006750770632080634,1.0396272036574389e-06,0.006626273799234815,5.384957208862012e-05,9.599866983026735e-08
GSM3426760,GSE121141,brain_cortex,control,52.149,tissue_multiclass,logistic,True,brain_cortex,intestine,4.002535693380026e-07,0.1463545885580561,6.922304268371963e-08,0.01727867424030699,0.8268344599292625,0.004280594509598226,1.904968200737143e-06,0.005210105355016636,3.792827227468447e-05,1.2746906721840748e-06
GSM3426761,GSE121141,brain_cortex,control,52.149,tissue_multiclass,logistic,True,brain_cortex,intestine,1.5714069964917487e-10,3.7987908921141398e-06,4.0555876924008104e-12,4.2376747249726597e-07,0.9999878399374923,3.297346948262261e-07,9.98308851028981e-12,7.593382356009904e-06,1.4211560120500287e-08,4.352708943036371e-12
GSM3426762,GSE121141,brain_cortex,control,52.149,tissue_multiclass,logistic,True,brain_cortex,intestine,8.619528430250786e-10,0.0007141681263836291,1.3531513468929635e-10,0.00010088639253287961,0.9976463009036072,0.000727208985504801,3.1305778886973046e-07,0.0008110892778724791,3.118816367592335e-08,1.0708784257423229e-09
GSM3426763,GSE121141,brain_cortex,control,52.149,tissue_multiclass,logistic,True,brain_cortex,intestine,5.222059620707284e-10,4.0258546736221034e-05,1.270547526995166e-08,0.017140339224611105,0.9810815057777509,3.6826999842633576e-05,6.360950869669358e-09,0.0016970462634254301,3.982870174978753e-06,2.072882662105641e-08
GSM3426764,GSE121141,brain_cortex,control,86.914,tissue_multiclass,logistic,True,brain_cortex,heart,1.0334194139384202e-07,0.002404499541253127,6.147585298601044e-11,0.8155334593772925,0.1114379051023638,6.749688303554011e-08,2.967956842708748e-14,0.07044634309323601,0.0001776218174484962,1.680759677508878e-10
GSM3426765,GSE121141,brain_cortex,control,86.914,tissue_multiclass,logistic,True,brain_cortex,intestine,2.81492262287327e-10,0.00047898514180474933,2.402590065226508e-09,0.0014960554269014647,0.9492840885965652,0.0003886757524622776,3.523093879892597e-09,0.04834683038777172,5.209331620629407e-06,1.491556976003045e-07
GSM3426766,GSE121141,brain_cortex,control,86.914,tissue_multiclass,logistic,True,brain_cortex,intestine,1.6705723804015e-11,3.170104147118351e-05,6.827205590919964e-10,0.0002618235278208262,0.9968666641232921,0.00013658271140112052,4.167168626525227e-09,0.0027031373025713412,8.117040477049018e-08,5.256443974224073e-09
GSM3426767,GSE121141,brain_cortex,control,86.914,tissue_multiclass,logistic,True,brain_cortex,intestine,9.347222759373006e-10,1.2319667393351085e-07,5.5196338438998206e-05,0.05546536914655753,0.732686979658181,0.1957185566629375,1.070527972429859e-08,1.6204922857796496e-08,0.016073501253616118,2.45898670157112e-07
GSM3426768,GSE121141,brain_cortex,control,86.914,tissue_multiclass,logistic,True,brain_cortex,intestine,1.8980666866911394e-08,0.39271837776768476,2.604105311525044e-11,1.9606565526419223e-06,0.6065969843566524,0.0002882664000163602,1.8266086406052604e-07,0.00039362436859992085,5.825677651899082e-07,2.2151565166874227e-09
GSM3426769,GSE121141,brain_cortex,control,130.371,tissue_multiclass,logistic,True,brain_cortex,intestine,4.157693199619878e-10,0.00017880743336282814,4.135745617852888e-11,0.0004419715655516569,0.9948938773734699,8.06340533430171e-05,7.849349323851939e-10,0.0044046569360927336,4.708096917867528e-08,4.315148861096219e-09
GSM3426770,GSE121141,brain_cortex,control,130.371,tissue_multiclass,logistic,True,brain_cortex,intestine,0.0003027674084577273,0.0006975338568453321,0.000482722244841548,0.11578125489947642,0.5169302140182174,5.298487129046235e-05,3.6210017564896953e-07,5.452753255924016e-06,0.3657467051321213,2.7153182132817793e-09
GSM3426771,GSE121141,brain_cortex,control,130.371,tissue_multiclass,logistic,True,brain_cortex,kidney,2.5161839693828876e-16,1.6464460823800367e-14,2.0779162647901685e-16,9.354484201943257e-05,0.3887908897619724,0.6106532263830212,3.6392132260029868e-09,0.0004623343152278912,1.05852903410816e-09,1.2996569954178515e-18
GSM3426772,GSE121141,brain_cortex,control,130.371,tissue_multiclass,logistic,True,brain_cortex,intestine,1.4663105648533442e-12,2.381150954266101e-06,5.347889804245292e-10,0.0008275610656400184,0.9541173193987181,5.841832253314652e-05,1.9413181584052336e-09,0.044992635642256626,1.673364685543374e-06,8.577638576909006e-09
GSM3426773,GSE121141,brain_cortex,control,130.371,tissue_multiclass,logistic,True,brain_cortex,intestine,6.945962312613673e-10,3.2315152743739076e-05,8.451424259458147e-10,0.0002862819963223665,0.9988481675908497,0.00011782282238177842,6.320847851641259e-10,0.0007147622469510754,6.4497451278876e-07,3.0444154810606795e-09
GSM3426774,GSE121141,heart,control,26.074,tissue_multiclass,logistic,True,heart,blood,0.002645684526742113,0.9722314027857959,0.00031153585704170496,0.0235927689859312,0.0010552835421509248,3.746090377993256e-05,3.0373258832442764e-06,0.00011884100995398978,1.3849784719264296e-06,2.6000842492002316e-06
GSM3426775,GSE121141,heart,control,26.074,tissue_multiclass,logistic,True,heart,kidney,1.3517997711845578e-09,5.28607351759008e-14,9.205267104334483e-20,4.301676430510229e-09,0.010452607416692605,0.9895419634986568,1.3413325085692606e-11,5.423397088613319e-06,2.06196547872219e-11,5.003385811445961e-21
GSM3426776,GSE121141,heart,control,26.074,tissue_multiclass,logistic,True,heart,intestine,1.519693541171593e-08,0.00033636839119116445,5.07184146313214e-08,0.004265537395831734,0.9279626169776771,6.40448119939497e-05,3.4917423414186944e-06,0.06730212147732322,1.8523575109545085e-05,4.722971318205117e-05
GSM3426777,GSE121141,heart,control,26.074,tissue_multiclass,logistic,True,heart,kidney,0.0067673269652187345,0.43613917466183144,1.1929521292884828e-06,7.190935727138243e-05,4.791677105114447e-07,0.5569665940843195,5.115808050218226e-06,6.846633457814748e-08,4.8137810211458156e-05,7.269230282327135e-10
GSM3426778,GSE121141,heart,control,26.074,tissue_multiclass,logistic,True,heart,lung,0.00011433983490511613,0.03365940923935737,7.481372634103503e-06,0.008885372361354664,0.0925312352529043,0.0010971656651124902,2.463867910065121e-06,0.8611238769340172,0.0022275383414257213,0.0003511171303789543
GSM3426779,GSE121141,heart,control,43.457,tissue_multiclass,logistic,True,heart,blood,1.3407254203152269e-05,0.530234969656305,7.277045905543326e-06,0.33771091992721225,0.12521799292267086,0.00043166350566330137,9.14783356618837e-08,0.006378540665962088,3.86016332332941e-06,1.277380418683698e-06
GSM3426780,GSE121141,heart,control,52.149,tissue_multiclass,logistic,True,heart,lung,4.564488515025673e-06,0.014085776802594457,1.1298091575477536e-06,0.009706729298375232,0.0684654230354146,5.233480521925956e-06,1.0234734432315055e-06,0.9076646940169489,5.5333004672298525e-05,1.0092590356543476e-05
GSM3426781,GSE121141,heart,control,52.149,tissue_multiclass,logistic,True,heart,blood,0.00037799585653465934,0.9993374600293047,3.1114240903693016e-06,9.296931089313224e-09,0.0002152696663832034,3.541759748803239e-08,2.0843682304810808e-07,2.6744131495054507e-08,6.588186741535686e-05,1.2607887169054454e-09
GSM3426782,GSE121141,heart,control,52.149,tissue_multiclass,logistic,True,heart,intestine,7.224306494850173e-05,0.0391235381658921,7.294659633793331e-05,0.093350605127478,0.8423800716704565,0.00022116295156110807,0.0001269838477908134,0.018186577412525787,0.0006908448066716065,0.005775026356337417
GSM3426783,GSE121141,heart,control,52.149,tissue_multiclass,logistic,True,heart,lung,1.0126592980711604e-05,0.012011654921346884,6.645834610019964e-06,0.010982581081976145,0.45950179424275533,0.004484535223617974,0.00019172710614273036,0.5056187904182954,0.0005967263334316859,0.006595418244842984
GSM3426784,GSE121141,heart,control,52.149,tissue_multiclass,logistic,True,heart,intestine,3.8690554561898404e-07,0.009143758160583085,7.905761136080664e-06,0.006359612644842103,0.7136277898967719,0.0003079562809328627,2.265721308266967e-06,0.2698762877041454,0.00016310867255941273,0.000510928252175398
GSM3426785,GSE121141,heart,control,86.914,tissue_multiclass,logistic,True,heart,blood,0.00042545173820515746,0.9702288646907714,9.464303559094578e-06,0.0015822696630353528,0.00034709309124511826,0.0003173802298755134,9.371056383454258e-05,0.02637788918073874,0.0005564359989423644,6.144053979289932e-05
GSM3426786,GSE121141,heart,control,86.914,tissue_multiclass,logistic,True,heart,adipose,0.5843313558316235,0.1921181980295269,1.5153163971209037e-05,0.005686672571012376,0.018809455336570205,8.459752956539606e-07,0.1905093081136877,3.485709337893444e-05,0.008490201981601974,3.951903331642196e-06
GSM3426787,GSE121141,heart,control,86.914,tissue_multiclass,logistic,True,heart,lung,1.3754046079787393e-05,0.008399974739758455,1.9834529943878523e-06,0.004543675862086427,0.1766492519325378,0.00023082247652273787,2.8647688796226446e-06,0.8049960686890938,0.00498544637725609,0.00017615765479092285
GSM3426788,GSE121141,heart,control,86.914,tissue_multiclass,logistic,True,heart,blood,0.006397348750472277,0.98722735920198,7.443021039832985e-06,0.0039030754704411836,0.00040266508601592856,0.0007543843096011689,5.473907620413435e-08,0.0012531103649086612,5.453589282730758e-05,2.3163637584613397e-08
GSM3426789,GSE121141,heart,control,86.914,tissue_multiclass,logistic,True,heart,intestine,0.00011810946207091445,0.18210749194708473,8.124295089156802e-06,0.03340751275734042,0.7340359405561463,0.0007315406405443063,7.314439412000722e-05,0.048240265307638044,0.0006454238046117433,0.0006324468353545508
GSM3426790,GSE121141,heart,control,130.371,tissue_multiclass,logistic,True,heart,adipose,0.9875717528619236,0.003619136247388118,9.075226778734448e-09,0.0072201578531786575,3.0199916433308974e-08,1.1389301877088282e-06,2.7507489385527034e-10,8.124523849754696e-16,0.0015877745565215874,5.813019123254073e-13
GSM3426791,GSE121141,heart,control,130.371,tissue_multiclass,logistic,True,heart,lung,0.0002046967813185043,0.004104339637132324,1.0254946175792465e-06,0.002268310365467442,0.10615351268990386,0.00011200145355362429,1.2695546460540414e-06,0.8860015270477635,0.0003535146221627082,0.000799802353434441
GSM3426792,GSE121141,heart,control,130.371,tissue_multiclass,logistic,True,heart,heart,0.0302784485589029,0.008240923170989062,2.949599103876053e-07,0.9488679930885718,0.0092806383030528,0.0006248251220420389,0.0023076853312109236,0.00037795720239233304,6.061713238287306e-06,1.5172549689516044e-05
GSM3426793,GSE121141,heart,control,130.371,tissue_multiclass,logistic,True,heart,blood,0.00018134324709686496,0.6962381623628944,0.0006914520819356619,0.00023012594271911666,0.30255963926492424,3.3044838529534786e-05,6.402642339659475e-05,1.3641723636541183e-10,2.205621115333568e-06,8.097081198373573e-11
GSM3426794,GSE121141,heart,control,130.371,tissue_multiclass,logistic,True,heart,intestine,0.00029909326864220424,0.37163439227243666,2.6886534180036464e-05,0.07089075198301177,0.5162489497681899,0.0024978494764999414,0.0003471155632921209,0.035790756849266046,5.573644006169079e-05,0.0022084678444194384
GSM3426795,GSE121141,liver,control,26.074,tissue_multiclass,logistic,True,liver,heart,9.720329423687347e-05,0.00527981193799345,0.009131765123838294,0.779585906122435,0.0776004091693598,3.6663469774779433e-09,2.739439432580783e-05,9.587150124344261e-07,0.12827654744817155,1.2827972254906786e-10
GSM3426796,GSE121141,liver,control,26.074,tissue_multiclass,logistic,True,liver,blood,6.926075162848288e-05,0.729568805515438,4.496740111957023e-05,0.07827054261685037,0.033405975325713766,0.004716652604718784,0.000471438391557861,0.115932539057123,0.0352317584021423,0.00228805993370785
GSM3426797,GSE121141,liver,control,26.074,tissue_multiclass,logistic,True,liver,blood,2.9298210353005636e-07,0.6316898433501787,1.8313394428976357e-05,0.18970831447004663,0.032992894621594375,9.11231938051612e-05,0.00018776704644165844,0.14522598254205057,5.164380563755199e-05,3.3824593712600743e-05
GSM3426798,GSE121141,liver,control,26.074,tissue_multiclass,logistic,True,liver,lung,3.1588812695145843e-08,0.36478114651567517,1.9855993689910564e-06,0.0013934231022732545,0.172101415577334,2.7367751016911933e-05,6.0874933794571785e-05,0.4607301160079447,0.0008102308987363138,9.34080250434016e-05
GSM3426799,GSE121141,liver,control,26.074,tissue_multiclass,logistic,True,liver,blood,4.6641432003979353e-08,0.9507845299500008,2.225323167868034e-05,0.00036629530911672553,1.5088393266967882e-05,0.018803816231151977,0.028800993362438524,0.00011598060115010011,0.0005806572022086354,0.0005103390775555765
GSM3426800,GSE121141,liver,control,43.457,tissue_multiclass,logistic,True,liver,intestine,0.00020344323619309217,0.015246475245885273,3.422699880505811e-08,0.006870275177162117,0.900910277797296,0.07582747651077595,0.000936642977191697,8.197007045696169e-08,1.1843906469699387e-06,4.108467779512453e-06
GSM3426801,GSE121141,liver,control,52.149,tissue_multiclass,logistic,True,liver,intestine,3.9771247335687166e-08,0.06760207224607945,4.5174800693513806e-06,0.1071040803074261,0.6155578563388671,6.660086223371065e-05,1.5930818447121546e-05,0.20736985199835845,0.002030787624044681,0.0002482625532267851
GSM3426802,GSE121141,liver,control,52.149,tissue_multiclass,logistic,True,liver,lung,2.4605722417254564e-06,0.30379741581941233,1.98955312664619e-07,0.027643270204296626,0.2545515014416753,1.6900223565326727e-05,5.414499418032278e-05,0.4136264188347449,4.591977084455761e-05,0.0002617691837262806
GSM3426803,GSE121141,liver,control,52.149,tissue_multiclass,logistic,True,liver,lung,9.744761844800087e-15,1.7113630681524622e-15,2.5468710617708494e-19,1.7913217093764333e-08,0.0004650203977953138,0.17644120559576715,3.130323835606742e-08,0.8230937247896711,2.9943127986895633e-13,2.725020649442479e-18
GSM3426804,GSE121141,liver,control,52.149,tissue_multiclass,logistic,True,liver,blood,4.473049343004817e-09,0.9877080149229344,2.2418046285253642e-08,8.85495477291085e-05,0.0005888127723872793,3.1356678642214146e-06,1.1064804523427152e-07,0.011602914666862462,2.2721824582024466e-07,8.207664835919564e-06
GSM3426805,GSE121141,liver,control,52.149,tissue_multiclass,logistic,True,liver,lung,1.2538286582285138e-06,0.3065499724290912,4.3118082273258375e-07,0.02143575125994369,0.1492535369860526,1.0836178489194892e-06,4.904474503491296e-06,0.5224848293068524,0.0001748789985882765,9.335791763849866e-05
GSM3426806,GSE121141,liver,control,86.914,tissue_multiclass,logistic,True,liver,blood,3.072578348808714e-05,0.9705396460748339,1.949597721798185e-05,4.3793273175311193e-07,2.25804679098574e-05,2.652650807822652e-10,0.029384882876650472,1.2658199786126413e-08,2.053748845537604e-06,1.6421485761011392e-07
GSM3426807,GSE121141,liver,control,86.914,tissue_multiclass,logistic,True,liver,blood,1.9477152383154952e-06,0.6449519205866184,2.3425114711400885e-06,6.428958695682285e-07,1.9202879178076302e-10,1.909722894243535e-07,0.3547443798434943,0.00029393030397517465,3.24422089892582e-06,1.400758116095647e-06
GSM3426808,GSE121141,liver,control,86.914,tissue_multiclass,logistic,True,liver,lung,1.8920256028699898e-06,0.20701634790757828,7.379731476810333e-06,0.02585580591852182,0.1150051178637513,3.1087299214922075e-05,0.00015800978917571628,0.6506650590822282,0.00011014120524439852,0.0011491591772058729
GSM3426809,GSE121141,liver,control,86.914,tissue_multiclass,logistic,True,liver,intestine,2.3871521863692443e-06,0.177931578161027,7.2560392111456335e-06,0.22286367440422858,0.5764390554013205,0.0005482387653929265,5.929535296814742e-06,0.02136835045607533,0.00015114582403759997,0.000682384261223899
GSM3426810,GSE121141,liver,control,86.914,tissue_multiclass,logistic,True,liver,blood,3.774251232955213e-06,0.40309951497473634,0.000562015053151992,0.05085944627652409,0.2537687131646656,4.537076627181585e-05,6.785330732688965e-05,0.28731717015699526,0.0004531864463887728,0.00382295560270627
GSM3426811,GSE121141,liver,control,130.371,tissue_multiclass,logistic,True,liver,blood,0.014331089643448201,0.6929940745727646,7.471144115080615e-05,0.13750210967217844,0.00013643616412490253,0.03584126346267383,0.00010888536241676146,0.003086763321804875,3.2263531280694236e-06,0.11592144000630958
GSM3426812,GSE121141,liver,control,130.371,tissue_multiclass,logistic,True,liver,blood,2.2296364244480955e-06,0.6690813623804271,0.10159471048647566,0.1145951685669074,6.079070765774114e-08,1.9581321339257743e-06,0.11265462576384705,0.0020693790449115962,3.8167651254330404e-10,5.048164885824811e-07
GSM3426813,GSE121141,liver,control,130.371,tissue_multiclass,logistic,True,liver,adipose,0.545455965219518,0.4532599594798206,1.8030121268022972e-05,1.3471938343685904e-10,3.4998045631418016e-05,6.06232727041e-05,0.0011373610461566756,3.3998394971349455e-06,6.111479018683284e-06,2.355136166590376e-05
GSM3426814,GSE121141,liver,control,130.371,tissue_multiclass,logistic,True,liver,heart,6.032983067659466e-08,8.432935378303446e-05,1.1649717490617923e-08,0.48233158956979,0.05099264257114512,6.496275203578001e-05,1.4495167481998853e-07,0.46640400676912247,0.0001200209525079271,2.2311003926072975e-06
GSM3426815,GSE121141,lung,control,26.074,tissue_multiclass,logistic,True,lung,kidney,1.9789934191382165e-11,6.2526710728755006e-12,1.6912663895139552e-12,0.00014569379292806938,5.11249382785886e-05,0.9994590044089803,9.291627973735505e-09,0.0003341352068492693,1.0032333598826213e-05,3.0942473515923574e-15
GSM3426816,GSE121141,lung,control,26.074,tissue_multiclass,logistic,True,lung,lung,9.79951554513473e-06,0.0001483706618011921,3.13956472891374e-08,0.48266827517622146,0.0003413734889063804,9.007029418179515e-06,3.417864399100903e-06,0.516623410392286,0.00019601330279076732,3.0117298434276714e-07
GSM3426817,GSE121141,lung,control,26.074,tissue_multiclass,logistic,True,lung,blood,0.0019230083750497629,0.8566475662122793,0.00012026335880199437,0.0036102820595718373,7.410350803636672e-05,1.8602140686485908e-05,6.157126615432033e-06,0.13758688646950915,1.3126261694734602e-05,4.487754792687639e-09
GSM3426818,GSE121141,lung,control,26.074,tissue_multiclass,logistic,True,lung,heart,8.962431782248324e-06,0.002041626142413017,4.178139046359108e-06,0.5453719417383028,0.009092528387044154,7.248963422880172e-05,4.689368659731734e-05,0.4430502843281858,0.00010292585501499891,0.00020816965738452344
GSM3426819,GSE121141,lung,control,26.074,tissue_multiclass,logistic,True,lung,heart,3.377399944636244e-05,0.32951046223543834,6.180712401988854e-05,0.5975877718336724,0.013810830514461823,0.00021546193823854113,0.000120962216753635,0.05517491644589857,0.003356557603969116,0.00012745608810127548
GSM3426820,GSE121141,lung,control,52.149,tissue_multiclass,logistic,True,lung,kidney,6.376085902510543e-14,1.463388011488324e-11,8.07139039407651e-14,0.0007077628678029386,0.015216280775024496,0.9840512222769048,8.660827662538489e-07,2.3865949471132477e-05,2.0332509776345422e-09,1.1065479331467849e-15
GSM3426821,GSE121141,lung,control,52.149,tissue_multiclass,logistic,True,lung,heart,4.651748696143259e-07,0.010540046813682763,4.429898643299963e-05,0.9318252514361675,0.037953480083050925,7.951996588724053e-05,4.222267357257185e-05,0.019038031584776332,0.00040222163912217404,7.446164243775962e-05
GSM3426822,GSE121141,lung,control,52.149,tissue_multiclass,logistic,True,lung,blood,0.014179631480403217,0.7528694840456368,1.5537527471466167e-05,0.008185109243987704,0.21756075711142298,0.002377097442190054,2.600302907563051e-06,0.004357622169052101,0.0004424797813118542,9.680895616187318e-06
GSM3426823,GSE121141,lung,control,52.149,tissue_multiclass,logistic,True,lung,heart,9.588074252472205e-07,0.07057400992481606,9.028292565777845e-07,0.9277609608573507,0.00025671496540555423,0.00014857734746224073,0.0005342335087920575,0.00020763245185960604,0.0005153322031902402,6.771044417111313e-07
GSM3426824,GSE121141,lung,control,52.149,tissue_multiclass,logistic,True,lung,heart,1.2375411082335667e-05,0.016045433413731314,0.00016876707502382494,0.5502842489113938,0.0044611135985327165,7.998492616701034e-06,4.942233314135079e-06,0.4277794517549597,0.0011978020662220747,3.786704312336016e-05
GSM3426825,GSE121141,lung,control,86.914,tissue_multiclass,logistic,True,lung,blood,6.157806466095152e-06,0.9352506624415794,0.0008785149565835737,0.0008940825425754376,0.000383116895381775,0.00011416627744870899,0.00041036480931228177,0.0009879987311364343,0.060977623028541296,9.731251097490225e-05
GSM3426826,GSE121141,lung,control,86.914,tissue_multiclass,logistic,True,lung,heart,1.0065455325233563e-05,0.03202636240953904,0.00015044011299910652,0.7806869728301585,0.030947281451171035,3.770513209197588e-05,0.0006594979472156698,0.15497523999264104,0.00024537829378790615,0.0002610563750703714
GSM3426827,GSE121141,lung,control,86.914,tissue_multiclass,logistic,True,lung,heart,4.527643065276019e-06,0.022579922800428618,2.9823399926285213e-05,0.5307433883879533,0.06613885818078483,0.0001354521702833392,0.0009958426743290048,0.37839138072601086,0.0007954095229287703,0.0001853944942899036
GSM3426828,GSE121141,lung,control,86.914,tissue_multiclass,logistic,True,lung,lung,1.534565667456219e-05,0.01438897681585964,0.0005758010208363685,0.018327093614420885,0.10222958252698108,0.0001998105437611016,0.000868296872640583,0.8623370215442296,0.0002108703791034359,0.0008472010254927528
GSM3426829,GSE121141,lung,control,86.914,tissue_multiclass,logistic,True,lung,heart,1.0616703822229789e-05,0.02476825227566337,6.840601080283498e-07,0.9646761690457424,0.006579090339650934,8.803377796720764e-05,0.00010852936722337227,0.00356615477390551,0.00011545305035759438,8.7016605559481e-05
GSM3426830,GSE121141,lung,control,130.371,tissue_multiclass,logistic,True,lung,kidney,1.3801718839451473e-10,1.1539495601199096e-09,1.823632292532187e-12,0.0034288573502768184,0.1438533886257345,0.8466465783421604,1.4256561457410153e-05,0.006056915395620142,2.430848440398542e-09,1.120286652983249e-13
GSM3426831,GSE121141,lung,control,130.371,tissue_multiclass,logistic,True,lung,heart,2.2857776567718802e-05,0.010598340988210475,0.00023131720234339102,0.8582020103352379,0.005749928627503214,5.448072429059329e-06,0.0013939837861520314,0.12139400779550212,0.0010227610634680154,0.0013793443525860676
GSM3426832,GSE121141,lung,control,130.371,tissue_multiclass,logistic,True,lung,lung,2.4552242279857653e-05,0.047472876079779174,4.2911990690736525e-06,0.4425287955976633,0.007634692573784804,6.702815672464368e-05,0.00038577998466845245,0.5017072467683198,2.6018287878305162e-05,0.00014871910983259577
GSM3426833,GSE121141,lung,control,130.371,tissue_multiclass,logistic,True,lung,heart,1.597010967595567e-07,0.0005767642223793267,3.2629809272992216e-05,0.9468608560986856,0.0011312266068882004,9.458145408432778e-06,1.0290718269454713e-05,0.051330907019542106,3.145737641297362e-05,1.6250302044125383e-05
GSM3426834,GSE121141,lung,control,130.371,tissue_multiclass,logistic,True,lung,heart,0.0001592079552074153,0.011725819878266604,9.779947667294598e-06,0.5242070068990962,0.1736080551146578,9.881397404824735e-05,0.00022630290501984783,0.28897205039934537,0.0008614166756587907,0.00013154625103231922
GSE60012_tile_001,GSE60012,liver,control,3.0,tissue_multiclass,logistic,True,liver,lung,0.0017996566173900783,2.860724222955069e-06,2.5080367124393e-05,0.006267661139814027,0.0011184947017157827,0.013107628262834375,0.0012079690650484006,0.9757741580217331,0.000696462456390914,2.8643726137095026e-08
GSE60012_tile_002,GSE60012,liver,control,8.0,tissue_multiclass,logistic,True,liver,intestine,0.00013816125541950725,1.571793355790042e-05,3.7714746987348184e-09,9.960743700459353e-06,0.6940439979075075,0.3052469372959366,0.00037866709918240644,1.5201284552712128e-07,0.0001377776989417905,2.8624281433673213e-05
GSE60012_tile_003,GSE60012,liver,control,8.0,tissue_multiclass,logistic,True,liver,kidney,0.22540895892241225,0.00042451426556072957,1.2058961783914116e-05,0.004732593252364549,0.0002795609308579639,0.7690584109529321,1.9204807904535202e-07,1.0500181949693137e-05,3.142458594539528e-05,4.178589811429936e-05
GSE60012_tile_004,GSE60012,liver,control,8.0,tissue_multiclass,logistic,True,liver,kidney,1.1632500890022549e-06,5.807337466454452e-07,2.500747907335135e-10,3.4057879333513405e-07,8.807501321362002e-05,0.9999097094318894,5.318228088172506e-09,2.6016920881435232e-08,2.248724600882211e-10,9.918217195374819e-08
GSE60012_tile_005,GSE60012,liver,control,8.0,tissue_multiclass,logistic,True,liver,intestine,0.00023975167786723854,1.0384222310784554e-07,1.0239141124009738e-09,4.030125479709243e-07,0.9791443641231385,0.020608521991444764,1.1824954985279754e-07,5.884128804219219e-06,5.588078262035373e-07,2.9314268400521967e-07
GSE60012_tile_006,GSE60012,liver,control,8.0,tissue_multiclass,logistic,True,liver,kidney,1.378862745129565e-05,3.100922401355829e-08,1.8875368290494116e-10,5.054628550599166e-08,0.0002009987463024887,0.9997810465421695,4.881107405802771e-08,1.1865965997285452e-07,2.858914937537734e-08,3.888279929971793e-06
GSE60012_tile_007,GSE60012,liver,control,8.0,tissue_multiclass,logistic,True,liver,kidney,8.681088543363749e-05,8.872263272563939e-09,4.667380759749273e-11,2.4699927514505123e-05,0.00012734877686111358,0.9996568183881811,1.462755099253333e-05,6.676893261578111e-07,6.499826151220962e-10,8.901721277135329e-05
GSE60012_tile_008,GSE60012,liver,control,8.0,tissue_multiclass,logistic,True,liver,kidney,0.000281663140608364,2.9067811814781968e-06,2.5508724533240426e-07,0.0018182078496388537,0.0036157004955805895,0.9939442700069537,7.234192435765474e-05,0.00026355751310482196,6.096464320259599e-07,4.875548973430974e-07
GSE60012_tile_009,GSE60012,liver,control,8.0,tissue_multiclass,logistic,True,liver,kidney,1.8307503747650294e-06,9.594131448434934e-09,6.486886646569114e-12,4.3494412329125284e-08,1.3374008209476753e-05,0.9999847414073468,1.4573232170005737e-12,1.4912914704731818e-10,2.599672107958114e-10,3.2848435824171105e-10
GSE60012_tile_010,GSE60012,liver,control,8.0,tissue_multiclass,logistic,True,liver,kidney,8.390275211934689e-05,4.2473995455438166e-07,5.155979440895061e-05,2.681851220466857e-05,0.0001691464668205835,0.9991242277874129,1.381031859696934e-06,0.0004594112673554883,7.256224185069615e-05,1.0565406012981314e-05
GSE60012_tile_011,GSE60012,liver,control,8.0,tissue_multiclass,logistic,True,liver,kidney,0.007084106573019243,2.5072557045350815e-05,1.5683365086587274e-08,0.0014914711430148542,0.011111985400292429,0.9611378252841853,6.219252158318789e-06,0.019141603085748353,1.2813749551469069e-06,4.1964621591568715e-07
GSE60012_tile_012,GSE60012,liver,other_intervention,28.0,tissue_multiclass,logistic,True,liver,kidney,5.137187167895108e-06,1.2094686460413885e-07,8.657530617789695e-09,3.6283750101187975e-05,0.00010975166902876826,0.9998306187970072,1.8428025890363975e-07,2.4707382519019713e-08,3.7876082210686885e-06,1.4082396437341966e-05
GSE60012_tile_013,GSE60012,liver,other_intervention,28.0,tissue_multiclass,logistic,True,liver,kidney,0.0065242207099398515,1.7160367819735675e-06,1.36309091578624e-06,0.19947424292518037,2.333743022875357e-05,0.7826925589401743,0.00022304796382244284,0.01099163542624112,6.776775027050197e-05,1.0972644494030162e-07
GSE60012_tile_014,GSE60012,liver,other_intervention,28.0,tissue_multiclass,logistic,True,liver,intestine,7.253516719529334e-07,2.2475246184249706e-06,1.834159683339646e-06,0.0008487681590097609,0.610023453885377,0.3806143839970272,4.751467165813317e-06,0.000752082011582995,0.0077396209642677065,1.2132479595770246e-05
GSE60012_tile_015,GSE60012,liver,other_intervention,28.0,tissue_multiclass,logistic,True,liver,liver,0.00013623212904723977,2.3559349566138043e-08,3.04949139353741e-06,0.00044671012516015254,8.222532009717447e-07,0.0005324988296582925,0.9148371713516372,0.08404049266756375,2.961740098431367e-06,3.785289082323915e-08
GSE60012_tile_016,GSE60012,liver,other_intervention,28.0,tissue_multiclass,logistic,True,liver,liver,1.6649941319678322e-05,3.350920162954464e-05,2.5053003164843604e-06,0.01904667016438109,7.146305562523864e-08,1.0730025917884816e-07,0.930107640180586,0.05079273102385642,1.1454017256496153e-07,8.844231803037935e-10
GSE60012_tile_017,GSE60012,liver,other_intervention,28.0,tissue_multiclass,logistic,True,liver,intestine,7.044486100834479e-08,0.0037739766591994833,3.647341124288747e-05,0.00018593054840833196,0.9701504603993137,1.0747891149958579e-05,0.00021579763812648624,0.023499806512162814,1.9594721393015044e-07,0.0021265405483214673
GSE60012_tile_018,GSE60012,liver,other_intervention,28.0,tissue_multiclass,logistic,True,liver,kidney,2.871614074874018e-10,3.16008578471123e-06,2.2978242008440177e-08,3.41124909313965e-07,4.203880076389328e-07,0.9999952827586556,1.0056468502436202e-08,4.2363631565287163e-07,3.087404978204756e-07,2.994395737136744e-08
GSE60012_tile_019,GSE60012,liver,other_intervention,28.0,tissue_multiclass,logistic,True,liver,intestine,0.002287309765180976,9.070425561768435e-06,1.0368203333822058e-10,4.511008456143742e-06,0.9905132235216079,0.0004330591102045371,7.699394956227521e-07,0.00675200883533908,1.5505348069137745e-10,4.713541852812373e-08
GSE60012_tile_020,GSE60012,liver,other_intervention,28.0,tissue_multiclass,logistic,True,liver,blood,4.242709236135025e-09,0.9451207900817047,8.247632755325868e-11,0.00035245077301904724,0.017938317787497705,7.44551761252187e-09,0.00011001912581646675,0.0364779681806553,1.3611392637278325e-09,4.409194645462875e-07
GSE60012_tile_021,GSE60012,liver,other_intervention,28.0,tissue_multiclass,logistic,True,liver,liver,0.0012925264906217837,3.388958153475359e-05,0.0029591965407351024,0.009575922707191877,0.2899167317754462,0.007110345726343046,0.6887048697896185,0.00040650815429057406,9.12244258452173e-09,1.1177565230002071e-10
GSE60012_tile_022,GSE60012,liver,other_intervention,28.0,tissue_multiclass,logistic,True,liver,liver,4.088803617925868e-05,0.023563856153080934,2.0306531642973475e-05,0.018398574707320276,0.002645218310910953,1.475635472978154e-06,0.9553003845797924,2.9223846695056208e-05,6.3272907958634114e-09,6.587161441729189e-08
GSE60012_tile_023,GSE60012,liver,other_intervention,20.0,tissue_multiclass,logistic,True,liver,kidney,0.0006955705932024646,4.64675321774948e-06,1.7559494877351742e-06,0.0005920184275587786,0.0007624849263816792,0.9973383972330245,4.339717072868234e-05,0.0005596970144843072,1.0720123289758702e-06,9.5991958515333e-07
GSE60012_tile_024,GSE60012,muscle,other_intervention,20.0,tissue_multiclass,logistic,True,muscle,kidney,6.591090365642207e-05,1.462899461016335e-09,0.0012504355757064936,3.571184191309652e-05,2.7754442564089854e-06,0.9986367744170604,3.076435497210814e-07,4.283706662228067e-06,3.651076462411196e-06,1.479278330601451e-07
GSE60012_tile_025,GSE60012,liver,other_intervention,20.0,tissue_multiclass,logistic,True,liver,kidney,0.002521532221931776,0.00022053260648632122,6.692286233769167e-09,5.112277484038211e-05,0.00027439020970487435,0.996802411707785,2.227157503721309e-05,0.00010662405700755382,3.3565099612120706e-08,1.0745898209134852e-06
GSE60012_tile_026,GSE60012,muscle,other_intervention,20.0,tissue_multiclass,logistic,True,muscle,intestine,3.265995121932094e-07,2.433234510540754e-07,0.0017661692441292376,1.0927112097260225e-05,0.884215658800471,0.11343288902764939,0.00042321482083101437,6.327162151378262e-05,2.4125821471713604e-06,8.488686819779401e-05
GSE60012_tile_027,GSE60012,liver,other_intervention,20.0,tissue_multiclass,logistic,True,liver,adipose,0.5894742981303508,5.605061857610723e-06,7.632364781920782e-06,0.19900773435212807,0.001651539911518286,0.18200642230785646,0.027699741418713182,0.00014589077385460087,5.931736785878813e-07,5.425052604638085e-07
GSE60012_tile_028,GSE60012,muscle,other_intervention,20.0,tissue_multiclass,logistic,True,muscle,kidney,3.2752727731713565e-06,2.650088357687513e-09,0.0002630941410825378,5.211620132170456e-06,7.443366566418938e-05,0.9996237859688615,3.1767020016146777e-07,2.6177169283224293e-05,2.4747415993903717e-06,1.2271003151057733e-06
GSE60012_tile_029,GSE60012,liver,other_intervention,20.0,tissue_multiclass,logistic,True,liver,kidney,0.0003549660727268629,7.804094411223094e-06,4.926482759288636e-05,3.6170004766768376e-06,0.013498605493045887,0.9790504119337115,3.517949528629452e-06,0.0070288655295631325,2.9211582145749807e-06,2.594072839331858e-08
GSE60012_tile_030,GSE60012,muscle,other_intervention,20.0,tissue_multiclass,logistic,True,muscle,kidney,0.0029067308951954028,2.3528937020562273e-07,0.0009052979662829529,0.0002452413434354097,0.0001872554750283834,0.9944270035167293,2.046931851657309e-05,0.0012757027076048448,2.1523692089920696e-05,1.0539795746955984e-05
GSE60012_tile_031,GSE60012,liver,other_intervention,20.0,tissue_multiclass,logistic,True,liver,kidney,0.0007947597457815427,2.0443291183150833e-07,1.2917977808066582e-07,2.379298881678788e-06,0.001349551073811104,0.9977955928834289,8.826708071664134e-08,5.7189195565475365e-05,5.9414394766514126e-08,4.650836584364967e-08
GSE60012_tile_032,GSE60012,muscle,other_intervention,20.0,tissue_multiclass,logistic,True,muscle,heart,0.00019589107143636305,0.0008885101938630431,0.1064065580997775,0.6684718331798869,0.006469277421854204,0.16555980896832215,7.693762758018199e-06,0.051204236682114074,4.1636794670186675e-05,0.0007545538253174164
GSE60012_tile_033,GSE60012,liver,other_intervention,20.0,tissue_multiclass,logistic,True,liver,kidney,0.003971276947235755,2.7658176745166497e-06,8.03710694189392e-08,0.00011772811627667006,0.004782132550142858,0.9882301997213773,0.002862913400963203,3.2850143242282326e-05,9.745813171358001e-10,5.1957436990211525e-08
GSE60012_tile_034,GSE60012,muscle,other_intervention,20.0,tissue_multiclass,logistic,True,muscle,kidney,1.1212806397813964e-05,1.1364541007294956e-08,6.902820643939007e-06,0.0013051212533005962,3.219561368389826e-05,0.9986382549015032,1.3745728300425353e-06,9.661286694558156e-07,3.1159116780648377e-06,8.446267518779083e-07
GSE60012_tile_035,GSE60012,liver,other_intervention,20.0,tissue_multiclass,logistic,True,liver,kidney,1.2369070566111019e-05,2.74201120875846e-08,9.880358806136497e-06,0.00014381916910869528,2.395039019415798e-06,0.999767960498055,4.283451735894394e-06,3.2422329309514386e-05,2.6833304028088978e-05,9.3592590911823e-09
GSE60012_tile_036,GSE60012,muscle,other_intervention,20.0,tissue_multiclass,logistic,True,muscle,kidney,1.2950047771713592e-06,3.126506873698741e-07,0.00011038918288444395,8.428113972738568e-06,0.00022877852983417007,0.999608655055569,6.885388004017726e-08,4.143930733722606e-05,6.140720309169117e-10,6.326869857155709e-07
GSE60012_tile_037,GSE60012,liver,other_intervention,20.0,tissue_multiclass,logistic,True,liver,kidney,0.006476700017195563,2.38482574064845e-05,0.00016410131616577904,7.203469026267054e-05,0.0006321400735971924,0.9923393757656612,6.0119797703001125e-06,0.0002837592382958862,1.9938279552186194e-06,3.483368976964021e-08
GSE60012_tile_038,GSE60012,muscle,other_intervention,20.0,tissue_multiclass,logistic,True,muscle,kidney,7.236642888250644e-06,3.9686308516254535e-07,2.8330781901079024e-05,4.229308382587178e-06,0.00037990594028228616,0.9995644587969956,9.046179847359517e-07,4.35219648331152e-06,9.834115470826095e-06,3.507365260474329e-07
GSE60012_tile_039,GSE60012,liver,other_intervention,20.0,tissue_multiclass,logistic,True,liver,kidney,0.0011192963521454867,1.056889973520953e-08,3.663127757770858e-07,1.9845952627843777e-05,5.0131772442426176e-05,0.9972673609325612,4.8988869990114635e-06,0.0015285179314618199,1.7210521261281634e-07,9.399184874383993e-06
GSE60012_tile_040,GSE60012,muscle,other_intervention,20.0,tissue_multiclass,logistic,True,muscle,heart,0.00047404460700917097,7.616325350770637e-07,0.002542918283409988,0.950818539801616,0.004985613152753192,0.026599436099500887,0.0006336802820973165,0.013802333344425792,0.00014264205566922968,3.074098342386207e-08
GSE60012_tile_041,GSE60012,liver,other_intervention,20.0,tissue_multiclass,logistic,True,liver,kidney,5.3643970522022714e-05,8.412335786048222e-06,1.8375918007792138e-05,2.016663532272306e-06,0.005828952025242408,0.994083149654781,2.226765236445172e-06,6.718275535811101e-07,1.3894757121907472e-08,2.5369445813193882e-06
GSE60012_tile_042,GSE60012,liver,other_intervention,20.0,tissue_multiclass,logistic,True,liver,intestine,1.4081399925440376e-05,0.005118037969152291,3.03044227343713e-06,0.0006968623401438358,0.6216997431598986,0.3712420184437691,0.0004338146396277085,0.0007921527059276612,1.803095302103806e-08,2.408683287907328e-07
GSE60012_tile_043,GSE60012,liver,other_intervention,20.0,tissue_multiclass,logistic,True,liver,liver,2.44770026197766e-07,0.029084441287543644,4.075060959532164e-06,1.446330578295545e-05,3.3040695537857868e-06,4.7042880101291305e-06,0.9708864292571197,2.18144097819523e-06,1.565126886084718e-07,7.337249018116696e-12
GSE60012_tile_044,GSE60012,liver,other_intervention,20.0,tissue_multiclass,logistic,True,liver,kidney,2.0875250340770324e-06,1.3952579251303799e-08,2.4987014245695983e-08,1.2571231414783722e-07,1.2533156623221512e-06,0.9999916951753404,8.500431377127952e-09,4.7879765893698225e-06,8.919991593975681e-11,2.7658349622869694e-09
GSE60012_tile_045,GSE60012,liver,other_intervention,20.0,tissue_multiclass,logistic,True,liver,kidney,1.1907005714774111e-05,7.25740895853267e-09,3.57177052276106e-09,4.5836141836833605e-05,1.5878056532327722e-06,0.9998561928160395,7.101552414250997e-08,8.396775245301314e-05,4.258409312191299e-07,7.926679249411117e-10
GSE60012_tile_046,GSE60012,liver,other_intervention,20.0,tissue_multiclass,logistic,True,liver,kidney,1.2587966440625615e-05,3.3975984225094746e-07,3.9081995286997133e-07,1.7273440586580196e-06,6.755126076411148e-05,0.9999142041792937,1.1179356787159512e-08,1.6705026745652445e-06,2.631870007988854e-07,1.253800615547316e-06
GSE60012_tile_047,GSE60012,liver,other_intervention,20.0,tissue_multiclass,logistic,True,liver,kidney,0.0010072668580586846,7.601679468693838e-07,1.044185468888856e-06,5.9879736220880064e-05,7.371616097708469e-05,0.9987550784336678,2.579810677440976e-07,3.4496815810889224e-05,6.689863745038718e-05,6.01023330886591e-07
GSE60012_tile_048,GSE60012,liver,other_intervention,20.0,tissue_multiclass,logistic,True,liver,lung,0.00016834666795802477,1.4909416384561298e-05,4.380477755294848e-06,0.006358854364695324,0.1199987926846043,0.36979777997605084,8.000308373843416e-06,0.5036480714765547,1.3783098377965504e-09,8.6324931337079e-07
GSE60012_tile_049,GSE60012,liver,other_intervention,20.0,tissue_multiclass,logistic,True,liver,kidney,1.0551499521395521e-05,5.441139999851472e-09,1.7570188771385508e-07,9.097326332626365e-06,1.4847739017941652e-05,0.9999605821384123,2.2718954572528268e-06,1.8860817174353373e-06,5.716357549158422e-07,1.0540758395048034e-08
GSE60012_tile_050,GSE60012,liver,other_intervention,20.0,tissue_multiclass,logistic,True,liver,intestine,3.049087089249482e-07,3.83261915155413e-06,4.829547724485992e-09,9.448542981908198e-05,0.5351681506598334,0.1559803620452134,0.0001237083929123608,0.30862830028020405,8.502684827540199e-07,5.661267547594103e-10
GSE60012_tile_051,GSE60012,liver,other_intervention,20.0,tissue_multiclass,logistic,True,liver,kidney,6.041430140982012e-08,2.7359523132840605e-09,1.8138925491817687e-10,9.268462926543787e-09,7.377128170180733e-06,0.9999924774348696,3.7673920385194364e-11,9.643291390982429e-10,7.037748130326383e-08,1.4573697712584493e-09
GSE60012_tile_052,GSE60012,liver,other_intervention,20.0,tissue_multiclass,logistic,True,liver,kidney,8.184877237421526e-05,2.375103909925986e-06,1.2695008052639254e-06,6.850448360540291e-05,0.015629669358205613,0.9780665752991972,1.9382743389414305e-08,0.006149260470950304,4.2436624823158233e-07,5.326196042857376e-08
GSE60012_tile_053,GSE60012,liver,other_intervention,20.0,tissue_multiclass,logistic,True,liver,kidney,0.002762257253948902,7.358768957685105e-07,7.180691372009189e-06,5.358539931463998e-05,0.0004055903820822267,0.9966053751127144,4.694121957695356e-06,3.2285602981295953e-06,0.00014822433352143383,9.128267894456787e-06
GSE60012_tile_054,GSE60012,liver,other_intervention,20.0,tissue_multiclass,logistic,True,liver,kidney,0.031229335038773474,2.7143800421689704e-07,1.057976025515874e-05,9.623281657088746e-05,0.020088141009690714,0.9425356094321178,0.000420668587803995,0.0008492631837769169,0.00430204717431961,0.00046785155868744345
GSE60012_tile_055,GSE60012,liver,other_intervention,20.0,tissue_multiclass,logistic,True,liver,kidney,0.0018989435959559427,1.6732162225151997e-07,3.567782365032752e-07,2.307055519992726e-06,1.1058200291362971e-05,0.9978457105883498,2.720593844343832e-06,0.0002366416987597147,8.426349067324824e-07,1.2515325133845363e-06
GSE60012_tile_056,GSE60012,liver,other_intervention,20.0,tissue_multiclass,logistic,True,liver,kidney,0.008794736745350503,0.00040534992468119397,6.393676567084455e-05,0.0008921775686133821,0.00012476356826505048,0.9896429159690399,3.096869400312742e-05,1.1898424015049875e-05,9.55453724262732e-06,2.369780311814052e-05
GSE60012_tile_057,GSE60012,liver,other_intervention,20.0,tissue_multiclass,logistic,True,liver,kidney,0.002950327477112584,1.0931897391654684e-06,4.887410186110183e-07,0.0032592192193281666,0.005044979425689436,0.9886695937962231,1.2331174544994334e-05,6.172904753186369e-05,2.3273250585709197e-07,5.196306365675278e-09
GSE60012_tile_058,GSE60012,liver,other_intervention,20.0,tissue_multiclass,logistic,True,liver,kidney,6.121245983788584e-05,1.1338160317584549e-09,4.553025589154712e-10,1.0560627421646167e-07,2.4158022025333415e-06,0.9999269801057286,4.405064992552167e-08,9.235287029776385e-06,3.4171032335771502e-09,1.6820551305109223e-09
GSE60012_tile_059,GSE60012,liver,other_intervention,20.0,tissue_multiclass,logistic,True,liver,kidney,1.946993502309922e-06,1.5500712578195412e-09,2.972222368488957e-08,2.231178131604194e-05,9.217312278318475e-07,0.9998495400124977,3.4724334126916427e-06,0.00011898097918780967,2.786885355109465e-06,7.911205534940643e-09
GSE60012_tile_060,GSE60012,liver,other_intervention,20.0,tissue_multiclass,logistic,True,liver,liver,0.391910172523065,3.297283051898252e-05,9.612360628510717e-09,0.006852306974758893,1.1343313873854593e-07,1.178524397244471e-05,0.5974252321369121,0.00025161692408783167,0.0034643918048937704,5.139851629146692e-05
GSE60012_tile_061,GSE60012,liver,other_intervention,20.0,tissue_multiclass,logistic,True,liver,adipose,0.31805023751661987,0.2511506296463773,3.304834207704056e-07,0.012388557587043438,8.873116815784767e-06,6.21074665115074e-05,0.2552231817617978,0.006733103687072753,0.1563447893567783,3.8189377562502845e-05
GSE60012_tile_062,GSE60012,liver,other_intervention,20.0,tissue_multiclass,logistic,True,liver,kidney,1.796975870486593e-05,1.1622930109516081e-07,1.0440804345735581e-07,3.0514980286105673e-05,0.0008022160778523142,0.9991313109957455,2.5084715306646054e-06,1.1541844607409924e-05,9.526345478458325e-07,2.7645993806759696e-06
GSE60012_tile_063,GSE60012,liver,other_intervention,20.0,tissue_multiclass,logistic,True,liver,kidney,1.1651057152208178e-05,1.3300748261815934e-06,6.617175392121984e-07,4.017447640598328e-06,0.00042440363292174313,0.9056969373300154,7.399315317071007e-07,0.09382317845130554,3.688437968518304e-05,1.9597738208907048e-07
GSE60012_tile_064,GSE60012,liver,other_intervention,28.0,tissue_multiclass,logistic,True,liver,kidney,0.0002998680681725092,5.2121092133093685e-06,0.00013553014933272031,5.7612984294811317e-05,0.00028065619294519005,0.9991196798770956,1.3102994743076131e-06,4.901070787593493e-05,3.566080483588637e-05,1.5458806759717442e-05
GSE60012_tile_065,GSE60012,liver,other_intervention,28.0,tissue_multiclass,logistic,True,liver,kidney,0.004855267003607301,2.0333229398091693e-06,0.00019967140239056074,5.667594659164803e-05,0.014564894898250831,0.6256354515205533,0.0001269507231141649,0.3541482489977634,0.00034490213099327033,6.590405379548376e-05
GSE60012_tile_066,GSE60012,liver,other_intervention,20.0,tissue_multiclass,logistic,True,liver,kidney,5.049760504999567e-07,8.49073839391389e-07,2.756092350310494e-11,8.801150571343584e-08,4.5775617595394654e-07,0.9999980370278178,3.6759292416996374e-09,1.2627308696143875e-08,2.4779792908588768e-08,2.204401907028319e-08
GSE60012_tile_067,GSE60012,liver,other_intervention,28.0,tissue_multiclass,logistic,True,liver,kidney,1.907756083012397e-08,4.949616082644284e-12,2.1753547604825627e-09,1.321184127416094e-09,5.120299496124395e-08,0.999999924102007,2.722127965949613e-10,1.6891427526014826e-10,1.2203063559138432e-09,4.5451500331650287e-10
GSE60012_tile_068,GSE60012,liver,other_intervention,28.0,tissue_multiclass,logistic,True,liver,kidney,3.196290339530347e-05,0.008359645376691741,3.884203644459721e-06,4.944754118868197e-05,5.326684499289095e-06,0.9915188159673387,4.995709626948769e-07,3.0662261074362036e-08,1.112496134738414e-06,2.9274593883271466e-05
GSE60012_tile_070,GSE60012,liver,control,20.0,tissue_multiclass,logistic,True,liver,kidney,7.2813404277731465e-06,3.2612150106825646e-09,1.1772418770917835e-07,4.372209345907088e-07,0.0001959832981531408,0.9992995387326798,3.0223323668017906e-08,6.230372853504813e-06,0.0004899588023632692,4.190238617005536e-07
GSE60012_tile_072,GSE60012,liver,control,20.0,tissue_multiclass,logistic,True,liver,kidney,0.000590726147856561,6.112306386939162e-06,2.356006062157658e-06,2.0949763858055013e-06,0.001276712307967807,0.9962158769350002,3.760496674017216e-09,3.5588641456034637e-05,0.0018681328018239746,2.396116564034858e-06
GSE60012_tile_074,GSE60012,liver,control,20.0,tissue_multiclass,logistic,True,liver,kidney,0.00013897981336900795,2.7194070173648354e-07,1.8493254064238284e-08,4.0735373161850986e-08,0.00017040696493338993,0.9996715424047254,2.5445057775979316e-06,1.1509866786436842e-05,4.570147598216485e-06,1.1512748082087227e-07
GSE60012_tile_076,GSE60012,liver,control,20.0,tissue_multiclass,logistic,True,liver,kidney,8.979066694111305e-05,4.160902904286613e-08,1.9180190991887497e-07,9.753935765308699e-06,2.7628212764730046e-05,0.9981926853742732,1.495418646959326e-08,0.001676675971397417,3.064729704788103e-06,1.527440278400565e-07
GSE60012_tile_077,GSE60012,liver,control,20.0,tissue_multiclass,logistic,True,liver,kidney,2.229241038745978e-05,3.6420025808657513e-08,9.460424774017553e-08,4.492195674699423e-07,8.562898680118566e-06,0.9999656875429295,8.353875267842126e-09,2.8674627969154146e-06,9.221236334621669e-10,1.653662320461768e-10
GSE60012_tile_078,GSE60012,liver,control,20.0,tissue_multiclass,logistic,True,liver,kidney,2.628773384966296e-08,7.615904508823823e-06,1.1868892493322251e-07,0.0005715446609829111,5.226593926842081e-06,0.9993716520197649,4.303734415633037e-05,5.903996130358556e-07,9.96122355345956e-10,1.871042662181028e-07
GSE60012_tile_079,GSE60012,liver,control,20.0,tissue_multiclass,logistic,True,liver,intestine,0.00012602020220393677,0.004272998984278483,0.018588485381602415,0.020895629698478652,0.8799149158226109,0.05702731310916425,0.00047843287774162465,0.018360185908752668,1.0498097637885466e-06,0.000334968205403348
GSE60012_tile_081,GSE60012,liver,control,20.0,tissue_multiclass,logistic,True,liver,kidney,1.1186658663486955e-05,2.3077074099661184e-05,2.0079630855970078e-06,3.0352820789513984e-06,0.009565055303815151,0.9902586118865361,1.1359409188820062e-05,0.00012562213445906455,1.299868659662477e-08,3.1289386647864155e-08
GSE60012_tile_082,GSE60012,liver,control,20.0,tissue_multiclass,logistic,True,liver,kidney,0.009378579399893675,0.009640055615170215,7.683356470106538e-06,8.905124728472508e-05,0.0021455804751076167,0.9131998168546561,0.06531600319150406,5.938837558785792e-05,2.8397006090226476e-06,0.000161001783716528
GSE60012_tile_083,GSE60012,liver,control,20.0,tissue_multiclass,logistic,True,liver,lung,0.0005467015483568444,0.03158578927318455,0.0033324189760463706,0.0003563174914595501,0.0014255659323886742,0.15451750936294525,0.0032505472614743395,0.8049842485341859,9.551943676976844e-09,8.920680150821892e-07
GSE60012_tile_084,GSE60012,liver,control,20.0,tissue_multiclass,logistic,True,liver,liver,4.585661455989383e-07,1.0002513981675223e-05,2.3918741981964776e-07,0.0003622851319333177,0.00022414376531666345,9.178260366502744e-07,0.9973800482761656,0.0020218991684785056,4.364555202132391e-09,1.199966763798489e-09
GSE60012_tile_085,GSE60012,liver,control,20.0,tissue_multiclass,logistic,True,liver,kidney,0.29254252569584105,2.3280267600521112e-06,0.010719025159360358,4.835546935202774e-06,2.097330680620862e-06,0.6965026483554787,8.0068593132445e-05,9.255280124493964e-05,1.4409470719542908e-06,5.247754349471095e-05
GSE60012_tile_086,GSE60012,spleen,control,20.0,tissue_multiclass,logistic,True,spleen,kidney,0.00016100282184767847,9.183913858182748e-09,4.906534350505371e-09,6.118703154154353e-09,6.512222438695133e-07,0.999837274146611,5.140836540439069e-08,9.698065820574357e-09,1.57156456974245e-07,8.333372579517382e-07
GSE60012_tile_087,GSE60012,liver,control,20.0,tissue_multiclass,logistic,True,liver,kidney,0.00042528007150588443,2.233076564791157e-05,1.0779877179615168e-05,5.310270533928822e-05,0.00031124510228551885,0.9973495484786533,8.092086448810065e-07,0.0018221577697295687,1.5523984769630514e-06,3.1936225367765634e-06
GSE60012_tile_088,GSE60012,liver,control,20.0,tissue_multiclass,logistic,True,liver,kidney,7.197727289562134e-08,2.7387678554834672e-06,1.7635943570893023e-05,1.2885697856226298e-06,0.09477400600533016,0.9025167076604269,2.3418445538805726e-08,8.459317612182815e-07,1.2565905814346634e-07,0.0026865560664929918
GSE60012_tile_089,GSE60012,spleen,control,20.0,tissue_multiclass,logistic,True,spleen,lung,8.81502822486748e-06,0.0005364404502376023,1.2179984110439905e-09,0.00010723469691434122,0.005447123646009385,0.05137094457188967,0.0001656650808243652,0.912636440635009,5.238877114038787e-06,0.029722095795778548
GSE60012_tile_090,GSE60012,spleen,control,20.0,tissue_multiclass,logistic,True,spleen,adipose,0.5946525186501207,4.760034804051719e-08,0.0016053045661601902,7.788778730122851e-07,0.2019160224388588,0.199426629371486,8.424209003173922e-06,0.0006390192125812804,4.97570525935145e-07,0.0017507575030429423
GSE60012_tile_091,GSE60012,spleen,control,20.0,tissue_multiclass,logistic,True,spleen,kidney,8.49789369497366e-05,9.883751985756647e-06,0.00018500499013279634,0.0032728710403550267,9.275296018149695e-08,0.9940498040969177,0.0004981771200419614,1.7592193109854137e-05,3.606283961422406e-05,0.001845532277932775
GSE60012_tile_092,GSE60012,spleen,control,20.0,tissue_multiclass,logistic,True,spleen,kidney,0.0005725221180093761,5.339817767053088e-06,0.00020173477539721528,1.2396619699552701e-05,0.00835144700102417,0.9755652175287132,0.0010082388631730223,1.8235970331146037e-05,1.6688145889798975e-07,0.014264700424426562
GSE60012_tile_093,GSE60012,spleen,control,20.0,tissue_multiclass,logistic,True,spleen,kidney,1.423256185821254e-06,1.0148167856334182e-10,6.308745154036014e-10,1.2345379783729534e-09,1.7371160830826745e-09,0.9999913890709236,1.0396285855693625e-09,4.171758990814217e-12,1.151732988359746e-10,7.182809906527911e-06
GSE60012_tile_094,GSE60012,liver,control,20.0,tissue_multiclass,logistic,True,liver,heart,0.001988117771327427,0.00037650848618352633,7.289408950278458e-08,0.7490771804202522,0.22611323952444135,2.654828900874992e-07,2.358562847793949e-08,0.022439781033266538,4.808217240228306e-06,2.5846807188942834e-09
GSE60012_tile_095,GSE60012,spleen,control,20.0,tissue_multiclass,logistic,True,spleen,kidney,1.6918080615676507e-07,1.5894219061398805e-08,7.127684450350493e-11,2.9850933797448914e-12,1.336290468453651e-07,0.9999996768181153,2.4967190403341e-09,1.3174435045011337e-10,7.570244018359022e-11,1.699384722085671e-09
GSE60012_tile_096,GSE60012,spleen,control,20.0,tissue_multiclass,logistic,True,spleen,kidney,5.6920298501503246e-08,6.07883115623516e-08,2.101647899469636e-06,3.684574989663392e-07,0.0019230095302437452,0.9957701491073212,1.2250167915665862e-05,7.047790014375334e-05,0.00220757612817115,1.3949352195989447e-05
GSE60012_tile_097,GSE60012,liver,control,1.0,tissue_multiclass,logistic,True,liver,kidney,0.002032138455651876,2.2777797997274658e-07,4.467305085698242e-07,1.002183539615575e-06,6.029702983023245e-08,0.9979651957553084,7.458033610714541e-07,3.134531581940684e-10,4.259371852895033e-08,1.4008944909546754e-07
GSE60012_tile_098,GSE60012,liver,control,1.0,tissue_multiclass,logistic,True,liver,kidney,7.374199007451355e-09,8.003193637172647e-08,2.0389915841877794e-08,1.7839921457081094e-07,5.443147257928665e-07,0.9999984876829084,4.498663965253754e-09,1.6208784670930798e-09,6.243216088799468e-07,5.136594851562297e-08
GSE60012_tile_099,GSE60012,liver,control,1.0,tissue_multiclass,logistic,True,liver,kidney,0.00022925010965606227,2.2903361547842508e-07,6.702023904662417e-08,3.7589946080508355e-08,1.5333104232212232e-06,0.9997688646524937,5.504254777153672e-10,3.718757912046952e-11,1.0294552322423814e-08,7.401461004651683e-09
GSE60012_tile_100,GSE60012,liver,control,1.0,tissue_multiclass,logistic,True,liver,kidney,1.8194710031930887e-07,3.835554092909373e-10,3.3175148566725446e-10,1.8024201474667378e-06,8.06171553167546e-09,0.9999964808051034,8.784582813275211e-09,1.329041958492404e-06,1.8588323173404274e-07,2.340853402882255e-09
GSE60012_tile_101,GSE60012,liver,control,1.0,tissue_multiclass,logistic,True,liver,kidney,0.00010833330557120905,1.1720322862592335e-05,4.2092846079813404e-05,5.576516907606592e-05,2.2236613148960648e-06,0.9997740841415045,5.2510559726469085e-08,5.614640809129578e-06,5.6342643212279e-08,5.7059578889162494e-08
GSE60012_tile_102,GSE60012,liver,control,1.0,tissue_multiclass,logistic,True,liver,kidney,4.1624680336090897e-07,8.263792073307804e-10,2.1090828343366436e-08,8.737566937966951e-06,7.749667475979161e-10,0.9999908075061071,3.169489150961146e-11,7.919981217769563e-11,1.5497401370747746e-08,3.7968100907038064e-10
GSE60012_tile_103,GSE60012,liver,control,1.0,tissue_multiclass,logistic,True,liver,kidney,7.183480307907082e-06,3.208889962403912e-08,1.742216806178853e-08,7.372358403232356e-08,2.0446134826429184e-10,0.9999924061703592,4.4817971778679516e-11,1.5625712843756542e-08,2.7109726318887147e-07,1.424257421546449e-10
GSE60012_tile_104,GSE60012,liver,control,1.0,tissue_multiclass,logistic,True,liver,kidney,3.385026091625341e-07,7.340320318166611e-11,3.471010860520148e-11,4.0816171109382875e-09,5.93741945845806e-10,0.9999996563515208,4.353735433718917e-12,2.2745017048398824e-11,3.120507466117158e-10,2.3248258459233018e-11
GSE60012_tile_105,GSE60012,liver,control,1.0,tissue_multiclass,logistic,True,liver,kidney,0.017459157661187125,3.359226096619777e-05,2.4630766544954277e-07,2.659988191749981e-07,3.5697447855673205e-08,0.9824981343882218,2.8792205344136993e-09,3.5944572922696535e-09,7.819981994128075e-06,7.412300203314066e-07
GSE60012_tile_106,GSE60012,liver,control,1.0,tissue_multiclass,logistic,True,liver,kidney,8.465129220215226e-06,2.12474071450421e-10,6.67469654416174e-08,4.940189484163437e-08,4.1112131716799483e-10,0.9999914051405792,6.711897589217434e-10,9.494378656076333e-11,1.0719257978160165e-08,1.4723535991173827e-09
GSE60012_tile_107,GSE60012,liver,control,3.0,tissue_multiclass,logistic,True,liver,kidney,0.001699896801682162,2.840537320489603e-06,1.294060794886576e-06,5.770392288569515e-07,0.004116485288667624,0.9861918824306071,0.0001111849195118243,0.007834433334853815,3.842845993013823e-05,2.977127403009771e-06
GSE60012_tile_108,GSE60012,liver,control,3.0,tissue_multiclass,logistic,True,liver,adipose,0.9944178202062449,4.5198847364416424e-05,1.2978543337151506e-07,0.004555258242895799,1.981288652319065e-05,0.0009512243432487035,4.6429526972109175e-08,1.0314215019605958e-05,2.4424775991287677e-08,1.7061896730677883e-07
GSE60012_tile_109,GSE60012,liver,control,3.0,tissue_multiclass,logistic,True,liver,kidney,0.004164294090821899,2.7959673891415144e-06,1.72927582046361e-07,3.56862146733831e-05,0.0018242071412449,0.9938717162415994,8.294411409768325e-07,9.900356406489531e-05,9.538600378751418e-07,3.405514453917333e-07
GSE60012_tile_110,GSE60012,liver,control,3.0,tissue_multiclass,logistic,True,liver,kidney,0.00024291682837156427,4.1069149308312814e-05,0.0001221769667694233,0.0014877122116336435,0.0004774828785100046,0.9920219602336063,2.064405906674342e-07,0.005594878501772621,9.284176988692085e-06,2.3126124488966042e-06
GSE60012_tile_111,GSE60012,liver,control,3.0,tissue_multiclass,logistic,True,liver,kidney,0.006780499820480942,7.571932034069e-06,2.5974116922662964e-05,0.0029539980604656214,3.111207837856011e-05,0.9899454352808761,1.5902458166903882e-07,0.00021113796769160208,3.792562884842948e-05,6.186089720215409e-06
GSE60012_tile_112,GSE60012,liver,control,3.0,tissue_multiclass,logistic,True,liver,lung,6.07485367667265e-06,0.05100337299014046,3.0241015988399438e-05,0.0007077905119476076,0.0019867900367770757,7.244022161993944e-07,0.001088021841173462,0.9451769396048407,3.316716625698103e-08,1.157607316396214e-08
GSE60012_tile_113,GSE60012,liver,control,3.0,tissue_multiclass,logistic,True,liver,kidney,2.986156055620737e-06,1.141547969004476e-07,5.945028057068377e-05,2.1846801715492528e-06,0.00036825256137744514,0.9977164004917223,1.0832032292096007e-07,1.892090115316729e-07,0.0018501255956570298,1.8855031405384663e-07
GSE60012_tile_114,GSE60012,liver,control,3.0,tissue_multiclass,logistic,True,liver,kidney,0.000715400460318054,0.013537729969372886,4.814299914162434e-05,0.0035542365068944814,0.01600447381283984,0.9271522566118512,0.020700580123284885,0.011476803961867402,0.0034491987419452684,0.0033611768124845683
GSE60012_tile_115,GSE60012,spleen,control,1.0,tissue_multiclass,logistic,True,spleen,kidney,0.0029641490089762647,5.8272317434359454e-08,0.24994282941381943,1.6262301376549857e-06,9.4396357118284e-06,0.7446142579044641,0.0023436350935920483,0.000122713438255206,1.1399520192948115e-06,1.5105070683542506e-07
GSE60012_tile_116,GSE60012,liver,other_intervention,31.0,tissue_multiclass,logistic,True,liver,adipose,0.9890612019844538,5.3872536321211104e-05,7.760508171161403e-06,0.0008026707594072604,0.00010647658871127287,0.0031655425408198094,0.0013139835138878614,0.0054879371901134745,1.2010864769689103e-07,4.3426946657957664e-07
GSE60012_tile_117,GSE60012,liver,other_intervention,31.0,tissue_multiclass,logistic,True,liver,kidney,1.2493736130333548e-07,2.7431042935758264e-06,7.807521939690869e-11,4.863185125177488e-10,7.382939362950797e-10,0.9999967102645014,2.0423769512456788e-11,3.860978153156106e-07,4.229362590838269e-12,3.426868761800089e-08
GSE60012_tile_118,GSE60012,liver,other_intervention,31.0,tissue_multiclass,logistic,True,liver,liver,4.335405974795481e-05,0.0001492070083639603,0.01203139505645027,0.04465267020871274,0.016050341501629102,0.0035615700033696084,0.871145039632102,0.05232135698539483,4.506553577731094e-05,8.452051229425993e-12
GSE60012_tile_119,GSE60012,liver,other_intervention,31.0,tissue_multiclass,logistic,True,liver,intestine,1.3160559961645031e-05,5.736604734543929e-06,2.7238834717786374e-07,0.005239652732488597,0.44938712470709374,0.18771895701770186,0.0039026290323088565,0.35372277682428305,3.97557178994503e-06,5.7145612904711065e-06
GSE60012_tile_120,GSE60012,liver,control,20.0,tissue_multiclass,logistic,True,liver,liver,6.169439095443889e-07,1.4383975386462545e-07,2.4232688545812642e-05,0.0032586661230978465,6.436610249416118e-05,0.21711160394865436,0.7768228852016158,7.581822742916946e-05,0.0026416667318773894,1.9262215370291492e-10
GSE60012_tile_121,GSE60012,liver,control,20.0,tissue_multiclass,logistic,True,liver,kidney,8.424113246643193e-07,4.6890602075729213e-07,1.7652158369222905e-08,2.8563771645539367e-05,3.156091142273677e-06,0.9995482565828713,0.00041634583891200793,2.3461218371074887e-06,2.5920321443474196e-09,3.205575310454741e-11
GSE60012_tile_122,GSE60012,liver,control,20.0,tissue_multiclass,logistic,True,liver,lung,6.292609821020885e-07,0.0003224989457736866,0.0001093967302553182,0.023715960944023194,0.0009342316533634089,7.52578075106108e-05,0.07820703829653207,0.8966099077313973,7.564320222595702e-06,1.7514309939475163e-05
GSE60012_tile_123,GSE60012,liver,control,20.0,tissue_multiclass,logistic,True,liver,kidney,1.2820364255108866e-05,4.439393376532884e-06,5.467968465529257e-06,0.00036815263981507924,0.00012979667717501092,0.9571919063761922,0.03834506511735311,0.0039373558634473406,4.116889192046952e-06,8.787107281531184e-07
GSE60012_tile_124,GSE60012,muscle,control,3.0,tissue_multiclass,logistic,True,muscle,kidney,6.491572752766654e-07,8.182726040745526e-09,1.0920431515388059e-07,1.410736615348005e-06,3.1477102447380573e-06,0.9999936949274804,2.9324903321573297e-08,1.4236545937092514e-07,3.502042696615144e-08,7.733705531798835e-07
GSE60012_tile_125,GSE60012,muscle,control,3.0,tissue_multiclass,logistic,True,muscle,kidney,1.0080782244858357e-05,9.4101615559451e-08,1.926458759669207e-07,0.00010105845599756107,0.00048191624722043145,0.9993880377160921,2.0707144384130182e-07,5.153914572206522e-06,1.3257226896725242e-05,1.838040624092624e-09
GSE60012_tile_126,GSE60012,muscle,control,20.0,tissue_multiclass,logistic,True,muscle,kidney,2.756888519279053e-05,1.2259762465204317e-08,9.109246081927102e-05,1.5514647822000311e-09,7.327751886793612e-07,0.9520077459534227,0.04725600203239918,2.9443282140235233e-08,8.026117467837349e-07,0.0006160120267213532
GSE60012_tile_127,GSE60012,muscle,control,20.0,tissue_multiclass,logistic,True,muscle,kidney,0.0008388832099579076,7.236901024062528e-05,5.9153338892198356e-05,0.00014634429659775763,0.001708034050818819,0.9971173287318702,2.0027070121367767e-06,2.7874507282524222e-05,1.703185758684186e-05,1.0978289741023063e-05
GSE60012_tile_128,GSE60012,muscle,control,20.0,tissue_multiclass,logistic,True,muscle,kidney,2.48203782366851e-07,7.78741319954477e-08,3.0288491408192597e-06,4.9316933926999435e-06,9.340295873898848e-07,0.9999883588593571,1.2788193127378954e-06,2.0129105096146605e-08,3.527435749989547e-07,7.687986150093608e-07
GSE60012_tile_129,GSE60012,muscle,control,20.0,tissue_multiclass,logistic,True,muscle,kidney,0.0008320625935270466,3.0457122005185218e-05,0.08688515109963917,4.952804668271637e-05,0.0006754442232019761,0.8713714184468405,7.872465565948169e-05,0.027698770614236874,0.005046993549241836,0.007331449648965245
GSE60012_tile_130,GSE60012,muscle,control,20.0,tissue_multiclass,logistic,True,muscle,liver,0.03064455881249073,5.306316647018629e-06,0.0012873747448135576,0.005656580705720007,0.006607615922190578,0.4182582256355722,0.5344641184555935,0.0029563718161495036,2.23763691067656e-06,0.00011760995391217036
GSE60012_tile_131,GSE60012,muscle,control,20.0,tissue_multiclass,logistic,True,muscle,kidney,4.8799892421242195e-05,1.3581989991298909e-07,0.00036989793226167064,0.0014376572092601203,0.006801306297076328,0.9913265774123724,1.6133453785402577e-06,1.2078685872987523e-05,1.223384503291153e-06,7.100209536602173e-07
GSE60012_tile_132,GSE60012,muscle,control,20.0,tissue_multiclass,logistic,True,muscle,kidney,5.1363713829795644e-05,0.0006074793474378146,0.00011249207093036935,0.06404068522101398,0.004403537528177665,0.9302361313971489,1.2087570218517284e-05,0.0005355990016866195,5.370912861082875e-07,8.705827026077463e-08
GSE60012_tile_133,GSE60012,muscle,control,20.0,tissue_multiclass,logistic,True,muscle,kidney,6.365219852039794e-05,9.541387953185623e-09,0.00026120648894478954,8.267159542301276e-06,0.0012875185921475641,0.9979654936686102,0.00030087746275143023,1.2577903340260422e-06,0.0001033403564222819,8.376741338749215e-06
GSE60012_tile_134,GSE60012,muscle,control,20.0,tissue_multiclass,logistic,True,muscle,kidney,7.058567452845576e-05,3.887583358841695e-05,0.3455520234730913,0.0006187082328522909,0.01590358354345539,0.6355244396268633,1.6757663643328878e-06,0.002289207571010064,2.0240235027017307e-08,8.800380113548208e-07
GSE60012_tile_135,GSE60012,muscle,control,20.0,tissue_multiclass,logistic,True,muscle,kidney,2.679004523575878e-10,1.1484180578698289e-09,4.985048919406041e-08,8.92932526215638e-05,1.7860550190251284e-06,0.9995630074918772,4.1724506905277154e-07,0.0003454333701054298,1.0929967253481082e-08,3.8853289062845637e-10
GSE60012_tile_136,GSE60012,muscle,control,20.0,tissue_multiclass,logistic,True,muscle,kidney,5.381080990424929e-05,1.225287903270338e-08,2.8742837407387843e-07,0.0004912250831444082,1.0666163582727121e-05,0.9994395416190516,1.4361387388306674e-06,2.8831846160483773e-06,9.155455160287332e-08,4.5765157208326007e-08
GSE60012_tile_137,GSE60012,muscle,control,20.0,tissue_multiclass,logistic,True,muscle,kidney,0.00015538755342838796,8.541561616071029e-08,4.077431581511224e-08,0.0006458869688780099,0.0008492690836162463,0.9981683300627371,1.4744792493565235e-08,0.00018056204060399754,1.0828550523931079e-07,3.1507050679793533e-07
GSE60012_tile_138,GSE60012,muscle,control,20.0,tissue_multiclass,logistic,True,muscle,kidney,1.3199741425705575e-05,1.2494053350308176e-09,2.6069102184634668e-06,1.9272011613670045e-05,2.642577127527068e-06,0.9999588720564809,5.220710273556247e-09,2.907463938828713e-06,9.020616730729146e-08,4.0256291197681237e-07
GSE60012_tile_139,GSE60012,muscle,control,20.0,tissue_multiclass,logistic,True,muscle,kidney,0.00011474111446245799,2.2607954185511535e-06,0.0005294721894277456,8.653389257049243e-07,0.005084948374503499,0.9447058943861859,0.0004979344255020342,0.04906325559003528,5.211658859705057e-07,1.0661965277181768e-07
GSE60012_tile_140,GSE60012,muscle,control,20.0,tissue_multiclass,logistic,True,muscle,kidney,9.39376021084114e-05,1.8485985555227308e-07,0.00010680043396914943,1.0207810959105579e-05,3.0693286480757075e-06,0.9534867634591702,2.3157018342421269e-07,0.046298801026455186,1.2297020739124925e-09,2.6789488557697305e-09
GSE60012_tile_141,GSE60012,muscle,control,3.0,tissue_multiclass,logistic,True,muscle,kidney,1.854342232492461e-05,3.459237696343892e-07,3.856839459959639e-05,0.0003983539618291705,2.98394382045124e-08,0.9995381315130301,1.479710912007842e-06,4.5999748979495087e-10,4.5177400654188e-06,2.9034033390256326e-08
GSE60012_tile_142,GSE60012,muscle,control,3.0,tissue_multiclass,logistic,True,muscle,lung,3.7268920117798644e-11,4.074635947966427e-07,1.360513508326629e-05,1.587161208822871e-08,5.988768384816998e-07,0.025555522205318464,1.2600265533906635e-07,0.974429503769505,2.206381219605899e-07,2.0399207972662768e-15
GSE60012_tile_143,GSE60012,muscle,control,3.0,tissue_multiclass,logistic,True,muscle,adipose,0.931943177946025,2.2858305392404553e-11,0.007975445900703298,0.01021512422669929,0.02285242633719087,4.663300500945255e-05,0.0076654295999173,0.017868510329133596,0.0014328601427088944,3.924897543079337e-07
GSE60012_tile_144,GSE60012,muscle,control,3.0,tissue_multiclass,logistic,True,muscle,kidney,3.1286504273728557e-07,2.8156148877669055e-07,5.7429475580782893e-05,1.3827319267619725e-08,0.008989693861597455,0.9876930458541544,6.691330946469165e-10,0.0032582744481446557,3.6391004158670824e-09,9.437984383660718e-07
GSE60012_tile_145,GSE60012,muscle,control,3.0,tissue_multiclass,logistic,True,muscle,lung,4.956808927549737e-05,3.768877840751275e-07,0.00039428811960663765,0.00011064546568455126,2.392557009627971e-07,7.453948016391427e-06,2.514004533615634e-05,0.9954104516408164,0.004001835239135135,1.308644061262149e-09
GSE60012_tile_146,GSE60012,muscle,control,3.0,tissue_multiclass,logistic,True,muscle,kidney,5.59649905956199e-07,4.3461146256523933e-10,8.567773591875343e-05,0.0004160749351519151,0.00024642430897482334,0.9984130659091542,4.199158272016269e-07,0.0008321065321921793,5.646143168801661e-06,2.443509487643229e-08
GSE60012_tile_147,GSE60012,muscle,control,3.0,tissue_multiclass,logistic,True,muscle,kidney,7.366649119885727e-05,3.354251648719889e-07,0.0019686234829978918,0.002730624353684957,0.06208887897769916,0.9302337395122653,1.2009981309304955e-05,0.002891042342382892,5.488157167233538e-07,5.30617580139692e-07
GSE60012_tile_148,GSE60012,muscle,control,3.0,tissue_multiclass,logistic,True,muscle,kidney,0.00022100046366259067,1.771091568117156e-08,1.571311298928467e-06,5.4880944142314165e-06,1.400037726847413e-05,0.9995208670241839,6.829021155071511e-09,0.0002322284320890515,4.560565108588882e-07,4.3637006354068826e-06
GSE60012_tile_153,GSE60012,spleen,control,1.0,tissue_multiclass,logistic,True,spleen,brain_cortex,0.002308007710004829,0.00015495281024078,0.9012755164718845,0.0017604857994603547,1.0767417063624978e-06,0.09419816835914958,0.00026268303536766517,3.903386906309868e-05,6.034849590349222e-08,1.4854627059892945e-08
GSM6590383,GSE213628,intestine,control,17.383,tissue_multiclass,logistic,True,intestine,kidney,4.332023918645181e-12,1.4866793283928196e-06,2.749029812074758e-11,6.066740628800753e-14,0.4695199727001105,0.5270981732723548,0.000437372076313983,1.1503054138295671e-07,0.0029428802079685427,1.4995428667818412e-12
GSM6590384,GSE213628,intestine,control,17.383,tissue_multiclass,logistic,True,intestine,intestine,7.545420385880932e-12,6.379762199063026e-07,9.428582651220058e-09,3.699188967483716e-14,0.9507304804301693,0.047919227490115714,2.9323234909383314e-05,9.591927490030924e-06,0.0013107295018179178,3.112608188289338e-12
GSM6590385,GSE213628,intestine,control,17.383,tissue_multiclass,logistic,True,intestine,kidney,2.9562875191052556e-15,4.656729326228615e-09,9.881886552502576e-17,1.587123592271929e-14,0.0014980958779300796,0.998459123658064,3.844742663777032e-05,2.82648033444911e-09,4.325554139203661e-06,2.391918098782315e-16
GSM6590386,GSE213628,intestine,control,17.383,tissue_multiclass,logistic,True,intestine,intestine,3.893217205610967e-10,2.7086602219636804e-06,1.2221332100020866e-11,3.972770721696761e-15,0.7764913491826646,0.22098827562924023,0.0001302965342190193,0.0003268231141378316,0.002060546477959774,9.498627723947889e-15
GSM6590387,GSE213628,intestine,control,17.383,tissue_multiclass,logistic,True,intestine,intestine,8.900427350202618e-09,2.9317273587551927e-06,8.039198359758482e-12,4.714464077816159e-12,0.9941829408747077,9.085903011921529e-05,0.00021246999665428044,9.21600060586685e-06,0.005501573456090852,1.2822980062095424e-12
GSM6590388,GSE213628,intestine,control,17.383,tissue_multiclass,logistic,True,intestine,intestine,3.4785877695824916e-14,2.7425885601763038e-11,1.7794737672298138e-13,1.5624316564641517e-13,0.9978252433161308,0.0011566377008558409,2.1065445919389267e-09,0.0010151860383362625,2.9308103376597994e-06,3.9075079850804626e-17
GSM6590389,GSE213628,intestine,control,17.383,tissue_multiclass,logistic,True,intestine,blood,2.1705558350440059e-10,0.8351803960778722,5.358868726392286e-13,1.511138510331748e-12,0.16291834710215414,0.0018701334436864695,1.8486266821941116e-09,1.2478475652700117e-06,2.9873460992882502e-05,2.6506409352365076e-18
GSM6590390,GSE213628,intestine,control,17.383,tissue_multiclass,logistic,True,intestine,intestine,3.577488900721752e-14,3.803473114360603e-09,3.5807092851899835e-14,1.564539552089314e-14,0.9995775318366509,1.1698703063365293e-05,4.031176916472673e-05,2.330910920009549e-05,0.00034714477835768367,2.9563885098471264e-15
GSM6590391,GSE213628,intestine,control,17.383,tissue_multiclass,logistic,True,intestine,intestine,2.0636576416009194e-16,7.998419028925048e-10,1.9995138613583883e-16,1.2120083069602691e-15,0.9946828625223402,0.0053043095903268726,1.1384623540062177e-05,1.442322980154521e-06,1.4096922286150673e-10,4.030587869063723e-20
GSM6590392,GSE213628,intestine,control,17.383,tissue_multiclass,logistic,True,intestine,intestine,1.0504058966116081e-19,9.924419525463332e-08,2.5656559428850677e-18,1.075500750801324e-14,0.9998633273988945,1.5832924303940643e-06,0.00011648790442273372,1.8445173184084797e-05,5.6986862189392664e-08,8.85410991626519e-20
GSM6590393,GSE213628,intestine,control,17.383,tissue_multiclass,logistic,True,intestine,intestine,6.47306754946081e-19,2.0193052367408823e-12,3.789886465985864e-17,8.195361858668848e-29,0.9999938250397362,6.174827611549163e-06,8.519888719861678e-14,2.997126023408772e-18,1.3054759663253401e-10,1.332375866058237e-19
GSM6590394,GSE213628,intestine,control,17.383,tissue_multiclass,logistic,True,intestine,intestine,8.698398768595473e-18,6.320617630026965e-12,1.8541456921341713e-16,1.5323051968938625e-15,0.9998723459972788,0.0001273150022746607,1.0144431919079635e-07,1.6948673319156893e-14,2.3754978828798713e-07,8.331768549368515e-18
GSM6590395,GSE213628,intestine,control,52.149,tissue_multiclass,logistic,True,intestine,intestine,4.189356256873538e-11,0.00010996253093344361,2.2721173020904455e-11,3.754167774611009e-14,0.8820803348491006,0.11746298668097306,7.181794815667743e-07,3.0368800283328827e-09,0.0003459946579777772,9.628463909566354e-16
GSM6590396,GSE213628,intestine,control,52.149,tissue_multiclass,logistic,True,intestine,intestine,1.3873392596791844e-15,1.0470186517615353e-07,1.1357104845991129e-13,4.715263747872247e-17,0.9908928733397309,0.008783043603727898,4.0735313008755565e-08,1.890161473565596e-09,0.00032393572908512606,1.3754386638854066e-15
GSM6590397,GSE213628,intestine,control,52.149,tissue_multiclass,logistic,True,intestine,kidney,1.4900290501674999e-15,8.615520000824578e-09,4.207557127223124e-12,4.505578411730097e-16,0.08829217460558393,0.8995980890924179,0.010593748222043354,2.5700603167343117e-08,0.0015159537596179887,4.295587021815846e-15
GSM6590398,GSE213628,intestine,control,52.149,tissue_multiclass,logistic,True,intestine,intestine,4.954147637107967e-09,0.0030805972222213,3.343938718167617e-12,7.765253946652982e-16,0.9969092550261488,3.3218027570010116e-06,2.9342617753546904e-08,1.9716295152685096e-09,6.789677030526579e-06,1.0268167356439933e-13
GSM6590399,GSE213628,intestine,control,52.149,tissue_multiclass,logistic,True,intestine,intestine,2.1338245223438642e-19,2.097403891841757e-08,2.6119517552577554e-15,5.226205844420689e-17,0.9999740938430893,2.5814045373803795e-05,6.6480942759788045e-09,4.066819629630174e-11,6.444873271779327e-08,1.5321364406144217e-23
GSM6590400,GSE213628,intestine,control,52.149,tissue_multiclass,logistic,True,intestine,intestine,5.787665295079101e-20,3.1788892838493566e-09,1.2681892098750742e-14,9.67438613836305e-18,0.9762153847065778,0.023784190767390467,8.479232689642267e-10,4.204978613143661e-07,1.3450547649142707e-12,1.0783826569709319e-21
GSM6590401,GSE213628,intestine,control,52.149,tissue_multiclass,logistic,True,intestine,intestine,1.742911307754816e-18,1.7270917343573013e-13,2.0732529528994833e-16,2.969904918123848e-15,0.9997681707596365,0.00017518714960539647,5.664204841452203e-05,2.313564093203513e-12,3.985409048116751e-11,3.138509442505116e-21
GSM6590402,GSE213628,intestine,control,52.149,tissue_multiclass,logistic,True,intestine,kidney,1.0890632036533409e-14,2.6946270320179824e-11,2.38895700768742e-14,2.6632525380686504e-16,0.013761155928941626,0.986238357968497,4.858335246353e-07,2.6133521863889793e-12,2.394421150601995e-10,3.914451730009259e-22
GSM6590403,GSE213628,intestine,control,78.223,tissue_multiclass,logistic,True,intestine,kidney,1.0291606926024579e-15,2.2453425285901257e-18,1.695325496942116e-09,4.3287904834376516e-14,0.04711967605307249,0.9516141061528078,1.1614548837389694e-08,0.0009679102441218689,0.00029829424006689063,1.227815463559737e-14
GSM6590404,GSE213628,intestine,control,78.223,tissue_multiclass,logistic,True,intestine,intestine,3.1146751607179736e-11,1.4071504319600144e-06,6.356196654513222e-11,1.4425913647683629e-12,0.7299622275107562,0.02763457687622791,2.0126227880807303e-09,6.0223589773056255e-06,0.24239576399483242,1.4079442408584758e-16
GSM6590405,GSE213628,intestine,control,78.223,tissue_multiclass,logistic,True,intestine,kidney,1.8627184533700116e-18,4.7217100847232116e-08,7.673296434393543e-13,2.287108566318823e-19,0.007805381063436948,0.9921942774716268,4.451809436807742e-08,2.497077729869445e-07,2.1198770025870984e-11,2.0650199931463407e-15
GSM6590406,GSE213628,intestine,control,78.223,tissue_multiclass,logistic,True,intestine,muscle,2.3426809930371346e-22,7.127288892749278e-18,1.509989695034388e-14,1.554918174810691e-15,5.030086275555551e-07,0.0020918488011018852,1.1723879831960953e-11,1.2723892645289346e-15,0.9979076481785287,2.043297950607313e-23
GSM6590407,GSE213628,intestine,control,78.223,tissue_multiclass,logistic,True,intestine,kidney,3.6825625403210055e-10,2.9186063690266786e-06,6.589526353156248e-11,3.526525998664445e-15,0.0011978322502055117,0.9985467706381791,6.05969272170589e-08,1.2338566001764494e-12,0.0002524174729224111,8.016191169140102e-15
GSM6590408,GSE213628,intestine,control,78.223,tissue_multiclass,logistic,True,intestine,kidney,3.780808172365496e-11,0.00019644340587274712,9.885424967146104e-09,2.7658944673436423e-12,0.0014659567705955067,0.9973362695613514,0.0009655469702352863,5.538802574281214e-07,3.521948567651839e-05,1.2191214910455915e-14
GSM6590409,GSE213628,intestine,control,78.223,tissue_multiclass,logistic,True,intestine,intestine,5.002400528914982e-15,3.828955133791124e-10,5.900410588285144e-12,9.451918795533368e-19,0.9999097551312669,9.023930105250197e-05,2.8230228351896455e-14,1.0140055036095152e-11,5.168704180698521e-09,7.026385576780766e-15
GSM6590410,GSE213628,intestine,control,78.223,tissue_multiclass,logistic,True,intestine,kidney,9.472928715271414e-10,5.200274868507963e-09,1.7249588323925527e-14,2.4678645306642466e-17,0.014321067132741833,0.9856781515339365,5.790278955652897e-09,3.11333339491921e-11,7.693641221101438e-07,2.0235342483772788e-13
GSM6590411,GSE213628,intestine,control,78.223,tissue_multiclass,logistic,True,intestine,intestine,3.5828962541403647e-16,2.0383280161546733e-12,2.9503252427066027e-11,3.4496739311058256e-10,0.998005401585501,0.0019433431986686281,5.0134738411094244e-05,1.1200945068364781e-06,6.40310516852218e-12,1.41272526761495e-19
GSM6590412,GSE213628,intestine,control,78.223,tissue_multiclass,logistic,True,intestine,kidney,1.583512099822607e-10,9.065171584473747e-16,1.093969045122089e-12,1.0742999042507228e-09,0.0006248152979594289,0.9988398276349895,1.187468232428121e-08,0.0005215638907441721,1.3780067878688524e-05,8.347528259411002e-17
GSM6590413,GSE213628,intestine,control,78.223,tissue_multiclass,logistic,True,intestine,intestine,1.4219237740170424e-23,6.076592664517792e-18,1.1301824996248386e-15,2.013717574078111e-17,0.9999420687609533,5.488001303013085e-05,1.1560037511502243e-10,3.0511102358046943e-06,1.794559545647781e-13,1.3366990893776244e-22
GSM6590414,GSE213628,intestine,control,78.223,tissue_multiclass,logistic,True,intestine,kidney,2.939336488027393e-21,5.125419240486582e-22,1.7420932524387115e-11,4.342609227452688e-19,6.108732925064678e-06,0.9850362571195486,3.1477048627537483e-07,0.014927729538153717,2.9589821465639283e-05,8.848771383845963e-17
GSM6590415,GSE213628,intestine,control,104.297,tissue_multiclass,logistic,True,intestine,intestine,5.945536332215501e-15,4.4857231211163053e-10,1.3736483434535741e-09,1.4171383388226528e-14,0.993720854752856,0.000507163094998596,0.0012209541589673688,2.471625579701257e-08,0.004551001454638612,4.292119445920818e-14
GSM6590416,GSE213628,intestine,control,104.297,tissue_multiclass,logistic,True,intestine,kidney,2.1706016021113632e-13,4.985252568303062e-07,1.674690330480208e-10,4.802630873106281e-14,0.0021323337615374765,0.9373224033137709,3.788144879555765e-05,2.260004839458895e-10,0.060506882556899295,5.315003181998607e-15
GSM6590417,GSE213628,intestine,control,104.297,tissue_multiclass,logistic,True,intestine,intestine,9.98242910338205e-17,2.3901324824555262e-11,8.924915823218713e-14,1.0166670201970836e-16,0.999992068233537,7.766768082444369e-06,4.714593435905426e-12,8.418890300023067e-13,1.6496848854550115e-07,3.4462173755390603e-13
GSM6590418,GSE213628,intestine,control,104.297,tissue_multiclass,logistic,True,intestine,kidney,2.588755079452232e-17,1.1110585700897781e-07,2.061620944742805e-12,2.5827576496071956e-16,0.06385417636543984,0.9357373443003736,0.00040824362141390344,1.3674295886873486e-10,1.244681101846458e-07,6.059565796562912e-16
GSM6590419,GSE213628,intestine,control,104.297,tissue_multiclass,logistic,True,intestine,intestine,1.8598564590050635e-13,1.4432719324361585e-08,3.4720454928936216e-10,3.655862556951582e-15,0.9999178311729575,7.771351484557219e-05,1.2946024480249932e-09,9.246156643811869e-14,4.439233378202955e-06,4.010037096491533e-12
GSM6590420,GSE213628,intestine,control,104.297,tissue_multiclass,logistic,True,intestine,intestine,6.055425816761519e-11,3.3593405074783966e-07,6.412008223422865e-08,2.7356949326473358e-14,0.9904387250391254,0.009547102318456626,2.549501688907295e-10,4.6256638740816896e-10,1.3771757392435631e-05,5.279436442536802e-11
GSM6590421,GSE213628,intestine,control,104.297,tissue_multiclass,logistic,True,intestine,intestine,5.2166706229981474e-15,6.060779206549913e-12,1.4354832899709183e-12,1.3783205911486958e-23,0.9999998681180208,8.802654720763066e-09,1.0767327890529171e-10,1.306349369723685e-14,1.229641364671841e-07,2.3596935289148315e-16
GSM6590422,GSE213628,intestine,control,104.297,tissue_multiclass,logistic,True,intestine,intestine,2.0046049192293614e-13,2.9852093600745475e-07,2.9926422422489583e-11,2.6609060711952775e-17,0.9999955085863811,4.1926960817007505e-06,3.370181121280447e-11,1.4863752015544865e-11,1.1790829541091499e-10,3.6706771287115815e-16
GSM6590423,GSE213628,intestine,control,104.297,tissue_multiclass,logistic,True,intestine,intestine,2.925647398694258e-15,4.251652593992564e-10,1.0813464776118068e-09,4.607529246669648e-16,0.996209405246228,0.0037420631975015974,4.8519683756614615e-05,4.143328883268429e-09,6.222669552676022e-09,1.2066767245702494e-17
GSM6590424,GSE213628,intestine,control,104.297,tissue_multiclass,logistic,True,intestine,intestine,9.301834746708287e-20,1.0137131313963208e-11,2.148220667555627e-09,4.9598422734274144e-11,0.9595556216944183,0.04034778120479528,9.544820370711243e-05,3.6651504957295137e-07,7.801740734710431e-07,3.834725926378982e-19
GSM6590425,GSE213628,intestine,control,104.297,tissue_multiclass,logistic,True,intestine,kidney,6.254439935206766e-26,2.4682159937918527e-26,8.343995156848935e-18,1.3274825411404447e-23,0.005960053822217975,0.9940399461776904,9.155136897257874e-14,1.1853532937334463e-21,3.4609940644441213e-18,9.523245228510843e-26
GSM6590426,GSE213628,intestine,control,104.297,tissue_multiclass,logistic,True,intestine,intestine,7.574716513441662e-20,5.50244743617243e-16,2.3556239311928597e-14,2.6876129131178556e-17,0.9999928650458834,7.1345648705072864e-06,3.447439101025878e-10,4.51043859855983e-16,4.447738917928933e-11,6.044118189593446e-23
GSM6590427,GSE213628,blood,control,17.383,tissue_multiclass,logistic,True,blood,blood,1.8163446061263486e-08,0.9590125480649135,6.025386456494569e-07,5.123298355504799e-10,1.7300847370814447e-05,0.0006938512251545166,6.517782180181965e-07,2.6651382213533624e-06,9.306434595847703e-06,0.04026305529710443
GSM6590428,GSE213628,blood,control,17.383,tissue_multiclass,logistic,True,blood,spleen,0.0004119958741296223,0.12236805902901911,2.8070686949173524e-07,1.5604765975157188e-05,0.002479171782020027,0.023430769346510325,0.0005226095344604967,0.15287037257495953,0.04495476572881046,0.6529463706572458
GSM6590429,GSE213628,blood,control,17.383,tissue_multiclass,logistic,True,blood,adipose,0.9557791845181396,0.043162449359146066,5.6307595894182104e-15,4.56084122409402e-06,2.1301819415026298e-06,1.934623047262574e-16,9.245528383212103e-14,0.001051675051343945,4.763064565979838e-11,4.75653476809485e-13
GSM6590430,GSE213628,blood,control,52.149,tissue_multiclass,logistic,True,blood,blood,1.3343785112130182e-06,0.9972549048854863,1.177699988507464e-06,7.714055955780592e-12,0.0006530985305813166,1.504223107985098e-05,0.00018041818628074518,9.472204250887869e-06,1.892910426956708e-11,0.0018845518571779887
GSM6590431,GSE213628,blood,control,52.149,tissue_multiclass,logistic,True,blood,spleen,0.026604522840301247,0.016986642049068447,1.18340149073441e-12,9.11897644918258e-06,1.8591235055582625e-07,7.244357389659444e-12,1.223067496076592e-06,0.10453096989419942,0.00175862090245753,0.8501087163492497
GSM6590432,GSE213628,blood,control,52.149,tissue_multiclass,logistic,True,blood,lung,1.7952103112524043e-05,0.0032734256386334126,7.055289765914426e-08,0.000957092914353792,2.520398874637391e-05,8.153496904114127e-05,3.123397247345983e-08,0.995384129443073,1.1051952112819386e-06,0.000259453960958236
GSM6590433,GSE213628,blood,control,104.297,tissue_multiclass,logistic,True,blood,lung,3.892364526746248e-11,1.3636374993788898e-06,2.5787102949073673e-11,3.320318778388698e-07,3.4308370368177315e-06,5.827971486975329e-10,3.487972485160569e-11,0.9999945329429504,3.111632546472818e-09,3.3675661536998665e-07
GSM6590434,GSE213628,blood,control,104.297,tissue_multiclass,logistic,True,blood,blood,3.0856682844861923e-06,0.7283264137565082,6.0594802301887343e-05,7.498383063479625e-09,0.0024229041336361868,0.00014429839544271254,2.4979969593319274e-06,0.00375849606033824,0.0014499015632099183,0.26383180012493596
GSM6590435,GSE213628,blood,control,104.297,tissue_multiclass,logistic,True,blood,intestine,1.5537165269517663e-06,0.1293248526386391,5.6549978039913105e-08,9.002103679182806e-09,0.6428851114156948,1.8934859950870298e-05,7.488623483225412e-05,0.22768981827926563,2.5871951806842057e-08,4.751431056945404e-06
GSM6590436,GSE213628,blood,control,104.297,tissue_multiclass,logistic,True,blood,intestine,1.832709336617789e-08,0.00034053691837892836,7.478997109683977e-08,1.0952917277933972e-08,0.9990413821431607,7.826184230954035e-07,6.363570975369251e-05,1.688869911972418e-05,0.0005349759404094467,1.6939007725744402e-06
GSM6590437,GSE213628,heart,control,17.383,tissue_multiclass,logistic,True,heart,lung,0.0001819539182134355,0.02984297993689893,8.559084184848703e-06,2.2789388867291068e-08,0.00032736346941004903,0.00022161116302469138,0.4303220758982855,0.5283390388769547,9.5569245158351e-05,0.010660825618480765
GSM6590438,GSE213628,heart,control,17.383,tissue_multiclass,logistic,True,heart,spleen,1.693746266250668e-08,0.00010312786146532894,4.807996968215816e-09,1.035107304936109e-05,5.826688487252169e-05,3.781041604425327e-06,0.21435005542913013,0.03162497220024136,8.431380001579347e-08,0.7538493394503771
GSM6590439,GSE213628,heart,control,17.383,tissue_multiclass,logistic,True,heart,liver,9.899447423865858e-07,9.37997071133516e-06,1.2815572035727002e-06,1.156774369464099e-06,7.435577698670337e-07,1.7652669831348816e-06,0.7724066184876088,0.008495559742696793,1.264996362799957e-06,0.21908123970155197
GSM6590440,GSE213628,heart,control,17.383,tissue_multiclass,logistic,True,heart,spleen,4.273007801952023e-06,0.19357193922122037,2.5588479436485167e-06,5.086675381443603e-05,0.0004002553279998261,1.2317510569038444e-06,0.06305392666160425,0.0006315718006959255,6.955245678808256e-06,0.742276421382184
GSM6590441,GSE213628,heart,control,17.383,tissue_multiclass,logistic,True,heart,spleen,3.641355199486408e-06,0.0005976282578829636,4.91719910891158e-05,4.783814490482386e-11,0.0020480468810482716,6.268691597114578e-06,0.0752107011439412,0.0008886403323069204,2.7582861224678066e-07,0.9211956254704845
GSM6590442,GSE213628,heart,control,17.383,tissue_multiclass,logistic,True,heart,liver,2.202681600561475e-08,0.007526997877113118,3.201040915236913e-07,6.387058248910328e-06,7.647311449894142e-09,4.511384283115071e-06,0.9895603440552801,0.001443941018864157,1.505346702939757e-10,0.001457468677456996
GSM6590443,GSE213628,heart,control,52.149,tissue_multiclass,logistic,True,heart,liver,0.00012708176263415504,0.011764709192275073,0.0034105362339386294,2.325512953608417e-06,0.0008674253264778603,0.0003599672088013737,0.8588560561557353,0.021208554132992632,1.95296568086706e-06,0.10340139150851056
GSM6590444,GSE213628,heart,control,52.149,tissue_multiclass,logistic,True,heart,liver,1.366865248556429e-07,0.05072273834258663,2.091256813463249e-09,7.38134761536078e-07,2.826630655399626e-05,5.060213182363966e-06,0.8648668159016372,0.084370870511012,3.0294990391239834e-07,5.068862580536862e-06
GSM6590445,GSE213628,heart,control,52.149,tissue_multiclass,logistic,True,heart,lung,1.0956527745348531e-07,4.9450035289886215e-06,1.0110500694448128e-05,2.0486029909719644e-08,2.168315087589931e-06,2.517893693573473e-06,0.004414534681281806,0.9388132111933912,4.247104280545883e-05,0.05670991131820954
GSM6590446,GSE213628,heart,control,52.149,tissue_multiclass,logistic,True,heart,spleen,0.027536317542145416,0.03962238397052853,4.490633288635172e-08,5.668412605861798e-09,3.8536657293779373e-05,0.002781331142686807,0.013272247824247624,1.024742406916118e-06,0.1567893649639015,0.759958742582044
GSM6590447,GSE213628,heart,control,52.149,tissue_multiclass,logistic,True,heart,spleen,5.143497208538324e-05,3.869193104805463e-07,3.555708475236296e-05,1.7831519959758887e-08,2.223826803498349e-06,4.764781116620996e-05,0.002299108096473711,2.476732944965246e-05,7.716082278453922e-05,0.9974616953056541
GSM6590448,GSE213628,heart,control,52.149,tissue_multiclass,logistic,True,heart,lung,2.6308032643835038e-06,1.0453520623060952e-06,7.08858238232062e-06,5.426621727230972e-05,0.0011154929490988842,1.637476508124132e-06,0.009832863531289808,0.919852035932839,1.9189909800816947e-06,0.06913102016430281
GSM6590449,GSE213628,heart,control,104.297,tissue_multiclass,logistic,True,heart,spleen,3.954828665367081e-07,2.3325266712415016e-09,7.436990620594104e-09,4.532977639902972e-07,7.636439525632017e-06,3.469785564193843e-07,3.856977673503116e-05,0.001143945439507617,1.9287698648335714e-07,0.998808449938541
GSM6590450,GSE213628,heart,control,104.297,tissue_multiclass,logistic,True,heart,liver,2.274190509763995e-05,0.011831032867291605,1.6204819240439447e-07,2.2100777055592297e-08,0.019061345259109703,2.4196694643669344e-05,0.9118093212024115,1.41402431042766e-05,2.781395533483599e-06,0.05723425628383876
GSM6590451,GSE213628,heart,control,104.297,tissue_multiclass,logistic,True,heart,muscle,1.694094898323004e-09,3.0825521793806945e-09,4.809590554595716e-10,7.193461843360966e-06,5.178682984922967e-09,8.655222597149878e-06,1.1368993428227408e-05,2.619000226824543e-08,0.999964347579044,8.398116795916639e-06
GSM6590452,GSE213628,heart,control,104.297,tissue_multiclass,logistic,True,heart,spleen,0.00031297759488667625,0.03087835547532193,1.9563697906917683e-06,3.022255016011996e-07,0.000848678432668321,0.0001299454222745094,0.020939912740502387,0.02600614348818516,5.477646911975353e-06,0.9208762506039567
GSM6590453,GSE213628,heart,control,104.297,tissue_multiclass,logistic,True,heart,spleen,1.539384450739293e-05,0.0012370109014840027,1.4176162573078216e-10,1.8782607670187373e-09,1.952883706619758e-05,2.030945323597786e-06,0.0036794514783577135,0.00031158226865515544,3.921741228682142e-07,0.9947346075304606
GSM6590454,GSE213628,heart,control,104.297,tissue_multiclass,logistic,True,heart,spleen,5.387582124838476e-07,0.0010157332565981809,3.1118107967572447e-06,1.0426647201563141e-08,0.0335469236844863,9.533836475405033e-07,0.0005526795910643744,0.006557122262879069,1.472563296471589e-07,0.9583227795693384
GSM6590455,GSE213628,heart,control,108.643,tissue_multiclass,logistic,True,heart,spleen,5.052474486477227e-05,0.00022182309866817948,4.403185467946473e-08,1.041668404714279e-06,0.0039056267768160765,2.6150983029770797e-05,0.00935025189587948,0.00015770592242767174,7.821323252611835e-05,0.9862086176455285
GSM6590456,GSE213628,heart,control,112.989,tissue_multiclass,logistic,True,heart,liver,1.417643299922932e-07,0.013276860354255982,1.0097471303869332e-08,1.7130419302505012e-07,0.002546439480057473,5.413847246659202e-08,0.9623978874144103,3.590498757446844e-05,0.0001582003508552608,0.021584330108379752
GSM6590457,GSE213628,heart,control,117.334,tissue_multiclass,logistic,True,heart,liver,9.078938290011831e-07,0.0025425642775826827,1.9214413464980538e-05,5.7666798731874276e-08,0.00032443248176691774,0.0001882688349012812,0.9874267892894297,5.749329613713771e-06,3.9461296650797345e-05,0.009452554515962268
GSM6590458,GSE213628,heart,control,121.68,tissue_multiclass,logistic,True,heart,intestine,1.8625710764339253e-05,5.575843696021528e-05,1.3733415408971713e-08,0.02364608413461865,0.5298354635388032,7.189084290881552e-05,0.34870246663632115,0.09732290277193717,0.0003025369963298748,4.4257197941117334e-05
GSM6590459,GSE213628,kidney,control,17.383,tissue_multiclass,logistic,True,kidney,kidney,1.298947425866037e-09,0.008605955630359747,0.00012379574990264443,0.0010557183119569075,0.00010970603125213805,0.7915784423337072,0.197870787556383,9.308428224481101e-07,3.370081688692754e-08,0.0006546285438514677
GSM6590460,GSE213628,kidney,control,17.383,tissue_multiclass,logistic,True,kidney,lung,8.981580599150012e-16,1.5623010534487974e-05,1.7942456615399758e-10,3.984755142514411e-06,8.389738513752218e-07,9.448769439116071e-07,7.300838393924368e-07,0.9937298879235429,0.0046920570099511436,0.0015559331867686186
GSM6590461,GSE213628,kidney,control,17.383,tissue_multiclass,logistic,True,kidney,liver,1.5456362183040934e-11,0.024286555377162847,2.2439998443353946e-07,0.0013082566713724,2.104299530182937e-06,0.0003706564960477699,0.9740115981823665,1.1200790129687699e-05,1.208991580589163e-09,9.402558957961302e-06
GSM6590462,GSE213628,kidney,control,52.149,tissue_multiclass,logistic,True,kidney,liver,6.081242809188478e-09,0.006835322856752788,1.5552831542355904e-06,0.04633233217712839,0.001656225023065293,0.0011467405822342526,0.77673713076648,2.7115245586191685e-07,0.1666787862093336,0.0006116298681525178
GSM6590463,GSE213628,kidney,control,52.149,tissue_multiclass,logistic,True,kidney,liver,3.18813665372669e-06,7.504400225256323e-06,1.840182545895357e-08,1.0795686058688473e-08,5.126508270974324e-06,8.418936653788972e-09,0.9972672122929537,2.773794497126285e-06,0.0010791211312330714,0.001635036119717873
GSM6590464,GSE213628,kidney,control,52.149,tissue_multiclass,logistic,True,kidney,liver,4.174747721851298e-08,0.032536625918905125,0.00018441632169204563,0.4208505937625038,0.02351387794045707,0.031750755536472754,0.46518881826353664,0.02448201543172326,0.0012298720248948177,0.0002629830523372985
GSM6590465,GSE213628,kidney,control,104.297,tissue_multiclass,logistic,True,kidney,blood,1.2899947631272751e-11,0.9871158640965976,1.7253605365210633e-08,0.002690702163665458,5.748743470998583e-06,1.6281981123617285e-07,0.010092594774539032,2.506439977796447e-06,1.2544526056619073e-06,9.114924282700607e-05
GSM6590466,GSE213628,kidney,control,104.297,tissue_multiclass,logistic,True,kidney,spleen,1.435151344039657e-11,1.3118768047116676e-06,7.79467068924701e-09,7.182583703482146e-05,4.743730480157422e-05,4.1166784769992874e-07,0.009980267377445283,0.015065030733182848,0.00045810707757396187,0.9743756003162869
GSM6590467,GSE213628,kidney,control,104.297,tissue_multiclass,logistic,True,kidney,liver,2.9704031890319676e-11,1.4738686465198694e-06,4.165314324989748e-05,0.022224412945294827,0.11028106612706162,0.0014605790481339186,0.8570878832005436,0.007715761312358885,0.0011856314485710914,1.538876435322462e-06
GSM6590468,GSE213628,kidney,control,104.297,tissue_multiclass,logistic,True,kidney,liver,5.3357703879565685e-08,0.0027181704918275893,3.3985141899137498e-06,1.0128269528488871e-06,1.452058655410413e-05,1.3842026189856553e-05,0.9956072384655884,2.824679884191765e-08,2.8434209229505083e-07,0.0016414511421024103
GSM6590469,GSE213628,liver,control,17.383,tissue_multiclass,logistic,True,liver,lung,3.711571218291606e-07,6.354298713857988e-05,1.86312401180468e-05,0.00012229652393003378,4.864990353530088e-06,0.0016905336683556403,0.0017242931496162758,0.9963605792753144,1.4217375355396756e-05,6.696326964160946e-07
GSM6590470,GSE213628,liver,control,17.383,tissue_multiclass,logistic,True,liver,kidney,5.204202572695563e-06,8.908368386244179e-05,4.076144385679522e-05,0.3169231180405503,0.017959987825325464,0.6349531524149891,0.0010184766815707759,0.029008832026253508,1.974018273525239e-07,1.186279191484813e-06
GSM6590471,GSE213628,liver,control,52.149,tissue_multiclass,logistic,True,liver,intestine,1.67157328404865e-08,0.1801225486548709,0.0005664696090775095,0.0012358905512892626,0.7323844230423389,0.0012701227699259742,0.07903276889725451,0.005308863353953091,7.411656620234855e-05,4.779839354693706e-06
GSM6590472,GSE213628,liver,control,52.149,tissue_multiclass,logistic,True,liver,blood,2.0412742350329762e-07,0.6280618922515621,0.00038056984704495564,0.005399665943860056,0.18019599615059528,0.07467519120119338,0.10606404867691131,0.0006445727548577474,0.002721629831913966,0.0018562292146375606
GSM6590473,GSE213628,liver,control,104.297,tissue_multiclass,logistic,True,liver,blood,5.465437911339075e-10,0.3381451595271615,7.989108905471261e-06,0.0023365386371108437,0.13213466288019476,0.1689256069608568,0.26554067462058384,0.08971754636438875,8.320254342902186e-06,0.0031835010999112907
GSM6590474,GSE213628,liver,control,104.297,tissue_multiclass,logistic,True,liver,liver,1.2715452659756524e-10,0.04065990820834523,2.2270351291312065e-06,0.005063329936583739,0.2806106974514399,1.7235363767970733e-05,0.6508324361497889,0.02280579332014679,4.1895000696470405e-08,8.330512642864773e-06
GSM6590475,GSE213628,lung,control,17.383,tissue_multiclass,logistic,True,lung,heart,0.00036814877577761565,0.03383672303191605,3.171952589157428e-05,0.7463292694590838,0.03108002771128005,0.01487081394534575,0.16587755949653482,0.0007056865930219692,0.0068996926394781595,3.588216702593729e-07
GSM6590476,GSE213628,lung,control,17.383,tissue_multiclass,logistic,True,lung,blood,5.404079281702806e-08,0.8691210882532444,1.7570157541592425e-06,2.2503869732539668e-05,0.01076263906634533,0.011050992777059985,0.06607943808855642,0.042961445371415934,8.150711132928825e-08,9.98713942337115e-12
GSM6590477,GSE213628,lung,control,52.149,tissue_multiclass,logistic,True,lung,intestine,0.0003291655869930823,0.057272542872107514,0.0002610881767999034,0.0003976390226399969,0.8415636193323206,0.0017965271859275024,0.0837796725901386,0.013810653622793169,0.0007890910740435766,5.362359196927445e-10
GSM6590478,GSE213628,lung,control,52.149,tissue_multiclass,logistic,True,lung,muscle,0.00017796643282482434,0.025798019133719468,0.0003427111569815637,0.002376778357950945,0.0614191748701057,0.24188574112215508,0.15566058114463363,0.1872432915417431,0.3250928169062913,2.919333594420693e-06
GSM6590479,GSE213628,lung,control,104.297,tissue_multiclass,logistic,True,lung,intestine,5.00366940903165e-05,0.01608780947702746,0.0004099717124660053,0.0002431115167634442,0.8985313156693765,0.003557615099626452,0.006502376491129224,0.004239869493119324,0.07037756925027358,3.2459612779289273e-07
GSM6590480,GSE213628,lung,control,104.297,tissue_multiclass,logistic,True,lung,intestine,5.2759027453885604e-08,0.001553068541640738,0.022788929092203834,8.51258403390751e-07,0.9749704801070548,0.00017563634630850687,3.843614588242222e-05,3.511164229859102e-07,0.0004721946300984842,2.957363348781038e-12
GSM6590487,GSE213628,spleen,control,17.383,tissue_multiclass,logistic,True,spleen,spleen,0.0016412262893609401,0.09267715316844506,8.648658516133454e-06,0.0006247413746590851,0.22743659520653867,0.009029857696448745,0.011071865621437062,0.08227495559474761,0.18876925769877653,0.3864656986910701
GSM6590488,GSE213628,spleen,control,17.383,tissue_multiclass,logistic,True,spleen,lung,6.017350179813285e-06,1.8168273897230097e-08,1.5269946534245966e-11,7.479874483552517e-09,0.01201471318339094,1.2370059791980014e-07,7.304986573881413e-09,0.9875130641294608,2.633149799685504e-07,0.00046578535298567154
GSM6590489,GSE213628,spleen,control,17.383,tissue_multiclass,logistic,True,spleen,lung,1.6348944414214946e-05,0.1035830934613978,4.302987696558997e-06,1.3150411555483339e-08,0.0028285378554304694,9.894359615945153e-06,1.1206650247259165e-05,0.8931364490583938,6.861376816882086e-07,0.00040946739471050305
GSM6590490,GSE213628,spleen,control,17.383,tissue_multiclass,logistic,True,spleen,blood,0.00847431730713871,0.6454828273331348,1.0903772346177785e-05,1.73820889597527e-07,2.9596788392797622e-05,0.0105828808491857,0.04751546436106251,0.0010689997433522415,1.4592462336745925e-06,0.2868333767782637
GSM6590491,GSE213628,spleen,control,17.383,tissue_multiclass,logistic,True,spleen,lung,0.011822603525523978,0.002362592426251871,1.8713700542661476e-08,9.953878999071732e-09,4.238614061124814e-05,1.2531793727627884e-06,0.001756426068022783,0.9828341347234902,0.0010437676268810878,0.00013680764226647852
GSM6590492,GSE213628,spleen,control,52.149,tissue_multiclass,logistic,True,spleen,intestine,6.84366597237953e-05,0.01836320788138451,3.898652894074937e-08,2.2973893850566192e-06,0.5901996880530874,0.0002486991080667318,1.1160541783514327e-05,0.3299835956635917,0.0005352038446100062,0.06058767187183835
GSM6590493,GSE213628,spleen,control,52.149,tissue_multiclass,logistic,True,spleen,intestine,0.0026300992384510028,0.024896996759515854,1.5998225371064638e-07,4.7057812653459373e-07,0.9356699322388338,0.00029355653466683874,1.0710413675266274e-05,0.033832859766725606,0.002361179816770232,0.00030403467098127777
GSM6590494,GSE213628,spleen,control,52.149,tissue_multiclass,logistic,True,spleen,lung,1.731245370683683e-08,0.0004965871613600828,6.054831196102343e-11,3.326333713794805e-10,1.6147566783499955e-05,8.673472855750947e-07,2.728978014286436e-06,0.999483097492277,5.508240812440643e-07,2.924562726601578e-09
GSM6590495,GSE213628,spleen,control,52.149,tissue_multiclass,logistic,True,spleen,blood,0.00012245755191828215,0.8270683744140156,1.1317768320451628e-09,9.57704175131642e-06,0.0010363590459943723,0.0289818209401894,0.13716972176476722,0.005326025338520094,3.7799076170765674e-05,0.00024786369489630637
GSM6590496,GSE213628,spleen,control,52.149,tissue_multiclass,logistic,True,spleen,lung,7.371160977083598e-07,6.090614386562402e-05,4.583333919323938e-14,3.917992153540765e-07,5.9291190150879907e-08,2.1675642960121398e-11,1.2595078298905845e-11,0.9999376521150903,5.0995943731761085e-12,2.5349512455981586e-07
GSM6590497,GSE213628,spleen,control,104.297,tissue_multiclass,logistic,True,spleen,lung,2.4548772115019378e-05,0.01574651114292428,2.3172846164879746e-07,9.305990373891368e-06,3.544435457688391e-07,0.0009315359950260814,1.3691869577568203e-06,0.9655840055049246,2.3953297603602593e-06,0.017699741905910726
GSM6590498,GSE213628,spleen,control,104.297,tissue_multiclass,logistic,True,spleen,lung,1.9041952154222397e-14,2.6408092517729044e-07,9.849166193573558e-17,1.6963137778816401e-15,3.1102909754318525e-11,8.624695596922351e-12,5.574088333463671e-17,0.9999997330621653,4.426033843456188e-11,2.7729006202484537e-09
GSM6590499,GSE213628,spleen,control,104.297,tissue_multiclass,logistic,True,spleen,blood,2.6752789687123033e-05,0.6449239578556851,1.0193739803923485e-08,7.882603385274194e-08,0.341545985913937,0.00020216450983305518,2.3049906334669677e-05,0.012080018064993425,6.429342759911997e-05,0.001133688512156668
GSM6590500,GSE213628,spleen,control,104.297,tissue_multiclass,logistic,True,spleen,kidney,2.8153479322692406e-06,0.450185319512517,3.967019552645432e-07,1.205544482530337e-05,0.026457860917780882,0.5212617822411467,5.2724167290336517e-05,7.615857087769945e-05,0.001766719069557144,0.0001841680261174322
GSM6590501,GSE213628,spleen,control,104.297,tissue_multiclass,logistic,True,spleen,lung,0.00011861982328648621,0.0989792739879947,1.570695134209436e-08,3.1970521290050616e-06,0.20793786960050406,0.002986655355813384,0.003698336812317418,0.6747476752371987,0.011351545470076383,0.00017681095372847048
GSM6590502,GSE213628,spleen,control,104.297,tissue_multiclass,logistic,True,spleen,intestine,1.5114921584541273e-08,0.15358469199829683,8.926747119094242e-05,1.639652821587951e-05,0.7939860766800748,0.04797362317495497,1.3449816908147569e-05,0.003912127545041165,0.00041627139373461854,8.080276661100962e-06
