dataset,sra_accession,geo_series,status,timestamp,elapsed_sec,bytes_downloaded,fastq_files,failure_count,error
GSE120137,SRR7871490,GSE120137,completed,2026-04-23T19:59:08.781633Z,2480.97,8024252570,['SRR7871490.fastq'],0,
GSE120137,SRR7871491,GSE120137,completed,2026-04-23T21:01:48.265529Z,3759.48,12490088148,['SRR7871491.fastq'],0,
GSE120137,SRR7871492,GSE120137,completed,2026-04-23T22:01:54.643730Z,3606.38,12304089170,['SRR7871492.fastq'],0,
GSE120137,SRR7871493,GSE120137,completed,2026-04-23T23:47:11.217626Z,3449.13,10441757298,['SRR7871493.fastq'],0,
GSE120137,SRR7871494,GSE120137,completed,2026-04-24T00:42:48.823787Z,3334.8,7829593914,['SRR7871494.fastq'],0,
GSE120137,SRR7871495,GSE120137,completed,2026-04-24T02:48:17.241555Z,7526.29,14455973226,['SRR7871495.fastq'],0,
GSE120137,SRR7871561,GSE120137,completed,2026-04-26T18:02:49.400072Z,6528.25,5747974336,['SRR7871561.fastq'],0,
GSE120137,SRR7871577,GSE120137,completed,2026-04-26T20:04:07.485091Z,8085.14,7095578180,['SRR7871577.fastq'],0,
GSE120137,SRR7871582,GSE120137,completed,2026-04-26T21:02:41.659265Z,8330.45,8127593190,['SRR7871582.fastq'],0,
GSE120137,SRR7871619,GSE120137,completed,2026-04-27T01:05:35.711370Z,4468.97,3540403286,['SRR7871619.fastq'],0,
GSE120137,SRR7871618,GSE120137,completed,2026-04-27T01:16:46.721192Z,2519.61,4054937428,['SRR7871618.fastq'],0,
GSE120137,SRR7871622,GSE120137,completed,2026-04-27T01:23:27.741470Z,3654.91,3030354272,['SRR7871622.fastq'],0,
GSE120137,SRR7871623,GSE120137,completed,2026-04-27T01:32:14.431770Z,4001.93,2862067828,['SRR7871623.fastq'],0,
GSE120137,SRR7871624,GSE120137,completed,2026-04-27T01:38:42.183864Z,4240.63,3118402120,['SRR7871624.fastq'],0,
GSE120137,SRR7871620,GSE120137,completed,2026-04-27T01:40:21.477070Z,6474.27,4702478934,['SRR7871620.fastq'],0,
GSE120137,SRR7871621,GSE120137,completed,2026-04-27T01:40:36.233618Z,4903.13,3757225730,['SRR7871621.fastq'],0,
GSE120137,SRR7871625,GSE120137,completed,2026-04-27T02:43:30.665413Z,3887.53,2983971074,['SRR7871625.fastq'],0,
GSE120137,SRR7871627,GSE120137,completed,2026-04-27T03:32:53.784740Z,5576.94,4375065436,['SRR7871627.fastq'],0,
GSE120137,SRR7871631,GSE120137,completed,2026-04-27T03:42:11.285536Z,5159.77,3918429746,['SRR7871631.fastq'],0,
GSE120137,SRR7871632,GSE120137,completed,2026-04-27T03:45:44.999022Z,5098.77,3953645194,['SRR7871632.fastq'],0,
GSE120137,SRR7871630,GSE120137,completed,2026-04-27T03:54:46.401101Z,6149.43,4916830390,['SRR7871630.fastq'],0,
GSE120137,SRR7871628,GSE120137,completed,2026-04-27T04:00:24.367279Z,6910.17,5492196510,['SRR7871628.fastq'],0,
GSE120137,SRR7871629,GSE120137,completed,2026-04-27T04:01:30.982102Z,6664.42,5403135934,['SRR7871629.fastq'],0,
GSE120137,SRR7871633,GSE120137,completed,2026-04-27T04:36:53.559629Z,6328.31,3978606184,['SRR7871633.fastq'],0,
GSE120137,SRR7871639,GSE120137,completed,2026-04-27T06:14:46.725752Z,4795.06,3635230646,['SRR7871639.fastq'],0,
GSE120137,SRR7871642,GSE120137,completed,2026-04-27T06:20:12.977100Z,4268.84,3069716016,['SRR7871642.fastq'],0,
GSE120137,SRR7871640,GSE120137,completed,2026-04-27T06:21:10.706972Z,4849.96,3838406502,['SRR7871640.fastq'],0,
GSE120137,SRR7871643,GSE120137,completed,2026-04-27T06:25:40.958490Z,4484.58,3399668642,['SRR7871643.fastq'],0,
GSE120137,SRR7871641,GSE120137,completed,2026-04-27T06:29:03.425474Z,5144.79,4507728764,['SRR7871641.fastq'],0,
GSE120137,SRR7871638,GSE120137,completed,2026-04-27T06:33:42.925709Z,6296.15,4996352470,['SRR7871638.fastq'],0,
GSE120137,SRR7871645,GSE120137,completed,2026-04-27T07:00:23.175751Z,5243.52,3948178604,['SRR7871645.fastq'],0,
GSE120137,SRR7871644,GSE120137,completed,2026-04-27T07:00:51.491719Z,6099.9,4630571838,['SRR7871644.fastq'],0,
GSE120137,SRR7871647,GSE120137,completed,2026-04-27T08:12:07.463085Z,4193.0,3282066674,['SRR7871647.fastq'],0,
GSE120137,SRR7871646,GSE120137,completed,2026-04-27T08:16:32.555368Z,4568.29,3497990920,['SRR7871646.fastq'],0,
GSE120137,SRR7871652,GSE120137,completed,2026-04-27T08:24:54.141760Z,3344.02,2895945006,['SRR7871652.fastq'],0,
GSE120137,SRR7871649,GSE120137,completed,2026-04-27T08:31:28.215745Z,4375.32,3378910990,['SRR7871649.fastq'],0,
GSE120137,SRR7871648,GSE120137,completed,2026-04-27T08:34:29.368167Z,5066.33,3862733972,['SRR7871648.fastq'],0,
GSE120137,SRR7871650,GSE120137,completed,2026-04-27T08:40:20.629961Z,4783.65,3782716982,['SRR7871650.fastq'],0,
GSE120137,SRR7871651,GSE120137,completed,2026-04-27T09:10:01.653190Z,6270.71,4983810366,['SRR7871651.fastq'],0,
GSE120137,SRR7871653,GSE120137,completed,2026-04-27T09:54:56.410344Z,5401.48,4242537862,['SRR7871653.fastq'],0,
GSE120137,SRR7871655,GSE120137,completed,2026-04-27T11:02:51.816713Z,1474.33,2690931020,['SRR7871655.fastq'],0,
GSE120137,SRR7871657,GSE120137,completed,2026-04-27T11:05:59.443535Z,3334.62,2302037402,['SRR7871657.fastq'],0,
GSE120137,SRR7871656,GSE120137,completed,2026-04-27T11:09:02.456664Z,3732.72,2753666424,['SRR7871656.fastq'],0,
GSE120137,SRR7871654,GSE120137,completed,2026-04-27T11:22:15.575276Z,5237.93,3637153642,['SRR7871654.fastq'],0,
GSE120137,SRR7871658,GSE120137,completed,2026-04-27T11:30:36.052887Z,3672.05,2827853966,['SRR7871658.fastq'],0,
GSE120137,SRR7871659,GSE120137,completed,2026-04-27T12:30:39.232265Z,6722.14,3861998280,['SRR7871659.fastq'],0,
GSE120137,SRR7871677,GSE120137,completed,2026-04-27T17:15:08.826794Z,3569.28,3450654286,['SRR7871677.fastq'],0,
GSE120137,SRR7871683,GSE120137,completed,2026-04-27T17:20:15.707836Z,2639.04,3160247340,['SRR7871683.fastq'],0,
GSE120137,SRR7871675,GSE120137,completed,2026-04-27T17:26:20.418737Z,5712.74,4794739342,['SRR7871675.fastq'],0,
GSE120137,SRR7871682,GSE120137,completed,2026-04-27T17:29:08.533124Z,3420.04,3934027482,['SRR7871682.fastq'],0,
GSE120137,SRR7871676,GSE120137,completed,2026-04-27T17:51:44.623766Z,7153.9,6468681834,['SRR7871676.fastq'],0,
GSE120137,SRR7871679,GSE120137,completed,2026-04-27T17:58:39.081924Z,5916.72,5966937994,['SRR7871679.fastq'],0,
GSE120137,SRR7871678,GSE120137,completed,2026-04-27T18:03:08.714374Z,6315.44,6576152842,['SRR7871678.fastq'],0,
GSE120137,SRR7871681,GSE120137,completed,2026-04-27T18:15:13.620442Z,6343.24,6892680774,['SRR7871681.fastq'],0,
GSE120137,SRR7871687,GSE120137,completed,2026-04-27T19:05:53.962264Z,4284.25,4205887366,['SRR7871687.fastq'],0,
GSE120137,SRR7871688,GSE120137,completed,2026-04-27T19:30:02.863447Z,4169.77,4112902078,['SRR7871688.fastq'],0,
GSE120137,SRR7871689,GSE120137,completed,2026-04-27T19:36:58.309524Z,4382.54,4290966704,['SRR7871689.fastq'],0,
GSE120137,SRR7871694,GSE120137,completed,2026-04-27T20:46:31.821431Z,3840.6,4644620252,['SRR7871694.fastq'],0,
GSE120137,SRR7871695,GSE120137,completed,2026-04-27T20:48:20.970128Z,3865.34,5229881094,['SRR7871695.fastq'],0,
GSE120137,SRR7871691,GSE120137,completed,2026-04-27T20:49:33.852758Z,4809.51,6423480382,['SRR7871691.fastq'],0,
GSE120137,SRR7871693,GSE120137,completed,2026-04-27T20:56:32.167010Z,4534.59,5988472898,['SRR7871693.fastq'],0,
GSE120137,SRR7871696,GSE120137,completed,2026-04-27T21:13:24.857388Z,5266.42,6529366478,['SRR7871696.fastq'],0,
GSE120137,SRR7871697,GSE120137,completed,2026-04-27T21:41:19.027518Z,6852.55,8972008844,['SRR7871697.fastq'],0,
GSE120137,SRR7871698,GSE120137,completed,2026-04-27T21:43:32.756541Z,5538.86,6568885404,['SRR7871698.fastq'],0,
GSE120137,SRR7871699,GSE120137,completed,2026-04-27T23:21:13.150390Z,5858.46,7521865886,['SRR7871699.fastq'],0,
GSE120137,SRR7871700,GSE120137,completed,2026-04-27T23:49:42.928725Z,5328.47,6549073430,['SRR7871700.fastq'],0,
GSE120137,SRR7871705,GSE120137,completed,2026-04-28T01:11:09.541740Z,2911.13,3618474918,['SRR7871705.fastq'],0,
GSE120137,SRR7871708,GSE120137,completed,2026-04-28T01:16:27.513754Z,2830.73,3491477454,['SRR7871708.fastq'],0,
GSE120137,SRR7871707,GSE120137,completed,2026-04-28T01:19:52.496934Z,3130.38,3579344832,['SRR7871707.fastq'],0,
GSE120137,SRR7871701,GSE120137,completed,2026-04-28T01:20:15.410001Z,5430.55,6296917416,['SRR7871701.fastq'],0,
GSE120137,SRR7871706,GSE120137,completed,2026-04-28T01:26:01.112253Z,3641.76,4333570426,['SRR7871706.fastq'],0,
GSE120137,SRR7871710,GSE120137,completed,2026-04-28T01:26:10.039792Z,3078.19,3632553552,['SRR7871710.fastq'],0,
GSE120137,SRR7871709,GSE120137,completed,2026-04-28T01:30:14.123051Z,3559.44,3970287304,['SRR7871709.fastq'],0,
GSE120137,SRR7871702,GSE120137,completed,2026-04-28T01:45:50.628257Z,5478.36,6690512332,['SRR7871702.fastq'],0,
GSE120137,SRR7871704,GSE120137,completed,2026-04-28T01:52:00.266393Z,5462.04,6375870732,['SRR7871704.fastq'],0,
GSE120137,SRR7871703,GSE120137,completed,2026-04-28T01:55:42.978884Z,5961.09,6461752686,['SRR7871703.fastq'],0,
GSE120137,SRR7871712,GSE120137,completed,2026-04-28T02:11:40.855911Z,2405.93,2850229474,['SRR7871712.fastq'],0,
GSE120137,SRR7871711,GSE120137,completed,2026-04-28T02:16:38.513213Z,3027.47,3620371926,['SRR7871711.fastq'],0,
GSE120137,SRR7871713,GSE120137,completed,2026-04-28T02:50:39.267826Z,3682.85,3890932204,['SRR7871713.fastq'],0,
GSE120137,SRR7871719,GSE120137,completed,2026-04-28T03:28:03.658372Z,3531.8,4405465316,['SRR7871719.fastq'],0,
GSE120137,SRR7871718,GSE120137,completed,2026-04-28T03:47:49.768770Z,4822.97,6080711356,['SRR7871718.fastq'],0,
GSE120137,SRR7871717,GSE120137,completed,2026-04-28T03:55:47.545293Z,5592.17,6260602774,['SRR7871717.fastq'],0,
GSE120137,SRR7871714,GSE120137,completed,2026-04-28T04:14:30.153270Z,7287.64,8283155824,['SRR7871714.fastq'],0,
GSE120137,SRR7871715,GSE120137,completed,2026-04-28T04:20:00.672092Z,7240.9,7922816118,['SRR7871715.fastq'],0,
GSE120137,SRR7871723,GSE120137,completed,2026-04-28T04:38:21.173739Z,2790.83,3013876638,['SRR7871723.fastq'],0,
GSE120137,SRR7871725,GSE120137,completed,2026-04-28T04:53:04.877611Z,2807.89,2459000840,['SRR7871725.fastq'],0,
GSE120137,SRR7871722,GSE120137,completed,2026-04-28T05:07:26.856917Z,5555.83,5592912454,['SRR7871722.fastq'],0,
GSE120137,SRR7871720,GSE120137,completed,2026-04-28T05:32:38.964111Z,7473.96,8536637420,['SRR7871720.fastq'],0,
GSE120137,SRR7871724,GSE120137,completed,2026-04-28T05:52:07.300789Z,6660.12,6270734636,['SRR7871724.fastq'],0,
GSE120137,SRR7871726,GSE120137,completed,2026-04-28T05:58:32.835438Z,6594.85,6320871662,['SRR7871726.fastq'],0,
GSE120137,SRR7871728,GSE120137,completed,2026-04-28T06:23:12.481453Z,4660.47,5259626724,['SRR7871728.fastq'],0,
GSE120137,SRR7871731,GSE120137,completed,2026-04-28T07:03:55.547006Z,1117.8,2371607500,['SRR7871731.fastq'],0,
GSE120137,SRR7871729,GSE120137,completed,2026-04-28T07:26:44.963490Z,3810.83,4393331466,['SRR7871729.fastq'],0,
GSE120137,SRR7871730,GSE120137,completed,2026-04-28T07:28:59.222468Z,3809.43,4639261208,['SRR7871730.fastq'],0,
GSE120137,SRR7871733,GSE120137,completed,2026-04-28T07:40:50.434451Z,3401.97,4268675526,['SRR7871733.fastq'],0,
GSE120137,SRR7871732,GSE120137,completed,2026-04-28T07:44:12.558718Z,3838.87,4149768410,['SRR7871732.fastq'],0,
GSE120137,SRR7871736,GSE120137,completed,2026-04-28T07:46:41.384576Z,2245.98,2387901250,['SRR7871736.fastq'],0,
GSE120137,SRR7871734,GSE120137,completed,2026-04-28T07:57:10.557260Z,4291.59,4766003176,['SRR7871734.fastq'],0,
GSE120137,SRR7871735,GSE120137,completed,2026-04-28T07:58:48.832875Z,4280.07,4166289908,['SRR7871735.fastq'],0,
GSE120137,SRR7871737,GSE120137,completed,2026-04-28T08:01:55.661040Z,3044.34,3344850650,['SRR7871737.fastq'],0,
GSE120137,SRR7871738,GSE120137,completed,2026-04-28T08:55:52.941798Z,3236.33,3862564352,['SRR7871738.fastq'],0,
GSE120137,SRR7871740,GSE120137,completed,2026-04-28T08:58:08.748743Z,2580.37,3566476552,['SRR7871740.fastq'],0,
GSE120137,SRR7871742,GSE120137,completed,2026-04-28T08:59:33.412675Z,2305.58,3312340352,['SRR7871742.fastq'],0,
GSE120137,SRR7871739,GSE120137,completed,2026-04-28T09:00:17.735439Z,3131.73,3866091644,['SRR7871739.fastq'],0,
GSE120137,SRR7871743,GSE120137,completed,2026-04-28T09:07:07.342068Z,2500.4,3351522010,['SRR7871743.fastq'],0,
GSE120137,SRR7871745,GSE120137,completed,2026-04-28T09:11:13.321943Z,2183.49,2549176862,['SRR7871745.fastq'],0,
GSE120137,SRR7871741,GSE120137,completed,2026-04-28T09:20:46.402060Z,3679.24,4418701950,['SRR7871741.fastq'],0,
GSE120137,SRR7871744,GSE120137,completed,2026-04-28T09:24:15.594784Z,3185.53,3619598540,['SRR7871744.fastq'],0,
GSE120137,SRR7871746,GSE120137,completed,2026-04-28T09:31:14.958392Z,3299.69,4090607588,['SRR7871746.fastq'],0,
GSE120137,SRR7871747,GSE120137,completed,2026-04-28T10:29:50.854850Z,3514.77,4006378178,['SRR7871747.fastq'],0,
GSE120137,SRR7871749,GSE120137,completed,2026-04-28T10:34:08.794409Z,3443.93,4122757440,['SRR7871749.fastq'],0,
GSE120137,SRR7871748,GSE120137,completed,2026-04-28T10:39:00.196792Z,3819.01,4544046712,['SRR7871748.fastq'],0,
GSE120137,SRR7871752,GSE120137,completed,2026-04-28T10:41:18.287923Z,2733.99,3126418632,['SRR7871752.fastq'],0,
GSE120137,SRR7871754,GSE120137,completed,2026-04-28T10:51:49.686557Z,2813.95,3373668326,['SRR7871754.fastq'],0,
GSE120137,SRR7871753,GSE120137,completed,2026-04-28T10:53:35.731312Z,3020.19,3537760286,['SRR7871753.fastq'],0,
GSE120137,SRR7871750,GSE120137,completed,2026-04-28T11:03:55.745741Z,5095.76,5393341496,['SRR7871750.fastq'],0,
GSE120137,SRR7871755,GSE120137,completed,2026-04-28T11:12:27.473168Z,3817.05,4215270214,['SRR7871755.fastq'],0,
GSE120137,SRR7871751,GSE120137,completed,2026-04-28T11:14:04.495777Z,5075.03,4766376420,['SRR7871751.fastq'],0,
GSE120137,SRR7871796,GSE120137,completed,2026-04-28T17:45:33.325790Z,3944.87,5726578832,['SRR7871796.fastq'],0,
GSE120137,SRR7871794,GSE120137,completed,2026-04-28T18:03:23.145430Z,5556.77,4754555980,['SRR7871794.fastq'],0,
GSE120137,SRR7871795,GSE120137,completed,2026-04-28T18:13:30.798151Z,5898.71,5786877768,['SRR7871795.fastq'],0,
GSE120137,SRR7871797,GSE120137,completed,2026-04-28T18:20:31.174808Z,5567.92,5636497840,['SRR7871797.fastq'],0,
GSE120137,SRR7871798,GSE120137,completed,2026-04-28T18:25:59.012049Z,4467.03,5833002108,['SRR7871798.fastq'],0,
GSE120137,SRR7871799,GSE120137,completed,2026-04-28T18:40:53.015108Z,5257.95,5985088832,['SRR7871799.fastq'],0,
GSE120137,SRR7871800,GSE120137,completed,2026-04-28T18:58:34.239881Z,6172.33,6818276562,['SRR7871800.fastq'],0,
GSE120137,SRR7871801,GSE120137,completed,2026-04-28T19:02:31.681313Z,6053.06,6936676490,['SRR7871801.fastq'],0,
GSE120137,SRR7871802,GSE120137,completed,2026-04-28T19:05:30.211685Z,5948.02,6612110166,['SRR7871802.fastq'],0,
GSE120137,SRR7871805,GSE120137,completed,2026-04-28T20:13:12.272729Z,3146.79,3464873028,['SRR7871805.fastq'],0,
GSE120137,SRR7871806,GSE120137,completed,2026-04-28T20:28:27.887817Z,3651.02,3569339000,['SRR7871806.fastq'],0,
GSE120137,SRR7871807,GSE120137,completed,2026-04-28T20:31:31.974986Z,3699.79,4084952576,['SRR7871807.fastq'],0,
GSE120137,SRR7871808,GSE120137,completed,2026-04-28T21:02:36.014556Z,4752.69,4990444090,['SRR7871808.fastq'],0,
GSE120137,SRR7871803,GSE120137,completed,2026-04-28T21:17:59.167309Z,7947.06,9223087532,['SRR7871803.fastq'],0,
GSE120137,SRR7871809,GSE120137,completed,2026-04-28T22:03:26.375080Z,3648.93,4207163554,['SRR7871809.fastq'],0,
GSE120137,SRR7871810,GSE120137,completed,2026-04-28T22:19:38.386693Z,4470.4,4557530076,['SRR7871810.fastq'],0,
GSE120137,SRR7871811,GSE120137,completed,2026-04-28T22:31:05.872843Z,4525.37,4720163566,['SRR7871811.fastq'],0,
GSE120137,SRR7871812,GSE120137,completed,2026-04-28T22:46:36.561417Z,4996.85,5421099384,['SRR7871812.fastq'],0,
GSE120137,SRR7871813,GSE120137,completed,2026-04-28T22:49:07.823592Z,5013.33,4934882190,['SRR7871813.fastq'],0,
GSE120137,SRR7871814,GSE120137,completed,2026-04-28T23:06:05.317978Z,5787.79,5584494816,['SRR7871814.fastq'],0,
GSE120137,SRR7871815,GSE120137,completed,2026-04-28T23:16:11.117712Z,6029.63,5818924948,['SRR7871815.fastq'],0,
GSE120137,SRR7871816,GSE120137,completed,2026-04-29T00:31:10.582974Z,4497.42,5107040076,['SRR7871816.fastq'],0,
GSE120137,SRR7871821,GSE120137,completed,2026-04-29T00:33:20.447553Z,3736.56,4242758922,['SRR7871821.fastq'],0,
GSE120137,SRR7871817,GSE120137,completed,2026-04-29T00:44:23.125661Z,5177.39,5824295942,['SRR7871817.fastq'],0,
GSE120137,SRR7871823,GSE120137,completed,2026-04-29T00:49:16.642892Z,3786.1,4298237232,['SRR7871823.fastq'],0,
GSE120137,SRR7871818,GSE120137,completed,2026-04-29T00:52:23.915710Z,5278.54,5710959972,['SRR7871818.fastq'],0,
GSE120137,SRR7871822,GSE120137,completed,2026-04-29T00:52:48.790398Z,4612.83,4794164994,['SRR7871822.fastq'],0,
GSE120137,SRR7871819,GSE120137,completed,2026-04-29T00:55:51.384809Z,5338.94,5988783534,['SRR7871819.fastq'],0,
GSE120137,SRR7871820,GSE120137,completed,2026-04-29T01:10:18.081840Z,6041.44,6116230998,['SRR7871820.fastq'],0,
GSE120137,SRR7871824,GSE120137,completed,2026-04-29T01:14:16.811372Z,4713.9,5368130338,['SRR7871824.fastq'],0,
GSE120137,SRR7871825,GSE120137,completed,2026-04-29T04:07:23.467620Z,8651.73,3730621170,['SRR7871825.fastq'],0,
GSE120137,SRR7871850,GSE120137,completed,2026-04-29T05:15:59.403124Z,310.6,1865434556,['SRR7871850_2.fastq'],0,
GSE120137,SRR7871844,GSE120137,completed,2026-04-29T06:06:49.980290Z,4980.29,4955136310,['SRR7871844.fastq'],0,
GSE120137,SRR7871843,GSE120137,completed,2026-04-29T06:07:00.898892Z,5656.1,5221579750,['SRR7871843.fastq'],0,
GSE120137,SRR7871846,GSE120137,completed,2026-04-29T06:19:38.562125Z,5066.84,5569686690,['SRR7871846.fastq'],0,
GSE120137,SRR7871849,GSE120137,completed,2026-04-29T06:40:12.703193Z,5627.21,7305617520,['SRR7871849.fastq'],0,
GSE120137,SRR7871845,GSE120137,completed,2026-04-29T06:40:13.951309Z,6700.28,6741758956,['SRR7871845.fastq'],0,
GSE120137,SRR7871851,GSE120137,completed,2026-04-29T06:45:17.389857Z,5357.52,7424911122,['SRR7871851.fastq'],0,
GSE120137,SRR7871848,GSE120137,completed,2026-04-29T06:49:44.071060Z,6353.69,6686616404,['SRR7871848.fastq'],0,
GSE120137,SRR7871852,GSE120137,completed,2026-04-29T06:52:08.916723Z,409.33,1896533316,['SRR7871852_2.fastq'],0,
GSE120137,SRR7871847,GSE120137,completed,2026-04-29T06:54:08.872930Z,6914.55,6682367110,['SRR7871847.fastq'],0,
GSE120137,SRR7871854,GSE120137,completed,2026-04-29T07:00:05.266357Z,344.89,1749607844,['SRR7871854_2.fastq'],0,
GSE120137,SRR7871856,GSE120137,completed,2026-04-29T07:07:14.136852Z,231.39,1943993172,['SRR7871856_2.fastq'],0,
GSE120137,SRR7871858,GSE120137,completed,2026-04-29T07:13:48.513703Z,313.94,1645564124,['SRR7871858_2.fastq'],0,
GSE120137,SRR7871860,GSE120137,completed,2026-04-29T07:15:46.966529Z,269.04,1852655848,['SRR7871860_2.fastq'],0,
GSE120137,SRR7871862,GSE120137,completed,2026-04-29T07:25:17.249705Z,319.24,1779424124,['SRR7871862_2.fastq'],0,
GSE120137,SRR7871864,GSE120137,completed,2026-04-29T07:31:55.308692Z,318.55,2010944884,['SRR7871864_2.fastq'],0,
GSE120137,SRR7871866,GSE120137,completed,2026-04-29T07:39:38.678213Z,383.95,2157127916,['SRR7871866_2.fastq'],0,
GSE120137,SRR7871868,GSE120137,completed,2026-04-29T07:46:35.997185Z,271.78,1846775576,['SRR7871868_2.fastq'],0,
GSE120137,SRR7871853,GSE120137,completed,2026-04-29T08:15:49.936848Z,5020.55,6861198354,['SRR7871853.fastq'],0,
GSE120137,SRR7871857,GSE120137,completed,2026-04-29T08:16:28.905797Z,4389.16,6462009526,['SRR7871857.fastq'],0,
GSE120137,SRR7871855,GSE120137,completed,2026-04-29T08:29:01.949434Z,5531.21,7607017594,['SRR7871855.fastq'],0,
GSE120137,SRR7871859,GSE120137,completed,2026-04-29T08:33:04.981925Z,4991.69,7256554726,['SRR7871859.fastq'],0,
GSE120137,SRR7871861,GSE120137,completed,2026-04-29T08:39:46.167329Z,5038.75,6975599396,['SRR7871861.fastq'],0,
GSE120137,SRR7871863,GSE120137,completed,2026-04-29T08:55:03.802715Z,5612.08,7863889096,['SRR7871863.fastq'],0,
GSE120137,SRR7871865,GSE120137,completed,2026-04-29T09:10:09.311496Z,6121.09,8424783566,['SRR7871865.fastq'],0,
GSE120137,SRR7871867,GSE120137,completed,2026-04-29T09:13:32.334499Z,5633.13,7234027328,['SRR7871867.fastq'],0,
GSE120137,SRR7871869,GSE120137,completed,2026-04-29T09:30:44.822685Z,6248.4,8049908812,['SRR7871869.fastq'],0,
GSE120137,SRR7871870,GSE120137,completed,2026-04-29T09:36:49.978132Z,362.61,2059429344,['SRR7871870_2.fastq'],0,
GSE120137,SRR7871872,GSE120137,completed,2026-04-29T09:44:16.168820Z,325.8,1709778836,['SRR7871872_2.fastq'],0,
GSE120137,SRR7871874,GSE120137,completed,2026-04-29T10:00:41.494188Z,339.41,1720321944,['SRR7871874_2.fastq'],0,
GSE120137,SRR7871876,GSE120137,completed,2026-04-29T10:07:10.692568Z,258.89,1737098236,['SRR7871876_2.fastq'],0,
GSE120137,SRR7871878,GSE120137,completed,2026-04-29T10:12:43.171175Z,291.75,1725734488,['SRR7871878_2.fastq'],0,
GSE120137,SRR7871880,GSE120137,completed,2026-04-29T10:16:46.612062Z,321.51,1737683540,['SRR7871880_2.fastq'],0,
GSE120137,SRR7871882,GSE120137,completed,2026-04-29T10:25:05.503387Z,414.7,1894034872,['SRR7871882_2.fastq'],0,
GSE120137,SRR7871884,GSE120137,completed,2026-04-29T10:27:56.510246Z,347.59,1946825576,['SRR7871884_2.fastq'],0,
GSE120137,SRR7871886,GSE120137,completed,2026-04-29T10:34:37.211516Z,319.83,1652336612,['SRR7871886_2.fastq'],0,
GSE120137,SRR7871888,GSE120137,completed,2026-04-29T10:43:21.360399Z,303.78,1609089528,['SRR7871888_2.fastq'],0,
GSE120137,SRR7871873,GSE120137,completed,2026-04-29T10:51:05.414489Z,4008.83,6748817082,['SRR7871873.fastq'],0,
GSE120137,SRR7871871,GSE120137,completed,2026-04-29T10:54:38.014979Z,4667.53,6708394402,['SRR7871871.fastq'],0,
GSE120137,SRR7871890,GSE120137,completed,2026-04-29T12:50:35.315001Z,4398.38,1510552376,['SRR7871890_2.fastq'],0,
GSE120137,SRR7871892,GSE120137,completed,2026-04-29T13:46:58.486000Z,3302.44,1830341800,['SRR7871892_2.fastq'],0,
GSE120137,SRR7871894,GSE120137,completed,2026-04-29T13:49:00.848024Z,2862.75,1575218348,['SRR7871894_2.fastq'],0,
GSE120137,SRR7871896,GSE120137,completed,2026-04-29T15:07:36.880697Z,4277.84,1835067748,['SRR7871896_2.fastq'],0,
GSE120137,SRR7871898,GSE120137,completed,2026-04-29T15:58:42.624657Z,2981.02,1819066556,['SRR7871898_2.fastq'],0,
GSE120137,SRR7871900,GSE120137,completed,2026-04-29T16:06:04.525740Z,361.44,1835495180,['SRR7871900_2.fastq'],0,
GSE120137,SRR7871902,GSE120137,completed,2026-04-29T16:14:57.518211Z,366.3,1713906692,['SRR7871902_2.fastq'],0,
GSE120137,SRR7871904,GSE120137,completed,2026-04-29T16:25:19.018967Z,357.45,1801238244,['SRR7871904_2.fastq'],0,
GSE120137,SRR7871877,GSE120137,completed,2026-04-29T16:32:54.856070Z,11515.9,6769572384,['SRR7871877.fastq'],0,
GSE120137,SRR7871885,GSE120137,completed,2026-04-29T16:35:01.090985Z,6795.7,6487962524,['SRR7871885.fastq'],0,
GSE120137,SRR7871879,GSE120137,completed,2026-04-29T16:37:44.017579Z,4343.24,6815402832,['SRR7871879.fastq'],0,
GSE120137,SRR7871883,GSE120137,completed,2026-04-29T16:41:38.305960Z,5800.91,7617846110,['SRR7871883.fastq'],0,
GSE120137,SRR7871881,GSE120137,completed,2026-04-29T16:42:49.243680Z,4385.85,7415314240,['SRR7871881.fastq'],0,
GSE120137,SRR7871901,GSE120137,completed,2026-04-29T17:21:45.029543Z,4540.09,6724144384,['SRR7871901.fastq'],0,
GSE120137,SRR7871903,GSE120137,completed,2026-04-29T17:32:46.691326Z,4668.76,7059210206,['SRR7871903.fastq'],0,
GSE120137,SRR7871905,GSE120137,completed,2026-04-29T17:40:53.799780Z,4534.35,6864811318,['SRR7871905.fastq'],0,
GSE120137,SRR7871906,GSE120137,completed,2026-04-29T17:46:43.076607Z,347.29,1750570992,['SRR7871906_2.fastq'],0,
GSE120137,SRR7871908,GSE120137,completed,2026-04-29T18:10:16.348041Z,255.29,1540244180,['SRR7871908_2.fastq'],0,
GSE120137,SRR7871910,GSE120137,completed,2026-04-29T18:15:35.566002Z,239.29,1504798696,['SRR7871910_2.fastq'],0,
GSE120137,SRR7871912,GSE120137,completed,2026-04-29T18:22:17.946156Z,322.13,1779432404,['SRR7871912_2.fastq'],0,
GSE120137,SRR7871914,GSE120137,completed,2026-04-29T18:27:04.514712Z,189.05,1951872604,['SRR7871914_2.fastq'],0,
GSE120137,SRR7871916,GSE120137,completed,2026-04-29T18:33:06.014110Z,281.18,1800977516,['SRR7871916_2.fastq'],0,
GSE120137,SRR7871918,GSE120137,completed,2026-04-29T18:37:50.786101Z,387.84,1918703016,['SRR7871918_2.fastq'],0,
GSE120137,SRR7871920,GSE120137,completed,2026-04-29T18:44:16.703391Z,305.54,1759596652,['SRR7871920_2.fastq'],0,
GSE120137,SRR7871922,GSE120137,completed,2026-04-29T18:50:57.939792Z,321.69,1816650728,['SRR7871922_2.fastq'],0,
GSE120137,SRR7871907,GSE120137,completed,2026-04-29T18:51:15.917615Z,2124.98,6057850814,['SRR7871907.fastq'],0,
GSE120137,SRR7871909,GSE120137,completed,2026-04-29T19:17:45.699379Z,4192.21,5921850988,['SRR7871909.fastq'],0,
GSE120137,SRR7871911,GSE120137,completed,2026-04-29T19:28:17.491960Z,4511.22,6975536584,['SRR7871911.fastq'],0,
GSE120137,SRR7871915,GSE120137,completed,2026-04-29T19:40:00.572643Z,4695.48,7058211558,['SRR7871915.fastq'],0,
GSE120137,SRR7871913,GSE120137,completed,2026-04-29T19:43:51.748201Z,5107.82,7637154872,['SRR7871913.fastq'],0,
GSE120137,SRR7871919,GSE120137,completed,2026-04-29T19:47:24.282316Z,4471.65,6899430830,['SRR7871919.fastq'],0,
GSE120137,SRR7871917,GSE120137,completed,2026-04-29T19:56:14.907986Z,5176.18,7509889674,['SRR7871917.fastq'],0,
GSE120137,SRR7871921,GSE120137,completed,2026-04-29T19:59:39.761035Z,4725.78,7118400486,['SRR7871921.fastq'],0,
GSE120137,SRR7871923,GSE120137,completed,2026-04-29T20:10:35.585792Z,4777.19,7496646724,['SRR7871923.fastq'],0,
GSE120137,SRR7871924,GSE120137,completed,2026-04-29T20:17:14.192266Z,396.36,1915234248,['SRR7871924_2.fastq'],0,
GSE120137,SRR7871926,GSE120137,completed,2026-04-29T20:20:38.012693Z,123.52,719683384,['SRR7871926_2.fastq'],0,
GSE120137,SRR7871928,GSE120137,completed,2026-04-29T20:24:47.688681Z,105.68,557929704,['SRR7871928_2.fastq'],0,
GSE120137,SRR7871930,GSE120137,completed,2026-04-29T20:32:51.514136Z,391.75,1625047480,['SRR7871930_2.fastq'],0,
GSE120137,SRR7871925,GSE120137,completed,2026-04-29T20:43:27.610283Z,1791.17,2885939564,['SRR7871925.fastq'],0,
GSE120137,SRR7871927,GSE120137,completed,2026-04-29T20:44:38.967556Z,1440.78,2240778336,['SRR7871927.fastq'],0,
GSE120137,SRR7871932,GSE120137,completed,2026-04-29T20:56:12.370219Z,534.23,2349805356,['SRR7871932_2.fastq'],0,
GSE120137,SRR7871934,GSE120137,completed,2026-04-29T21:04:51.697862Z,439.29,2524165228,['SRR7871934_2.fastq'],0,
GSE120137,SRR7871936,GSE120137,completed,2026-04-29T21:07:47.600896Z,332.5,1748844980,['SRR7871936_2.fastq'],0,
GSE120137,SRR7871938,GSE120137,completed,2026-04-29T21:18:43.615417Z,487.8,2098979500,['SRR7871938_2.fastq'],0,
GSE120137,SRR7871929,GSE120137,completed,2026-04-29T21:29:45.338120Z,3897.52,6383290322,['SRR7871929.fastq'],0,
GSE120137,SRR7871931,GSE120137,completed,2026-04-29T22:05:59.771450Z,5587.86,9164047670,['SRR7871931.fastq'],0,
GSE120137,SRR7871935,GSE120137,completed,2026-04-29T22:22:42.448556Z,4922.84,6858253868,['SRR7871935.fastq'],0,
GSE120137,SRR7871939,GSE120137,completed,2026-04-29T22:38:15.886861Z,4771.76,6830353792,['SRR7871939.fastq'],0,
GSE120137,SRR7871940,GSE120137,completed,2026-04-29T22:44:07.577266Z,349.68,1741567964,['SRR7871940_2.fastq'],0,
GSE120137,SRR7871933,GSE120137,completed,2026-04-29T22:46:23.817228Z,6959.13,9833004794,['SRR7871933.fastq'],0,
GSE120137,SRR7871937,GSE120137,completed,2026-04-29T22:51:50.015039Z,6242.01,8201673898,['SRR7871937.fastq'],0,
GSE120137,SRR7871942,GSE120137,completed,2026-04-29T22:57:01.528566Z,225.78,1258382768,['SRR7871942_2.fastq'],0,
GSE120137,SRR7871941,GSE120137,completed,2026-04-29T23:38:17.873590Z,3249.87,4976465092,['SRR7871941.fastq'],0,
GSE120137,SRR7871943,GSE120137,completed,2026-04-30T00:33:55.062115Z,5813.23,9450904936,['SRR7871943.fastq'],0,
GSE120137,SRR7871944,GSE120137,completed,2026-04-30T00:41:47.076040Z,469.01,2424576516,['SRR7871944_2.fastq'],0,
GSE120137,SRR7871946,GSE120137,completed,2026-04-30T00:49:19.442817Z,371.5,2130016528,['SRR7871946_2.fastq'],0,
GSE120137,SRR7871948,GSE120137,completed,2026-04-30T00:54:20.971706Z,312.77,1935331004,['SRR7871948_2.fastq'],0,
GSE120137,SRR7871950,GSE120137,completed,2026-04-30T01:00:52.224074Z,307.38,1876533252,['SRR7871950_2.fastq'],0,
GSE120137,SRR7871952,GSE120137,completed,2026-04-30T01:03:20.603343Z,279.71,1832696080,['SRR7871952_2.fastq'],0,
GSE120137,SRR7871954,GSE120137,completed,2026-04-30T01:11:10.468571Z,390.27,1645855212,['SRR7871954_2.fastq'],0,
GSE120137,SRR7871956,GSE120137,completed,2026-04-30T01:14:22.057805Z,268.85,1638480676,['SRR7871956_2.fastq'],0,
GSE120137,SRR7871958,GSE120137,completed,2026-04-30T01:19:31.227872Z,228.69,1350019460,['SRR7871958_2.fastq'],0,
GSE120137,SRR7871960,GSE120137,completed,2026-04-30T01:29:22.156461Z,504.51,2301007452,['SRR7871960_2.fastq'],0,
GSE120137,SRR7871947,GSE120137,completed,2026-04-30T02:06:50.143180Z,4824.16,7573718594,['SRR7871947.fastq'],0,
GSE120137,SRR7871957,GSE120137,completed,2026-04-30T02:21:58.805203Z,4224.79,5328013046,['SRR7871957.fastq'],0,
GSE120137,SRR7871949,GSE120137,completed,2026-04-30T02:25:45.751327Z,5484.31,7348123734,['SRR7871949.fastq'],0,
GSE120137,SRR7871945,GSE120137,completed,2026-04-30T02:28:33.095425Z,6699.33,8320687294,['SRR7871945.fastq'],0,
GSE120137,SRR7871951,GSE120137,completed,2026-04-30T02:30:24.979864Z,5590.95,7179919728,['SRR7871951.fastq'],0,
GSE120137,SRR7871955,GSE120137,completed,2026-04-30T02:42:30.293845Z,5646.66,6434754864,['SRR7871955.fastq'],0,
GSE120137,SRR7871953,GSE120137,completed,2026-04-30T02:46:59.293835Z,6379.32,6463054846,['SRR7871953.fastq'],0,
GSE120137,SRR7871961,GSE120137,completed,2026-04-30T02:53:51.956598Z,5069.16,6078765210,['SRR7871961.fastq'],0,
GSE120137,SRR7871962,GSE120137,completed,2026-04-30T02:58:58.939194Z,305.18,1545688280,['SRR7871962_2.fastq'],0,
GSE120137,SRR7871959,GSE120137,completed,2026-04-30T03:18:05.186810Z,7113.64,8976707690,['SRR7871959.fastq'],0,
GSE120137,SRR7871964,GSE120137,completed,2026-04-30T03:24:47.589173Z,318.38,1626652604,['SRR7871964_2.fastq'],0,
GSE120137,SRR7871966,GSE120137,completed,2026-04-30T03:34:51.224852Z,410.01,1629728900,['SRR7871966_2.fastq'],0,
GSE120137,SRR7871968,GSE120137,completed,2026-04-30T03:40:08.322837Z,235.25,1619306128,['SRR7871968_2.fastq'],0,
GSE120137,SRR7871963,GSE120137,completed,2026-04-30T04:11:39.828288Z,4360.51,6389414838,['SRR7871963.fastq'],0,
GSE120137,SRR7871965,GSE120137,completed,2026-04-30T04:36:44.396578Z,4316.41,6401179830,['SRR7871965.fastq'],0,
GSE120137,SRR7871967,GSE120137,completed,2026-04-30T04:41:48.449333Z,4341.66,6361197266,['SRR7871967.fastq'],0,
GSE120137,SRR7871969,GSE120137,completed,2026-04-30T04:42:50.674445Z,3761.95,5968847030,['SRR7871969.fastq'],0,
GSE120137,SRR7871970,GSE120137,completed,2026-04-30T04:46:44.029250Z,231.58,1517024116,['SRR7871970_2.fastq'],0,
GSE120137,SRR7871972,GSE120137,completed,2026-04-30T04:52:51.438825Z,286.54,1625289900,['SRR7871972_2.fastq'],0,
GSE120137,SRR7871974,GSE120137,completed,2026-04-30T05:04:36.882213Z,558.78,1594000148,['SRR7871974_2.fastq'],0,
GSE120137,SRR7871975,GSE120137,completed,2026-04-30T05:50:32.352372Z,2755.09,7690039814,['SRR7871975.fastq'],0,
GSE120137,SRR7871976,GSE120137,completed,2026-04-30T05:57:28.085133Z,413.45,1965629824,['SRR7871976_2.fastq'],0,
GSE120137,SRR7871971,GSE120137,completed,2026-04-30T06:02:30.074873Z,2341.04,6384245768,['SRR7871971.fastq'],0,
GSE120137,SRR7871978,GSE120137,completed,2026-04-30T06:04:28.591151Z,337.0,1928523004,['SRR7871978_2.fastq'],0,
GSE120137,SRR7871973,GSE120137,completed,2026-04-30T06:08:25.139880Z,4533.32,6264182522,['SRR7871973.fastq'],0,
GSE120137,SRR7871980,GSE120137,completed,2026-04-30T06:09:52.802968Z,235.13,1417759520,['SRR7871980_2.fastq'],0,
GSE120137,SRR7871982,GSE120137,completed,2026-04-30T06:17:18.462222Z,297.49,1712208004,['SRR7871982_2.fastq'],0,
GSE120137,SRR7871984,GSE120137,completed,2026-04-30T06:25:45.274414Z,307.84,1683786904,['SRR7871984_2.fastq'],0,
GSE120137,SRR7871979,GSE120137,completed,2026-04-30T07:03:49.570643Z,3560.53,5587972340,['SRR7871979.fastq'],0,
GSE120137,SRR7871977,GSE120137,completed,2026-04-30T07:19:29.848377Z,4921.29,7547680826,['SRR7871977.fastq'],0,
GSE120137,SRR7871981,GSE120137,completed,2026-04-30T07:22:18.976838Z,4345.84,6717733484,['SRR7871981.fastq'],0,
GSE120137,SRR7871983,GSE120137,completed,2026-04-30T07:29:22.482626Z,4323.62,6608663386,['SRR7871983.fastq'],0,
GSE120137,SRR7871985,GSE120137,completed,2026-04-30T07:43:42.873328Z,4677.21,7210538652,['SRR7871985.fastq'],0,
GSE120137,SRR7871986,GSE120137,completed,2026-04-30T07:49:13.870329Z,328.92,1840658772,['SRR7871986_2.fastq'],0,
GSE120137,SRR7871988,GSE120137,completed,2026-04-30T07:57:06.218005Z,312.57,1589586816,['SRR7871988_2.fastq'],0,
GSE120137,SRR7871990,GSE120137,completed,2026-04-30T08:11:35.299151Z,253.02,1492437024,['SRR7871990_2.fastq'],0,
GSE120137,SRR7871992,GSE120137,completed,2026-04-30T08:18:28.751228Z,334.64,1897100588,['SRR7871992_2.fastq'],0,
GSE120137,SRR7871994,GSE120137,completed,2026-04-30T08:24:35.259100Z,287.1,1749899024,['SRR7871994_2.fastq'],0,
GSE120137,SRR7871996,GSE120137,completed,2026-04-30T08:28:47.499545Z,307.09,1455191468,['SRR7871996_2.fastq'],0,
GSE120137,SRR7871998,GSE120137,completed,2026-04-30T08:35:44.323728Z,319.82,1807474096,['SRR7871998_2.fastq'],0,
GSE120137,SRR7872000,GSE120137,completed,2026-04-30T08:42:49.231207Z,330.39,1659141300,['SRR7872000_2.fastq'],0,
GSE120137,SRR7871987,GSE120137,completed,2026-04-30T08:55:48.976012Z,2330.87,6247223752,['SRR7871987.fastq'],0,
GSE120137,SRR7871989,GSE120137,completed,2026-04-30T09:02:00.562569Z,3893.97,5874493228,['SRR7871989.fastq'],0,
GSE120137,SRR7871991,GSE120137,completed,2026-04-30T09:26:22.599526Z,4660.25,7427098096,['SRR7871991.fastq'],0,
GSE120137,SRR7871995,GSE120137,completed,2026-04-30T09:26:50.532990Z,3903.3,5731590282,['SRR7871995.fastq'],0,
GSE120137,SRR7871993,GSE120137,completed,2026-04-30T09:30:28.397851Z,4568.28,6862335256,['SRR7871993.fastq'],0,
GSE120137,SRR7872001,GSE120137,completed,2026-04-30T09:43:26.834600Z,3637.2,5698519690,['SRR7872001.fastq'],0,
GSE120137,SRR7871997,GSE120137,completed,2026-04-30T09:43:28.432626Z,4480.59,7083205750,['SRR7871997.fastq'],0,
GSE120137,SRR7871999,GSE120137,completed,2026-04-30T09:47:53.744119Z,4328.98,6514093228,['SRR7871999.fastq'],0,
GSE120137,SRR7872002,GSE120137,completed,2026-04-30T09:48:34.828598Z,306.35,1446574564,['SRR7872002_2.fastq'],0,
GSE120137,SRR7872004,GSE120137,completed,2026-04-30T09:56:35.246542Z,283.91,1742886692,['SRR7872004_2.fastq'],0,
GSE120137,SRR7872006,GSE120137,completed,2026-04-30T10:13:47.288782Z,366.7,1818975752,['SRR7872006_2.fastq'],0,
GSE120137,SRR7872008,GSE120137,completed,2026-04-30T10:28:18.209928Z,390.54,1695956572,['SRR7872008_2.fastq'],0,
GSE120137,SRR7872010,GSE120137,completed,2026-04-30T10:34:28.278970Z,290.87,1792746552,['SRR7872010_2.fastq'],0,
GSE120137,SRR7872012,GSE120137,completed,2026-04-30T10:41:48.296117Z,360.39,1870807908,['SRR7872012_2.fastq'],0,
GSE120137,SRR7872014,GSE120137,completed,2026-04-30T10:49:06.533145Z,359.05,1921489696,['SRR7872014_2.fastq'],0,
GSE120137,SRR7872003,GSE120137,completed,2026-04-30T11:02:26.386822Z,4431.22,6835424566,['SRR7872003.fastq'],0,
GSE120137,SRR7872005,GSE120137,completed,2026-04-30T11:11:40.886871Z,4505.24,7127359502,['SRR7872005.fastq'],0,
GSE120137,SRR7872007,GSE120137,completed,2026-04-30T11:23:37.964230Z,4190.25,6655336952,['SRR7872007.fastq'],0,
GSE120137,SRR7872015,GSE120137,completed,2026-04-30T11:39:42.185443Z,3035.19,4827132082,['SRR7872015.fastq'],0,
GSE120137,SRR7872016,GSE120137,completed,2026-04-30T11:43:32.980290Z,229.43,1219461524,['SRR7872016_2.fastq'],0,
GSE120137,SRR7872009,GSE120137,completed,2026-04-30T11:49:16.103742Z,5090.93,7026716924,['SRR7872009.fastq'],0,
GSE120137,SRR7872011,GSE120137,completed,2026-04-30T11:54:24.079576Z,4980.5,7326215476,['SRR7872011.fastq'],0,
GSE120137,SRR7872013,GSE120137,completed,2026-04-30T11:58:46.048104Z,4869.89,7520676824,['SRR7872013.fastq'],0,
GSE120137,SRR7872018,GSE120137,completed,2026-04-30T12:04:30.766892Z,264.17,1331273724,['SRR7872018_2.fastq'],0,
GSE120137,SRR7872020,GSE120137,completed,2026-04-30T12:10:13.506259Z,263.88,1490662436,['SRR7872020_2.fastq'],0,
GSE120137,SRR7872022,GSE120137,completed,2026-04-30T12:16:51.630686Z,258.36,1410943332,['SRR7872022_2.fastq'],0,
GSE120137,SRR7872024,GSE120137,completed,2026-04-30T12:22:56.042181Z,264.59,1346151504,['SRR7872024_2.fastq'],0,
GSE120137,SRR7872017,GSE120137,completed,2026-04-30T12:43:47.598709Z,3614.33,5256130636,['SRR7872017.fastq'],0,
GSE120137,SRR7872021,GSE120137,completed,2026-04-30T13:05:25.086553Z,3492.71,5561813436,['SRR7872021.fastq'],0,
GSE120137,SRR7872019,GSE120137,completed,2026-04-30T13:10:54.029262Z,4117.48,5867683162,['SRR7872019.fastq'],0,
GSE120137,SRR7872023,GSE120137,completed,2026-04-30T13:16:51.957116Z,3599.99,5313222600,['SRR7872023.fastq'],0,
GSE120137,SRR7872025,GSE120137,completed,2026-04-30T13:42:31.505894Z,4775.15,7223226420,['SRR7872025.fastq'],0,
GSE120137,SRR7872026,GSE120137,completed,2026-04-30T13:57:10.917969Z,192.37,1843952648,['SRR7872026_2.fastq'],0,
GSE120137,SRR7872030,GSE120137,completed,2026-04-30T14:08:27.577348Z,396.76,1721072664,['SRR7872030_2.fastq'],0,
GSE120137,SRR7872028,GSE120137,completed,2026-04-30T14:16:43.919060Z,285.61,1799804240,['SRR7872028_2.fastq'],0,
GSE120137,SRR7872032,GSE120137,completed,2026-04-30T14:29:00.875317Z,578.33,1687877592,['SRR7872032_2.fastq'],0,
GSE120137,SRR7872034,GSE120137,completed,2026-04-30T14:42:39.097984Z,737.83,1520058644,['SRR7872034_2.fastq'],0,
GSE120137,SRR7872031,GSE120137,completed,2026-04-30T15:14:15.733568Z,3102.11,6624362338,['SRR7872031.fastq'],0,
GSE120137,SRR7872033,GSE120137,completed,2026-04-30T15:30:55.552650Z,4090.81,5980480044,['SRR7872033.fastq'],0,
GSE120137,SRR7872036,GSE120137,completed,2026-04-30T15:41:02.547124Z,525.36,1500247180,['SRR7872036_2.fastq'],0,
GSE120137,SRR7872038,GSE120137,completed,2026-04-30T15:51:05.381504Z,349.34,1514532296,['SRR7872038_2.fastq'],0,
GSE120137,SRR7872029,GSE120137,completed,2026-04-30T15:54:53.114474Z,6886.57,6751728282,['SRR7872029.fastq'],0,
GSE120137,SRR7872039,GSE120137,completed,2026-04-30T16:37:52.860228Z,2807.13,4147183428,['SRR7872039.fastq'],0,
GSE120137,SRR7872037,GSE120137,completed,2026-04-30T16:40:31.888891Z,3569.0,5959275746,['SRR7872037.fastq'],0,
GSE120137,SRR7872040,GSE120137,completed,2026-04-30T16:42:11.664756Z,257.64,1042244776,['SRR7872040_2.fastq'],0,
GSE120137,SRR7872044,GSE120137,completed,2026-04-30T17:12:26.474695Z,376.02,1646472072,['SRR7872044_2.fastq'],0,
GSE120137,SRR7872042,GSE120137,completed,2026-04-30T17:16:06.679452Z,1906.68,1976803408,['SRR7872042_2.fastq'],0,
GSE120137,SRR7872046,GSE120137,completed,2026-04-30T17:17:51.193090Z,202.87,1629430268,['SRR7872046_2.fastq'],0,
GSE120137,SRR7872048,GSE120137,completed,2026-04-30T17:22:52.507539Z,195.95,1170778068,['SRR7872048_2.fastq'],0,
GSE120137,SRR7872050,GSE120137,completed,2026-04-30T17:29:28.294247Z,276.64,1512887796,['SRR7872050_2.fastq'],0,
GSE120137,SRR7872052,GSE120137,completed,2026-04-30T17:35:51.816825Z,303.88,1433724464,['SRR7872052_2.fastq'],0,
GSE120137,SRR7872054,GSE120137,completed,2026-04-30T17:44:58.557393Z,409.98,1380093800,['SRR7872054_2.fastq'],0,
GSE120137,SRR7872056,GSE120137,completed,2026-04-30T17:55:16.361283Z,537.07,1849288096,['SRR7872056_2.fastq'],0,
GSE120137,SRR7872043,GSE120137,completed,2026-04-30T18:06:59.100544Z,3902.97,6465480516,['SRR7872043.fastq'],0,
GSE120137,SRR7872047,GSE120137,completed,2026-04-30T18:08:39.686691Z,3048.1,4640337754,['SRR7872047.fastq'],0,
GSE120137,SRR7872045,GSE120137,completed,2026-04-30T18:20:35.465119Z,4088.59,6400081616,['SRR7872045.fastq'],0,
GSE120137,SRR7872049,GSE120137,completed,2026-04-30T18:22:42.209528Z,3589.43,5952928926,['SRR7872049.fastq'],0,
GSE120137,SRR7872041,GSE120137,completed,2026-04-30T18:24:31.120681Z,6139.2,7732889394,['SRR7872041.fastq'],0,
GSE120137,SRR7872051,GSE120137,completed,2026-04-30T18:28:43.093478Z,3674.16,5649205822,['SRR7872051.fastq'],0,
GSE120137,SRR7872053,GSE120137,completed,2026-04-30T18:55:18.598922Z,4766.44,5443429256,['SRR7872053.fastq'],0,
GSE120137,SRR7872055,GSE120137,completed,2026-04-30T19:05:44.480499Z,5171.27,7243662738,['SRR7872055.fastq'],0,
GSE120137,SRR7872057,GSE120137,completed,2026-04-30T19:14:43.864066Z,4767.05,7124233454,['SRR7872057.fastq'],0,
GSE120137,SRR7872058,GSE120137,completed,2026-04-30T19:21:41.480005Z,415.5,1818159712,['SRR7872058_2.fastq'],0,
GSE120137,SRR7872060,GSE120137,completed,2026-04-30T19:32:06.578523Z,375.12,1725397768,['SRR7872060_2.fastq'],0,
GSE120137,SRR7872062,GSE120137,completed,2026-04-30T19:40:20.058484Z,324.99,1586862328,['SRR7872062_2.fastq'],0,
GSE120137,SRR7872064,GSE120137,completed,2026-04-30T19:50:36.712957Z,292.5,1697306396,['SRR7872064_2.fastq'],0,
GSE120137,SRR7872066,GSE120137,completed,2026-04-30T19:57:56.503044Z,299.84,1699832072,['SRR7872066_2.fastq'],0,
GSE120137,SRR7872068,GSE120137,completed,2026-04-30T20:00:54.589093Z,307.51,1681163156,['SRR7872068_2.fastq'],0,
GSE120137,SRR7872070,GSE120137,completed,2026-04-30T20:09:32.629024Z,289.19,1277375892,['SRR7872070_2.fastq'],0,
GSE120137,SRR7872072,GSE120137,completed,2026-04-30T20:14:54.485026Z,243.19,1344174884,['SRR7872072_2.fastq'],0,
GSE120137,SRR7872059,GSE120137,completed,2026-04-30T20:33:02.184706Z,4280.28,6768278050,['SRR7872059.fastq'],0,
GSE120137,SRR7872061,GSE120137,completed,2026-04-30T20:37:19.770484Z,3912.75,6236768486,['SRR7872061.fastq'],0,
GSE120137,SRR7872063,GSE120137,completed,2026-04-30T20:53:56.125249Z,4415.7,6660529140,['SRR7872063.fastq'],0,
GSE120137,SRR7872069,GSE120137,completed,2026-04-30T20:57:18.130039Z,3383.14,5049331936,['SRR7872069.fastq'],0,
GSE120137,SRR7872065,GSE120137,completed,2026-04-30T20:59:09.300250Z,4091.75,6670223702,['SRR7872065.fastq'],0,
GSE120137,SRR7872071,GSE120137,completed,2026-04-30T21:02:31.464197Z,3364.67,5305643428,['SRR7872071.fastq'],0,
GSE120137,SRR7872067,GSE120137,completed,2026-04-30T21:06:55.454146Z,4352.7,6598585094,['SRR7872067.fastq'],0,
GSE120137,SRR7872073,GSE120137,completed,2026-04-30T21:34:05.540515Z,4750.74,7333274214,['SRR7872073.fastq'],0,
GSE120137,SRR7872074,GSE120137,completed,2026-04-30T21:41:14.830547Z,427.12,1872651496,['SRR7872074_2.fastq'],0,
GSE120137,SRR7872076,GSE120137,completed,2026-04-30T21:50:15.890494Z,325.97,1595035056,['SRR7872076_2.fastq'],0,
GSE120137,SRR7872078,GSE120137,completed,2026-04-30T21:56:39.568032Z,304.98,1582738704,['SRR7872078_2.fastq'],0,
GSE120137,SRR7872080,GSE120137,completed,2026-04-30T22:03:08.853387Z,193.47,1432662416,['SRR7872080_2.fastq'],0,
GSE120137,SRR7872082,GSE120137,completed,2026-04-30T22:08:12.778812Z,225.16,1396752332,['SRR7872082_2.fastq'],0,
GSE120137,SRR7872084,GSE120137,completed,2026-04-30T22:13:32.709889Z,241.21,1784086132,['SRR7872084_2.fastq'],0,
GSE120137,SRR7872086,GSE120137,completed,2026-04-30T22:21:42.172376Z,411.19,1770472524,['SRR7872086_2.fastq'],0,
GSE120137,SRR7872088,GSE120137,completed,2026-04-30T22:26:49.513369Z,196.39,1085625628,['SRR7872088_2.fastq'],0,
GSE120137,SRR7872090,GSE120137,completed,2026-04-30T22:33:50.821890Z,328.37,1644998140,['SRR7872090_2.fastq'],0,
GSE120137,SRR7872075,GSE120137,completed,2026-04-30T22:49:29.591463Z,4094.32,6268132492,['SRR7872075.fastq'],0,
GSE120137,SRR7872077,GSE120137,completed,2026-04-30T22:53:31.181396Z,3983.89,6220944238,['SRR7872077.fastq'],0,
GSE120137,SRR7872079,GSE120137,completed,2026-04-30T22:58:25.347662Z,3705.4,5645122314,['SRR7872079.fastq'],0,
GSE120137,SRR7872081,GSE120137,completed,2026-04-30T22:59:16.449778Z,3521.1,5507349336,['SRR7872081.fastq'],0,
GSE120137,SRR7872087,GSE120137,completed,2026-04-30T23:05:24.616237Z,2622.01,4313686116,['SRR7872087.fastq'],0,
GSE120137,SRR7872083,GSE120137,completed,2026-04-30T23:21:15.597316Z,4522.63,6993477778,['SRR7872083.fastq'],0,
GSE120137,SRR7872085,GSE120137,completed,2026-04-30T23:25:47.764554Z,4484.34,6941235770,['SRR7872085.fastq'],0,
GSE120137,SRR7872091,GSE120137,completed,2026-04-30T23:33:30.986426Z,3579.79,5842089570,['SRR7872091.fastq'],0,
GSE120137,SRR7872089,GSE120137,completed,2026-04-30T23:35:48.301945Z,4138.53,6459913320,['SRR7872089.fastq'],0,
GSE120137,SRR7872092,GSE120137,completed,2026-04-30T23:40:05.068302Z,392.38,1483978084,['SRR7872092_2.fastq'],0,
GSE120137,SRR7872094,GSE120137,completed,2026-04-30T23:47:50.766986Z,240.66,1538295712,['SRR7872094_2.fastq'],0,
GSE120137,SRR7872096,GSE120137,completed,2026-04-30T23:56:24.971117Z,324.19,1641249048,['SRR7872096_2.fastq'],0,
GSE120137,SRR7872098,GSE120137,completed,2026-05-01T00:02:02.084773Z,259.5,1249373116,['SRR7872098_2.fastq'],0,
GSE120137,SRR7872097,GSE120137,completed,2026-05-01T00:20:43.391478Z,1670.21,4941954240,['SRR7872097.fastq'],0,
GSE120137,SRR7872100,GSE120137,completed,2026-05-01T00:27:22.460206Z,319.15,1665325172,['SRR7872100_2.fastq'],0,
GSE120137,SRR7872093,GSE120137,completed,2026-05-01T00:39:50.483144Z,3585.06,6050500652,['SRR7872093.fastq'],0,
GSE120137,SRR7872095,GSE120137,completed,2026-05-01T00:55:09.291362Z,4038.15,6445507544,['SRR7872095.fastq'],0,
GSE120137,SRR7872099,GSE120137,completed,2026-05-01T01:14:58.981841Z,4376.61,6537888202,['SRR7872099.fastq'],0,
GSE120137,SRR7872101,GSE120137,completed,2026-05-01T01:41:54.832431Z,4471.99,6614608364,['SRR7872101.fastq'],0,
GSE120137,SRR7872102,GSE120137,completed,2026-05-01T01:46:51.262503Z,294.53,1685322476,['SRR7872102_2.fastq'],0,
GSE120137,SRR7872104,GSE120137,completed,2026-05-01T02:04:27.035463Z,318.36,1617419760,['SRR7872104_2.fastq'],0,
GSE120137,SRR7872106,GSE120137,completed,2026-05-01T02:12:22.269610Z,219.26,1776441852,['SRR7872106_2.fastq'],0,
GSE120137,SRR7872108,GSE120137,completed,2026-05-01T02:15:13.312737Z,276.74,1427489348,['SRR7872108_2.fastq'],0,
GSE120137,SRR7872110,GSE120137,completed,2026-05-01T02:21:53.389813Z,155.17,1366681948,['SRR7872110_2.fastq'],0,
GSE120137,SRR7872112,GSE120137,completed,2026-05-01T02:28:21.702953Z,310.09,1759283208,['SRR7872112_2.fastq'],0,
GSE120137,SRR7872114,GSE120137,completed,2026-05-01T02:29:48.925215Z,219.55,1217952356,['SRR7872114_2.fastq'],0,
GSE120137,SRR7872116,GSE120137,completed,2026-05-01T02:39:22.093509Z,320.44,1737169904,['SRR7872116_2.fastq'],0,
GSE120137,SRR7872103,GSE120137,completed,2026-05-01T02:50:19.856956Z,3808.2,6354097788,['SRR7872103.fastq'],0,
GSE120137,SRR7872107,GSE120137,completed,2026-05-01T03:04:41.754748Z,3328.15,5625343040,['SRR7872107.fastq'],0,
GSE120137,SRR7872109,GSE120137,completed,2026-05-01T03:13:30.156922Z,3496.5,5392062050,['SRR7872109.fastq'],0,
GSE120137,SRR7872105,GSE120137,completed,2026-05-01T03:15:19.020339Z,4251.6,6964219832,['SRR7872105.fastq'],0,
GSE120137,SRR7872113,GSE120137,completed,2026-05-01T03:15:31.315739Z,3042.39,4821351450,['SRR7872113.fastq'],0,
GSE120137,SRR7872111,GSE120137,completed,2026-05-01T03:29:39.289737Z,4200.74,6898331500,['SRR7872111.fastq'],0,
GSE120137,SRR7872115,GSE120137,completed,2026-05-01T03:43:33.788989Z,4424.58,6813497086,['SRR7872115.fastq'],0,
GSE120137,SRR7872117,GSE120137,completed,2026-05-01T03:47:40.987490Z,4098.49,6436836024,['SRR7872117.fastq'],0,
GSE120137,SRR7872118,GSE120137,completed,2026-05-01T03:52:19.189856Z,276.36,1639002592,['SRR7872118_2.fastq'],0,
GSE120137,SRR7872120,GSE120137,completed,2026-05-01T04:05:45.898026Z,246.99,1894757808,['SRR7872120_2.fastq'],0,
GSE120137,SRR7872122,GSE120137,completed,2026-05-01T04:13:08.224471Z,364.3,2035580736,['SRR7872122_2.fastq'],0,
GSE120137,SRR7872124,GSE120137,completed,2026-05-01T04:19:52.768945Z,326.04,1654385176,['SRR7872124_2.fastq'],0,
GSE120137,SRR7872126,GSE120137,completed,2026-05-01T04:24:51.612115Z,221.45,1445499912,['SRR7872126_2.fastq'],0,
GSE120137,SRR7872128,GSE120137,completed,2026-05-01T04:31:09.607247Z,298.86,1612042636,['SRR7872128_2.fastq'],0,
GSE120137,SRR7872130,GSE120137,completed,2026-05-01T04:36:58.534294Z,269.44,1326079220,['SRR7872130_2.fastq'],0,
GSE120137,SRR7872132,GSE120137,completed,2026-05-01T04:40:26.320442Z,273.83,1192863496,['SRR7872132_2.fastq'],0,
GSE120137,SRR7872134,GSE120137,completed,2026-05-01T04:47:36.281433Z,327.27,1554791588,['SRR7872134_2.fastq'],0,
GSE120137,SRR7872123,GSE120137,completed,2026-05-01T05:10:33.210558Z,3718.0,6495863954,['SRR7872123.fastq'],0,
GSE120137,SRR7872119,GSE120137,completed,2026-05-01T05:11:05.696617Z,4726.13,7418126470,['SRR7872119.fastq'],0,
GSE120137,SRR7872125,GSE120137,completed,2026-05-01T05:14:51.014867Z,3512.63,5694412608,['SRR7872125.fastq'],0,
GSE120137,SRR7872121,GSE120137,completed,2026-05-01T05:23:33.002843Z,4850.87,7958442306,['SRR7872121.fastq'],0,
GSE120137,SRR7872127,GSE120137,completed,2026-05-01T05:26:45.237038Z,3753.49,6333401048,['SRR7872127.fastq'],0,
GSE120137,SRR7872129,GSE120137,completed,2026-05-01T05:27:30.812535Z,3582.83,5236225704,['SRR7872129.fastq'],0,
GSE120137,SRR7872131,GSE120137,completed,2026-05-01T05:29:11.767758Z,3288.03,4725087002,['SRR7872131.fastq'],0,
GSE120137,SRR7872133,GSE120137,completed,2026-05-01T05:44:22.514753Z,3835.91,6113741856,['SRR7872133.fastq'],0,
GSE120137,SRR7872135,GSE120137,completed,2026-05-01T06:28:04.683063Z,6028.04,8802967190,['SRR7872135.fastq'],0,
GSE120137,SRR7872136,GSE120137,completed,2026-05-01T06:36:13.939230Z,486.43,2255702972,['SRR7872136_2.fastq'],0,
GSE120137,SRR7872138,GSE120137,completed,2026-05-01T06:48:14.090700Z,340.64,1604232480,['SRR7872138_2.fastq'],0,
GSE120137,SRR7872140,GSE120137,completed,2026-05-01T06:57:01.334709Z,346.36,2109040528,['SRR7872140_2.fastq'],0,
GSE120137,SRR7872142,GSE120137,completed,2026-05-01T07:05:30.701236Z,325.75,1703580888,['SRR7872142_2.fastq'],0,
GSE120137,SRR7872144,GSE120137,completed,2026-05-01T07:12:11.898771Z,322.31,1842662992,['SRR7872144_2.fastq'],0,
GSE120137,SRR7872146,GSE120137,completed,2026-05-01T07:15:34.111927Z,330.88,1683743572,['SRR7872146_2.fastq'],0,
GSE120137,SRR7872148,GSE120137,completed,2026-05-01T07:22:53.092004Z,361.3,1900939656,['SRR7872148_2.fastq'],0,
GSE120137,SRR7872150,GSE120137,completed,2026-05-01T07:34:04.334547Z,537.14,1985536140,['SRR7872150_2.fastq'],0,
GSE120137,SRR7872152,GSE120137,completed,2026-05-01T07:39:54.984108Z,272.21,1500256840,['SRR7872152_2.fastq'],0,
GSE120137,SRR7872137,GSE120137,completed,2026-05-01T07:44:51.512015Z,2520.46,6303401362,['SRR7872137.fastq'],0,
GSE120137,SRR7872141,GSE120137,completed,2026-05-01T08:10:24.951717Z,4403.11,6684583550,['SRR7872141.fastq'],0,
GSE120137,SRR7872139,GSE120137,completed,2026-05-01T08:23:29.677738Z,5715.21,8240253240,['SRR7872139.fastq'],0,
GSE120137,SRR7872143,GSE120137,completed,2026-05-01T08:23:31.885895Z,4902.67,7218218796,['SRR7872143.fastq'],0,
GSE120137,SRR7872145,GSE120137,completed,2026-05-01T08:30:10.741067Z,4891.4,6608470354,['SRR7872145.fastq'],0,
GSE120137,SRR7872147,GSE120137,completed,2026-05-01T08:30:14.218132Z,4721.94,7441828398,['SRR7872147.fastq'],0,
GSE120137,SRR7872151,GSE120137,completed,2026-05-01T08:37:36.022319Z,4203.26,5904493900,['SRR7872151.fastq'],0,
GSE120137,SRR7872149,GSE120137,completed,2026-05-01T08:48:34.572972Z,5141.04,7766385294,['SRR7872149.fastq'],0,
GSE120137,SRR7872153,GSE120137,completed,2026-05-01T09:09:30.210433Z,5374.87,7596326566,['SRR7872153.fastq'],0,
GSE120137,SRR7872154,GSE120137,completed,2026-05-01T09:15:41.999291Z,369.58,1941207596,['SRR7872154_2.fastq'],0,
GSE120137,SRR7872156,GSE120137,completed,2026-05-01T09:24:49.443899Z,331.87,1819049996,['SRR7872156_2.fastq'],0,
GSE120137,SRR7872158,GSE120137,completed,2026-05-01T09:31:59.134438Z,299.26,1789597852,['SRR7872158_2.fastq'],0,
GSE120137,SRR7872160,GSE120137,completed,2026-05-01T09:38:08.762785Z,131.97,1529978912,['SRR7872160_2.fastq'],0,
GSE120137,SRR7872162,GSE120137,completed,2026-05-01T09:44:28.584991Z,284.53,1549475092,['SRR7872162_2.fastq'],0,
GSE120137,SRR7872164,GSE120137,completed,2026-05-01T09:52:05.561374Z,262.55,1504362616,['SRR7872164_2.fastq'],0,
GSE120137,SRR7872166,GSE120137,completed,2026-05-01T10:01:06.317715Z,460.67,1752184120,['SRR7872166_2.fastq'],0,
GSE120137,SRR7872155,GSE120137,completed,2026-05-01T10:33:43.718731Z,4681.27,7127610824,['SRR7872155.fastq'],0,
GSE120137,SRR7872161,GSE120137,completed,2026-05-01T10:35:44.621658Z,3455.5,6093360404,['SRR7872161.fastq'],0,
GSE120137,SRR7872163,GSE120137,completed,2026-05-01T10:42:46.888859Z,3497.93,5920265986,['SRR7872163.fastq'],0,
GSE120137,SRR7872157,GSE120137,completed,2026-05-01T10:44:34.092464Z,4784.22,7014621506,['SRR7872157.fastq'],0,
GSE120137,SRR7872159,GSE120137,completed,2026-05-01T10:47:38.000308Z,4538.44,6018550718,['SRR7872159.fastq'],0,
GSE120137,SRR7872165,GSE120137,completed,2026-05-01T10:57:37.691732Z,4086.37,6871118334,['SRR7872165.fastq'],0,
GSE120137,SRR7872167,GSE120137,completed,2026-05-01T11:17:13.715304Z,4566.98,7538938836,['SRR7872167.fastq'],0,
GSE120137,SRR7872168,GSE120137,completed,2026-05-01T11:22:27.055031Z,311.24,1926239104,['SRR7872168_2.fastq'],0,
GSE120137,SRR7872170,GSE120137,completed,2026-05-01T11:29:20.633130Z,192.55,1898467800,['SRR7872170_2.fastq'],0,
GSE120137,SRR7872172,GSE120137,completed,2026-05-01T11:35:35.321403Z,296.5,2040083124,['SRR7872172_2.fastq'],0,
GSE120137,SRR7872174,GSE120137,completed,2026-05-01T11:38:19.836439Z,266.42,2029311948,['SRR7872174_2.fastq'],0,
GSE120137,SRR7872176,GSE120137,completed,2026-05-01T11:44:27.722654Z,202.22,1753528608,['SRR7872176_2.fastq'],0,
GSE120137,SRR7872178,GSE120137,completed,2026-05-01T11:50:43.104794Z,271.83,1751472592,['SRR7872178_2.fastq'],0,
GSE120137,SRR7872180,GSE120137,completed,2026-05-01T11:54:16.282719Z,279.48,1723383612,['SRR7872180_2.fastq'],0,
GSE120137,SRR7872182,GSE120137,completed,2026-05-01T12:01:22.001230Z,278.33,1959077768,['SRR7872182_2.fastq'],0,
GSE120137,SRR7872169,GSE120137,completed,2026-05-01T12:19:29.258107Z,3421.75,7432380202,['SRR7872169.fastq'],0,
GSE120137,SRR7872171,GSE120137,completed,2026-05-01T12:29:09.867573Z,3780.92,7975738432,['SRR7872171.fastq'],0,
GSE120137,SRR7872173,GSE120137,completed,2026-05-01T12:34:44.111230Z,3743.68,7934394514,['SRR7872173.fastq'],0,
GSE120137,SRR7872175,GSE120137,completed,2026-05-01T12:36:06.317615Z,3466.01,6876265074,['SRR7872175.fastq'],0,
GSE120137,SRR7872177,GSE120137,completed,2026-05-01T12:38:37.098196Z,3248.97,6868378890,['SRR7872177.fastq'],0,
GSE120137,SRR7872179,GSE120137,completed,2026-05-01T12:43:49.537266Z,3366.48,6760618172,['SRR7872179.fastq'],0,
GSE120137,SRR7872183,GSE120137,completed,2026-05-01T12:53:46.188769Z,3143.73,6820864962,['SRR7872183.fastq'],0,
GSE120137,SRR7872181,GSE120137,completed,2026-05-01T12:53:47.043077Z,3570.36,7664929640,['SRR7872181.fastq'],0,
GSE120137,SRR7872184,GSE120137,completed,2026-05-01T12:57:15.041890Z,206.81,1739077708,['SRR7872184_2.fastq'],0,
GSE120137,SRR7872186,GSE120137,completed,2026-05-01T13:05:36.284060Z,421.7,2110588612,['SRR7872186_2.fastq'],0,
GSE120137,SRR7872188,GSE120137,completed,2026-05-01T13:11:05.046145Z,222.78,1610862736,['SRR7872188_2.fastq'],0,
GSE120137,SRR7872190,GSE120137,completed,2026-05-01T13:17:55.175228Z,263.96,1947543912,['SRR7872190_2.fastq'],0,
GSE120137,SRR7872185,GSE120137,completed,2026-05-01T13:56:14.672657Z,2533.28,8246299942,['SRR7872185.fastq'],0,
GSE120137,SRR7872189,GSE120137,completed,2026-05-01T14:28:42.159735Z,4656.74,7620705536,['SRR7872189.fastq'],0,
GSE120137,SRR7872191,GSE120137,completed,2026-05-01T14:34:30.017465Z,4594.39,7496161510,['SRR7872191.fastq'],0,
GSE120137,SRR7872192,GSE120137,completed,2026-05-01T14:44:21.798120Z,589.67,1915086128,['SRR7872192_2.fastq'],0,
GSE120137,SRR7872194,GSE120137,completed,2026-05-01T14:50:27.623696Z,170.58,1464541060,['SRR7872194_2.fastq'],0,
GSE120137,SRR7872196,GSE120137,completed,2026-05-01T14:59:44.180173Z,332.56,1961419628,['SRR7872196_2.fastq'],0,
GSE120137,SRR7872198,GSE120137,completed,2026-05-01T15:04:00.103683Z,176.52,2023332316,['SRR7872198_2.fastq'],0,
GSE120137,SRR7872200,GSE120137,completed,2026-05-01T15:10:47.799248Z,253.72,1988783372,['SRR7872200_2.fastq'],0,
GSE120137,SRR7872193,GSE120137,completed,2026-05-01T15:29:29.606675Z,2707.37,5767520188,['SRR7872193.fastq'],0,
GSE120137,SRR7872202,GSE120137,completed,2026-05-01T15:36:02.040771Z,1102.0,1846713384,['SRR7872202_2.fastq'],0,
GSE120137,SRR7872201,GSE120137,completed,2026-05-01T16:01:44.756933Z,3056.49,7233845232,['SRR7872201.fastq'],0,
GSE120137,SRR7872195,GSE120137,completed,2026-05-01T16:15:26.843069Z,2755.62,7673942392,['SRR7872195.fastq'],0,
GSE120137,SRR7872197,GSE120137,completed,2026-05-01T16:15:56.761366Z,4857.94,7911498048,['SRR7872197.fastq'],0,
GSE120137,SRR7872203,GSE120137,completed,2026-05-01T16:26:59.288422Z,3056.82,5375559222,['SRR7872203.fastq'],0,
GSE120137,SRR7872204,GSE120137,completed,2026-05-01T16:34:01.250578Z,420.49,1362386008,['SRR7872204_2.fastq'],0,
GSE120137,SRR7872206,GSE120137,completed,2026-05-01T16:44:57.096597Z,455.67,1935864144,['SRR7872206_2.fastq'],0,
GSE120137,SRR7872208,GSE120137,completed,2026-05-01T16:52:09.760876Z,261.08,1781726332,['SRR7872208_2.fastq'],0,
GSE120137,SRR7872205,GSE120137,completed,2026-05-01T17:29:47.422017Z,2581.75,7575892170,['SRR7872205.fastq'],0,
GSE120137,SRR7872207,GSE120137,completed,2026-05-01T17:50:50.463223Z,3952.93,6984495738,['SRR7872207.fastq'],0,
GSE120137,SRR7872209,GSE120137,completed,2026-05-01T17:55:33.841344Z,3803.64,6961735314,['SRR7872209.fastq'],0,
GSE120137,SRR7872210,GSE120137,completed,2026-05-01T18:00:38.812729Z,303.07,1775795276,['SRR7872210_2.fastq'],0,
GSE120137,SRR7872212,GSE120137,completed,2026-05-01T18:05:37.976068Z,221.04,1370490380,['SRR7872212_2.fastq'],0,
GSE120137,SRR7872214,GSE120137,completed,2026-05-01T18:12:28.441020Z,214.71,1716347360,['SRR7872214_2.fastq'],0,
GSE120137,SRR7872216,GSE120137,completed,2026-05-01T18:18:17.258083Z,253.37,2044608696,['SRR7872216_2.fastq'],0,
GSE120137,SRR7872218,GSE120137,completed,2026-05-01T18:23:56.572014Z,147.71,1739832108,['SRR7872218_2.fastq'],0,
GSE120137,SRR7872220,GSE120137,completed,2026-05-01T18:29:35.141022Z,232.98,1894565528,['SRR7872220_2.fastq'],0,
GSE120137,SRR7872222,GSE120137,completed,2026-05-01T18:35:26.093885Z,273.2,2298528328,['SRR7872222_2.fastq'],0,
GSE120137,SRR7872211,GSE120137,completed,2026-05-01T18:38:07.292700Z,2412.43,5406652868,['SRR7872211.fastq'],0,
GSE120137,SRR7872213,GSE120137,completed,2026-05-01T18:55:02.880835Z,2964.59,6733650002,['SRR7872213.fastq'],0,
GSE120137,SRR7872217,GSE120137,completed,2026-05-01T19:07:15.574032Z,2937.84,6823771222,['SRR7872217.fastq'],0,
GSE120137,SRR7872215,GSE120137,completed,2026-05-01T19:11:00.439919Z,3511.6,7993141084,['SRR7872215.fastq'],0,
GSE120137,SRR7872219,GSE120137,completed,2026-05-01T19:30:15.020525Z,3978.05,7417432574,['SRR7872219.fastq'],0,
GSE120137,SRR7872221,GSE120137,completed,2026-05-01T19:45:52.238427Z,4720.04,8967383666,['SRR7872221.fastq'],0,
GSE120137,SRR7872223,GSE120137,completed,2026-05-01T19:52:50.190278Z,4643.56,8379248860,['SRR7872223.fastq'],0,
GSE120137,SRR7872224,GSE120137,completed,2026-05-01T19:57:35.443084Z,282.81,2145245104,['SRR7872224_2.fastq'],0,
GSE120137,SRR7872226,GSE120137,completed,2026-05-01T20:03:44.494869Z,271.3,1919783464,['SRR7872226_2.fastq'],0,
GSE120137,SRR7872228,GSE120137,completed,2026-05-01T20:10:54.153819Z,279.89,1928266876,['SRR7872228_2.fastq'],0,
GSE120137,SRR7872225,GSE120137,completed,2026-05-01T21:06:55.770336Z,4159.83,7514210622,['SRR7872225.fastq'],0,
GSE120137,SRR7872227,GSE120137,completed,2026-05-01T21:07:56.352600Z,3851.41,7546744888,['SRR7872227.fastq'],0,
GSE120137,SRR7871497,GSE120137,completed,2026-05-03T02:52:33.474149Z,5732.27,13030886924,['SRR7871497.fastq'],0,
GSE120137,SRR7871498,GSE120137,completed,2026-05-03T04:29:24.152366Z,5807.03,12420434598,['SRR7871498.fastq'],0,
GSE120137,SRR7871499,GSE120137,completed,2026-05-03T05:58:15.042596Z,5327.19,12526771710,['SRR7871499.fastq'],0,
GSE120137,SRR7871500,GSE120137,completed,2026-05-03T07:54:32.628606Z,6974.1,15386497132,['SRR7871500.fastq'],0,
GSE120137,SRR7871501,GSE120137,completed,2026-05-03T09:08:28.367592Z,4431.38,9784933638,['SRR7871501.fastq'],0,
GSE120137,SRR7871502,GSE120137,completed,2026-05-03T10:28:52.312543Z,4821.26,10509492294,['SRR7871502.fastq'],0,
GSE120137,SRR7871503,GSE120137,completed,2026-05-03T11:52:45.919728Z,5030.58,10851467230,['SRR7871503.fastq'],0,
GSE120137,SRR7871504,GSE120137,completed,2026-05-03T12:54:46.714337Z,3717.87,8476702902,['SRR7871504.fastq'],0,
GSE120137,SRR7871505,GSE120137,completed,2026-05-03T14:30:48.182579Z,5759.17,12005359262,['SRR7871505.fastq'],0,
GSE120137,SRR7871506,GSE120137,completed,2026-05-03T15:59:54.729236Z,5343.2,10661525434,['SRR7871506.fastq'],0,
GSE120137,SRR7871507,GSE120137,completed,2026-05-03T17:53:21.315339Z,6803.69,10481354538,['SRR7871507.fastq'],0,
GSE120137,SRR7871508,GSE120137,completed,2026-05-03T19:17:13.687750Z,5029.43,10680700692,['SRR7871508.fastq'],0,
GSE120137,SRR7871509,GSE120137,completed,2026-05-03T20:31:04.408981Z,4427.86,10033185038,['SRR7871509.fastq'],0,
GSE120137,SRR7871510,GSE120137,completed,2026-05-03T21:42:54.966474Z,4307.66,10493837860,['SRR7871510.fastq'],0,
GSE120137,SRR7871511,GSE120137,completed,2026-05-03T23:01:17.856897Z,4699.93,10145035536,['SRR7871511.fastq'],0,
GSE120137,SRR7871512,GSE120137,completed,2026-05-03T23:55:34.247831Z,3253.67,7459219324,['SRR7871512.fastq'],0,
GSE120137,SRR7871513,GSE120137,completed,2026-05-04T01:17:25.279125Z,4908.91,11084144396,['SRR7871513.fastq'],0,
GSE120137,SRR7871514,GSE120137,completed,2026-05-04T02:22:29.529318Z,3901.13,9349223110,['SRR7871514.fastq'],0,
GSE120137,SRR7871515,GSE120137,completed,2026-05-04T03:40:14.882223Z,4662.79,10915651314,['SRR7871515.fastq'],0,
GSE120137,SRR7871516,GSE120137,completed,2026-05-04T04:37:44.155770Z,3446.1,7990976800,['SRR7871516.fastq'],0,
GSE120137,SRR7871517,GSE120137,completed,2026-05-04T05:40:53.782556Z,3787.4,8806255756,['SRR7871517.fastq'],0,
GSE120137,SRR7871518,GSE120137,completed,2026-05-04T06:52:08.692308Z,4272.48,9363059682,['SRR7871518.fastq'],0,
GSE120137,SRR7871519,GSE120137,completed,2026-05-04T07:59:49.754455Z,4058.35,8359740870,['SRR7871519.fastq'],0,
GSE120137,SRR7871520,GSE120137,completed,2026-05-04T09:28:18.962901Z,5306.8,9745170646,['SRR7871520.fastq'],0,
GSE120137,SRR7871521,GSE120137,completed,2026-05-04T10:49:05.972244Z,4844.38,10889275684,['SRR7871521.fastq'],0,
GSE120137,SRR7871522,GSE120137,completed,2026-05-04T11:35:57.807847Z,2808.75,6042333498,['SRR7871522.fastq'],0,
GSE120137,SRR7871523,GSE120137,completed,2026-05-04T12:58:19.689427Z,4940.27,11118482636,['SRR7871523.fastq'],0,
GSE120137,SRR7871524,GSE120137,completed,2026-05-04T13:45:04.535777Z,2801.82,5929007968,['SRR7871524.fastq'],0,
GSE120137,SRR7871525,GSE120137,completed,2026-05-04T14:49:03.071892Z,3837.0,7051839834,['SRR7871525.fastq'],0,
GSE120137,SRR7871527,GSE120137,completed,2026-05-04T17:40:05.189940Z,6126.59,13777654540,['SRR7871527.fastq'],0,
GSE120137,SRR7871528,GSE120137,completed,2026-05-04T18:35:03.564139Z,3294.42,7244973962,['SRR7871528.fastq'],0,
GSE120137,SRR7871529,GSE120137,completed,2026-05-04T20:00:09.875628Z,5104.31,11499216310,['SRR7871529.fastq'],0,
GSE120137,SRR7871530,GSE120137,completed,2026-05-04T21:06:54.993021Z,4001.86,9247507574,['SRR7871530.fastq'],0,
GSE120137,SRR7871531,GSE120137,completed,2026-05-04T22:15:55.227493Z,4137.57,9018503606,['SRR7871531.fastq'],0,
GSE120137,SRR7871532,GSE120137,completed,2026-05-04T23:27:06.356663Z,4268.54,8793532622,['SRR7871532.fastq'],0,
GSE120137,SRR7871533,GSE120137,completed,2026-05-05T00:30:30.799021Z,3801.97,9008136872,['SRR7871533.fastq'],0,
GSE120137,SRR7871534,GSE120137,completed,2026-05-05T01:17:47.516426Z,2834.2,5430456012,['SRR7871534.fastq'],0,
GSE120137,SRR7871535,GSE120137,completed,2026-05-05T02:23:48.007888Z,3958.81,8676539100,['SRR7871535.fastq'],0,
GSE120137,SRR7871536,GSE120137,completed,2026-05-05T03:29:30.710846Z,3940.29,8619668694,['SRR7871536.fastq'],0,
GSE120137,SRR7871537,GSE120137,completed,2026-05-05T04:39:57.486232Z,4224.2,9984243374,['SRR7871537.fastq'],0,
GSE120137,SRR7871538,GSE120137,completed,2026-05-05T06:16:36.255940Z,5796.09,13111864848,['SRR7871538.fastq'],0,
GSE120137,SRR7871539,GSE120137,completed,2026-05-05T07:52:15.860334Z,5735.87,13191627032,['SRR7871539.fastq'],0,
GSE120137,SRR7871540,GSE120137,completed,2026-05-05T09:24:04.236860Z,5504.31,12175951866,['SRR7871540.fastq'],0,
GSE120137,SRR7871541,GSE120137,completed,2026-05-05T10:48:29.133409Z,5061.51,11217153858,['SRR7871541.fastq'],0,
GSE120137,SRR7871542,GSE120137,completed,2026-05-05T11:49:16.409086Z,3644.2,8578787016,['SRR7871542.fastq'],0,
GSE120137,SRR7871543,GSE120137,completed,2026-05-05T13:40:49.946008Z,6690.88,13626185364,['SRR7871543.fastq'],0,
GSE120137,SRR7871526,GSE120137,completed,2026-05-08T08:43:20.999059Z,2030.02,7030480096,['SRR7871526.fastq'],0,
GSE120137,SRR7871544,GSE120137,completed,2026-05-08T09:34:17.803400Z,3054.94,10823863194,['SRR7871544.fastq'],0,
GSE120137,SRR7871545,GSE120137,completed,2026-05-08T10:26:32.751216Z,3132.06,13432650770,['SRR7871545.fastq'],0,
GSE120137,SRR7871546,GSE120137,failed,2026-05-08T11:35:30.511166Z,4134.13,0,[],8,"prefetch failed: 2026-05-08T11:31:14 prefetch.3.4.1 warn: lock exists while copying file - Lock file /mouse_methyl_work/raw_downloads/GSE120137/SRR7871546/SRR7871546/SRR7871546.sra.lock exists: download canceled
2026-05-08T11:31:14 prefetch.3.4.1 int: lock exists while copying file - 1) failed to download 'SRR7871546'
"
GSE120137,SRR7871547,GSE120137,failed,2026-05-08T12:44:29.327586Z,4138.81,0,[],8,"prefetch failed: 2026-05-08T12:40:13 prefetch.3.4.1 warn: lock exists while copying file - Lock file /mouse_methyl_work/raw_downloads/GSE120137/SRR7871547/SRR7871547/SRR7871547.sra.lock exists: download canceled
2026-05-08T12:40:13 prefetch.3.4.1 int: lock exists while copying file - 1) failed to download 'SRR7871547'
"
GSE120137,SRR7871548,GSE120137,failed,2026-05-08T13:53:33.850089Z,4144.52,0,[],8,"prefetch failed: 2026-05-08T13:49:17 prefetch.3.4.1 warn: lock exists while copying file - Lock file /mouse_methyl_work/raw_downloads/GSE120137/SRR7871548/SRR7871548/SRR7871548.sra.lock exists: download canceled
2026-05-08T13:49:17 prefetch.3.4.1 int: lock exists while copying file - 1) failed to download 'SRR7871548'
"
GSE120137,SRR7871549,GSE120137,failed,2026-05-08T15:02:48.907722Z,4155.06,0,[],8,"prefetch failed: 2026-05-08T14:58:32 prefetch.3.4.1 warn: lock exists while copying file - Lock file /mouse_methyl_work/raw_downloads/GSE120137/SRR7871549/SRR7871549/SRR7871549.sra.lock exists: download canceled
2026-05-08T14:58:32 prefetch.3.4.1 int: lock exists while copying file - 1) failed to download 'SRR7871549'
"
GSE121141,SRR8032927,GSE121141,completed,2026-04-23T23:48:36.869620Z,3534.79,8170660872,"['SRR8032927_1.fastq', 'SRR8032927_2.fastq']",0,
GSE121141,SRR8032928,GSE121141,completed,2026-04-24T00:51:36.687942Z,3777.68,8279836680,"['SRR8032928_1.fastq', 'SRR8032928_2.fastq']",0,
GSE121141,SRR8032929,GSE121141,completed,2026-04-24T02:13:33.827282Z,4914.96,12333271560,"['SRR8032929_1.fastq', 'SRR8032929_2.fastq']",0,
GSE121141,SRR8032935,GSE121141,completed,2026-05-05T06:45:09.877686Z,7505.75,15846361608,"['SRR8032935_1.fastq', 'SRR8032935_2.fastq']",0,
GSE121141,SRR8032936,GSE121141,completed,2026-05-05T08:43:01.263350Z,7066.72,15519447048,"['SRR8032936_1.fastq', 'SRR8032936_2.fastq']",0,
GSE121141,SRR8032937,GSE121141,completed,2026-05-05T10:21:58.887579Z,5933.06,12467574024,"['SRR8032937_1.fastq', 'SRR8032937_2.fastq']",0,
GSE121141,SRR8032938,GSE121141,completed,2026-05-05T12:03:47.825700Z,6105.48,13148035848,"['SRR8032938_1.fastq', 'SRR8032938_2.fastq']",0,
GSE121141,SRR8032939,GSE121141,completed,2026-05-05T14:15:45.936259Z,7914.46,15856943112,"['SRR8032939_1.fastq', 'SRR8032939_2.fastq']",0,
GSE121141,SRR8032931,GSE121141,failed,2026-05-08T13:45:20.825392Z,20149.89,0,[],8,"fasterq-dump failed: 2026-05-08T13:33:19 fasterq-dump.3.4.1 err: cmn_iter.c cmn_iter_read_String( thread:0 SEQUENCE.#1 ).VCursorCellDataDirect( col:2 ) -> RC(rcPS,rcCondition,rcWaiting,rcTimeout,rcExhausted) 
2026-05-08T13:35:07 fasterq-dump.3.4.1 err: cmn_iter.c cmn_iter_read_String( thread:7 SEQUENCE.#42720427 ).VCursorCellDataDirect( col:2 ) -> RC(rcPS,rcCondition,rcWaiting,rcTimeout,rcExhausted) 
spots read      : 5,364
reads read      : 10,728

=============================================="
GSE121141,SRR8032940,GSE121141,failed,2026-05-08T14:54:22.078074Z,4141.25,0,[],8,"prefetch failed: 2026-05-08T14:50:06 prefetch.3.4.1 warn: lock exists while copying file - Lock file /mouse_methyl_work/raw_downloads/GSE121141/SRR8032940/SRR8032940/SRR8032940.sra.lock exists: download canceled
2026-05-08T14:50:06 prefetch.3.4.1 int: lock exists while copying file - 1) failed to download 'SRR8032940'
"
GSE45361,SRR788605,GSE45361,completed,2026-04-27T09:37:47.453900Z,3093.35,3855628208,['SRR788605.fastq'],0,
GSE45361,SRR788606,GSE45361,completed,2026-04-27T09:43:47.211232Z,3363.1,3140235026,['SRR788606.fastq'],0,
GSE45361,SRR788599,GSE45361,completed,2026-04-27T09:52:13.401700Z,6169.1,6313905690,['SRR788599.fastq'],0,
GSE45361,SRR788608,GSE45361,completed,2026-04-27T09:58:22.234729Z,4026.13,3798158100,['SRR788608.fastq'],0,
GSE45361,SRR788600,GSE45361,completed,2026-04-27T10:04:17.926153Z,6570.22,6767404180,['SRR788600.fastq'],0,
GSE45361,SRR788607,GSE45361,completed,2026-04-27T10:11:57.369748Z,4937.15,4623376948,['SRR788607.fastq'],0,
GSE45361,SRR788609,GSE45361,completed,2026-04-27T11:27:51.288341Z,2523.75,6320667168,['SRR788609.fastq'],0,
GSE45361,SRR788601,GSE45361,completed,2026-05-03T07:37:10.108706Z,3121.35,10368643288,['SRR788601.fastq'],0,
GSE45361,SRR788602,GSE45361,completed,2026-05-03T08:29:50.309035Z,3157.24,9528044532,['SRR788602.fastq'],0,
GSE45361,SRR788603,GSE45361,completed,2026-05-03T09:14:09.048369Z,2656.13,8467804274,['SRR788603.fastq'],0,
GSE45361,SRR788604,GSE45361,completed,2026-05-03T10:19:35.129025Z,3923.74,13640162862,['SRR788604.fastq'],0,
GSE45361,SRR788610,GSE45361,completed,2026-05-03T11:24:50.503262Z,3911.38,12872573884,['SRR788610.fastq'],0,
GSE45361,SRR788611,GSE45361,completed,2026-05-03T12:03:25.825602Z,2311.78,6425007636,['SRR788611.fastq'],0,
GSE45361,SRR788612,GSE45361,completed,2026-05-03T12:40:51.555490Z,2244.01,6276768430,['SRR788612.fastq'],0,
GSE45361,SRR788613,GSE45361,completed,2026-05-03T13:15:54.506277Z,2101.3,6044128148,['SRR788613.fastq'],0,
GSE45361,SRR788614,GSE45361,completed,2026-05-03T13:42:41.177763Z,1604.96,6229924424,['SRR788614.fastq'],0,
GSE45361,SRR788616,GSE45361,completed,2026-05-03T15:32:31.672988Z,2381.47,7768205622,['SRR788616.fastq'],0,
GSE45361,SRR788617,GSE45361,completed,2026-05-03T16:35:27.220971Z,3773.44,9386827572,['SRR788617.fastq'],0,
GSE45361,SRR788618,GSE45361,completed,2026-05-03T17:14:54.341551Z,2364.5,6850803280,['SRR788618.fastq'],0,
GSE45361,SRR788619,GSE45361,completed,2026-05-03T18:07:18.149209Z,3141.77,9004846798,['SRR788619.fastq'],0,
GSE45361,SRR788620,GSE45361,completed,2026-05-03T18:45:16.397465Z,2275.67,6376968366,['SRR788620.fastq'],0,
GSE45361,SRR788621,GSE45361,completed,2026-05-03T19:15:08.609667Z,1790.52,4839482946,['SRR788621.fastq'],0,
GSE52266,SRR1028370,GSE52266,completed,2026-04-26T20:28:07.252672Z,687.47,673400764,['SRR1028370.fastq'],0,
GSE52266,SRR1028369,GSE52266,completed,2026-04-26T20:29:55.199477Z,978.34,859079118,['SRR1028369.fastq'],0,
GSE52266,SRR1028371,GSE52266,completed,2026-04-26T20:34:33.379528Z,772.05,663479992,['SRR1028371.fastq'],0,
GSE52266,SRR1028373,GSE52266,completed,2026-04-26T20:54:25.040691Z,1418.4,1393078254,['SRR1028373.fastq'],0,
GSE52266,SRR1028372,GSE52266,completed,2026-04-26T20:58:17.482418Z,1851.75,1857503588,['SRR1028372.fastq'],0,
GSE52266,SRR1028376,GSE52266,completed,2026-04-26T21:00:23.633857Z,1168.74,994663024,['SRR1028376.fastq'],0,
GSE52266,SRR1028374,GSE52266,completed,2026-04-26T21:01:20.236778Z,1688.23,1436337806,['SRR1028374.fastq'],0,
GSE52266,SRR1028375,GSE52266,completed,2026-04-26T21:03:25.272322Z,1492.53,1397230934,['SRR1028375.fastq'],0,
GSE52266,SRR1028377,GSE52266,completed,2026-04-26T21:16:05.840596Z,941.96,1029501152,['SRR1028377.fastq'],0,
GSE52266,SRR1028379,GSE52266,completed,2026-04-26T21:25:08.472150Z,990.81,1182756096,['SRR1028379.fastq'],0,
GSE52266,SRR1028378,GSE52266,completed,2026-04-26T21:28:03.736149Z,1397.95,1604956842,['SRR1028378.fastq'],0,
GSE52266,SRR1028380,GSE52266,completed,2026-04-26T21:33:09.121590Z,1165.59,1217897560,['SRR1028380.fastq'],0,
GSE52266,SRR1028382,GSE52266,completed,2026-04-26T21:34:22.367423Z,1009.45,1136956612,['SRR1028382.fastq'],0,
GSE52266,SRR1028383,GSE52266,completed,2026-04-26T21:35:51.820699Z,965.33,1144789258,['SRR1028383.fastq'],0,
GSE52266,SRR1028381,GSE52266,completed,2026-04-26T21:37:46.788697Z,1305.3,1351281636,['SRR1028381.fastq'],0,
GSE52266,SRR1028384,GSE52266,completed,2026-04-26T21:46:16.914860Z,1505.24,1803341348,['SRR1028384.fastq'],0,
GSE52266,SRR1028386,GSE52266,completed,2026-04-26T21:57:17.459813Z,570.64,1365844098,['SRR1028386.fastq'],0,
GSE52266,SRR1028385,GSE52266,completed,2026-04-26T22:03:50.492570Z,1053.14,1324573122,['SRR1028385.fastq'],0,
GSE52266,SRR1028388,GSE52266,completed,2026-04-26T22:20:57.418843Z,1683.63,1561573268,['SRR1028388.fastq'],0,
GSE52266,SRR1028387,GSE52266,completed,2026-04-26T22:23:49.320566Z,864.13,2094917700,['SRR1028387.fastq'],0,
GSE52266,SRR1028389,GSE52266,completed,2026-04-26T22:27:08.151181Z,1629.59,1610162794,['SRR1028389.fastq'],0,
GSE52266,SRR1028390,GSE52266,completed,2026-04-26T22:31:12.274294Z,1754.91,1876211694,['SRR1028390.fastq'],0,
GSE52266,SRR1028393,GSE52266,completed,2026-04-26T22:36:50.912647Z,1317.27,1342176804,['SRR1028393.fastq'],0,
GSE52266,SRR1028391,GSE52266,completed,2026-04-26T22:37:52.386334Z,1719.47,1626343500,['SRR1028391.fastq'],0,
GSE52266,SRR1028392,GSE52266,completed,2026-04-26T22:39:55.097079Z,1601.84,1632714550,['SRR1028392.fastq'],0,
GSE52266,SRR1028394,GSE52266,completed,2026-04-26T22:56:06.293219Z,1155.07,1046940960,['SRR1028394.fastq'],0,
GSE52266,SRR1028395,GSE52266,completed,2026-04-26T23:01:38.226002Z,1222.82,1037044744,['SRR1028395.fastq'],0,
GSE52266,SRR1028397,GSE52266,completed,2026-04-26T23:15:11.829024Z,1614.19,1455145702,['SRR1028397.fastq'],0,
GSE52266,SRR1028400,GSE52266,completed,2026-04-26T23:16:10.690159Z,1066.54,1006991784,['SRR1028400.fastq'],0,
GSE52266,SRR1028398,GSE52266,completed,2026-04-26T23:18:05.144521Z,1547.0,1497596516,['SRR1028398.fastq'],0,
GSE52266,SRR1028399,GSE52266,completed,2026-04-26T23:18:33.746327Z,1387.48,1271355546,['SRR1028399.fastq'],0,
GSE52266,SRR1028396,GSE52266,completed,2026-04-26T23:19:05.047614Z,2071.68,1945195066,['SRR1028396.fastq'],0,
GSE52266,SRR1028401,GSE52266,completed,2026-04-26T23:20:43.868827Z,1137.9,1001475126,['SRR1028401.fastq'],0,
GSE52266,SRR1028406,GSE52266,completed,2026-04-26T23:42:47.792619Z,670.07,667043614,['SRR1028406.fastq'],0,
GSE52266,SRR1028405,GSE52266,completed,2026-04-26T23:43:54.940469Z,929.6,973634902,['SRR1028405.fastq'],0,
GSE52266,SRR1028402,GSE52266,completed,2026-04-26T23:45:21.779704Z,1071.83,2322636198,['SRR1028402.fastq'],0,
GSE52266,SRR1028407,GSE52266,completed,2026-04-26T23:46:05.605434Z,744.21,695246728,['SRR1028407.fastq'],0,
GSE52266,SRR1028403,GSE52266,completed,2026-04-26T23:56:11.302749Z,2047.4,1833310148,['SRR1028403.fastq'],0,
GSE52266,SRR1028404,GSE52266,completed,2026-04-26T23:57:18.806411Z,1834.84,1819441010,['SRR1028404.fastq'],0,
GSE52266,SRR1028408,GSE52266,completed,2026-04-27T00:08:59.697188Z,700.43,1585063484,['SRR1028408.fastq'],0,
GSE52266,SRR1028410,GSE52266,completed,2026-04-27T00:11:31.400322Z,1170.65,1222431644,['SRR1028410.fastq'],0,
GSE52266,SRR1028409,GSE52266,completed,2026-04-27T00:13:21.054110Z,1394.24,1231529658,['SRR1028409.fastq'],0,
GSE52266,SRR1028412,GSE52266,completed,2026-04-27T00:28:48.295567Z,435.1,844321976,['SRR1028412.fastq'],0,
GSE52266,SRR1028411,GSE52266,completed,2026-04-27T00:29:22.655895Z,1070.95,1137056102,['SRR1028411.fastq'],0,
GSE52266,SRR1028413,GSE52266,completed,2026-04-27T00:31:39.160142Z,449.15,840422970,['SRR1028413.fastq'],0,
GSE52266,SRR1028417,GSE52266,completed,2026-04-27T00:56:24.251849Z,1244.57,1368067004,['SRR1028417.fastq'],0,
GSE52266,SRR1028418,GSE52266,completed,2026-04-27T00:57:29.139714Z,1224.42,1060377306,['SRR1028418.fastq'],0,
GSE52266,SRR1028421,GSE52266,completed,2026-04-27T00:58:36.479189Z,839.62,696012006,['SRR1028421.fastq'],0,
GSE52266,SRR1028420,GSE52266,completed,2026-04-27T01:00:17.513338Z,1026.74,1050764218,['SRR1028420.fastq'],0,
GSE52266,SRR1028422,GSE52266,completed,2026-04-27T01:00:34.548118Z,853.27,726502876,['SRR1028422.fastq'],0,
GSE52266,SRR1028419,GSE52266,completed,2026-04-27T01:00:57.491769Z,1158.9,1091990396,['SRR1028419.fastq'],0,
GSE52266,SRR1028415,GSE52266,completed,2026-04-27T01:08:06.969701Z,2759.73,2560559788,['SRR1028415.fastq'],0,
GSE52266,SRR1028414,GSE52266,completed,2026-04-27T01:16:46.048627Z,3403.33,3314174462,['SRR1028414.fastq'],0,
GSE52266,SRR1028416,GSE52266,completed,2026-04-27T01:18:17.404878Z,3022.61,2540932058,['SRR1028416.fastq'],0,
GSE52266,SRR1028423,GSE52266,completed,2026-04-27T01:32:34.577358Z,2550.08,2054114574,['SRR1028423.fastq'],0,
GSE52266,SRR1028424,GSE52266,completed,2026-04-27T01:37:30.276464Z,2135.69,1552220102,['SRR1028424.fastq'],0,
GSE52266,SRR1028427,GSE52266,completed,2026-04-27T01:38:30.731339Z,1636.26,1063550622,['SRR1028427.fastq'],0,
GSE52266,SRR1028425,GSE52266,completed,2026-04-27T01:39:59.217293Z,2181.15,1539562668,['SRR1028425.fastq'],0,
GSE52266,SRR1028426,GSE52266,completed,2026-04-27T01:40:17.971857Z,1841.14,1243990044,['SRR1028426.fastq'],0,
GSE52266,SRR1028428,GSE52266,completed,2026-04-27T01:42:46.743268Z,1747.49,1070421588,['SRR1028428.fastq'],0,
GSE52266,SRR1028429,GSE52266,completed,2026-04-27T01:50:17.948600Z,2112.03,1487533194,['SRR1028429.fastq'],0,
GSE52266,SRR1028430,GSE52266,completed,2026-04-27T02:11:47.249404Z,589.03,1134938318,['SRR1028430.fastq'],0,
GSE52266,SRR1028433,GSE52266,completed,2026-04-27T02:12:29.451473Z,413.47,819132398,['SRR1028433.fastq'],0,
GSE52266,SRR1028431,GSE52266,completed,2026-04-27T02:14:04.601459Z,1333.61,1168809198,['SRR1028431.fastq'],0,
GSE52266,SRR1028432,GSE52266,completed,2026-04-27T02:15:50.915598Z,1326.44,1186141422,['SRR1028432.fastq'],0,
GSE52266,SRR1028434,GSE52266,completed,2026-04-27T02:17:41.520060Z,1014.09,846240836,['SRR1028434.fastq'],0,
GSE52266,SRR1028436,GSE52266,completed,2026-04-27T02:22:53.661108Z,879.13,833811640,['SRR1028436.fastq'],0,
GSE52266,SRR1028435,GSE52266,completed,2026-04-27T02:23:17.244648Z,1235.09,1121986854,['SRR1028435.fastq'],0,
GSE52266,SRR1028437,GSE52266,completed,2026-04-27T02:26:13.263322Z,987.38,854344570,['SRR1028437.fastq'],0,
GSE52266,SRR1028439,GSE52266,completed,2026-04-27T02:53:31.241152Z,1478.42,1236376646,['SRR1028439.fastq'],0,
GSE52266,SRR1028443,GSE52266,completed,2026-04-27T02:54:45.492124Z,1130.84,1044002192,['SRR1028443.fastq'],0,
GSE52266,SRR1028442,GSE52266,completed,2026-04-27T02:55:24.418729Z,1248.87,1054115092,['SRR1028442.fastq'],0,
GSE52266,SRR1028445,GSE52266,completed,2026-04-27T02:56:08.383555Z,1020.26,1166209312,['SRR1028445.fastq'],0,
GSE52266,SRR1028440,GSE52266,completed,2026-04-27T02:56:19.099237Z,1497.76,1223255050,['SRR1028440.fastq'],0,
GSE52266,SRR1028438,GSE52266,completed,2026-04-27T02:56:42.181791Z,1828.71,1593592154,['SRR1028438.fastq'],0,
GSE52266,SRR1028441,GSE52266,completed,2026-04-27T02:57:01.169535Z,1449.65,1319159622,['SRR1028441.fastq'],0,
GSE52266,SRR1028446,GSE52266,completed,2026-04-27T02:59:06.498399Z,1076.8,1178573668,['SRR1028446.fastq'],0,
GSE52266,SRR1028444,GSE52266,completed,2026-04-27T02:59:24.660744Z,1324.42,1362749612,['SRR1028444.fastq'],0,
GSE52266,SRR1028447,GSE52266,completed,2026-04-27T03:11:34.840137Z,1603.1,1475733378,['SRR1028447.fastq'],0,
GSE52266,SRR1028451,GSE52266,completed,2026-04-27T03:28:59.600843Z,463.07,455597062,['SRR1028451.fastq'],0,
GSE52266,SRR1028450,GSE52266,completed,2026-04-27T03:29:14.424499Z,799.09,702296114,['SRR1028450.fastq'],0,
GSE52266,SRR1028449,GSE52266,completed,2026-04-27T03:32:14.863474Z,1100.18,1149881180,['SRR1028449.fastq'],0,
GSE52266,SRR1028452,GSE52266,completed,2026-04-27T03:32:59.294803Z,598.98,474445658,['SRR1028452.fastq'],0,
GSE52266,SRR1028454,GSE52266,completed,2026-04-27T03:33:13.431392Z,436.99,405383146,['SRR1028454.fastq'],0,
GSE52266,SRR1028448,GSE52266,completed,2026-04-27T03:33:59.469417Z,1344.28,1163342342,['SRR1028448.fastq'],0,
GSE52266,SRR1028453,GSE52266,completed,2026-04-27T03:38:16.465965Z,823.13,619224692,['SRR1028453.fastq'],0,
GSE52266,SRR1028455,GSE52266,completed,2026-04-27T03:43:30.378423Z,616.84,423141758,['SRR1028455.fastq'],0,
GSE52266,SRR1028457,GSE52266,completed,2026-04-27T04:03:59.753556Z,1376.23,1048789448,['SRR1028457.fastq'],0,
GSE52266,SRR1028456,GSE52266,completed,2026-04-27T04:06:48.754214Z,1632.11,1325138202,['SRR1028456.fastq'],0,
GSE52266,SRR1028458,GSE52266,completed,2026-04-27T04:09:50.640037Z,1421.46,1042791072,['SRR1028458.fastq'],0,
GSE52266,SRR1028459,GSE52266,completed,2026-04-27T04:17:55.499811Z,1822.0,1247626230,['SRR1028459.fastq'],0,
GSE52266,SRR1028461,GSE52266,completed,2026-04-27T04:18:40.897705Z,1661.47,1045021830,['SRR1028461.fastq'],0,
GSE52266,SRR1028460,GSE52266,completed,2026-04-27T04:18:46.434217Z,1763.45,1036330218,['SRR1028460.fastq'],0,
GSE52266,SRR1028463,GSE52266,completed,2026-04-27T04:39:03.138745Z,2661.77,1389957142,['SRR1028463.fastq'],0,
GSE52266,SRR1028462,GSE52266,completed,2026-04-27T04:48:36.263515Z,1789.58,1842797222,['SRR1028462.fastq'],0,
GSE52266,SRR1028464,GSE52266,completed,2026-04-27T04:48:54.957325Z,3139.88,1434837368,['SRR1028464.fastq'],0,
GSE52266,SRR1028465,GSE52266,completed,2026-04-27T04:50:48.524291Z,2831.48,1038225036,['SRR1028465.fastq'],0,
GSE52266,SRR1028466,GSE52266,completed,2026-04-27T05:09:19.491327Z,1110.72,864169716,['SRR1028466.fastq'],0,
GSE52266,SRR1028467,GSE52266,completed,2026-04-27T05:11:06.116370Z,1119.07,872188224,['SRR1028467.fastq'],0,
GSE52266,SRR1028469,GSE52266,completed,2026-04-27T05:12:31.450978Z,980.25,856705420,['SRR1028469.fastq'],0,
GSE52266,SRR1028470,GSE52266,completed,2026-04-27T05:13:05.167229Z,865.22,878437924,['SRR1028470.fastq'],0,
GSE52266,SRR1028468,GSE52266,completed,2026-04-27T05:14:43.446127Z,1223.13,1117168886,['SRR1028468.fastq'],0,
GSE52266,SRR1028471,GSE52266,completed,2026-04-27T05:20:36.504877Z,969.45,1059396578,['SRR1028471.fastq'],0,
GSE52266,SRR1028472,GSE52266,completed,2026-04-27T05:24:25.450901Z,995.95,812871724,['SRR1028472.fastq'],0,
GSE52266,SRR1028473,GSE52266,completed,2026-04-27T05:34:54.127458Z,628.48,833536922,['SRR1028473.fastq'],0,
GSE52266,SRR1028475,GSE52266,completed,2026-04-27T05:38:04.605738Z,494.34,476835770,['SRR1028475.fastq'],0,
GSE52266,SRR1028476,GSE52266,completed,2026-04-27T05:39:07.845941Z,450.65,497281084,['SRR1028476.fastq'],0,
GSE52266,SRR1028474,GSE52266,completed,2026-04-27T05:39:34.611368Z,280.28,710134406,['SRR1028474.fastq'],0,
GSE52266,SRR1028478,GSE52266,completed,2026-04-27T05:51:26.730150Z,630.1,558042448,['SRR1028478.fastq'],0,
GSE52266,SRR1028477,GSE52266,completed,2026-04-27T05:51:47.293284Z,759.32,840541992,['SRR1028477.fastq'],0,
GSE52266,SRR1028479,GSE52266,completed,2026-04-27T05:53:27.734580Z,588.35,581542864,['SRR1028479.fastq'],0,
GSE52266,SRR1028481,GSE52266,completed,2026-04-27T06:00:04.634016Z,744.16,852372596,['SRR1028481.fastq'],0,
GSE52266,SRR1028480,GSE52266,completed,2026-04-27T06:01:18.084474Z,384.07,988811604,['SRR1028480.fastq'],0,
GSE52266,SRR1028482,GSE52266,completed,2026-04-27T06:04:20.827767Z,896.65,857821752,['SRR1028482.fastq'],0,
GSE52266,SRR1028483,GSE52266,completed,2026-04-27T06:09:55.614033Z,1138.77,1233170182,['SRR1028483.fastq'],0,
GSE52266,SRR1028486,GSE52266,completed,2026-04-27T06:11:15.473582Z,897.3,912575932,['SRR1028486.fastq'],0,
GSE52266,SRR1028484,GSE52266,completed,2026-04-27T06:12:38.060184Z,1215.09,1056735786,['SRR1028484.fastq'],0,
GSE52266,SRR1028485,GSE52266,completed,2026-04-27T06:13:20.907044Z,1145.94,1064424614,['SRR1028485.fastq'],0,
GSE52266,SRR1028487,GSE52266,completed,2026-04-27T06:23:05.020909Z,300.58,706769456,['SRR1028487.fastq'],0,
GSE52266,SRR1028488,GSE52266,completed,2026-04-27T06:28:13.021535Z,811.41,701165436,['SRR1028488.fastq'],0,
GSE52266,SRR1029345,GSE52266,completed,2026-04-27T07:27:49.131451Z,4304.3,5512833294,['SRR1029345.fastq'],0,
GSE52266,SRR1029346,GSE52266,completed,2026-04-27T07:34:14.764274Z,4535.16,6271726824,['SRR1029346.fastq'],0,
GSE52266,SRR1029347,GSE52266,completed,2026-04-27T07:35:48.867928Z,4437.27,6526837130,['SRR1029347.fastq'],0,
GSE52266,SRR1029349,GSE52266,completed,2026-04-27T07:57:52.799557Z,5034.68,6787658950,['SRR1029349.fastq'],0,
GSE52266,SRR1029350,GSE52266,completed,2026-04-27T07:58:08.443105Z,4930.83,7089721398,['SRR1029350.fastq'],0,
GSE52266,SRR1029351,GSE52266,completed,2026-04-27T08:03:20.425012Z,5131.35,6664535834,['SRR1029351.fastq'],0,
GSE52266,SRR1029348,GSE52266,completed,2026-04-27T08:04:48.329753Z,5555.86,6837949064,['SRR1029348.fastq'],0,
GSE52266,SRR1029352,GSE52266,completed,2026-04-27T08:08:00.914444Z,5278.37,7280312136,['SRR1029352.fastq'],0,
GSE60012,SRR1534537,GSE60012,completed,2026-04-26T18:19:14.431513Z,6531.62,6823724404,"['SRR1534537_1.fastq', 'SRR1534537_2.fastq']",0,
GSE60012,SRR1534542,GSE60012,completed,2026-04-26T18:25:19.611391Z,6403.35,6892537516,"['SRR1534542_1.fastq', 'SRR1534542_2.fastq']",0,
GSE60012,SRR1534541,GSE60012,completed,2026-04-26T18:37:41.893067Z,7236.95,7849457976,"['SRR1534541_1.fastq', 'SRR1534541_2.fastq']",0,
GSE60012,SRR1534539,GSE60012,completed,2026-04-26T18:39:21.051154Z,7508.86,8293837068,"['SRR1534539_1.fastq', 'SRR1534539_2.fastq']",0,
GSE60012,SRR1534553,GSE60012,completed,2026-04-26T20:01:07.390303Z,3797.53,4023502424,"['SRR1534553_1.fastq', 'SRR1534553_2.fastq']",0,
GSE60012,SRR1534548,GSE60012,completed,2026-04-26T20:30:42.931449Z,6377.78,5465306968,"['SRR1534548_1.fastq', 'SRR1534548_2.fastq']",0,
GSE60012,SRR1534555,GSE60012,completed,2026-04-26T21:15:11.217562Z,3743.58,4246041804,"['SRR1534555_1.fastq', 'SRR1534555_2.fastq']",0,
GSE60012,SRR1534565,GSE60012,completed,2026-04-26T23:08:53.254184Z,5408.39,6073782460,"['SRR1534565_1.fastq', 'SRR1534565_2.fastq']",0,
GSE60012,SRR1534563,GSE60012,completed,2026-04-26T23:14:42.082972Z,6400.89,6673300324,"['SRR1534563_1.fastq', 'SRR1534563_2.fastq']",0,
GSE60012,SRR1534566,GSE60012,completed,2026-04-26T23:20:43.117347Z,6002.77,6218734032,"['SRR1534566_1.fastq', 'SRR1534566_2.fastq']",0,
GSE60012,SRR1534562,GSE60012,completed,2026-04-26T23:22:45.902286Z,7116.23,7428472396,"['SRR1534562_1.fastq', 'SRR1534562_2.fastq']",0,
GSE60012,SRR1534567,GSE60012,completed,2026-04-26T23:30:12.743504Z,6443.39,6963701400,"['SRR1534567_1.fastq', 'SRR1534567_2.fastq']",0,
GSE60012,SRR1534564,GSE60012,completed,2026-04-26T23:31:24.473489Z,7305.17,8146936328,"['SRR1534564_1.fastq', 'SRR1534564_2.fastq']",0,
GSE60012,SRR1534569,GSE60012,completed,2026-04-26T23:46:28.869899Z,6624.56,6457035244,"['SRR1534569_1.fastq', 'SRR1534569_2.fastq']",0,
GSE60012,SRR1534574,GSE60012,completed,2026-04-27T00:37:06.377433Z,2695.03,2285575204,"['SRR1534574_1.fastq', 'SRR1534574_2.fastq']",0,
GSE60012,SRR1534572,GSE60012,completed,2026-04-27T00:51:56.184989Z,6652.52,4784912872,"['SRR1534572_1.fastq', 'SRR1534572_2.fastq']",0,
GSE60012,SRR1534575,GSE60012,completed,2026-04-27T01:17:00.040283Z,2393.09,2259332212,"['SRR1534575_1.fastq', 'SRR1534575_2.fastq']",0,
GSE60012,SRR1534573,GSE60012,completed,2026-04-27T01:49:38.742717Z,7150.31,5751424716,"['SRR1534573_1.fastq', 'SRR1534573_2.fastq']",0,
GSE60012,SRR1534583,GSE60012,completed,2026-04-27T03:03:25.541600Z,1998.48,1290640108,"['SRR1534583_1.fastq', 'SRR1534583_2.fastq']",0,
GSE60012,SRR1534584,GSE60012,completed,2026-04-27T03:28:05.629325Z,3379.86,3047473272,"['SRR1534584_1.fastq', 'SRR1534584_2.fastq']",0,
GSE60012,SRR1534579,GSE60012,completed,2026-04-27T03:31:34.401664Z,5044.5,4860601636,"['SRR1534579_1.fastq', 'SRR1534579_2.fastq']",0,
GSE60012,SRR1534578,GSE60012,completed,2026-04-27T03:38:00.842402Z,5809.67,5452628424,"['SRR1534578_1.fastq', 'SRR1534578_2.fastq']",0,
GSE60012,SRR1534580,GSE60012,completed,2026-04-27T04:07:25.352067Z,6330.12,5987027400,"['SRR1534580_1.fastq', 'SRR1534580_2.fastq']",0,
GSE60012,SRR1534585,GSE60012,completed,2026-04-27T04:19:39.956893Z,3093.61,5366829744,"['SRR1534585_1.fastq', 'SRR1534585_2.fastq']",0,
GSE60012,SRR1534591,GSE60012,completed,2026-04-27T04:50:31.047670Z,251.34,194181644,"['SRR1534591_1.fastq', 'SRR1534591_2.fastq']",0,
GSE60012,SRR1534592,GSE60012,completed,2026-04-27T04:57:13.045701Z,278.34,248165192,"['SRR1534592_1.fastq', 'SRR1534592_2.fastq']",0,
GSE60012,SRR1534594,GSE60012,completed,2026-04-27T06:51:10.960885Z,6756.1,7415255864,"['SRR1534594_1.fastq', 'SRR1534594_2.fastq']",0,
GSE60012,SRR1534605,GSE60012,completed,2026-04-27T08:14:51.278887Z,6559.44,6365857032,"['SRR1534605_1.fastq', 'SRR1534605_2.fastq']",0,
GSE60012,SRR1534612,GSE60012,completed,2026-04-27T08:57:57.324070Z,5854.09,3813968772,"['SRR1534612_1.fastq', 'SRR1534612_2.fastq']",0,
GSE60012,SRR1534622,GSE60012,completed,2026-04-27T08:59:47.269317Z,1272.6,1464014760,"['SRR1534622_1.fastq', 'SRR1534622_2.fastq']",0,
GSE60012,SRR1534625,GSE60012,completed,2026-04-27T09:54:36.665999Z,3088.94,3098175348,"['SRR1534625_1.fastq', 'SRR1534625_2.fastq']",0,
GSE60012,SRR1534623,GSE60012,completed,2026-04-27T10:00:27.532035Z,3639.89,3365559400,"['SRR1534623_1.fastq', 'SRR1534623_2.fastq']",0,
GSE60012,SRR1534619,GSE60012,completed,2026-04-27T10:18:39.455618Z,7690.97,8075933276,"['SRR1534619_1.fastq', 'SRR1534619_2.fastq']",0,
GSE60012,SRR1534620,GSE60012,completed,2026-04-27T10:26:56.407955Z,7341.49,6895458496,"['SRR1534620_1.fastq', 'SRR1534620_2.fastq']",0,
GSE60012,SRR1534624,GSE60012,completed,2026-04-27T10:30:17.980834Z,5314.67,5072950512,"['SRR1534624_1.fastq', 'SRR1534624_2.fastq']",0,
GSE60012,SRR1534679,GSE60012,completed,2026-04-27T17:36:45.130039Z,2005.45,6326413688,['SRR1534679.fastq'],0,
GSE60012,SRR1534680,GSE60012,completed,2026-04-27T17:51:27.706013Z,3431.01,5722139738,['SRR1534680.fastq'],0,
GSE60012,SRR1534681,GSE60012,completed,2026-04-27T17:58:25.974085Z,3689.65,6714365134,['SRR1534681.fastq'],0,
GSE60012,SRR1534682,GSE60012,completed,2026-04-27T18:54:43.551075Z,3375.59,5540364442,['SRR1534682.fastq'],0,
GSE60012,SRR1534683,GSE60012,completed,2026-04-27T18:59:44.148295Z,3502.77,5501648592,['SRR1534683.fastq'],0,
GSE60012,SRR1534685,GSE60012,completed,2026-04-27T19:07:14.932062Z,3310.81,5596745262,['SRR1534685.fastq'],0,
GSE60012,SRR1534686,GSE60012,completed,2026-04-27T19:09:33.490470Z,3351.36,5269978026,['SRR1534686.fastq'],0,
GSE60012,SRR1534684,GSE60012,completed,2026-04-27T19:16:36.666474Z,4259.7,6598467618,['SRR1534684.fastq'],0,
GSE60012,SRR1534514,GSE60012,completed,2026-05-03T02:24:31.811147Z,4050.62,10727309324,"['SRR1534514_1.fastq', 'SRR1534514_2.fastq']",0,
GSE60012,SRR1534515,GSE60012,completed,2026-05-03T03:09:40.123437Z,2705.41,7203897028,"['SRR1534515_1.fastq', 'SRR1534515_2.fastq']",0,
GSE60012,SRR1534516,GSE60012,completed,2026-05-03T04:34:22.876696Z,5080.75,11976744908,"['SRR1534516_1.fastq', 'SRR1534516_2.fastq']",0,
GSE60012,SRR1534517,GSE60012,completed,2026-05-03T05:30:06.308382Z,3340.04,8444706924,"['SRR1534517_1.fastq', 'SRR1534517_2.fastq']",0,
GSE60012,SRR1534518,GSE60012,completed,2026-05-03T06:01:24.119164Z,1875.55,5432942464,"['SRR1534518_1.fastq', 'SRR1534518_2.fastq']",0,
GSE60012,SRR1534519,GSE60012,completed,2026-05-03T07:04:05.462878Z,3760.04,8268536764,"['SRR1534519_1.fastq', 'SRR1534519_2.fastq']",0,
GSE60012,SRR1534520,GSE60012,completed,2026-05-03T07:43:47.392604Z,2379.67,5396933344,"['SRR1534520_1.fastq', 'SRR1534520_2.fastq']",0,
GSE60012,SRR1534521,GSE60012,completed,2026-05-03T08:58:22.641358Z,4473.92,9785648036,"['SRR1534521_1.fastq', 'SRR1534521_2.fastq']",0,
GSE60012,SRR1534522,GSE60012,completed,2026-05-03T09:39:44.281287Z,2479.06,5198990472,"['SRR1534522_1.fastq', 'SRR1534522_2.fastq']",0,
GSE60012,SRR1534523,GSE60012,completed,2026-05-03T10:20:50.002391Z,2464.48,5372956168,"['SRR1534523_1.fastq', 'SRR1534523_2.fastq']",0,
GSE60012,SRR1534524,GSE60012,completed,2026-05-03T11:05:31.170775Z,2679.81,5576021224,"['SRR1534524_1.fastq', 'SRR1534524_2.fastq']",0,
GSE60012,SRR1534525,GSE60012,completed,2026-05-03T11:34:24.643535Z,1732.11,4184886448,"['SRR1534525_1.fastq', 'SRR1534525_2.fastq']",0,
GSE60012,SRR1534526,GSE60012,completed,2026-05-03T12:33:43.822233Z,3558.22,10007142000,"['SRR1534526_1.fastq', 'SRR1534526_2.fastq']",0,
GSE60012,SRR1534527,GSE60012,completed,2026-05-03T13:14:28.874295Z,2442.42,7873038628,"['SRR1534527_1.fastq', 'SRR1534527_2.fastq']",0,
GSE60012,SRR1534528,GSE60012,completed,2026-05-03T13:58:59.799911Z,2668.8,7032833964,"['SRR1534528_1.fastq', 'SRR1534528_2.fastq']",0,
GSE60012,SRR1534529,GSE60012,completed,2026-05-03T14:58:00.649657Z,3539.04,7983792960,"['SRR1534529_1.fastq', 'SRR1534529_2.fastq']",0,
GSE60012,SRR1534530,GSE60012,completed,2026-05-03T15:27:43.738473Z,1781.0,4263509832,"['SRR1534530_1.fastq', 'SRR1534530_2.fastq']",0,
GSE60012,SRR1534531,GSE60012,completed,2026-05-03T17:09:38.388112Z,6113.69,11864025968,"['SRR1534531_1.fastq', 'SRR1534531_2.fastq']",0,
GSE60012,SRR1534532,GSE60012,completed,2026-05-03T18:09:51.551950Z,3609.8,8921355520,"['SRR1534532_1.fastq', 'SRR1534532_2.fastq']",0,
GSE60012,SRR1534533,GSE60012,completed,2026-05-03T18:48:37.523691Z,2323.53,6413340248,"['SRR1534533_1.fastq', 'SRR1534533_2.fastq']",0,
GSE60012,SRR1534534,GSE60012,completed,2026-05-03T19:32:38.192602Z,2639.08,7081102916,"['SRR1534534_1.fastq', 'SRR1534534_2.fastq']",0,
GSE60012,SRR1534535,GSE60012,completed,2026-05-03T20:33:39.967831Z,3659.97,11136177972,"['SRR1534535_1.fastq', 'SRR1534535_2.fastq']",0,
GSE60012,SRR1534536,GSE60012,completed,2026-05-03T21:19:28.051492Z,2744.98,8380717692,"['SRR1534536_1.fastq', 'SRR1534536_2.fastq']",0,
GSE60012,SRR1534538,GSE60012,completed,2026-05-03T22:29:43.553122Z,4213.31,11579792036,"['SRR1534538_1.fastq', 'SRR1534538_2.fastq']",0,
GSE60012,SRR1534540,GSE60012,completed,2026-05-03T23:23:05.400855Z,3198.78,9306312188,"['SRR1534540_1.fastq', 'SRR1534540_2.fastq']",0,
GSE60012,SRR1534543,GSE60012,completed,2026-05-04T00:35:33.544780Z,4345.58,10267001936,"['SRR1534543_1.fastq', 'SRR1534543_2.fastq']",0,
GSE60012,SRR1534544,GSE60012,completed,2026-05-04T01:47:45.472085Z,4329.07,9856423024,"['SRR1534544_1.fastq', 'SRR1534544_2.fastq']",0,
GSE60012,SRR1534545,GSE60012,completed,2026-05-04T02:32:26.495623Z,2678.39,6144836584,"['SRR1534545_1.fastq', 'SRR1534545_2.fastq']",0,
GSE60012,SRR1534546,GSE60012,completed,2026-05-04T03:38:13.606566Z,3945.58,9310455332,"['SRR1534546_1.fastq', 'SRR1534546_2.fastq']",0,
GSE60012,SRR1534547,GSE60012,completed,2026-05-04T04:30:00.142913Z,3103.98,6833071732,"['SRR1534547_1.fastq', 'SRR1534547_2.fastq']",0,
GSE60012,SRR1534549,GSE60012,completed,2026-05-04T06:14:56.858329Z,6294.94,17658041384,"['SRR1534549_1.fastq', 'SRR1534549_2.fastq']",0,
GSE60012,SRR1534550,GSE60012,completed,2026-05-04T06:53:44.684387Z,2322.95,6648759932,"['SRR1534550_1.fastq', 'SRR1534550_2.fastq']",0,
GSE60012,SRR1534551,GSE60012,completed,2026-05-04T07:59:09.588311Z,3923.14,10552369172,"['SRR1534551_1.fastq', 'SRR1534551_2.fastq']",0,
GSE60012,SRR1534552,GSE60012,completed,2026-05-04T08:54:26.655975Z,3314.15,9796266964,"['SRR1534552_1.fastq', 'SRR1534552_2.fastq']",0,
GSE60012,SRR1534554,GSE60012,completed,2026-05-04T09:56:11.576348Z,3702.33,9683269276,"['SRR1534554_1.fastq', 'SRR1534554_2.fastq']",0,
GSE60012,SRR1534556,GSE60012,completed,2026-05-04T10:46:07.544013Z,2993.28,7560508700,"['SRR1534556_1.fastq', 'SRR1534556_2.fastq']",0,
GSE60012,SRR1534557,GSE60012,completed,2026-05-04T11:33:54.713710Z,2865.16,7292641680,"['SRR1534557_1.fastq', 'SRR1534557_2.fastq']",0,
GSE60012,SRR1534558,GSE60012,completed,2026-05-04T12:21:59.852396Z,2883.29,7652436760,"['SRR1534558_1.fastq', 'SRR1534558_2.fastq']",0,
GSE60012,SRR1534559,GSE60012,completed,2026-05-04T13:20:15.712211Z,3493.81,9959531840,"['SRR1534559_1.fastq', 'SRR1534559_2.fastq']",0,
GSE60012,SRR1534560,GSE60012,completed,2026-05-04T14:13:42.608938Z,3204.28,8071821048,"['SRR1534560_1.fastq', 'SRR1534560_2.fastq']",0,
GSE60012,SRR1534561,GSE60012,completed,2026-05-04T15:55:28.464753Z,6103.67,12760502136,"['SRR1534561_1.fastq', 'SRR1534561_2.fastq']",0,
GSE60012,SRR1534568,GSE60012,completed,2026-05-04T17:17:12.449222Z,4900.39,14693700120,"['SRR1534568_1.fastq', 'SRR1534568_2.fastq']",0,
GSE60012,SRR1534570,GSE60012,completed,2026-05-04T18:01:11.069145Z,2634.41,7893090024,"['SRR1534570_1.fastq', 'SRR1534570_2.fastq']",0,
GSE60012,SRR1534571,GSE60012,completed,2026-05-04T18:59:44.526488Z,3511.35,10109535636,"['SRR1534571_1.fastq', 'SRR1534571_2.fastq']",0,
GSE60012,SRR1534576,GSE60012,completed,2026-05-04T19:51:09.448764Z,3082.23,8555974736,"['SRR1534576_1.fastq', 'SRR1534576_2.fastq']",0,
GSE60012,SRR1534577,GSE60012,completed,2026-05-04T20:35:41.915891Z,2669.93,7748375360,"['SRR1534577_1.fastq', 'SRR1534577_2.fastq']",0,
GSE60012,SRR1534581,GSE60012,completed,2026-05-04T21:10:54.033153Z,2110.12,4549424380,"['SRR1534581_1.fastq', 'SRR1534581_2.fastq']",0,
GSE60012,SRR1534582,GSE60012,completed,2026-05-04T21:47:44.449159Z,2209.33,4564097752,"['SRR1534582_1.fastq', 'SRR1534582_2.fastq']",0,
GSE60012,SRR1534586,GSE60012,completed,2026-05-04T23:02:43.592873Z,4498.1,9669436568,"['SRR1534586_1.fastq', 'SRR1534586_2.fastq']",0,
GSE60012,SRR1534587,GSE60012,completed,2026-05-05T00:01:06.955840Z,3500.75,6629363012,"['SRR1534587_1.fastq', 'SRR1534587_2.fastq']",0,
GSE60012,SRR1534588,GSE60012,completed,2026-05-05T00:37:06.208038Z,2157.55,4683874960,"['SRR1534588_1.fastq', 'SRR1534588_2.fastq']",0,
GSE60012,SRR1534589,GSE60012,completed,2026-05-05T02:00:16.780732Z,4989.5,12479410960,"['SRR1534589_1.fastq', 'SRR1534589_2.fastq']",0,
GSE60012,SRR1534590,GSE60012,completed,2026-05-05T02:42:41.171148Z,2540.75,7868943752,"['SRR1534590_1.fastq', 'SRR1534590_2.fastq']",0,
GSE60012,SRR1534593,GSE60012,completed,2026-05-05T03:31:08.359601Z,2905.0,8534161132,"['SRR1534593_1.fastq', 'SRR1534593_2.fastq']",0,
GSE60012,SRR1534595,GSE60012,completed,2026-05-05T04:23:58.778673Z,3168.02,7921149744,"['SRR1534595_1.fastq', 'SRR1534595_2.fastq']",0,
GSE60012,SRR1534596,GSE60012,completed,2026-05-05T05:00:35.382790Z,2194.56,5309858284,"['SRR1534596_1.fastq', 'SRR1534596_2.fastq']",0,
GSE60012,SRR1534597,GSE60012,completed,2026-05-05T05:38:30.406895Z,2273.69,4801010908,"['SRR1534597_1.fastq', 'SRR1534597_2.fastq']",0,
GSE60012,SRR1534598,GSE60012,completed,2026-05-05T07:11:03.093670Z,5551.31,14185270312,"['SRR1534598_1.fastq', 'SRR1534598_2.fastq']",0,
GSE60012,SRR1534599,GSE60012,completed,2026-05-05T07:53:24.516479Z,2537.39,6976422820,"['SRR1534599_1.fastq', 'SRR1534599_2.fastq']",0,
GSE60012,SRR1534600,GSE60012,completed,2026-05-05T08:45:22.938432Z,3116.56,9613324932,"['SRR1534600_1.fastq', 'SRR1534600_2.fastq']",0,
GSE60012,SRR1534601,GSE60012,completed,2026-05-05T09:34:50.994899Z,2965.39,8426856480,"['SRR1534601_1.fastq', 'SRR1534601_2.fastq']",0,
GSE60012,SRR1534602,GSE60012,completed,2026-05-05T10:11:27.025324Z,2193.82,6713359724,"['SRR1534602_1.fastq', 'SRR1534602_2.fastq']",0,
GSE60012,SRR1534603,GSE60012,completed,2026-05-05T11:07:56.517485Z,3387.73,9921499628,"['SRR1534603_1.fastq', 'SRR1534603_2.fastq']",0,
GSE60012,SRR1534604,GSE60012,completed,2026-05-05T11:56:22.303869Z,2903.14,8879648252,"['SRR1534604_1.fastq', 'SRR1534604_2.fastq']",0,
GSE60012,SRR1534606,GSE60012,completed,2026-05-05T13:03:01.898702Z,3997.16,8824556232,"['SRR1534606_1.fastq', 'SRR1534606_2.fastq']",0,
GSE60012,SRR1534607,GSE60012,completed,2026-05-05T15:43:08.341478Z,9604.06,14500388480,"['SRR1534607_1.fastq', 'SRR1534607_2.fastq']",0,
GSE80672,SRR3440565,GSE80672,completed,2026-04-23T20:29:07.490691Z,4279.69,15618938440,"['SRR3440565_1.fastq', 'SRR3440565_2.fastq']",0,
GSE80672,SRR3440566,GSE80672,completed,2026-04-23T22:03:22.213829Z,5654.72,17154205400,"['SRR3440566_1.fastq', 'SRR3440566_2.fastq']",0,
GSE80672,SRR3440567,GSE80672,completed,2026-04-24T00:36:43.177298Z,6421.09,18015741112,"['SRR3440567_1.fastq', 'SRR3440567_2.fastq']",0,
GSE80672,SRR3440568,GSE80672,completed,2026-04-24T02:38:28.413634Z,7300.24,18685647608,"['SRR3440568_1.fastq', 'SRR3440568_2.fastq']",0,
GSE80672,SRR3440588,GSE80672,completed,2026-04-26T10:04:45.173301Z,6486.15,3528870888,"['SRR3440588_1.fastq', 'SRR3440588_2.fastq']",0,
GSE80672,SRR3440590,GSE80672,completed,2026-04-26T10:21:07.644171Z,4429.71,2941235544,"['SRR3440590_1.fastq', 'SRR3440590_2.fastq']",0,
GSE80672,SRR3440596,GSE80672,completed,2026-04-26T10:30:01.475830Z,4147.0,3146657616,"['SRR3440596_1.fastq', 'SRR3440596_2.fastq']",0,
GSE80672,SRR3440591,GSE80672,completed,2026-04-26T10:34:39.927215Z,5143.2,3611993760,"['SRR3440591_1.fastq', 'SRR3440591_2.fastq']",0,
GSE80672,SRR3440597,GSE80672,completed,2026-04-26T10:41:23.493538Z,4560.34,4104605088,"['SRR3440597_1.fastq', 'SRR3440597_2.fastq']",0,
GSE80672,SRR3440592,GSE80672,completed,2026-04-26T10:49:25.671002Z,5946.7,4967787352,"['SRR3440592_1.fastq', 'SRR3440592_2.fastq']",0,
GSE80672,SRR3440602,GSE80672,completed,2026-04-26T11:21:46.037034Z,1942.95,1540037376,"['SRR3440602_1.fastq', 'SRR3440602_2.fastq']",0,
GSE80672,SRR3440599,GSE80672,completed,2026-04-26T12:43:23.336632Z,7579.23,4624458440,"['SRR3440599_1.fastq', 'SRR3440599_2.fastq']",0,
GSE80672,SRR3440600,GSE80672,completed,2026-04-26T16:34:15.199111Z,21008.88,4803799544,"['SRR3440600_1.fastq', 'SRR3440600_2.fastq']",0,
GSE80672,SRR3440603,GSE80672,completed,2026-04-26T16:34:56.224279Z,20583.82,4602604504,"['SRR3440603_1.fastq', 'SRR3440603_2.fastq']",0,
GSE80672,SRR3440604,GSE80672,completed,2026-04-26T16:41:11.045361Z,5643.36,4994900264,"['SRR3440604_1.fastq', 'SRR3440604_2.fastq']",0,
GSE80672,SRR3440611,GSE80672,completed,2026-04-26T17:27:14.842168Z,5223.55,5201360776,"['SRR3440611_1.fastq', 'SRR3440611_2.fastq']",0,
GSE80672,SRR3440612,GSE80672,completed,2026-04-26T18:22:15.305584Z,3299.09,6266595736,"['SRR3440612_1.fastq', 'SRR3440612_2.fastq']",0,
GSE80672,SRR3440617,GSE80672,completed,2026-04-26T19:19:50.867174Z,2914.39,2095236984,"['SRR3440617_1.fastq', 'SRR3440617_2.fastq']",0,
GSE80672,SRR3440615,GSE80672,completed,2026-04-26T19:50:42.648583Z,5016.71,5078484760,"['SRR3440615_1.fastq', 'SRR3440615_2.fastq']",0,
GSE80672,SRR3440618,GSE80672,completed,2026-04-26T19:53:08.498455Z,4761.35,4961352600,"['SRR3440618_1.fastq', 'SRR3440618_2.fastq']",0,
GSE80672,SRR3440613,GSE80672,completed,2026-04-26T20:00:04.836743Z,5867.74,5786404920,"['SRR3440613_1.fastq', 'SRR3440613_2.fastq']",0,
GSE80672,SRR3440616,GSE80672,completed,2026-04-26T20:10:43.780062Z,6053.17,6417484824,"['SRR3440616_1.fastq', 'SRR3440616_2.fastq']",0,
GSE80672,SRR3440620,GSE80672,completed,2026-04-26T20:17:30.491909Z,5746.41,5019541912,"['SRR3440620_1.fastq', 'SRR3440620_2.fastq']",0,
GSE80672,SRR3440614,GSE80672,completed,2026-04-26T20:23:09.503975Z,7056.36,8125917048,"['SRR3440614_1.fastq', 'SRR3440614_2.fastq']",0,
GSE80672,SRR3440619,GSE80672,completed,2026-04-26T20:41:27.195495Z,7389.55,6709281896,"['SRR3440619_1.fastq', 'SRR3440619_2.fastq']",0,
GSE80672,SRR3440621,GSE80672,completed,2026-04-26T20:47:55.445299Z,7289.86,7552275704,"['SRR3440621_1.fastq', 'SRR3440621_2.fastq']",0,
GSE80672,SRR3440622,GSE80672,completed,2026-04-26T21:17:12.594532Z,1754.86,1546569576,"['SRR3440622_1.fastq', 'SRR3440622_2.fastq']",0,
GSE80672,SRR3440623,GSE80672,completed,2026-04-26T22:14:12.173742Z,4943.76,4856920584,"['SRR3440623_1.fastq', 'SRR3440623_2.fastq']",0,
GSE80672,SRR3440629,GSE80672,completed,2026-04-26T22:31:00.261337Z,3545.22,3486087600,"['SRR3440629_1.fastq', 'SRR3440629_2.fastq']",0,
GSE80672,SRR3440624,GSE80672,completed,2026-04-26T22:34:37.562876Z,5687.08,5256152680,"['SRR3440624_1.fastq', 'SRR3440624_2.fastq']",0,
GSE80672,SRR3440628,GSE80672,completed,2026-04-26T22:46:28.863611Z,4630.23,4205348712,"['SRR3440628_1.fastq', 'SRR3440628_2.fastq']",0,
GSE80672,SRR3440627,GSE80672,completed,2026-04-26T22:52:49.507675Z,5248.36,4858500040,"['SRR3440627_1.fastq', 'SRR3440627_2.fastq']",0,
GSE80672,SRR3440630,GSE80672,completed,2026-04-26T22:53:02.710659Z,4726.16,4184230440,"['SRR3440630_1.fastq', 'SRR3440630_2.fastq']",0,
GSE80672,SRR3440625,GSE80672,completed,2026-04-26T23:11:36.964864Z,6704.74,6894890248,"['SRR3440625_1.fastq', 'SRR3440625_2.fastq']",0,
GSE80672,SRR3440631,GSE80672,completed,2026-04-26T23:22:46.829375Z,6420.78,6407311160,"['SRR3440631_1.fastq', 'SRR3440631_2.fastq']",0,
GSE80672,SRR3440637,GSE80672,completed,2026-04-27T01:02:56.238323Z,4100.05,3637778736,"['SRR3440637_1.fastq', 'SRR3440637_2.fastq']",0,
GSE80672,SRR3440632,GSE80672,completed,2026-04-27T01:03:27.883299Z,6039.09,5442960472,"['SRR3440632_1.fastq', 'SRR3440632_2.fastq']",0,
GSE80672,SRR3440635,GSE80672,completed,2026-04-27T01:09:56.035367Z,5219.41,4404250440,"['SRR3440635_1.fastq', 'SRR3440635_2.fastq']",0,
GSE80672,SRR3440634,GSE80672,completed,2026-04-27T01:38:27.996298Z,7560.35,6026913752,"['SRR3440634_1.fastq', 'SRR3440634_2.fastq']",0,
GSE80672,SRR3440636,GSE80672,completed,2026-04-27T01:54:05.401220Z,7587.78,6490074840,"['SRR3440636_1.fastq', 'SRR3440636_2.fastq']",0,
GSE80672,SRR3440639,GSE80672,completed,2026-04-27T01:56:02.748803Z,6089.67,5390712680,"['SRR3440639_1.fastq', 'SRR3440639_2.fastq']",0,
GSE80672,SRR3440638,GSE80672,completed,2026-04-27T01:56:28.337236Z,6310.73,5725418152,"['SRR3440638_1.fastq', 'SRR3440638_2.fastq']",0,
GSE80672,SRR3440645,GSE80672,completed,2026-04-27T03:45:18.713548Z,5280.79,4369697952,"['SRR3440645_1.fastq', 'SRR3440645_2.fastq']",0,
GSE80672,SRR3440667,GSE80672,completed,2026-04-27T06:55:49.696906Z,6164.21,5091460984,"['SRR3440667_1.fastq', 'SRR3440667_2.fastq']",0,
GSE80672,SRR3440669,GSE80672,completed,2026-04-27T07:25:20.468274Z,4076.44,7372586600,"['SRR3440669_1.fastq', 'SRR3440669_2.fastq']",0,
GSE80672,SRR3440687,GSE80672,completed,2026-04-27T09:37:15.484287Z,4678.79,3991979928,"['SRR3440687_1.fastq', 'SRR3440687_2.fastq']",0,
GSE80672,SRR3440688,GSE80672,completed,2026-04-27T09:54:59.697628Z,5459.65,4826990264,"['SRR3440688_1.fastq', 'SRR3440688_2.fastq']",0,
GSE80672,SRR3440686,GSE80672,completed,2026-04-27T10:46:52.397526Z,9030.12,9088806600,"['SRR3440686_1.fastq', 'SRR3440686_2.fastq']",0,
GSE80672,SRR3440702,GSE80672,completed,2026-04-27T11:13:03.002009Z,1221.32,925601544,"['SRR3440702_1.fastq', 'SRR3440702_2.fastq']",0,
GSE80672,SRR3440696,GSE80672,completed,2026-04-27T11:33:24.873517Z,5685.69,4927047224,"['SRR3440696_1.fastq', 'SRR3440696_2.fastq']",0,
GSE80672,SRR3440698,GSE80672,completed,2026-04-27T11:48:10.787247Z,6290.99,5492896616,"['SRR3440698_1.fastq', 'SRR3440698_2.fastq']",0,
GSE80672,SRR3440700,GSE80672,completed,2026-04-27T12:52:48.768983Z,7994.24,4669717464,"['SRR3440700_1.fastq', 'SRR3440700_2.fastq']",0,
GSE80672,SRR3440703,GSE80672,completed,2026-04-27T16:31:34.282243Z,5903.0,4413729768,"['SRR3440703_1.fastq', 'SRR3440703_2.fastq']",0,
GSE80672,SRR3440701,GSE80672,completed,2026-04-27T16:40:47.312761Z,6097.75,6280721752,"['SRR3440701_1.fastq', 'SRR3440701_2.fastq']",0,
GSE80672,SRR3440716,GSE80672,completed,2026-04-27T18:02:50.307924Z,3934.04,4669528152,"['SRR3440716_1.fastq', 'SRR3440716_2.fastq']",0,
GSE80672,SRR3440717,GSE80672,completed,2026-04-27T18:04:30.662747Z,3953.47,5130704248,"['SRR3440717_1.fastq', 'SRR3440717_2.fastq']",0,
GSE80672,SRR3440713,GSE80672,completed,2026-04-27T18:17:13.072299Z,5572.32,6286690648,"['SRR3440713_1.fastq', 'SRR3440713_2.fastq']",0,
GSE80672,SRR3440715,GSE80672,completed,2026-04-27T18:21:07.115819Z,5135.64,5708702088,"['SRR3440715_1.fastq', 'SRR3440715_2.fastq']",0,
GSE80672,SRR3440718,GSE80672,completed,2026-04-27T18:23:21.678244Z,4770.4,5436576296,"['SRR3440718_1.fastq', 'SRR3440718_2.fastq']",0,
GSE80672,SRR3440729,GSE80672,completed,2026-04-27T20:27:51.987551Z,4195.51,6139926520,"['SRR3440729_1.fastq', 'SRR3440729_2.fastq']",0,
GSE80672,SRR3440728,GSE80672,completed,2026-04-27T20:29:06.479917Z,4459.19,6236702072,"['SRR3440728_1.fastq', 'SRR3440728_2.fastq']",0,
GSE80672,SRR3440721,GSE80672,completed,2026-04-27T20:34:01.349009Z,7679.02,9009359592,"['SRR3440721_1.fastq', 'SRR3440721_2.fastq']",0,
GSE80672,SRR3440724,GSE80672,completed,2026-04-27T20:41:51.609037Z,6722.09,8459322392,"['SRR3440724_1.fastq', 'SRR3440724_2.fastq']",0,
GSE80672,SRR3440731,GSE80672,completed,2026-04-27T21:32:42.182806Z,6475.29,9035156136,"['SRR3440731_1.fastq', 'SRR3440731_2.fastq']",0,
GSE80672,SRR3440733,GSE80672,completed,2026-04-27T22:33:06.691594Z,7274.08,9538651816,"['SRR3440733_1.fastq', 'SRR3440733_2.fastq']",0,
GSE80672,SRR3440732,GSE80672,completed,2026-04-27T22:38:16.086045Z,7863.18,10685961416,"['SRR3440732_1.fastq', 'SRR3440732_2.fastq']",0,
GSE80672,SRR3440737,GSE80672,completed,2026-04-27T22:38:27.319884Z,6199.46,8861542648,"['SRR3440737_1.fastq', 'SRR3440737_2.fastq']",0,
GSE80672,SRR3440738,GSE80672,completed,2026-04-27T22:50:53.520854Z,6808.02,8859905656,"['SRR3440738_1.fastq', 'SRR3440738_2.fastq']",0,
GSE80672,SRR3440739,GSE80672,completed,2026-04-28T00:48:35.442975Z,3982.79,10387601528,"['SRR3440739_1.fastq', 'SRR3440739_2.fastq']",0,
GSE80672,SRR3440740,GSE80672,completed,2026-04-28T00:50:59.604797Z,6576.41,9171574456,"['SRR3440740_1.fastq', 'SRR3440740_2.fastq']",0,
GSE80672,SRR3440742,GSE80672,completed,2026-04-28T01:32:51.776866Z,6448.98,8565570968,"['SRR3440742_1.fastq', 'SRR3440742_2.fastq']",0,
GSE80672,SRR3440743,GSE80672,completed,2026-04-28T01:40:50.398734Z,6828.59,9256261880,"['SRR3440743_1.fastq', 'SRR3440743_2.fastq']",0,
GSE80672,SRR3440748,GSE80672,completed,2026-04-28T02:01:12.322512Z,171.69,279770168,"['SRR3440748_1.fastq', 'SRR3440748_2.fastq']",0,
GSE80672,SRR3440750,GSE80672,completed,2026-04-28T03:15:40.969947Z,4507.26,4981780664,"['SRR3440750_1.fastq', 'SRR3440750_2.fastq']",0,
GSE80672,SRR3440745,GSE80672,completed,2026-04-28T03:35:38.949723Z,6267.82,7601843896,"['SRR3440745_1.fastq', 'SRR3440745_2.fastq']",0,
GSE80672,SRR3440744,GSE80672,completed,2026-04-28T03:38:17.602600Z,7044.43,8191862584,"['SRR3440744_1.fastq', 'SRR3440744_2.fastq']",0,
GSE80672,SRR3440752,GSE80672,completed,2026-04-28T03:45:19.748703Z,6001.09,7275701080,"['SRR3440752_1.fastq', 'SRR3440752_2.fastq']",0,
GSE80672,SRR3440746,GSE80672,completed,2026-04-28T03:54:55.383378Z,7268.15,8847430088,"['SRR3440746_1.fastq', 'SRR3440746_2.fastq']",0,
GSE80672,SRR3440753,GSE80672,completed,2026-04-28T05:35:18.720833Z,6596.97,7833985416,"['SRR3440753_1.fastq', 'SRR3440753_2.fastq']",0,
GSE80672,SRR3440754,GSE80672,completed,2026-04-28T05:37:49.852219Z,6090.5,6872662792,"['SRR3440754_1.fastq', 'SRR3440754_2.fastq']",0,
GSE80672,SRR3440755,GSE80672,completed,2026-04-28T05:56:37.596855Z,6901.72,7409645352,"['SRR3440755_1.fastq', 'SRR3440755_2.fastq']",0,
GSE80672,SRR3440760,GSE80672,completed,2026-04-28T06:26:09.733083Z,4223.36,5230923608,"['SRR3440760_1.fastq', 'SRR3440760_2.fastq']",0,
GSE80672,SRR3440759,GSE80672,completed,2026-04-28T06:37:57.761658Z,4065.94,9826926200,"['SRR3440759_1.fastq', 'SRR3440759_2.fastq']",0,
GSE80672,SRR3440761,GSE80672,completed,2026-04-28T06:46:12.955935Z,5225.79,6420705448,"['SRR3440761_1.fastq', 'SRR3440761_2.fastq']",0,
GSE80672,SRR3440766,GSE80672,completed,2026-04-28T09:00:18.463353Z,5499.06,7881453544,"['SRR3440766_1.fastq', 'SRR3440766_2.fastq']",0,
GSE80672,SRR3440764,GSE80672,completed,2026-04-28T09:04:27.964083Z,6429.8,8567944792,"['SRR3440764_1.fastq', 'SRR3440764_2.fastq']",0,
GSE80672,SRR3440768,GSE80672,completed,2026-04-28T09:41:47.284421Z,6955.31,9887622968,"['SRR3440768_1.fastq', 'SRR3440768_2.fastq']",0,
GSE80672,SRR3440770,GSE80672,completed,2026-04-28T09:46:32.795154Z,6985.59,9164846920,"['SRR3440770_1.fastq', 'SRR3440770_2.fastq']",0,
GSE80672,SRR3440767,GSE80672,completed,2026-04-28T09:51:34.905422Z,7629.48,10980368952,"['SRR3440767_1.fastq', 'SRR3440767_2.fastq']",0,
GSE80672,SRR3440773,GSE80672,completed,2026-04-28T10:45:36.640116Z,6485.81,8711701736,"['SRR3440773_1.fastq', 'SRR3440773_2.fastq']",0,
GSE80672,SRR3440774,GSE80672,completed,2026-04-28T11:03:40.682575Z,7300.22,10154402552,"['SRR3440774_1.fastq', 'SRR3440774_2.fastq']",0,
GSE80672,SRR3440807,GSE80672,completed,2026-04-28T16:57:18.063719Z,346.01,285031480,"['SRR3440807_1.fastq', 'SRR3440807_2.fastq']",0,
GSE80672,SRR3440809,GSE80672,completed,2026-04-28T17:44:43.989248Z,3685.6,4222945752,"['SRR3440809_1.fastq', 'SRR3440809_2.fastq']",0,
GSE80672,SRR3440812,GSE80672,completed,2026-04-28T17:46:47.253011Z,2625.21,3232725792,"['SRR3440812_1.fastq', 'SRR3440812_2.fastq']",0,
GSE80672,SRR3440813,GSE80672,completed,2026-04-28T18:28:15.208392Z,4945.77,7083522952,"['SRR3440813_1.fastq', 'SRR3440813_2.fastq']",0,
GSE80672,SRR3440810,GSE80672,completed,2026-04-28T18:33:22.078339Z,5993.67,7367944280,"['SRR3440810_1.fastq', 'SRR3440810_2.fastq']",0,
GSE80672,SRR3440814,GSE80672,completed,2026-04-28T18:37:30.001874Z,5047.71,7190916680,"['SRR3440814_1.fastq', 'SRR3440814_2.fastq']",0,
GSE80672,SRR3440815,GSE80672,completed,2026-04-28T18:52:03.924014Z,5682.17,7534115208,"['SRR3440815_1.fastq', 'SRR3440815_2.fastq']",0,
GSE80672,SRR3440816,GSE80672,completed,2026-04-28T19:29:11.672673Z,7522.91,10173833944,"['SRR3440816_1.fastq', 'SRR3440816_2.fastq']",0,
GSE80672,SRR3440818,GSE80672,completed,2026-04-28T21:01:51.921173Z,5470.97,6791407112,"['SRR3440818_1.fastq', 'SRR3440818_2.fastq']",0,
GSE80672,SRR3440820,GSE80672,completed,2026-04-28T21:07:06.946554Z,3508.71,4531182144,"['SRR3440820_1.fastq', 'SRR3440820_2.fastq']",0,
GSE80672,SRR3440819,GSE80672,completed,2026-04-28T21:24:02.487029Z,4726.48,6348986824,"['SRR3440819_1.fastq', 'SRR3440819_2.fastq']",0,
GSE80672,SRR3440821,GSE80672,completed,2026-04-28T22:03:00.178318Z,3352.12,4484249712,"['SRR3440821_1.fastq', 'SRR3440821_2.fastq']",0,
GSE80672,SRR3440822,GSE80672,completed,2026-04-28T23:22:20.651695Z,7016.97,9680308696,"['SRR3440822_1.fastq', 'SRR3440822_2.fastq']",0,
GSE80672,SRR3440824,GSE80672,completed,2026-04-28T23:56:27.792012Z,6497.43,9056386920,"['SRR3440824_1.fastq', 'SRR3440824_2.fastq']",0,
GSE80672,SRR3440826,GSE80672,completed,2026-04-29T00:11:09.936358Z,151.78,230052024,"['SRR3440826_1.fastq', 'SRR3440826_2.fastq']",0,
GSE80672,SRR3440833,GSE80672,completed,2026-04-29T01:40:02.659523Z,3691.01,5751465720,"['SRR3440833_1.fastq', 'SRR3440833_2.fastq']",0,
GSE80672,SRR3440828,GSE80672,completed,2026-04-29T01:46:26.187094Z,4836.86,7111659448,"['SRR3440828_1.fastq', 'SRR3440828_2.fastq']",0,
GSE80672,SRR3440830,GSE80672,completed,2026-04-29T02:08:32.856788Z,5727.92,6364141064,"['SRR3440830_1.fastq', 'SRR3440830_2.fastq']",0,
GSE80672,SRR3440831,GSE80672,completed,2026-04-29T02:28:53.444907Z,6867.43,6874860760,"['SRR3440831_1.fastq', 'SRR3440831_2.fastq']",0,
GSE80672,SRR3440835,GSE80672,completed,2026-04-29T02:42:59.662102Z,7204.18,5900973944,"['SRR3440835_1.fastq', 'SRR3440835_2.fastq']",0,
GSE80672,SRR3440829,GSE80672,completed,2026-04-29T05:38:22.542538Z,13579.9,8099317784,"['SRR3440829_1.fastq', 'SRR3440829_2.fastq']",0,
GSE80672,SRR3440834,GSE80672,completed,2026-04-29T06:32:05.486266Z,21072.38,8649724328,"['SRR3440834_1.fastq', 'SRR3440834_2.fastq']",0,
GSE80672,SRR3440832,GSE80672,completed,2026-04-29T07:01:33.287553Z,4988.39,11793468632,"['SRR3440832_1.fastq', 'SRR3440832_2.fastq']",0,
GSE80672,SRR3440842,GSE80672,completed,2026-04-29T07:51:17.953459Z,3628.64,4945035576,"['SRR3440842_1.fastq', 'SRR3440842_2.fastq']",0,
GSE80672,SRR3440840,GSE80672,completed,2026-04-29T07:54:50.571781Z,4645.5,6714807672,"['SRR3440840_1.fastq', 'SRR3440840_2.fastq']",0,
GSE80672,SRR3440841,GSE80672,completed,2026-04-29T08:02:22.900776Z,4986.18,7158710904,"['SRR3440841_1.fastq', 'SRR3440841_2.fastq']",0,
GSE80672,SRR3440843,GSE80672,completed,2026-04-29T08:08:06.681358Z,3434.02,4978968824,"['SRR3440843_1.fastq', 'SRR3440843_2.fastq']",0,
GSE80672,SRR3440844,GSE80672,completed,2026-04-29T09:18:35.373444Z,7562.28,10151969800,"['SRR3440844_1.fastq', 'SRR3440844_2.fastq']",0,
GSE80672,SRR3440849,GSE80672,completed,2026-04-29T10:37:50.631800Z,3519.12,5867061112,"['SRR3440849_1.fastq', 'SRR3440849_2.fastq']",0,
GSE80672,SRR3440850,GSE80672,completed,2026-04-29T10:47:45.842794Z,3738.5,5564899672,"['SRR3440850_1.fastq', 'SRR3440850_2.fastq']",0,
GSE80672,SRR3440848,GSE80672,completed,2026-04-29T10:49:07.073737Z,4395.39,5779186936,"['SRR3440848_1.fastq', 'SRR3440848_2.fastq']",0,
GSE80672,SRR3440852,GSE80672,completed,2026-04-29T16:43:28.831838Z,24405.74,6995177816,"['SRR3440852_1.fastq', 'SRR3440852_2.fastq']",0,
GSE80672,SRR3440851,GSE80672,completed,2026-04-29T16:57:09.810879Z,5822.1,9702774184,"['SRR3440851_1.fastq', 'SRR3440851_2.fastq']",0,
GSE80672,SRR3440855,GSE80672,completed,2026-04-29T18:00:40.357435Z,3649.63,5282272632,"['SRR3440855_1.fastq', 'SRR3440855_2.fastq']",0,
GSE80672,SRR3440856,GSE80672,completed,2026-04-29T18:09:22.740925Z,4054.75,5984813640,"['SRR3440856_1.fastq', 'SRR3440856_2.fastq']",0,
GSE80672,SRR3440859,GSE80672,completed,2026-04-29T18:20:16.945869Z,4108.35,5936164168,"['SRR3440859_1.fastq', 'SRR3440859_2.fastq']",0,
GSE80672,SRR3440857,GSE80672,completed,2026-04-29T18:22:51.482382Z,4660.07,5763511160,"['SRR3440857_1.fastq', 'SRR3440857_2.fastq']",0,
GSE80672,SRR3440858,GSE80672,completed,2026-04-29T18:24:14.463227Z,4622.97,6168692200,"['SRR3440858_1.fastq', 'SRR3440858_2.fastq']",0,
GSE80672,SRR3440853,GSE80672,completed,2026-04-29T18:28:17.872920Z,6287.13,8167165720,"['SRR3440853_1.fastq', 'SRR3440853_2.fastq']",0,
GSE80672,SRR3440863,GSE80672,completed,2026-04-29T18:36:41.409826Z,183.9,217254904,"['SRR3440863_1.fastq', 'SRR3440863_2.fastq']",0,
GSE80672,SRR3440847,GSE80672,completed,2026-04-29T18:47:31.638772Z,15103.38,12353467912,"['SRR3440847_1.fastq', 'SRR3440847_2.fastq']",0,
GSE80672,SRR3440861,GSE80672,completed,2026-04-29T20:00:19.646159Z,5683.55,8100200312,"['SRR3440861_1.fastq', 'SRR3440861_2.fastq']",0,
GSE80672,SRR3440860,GSE80672,completed,2026-04-29T20:08:32.220985Z,6493.67,8697288040,"['SRR3440860_1.fastq', 'SRR3440860_2.fastq']",0,
GSE80672,SRR3440865,GSE80672,completed,2026-04-29T20:17:43.602421Z,5494.29,7804703768,"['SRR3440865_1.fastq', 'SRR3440865_2.fastq']",0,
GSE80672,SRR3440868,GSE80672,completed,2026-04-29T20:33:37.431436Z,5545.62,7936835192,"['SRR3440868_1.fastq', 'SRR3440868_2.fastq']",0,
GSE80672,SRR3440864,GSE80672,completed,2026-04-29T20:37:57.422904Z,7275.96,6992856424,"['SRR3440864_1.fastq', 'SRR3440864_2.fastq']",0,
GSE80672,SRR3440867,GSE80672,completed,2026-04-29T20:46:04.996099Z,6554.49,8923839288,"['SRR3440867_1.fastq', 'SRR3440867_2.fastq']",0,
GSE80672,SRR3440866,GSE80672,completed,2026-04-29T20:54:50.501658Z,7349.43,9250230344,"['SRR3440866_1.fastq', 'SRR3440866_2.fastq']",0,
GSE80672,SRR3440869,GSE80672,completed,2026-04-29T21:09:20.839823Z,7589.56,10395135496,"['SRR3440869_1.fastq', 'SRR3440869_2.fastq']",0,
GSE80672,SRR3440870,GSE80672,completed,2026-04-29T22:25:03.391562Z,4539.6,5512996168,"['SRR3440870_1.fastq', 'SRR3440870_2.fastq']",0,
GSE80672,SRR3440871,GSE80672,completed,2026-04-29T22:45:47.145596Z,5161.48,6472161656,"['SRR3440871_1.fastq', 'SRR3440871_2.fastq']",0,
GSE80672,SRR3440874,GSE80672,completed,2026-04-29T22:48:59.460121Z,4429.58,5462439656,"['SRR3440874_1.fastq', 'SRR3440874_2.fastq']",0,
GSE80672,SRR3440872,GSE80672,completed,2026-04-29T22:54:50.323346Z,5230.77,6550275128,"['SRR3440872_1.fastq', 'SRR3440872_2.fastq']",0,
GSE80672,SRR3440873,GSE80672,completed,2026-04-29T23:15:45.507043Z,6291.6,8597433848,"['SRR3440873_1.fastq', 'SRR3440873_2.fastq']",0,
GSE80672,SRR3440875,GSE80672,completed,2026-04-29T23:29:38.395796Z,6067.97,7979416008,"['SRR3440875_1.fastq', 'SRR3440875_2.fastq']",0,
GSE80672,SRR3440876,GSE80672,completed,2026-04-30T00:51:42.000103Z,4921.33,6659150408,"['SRR3440876_1.fastq', 'SRR3440876_2.fastq']",0,
GSE80672,SRR3440879,GSE80672,completed,2026-04-30T01:03:59.361173Z,3635.89,4801752376,"['SRR3440879_1.fastq', 'SRR3440879_2.fastq']",0,
GSE80672,SRR3440877,GSE80672,completed,2026-04-30T01:40:25.786919Z,7488.25,9141800040,"['SRR3440877_1.fastq', 'SRR3440877_2.fastq']",0,
GSE80672,SRR3440878,GSE80672,completed,2026-04-30T02:32:56.617153Z,9355.23,10801333624,"['SRR3440878_1.fastq', 'SRR3440878_2.fastq']",0,
GSE80672,SRR3440880,GSE80672,completed,2026-04-30T03:12:13.896808Z,7693.32,8370864504,"['SRR3440880_1.fastq', 'SRR3440880_2.fastq']",0,
GSE80672,SRR3440886,GSE80672,completed,2026-04-30T05:15:55.314989Z,5363.72,6920040904,"['SRR3440886_1.fastq', 'SRR3440886_2.fastq']",0,
GSE80672,SRR3440887,GSE80672,completed,2026-04-30T05:19:15.124957Z,5365.57,6742080200,"['SRR3440887_1.fastq', 'SRR3440887_2.fastq']",0,
GSE80672,SRR3440888,GSE80672,completed,2026-04-30T05:21:47.978349Z,5397.51,6298115720,"['SRR3440888_1.fastq', 'SRR3440888_2.fastq']",0,
GSE80672,SRR3440889,GSE80672,completed,2026-04-30T05:23:07.371258Z,5285.44,6653088248,"['SRR3440889_1.fastq', 'SRR3440889_2.fastq']",0,
GSE80672,SRR3440882,GSE80672,completed,2026-04-30T05:33:20.877145Z,7660.14,9260138136,"['SRR3440882_1.fastq', 'SRR3440882_2.fastq']",0,
GSE80672,SRR3440884,GSE80672,completed,2026-04-30T05:53:13.582584Z,8095.96,10353900280,"['SRR3440884_1.fastq', 'SRR3440884_2.fastq']",0,
GSE80672,SRR3440893,GSE80672,completed,2026-04-30T07:05:30.712620Z,5907.59,7616932248,"['SRR3440893_1.fastq', 'SRR3440893_2.fastq']",0,
GSE80672,SRR3440898,GSE80672,completed,2026-04-30T07:24:12.351189Z,4382.88,6043668328,"['SRR3440898_1.fastq', 'SRR3440898_2.fastq']",0,
GSE80672,SRR3440894,GSE80672,completed,2026-04-30T07:56:50.158704Z,8849.69,11735279784,"['SRR3440894_1.fastq', 'SRR3440894_2.fastq']",0,
GSE80672,SRR3440896,GSE80672,completed,2026-04-30T08:06:33.735340Z,7381.59,9940438232,"['SRR3440896_1.fastq', 'SRR3440896_2.fastq']",0,
GSE80672,SRR3440895,GSE80672,completed,2026-04-30T08:13:20.079349Z,8547.66,11329022264,"['SRR3440895_1.fastq', 'SRR3440895_2.fastq']",0,
GSE80672,SRR3440899,GSE80672,completed,2026-04-30T08:32:45.298250Z,4111.16,6216470280,"['SRR3440899_1.fastq', 'SRR3440899_2.fastq']",0,
GSE80672,SRR3440900,GSE80672,completed,2026-04-30T09:13:14.026765Z,2427.07,2947115208,"['SRR3440900_1.fastq', 'SRR3440900_2.fastq']",0,
GSE80672,SRR3440901,GSE80672,completed,2026-04-30T09:54:17.757206Z,4575.96,5898536552,"['SRR3440901_1.fastq', 'SRR3440901_2.fastq']",0,
GSE80672,SRR3440902,GSE80672,completed,2026-04-30T10:46:18.301134Z,7556.22,9366403416,"['SRR3440902_1.fastq', 'SRR3440902_2.fastq']",0,
GSE80672,SRR3440904,GSE80672,completed,2026-04-30T10:56:30.162454Z,4364.72,5877971608,"['SRR3440904_1.fastq', 'SRR3440904_2.fastq']",0,
GSE80672,SRR3440905,GSE80672,completed,2026-04-30T12:11:15.299183Z,4483.4,6586767336,"['SRR3440905_1.fastq', 'SRR3440905_2.fastq']",0,
GSE80672,SRR3440907,GSE80672,completed,2026-04-30T12:39:02.333223Z,5298.41,7230251352,"['SRR3440907_1.fastq', 'SRR3440907_2.fastq']",0,
GSE80672,SRR3440909,GSE80672,completed,2026-04-30T12:40:10.067349Z,4666.14,5567412696,"['SRR3440909_1.fastq', 'SRR3440909_2.fastq']",0,
GSE80672,SRR3440910,GSE80672,completed,2026-04-30T13:16:00.437672Z,6691.43,8891256744,"['SRR3440910_1.fastq', 'SRR3440910_2.fastq']",0,
GSE80672,SRR3440911,GSE80672,completed,2026-04-30T13:26:17.394607Z,7152.73,9301534824,"['SRR3440911_1.fastq', 'SRR3440911_2.fastq']",0,
GSE80672,SRR3440908,GSE80672,completed,2026-04-30T13:29:56.457583Z,8146.74,9971487256,"['SRR3440908_1.fastq', 'SRR3440908_2.fastq']",0,
GSE80672,SRR3440912,GSE80672,completed,2026-04-30T15:30:20.848098Z,7440.65,9422837416,"['SRR3440912_1.fastq', 'SRR3440912_2.fastq']",0,
GSE80672,SRR3440915,GSE80672,completed,2026-04-30T17:03:49.182318Z,8113.62,9132423528,"['SRR3440915_1.fastq', 'SRR3440915_2.fastq']",0,
GSE80672,SRR3440916,GSE80672,completed,2026-04-30T19:08:05.954758Z,7453.97,11278602168,"['SRR3440916_1.fastq', 'SRR3440916_2.fastq']",0,
GSE80672,SRR3440917,GSE80672,completed,2026-04-30T19:11:01.554451Z,172.2,205020920,"['SRR3440917_1.fastq', 'SRR3440917_2.fastq']",0,
GSE80672,SRR3440913,GSE80672,completed,2026-04-30T19:36:00.721526Z,14089.59,14353657768,"['SRR3440913_1.fastq', 'SRR3440913_2.fastq']",0,
GSE80672,SRR3440918,GSE80672,completed,2026-04-30T21:31:10.158299Z,8408.55,7663395352,"['SRR3440918_1.fastq', 'SRR3440918_2.fastq']",0,
GSE80672,SRR3440920,GSE80672,completed,2026-04-30T21:41:51.011380Z,6236.49,8390069928,"['SRR3440920_1.fastq', 'SRR3440920_2.fastq']",0,
GSE80672,SRR3440919,GSE80672,completed,2026-04-30T22:13:21.857357Z,9280.65,12671738040,"['SRR3440919_1.fastq', 'SRR3440919_2.fastq']",0,
GSE80672,SRR3440921,GSE80672,completed,2026-04-30T23:07:08.797700Z,3223.04,7500364776,"['SRR3440921_1.fastq', 'SRR3440921_2.fastq']",0,
GSE80672,SRR3440924,GSE80672,completed,2026-05-01T00:13:03.615753Z,3399.92,4664044600,"['SRR3440924_1.fastq', 'SRR3440924_2.fastq']",0,
GSE80672,SRR3440928,GSE80672,completed,2026-05-01T00:15:45.145049Z,2234.66,3019624680,"['SRR3440928_1.fastq', 'SRR3440928_2.fastq']",0,
GSE80672,SRR3440925,GSE80672,completed,2026-05-01T00:17:10.889450Z,3482.16,4642796648,"['SRR3440925_1.fastq', 'SRR3440925_2.fastq']",0,
GSE80672,SRR3440922,GSE80672,completed,2026-05-01T00:35:13.284358Z,5282.43,7641961336,"['SRR3440922_1.fastq', 'SRR3440922_2.fastq']",0,
GSE80672,SRR3440926,GSE80672,completed,2026-05-01T01:32:12.046827Z,7185.55,9882795976,"['SRR3440926_1.fastq', 'SRR3440926_2.fastq']",0,
GSE80672,SRR3440929,GSE80672,completed,2026-05-01T01:41:07.298597Z,5121.42,7275705256,"['SRR3440929_1.fastq', 'SRR3440929_2.fastq']",0,
GSE80672,SRR3440927,GSE80672,completed,2026-05-01T01:45:51.753645Z,7850.97,9473542872,"['SRR3440927_1.fastq', 'SRR3440927_2.fastq']",0,
GSE80672,SRR3440923,GSE80672,completed,2026-05-01T01:51:12.125736Z,9652.01,11780131416,"['SRR3440923_1.fastq', 'SRR3440923_2.fastq']",0,
GSE80672,SRR3440930,GSE80672,completed,2026-05-01T02:50:51.597631Z,4182.32,5955028088,"['SRR3440930_1.fastq', 'SRR3440930_2.fastq']",0,
GSE80672,SRR3440933,GSE80672,completed,2026-05-01T03:19:36.034832Z,4194.8,5800659928,"['SRR3440933_1.fastq', 'SRR3440933_2.fastq']",0,
GSE80672,SRR3440931,GSE80672,completed,2026-05-01T03:36:14.099956Z,6540.89,8733633624,"['SRR3440931_1.fastq', 'SRR3440931_2.fastq']",0,
GSE80672,SRR3440932,GSE80672,completed,2026-05-01T04:26:46.327513Z,9113.95,11267190088,"['SRR3440932_1.fastq', 'SRR3440932_2.fastq']",0,
GSE80672,SRR3440934,GSE80672,completed,2026-05-01T05:00:10.671615Z,6033.16,8506607240,"['SRR3440934_1.fastq', 'SRR3440934_2.fastq']",0,
GSE80672,SRR3440935,GSE80672,completed,2026-05-01T06:25:26.245439Z,5112.99,7656489176,"['SRR3440935_1.fastq', 'SRR3440935_2.fastq']",0,
GSE80672,SRR3440936,GSE80672,completed,2026-05-01T07:14:55.193074Z,7232.75,10472922312,"['SRR3440936_1.fastq', 'SRR3440936_2.fastq']",0,
GSE80672,SRR3440937,GSE80672,completed,2026-05-01T07:33:09.295504Z,1090.94,1252401696,"['SRR3440937_1.fastq', 'SRR3440937_2.fastq']",0,
GSE80672,SRR3440939,GSE80672,completed,2026-05-01T08:35:26.445312Z,2361.15,5161440536,"['SRR3440939_1.fastq', 'SRR3440939_2.fastq']",0,
GSE80672,SRR3440943,GSE80672,completed,2026-05-01T08:48:48.602525Z,3388.0,4155627840,"['SRR3440943_1.fastq', 'SRR3440943_2.fastq']",0,
GSE80672,SRR3440938,GSE80672,completed,2026-05-01T08:52:34.874903Z,4765.2,7117755944,"['SRR3440938_1.fastq', 'SRR3440938_2.fastq']",0,
GSE80672,SRR3440940,GSE80672,completed,2026-05-01T09:02:05.422586Z,5012.79,7247857368,"['SRR3440940_1.fastq', 'SRR3440940_2.fastq']",0,
GSE80672,SRR3440941,GSE80672,completed,2026-05-01T09:02:12.472139Z,4686.09,6460827992,"['SRR3440941_1.fastq', 'SRR3440941_2.fastq']",0,
GSE80672,SRR3440944,GSE80672,completed,2026-05-01T09:13:06.348995Z,4675.35,7119312200,"['SRR3440944_1.fastq', 'SRR3440944_2.fastq']",0,
GSE80672,SRR3440942,GSE80672,completed,2026-05-01T11:09:29.749183Z,6030.12,10091603400,"['SRR3440942_1.fastq', 'SRR3440942_2.fastq']",0,
GSE80672,SRR3440570,GSE80672,completed,2026-05-03T03:06:13.007811Z,6551.81,13904395800,"['SRR3440570_1.fastq', 'SRR3440570_2.fastq']",0,
GSE80672,SRR3440571,GSE80672,completed,2026-05-03T05:23:30.775248Z,8233.99,17950631704,"['SRR3440571_1.fastq', 'SRR3440571_2.fastq']",0,
GSE80672,SRR3440572,GSE80672,completed,2026-05-03T07:32:03.410045Z,7707.44,15677937896,"['SRR3440572_1.fastq', 'SRR3440572_2.fastq']",0,
GSE80672,SRR3440573,GSE80672,completed,2026-05-03T09:12:47.978679Z,6039.86,12687315448,"['SRR3440573_1.fastq', 'SRR3440573_2.fastq']",0,
GSE80672,SRR3440574,GSE80672,completed,2026-05-03T10:52:31.571746Z,5980.19,12680888120,"['SRR3440574_1.fastq', 'SRR3440574_2.fastq']",0,
GSE80672,SRR3440575,GSE80672,completed,2026-05-03T12:48:42.307174Z,6967.24,14254913928,"['SRR3440575_1.fastq', 'SRR3440575_2.fastq']",0,
GSE80672,SRR3440577,GSE80672,completed,2026-05-03T14:49:55.459254Z,3127.43,3951191184,"['SRR3440577_1.fastq', 'SRR3440577_2.fastq']",0,
GSE80672,SRR3440578,GSE80672,completed,2026-05-03T15:27:03.480259Z,2227.12,5190007624,"['SRR3440578_1.fastq', 'SRR3440578_2.fastq']",0,
GSE80672,SRR3440579,GSE80672,completed,2026-05-03T15:48:19.469835Z,1274.65,3300360168,"['SRR3440579_1.fastq', 'SRR3440579_2.fastq']",0,
GSE80672,SRR3440580,GSE80672,completed,2026-05-03T16:27:05.213306Z,2325.01,5233420392,"['SRR3440580_1.fastq', 'SRR3440580_2.fastq']",0,
GSE80672,SRR3440581,GSE80672,completed,2026-05-03T17:32:11.106325Z,3904.59,7716718232,"['SRR3440581_1.fastq', 'SRR3440581_2.fastq']",0,
GSE80672,SRR3440582,GSE80672,completed,2026-05-03T18:37:08.190746Z,3894.96,9662283688,"['SRR3440582_1.fastq', 'SRR3440582_2.fastq']",0,
GSE80672,SRR3440583,GSE80672,completed,2026-05-03T19:03:05.201304Z,1554.43,4074721128,"['SRR3440583_1.fastq', 'SRR3440583_2.fastq']",0,
GSE80672,SRR3440584,GSE80672,completed,2026-05-03T19:37:19.595008Z,2053.5,5940412088,"['SRR3440584_1.fastq', 'SRR3440584_2.fastq']",0,
GSE80672,SRR3440585,GSE80672,completed,2026-05-03T20:10:23.465113Z,1982.39,5128483080,"['SRR3440585_1.fastq', 'SRR3440585_2.fastq']",0,
GSE80672,SRR3440586,GSE80672,completed,2026-05-03T20:59:40.573400Z,2955.8,7656446024,"['SRR3440586_1.fastq', 'SRR3440586_2.fastq']",0,
GSE80672,SRR3440587,GSE80672,completed,2026-05-03T21:43:30.172483Z,2627.57,6538112760,"['SRR3440587_1.fastq', 'SRR3440587_2.fastq']",0,
GSE80672,SRR3440589,GSE80672,completed,2026-05-03T22:14:48.074700Z,1876.16,5076136456,"['SRR3440589_1.fastq', 'SRR3440589_2.fastq']",0,
GSE80672,SRR3440593,GSE80672,completed,2026-05-03T22:53:43.498468Z,2334.22,6141142200,"['SRR3440593_1.fastq', 'SRR3440593_2.fastq']",0,
GSE80672,SRR3440594,GSE80672,completed,2026-05-03T23:37:52.249840Z,2647.26,6790357080,"['SRR3440594_1.fastq', 'SRR3440594_2.fastq']",0,
GSE80672,SRR3440595,GSE80672,completed,2026-05-04T00:46:29.977078Z,4115.99,10658346456,"['SRR3440595_1.fastq', 'SRR3440595_2.fastq']",0,
GSE80672,SRR3440598,GSE80672,completed,2026-05-04T01:35:22.398811Z,2929.47,7462050440,"['SRR3440598_1.fastq', 'SRR3440598_2.fastq']",0,
GSE80672,SRR3440601,GSE80672,completed,2026-05-04T02:16:11.118254Z,2446.75,6956341480,"['SRR3440601_1.fastq', 'SRR3440601_2.fastq']",0,
GSE80672,SRR3440605,GSE80672,completed,2026-05-04T02:46:21.774605Z,1808.84,4455695904,"['SRR3440605_1.fastq', 'SRR3440605_2.fastq']",0,
GSE80672,SRR3440606,GSE80672,completed,2026-05-04T03:24:20.823405Z,2278.06,6470134904,"['SRR3440606_1.fastq', 'SRR3440606_2.fastq']",0,
GSE80672,SRR3440607,GSE80672,completed,2026-05-04T04:07:20.632575Z,2578.1,6319360888,"['SRR3440607_1.fastq', 'SRR3440607_2.fastq']",0,
GSE80672,SRR3440608,GSE80672,completed,2026-05-04T05:05:30.359872Z,3488.08,9231212376,"['SRR3440608_1.fastq', 'SRR3440608_2.fastq']",0,
GSE80672,SRR3440609,GSE80672,completed,2026-05-04T05:31:53.979136Z,1581.08,4187084544,"['SRR3440609_1.fastq', 'SRR3440609_2.fastq']",0,
GSE80672,SRR3440610,GSE80672,completed,2026-05-04T06:11:57.055079Z,2402.14,6899919080,"['SRR3440610_1.fastq', 'SRR3440610_2.fastq']",0,
GSE80672,SRR3440626,GSE80672,completed,2026-05-04T07:13:35.386338Z,3696.58,9979119128,"['SRR3440626_1.fastq', 'SRR3440626_2.fastq']",0,
GSE80672,SRR3440633,GSE80672,completed,2026-05-04T08:18:55.616086Z,3917.51,7943778024,"['SRR3440633_1.fastq', 'SRR3440633_2.fastq']",0,
GSE80672,SRR3440640,GSE80672,completed,2026-05-04T09:01:59.017166Z,2581.29,6867699848,"['SRR3440640_1.fastq', 'SRR3440640_2.fastq']",0,
GSE80672,SRR3440641,GSE80672,completed,2026-05-04T09:51:37.877393Z,2977.14,8841657464,"['SRR3440641_1.fastq', 'SRR3440641_2.fastq']",0,
GSE80672,SRR3440642,GSE80672,completed,2026-05-04T11:04:08.619733Z,4348.31,10568679848,"['SRR3440642_1.fastq', 'SRR3440642_2.fastq']",0,
GSE80672,SRR3440643,GSE80672,completed,2026-05-04T12:31:56.092433Z,5264.59,13212761112,"['SRR3440643_1.fastq', 'SRR3440643_2.fastq']",0,
GSE80672,SRR3440644,GSE80672,completed,2026-05-04T13:43:16.698075Z,4277.02,9647391144,"['SRR3440644_1.fastq', 'SRR3440644_2.fastq']",0,
GSE80672,SRR3440646,GSE80672,completed,2026-05-04T15:49:42.366874Z,7583.16,9891092296,"['SRR3440646_1.fastq', 'SRR3440646_2.fastq']",0,
GSE80672,SRR3440647,GSE80672,completed,2026-05-04T17:18:46.795959Z,5341.68,11524079048,"['SRR3440647_1.fastq', 'SRR3440647_2.fastq']",0,
GSE80672,SRR3440648,GSE80672,completed,2026-05-04T18:00:31.418863Z,2501.31,5375519000,"['SRR3440648_1.fastq', 'SRR3440648_2.fastq']",0,
GSE80672,SRR3440649,GSE80672,completed,2026-05-04T18:42:44.569008Z,2531.82,5925577080,"['SRR3440649_1.fastq', 'SRR3440649_2.fastq']",0,
GSE80672,SRR3440650,GSE80672,completed,2026-05-04T20:02:31.677183Z,4785.62,10712466488,"['SRR3440650_1.fastq', 'SRR3440650_2.fastq']",0,
GSE80672,SRR3440651,GSE80672,completed,2026-05-04T21:37:30.773478Z,5696.18,13404782872,"['SRR3440651_1.fastq', 'SRR3440651_2.fastq']",0,
GSE80672,SRR3440652,GSE80672,completed,2026-05-04T22:20:15.011880Z,2560.57,5510759688,"['SRR3440652_1.fastq', 'SRR3440652_2.fastq']",0,
GSE80672,SRR3440653,GSE80672,completed,2026-05-05T00:14:16.159488Z,6839.56,14256098056,"['SRR3440653_1.fastq', 'SRR3440653_2.fastq']",0,
GSE80672,SRR3440654,GSE80672,completed,2026-05-05T00:51:38.812528Z,2238.76,5149057304,"['SRR3440654_1.fastq', 'SRR3440654_2.fastq']",0,
GSE80672,SRR3440655,GSE80672,completed,2026-05-05T01:37:49.363086Z,2769.09,6578396312,"['SRR3440655_1.fastq', 'SRR3440655_2.fastq']",0,
GSE80672,SRR3440656,GSE80672,completed,2026-05-05T02:58:25.082339Z,4833.99,11122463848,"['SRR3440656_1.fastq', 'SRR3440656_2.fastq']",0,
GSE80672,SRR3440657,GSE80672,completed,2026-05-05T04:07:14.223431Z,4126.16,9065691976,"['SRR3440657_1.fastq', 'SRR3440657_2.fastq']",0,
GSE80672,SRR3440659,GSE80672,completed,2026-05-05T06:37:42.422265Z,4893.23,10345584008,"['SRR3440659_1.fastq', 'SRR3440659_2.fastq']",0,
GSE80672,SRR3440660,GSE80672,completed,2026-05-05T07:40:16.799946Z,3751.56,7606808696,"['SRR3440660_1.fastq', 'SRR3440660_2.fastq']",0,
GSE80672,SRR3440661,GSE80672,completed,2026-05-05T08:32:11.505721Z,3112.77,6938270072,"['SRR3440661_1.fastq', 'SRR3440661_2.fastq']",0,
GSE80672,SRR3440662,GSE80672,completed,2026-05-05T09:44:49.001221Z,4355.46,9250790392,"['SRR3440662_1.fastq', 'SRR3440662_2.fastq']",0,
GSE80672,SRR3440663,GSE80672,completed,2026-05-05T10:28:45.214025Z,2633.74,6591608248,"['SRR3440663_1.fastq', 'SRR3440663_2.fastq']",0,
GSE80672,SRR3440664,GSE80672,completed,2026-05-05T11:19:54.721449Z,3067.82,6966709560,"['SRR3440664_1.fastq', 'SRR3440664_2.fastq']",0,
GSE80672,SRR3440665,GSE80672,completed,2026-05-05T12:10:37.351843Z,3040.89,7856800296,"['SRR3440665_1.fastq', 'SRR3440665_2.fastq']",0,
GSE80672,SRR3440666,GSE80672,completed,2026-05-05T13:22:22.442796Z,4302.97,8904734552,"['SRR3440666_1.fastq', 'SRR3440666_2.fastq']",0,
GSE80672,SRR3440668,GSE80672,completed,2026-05-05T15:04:18.467807Z,6113.68,10302149896,"['SRR3440668_1.fastq', 'SRR3440668_2.fastq']",0,
GSE80672,SRR3440670,GSE80672,completed,2026-05-05T16:04:15.367587Z,3594.21,7799267544,"['SRR3440670_1.fastq', 'SRR3440670_2.fastq']",0,
GSE80672,SRR3440576,GSE80672,completed,2026-05-08T09:25:35.234422Z,4564.29,17911678440,"['SRR3440576_1.fastq', 'SRR3440576_2.fastq']",0,
GSE80672,SRR3440658,GSE80672,completed,2026-05-08T10:03:15.534854Z,2255.4,9348867928,"['SRR3440658_1.fastq', 'SRR3440658_2.fastq']",0,
GSE80672,SRR3440671,GSE80672,failed,2026-05-08T13:57:30.327674Z,14052.36,0,[],8,"fasterq-dump failed: 2026-05-08T13:49:21 fasterq-dump.3.4.1 err: cmn_iter.c cmn_iter_read_String( thread:0 SEQUENCE.#1 ).VCursorCellDataDirect( col:2 ) -> RC(rcPS,rcCondition,rcWaiting,rcTimeout,rcExhausted) 
2026-05-08T13:49:23 fasterq-dump.3.4.1 err: cmn_iter.c cmn_iter_read_String( thread:8 SEQUENCE.#19783265 ).VCursorCellDataDirect( col:2 ) -> RC(rcPS,rcCondition,rcWaiting,rcTimeout,rcExhausted) 
spots read      : 33,252
reads read      : 66,504

============================================="
GSE80672,SRR3440672,GSE80672,failed,2026-05-08T15:06:33.341571Z,4143.01,0,[],8,"prefetch failed: 2026-05-08T15:02:17 prefetch.3.4.1 warn: lock exists while copying file - Lock file /mouse_methyl_work/raw_downloads/GSE80672/SRR3440672/SRR3440672/SRR3440672.sra.lock exists: download canceled
2026-05-08T15:02:17 prefetch.3.4.1 int: lock exists while copying file - 1) failed to download 'SRR3440672'
"
GSE80761,SRR3465523,GSE80761,completed,2026-05-03T02:42:46.443844Z,5145.26,11292789590,['SRR3465523.fastq'],0,
GSE80761,SRR3465524,GSE80761,completed,2026-05-03T03:43:44.654356Z,3655.1,10252936346,['SRR3465524.fastq'],0,
GSE80761,SRR3465525,GSE80761,completed,2026-05-03T05:14:05.045747Z,5417.51,14672805174,['SRR3465525.fastq'],0,
GSE80761,SRR3465526,GSE80761,completed,2026-05-03T06:45:04.809597Z,5455.43,14084199314,['SRR3465526.fastq'],0,
GSE93957,SRR5195621,GSE93957,completed,2026-04-23T23:35:02.310314Z,2720.24,15098690428,"['SRR5195621_1.fastq', 'SRR5195621_2.fastq']",0,
GSE93957,SRR5195622,GSE93957,completed,2026-04-24T00:36:07.251320Z,3660.92,15335040280,"['SRR5195622_1.fastq', 'SRR5195622_2.fastq']",0,
GSE93957,SRR5195623,GSE93957,completed,2026-04-24T01:16:26.760169Z,2415.41,10967765264,"['SRR5195623_1.fastq', 'SRR5195623_2.fastq']",0,
GSE93957,SRR5195624,GSE93957,completed,2026-04-24T02:13:41.045921Z,3431.41,15239692084,"['SRR5195624_1.fastq', 'SRR5195624_2.fastq']",0,
GSE93957,SRR5195626,GSE93957,completed,2026-05-03T02:39:34.407398Z,4953.22,17525473580,"['SRR5195626_1.fastq', 'SRR5195626_2.fastq']",0,
GSE93957,SRR5195627,GSE93957,completed,2026-05-03T03:09:41.341461Z,1802.05,6452447736,"['SRR5195627_1.fastq', 'SRR5195627_2.fastq']",0,
GSE93957,SRR5195628,GSE93957,completed,2026-05-03T04:14:20.401567Z,3877.36,14731845644,"['SRR5195628_1.fastq', 'SRR5195628_2.fastq']",0,
GSE93957,SRR5195629,GSE93957,completed,2026-05-03T05:33:53.088501Z,4768.45,17995791784,"['SRR5195629_1.fastq', 'SRR5195629_2.fastq']",0,
GSE93957,SRR5195630,GSE93957,completed,2026-05-03T07:02:18.515006Z,5300.4,18789291260,"['SRR5195630_1.fastq', 'SRR5195630_2.fastq']",0,
GSE93957,SRR5195633,GSE93957,completed,2026-05-03T10:27:28.555309Z,4022.08,15365709192,"['SRR5195633_1.fastq', 'SRR5195633_2.fastq']",0,
GSE93957,SRR5195634,GSE93957,completed,2026-05-03T11:22:27.862394Z,3294.93,12255906392,"['SRR5195634_1.fastq', 'SRR5195634_2.fastq']",0,
GSE93957,SRR5195635,GSE93957,completed,2026-05-03T12:15:55.271201Z,3204.12,12580910540,"['SRR5195635_1.fastq', 'SRR5195635_2.fastq']",0,
GSE93957,SRR5195636,GSE93957,completed,2026-05-03T13:19:16.207037Z,3797.61,14866673816,"['SRR5195636_1.fastq', 'SRR5195636_2.fastq']",0,
GSE93957,SRR5195637,GSE93957,completed,2026-05-03T14:37:19.205309Z,4678.78,17555124904,"['SRR5195637_1.fastq', 'SRR5195637_2.fastq']",0,
GSE93957,SRR5195639,GSE93957,completed,2026-05-03T17:07:48.196522Z,4877.31,17286213932,"['SRR5195639_1.fastq', 'SRR5195639_2.fastq']",0,
GSE93957,SRR5195640,GSE93957,completed,2026-05-03T18:11:13.206653Z,3799.96,14578206072,"['SRR5195640_1.fastq', 'SRR5195640_2.fastq']",0,
GSE93957,SRR5195641,GSE93957,completed,2026-05-03T19:37:08.048279Z,5150.79,18204815276,"['SRR5195641_1.fastq', 'SRR5195641_2.fastq']",0,
GSE93957,SRR5195642,GSE93957,completed,2026-05-03T20:36:15.125591Z,3542.11,15328349792,"['SRR5195642_1.fastq', 'SRR5195642_2.fastq']",0,
GSE93957,SRR5195643,GSE93957,completed,2026-05-03T21:00:47.561473Z,1468.08,5576801040,"['SRR5195643_1.fastq', 'SRR5195643_2.fastq']",0,
GSE93957,SRR5195644,GSE93957,completed,2026-05-03T21:54:15.999458Z,3207.07,13731843580,"['SRR5195644_1.fastq', 'SRR5195644_2.fastq']",0,
GSE93957,SRR5195645,GSE93957,completed,2026-05-03T23:03:52.618604Z,4172.83,17363776312,"['SRR5195645_1.fastq', 'SRR5195645_2.fastq']",0,
GSE93957,SRR5195646,GSE93957,completed,2026-05-03T23:42:21.018127Z,2303.69,9847577840,"['SRR5195646_1.fastq', 'SRR5195646_2.fastq']",0,
GSE93957,SRR5195647,GSE93957,completed,2026-05-04T00:47:51.380465Z,3927.76,15842286156,"['SRR5195647_1.fastq', 'SRR5195647_2.fastq']",0,
GSE93957,SRR5195648,GSE93957,completed,2026-05-04T01:42:26.868296Z,3270.95,12745684300,"['SRR5195648_1.fastq', 'SRR5195648_2.fastq']",0,
GSE93957,SRR5195649,GSE93957,completed,2026-05-04T02:50:02.113657Z,4051.79,16867427592,"['SRR5195649_1.fastq', 'SRR5195649_2.fastq']",0,
GSE93957,SRR5195650,GSE93957,completed,2026-05-04T04:06:55.241321Z,4608.53,18465548400,"['SRR5195650_1.fastq', 'SRR5195650_2.fastq']",0,
GSE93957,SRR5195651,GSE93957,completed,2026-05-04T04:38:12.657246Z,1872.12,7643950228,"['SRR5195651_1.fastq', 'SRR5195651_2.fastq']",0,
GSE93957,SRR5195652,GSE93957,completed,2026-05-04T05:19:27.926181Z,2473.26,10442898196,"['SRR5195652_1.fastq', 'SRR5195652_2.fastq']",0,
GSE93957,SRR5195653,GSE93957,completed,2026-05-04T06:02:52.540650Z,2601.8,10635605800,"['SRR5195653_1.fastq', 'SRR5195653_2.fastq']",0,
GSE93957,SRR5195654,GSE93957,completed,2026-05-04T07:08:42.834448Z,3947.41,15376668880,"['SRR5195654_1.fastq', 'SRR5195654_2.fastq']",0,
GSE93957,SRR5195655,GSE93957,completed,2026-05-04T07:51:26.487651Z,2559.29,8349597812,"['SRR5195655_1.fastq', 'SRR5195655_2.fastq']",0,
GSE93957,SRR5195656,GSE93957,completed,2026-05-04T08:29:51.476915Z,2302.69,7975862904,"['SRR5195656_1.fastq', 'SRR5195656_2.fastq']",0,
GSE93957,SRR5195657,GSE93957,completed,2026-05-04T09:15:37.257756Z,2743.68,11526589692,"['SRR5195657_1.fastq', 'SRR5195657_2.fastq']",0,
GSE93957,SRR5195658,GSE93957,completed,2026-05-04T10:15:24.883125Z,3584.6,14262174092,"['SRR5195658_1.fastq', 'SRR5195658_2.fastq']",0,
GSE93957,SRR5195659,GSE93957,completed,2026-05-04T11:20:21.459203Z,3892.54,15666653312,"['SRR5195659_1.fastq', 'SRR5195659_2.fastq']",0,
GSE93957,SRR5195660,GSE93957,completed,2026-05-04T12:23:54.656182Z,3808.88,15868291576,"['SRR5195660_1.fastq', 'SRR5195660_2.fastq']",0,
GSE93957,SRR5195661,GSE93957,completed,2026-05-04T13:18:25.119118Z,3265.99,14183948020,"['SRR5195661_1.fastq', 'SRR5195661_2.fastq']",0,
GSE93957,SRR5195662,GSE93957,completed,2026-05-04T18:51:29.177197Z,19980.27,29536013452,"['SRR5195662_1.fastq', 'SRR5195662_2.fastq']",0,
GSE93957,SRR5195663,GSE93957,completed,2026-05-04T19:59:39.464864Z,4081.83,16311791532,"['SRR5195663_1.fastq', 'SRR5195663_2.fastq']",0,
GSE93957,SRR5195664,GSE93957,completed,2026-05-04T21:06:20.926512Z,3996.83,16495169552,"['SRR5195664_1.fastq', 'SRR5195664_2.fastq']",0,
GSE93957,SRR5195665,GSE93957,completed,2026-05-04T22:16:19.453105Z,4193.8,17197854632,"['SRR5195665_1.fastq', 'SRR5195665_2.fastq']",0,
GSE93957,SRR5195666,GSE93957,completed,2026-05-04T23:28:03.709680Z,4299.29,17954848132,"['SRR5195666_1.fastq', 'SRR5195666_2.fastq']",0,
GSE93957,SRR5195667,GSE93957,completed,2026-05-05T00:58:03.020010Z,5394.3,20902480308,"['SRR5195667_1.fastq', 'SRR5195667_2.fastq']",0,
GSE93957,SRR5195668,GSE93957,completed,2026-05-05T01:51:34.561805Z,3205.55,12765102648,"['SRR5195668_1.fastq', 'SRR5195668_2.fastq']",0,
GSE93957,SRR5195669,GSE93957,completed,2026-05-05T02:51:22.390623Z,3584.29,14297493628,"['SRR5195669_1.fastq', 'SRR5195669_2.fastq']",0,
GSE93957,SRR5195670,GSE93957,completed,2026-05-05T04:01:51.473502Z,4225.18,16945227032,"['SRR5195670_1.fastq', 'SRR5195670_2.fastq']",0,
GSE93957,SRR5195671,GSE93957,completed,2026-05-05T05:01:11.863354Z,3555.44,15758951392,"['SRR5195671_1.fastq', 'SRR5195671_2.fastq']",0,
GSE93957,SRR5195672,GSE93957,completed,2026-05-05T06:19:16.109456Z,4679.8,20111362200,"['SRR5195672_1.fastq', 'SRR5195672_2.fastq']",0,
GSE93957,SRR5195673,GSE93957,completed,2026-05-05T07:15:59.316899Z,3397.55,13820316308,"['SRR5195673_1.fastq', 'SRR5195673_2.fastq']",0,
GSE93957,SRR5195674,GSE93957,completed,2026-05-05T09:10:04.796234Z,6841.45,29548207592,"['SRR5195674_1.fastq', 'SRR5195674_2.fastq']",0,
GSE93957,SRR5195675,GSE93957,completed,2026-05-05T10:34:20.470485Z,5047.27,20164240192,"['SRR5195675_1.fastq', 'SRR5195675_2.fastq']",0,
GSE93957,SRR5195676,GSE93957,completed,2026-05-05T11:53:56.076290Z,4769.78,19338116380,"['SRR5195676_1.fastq', 'SRR5195676_2.fastq']",0,
GSE93957,SRR5195677,GSE93957,completed,2026-05-05T12:30:58.279680Z,2216.35,6707672112,"['SRR5195677_1.fastq', 'SRR5195677_2.fastq']",0,
GSE93957,SRR5195678,GSE93957,completed,2026-05-05T13:28:09.627358Z,3429.63,14124232672,"['SRR5195678_1.fastq', 'SRR5195678_2.fastq']",0,
GSE93957,SRR5195679,GSE93957,completed,2026-05-05T14:20:33.221272Z,3139.77,12246151004,"['SRR5195679_1.fastq', 'SRR5195679_2.fastq']",0,
GSE93957,SRR5195631,GSE93957,completed,2026-05-08T08:52:36.264825Z,2585.32,20784437740,"['SRR5195631_1.fastq', 'SRR5195631_2.fastq']",0,
GSE93957,SRR5195632,GSE93957,completed,2026-05-08T09:41:22.379987Z,2920.59,26507370340,"['SRR5195632_1.fastq', 'SRR5195632_2.fastq']",0,
GSE93957,SRR5195638,GSE93957,completed,2026-05-08T10:03:41.809510Z,1332.15,11950080508,"['SRR5195638_1.fastq', 'SRR5195638_2.fastq']",0,
GSE93957,SRR5195680,GSE93957,failed,2026-05-08T13:23:18.744974Z,11973.8,0,[],8,"fasterq-dump failed: 2026-05-08T13:09:54 fasterq-dump.3.4.1 err: cmn_iter.c cmn_iter_read_String( thread:8 #39603265 ).VCursorCellDataDirect( col:2 ) -> RC(rcPS,rcCondition,rcWaiting,rcTimeout,rcExhausted) 
2026-05-08T13:10:17 fasterq-dump.3.4.1 err: cmn_iter.c cmn_iter_read_String( thread:3 #14851225 ).VCursorCellDataDirect( col:2 ) -> RC(rcPS,rcCondition,rcWaiting,rcTimeout,rcExhausted) 
2026-05-08T13:10:58 fasterq-dump.3.4.1 err: cmn_iter.c cmn_iter_read_String( thread:2 #9900817 ).VCursorCel"
