row_id,dataset,priority,reason,supplement_name,file_type,expected_size_bytes,official_url,inventory_url,local_path,status,download_allowed
0,GSE225166,P0_processed_parser_pilot,mouse sparse/single-cell low-coverage age methylation; processed COV tar first,GSE225166_RAW.tar,TAR,5042442240,https://ftp.ncbi.nlm.nih.gov/geo/series/GSE225nnn/GSE225166/suppl/GSE225166_RAW.tar,https://ftp.ncbi.nlm.nih.gov/geo/series/GSE225nnn/GSE225166/suppl/filelist.txt,/home/zdq-as/mouse_methyl_work/raw_downloads/geo_supplements_v27/GSE225166/GSE225166_RAW.tar,planned,True
1,GSE225166,P0_processed_parser_pilot,mouse sparse/single-cell low-coverage age methylation; processed COV tar first,GSM7040480_lane1_ATCACGTT_M04-20525_3_M_Liver_iPCRtag1_merged_L001_R1.barcode_removed_val_1_GRCm38_bismark_bt2_pe.deduplicated.bismark.cov.gz,COV,27656642,https://ftp.ncbi.nlm.nih.gov/geo/samples/GSM7040nnn/GSM7040480/suppl/GSM7040480_lane1_ATCACGTT_M04-20525_3_M_Liver_iPCRtag1_merged_L001_R1.barcode_removed_val_1_GRCm38_bismark_bt2_pe.deduplicated.bismark.cov.gz,https://ftp.ncbi.nlm.nih.gov/geo/series/GSE225nnn/GSE225166/suppl/filelist.txt,/home/zdq-as/mouse_methyl_work/raw_downloads/geo_supplements_v27/GSE225166/GSM7040480_lane1_ATCACGTT_M04-20525_3_M_Liver_iPCRtag1_merged_L001_R1.barcode_removed_val_1_GRCm38_bismark_bt2_pe.deduplicated.bismark.cov.gz,planned,True
2,GSE225166,P0_processed_parser_pilot,mouse sparse/single-cell low-coverage age methylation; processed COV tar first,GSM7040481_lane1_GAGCCAAT_M00017913_15_M_Heart_iTAG_82_merged_L001_R1.barcode_removed_val_1_GRCm38_bismark_bt2_pe.deduplicated.bismark.cov.gz,COV,23922383,https://ftp.ncbi.nlm.nih.gov/geo/samples/GSM7040nnn/GSM7040481/suppl/GSM7040481_lane1_GAGCCAAT_M00017913_15_M_Heart_iTAG_82_merged_L001_R1.barcode_removed_val_1_GRCm38_bismark_bt2_pe.deduplicated.bismark.cov.gz,https://ftp.ncbi.nlm.nih.gov/geo/series/GSE225nnn/GSE225166/suppl/filelist.txt,/home/zdq-as/mouse_methyl_work/raw_downloads/geo_supplements_v27/GSE225166/GSM7040481_lane1_GAGCCAAT_M00017913_15_M_Heart_iTAG_82_merged_L001_R1.barcode_removed_val_1_GRCm38_bismark_bt2_pe.deduplicated.bismark.cov.gz,planned,True
3,GSE225166,P0_processed_parser_pilot,mouse sparse/single-cell low-coverage age methylation; processed COV tar first,GSM7040482_lane1_GATCAGCG_M04-20526_3_M_Liver_iPCRtag9_merged_L001_R1.barcode_removed_val_1_GRCm38_bismark_bt2_pe.deduplicated.bismark.cov.gz,COV,27801868,https://ftp.ncbi.nlm.nih.gov/geo/samples/GSM7040nnn/GSM7040482/suppl/GSM7040482_lane1_GATCAGCG_M04-20526_3_M_Liver_iPCRtag9_merged_L001_R1.barcode_removed_val_1_GRCm38_bismark_bt2_pe.deduplicated.bismark.cov.gz,https://ftp.ncbi.nlm.nih.gov/geo/series/GSE225nnn/GSE225166/suppl/filelist.txt,/home/zdq-as/mouse_methyl_work/raw_downloads/geo_supplements_v27/GSE225166/GSM7040482_lane1_GATCAGCG_M04-20526_3_M_Liver_iPCRtag9_merged_L001_R1.barcode_removed_val_1_GRCm38_bismark_bt2_pe.deduplicated.bismark.cov.gz,planned,True
4,GSE225166,P0_processed_parser_pilot,mouse sparse/single-cell low-coverage age methylation; processed COV tar first,GSM7040483_lane1_GCAACATT_M00017621_24_M_Liver_iPCRtag73_merged_L001_R1.barcode_removed_val_1_GRCm38_bismark_bt2_pe.deduplicated.bismark.cov.gz,COV,29571140,https://ftp.ncbi.nlm.nih.gov/geo/samples/GSM7040nnn/GSM7040483/suppl/GSM7040483_lane1_GCAACATT_M00017621_24_M_Liver_iPCRtag73_merged_L001_R1.barcode_removed_val_1_GRCm38_bismark_bt2_pe.deduplicated.bismark.cov.gz,https://ftp.ncbi.nlm.nih.gov/geo/series/GSE225nnn/GSE225166/suppl/filelist.txt,/home/zdq-as/mouse_methyl_work/raw_downloads/geo_supplements_v27/GSE225166/GSM7040483_lane1_GCAACATT_M00017621_24_M_Liver_iPCRtag73_merged_L001_R1.barcode_removed_val_1_GRCm38_bismark_bt2_pe.deduplicated.bismark.cov.gz,planned,True
5,GSE225166,P0_processed_parser_pilot,mouse sparse/single-cell low-coverage age methylation; processed COV tar first,GSM7040484_lane1_GCAATCCG_M00017913_15_M_Cortex_iTAG_90_merged_L001_R1.barcode_removed_val_1_GRCm38_bismark_bt2_pe.deduplicated.bismark.cov.gz,COV,24209044,https://ftp.ncbi.nlm.nih.gov/geo/samples/GSM7040nnn/GSM7040484/suppl/GSM7040484_lane1_GCAATCCG_M00017913_15_M_Cortex_iTAG_90_merged_L001_R1.barcode_removed_val_1_GRCm38_bismark_bt2_pe.deduplicated.bismark.cov.gz,https://ftp.ncbi.nlm.nih.gov/geo/series/GSE225nnn/GSE225166/suppl/filelist.txt,/home/zdq-as/mouse_methyl_work/raw_downloads/geo_supplements_v27/GSE225166/GSM7040484_lane1_GCAATCCG_M00017913_15_M_Cortex_iTAG_90_merged_L001_R1.barcode_removed_val_1_GRCm38_bismark_bt2_pe.deduplicated.bismark.cov.gz,planned,True
6,GSE225166,P0_processed_parser_pilot,mouse sparse/single-cell low-coverage age methylation; processed COV tar first,GSM7040485_lane1_GTTGTCGG_M00018002_15_M_Heart_iTAG_86_merged_L001_R1.barcode_removed_val_1_GRCm38_bismark_bt2_pe.deduplicated.bismark.cov.gz,COV,23291589,https://ftp.ncbi.nlm.nih.gov/geo/samples/GSM7040nnn/GSM7040485/suppl/GSM7040485_lane1_GTTGTCGG_M00018002_15_M_Heart_iTAG_86_merged_L001_R1.barcode_removed_val_1_GRCm38_bismark_bt2_pe.deduplicated.bismark.cov.gz,https://ftp.ncbi.nlm.nih.gov/geo/series/GSE225nnn/GSE225166/suppl/filelist.txt,/home/zdq-as/mouse_methyl_work/raw_downloads/geo_supplements_v27/GSE225166/GSM7040485_lane1_GTTGTCGG_M00018002_15_M_Heart_iTAG_86_merged_L001_R1.barcode_removed_val_1_GRCm38_bismark_bt2_pe.deduplicated.bismark.cov.gz,planned,True
7,GSE225166,P0_processed_parser_pilot,mouse sparse/single-cell low-coverage age methylation; processed COV tar first,GSM7040486_lane1_TACTAGTC_M00017577_24_M_Lung_iTAG_47_merged_L001_R1.barcode_removed_val_1_GRCm38_bismark_bt2_pe.deduplicated.bismark.cov.gz,COV,27187979,https://ftp.ncbi.nlm.nih.gov/geo/samples/GSM7040nnn/GSM7040486/suppl/GSM7040486_lane1_TACTAGTC_M00017577_24_M_Lung_iTAG_47_merged_L001_R1.barcode_removed_val_1_GRCm38_bismark_bt2_pe.deduplicated.bismark.cov.gz,https://ftp.ncbi.nlm.nih.gov/geo/series/GSE225nnn/GSE225166/suppl/filelist.txt,/home/zdq-as/mouse_methyl_work/raw_downloads/geo_supplements_v27/GSE225166/GSM7040486_lane1_TACTAGTC_M00017577_24_M_Lung_iTAG_47_merged_L001_R1.barcode_removed_val_1_GRCm38_bismark_bt2_pe.deduplicated.bismark.cov.gz,planned,True
8,GSE225166,P0_processed_parser_pilot,mouse sparse/single-cell low-coverage age methylation; processed COV tar first,GSM7040487_lane1_TAGTCTTG_M02-20522_3_M_Cortex_iTAG_31_merged_L001_R1.barcode_removed_val_1_GRCm38_bismark_bt2_pe.deduplicated.bismark.cov.gz,COV,30910153,https://ftp.ncbi.nlm.nih.gov/geo/samples/GSM7040nnn/GSM7040487/suppl/GSM7040487_lane1_TAGTCTTG_M02-20522_3_M_Cortex_iTAG_31_merged_L001_R1.barcode_removed_val_1_GRCm38_bismark_bt2_pe.deduplicated.bismark.cov.gz,https://ftp.ncbi.nlm.nih.gov/geo/series/GSE225nnn/GSE225166/suppl/filelist.txt,/home/zdq-as/mouse_methyl_work/raw_downloads/geo_supplements_v27/GSE225166/GSM7040487_lane1_TAGTCTTG_M02-20522_3_M_Cortex_iTAG_31_merged_L001_R1.barcode_removed_val_1_GRCm38_bismark_bt2_pe.deduplicated.bismark.cov.gz,planned,True
9,GSE225166,P0_processed_parser_pilot,mouse sparse/single-cell low-coverage age methylation; processed COV tar first,GSM7040488_lane1_TCAGGAGG_M00017577_24_M_Liver_iTAG_39_merged_L001_R1.barcode_removed_val_1_GRCm38_bismark_bt2_pe.deduplicated.bismark.cov.gz,COV,23517167,https://ftp.ncbi.nlm.nih.gov/geo/samples/GSM7040nnn/GSM7040488/suppl/GSM7040488_lane1_TCAGGAGG_M00017577_24_M_Liver_iTAG_39_merged_L001_R1.barcode_removed_val_1_GRCm38_bismark_bt2_pe.deduplicated.bismark.cov.gz,https://ftp.ncbi.nlm.nih.gov/geo/series/GSE225nnn/GSE225166/suppl/filelist.txt,/home/zdq-as/mouse_methyl_work/raw_downloads/geo_supplements_v27/GSE225166/GSM7040488_lane1_TCAGGAGG_M00017577_24_M_Liver_iTAG_39_merged_L001_R1.barcode_removed_val_1_GRCm38_bismark_bt2_pe.deduplicated.bismark.cov.gz,planned,True
10,GSE225166,P0_processed_parser_pilot,mouse sparse/single-cell low-coverage age methylation; processed COV tar first,GSM7040489_lane1_TCCAGTCG_M00017913_15_M_Liver_iPCRtag41_merged_L001_R1.barcode_removed_val_1_GRCm38_bismark_bt2_pe.deduplicated.bismark.cov.gz,COV,22228682,https://ftp.ncbi.nlm.nih.gov/geo/samples/GSM7040nnn/GSM7040489/suppl/GSM7040489_lane1_TCCAGTCG_M00017913_15_M_Liver_iPCRtag41_merged_L001_R1.barcode_removed_val_1_GRCm38_bismark_bt2_pe.deduplicated.bismark.cov.gz,https://ftp.ncbi.nlm.nih.gov/geo/series/GSE225nnn/GSE225166/suppl/filelist.txt,/home/zdq-as/mouse_methyl_work/raw_downloads/geo_supplements_v27/GSE225166/GSM7040489_lane1_TCCAGTCG_M00017913_15_M_Liver_iPCRtag41_merged_L001_R1.barcode_removed_val_1_GRCm38_bismark_bt2_pe.deduplicated.bismark.cov.gz,planned,True
11,GSE225166,P0_processed_parser_pilot,mouse sparse/single-cell low-coverage age methylation; processed COV tar first,GSM7040490_lane1_TCGAAGTG_M00017912_15_M_Liver_iPCRtag33_merged_L001_R1.barcode_removed_val_1_GRCm38_bismark_bt2_pe.deduplicated.bismark.cov.gz,COV,22713474,https://ftp.ncbi.nlm.nih.gov/geo/samples/GSM7040nnn/GSM7040490/suppl/GSM7040490_lane1_TCGAAGTG_M00017912_15_M_Liver_iPCRtag33_merged_L001_R1.barcode_removed_val_1_GRCm38_bismark_bt2_pe.deduplicated.bismark.cov.gz,https://ftp.ncbi.nlm.nih.gov/geo/series/GSE225nnn/GSE225166/suppl/filelist.txt,/home/zdq-as/mouse_methyl_work/raw_downloads/geo_supplements_v27/GSE225166/GSM7040490_lane1_TCGAAGTG_M00017912_15_M_Liver_iPCRtag33_merged_L001_R1.barcode_removed_val_1_GRCm38_bismark_bt2_pe.deduplicated.bismark.cov.gz,planned,True
12,GSE225166,P0_processed_parser_pilot,mouse sparse/single-cell low-coverage age methylation; processed COV tar first,GSM7040491_lane1_TGCGATCT_M05-20522_3_M_Liver_iPCRtag25_merged_L001_R1.barcode_removed_val_1_GRCm38_bismark_bt2_pe.deduplicated.bismark.cov.gz,COV,24540727,https://ftp.ncbi.nlm.nih.gov/geo/samples/GSM7040nnn/GSM7040491/suppl/GSM7040491_lane1_TGCGATCT_M05-20522_3_M_Liver_iPCRtag25_merged_L001_R1.barcode_removed_val_1_GRCm38_bismark_bt2_pe.deduplicated.bismark.cov.gz,https://ftp.ncbi.nlm.nih.gov/geo/series/GSE225nnn/GSE225166/suppl/filelist.txt,/home/zdq-as/mouse_methyl_work/raw_downloads/geo_supplements_v27/GSE225166/GSM7040491_lane1_TGCGATCT_M05-20522_3_M_Liver_iPCRtag25_merged_L001_R1.barcode_removed_val_1_GRCm38_bismark_bt2_pe.deduplicated.bismark.cov.gz,planned,True
13,GSE225166,P0_processed_parser_pilot,mouse sparse/single-cell low-coverage age methylation; processed COV tar first,GSM7040492_lane1_TGCGTGAA_M00018000_15_M_Liver_iTAG_68_merged_L001_R1.barcode_removed_val_1_GRCm38_bismark_bt2_pe.deduplicated.bismark.cov.gz,COV,21902032,https://ftp.ncbi.nlm.nih.gov/geo/samples/GSM7040nnn/GSM7040492/suppl/GSM7040492_lane1_TGCGTGAA_M00018000_15_M_Liver_iTAG_68_merged_L001_R1.barcode_removed_val_1_GRCm38_bismark_bt2_pe.deduplicated.bismark.cov.gz,https://ftp.ncbi.nlm.nih.gov/geo/series/GSE225nnn/GSE225166/suppl/filelist.txt,/home/zdq-as/mouse_methyl_work/raw_downloads/geo_supplements_v27/GSE225166/GSM7040492_lane1_TGCGTGAA_M00018000_15_M_Liver_iTAG_68_merged_L001_R1.barcode_removed_val_1_GRCm38_bismark_bt2_pe.deduplicated.bismark.cov.gz,planned,True
14,GSE225166,P0_processed_parser_pilot,mouse sparse/single-cell low-coverage age methylation; processed COV tar first,GSM7040493_lane1_TGTACCTT_M04-20527_3_M_Liver_iPCRtag17_merged_L001_R1.barcode_removed_val_1_GRCm38_bismark_bt2_pe.deduplicated.bismark.cov.gz,COV,26578859,https://ftp.ncbi.nlm.nih.gov/geo/samples/GSM7040nnn/GSM7040493/suppl/GSM7040493_lane1_TGTACCTT_M04-20527_3_M_Liver_iPCRtag17_merged_L001_R1.barcode_removed_val_1_GRCm38_bismark_bt2_pe.deduplicated.bismark.cov.gz,https://ftp.ncbi.nlm.nih.gov/geo/series/GSE225nnn/GSE225166/suppl/filelist.txt,/home/zdq-as/mouse_methyl_work/raw_downloads/geo_supplements_v27/GSE225166/GSM7040493_lane1_TGTACCTT_M04-20527_3_M_Liver_iPCRtag17_merged_L001_R1.barcode_removed_val_1_GRCm38_bismark_bt2_pe.deduplicated.bismark.cov.gz,planned,True
15,GSE225166,P0_processed_parser_pilot,mouse sparse/single-cell low-coverage age methylation; processed COV tar first,GSM7040494_lane1_TGTCTATC_M00017897_15_M_Liver_iPCRtag49_merged_L001_R1.barcode_removed_val_1_GRCm38_bismark_bt2_pe.deduplicated.bismark.cov.gz,COV,24052754,https://ftp.ncbi.nlm.nih.gov/geo/samples/GSM7040nnn/GSM7040494/suppl/GSM7040494_lane1_TGTCTATC_M00017897_15_M_Liver_iPCRtag49_merged_L001_R1.barcode_removed_val_1_GRCm38_bismark_bt2_pe.deduplicated.bismark.cov.gz,https://ftp.ncbi.nlm.nih.gov/geo/series/GSE225nnn/GSE225166/suppl/filelist.txt,/home/zdq-as/mouse_methyl_work/raw_downloads/geo_supplements_v27/GSE225166/GSM7040494_lane1_TGTCTATC_M00017897_15_M_Liver_iPCRtag49_merged_L001_R1.barcode_removed_val_1_GRCm38_bismark_bt2_pe.deduplicated.bismark.cov.gz,planned,True
16,GSE225166,P0_processed_parser_pilot,mouse sparse/single-cell low-coverage age methylation; processed COV tar first,GSM7040495_lane1_TGTTCTCC_M00017576_24_M_Heart_iTAG_54_merged_L001_R1.barcode_removed_val_1_GRCm38_bismark_bt2_pe.deduplicated.bismark.cov.gz,COV,22499986,https://ftp.ncbi.nlm.nih.gov/geo/samples/GSM7040nnn/GSM7040495/suppl/GSM7040495_lane1_TGTTCTCC_M00017576_24_M_Heart_iTAG_54_merged_L001_R1.barcode_removed_val_1_GRCm38_bismark_bt2_pe.deduplicated.bismark.cov.gz,https://ftp.ncbi.nlm.nih.gov/geo/series/GSE225nnn/GSE225166/suppl/filelist.txt,/home/zdq-as/mouse_methyl_work/raw_downloads/geo_supplements_v27/GSE225166/GSM7040495_lane1_TGTTCTCC_M00017576_24_M_Heart_iTAG_54_merged_L001_R1.barcode_removed_val_1_GRCm38_bismark_bt2_pe.deduplicated.bismark.cov.gz,planned,True
17,GSE225166,P0_processed_parser_pilot,mouse sparse/single-cell low-coverage age methylation; processed COV tar first,GSM7040496_lane1_TTACTCGC_M00017561_24_M_Heart_iTAG_51_merged_L001_R1.barcode_removed_val_1_GRCm38_bismark_bt2_pe.deduplicated.bismark.cov.gz,COV,23996136,https://ftp.ncbi.nlm.nih.gov/geo/samples/GSM7040nnn/GSM7040496/suppl/GSM7040496_lane1_TTACTCGC_M00017561_24_M_Heart_iTAG_51_merged_L001_R1.barcode_removed_val_1_GRCm38_bismark_bt2_pe.deduplicated.bismark.cov.gz,https://ftp.ncbi.nlm.nih.gov/geo/series/GSE225nnn/GSE225166/suppl/filelist.txt,/home/zdq-as/mouse_methyl_work/raw_downloads/geo_supplements_v27/GSE225166/GSM7040496_lane1_TTACTCGC_M00017561_24_M_Heart_iTAG_51_merged_L001_R1.barcode_removed_val_1_GRCm38_bismark_bt2_pe.deduplicated.bismark.cov.gz,planned,True
18,GSE225166,P0_processed_parser_pilot,mouse sparse/single-cell low-coverage age methylation; processed COV tar first,GSM7040497_lane2_CAGATCTG_M02-20522_3_M_Liver_iTAG_7_merged_L002_R1.barcode_removed_val_1_GRCm38_bismark_bt2_pe.deduplicated.bismark.cov.gz,COV,25770352,https://ftp.ncbi.nlm.nih.gov/geo/samples/GSM7040nnn/GSM7040497/suppl/GSM7040497_lane2_CAGATCTG_M02-20522_3_M_Liver_iTAG_7_merged_L002_R1.barcode_removed_val_1_GRCm38_bismark_bt2_pe.deduplicated.bismark.cov.gz,https://ftp.ncbi.nlm.nih.gov/geo/series/GSE225nnn/GSE225166/suppl/filelist.txt,/home/zdq-as/mouse_methyl_work/raw_downloads/geo_supplements_v27/GSE225166/GSM7040497_lane2_CAGATCTG_M02-20522_3_M_Liver_iTAG_7_merged_L002_R1.barcode_removed_val_1_GRCm38_bismark_bt2_pe.deduplicated.bismark.cov.gz,planned,True
19,GSE225166,P0_processed_parser_pilot,mouse sparse/single-cell low-coverage age methylation; processed COV tar first,GSM7040498_lane2_CGATGTTT_M04-20525_3_M_Lung_iPCRtag2_merged_L002_R1.barcode_removed_val_1_GRCm38_bismark_bt2_pe.deduplicated.bismark.cov.gz,COV,27480343,https://ftp.ncbi.nlm.nih.gov/geo/samples/GSM7040nnn/GSM7040498/suppl/GSM7040498_lane2_CGATGTTT_M04-20525_3_M_Lung_iPCRtag2_merged_L002_R1.barcode_removed_val_1_GRCm38_bismark_bt2_pe.deduplicated.bismark.cov.gz,https://ftp.ncbi.nlm.nih.gov/geo/series/GSE225nnn/GSE225166/suppl/filelist.txt,/home/zdq-as/mouse_methyl_work/raw_downloads/geo_supplements_v27/GSE225166/GSM7040498_lane2_CGATGTTT_M04-20525_3_M_Lung_iPCRtag2_merged_L002_R1.barcode_removed_val_1_GRCm38_bismark_bt2_pe.deduplicated.bismark.cov.gz,planned,True
20,GSE225166,P0_processed_parser_pilot,mouse sparse/single-cell low-coverage age methylation; processed COV tar first,GSM7040499_lane2_GATAGAGG_M00018004_15_M_Heart_iTAG_88_merged_L002_R1.barcode_removed_val_1_GRCm38_bismark_bt2_pe.deduplicated.bismark.cov.gz,COV,23480890,https://ftp.ncbi.nlm.nih.gov/geo/samples/GSM7040nnn/GSM7040499/suppl/GSM7040499_lane2_GATAGAGG_M00018004_15_M_Heart_iTAG_88_merged_L002_R1.barcode_removed_val_1_GRCm38_bismark_bt2_pe.deduplicated.bismark.cov.gz,https://ftp.ncbi.nlm.nih.gov/geo/series/GSE225nnn/GSE225166/suppl/filelist.txt,/home/zdq-as/mouse_methyl_work/raw_downloads/geo_supplements_v27/GSE225166/GSM7040499_lane2_GATAGAGG_M00018004_15_M_Heart_iTAG_88_merged_L002_R1.barcode_removed_val_1_GRCm38_bismark_bt2_pe.deduplicated.bismark.cov.gz,planned,True
21,GSE225166,P0_processed_parser_pilot,mouse sparse/single-cell low-coverage age methylation; processed COV tar first,GSM7040500_lane2_GGTCGTGT_M00017621_24_M_Lung_iPCRtag74_merged_L002_R1.barcode_removed_val_1_GRCm38_bismark_bt2_pe.deduplicated.bismark.cov.gz,COV,25565531,https://ftp.ncbi.nlm.nih.gov/geo/samples/GSM7040nnn/GSM7040500/suppl/GSM7040500_lane2_GGTCGTGT_M00017621_24_M_Lung_iPCRtag74_merged_L002_R1.barcode_removed_val_1_GRCm38_bismark_bt2_pe.deduplicated.bismark.cov.gz,https://ftp.ncbi.nlm.nih.gov/geo/series/GSE225nnn/GSE225166/suppl/filelist.txt,/home/zdq-as/mouse_methyl_work/raw_downloads/geo_supplements_v27/GSE225166/GSM7040500_lane2_GGTCGTGT_M00017621_24_M_Lung_iPCRtag74_merged_L002_R1.barcode_removed_val_1_GRCm38_bismark_bt2_pe.deduplicated.bismark.cov.gz,planned,True
22,GSE225166,P0_processed_parser_pilot,mouse sparse/single-cell low-coverage age methylation; processed COV tar first,GSM7040501_lane2_GGTGAGTT_M00018001_15_M_Liver_iTAG_69_merged_L002_R1.barcode_removed_val_1_GRCm38_bismark_bt2_pe.deduplicated.bismark.cov.gz,COV,11627218,https://ftp.ncbi.nlm.nih.gov/geo/samples/GSM7040nnn/GSM7040501/suppl/GSM7040501_lane2_GGTGAGTT_M00018001_15_M_Liver_iTAG_69_merged_L002_R1.barcode_removed_val_1_GRCm38_bismark_bt2_pe.deduplicated.bismark.cov.gz,https://ftp.ncbi.nlm.nih.gov/geo/series/GSE225nnn/GSE225166/suppl/filelist.txt,/home/zdq-as/mouse_methyl_work/raw_downloads/geo_supplements_v27/GSE225166/GSM7040501_lane2_GGTGAGTT_M00018001_15_M_Liver_iTAG_69_merged_L002_R1.barcode_removed_val_1_GRCm38_bismark_bt2_pe.deduplicated.bismark.cov.gz,planned,True
23,GSE225166,P0_processed_parser_pilot,mouse sparse/single-cell low-coverage age methylation; processed COV tar first,GSM7040502_lane2_GTAAGGTG_M00018000_15_M_Heart_iTAG_84_merged_L002_R1.barcode_removed_val_1_GRCm38_bismark_bt2_pe.deduplicated.bismark.cov.gz,COV,22270593,https://ftp.ncbi.nlm.nih.gov/geo/samples/GSM7040nnn/GSM7040502/suppl/GSM7040502_lane2_GTAAGGTG_M00018000_15_M_Heart_iTAG_84_merged_L002_R1.barcode_removed_val_1_GRCm38_bismark_bt2_pe.deduplicated.bismark.cov.gz,https://ftp.ncbi.nlm.nih.gov/geo/series/GSE225nnn/GSE225166/suppl/filelist.txt,/home/zdq-as/mouse_methyl_work/raw_downloads/geo_supplements_v27/GSE225166/GSM7040502_lane2_GTAAGGTG_M00018000_15_M_Heart_iTAG_84_merged_L002_R1.barcode_removed_val_1_GRCm38_bismark_bt2_pe.deduplicated.bismark.cov.gz,planned,True
24,GSE225166,P0_processed_parser_pilot,mouse sparse/single-cell low-coverage age methylation; processed COV tar first,GSM7040503_lane2_GTACATCT_M00018000_15_M_Lung_iTAG_76_merged_L002_R1.barcode_removed_val_1_GRCm38_bismark_bt2_pe.deduplicated.bismark.cov.gz,COV,23668210,https://ftp.ncbi.nlm.nih.gov/geo/samples/GSM7040nnn/GSM7040503/suppl/GSM7040503_lane2_GTACATCT_M00018000_15_M_Lung_iTAG_76_merged_L002_R1.barcode_removed_val_1_GRCm38_bismark_bt2_pe.deduplicated.bismark.cov.gz,https://ftp.ncbi.nlm.nih.gov/geo/series/GSE225nnn/GSE225166/suppl/filelist.txt,/home/zdq-as/mouse_methyl_work/raw_downloads/geo_supplements_v27/GSE225166/GSM7040503_lane2_GTACATCT_M00018000_15_M_Lung_iTAG_76_merged_L002_R1.barcode_removed_val_1_GRCm38_bismark_bt2_pe.deduplicated.bismark.cov.gz,planned,True
25,GSE225166,P0_processed_parser_pilot,mouse sparse/single-cell low-coverage age methylation; processed COV tar first,GSM7040504_lane2_TAACGCTG_M00017912_15_M_Lung_iPCRtag34_merged_L002_R1.barcode_removed_val_1_GRCm38_bismark_bt2_pe.deduplicated.bismark.cov.gz,COV,21877121,https://ftp.ncbi.nlm.nih.gov/geo/samples/GSM7040nnn/GSM7040504/suppl/GSM7040504_lane2_TAACGCTG_M00017912_15_M_Lung_iPCRtag34_merged_L002_R1.barcode_removed_val_1_GRCm38_bismark_bt2_pe.deduplicated.bismark.cov.gz,https://ftp.ncbi.nlm.nih.gov/geo/series/GSE225nnn/GSE225166/suppl/filelist.txt,/home/zdq-as/mouse_methyl_work/raw_downloads/geo_supplements_v27/GSE225166/GSM7040504_lane2_TAACGCTG_M00017912_15_M_Lung_iPCRtag34_merged_L002_R1.barcode_removed_val_1_GRCm38_bismark_bt2_pe.deduplicated.bismark.cov.gz,planned,True
26,GSE225166,P0_processed_parser_pilot,mouse sparse/single-cell low-coverage age methylation; processed COV tar first,GSM7040505_lane2_TAAGCGTT_M02-20522_3_M_Lung_iTAG_15_merged_L002_R1.barcode_removed_val_1_GRCm38_bismark_bt2_pe.deduplicated.bismark.cov.gz,COV,25658358,https://ftp.ncbi.nlm.nih.gov/geo/samples/GSM7040nnn/GSM7040505/suppl/GSM7040505_lane2_TAAGCGTT_M02-20522_3_M_Lung_iTAG_15_merged_L002_R1.barcode_removed_val_1_GRCm38_bismark_bt2_pe.deduplicated.bismark.cov.gz,https://ftp.ncbi.nlm.nih.gov/geo/series/GSE225nnn/GSE225166/suppl/filelist.txt,/home/zdq-as/mouse_methyl_work/raw_downloads/geo_supplements_v27/GSE225166/GSM7040505_lane2_TAAGCGTT_M02-20522_3_M_Lung_iTAG_15_merged_L002_R1.barcode_removed_val_1_GRCm38_bismark_bt2_pe.deduplicated.bismark.cov.gz,planned,True
27,GSE225166,P0_processed_parser_pilot,mouse sparse/single-cell low-coverage age methylation; processed COV tar first,GSM7040506_lane2_TACCGAGC_M00017563_24_M_Heart_iTAG_53_merged_L002_R1.barcode_removed_val_1_GRCm38_bismark_bt2_pe.deduplicated.bismark.cov.gz,COV,22826054,https://ftp.ncbi.nlm.nih.gov/geo/samples/GSM7040nnn/GSM7040506/suppl/GSM7040506_lane2_TACCGAGC_M00017563_24_M_Heart_iTAG_53_merged_L002_R1.barcode_removed_val_1_GRCm38_bismark_bt2_pe.deduplicated.bismark.cov.gz,https://ftp.ncbi.nlm.nih.gov/geo/series/GSE225nnn/GSE225166/suppl/filelist.txt,/home/zdq-as/mouse_methyl_work/raw_downloads/geo_supplements_v27/GSE225166/GSM7040506_lane2_TACCGAGC_M00017563_24_M_Heart_iTAG_53_merged_L002_R1.barcode_removed_val_1_GRCm38_bismark_bt2_pe.deduplicated.bismark.cov.gz,planned,True
28,GSE225166,P0_processed_parser_pilot,mouse sparse/single-cell low-coverage age methylation; processed COV tar first,GSM7040507_lane2_TAGCTTGT_M04-20526_3_M_Lung_iPCRtag10_merged_L002_R1.barcode_removed_val_1_GRCm38_bismark_bt2_pe.deduplicated.bismark.cov.gz,COV,27474374,https://ftp.ncbi.nlm.nih.gov/geo/samples/GSM7040nnn/GSM7040507/suppl/GSM7040507_lane2_TAGCTTGT_M04-20526_3_M_Lung_iPCRtag10_merged_L002_R1.barcode_removed_val_1_GRCm38_bismark_bt2_pe.deduplicated.bismark.cov.gz,https://ftp.ncbi.nlm.nih.gov/geo/series/GSE225nnn/GSE225166/suppl/filelist.txt,/home/zdq-as/mouse_methyl_work/raw_downloads/geo_supplements_v27/GSE225166/GSM7040507_lane2_TAGCTTGT_M04-20526_3_M_Lung_iPCRtag10_merged_L002_R1.barcode_removed_val_1_GRCm38_bismark_bt2_pe.deduplicated.bismark.cov.gz,planned,True
29,GSE225166,P0_processed_parser_pilot,mouse sparse/single-cell low-coverage age methylation; processed COV tar first,GSM7040508_lane2_TATGTGGC_M00017897_15_M_Lung_iPCRtag50_merged_L002_R1.barcode_removed_val_1_GRCm38_bismark_bt2_pe.deduplicated.bismark.cov.gz,COV,24202706,https://ftp.ncbi.nlm.nih.gov/geo/samples/GSM7040nnn/GSM7040508/suppl/GSM7040508_lane2_TATGTGGC_M00017897_15_M_Lung_iPCRtag50_merged_L002_R1.barcode_removed_val_1_GRCm38_bismark_bt2_pe.deduplicated.bismark.cov.gz,https://ftp.ncbi.nlm.nih.gov/geo/series/GSE225nnn/GSE225166/suppl/filelist.txt,/home/zdq-as/mouse_methyl_work/raw_downloads/geo_supplements_v27/GSE225166/GSM7040508_lane2_TATGTGGC_M00017897_15_M_Lung_iPCRtag50_merged_L002_R1.barcode_removed_val_1_GRCm38_bismark_bt2_pe.deduplicated.bismark.cov.gz,planned,True
30,GSE225166,P0_processed_parser_pilot,mouse sparse/single-cell low-coverage age methylation; processed COV tar first,GSM7040509_lane2_TCCTCAAT_M01-20526_3_M_Cortex_iTAG_29_merged_L002_R1.barcode_removed_val_1_GRCm38_bismark_bt2_pe.deduplicated.bismark.cov.gz,COV,23646495,https://ftp.ncbi.nlm.nih.gov/geo/samples/GSM7040nnn/GSM7040509/suppl/GSM7040509_lane2_TCCTCAAT_M01-20526_3_M_Cortex_iTAG_29_merged_L002_R1.barcode_removed_val_1_GRCm38_bismark_bt2_pe.deduplicated.bismark.cov.gz,https://ftp.ncbi.nlm.nih.gov/geo/series/GSE225nnn/GSE225166/suppl/filelist.txt,/home/zdq-as/mouse_methyl_work/raw_downloads/geo_supplements_v27/GSE225166/GSM7040509_lane2_TCCTCAAT_M01-20526_3_M_Cortex_iTAG_29_merged_L002_R1.barcode_removed_val_1_GRCm38_bismark_bt2_pe.deduplicated.bismark.cov.gz,planned,True
31,GSE225166,P0_processed_parser_pilot,mouse sparse/single-cell low-coverage age methylation; processed COV tar first,GSM7040510_lane2_TGTATGCG_M00017913_15_M_Lung_iPCRtag42_merged_L002_R1.barcode_removed_val_1_GRCm38_bismark_bt2_pe.deduplicated.bismark.cov.gz,COV,25763718,https://ftp.ncbi.nlm.nih.gov/geo/samples/GSM7040nnn/GSM7040510/suppl/GSM7040510_lane2_TGTATGCG_M00017913_15_M_Lung_iPCRtag42_merged_L002_R1.barcode_removed_val_1_GRCm38_bismark_bt2_pe.deduplicated.bismark.cov.gz,https://ftp.ncbi.nlm.nih.gov/geo/series/GSE225nnn/GSE225166/suppl/filelist.txt,/home/zdq-as/mouse_methyl_work/raw_downloads/geo_supplements_v27/GSE225166/GSM7040510_lane2_TGTATGCG_M00017913_15_M_Lung_iPCRtag42_merged_L002_R1.barcode_removed_val_1_GRCm38_bismark_bt2_pe.deduplicated.bismark.cov.gz,planned,True
32,GSE225166,P0_processed_parser_pilot,mouse sparse/single-cell low-coverage age methylation; processed COV tar first,GSM7040511_lane2_TGTGAAGA_M00017577_24_M_Cortex_iTAG_63_merged_L002_R1.barcode_removed_val_1_GRCm38_bismark_bt2_pe.deduplicated.bismark.cov.gz,COV,22889066,https://ftp.ncbi.nlm.nih.gov/geo/samples/GSM7040nnn/GSM7040511/suppl/GSM7040511_lane2_TGTGAAGA_M00017577_24_M_Cortex_iTAG_63_merged_L002_R1.barcode_removed_val_1_GRCm38_bismark_bt2_pe.deduplicated.bismark.cov.gz,https://ftp.ncbi.nlm.nih.gov/geo/series/GSE225nnn/GSE225166/suppl/filelist.txt,/home/zdq-as/mouse_methyl_work/raw_downloads/geo_supplements_v27/GSE225166/GSM7040511_lane2_TGTGAAGA_M00017577_24_M_Cortex_iTAG_63_merged_L002_R1.barcode_removed_val_1_GRCm38_bismark_bt2_pe.deduplicated.bismark.cov.gz,planned,True
33,GSE225166,P0_processed_parser_pilot,mouse sparse/single-cell low-coverage age methylation; processed COV tar first,GSM7040512_lane2_TTCCATTG_M02-20523_3_M_Cortex_iTAG_32_merged_L002_R1.barcode_removed_val_1_GRCm38_bismark_bt2_pe.deduplicated.bismark.cov.gz,COV,23461774,https://ftp.ncbi.nlm.nih.gov/geo/samples/GSM7040nnn/GSM7040512/suppl/GSM7040512_lane2_TTCCATTG_M02-20523_3_M_Cortex_iTAG_32_merged_L002_R1.barcode_removed_val_1_GRCm38_bismark_bt2_pe.deduplicated.bismark.cov.gz,https://ftp.ncbi.nlm.nih.gov/geo/series/GSE225nnn/GSE225166/suppl/filelist.txt,/home/zdq-as/mouse_methyl_work/raw_downloads/geo_supplements_v27/GSE225166/GSM7040512_lane2_TTCCATTG_M02-20523_3_M_Cortex_iTAG_32_merged_L002_R1.barcode_removed_val_1_GRCm38_bismark_bt2_pe.deduplicated.bismark.cov.gz,planned,True
34,GSE225166,P0_processed_parser_pilot,mouse sparse/single-cell low-coverage age methylation; processed COV tar first,GSM7040513_lane2_TTCCTGCT_M05-20522_3_M_Lung_iPCRtag26_merged_L002_R1.barcode_removed_val_1_GRCm38_bismark_bt2_pe.deduplicated.bismark.cov.gz,COV,24682532,https://ftp.ncbi.nlm.nih.gov/geo/samples/GSM7040nnn/GSM7040513/suppl/GSM7040513_lane2_TTCCTGCT_M05-20522_3_M_Lung_iPCRtag26_merged_L002_R1.barcode_removed_val_1_GRCm38_bismark_bt2_pe.deduplicated.bismark.cov.gz,https://ftp.ncbi.nlm.nih.gov/geo/series/GSE225nnn/GSE225166/suppl/filelist.txt,/home/zdq-as/mouse_methyl_work/raw_downloads/geo_supplements_v27/GSE225166/GSM7040513_lane2_TTCCTGCT_M05-20522_3_M_Lung_iPCRtag26_merged_L002_R1.barcode_removed_val_1_GRCm38_bismark_bt2_pe.deduplicated.bismark.cov.gz,planned,True
35,GSE225166,P0_processed_parser_pilot,mouse sparse/single-cell low-coverage age methylation; processed COV tar first,GSM7040514_lane2_TTCGCACC_M00017577_24_M_Heart_iTAG_55_merged_L002_R1.barcode_removed_val_1_GRCm38_bismark_bt2_pe.deduplicated.bismark.cov.gz,COV,24750060,https://ftp.ncbi.nlm.nih.gov/geo/samples/GSM7040nnn/GSM7040514/suppl/GSM7040514_lane2_TTCGCACC_M00017577_24_M_Heart_iTAG_55_merged_L002_R1.barcode_removed_val_1_GRCm38_bismark_bt2_pe.deduplicated.bismark.cov.gz,https://ftp.ncbi.nlm.nih.gov/geo/series/GSE225nnn/GSE225166/suppl/filelist.txt,/home/zdq-as/mouse_methyl_work/raw_downloads/geo_supplements_v27/GSE225166/GSM7040514_lane2_TTCGCACC_M00017577_24_M_Heart_iTAG_55_merged_L002_R1.barcode_removed_val_1_GRCm38_bismark_bt2_pe.deduplicated.bismark.cov.gz,planned,True
36,GSE225166,P0_processed_parser_pilot,mouse sparse/single-cell low-coverage age methylation; processed COV tar first,GSM7040515_lane2_TTCTGTGT_M04-20527_3_M_Lung_iPCRtag18_merged_L002_R1.barcode_removed_val_1_GRCm38_bismark_bt2_pe.deduplicated.bismark.cov.gz,COV,26476330,https://ftp.ncbi.nlm.nih.gov/geo/samples/GSM7040nnn/GSM7040515/suppl/GSM7040515_lane2_TTCTGTGT_M04-20527_3_M_Lung_iPCRtag18_merged_L002_R1.barcode_removed_val_1_GRCm38_bismark_bt2_pe.deduplicated.bismark.cov.gz,https://ftp.ncbi.nlm.nih.gov/geo/series/GSE225nnn/GSE225166/suppl/filelist.txt,/home/zdq-as/mouse_methyl_work/raw_downloads/geo_supplements_v27/GSE225166/GSM7040515_lane2_TTCTGTGT_M04-20527_3_M_Lung_iPCRtag18_merged_L002_R1.barcode_removed_val_1_GRCm38_bismark_bt2_pe.deduplicated.bismark.cov.gz,planned,True
37,GSE225166,P0_processed_parser_pilot,mouse sparse/single-cell low-coverage age methylation; processed COV tar first,GSM7040516_lane3_GAATCTGT_M00017621_24_M_Heart_iPCRtag75_merged_L003_R1.barcode_removed_val_1_GRCm38_bismark_bt2_pe.deduplicated.bismark.cov.gz,COV,26391477,https://ftp.ncbi.nlm.nih.gov/geo/samples/GSM7040nnn/GSM7040516/suppl/GSM7040516_lane3_GAATCTGT_M00017621_24_M_Heart_iPCRtag75_merged_L003_R1.barcode_removed_val_1_GRCm38_bismark_bt2_pe.deduplicated.bismark.cov.gz,https://ftp.ncbi.nlm.nih.gov/geo/series/GSE225nnn/GSE225166/suppl/filelist.txt,/home/zdq-as/mouse_methyl_work/raw_downloads/geo_supplements_v27/GSE225166/GSM7040516_lane3_GAATCTGT_M00017621_24_M_Heart_iPCRtag75_merged_L003_R1.barcode_removed_val_1_GRCm38_bismark_bt2_pe.deduplicated.bismark.cov.gz,planned,True
38,GSE225166,P0_processed_parser_pilot,mouse sparse/single-cell low-coverage age methylation; processed COV tar first,GSM7040517_lane3_GACCTTAG_M00017897_15_M_Cortex_iTAG_91_merged_L003_R1.barcode_removed_val_1_GRCm38_bismark_bt2_pe.deduplicated.bismark.cov.gz,COV,22176637,https://ftp.ncbi.nlm.nih.gov/geo/samples/GSM7040nnn/GSM7040517/suppl/GSM7040517_lane3_GACCTTAG_M00017897_15_M_Cortex_iTAG_91_merged_L003_R1.barcode_removed_val_1_GRCm38_bismark_bt2_pe.deduplicated.bismark.cov.gz,https://ftp.ncbi.nlm.nih.gov/geo/series/GSE225nnn/GSE225166/suppl/filelist.txt,/home/zdq-as/mouse_methyl_work/raw_downloads/geo_supplements_v27/GSE225166/GSM7040517_lane3_GACCTTAG_M00017897_15_M_Cortex_iTAG_91_merged_L003_R1.barcode_removed_val_1_GRCm38_bismark_bt2_pe.deduplicated.bismark.cov.gz,planned,True
39,GSE225166,P0_processed_parser_pilot,mouse sparse/single-cell low-coverage age methylation; processed COV tar first,GSM7040518_lane3_GGCTACAG_M04-20526_3_M_Heart_iPCRtag11_merged_L003_R1.barcode_removed_val_1_GRCm38_bismark_bt2_pe.deduplicated.bismark.cov.gz,COV,28523513,https://ftp.ncbi.nlm.nih.gov/geo/samples/GSM7040nnn/GSM7040518/suppl/GSM7040518_lane3_GGCTACAG_M04-20526_3_M_Heart_iPCRtag11_merged_L003_R1.barcode_removed_val_1_GRCm38_bismark_bt2_pe.deduplicated.bismark.cov.gz,https://ftp.ncbi.nlm.nih.gov/geo/series/GSE225nnn/GSE225166/suppl/filelist.txt,/home/zdq-as/mouse_methyl_work/raw_downloads/geo_supplements_v27/GSE225166/GSM7040518_lane3_GGCTACAG_M04-20526_3_M_Heart_iPCRtag11_merged_L003_R1.barcode_removed_val_1_GRCm38_bismark_bt2_pe.deduplicated.bismark.cov.gz,planned,True
40,GSE225166,P0_processed_parser_pilot,mouse sparse/single-cell low-coverage age methylation; processed COV tar first,GSM7040519_lane3_GGTCGTGT_M00017913_15_M_Lung_iTAG_74_merged_L003_R1.barcode_removed_val_1_GRCm38_bismark_bt2_pe.deduplicated.bismark.cov.gz,COV,25829745,https://ftp.ncbi.nlm.nih.gov/geo/samples/GSM7040nnn/GSM7040519/suppl/GSM7040519_lane3_GGTCGTGT_M00017913_15_M_Lung_iTAG_74_merged_L003_R1.barcode_removed_val_1_GRCm38_bismark_bt2_pe.deduplicated.bismark.cov.gz,https://ftp.ncbi.nlm.nih.gov/geo/series/GSE225nnn/GSE225166/suppl/filelist.txt,/home/zdq-as/mouse_methyl_work/raw_downloads/geo_supplements_v27/GSE225166/GSM7040519_lane3_GGTCGTGT_M00017913_15_M_Lung_iTAG_74_merged_L003_R1.barcode_removed_val_1_GRCm38_bismark_bt2_pe.deduplicated.bismark.cov.gz,planned,True
41,GSE225166,P0_processed_parser_pilot,mouse sparse/single-cell low-coverage age methylation; processed COV tar first,GSM7040520_lane3_GTGTCCTT_M00018003_15_M_Liver_iTAG_71_merged_L003_R1.barcode_removed_val_1_GRCm38_bismark_bt2_pe.deduplicated.bismark.cov.gz,COV,33309779,https://ftp.ncbi.nlm.nih.gov/geo/samples/GSM7040nnn/GSM7040520/suppl/GSM7040520_lane3_GTGTCCTT_M00018003_15_M_Liver_iTAG_71_merged_L003_R1.barcode_removed_val_1_GRCm38_bismark_bt2_pe.deduplicated.bismark.cov.gz,https://ftp.ncbi.nlm.nih.gov/geo/series/GSE225nnn/GSE225166/suppl/filelist.txt,/home/zdq-as/mouse_methyl_work/raw_downloads/geo_supplements_v27/GSE225166/GSM7040520_lane3_GTGTCCTT_M00018003_15_M_Liver_iTAG_71_merged_L003_R1.barcode_removed_val_1_GRCm38_bismark_bt2_pe.deduplicated.bismark.cov.gz,planned,True
42,GSE225166,P0_processed_parser_pilot,mouse sparse/single-cell low-coverage age methylation; processed COV tar first,GSM7040521_lane3_GTGTGTCG_M00017912_15_M_Cortex_iTAG_89_merged_L003_R1.barcode_removed_val_1_GRCm38_bismark_bt2_pe.deduplicated.bismark.cov.gz,COV,23288411,https://ftp.ncbi.nlm.nih.gov/geo/samples/GSM7040nnn/GSM7040521/suppl/GSM7040521_lane3_GTGTGTCG_M00017912_15_M_Cortex_iTAG_89_merged_L003_R1.barcode_removed_val_1_GRCm38_bismark_bt2_pe.deduplicated.bismark.cov.gz,https://ftp.ncbi.nlm.nih.gov/geo/series/GSE225nnn/GSE225166/suppl/filelist.txt,/home/zdq-as/mouse_methyl_work/raw_downloads/geo_supplements_v27/GSE225166/GSM7040521_lane3_GTGTGTCG_M00017912_15_M_Cortex_iTAG_89_merged_L003_R1.barcode_removed_val_1_GRCm38_bismark_bt2_pe.deduplicated.bismark.cov.gz,planned,True
43,GSE225166,P0_processed_parser_pilot,mouse sparse/single-cell low-coverage age methylation; processed COV tar first,GSM7040522_lane3_TACTTCGG_M00017563_24_M_Liver_iTAG_37_merged_L003_R1.barcode_removed_val_1_GRCm38_bismark_bt2_pe.deduplicated.bismark.cov.gz,COV,25941503,https://ftp.ncbi.nlm.nih.gov/geo/samples/GSM7040nnn/GSM7040522/suppl/GSM7040522_lane3_TACTTCGG_M00017563_24_M_Liver_iTAG_37_merged_L003_R1.barcode_removed_val_1_GRCm38_bismark_bt2_pe.deduplicated.bismark.cov.gz,https://ftp.ncbi.nlm.nih.gov/geo/series/GSE225nnn/GSE225166/suppl/filelist.txt,/home/zdq-as/mouse_methyl_work/raw_downloads/geo_supplements_v27/GSE225166/GSM7040522_lane3_TACTTCGG_M00017563_24_M_Liver_iTAG_37_merged_L003_R1.barcode_removed_val_1_GRCm38_bismark_bt2_pe.deduplicated.bismark.cov.gz,planned,True
44,GSE225166,P0_processed_parser_pilot,mouse sparse/single-cell low-coverage age methylation; processed COV tar first,GSM7040523_lane3_TAGAACAC_M00017561_24_M_Cortex_iTAG_59_merged_L003_R1.barcode_removed_val_1_GRCm38_bismark_bt2_pe.deduplicated.bismark.cov.gz,COV,25476034,https://ftp.ncbi.nlm.nih.gov/geo/samples/GSM7040nnn/GSM7040523/suppl/GSM7040523_lane3_TAGAACAC_M00017561_24_M_Cortex_iTAG_59_merged_L003_R1.barcode_removed_val_1_GRCm38_bismark_bt2_pe.deduplicated.bismark.cov.gz,https://ftp.ncbi.nlm.nih.gov/geo/series/GSE225nnn/GSE225166/suppl/filelist.txt,/home/zdq-as/mouse_methyl_work/raw_downloads/geo_supplements_v27/GSE225166/GSM7040523_lane3_TAGAACAC_M00017561_24_M_Cortex_iTAG_59_merged_L003_R1.barcode_removed_val_1_GRCm38_bismark_bt2_pe.deduplicated.bismark.cov.gz,planned,True
45,GSE225166,P0_processed_parser_pilot,mouse sparse/single-cell low-coverage age methylation; processed COV tar first,GSM7040524_lane3_TAGTGACT_M01-20523_3_M_Cortex_iTAG_27_merged_L003_R1.barcode_removed_val_1_GRCm38_bismark_bt2_pe.deduplicated.bismark.cov.gz,COV,19207804,https://ftp.ncbi.nlm.nih.gov/geo/samples/GSM7040nnn/GSM7040524/suppl/GSM7040524_lane3_TAGTGACT_M01-20523_3_M_Cortex_iTAG_27_merged_L003_R1.barcode_removed_val_1_GRCm38_bismark_bt2_pe.deduplicated.bismark.cov.gz,https://ftp.ncbi.nlm.nih.gov/geo/series/GSE225nnn/GSE225166/suppl/filelist.txt,/home/zdq-as/mouse_methyl_work/raw_downloads/geo_supplements_v27/GSE225166/GSM7040524_lane3_TAGTGACT_M01-20523_3_M_Cortex_iTAG_27_merged_L003_R1.barcode_removed_val_1_GRCm38_bismark_bt2_pe.deduplicated.bismark.cov.gz,planned,True
46,GSE225166,P0_processed_parser_pilot,mouse sparse/single-cell low-coverage age methylation; processed COV tar first,GSM7040525_lane3_TAGTGACT_M05-20522_3_M_Heart_iPCRtag27_merged_L003_R1.barcode_removed_val_1_GRCm38_bismark_bt2_pe.deduplicated.bismark.cov.gz,COV,35038055,https://ftp.ncbi.nlm.nih.gov/geo/samples/GSM7040nnn/GSM7040525/suppl/GSM7040525_lane3_TAGTGACT_M05-20522_3_M_Heart_iPCRtag27_merged_L003_R1.barcode_removed_val_1_GRCm38_bismark_bt2_pe.deduplicated.bismark.cov.gz,https://ftp.ncbi.nlm.nih.gov/geo/series/GSE225nnn/GSE225166/suppl/filelist.txt,/home/zdq-as/mouse_methyl_work/raw_downloads/geo_supplements_v27/GSE225166/GSM7040525_lane3_TAGTGACT_M05-20522_3_M_Heart_iPCRtag27_merged_L003_R1.barcode_removed_val_1_GRCm38_bismark_bt2_pe.deduplicated.bismark.cov.gz,planned,True
47,GSE225166,P0_processed_parser_pilot,mouse sparse/single-cell low-coverage age methylation; processed COV tar first,GSM7040526_lane3_TCATTGAG_M00017561_24_M_Lung_iTAG_43_merged_L003_R1.barcode_removed_val_1_GRCm38_bismark_bt2_pe.deduplicated.bismark.cov.gz,COV,23580642,https://ftp.ncbi.nlm.nih.gov/geo/samples/GSM7040nnn/GSM7040526/suppl/GSM7040526_lane3_TCATTGAG_M00017561_24_M_Lung_iTAG_43_merged_L003_R1.barcode_removed_val_1_GRCm38_bismark_bt2_pe.deduplicated.bismark.cov.gz,https://ftp.ncbi.nlm.nih.gov/geo/series/GSE225nnn/GSE225166/suppl/filelist.txt,/home/zdq-as/mouse_methyl_work/raw_downloads/geo_supplements_v27/GSE225166/GSM7040526_lane3_TCATTGAG_M00017561_24_M_Lung_iTAG_43_merged_L003_R1.barcode_removed_val_1_GRCm38_bismark_bt2_pe.deduplicated.bismark.cov.gz,planned,True
48,GSE225166,P0_processed_parser_pilot,mouse sparse/single-cell low-coverage age methylation; processed COV tar first,GSM7040527_lane3_TCATTGAG_M00017913_15_M_Heart_iPCRtag43_merged_L003_R1.barcode_removed_val_1_GRCm38_bismark_bt2_pe.deduplicated.bismark.cov.gz,COV,25404406,https://ftp.ncbi.nlm.nih.gov/geo/samples/GSM7040nnn/GSM7040527/suppl/GSM7040527_lane3_TCATTGAG_M00017913_15_M_Heart_iPCRtag43_merged_L003_R1.barcode_removed_val_1_GRCm38_bismark_bt2_pe.deduplicated.bismark.cov.gz,https://ftp.ncbi.nlm.nih.gov/geo/series/GSE225nnn/GSE225166/suppl/filelist.txt,/home/zdq-as/mouse_methyl_work/raw_downloads/geo_supplements_v27/GSE225166/GSM7040527_lane3_TCATTGAG_M00017913_15_M_Heart_iPCRtag43_merged_L003_R1.barcode_removed_val_1_GRCm38_bismark_bt2_pe.deduplicated.bismark.cov.gz,planned,True
49,GSE225166,P0_processed_parser_pilot,mouse sparse/single-cell low-coverage age methylation; processed COV tar first,GSM7040528_lane3_TCGTTAGC_M00017562_24_M_Heart_iTAG_52_merged_L003_R1.barcode_removed_val_1_GRCm38_bismark_bt2_pe.deduplicated.bismark.cov.gz,COV,24570340,https://ftp.ncbi.nlm.nih.gov/geo/samples/GSM7040nnn/GSM7040528/suppl/GSM7040528_lane3_TCGTTAGC_M00017562_24_M_Heart_iTAG_52_merged_L003_R1.barcode_removed_val_1_GRCm38_bismark_bt2_pe.deduplicated.bismark.cov.gz,https://ftp.ncbi.nlm.nih.gov/geo/series/GSE225nnn/GSE225166/suppl/filelist.txt,/home/zdq-as/mouse_methyl_work/raw_downloads/geo_supplements_v27/GSE225166/GSM7040528_lane3_TCGTTAGC_M00017562_24_M_Heart_iTAG_52_merged_L003_R1.barcode_removed_val_1_GRCm38_bismark_bt2_pe.deduplicated.bismark.cov.gz,planned,True
50,GSE225166,P0_processed_parser_pilot,mouse sparse/single-cell low-coverage age methylation; processed COV tar first,GSM7040529_lane3_TCTGCTGT_M04-20527_3_M_Heart_iPCRtag19_merged_L003_R1.barcode_removed_val_1_GRCm38_bismark_bt2_pe.deduplicated.bismark.cov.gz,COV,25246111,https://ftp.ncbi.nlm.nih.gov/geo/samples/GSM7040nnn/GSM7040529/suppl/GSM7040529_lane3_TCTGCTGT_M04-20527_3_M_Heart_iPCRtag19_merged_L003_R1.barcode_removed_val_1_GRCm38_bismark_bt2_pe.deduplicated.bismark.cov.gz,https://ftp.ncbi.nlm.nih.gov/geo/series/GSE225nnn/GSE225166/suppl/filelist.txt,/home/zdq-as/mouse_methyl_work/raw_downloads/geo_supplements_v27/GSE225166/GSM7040529_lane3_TCTGCTGT_M04-20527_3_M_Heart_iPCRtag19_merged_L003_R1.barcode_removed_val_1_GRCm38_bismark_bt2_pe.deduplicated.bismark.cov.gz,planned,True
51,GSE225166,P0_processed_parser_pilot,mouse sparse/single-cell low-coverage age methylation; processed COV tar first,GSM7040530_lane3_TGGCTCAG_M00017562_24_M_Lung_iTAG_44_merged_L003_R1.barcode_removed_val_1_GRCm38_bismark_bt2_pe.deduplicated.bismark.cov.gz,COV,25994171,https://ftp.ncbi.nlm.nih.gov/geo/samples/GSM7040nnn/GSM7040530/suppl/GSM7040530_lane3_TGGCTCAG_M00017562_24_M_Lung_iTAG_44_merged_L003_R1.barcode_removed_val_1_GRCm38_bismark_bt2_pe.deduplicated.bismark.cov.gz,https://ftp.ncbi.nlm.nih.gov/geo/series/GSE225nnn/GSE225166/suppl/filelist.txt,/home/zdq-as/mouse_methyl_work/raw_downloads/geo_supplements_v27/GSE225166/GSM7040530_lane3_TGGCTCAG_M00017562_24_M_Lung_iTAG_44_merged_L003_R1.barcode_removed_val_1_GRCm38_bismark_bt2_pe.deduplicated.bismark.cov.gz,planned,True
52,GSE225166,P0_processed_parser_pilot,mouse sparse/single-cell low-coverage age methylation; processed COV tar first,GSM7040531_lane3_TTACTCGC_M00017897_15_M_Heart_iPCRtag51_merged_L003_R1.barcode_removed_val_1_GRCm38_bismark_bt2_pe.deduplicated.bismark.cov.gz,COV,23513734,https://ftp.ncbi.nlm.nih.gov/geo/samples/GSM7040nnn/GSM7040531/suppl/GSM7040531_lane3_TTACTCGC_M00017897_15_M_Heart_iPCRtag51_merged_L003_R1.barcode_removed_val_1_GRCm38_bismark_bt2_pe.deduplicated.bismark.cov.gz,https://ftp.ncbi.nlm.nih.gov/geo/series/GSE225nnn/GSE225166/suppl/filelist.txt,/home/zdq-as/mouse_methyl_work/raw_downloads/geo_supplements_v27/GSE225166/GSM7040531_lane3_TTACTCGC_M00017897_15_M_Heart_iPCRtag51_merged_L003_R1.barcode_removed_val_1_GRCm38_bismark_bt2_pe.deduplicated.bismark.cov.gz,planned,True
53,GSE225166,P0_processed_parser_pilot,mouse sparse/single-cell low-coverage age methylation; processed COV tar first,GSM7040532_lane3_TTAGGCAT_M01-20523_3_M_Liver_iTAG_3_merged_L003_R1.barcode_removed_val_1_GRCm38_bismark_bt2_pe.deduplicated.bismark.cov.gz,COV,26400278,https://ftp.ncbi.nlm.nih.gov/geo/samples/GSM7040nnn/GSM7040532/suppl/GSM7040532_lane3_TTAGGCAT_M01-20523_3_M_Liver_iTAG_3_merged_L003_R1.barcode_removed_val_1_GRCm38_bismark_bt2_pe.deduplicated.bismark.cov.gz,https://ftp.ncbi.nlm.nih.gov/geo/series/GSE225nnn/GSE225166/suppl/filelist.txt,/home/zdq-as/mouse_methyl_work/raw_downloads/geo_supplements_v27/GSE225166/GSM7040532_lane3_TTAGGCAT_M01-20523_3_M_Liver_iTAG_3_merged_L003_R1.barcode_removed_val_1_GRCm38_bismark_bt2_pe.deduplicated.bismark.cov.gz,planned,True
54,GSE225166,P0_processed_parser_pilot,mouse sparse/single-cell low-coverage age methylation; processed COV tar first,GSM7040533_lane3_TTAGGCAT_M04-20525_3_M_Heart_iPCRtag3_merged_L003_R1.barcode_removed_val_1_GRCm38_bismark_bt2_pe.deduplicated.bismark.cov.gz,COV,30461519,https://ftp.ncbi.nlm.nih.gov/geo/samples/GSM7040nnn/GSM7040533/suppl/GSM7040533_lane3_TTAGGCAT_M04-20525_3_M_Heart_iPCRtag3_merged_L003_R1.barcode_removed_val_1_GRCm38_bismark_bt2_pe.deduplicated.bismark.cov.gz,https://ftp.ncbi.nlm.nih.gov/geo/series/GSE225nnn/GSE225166/suppl/filelist.txt,/home/zdq-as/mouse_methyl_work/raw_downloads/geo_supplements_v27/GSE225166/GSM7040533_lane3_TTAGGCAT_M04-20525_3_M_Heart_iPCRtag3_merged_L003_R1.barcode_removed_val_1_GRCm38_bismark_bt2_pe.deduplicated.bismark.cov.gz,planned,True
55,GSE225166,P0_processed_parser_pilot,mouse sparse/single-cell low-coverage age methylation; processed COV tar first,GSM7040534_lane3_TTGGTATG_M00017912_15_M_Heart_iPCRtag35_merged_L003_R1.barcode_removed_val_1_GRCm38_bismark_bt2_pe.deduplicated.bismark.cov.gz,COV,24928237,https://ftp.ncbi.nlm.nih.gov/geo/samples/GSM7040nnn/GSM7040534/suppl/GSM7040534_lane3_TTGGTATG_M00017912_15_M_Heart_iPCRtag35_merged_L003_R1.barcode_removed_val_1_GRCm38_bismark_bt2_pe.deduplicated.bismark.cov.gz,https://ftp.ncbi.nlm.nih.gov/geo/series/GSE225nnn/GSE225166/suppl/filelist.txt,/home/zdq-as/mouse_methyl_work/raw_downloads/geo_supplements_v27/GSE225166/GSM7040534_lane3_TTGGTATG_M00017912_15_M_Heart_iPCRtag35_merged_L003_R1.barcode_removed_val_1_GRCm38_bismark_bt2_pe.deduplicated.bismark.cov.gz,planned,True
56,GSE225166,P0_processed_parser_pilot,mouse sparse/single-cell low-coverage age methylation; processed COV tar first,GSM7040535_lane4_ACAGTGGT_M01-20526_3_M_Liver_iTAG_5_merged_L004_R1.barcode_removed_val_1_GRCm38_bismark_bt2_pe.deduplicated.bismark.cov.gz,COV,25128555,https://ftp.ncbi.nlm.nih.gov/geo/samples/GSM7040nnn/GSM7040535/suppl/GSM7040535_lane4_ACAGTGGT_M01-20526_3_M_Liver_iTAG_5_merged_L004_R1.barcode_removed_val_1_GRCm38_bismark_bt2_pe.deduplicated.bismark.cov.gz,https://ftp.ncbi.nlm.nih.gov/geo/series/GSE225nnn/GSE225166/suppl/filelist.txt,/home/zdq-as/mouse_methyl_work/raw_downloads/geo_supplements_v27/GSE225166/GSM7040535_lane4_ACAGTGGT_M01-20526_3_M_Liver_iTAG_5_merged_L004_R1.barcode_removed_val_1_GRCm38_bismark_bt2_pe.deduplicated.bismark.cov.gz,planned,True
57,GSE225166,P0_processed_parser_pilot,mouse sparse/single-cell low-coverage age methylation; processed COV tar first,GSM7040536_lane4_CTTGTACT_M04-20526_3_M_Cortex_iPCRtag12_merged_L004_R1.barcode_removed_val_1_GRCm38_bismark_bt2_pe.deduplicated.bismark.cov.gz,COV,26922047,https://ftp.ncbi.nlm.nih.gov/geo/samples/GSM7040nnn/GSM7040536/suppl/GSM7040536_lane4_CTTGTACT_M04-20526_3_M_Cortex_iPCRtag12_merged_L004_R1.barcode_removed_val_1_GRCm38_bismark_bt2_pe.deduplicated.bismark.cov.gz,https://ftp.ncbi.nlm.nih.gov/geo/series/GSE225nnn/GSE225166/suppl/filelist.txt,/home/zdq-as/mouse_methyl_work/raw_downloads/geo_supplements_v27/GSE225166/GSM7040536_lane4_CTTGTACT_M04-20526_3_M_Cortex_iPCRtag12_merged_L004_R1.barcode_removed_val_1_GRCm38_bismark_bt2_pe.deduplicated.bismark.cov.gz,planned,True
58,GSE225166,P0_processed_parser_pilot,mouse sparse/single-cell low-coverage age methylation; processed COV tar first,GSM7040537_lane4_GGAATGAT_M00017912_15_M_Heart_iTAG_81_merged_L004_R1.barcode_removed_val_1_GRCm38_bismark_bt2_pe.deduplicated.bismark.cov.gz,COV,23771515,https://ftp.ncbi.nlm.nih.gov/geo/samples/GSM7040nnn/GSM7040537/suppl/GSM7040537_lane4_GGAATGAT_M00017912_15_M_Heart_iTAG_81_merged_L004_R1.barcode_removed_val_1_GRCm38_bismark_bt2_pe.deduplicated.bismark.cov.gz,https://ftp.ncbi.nlm.nih.gov/geo/series/GSE225nnn/GSE225166/suppl/filelist.txt,/home/zdq-as/mouse_methyl_work/raw_downloads/geo_supplements_v27/GSE225166/GSM7040537_lane4_GGAATGAT_M00017912_15_M_Heart_iTAG_81_merged_L004_R1.barcode_removed_val_1_GRCm38_bismark_bt2_pe.deduplicated.bismark.cov.gz,planned,True
59,GSE225166,P0_processed_parser_pilot,mouse sparse/single-cell low-coverage age methylation; processed COV tar first,GSM7040538_lane4_GTACATCT_M00017621_24_M_Cortex_iPCRtag76_merged_L004_R1.barcode_removed_val_1_GRCm38_bismark_bt2_pe.deduplicated.bismark.cov.gz,COV,30157421,https://ftp.ncbi.nlm.nih.gov/geo/samples/GSM7040nnn/GSM7040538/suppl/GSM7040538_lane4_GTACATCT_M00017621_24_M_Cortex_iPCRtag76_merged_L004_R1.barcode_removed_val_1_GRCm38_bismark_bt2_pe.deduplicated.bismark.cov.gz,https://ftp.ncbi.nlm.nih.gov/geo/series/GSE225nnn/GSE225166/suppl/filelist.txt,/home/zdq-as/mouse_methyl_work/raw_downloads/geo_supplements_v27/GSE225166/GSM7040538_lane4_GTACATCT_M00017621_24_M_Cortex_iPCRtag76_merged_L004_R1.barcode_removed_val_1_GRCm38_bismark_bt2_pe.deduplicated.bismark.cov.gz,planned,True
60,GSE225166,P0_processed_parser_pilot,mouse sparse/single-cell low-coverage age methylation; processed COV tar first,GSM7040539_lane4_GTCGCTAT_M00018004_15_M_Lung_iTAG_80_merged_L004_R1.barcode_removed_val_1_GRCm38_bismark_bt2_pe.deduplicated.bismark.cov.gz,COV,26200515,https://ftp.ncbi.nlm.nih.gov/geo/samples/GSM7040nnn/GSM7040539/suppl/GSM7040539_lane4_GTCGCTAT_M00018004_15_M_Lung_iTAG_80_merged_L004_R1.barcode_removed_val_1_GRCm38_bismark_bt2_pe.deduplicated.bismark.cov.gz,https://ftp.ncbi.nlm.nih.gov/geo/series/GSE225nnn/GSE225166/suppl/filelist.txt,/home/zdq-as/mouse_methyl_work/raw_downloads/geo_supplements_v27/GSE225166/GSM7040539_lane4_GTCGCTAT_M00018004_15_M_Lung_iTAG_80_merged_L004_R1.barcode_removed_val_1_GRCm38_bismark_bt2_pe.deduplicated.bismark.cov.gz,planned,True
61,GSE225166,P0_processed_parser_pilot,mouse sparse/single-cell low-coverage age methylation; processed COV tar first,GSM7040540_lane4_GTCTTGGC_M00018004_15_M_Cortex_iTAG_96_merged_L004_R1.barcode_removed_val_1_GRCm38_bismark_bt2_pe.deduplicated.bismark.cov.gz,COV,24644921,https://ftp.ncbi.nlm.nih.gov/geo/samples/GSM7040nnn/GSM7040540/suppl/GSM7040540_lane4_GTCTTGGC_M00018004_15_M_Cortex_iTAG_96_merged_L004_R1.barcode_removed_val_1_GRCm38_bismark_bt2_pe.deduplicated.bismark.cov.gz,https://ftp.ncbi.nlm.nih.gov/geo/series/GSE225nnn/GSE225166/suppl/filelist.txt,/home/zdq-as/mouse_methyl_work/raw_downloads/geo_supplements_v27/GSE225166/GSM7040540_lane4_GTCTTGGC_M00018004_15_M_Cortex_iTAG_96_merged_L004_R1.barcode_removed_val_1_GRCm38_bismark_bt2_pe.deduplicated.bismark.cov.gz,planned,True
62,GSE225166,P0_processed_parser_pilot,mouse sparse/single-cell low-coverage age methylation; processed COV tar first,GSM7040541_lane4_TACAGGAT_M05-20522_3_M_Cortex_iPCRtag28_merged_L004_R1.barcode_removed_val_1_GRCm38_bismark_bt2_pe.deduplicated.bismark.cov.gz,COV,25379698,https://ftp.ncbi.nlm.nih.gov/geo/samples/GSM7040nnn/GSM7040541/suppl/GSM7040541_lane4_TACAGGAT_M05-20522_3_M_Cortex_iPCRtag28_merged_L004_R1.barcode_removed_val_1_GRCm38_bismark_bt2_pe.deduplicated.bismark.cov.gz,https://ftp.ncbi.nlm.nih.gov/geo/series/GSE225nnn/GSE225166/suppl/filelist.txt,/home/zdq-as/mouse_methyl_work/raw_downloads/geo_supplements_v27/GSE225166/GSM7040541_lane4_TACAGGAT_M05-20522_3_M_Cortex_iPCRtag28_merged_L004_R1.barcode_removed_val_1_GRCm38_bismark_bt2_pe.deduplicated.bismark.cov.gz,planned,True
63,GSE225166,P0_processed_parser_pilot,mouse sparse/single-cell low-coverage age methylation; processed COV tar first,GSM7040542_lane4_TACCACCA_M00017897_15_M_Liver_iTAG_67_merged_L004_R1.barcode_removed_val_1_GRCm38_bismark_bt2_pe.deduplicated.bismark.cov.gz,COV,28623761,https://ftp.ncbi.nlm.nih.gov/geo/samples/GSM7040nnn/GSM7040542/suppl/GSM7040542_lane4_TACCACCA_M00017897_15_M_Liver_iTAG_67_merged_L004_R1.barcode_removed_val_1_GRCm38_bismark_bt2_pe.deduplicated.bismark.cov.gz,https://ftp.ncbi.nlm.nih.gov/geo/series/GSE225nnn/GSE225166/suppl/filelist.txt,/home/zdq-as/mouse_methyl_work/raw_downloads/geo_supplements_v27/GSE225166/GSM7040542_lane4_TACCACCA_M00017897_15_M_Liver_iTAG_67_merged_L004_R1.barcode_removed_val_1_GRCm38_bismark_bt2_pe.deduplicated.bismark.cov.gz,planned,True
64,GSE225166,P0_processed_parser_pilot,mouse sparse/single-cell low-coverage age methylation; processed COV tar first,GSM7040543_lane4_TATGTGGC_M00017560_24_M_Heart_iTAG_50_merged_L004_R1.barcode_removed_val_1_GRCm38_bismark_bt2_pe.deduplicated.bismark.cov.gz,COV,22876694,https://ftp.ncbi.nlm.nih.gov/geo/samples/GSM7040nnn/GSM7040543/suppl/GSM7040543_lane4_TATGTGGC_M00017560_24_M_Heart_iTAG_50_merged_L004_R1.barcode_removed_val_1_GRCm38_bismark_bt2_pe.deduplicated.bismark.cov.gz,https://ftp.ncbi.nlm.nih.gov/geo/series/GSE225nnn/GSE225166/suppl/filelist.txt,/home/zdq-as/mouse_methyl_work/raw_downloads/geo_supplements_v27/GSE225166/GSM7040543_lane4_TATGTGGC_M00017560_24_M_Heart_iTAG_50_merged_L004_R1.barcode_removed_val_1_GRCm38_bismark_bt2_pe.deduplicated.bismark.cov.gz,planned,True
65,GSE225166,P0_processed_parser_pilot,mouse sparse/single-cell low-coverage age methylation; processed COV tar first,GSM7040544_lane4_TCCGTCTT_M02-20523_3_M_Lung_iTAG_16_merged_L004_R1.barcode_removed_val_1_GRCm38_bismark_bt2_pe.deduplicated.bismark.cov.gz,COV,26610070,https://ftp.ncbi.nlm.nih.gov/geo/samples/GSM7040nnn/GSM7040544/suppl/GSM7040544_lane4_TCCGTCTT_M02-20523_3_M_Lung_iTAG_16_merged_L004_R1.barcode_removed_val_1_GRCm38_bismark_bt2_pe.deduplicated.bismark.cov.gz,https://ftp.ncbi.nlm.nih.gov/geo/series/GSE225nnn/GSE225166/suppl/filelist.txt,/home/zdq-as/mouse_methyl_work/raw_downloads/geo_supplements_v27/GSE225166/GSM7040544_lane4_TCCGTCTT_M02-20523_3_M_Lung_iTAG_16_merged_L004_R1.barcode_removed_val_1_GRCm38_bismark_bt2_pe.deduplicated.bismark.cov.gz,planned,True
66,GSE225166,P0_processed_parser_pilot,mouse sparse/single-cell low-coverage age methylation; processed COV tar first,GSM7040545_lane4_TCGTTAGC_M00017897_15_M_Cortex_iPCRtag52_merged_L004_R1.barcode_removed_val_1_GRCm38_bismark_bt2_pe.deduplicated.bismark.cov.gz,COV,25341405,https://ftp.ncbi.nlm.nih.gov/geo/samples/GSM7040nnn/GSM7040545/suppl/GSM7040545_lane4_TCGTTAGC_M00017897_15_M_Cortex_iPCRtag52_merged_L004_R1.barcode_removed_val_1_GRCm38_bismark_bt2_pe.deduplicated.bismark.cov.gz,https://ftp.ncbi.nlm.nih.gov/geo/series/GSE225nnn/GSE225166/suppl/filelist.txt,/home/zdq-as/mouse_methyl_work/raw_downloads/geo_supplements_v27/GSE225166/GSM7040545_lane4_TCGTTAGC_M00017897_15_M_Cortex_iPCRtag52_merged_L004_R1.barcode_removed_val_1_GRCm38_bismark_bt2_pe.deduplicated.bismark.cov.gz,planned,True
67,GSE225166,P0_processed_parser_pilot,mouse sparse/single-cell low-coverage age methylation; processed COV tar first,GSM7040546_lane4_TCTCACGG_M00017576_24_M_Liver_iTAG_38_merged_L004_R1.barcode_removed_val_1_GRCm38_bismark_bt2_pe.deduplicated.bismark.cov.gz,COV,16974622,https://ftp.ncbi.nlm.nih.gov/geo/samples/GSM7040nnn/GSM7040546/suppl/GSM7040546_lane4_TCTCACGG_M00017576_24_M_Liver_iTAG_38_merged_L004_R1.barcode_removed_val_1_GRCm38_bismark_bt2_pe.deduplicated.bismark.cov.gz,https://ftp.ncbi.nlm.nih.gov/geo/series/GSE225nnn/GSE225166/suppl/filelist.txt,/home/zdq-as/mouse_methyl_work/raw_downloads/geo_supplements_v27/GSE225166/GSM7040546_lane4_TCTCACGG_M00017576_24_M_Liver_iTAG_38_merged_L004_R1.barcode_removed_val_1_GRCm38_bismark_bt2_pe.deduplicated.bismark.cov.gz,planned,True
68,GSE225166,P0_processed_parser_pilot,mouse sparse/single-cell low-coverage age methylation; processed COV tar first,GSM7040547_lane4_TGAACTGG_M00017912_15_M_Cortex_iPCRtag36_merged_L004_R1.barcode_removed_val_1_GRCm38_bismark_bt2_pe.deduplicated.bismark.cov.gz,COV,23894418,https://ftp.ncbi.nlm.nih.gov/geo/samples/GSM7040nnn/GSM7040547/suppl/GSM7040547_lane4_TGAACTGG_M00017912_15_M_Cortex_iPCRtag36_merged_L004_R1.barcode_removed_val_1_GRCm38_bismark_bt2_pe.deduplicated.bismark.cov.gz,https://ftp.ncbi.nlm.nih.gov/geo/series/GSE225nnn/GSE225166/suppl/filelist.txt,/home/zdq-as/mouse_methyl_work/raw_downloads/geo_supplements_v27/GSE225166/GSM7040547_lane4_TGAACTGG_M00017912_15_M_Cortex_iPCRtag36_merged_L004_R1.barcode_removed_val_1_GRCm38_bismark_bt2_pe.deduplicated.bismark.cov.gz,planned,True
69,GSE225166,P0_processed_parser_pilot,mouse sparse/single-cell low-coverage age methylation; processed COV tar first,GSM7040548_lane4_TGACCACT_M04-20525_3_M_Cortex_iPCRtag4_merged_L004_R1.barcode_removed_val_1_GRCm38_bismark_bt2_pe.deduplicated.bismark.cov.gz,COV,27728506,https://ftp.ncbi.nlm.nih.gov/geo/samples/GSM7040nnn/GSM7040548/suppl/GSM7040548_lane4_TGACCACT_M04-20525_3_M_Cortex_iPCRtag4_merged_L004_R1.barcode_removed_val_1_GRCm38_bismark_bt2_pe.deduplicated.bismark.cov.gz,https://ftp.ncbi.nlm.nih.gov/geo/series/GSE225nnn/GSE225166/suppl/filelist.txt,/home/zdq-as/mouse_methyl_work/raw_downloads/geo_supplements_v27/GSE225166/GSM7040548_lane4_TGACCACT_M04-20525_3_M_Cortex_iPCRtag4_merged_L004_R1.barcode_removed_val_1_GRCm38_bismark_bt2_pe.deduplicated.bismark.cov.gz,planned,True
70,GSE225166,P0_processed_parser_pilot,mouse sparse/single-cell low-coverage age methylation; processed COV tar first,GSM7040549_lane4_TGCTGATA_M00017563_24_M_Cortex_iTAG_61_merged_L004_R1.barcode_removed_val_1_GRCm38_bismark_bt2_pe.deduplicated.bismark.cov.gz,COV,27310376,https://ftp.ncbi.nlm.nih.gov/geo/samples/GSM7040nnn/GSM7040549/suppl/GSM7040549_lane4_TGCTGATA_M00017563_24_M_Cortex_iTAG_61_merged_L004_R1.barcode_removed_val_1_GRCm38_bismark_bt2_pe.deduplicated.bismark.cov.gz,https://ftp.ncbi.nlm.nih.gov/geo/series/GSE225nnn/GSE225166/suppl/filelist.txt,/home/zdq-as/mouse_methyl_work/raw_downloads/geo_supplements_v27/GSE225166/GSM7040549_lane4_TGCTGATA_M00017563_24_M_Cortex_iTAG_61_merged_L004_R1.barcode_removed_val_1_GRCm38_bismark_bt2_pe.deduplicated.bismark.cov.gz,planned,True
71,GSE225166,P0_processed_parser_pilot,mouse sparse/single-cell low-coverage age methylation; processed COV tar first,GSM7040550_lane4_TGGCTCAG_M00017913_15_M_Cortex_iPCRtag44_merged_L004_R1.barcode_removed_val_1_GRCm38_bismark_bt2_pe.deduplicated.bismark.cov.gz,COV,24826565,https://ftp.ncbi.nlm.nih.gov/geo/samples/GSM7040nnn/GSM7040550/suppl/GSM7040550_lane4_TGGCTCAG_M00017913_15_M_Cortex_iPCRtag44_merged_L004_R1.barcode_removed_val_1_GRCm38_bismark_bt2_pe.deduplicated.bismark.cov.gz,https://ftp.ncbi.nlm.nih.gov/geo/series/GSE225nnn/GSE225166/suppl/filelist.txt,/home/zdq-as/mouse_methyl_work/raw_downloads/geo_supplements_v27/GSE225166/GSM7040550_lane4_TGGCTCAG_M00017913_15_M_Cortex_iPCRtag44_merged_L004_R1.barcode_removed_val_1_GRCm38_bismark_bt2_pe.deduplicated.bismark.cov.gz,planned,True
72,GSE225166,P0_processed_parser_pilot,mouse sparse/single-cell low-coverage age methylation; processed COV tar first,GSM7040551_lane4_TGTATGCG_M00017560_24_M_Lung_iTAG_42_merged_L004_R1.barcode_removed_val_1_GRCm38_bismark_bt2_pe.deduplicated.bismark.cov.gz,COV,24804515,https://ftp.ncbi.nlm.nih.gov/geo/samples/GSM7040nnn/GSM7040551/suppl/GSM7040551_lane4_TGTATGCG_M00017560_24_M_Lung_iTAG_42_merged_L004_R1.barcode_removed_val_1_GRCm38_bismark_bt2_pe.deduplicated.bismark.cov.gz,https://ftp.ncbi.nlm.nih.gov/geo/series/GSE225nnn/GSE225166/suppl/filelist.txt,/home/zdq-as/mouse_methyl_work/raw_downloads/geo_supplements_v27/GSE225166/GSM7040551_lane4_TGTATGCG_M00017560_24_M_Lung_iTAG_42_merged_L004_R1.barcode_removed_val_1_GRCm38_bismark_bt2_pe.deduplicated.bismark.cov.gz,planned,True
73,GSE225166,P0_processed_parser_pilot,mouse sparse/single-cell low-coverage age methylation; processed COV tar first,GSM7040552_lane4_TGTCTATC_M00017549_24_M_Heart_iTAG_49_merged_L004_R1.barcode_removed_val_1_GRCm38_bismark_bt2_pe.deduplicated.bismark.cov.gz,COV,23414532,https://ftp.ncbi.nlm.nih.gov/geo/samples/GSM7040nnn/GSM7040552/suppl/GSM7040552_lane4_TGTCTATC_M00017549_24_M_Heart_iTAG_49_merged_L004_R1.barcode_removed_val_1_GRCm38_bismark_bt2_pe.deduplicated.bismark.cov.gz,https://ftp.ncbi.nlm.nih.gov/geo/series/GSE225nnn/GSE225166/suppl/filelist.txt,/home/zdq-as/mouse_methyl_work/raw_downloads/geo_supplements_v27/GSE225166/GSM7040552_lane4_TGTCTATC_M00017549_24_M_Heart_iTAG_49_merged_L004_R1.barcode_removed_val_1_GRCm38_bismark_bt2_pe.deduplicated.bismark.cov.gz,planned,True
74,GSE225166,P0_processed_parser_pilot,mouse sparse/single-cell low-coverage age methylation; processed COV tar first,GSM7040553_lane4_TTGGAGGT_M04-20527_3_M_Cortex_iPCRtag20_merged_L004_R1.barcode_removed_val_1_GRCm38_bismark_bt2_pe.deduplicated.bismark.cov.gz,COV,29996094,https://ftp.ncbi.nlm.nih.gov/geo/samples/GSM7040nnn/GSM7040553/suppl/GSM7040553_lane4_TTGGAGGT_M04-20527_3_M_Cortex_iPCRtag20_merged_L004_R1.barcode_removed_val_1_GRCm38_bismark_bt2_pe.deduplicated.bismark.cov.gz,https://ftp.ncbi.nlm.nih.gov/geo/series/GSE225nnn/GSE225166/suppl/filelist.txt,/home/zdq-as/mouse_methyl_work/raw_downloads/geo_supplements_v27/GSE225166/GSM7040553_lane4_TTGGAGGT_M04-20527_3_M_Cortex_iPCRtag20_merged_L004_R1.barcode_removed_val_1_GRCm38_bismark_bt2_pe.deduplicated.bismark.cov.gz,planned,True
75,GSE225166,P0_processed_parser_pilot,mouse sparse/single-cell low-coverage age methylation; processed COV tar first,GSM7040554_lane5_GAATCTGT_M00017897_15_M_Lung_iTAG_75_merged_L005_R1.barcode_removed_val_1_GRCm38_bismark_bt2_pe.deduplicated.bismark.cov.gz,COV,26121976,https://ftp.ncbi.nlm.nih.gov/geo/samples/GSM7040nnn/GSM7040554/suppl/GSM7040554_lane5_GAATCTGT_M00017897_15_M_Lung_iTAG_75_merged_L005_R1.barcode_removed_val_1_GRCm38_bismark_bt2_pe.deduplicated.bismark.cov.gz,https://ftp.ncbi.nlm.nih.gov/geo/series/GSE225nnn/GSE225166/suppl/filelist.txt,/home/zdq-as/mouse_methyl_work/raw_downloads/geo_supplements_v27/GSE225166/GSM7040554_lane5_GAATCTGT_M00017897_15_M_Lung_iTAG_75_merged_L005_R1.barcode_removed_val_1_GRCm38_bismark_bt2_pe.deduplicated.bismark.cov.gz,planned,True
76,GSE225166,P0_processed_parser_pilot,mouse sparse/single-cell low-coverage age methylation; processed COV tar first,GSM7040555_lane5_GGTGAGTT_M00018011_15_M_Liver_iPCRtag69_merged_L005_R1.barcode_removed_val_1_GRCm38_bismark_bt2_pe.deduplicated.bismark.cov.gz,COV,31336510,https://ftp.ncbi.nlm.nih.gov/geo/samples/GSM7040nnn/GSM7040555/suppl/GSM7040555_lane5_GGTGAGTT_M00018011_15_M_Liver_iPCRtag69_merged_L005_R1.barcode_removed_val_1_GRCm38_bismark_bt2_pe.deduplicated.bismark.cov.gz,https://ftp.ncbi.nlm.nih.gov/geo/series/GSE225nnn/GSE225166/suppl/filelist.txt,/home/zdq-as/mouse_methyl_work/raw_downloads/geo_supplements_v27/GSE225166/GSM7040555_lane5_GGTGAGTT_M00018011_15_M_Liver_iPCRtag69_merged_L005_R1.barcode_removed_val_1_GRCm38_bismark_bt2_pe.deduplicated.bismark.cov.gz,planned,True
77,GSE225166,P0_processed_parser_pilot,mouse sparse/single-cell low-coverage age methylation; processed COV tar first,GSM7040556_lane5_GTTAGCCT_M00018003_15_M_Lung_iTAG_79_merged_L005_R1.barcode_removed_val_1_GRCm38_bismark_bt2_pe.deduplicated.bismark.cov.gz,COV,22760334,https://ftp.ncbi.nlm.nih.gov/geo/samples/GSM7040nnn/GSM7040556/suppl/GSM7040556_lane5_GTTAGCCT_M00018003_15_M_Lung_iTAG_79_merged_L005_R1.barcode_removed_val_1_GRCm38_bismark_bt2_pe.deduplicated.bismark.cov.gz,https://ftp.ncbi.nlm.nih.gov/geo/series/GSE225nnn/GSE225166/suppl/filelist.txt,/home/zdq-as/mouse_methyl_work/raw_downloads/geo_supplements_v27/GSE225166/GSM7040556_lane5_GTTAGCCT_M00018003_15_M_Lung_iTAG_79_merged_L005_R1.barcode_removed_val_1_GRCm38_bismark_bt2_pe.deduplicated.bismark.cov.gz,planned,True
78,GSE225166,P0_processed_parser_pilot,mouse sparse/single-cell low-coverage age methylation; processed COV tar first,GSM7040557_lane5_TACTTCGG_M00017579_24_M_Liver_iPCRtag37_merged_L005_R1.barcode_removed_val_1_GRCm38_bismark_bt2_pe.deduplicated.bismark.cov.gz,COV,19856237,https://ftp.ncbi.nlm.nih.gov/geo/samples/GSM7040nnn/GSM7040557/suppl/GSM7040557_lane5_TACTTCGG_M00017579_24_M_Liver_iPCRtag37_merged_L005_R1.barcode_removed_val_1_GRCm38_bismark_bt2_pe.deduplicated.bismark.cov.gz,https://ftp.ncbi.nlm.nih.gov/geo/series/GSE225nnn/GSE225166/suppl/filelist.txt,/home/zdq-as/mouse_methyl_work/raw_downloads/geo_supplements_v27/GSE225166/GSM7040557_lane5_TACTTCGG_M00017579_24_M_Liver_iPCRtag37_merged_L005_R1.barcode_removed_val_1_GRCm38_bismark_bt2_pe.deduplicated.bismark.cov.gz,planned,True
79,GSE225166,P0_processed_parser_pilot,mouse sparse/single-cell low-coverage age methylation; processed COV tar first,GSM7040558_lane5_TATGCCAG_M00017563_24_M_Lung_iTAG_45_merged_L005_R1.barcode_removed_val_1_GRCm38_bismark_bt2_pe.deduplicated.bismark.cov.gz,COV,30304191,https://ftp.ncbi.nlm.nih.gov/geo/samples/GSM7040nnn/GSM7040558/suppl/GSM7040558_lane5_TATGCCAG_M00017563_24_M_Lung_iTAG_45_merged_L005_R1.barcode_removed_val_1_GRCm38_bismark_bt2_pe.deduplicated.bismark.cov.gz,https://ftp.ncbi.nlm.nih.gov/geo/series/GSE225nnn/GSE225166/suppl/filelist.txt,/home/zdq-as/mouse_methyl_work/raw_downloads/geo_supplements_v27/GSE225166/GSM7040558_lane5_TATGCCAG_M00017563_24_M_Lung_iTAG_45_merged_L005_R1.barcode_removed_val_1_GRCm38_bismark_bt2_pe.deduplicated.bismark.cov.gz,planned,True
80,GSE225166,P0_processed_parser_pilot,mouse sparse/single-cell low-coverage age methylation; processed COV tar first,GSM7040559_lane5_TATGCCAG_M00017589_24_M_Liver_iPCRtag45_merged_L005_R1.barcode_removed_val_1_GRCm38_bismark_bt2_pe.deduplicated.bismark.cov.gz,COV,20840802,https://ftp.ncbi.nlm.nih.gov/geo/samples/GSM7040nnn/GSM7040559/suppl/GSM7040559_lane5_TATGCCAG_M00017589_24_M_Liver_iPCRtag45_merged_L005_R1.barcode_removed_val_1_GRCm38_bismark_bt2_pe.deduplicated.bismark.cov.gz,https://ftp.ncbi.nlm.nih.gov/geo/series/GSE225nnn/GSE225166/suppl/filelist.txt,/home/zdq-as/mouse_methyl_work/raw_downloads/geo_supplements_v27/GSE225166/GSM7040559_lane5_TATGCCAG_M00017589_24_M_Liver_iPCRtag45_merged_L005_R1.barcode_removed_val_1_GRCm38_bismark_bt2_pe.deduplicated.bismark.cov.gz,planned,True
81,GSE225166,P0_processed_parser_pilot,mouse sparse/single-cell low-coverage age methylation; processed COV tar first,GSM7040560_lane5_TCAGATTC_M00017576_24_M_Lung_iTAG_46_merged_L005_R1.barcode_removed_val_1_GRCm38_bismark_bt2_pe.deduplicated.bismark.cov.gz,COV,26502145,https://ftp.ncbi.nlm.nih.gov/geo/samples/GSM7040nnn/GSM7040560/suppl/GSM7040560_lane5_TCAGATTC_M00017576_24_M_Lung_iTAG_46_merged_L005_R1.barcode_removed_val_1_GRCm38_bismark_bt2_pe.deduplicated.bismark.cov.gz,https://ftp.ncbi.nlm.nih.gov/geo/series/GSE225nnn/GSE225166/suppl/filelist.txt,/home/zdq-as/mouse_methyl_work/raw_downloads/geo_supplements_v27/GSE225166/GSM7040560_lane5_TCAGATTC_M00017576_24_M_Lung_iTAG_46_merged_L005_R1.barcode_removed_val_1_GRCm38_bismark_bt2_pe.deduplicated.bismark.cov.gz,planned,True
82,GSE225166,P0_processed_parser_pilot,mouse sparse/single-cell low-coverage age methylation; processed COV tar first,GSM7040561_lane5_TCGAGCGT_M03-NB_New_Born_Liver_iPCRtag21_merged_L005_R1.barcode_removed_val_1_GRCm38_bismark_bt2_pe.deduplicated.bismark.cov.gz,COV,40102873,https://ftp.ncbi.nlm.nih.gov/geo/samples/GSM7040nnn/GSM7040561/suppl/GSM7040561_lane5_TCGAGCGT_M03-NB_New_Born_Liver_iPCRtag21_merged_L005_R1.barcode_removed_val_1_GRCm38_bismark_bt2_pe.deduplicated.bismark.cov.gz,https://ftp.ncbi.nlm.nih.gov/geo/series/GSE225nnn/GSE225166/suppl/filelist.txt,/home/zdq-as/mouse_methyl_work/raw_downloads/geo_supplements_v27/GSE225166/GSM7040561_lane5_TCGAGCGT_M03-NB_New_Born_Liver_iPCRtag21_merged_L005_R1.barcode_removed_val_1_GRCm38_bismark_bt2_pe.deduplicated.bismark.cov.gz,planned,True
83,GSE225166,P0_processed_parser_pilot,mouse sparse/single-cell low-coverage age methylation; processed COV tar first,GSM7040562_lane5_TCTCACGG_M00017579_24_M_Lung_iPCRtag38_merged_L005_R1.barcode_removed_val_1_GRCm38_bismark_bt2_pe.deduplicated.bismark.cov.gz,COV,20211150,https://ftp.ncbi.nlm.nih.gov/geo/samples/GSM7040nnn/GSM7040562/suppl/GSM7040562_lane5_TCTCACGG_M00017579_24_M_Lung_iPCRtag38_merged_L005_R1.barcode_removed_val_1_GRCm38_bismark_bt2_pe.deduplicated.bismark.cov.gz,https://ftp.ncbi.nlm.nih.gov/geo/series/GSE225nnn/GSE225166/suppl/filelist.txt,/home/zdq-as/mouse_methyl_work/raw_downloads/geo_supplements_v27/GSE225166/GSM7040562_lane5_TCTCACGG_M00017579_24_M_Lung_iPCRtag38_merged_L005_R1.barcode_removed_val_1_GRCm38_bismark_bt2_pe.deduplicated.bismark.cov.gz,planned,True
84,GSE225166,P0_processed_parser_pilot,mouse sparse/single-cell low-coverage age methylation; processed COV tar first,GSM7040563_lane5_TGACAGAC_M00017560_24_M_Cortex_iTAG_58_merged_L005_R1.barcode_removed_val_1_GRCm38_bismark_bt2_pe.deduplicated.bismark.cov.gz,COV,15353853,https://ftp.ncbi.nlm.nih.gov/geo/samples/GSM7040nnn/GSM7040563/suppl/GSM7040563_lane5_TGACAGAC_M00017560_24_M_Cortex_iTAG_58_merged_L005_R1.barcode_removed_val_1_GRCm38_bismark_bt2_pe.deduplicated.bismark.cov.gz,https://ftp.ncbi.nlm.nih.gov/geo/series/GSE225nnn/GSE225166/suppl/filelist.txt,/home/zdq-as/mouse_methyl_work/raw_downloads/geo_supplements_v27/GSE225166/GSM7040563_lane5_TGACAGAC_M00017560_24_M_Cortex_iTAG_58_merged_L005_R1.barcode_removed_val_1_GRCm38_bismark_bt2_pe.deduplicated.bismark.cov.gz,planned,True
85,GSE225166,P0_processed_parser_pilot,mouse sparse/single-cell low-coverage age methylation; processed COV tar first,GSM7040564_lane5_TGCATAGT_M02-20522_3_M_Heart_iTAG_23_merged_L005_R1.barcode_removed_val_1_GRCm38_bismark_bt2_pe.deduplicated.bismark.cov.gz,COV,23027074,https://ftp.ncbi.nlm.nih.gov/geo/samples/GSM7040nnn/GSM7040564/suppl/GSM7040564_lane5_TGCATAGT_M02-20522_3_M_Heart_iTAG_23_merged_L005_R1.barcode_removed_val_1_GRCm38_bismark_bt2_pe.deduplicated.bismark.cov.gz,https://ftp.ncbi.nlm.nih.gov/geo/series/GSE225nnn/GSE225166/suppl/filelist.txt,/home/zdq-as/mouse_methyl_work/raw_downloads/geo_supplements_v27/GSE225166/GSM7040564_lane5_TGCATAGT_M02-20522_3_M_Heart_iTAG_23_merged_L005_R1.barcode_removed_val_1_GRCm38_bismark_bt2_pe.deduplicated.bismark.cov.gz,planned,True
86,GSE225166,P0_processed_parser_pilot,mouse sparse/single-cell low-coverage age methylation; processed COV tar first,GSM7040565_lane5_TTGACTCT_M02-20523_3_M_Heart_iTAG_24_merged_L005_R1.barcode_removed_val_1_GRCm38_bismark_bt2_pe.deduplicated.bismark.cov.gz,COV,23261309,https://ftp.ncbi.nlm.nih.gov/geo/samples/GSM7040nnn/GSM7040565/suppl/GSM7040565_lane5_TTGACTCT_M02-20523_3_M_Heart_iTAG_24_merged_L005_R1.barcode_removed_val_1_GRCm38_bismark_bt2_pe.deduplicated.bismark.cov.gz,https://ftp.ncbi.nlm.nih.gov/geo/series/GSE225nnn/GSE225166/suppl/filelist.txt,/home/zdq-as/mouse_methyl_work/raw_downloads/geo_supplements_v27/GSE225166/GSM7040565_lane5_TTGACTCT_M02-20523_3_M_Heart_iTAG_24_merged_L005_R1.barcode_removed_val_1_GRCm38_bismark_bt2_pe.deduplicated.bismark.cov.gz,planned,True
87,GSE225166,P0_processed_parser_pilot,mouse sparse/single-cell low-coverage age methylation; processed COV tar first,GSM7040566_lane5_TTGTTCCA_M00017912_15_M_Liver_iTAG_65_merged_L005_R1.barcode_removed_val_1_GRCm38_bismark_bt2_pe.deduplicated.bismark.cov.gz,COV,25909453,https://ftp.ncbi.nlm.nih.gov/geo/samples/GSM7040nnn/GSM7040566/suppl/GSM7040566_lane5_TTGTTCCA_M00017912_15_M_Liver_iTAG_65_merged_L005_R1.barcode_removed_val_1_GRCm38_bismark_bt2_pe.deduplicated.bismark.cov.gz,https://ftp.ncbi.nlm.nih.gov/geo/series/GSE225nnn/GSE225166/suppl/filelist.txt,/home/zdq-as/mouse_methyl_work/raw_downloads/geo_supplements_v27/GSE225166/GSM7040566_lane5_TTGTTCCA_M00017912_15_M_Liver_iTAG_65_merged_L005_R1.barcode_removed_val_1_GRCm38_bismark_bt2_pe.deduplicated.bismark.cov.gz,planned,True
88,GSE225166,P0_processed_parser_pilot,mouse sparse/single-cell low-coverage age methylation; processed COV tar first,GSM7040567_lane6_ACTTGATG_M02-20523_3_M_Liver_iTAG_8_merged_L006_R1.barcode_removed_val_1_GRCm38_bismark_bt2_pe.deduplicated.bismark.cov.gz,COV,23176793,https://ftp.ncbi.nlm.nih.gov/geo/samples/GSM7040nnn/GSM7040567/suppl/GSM7040567_lane6_ACTTGATG_M02-20523_3_M_Liver_iTAG_8_merged_L006_R1.barcode_removed_val_1_GRCm38_bismark_bt2_pe.deduplicated.bismark.cov.gz,https://ftp.ncbi.nlm.nih.gov/geo/series/GSE225nnn/GSE225166/suppl/filelist.txt,/home/zdq-as/mouse_methyl_work/raw_downloads/geo_supplements_v27/GSE225166/GSM7040567_lane6_ACTTGATG_M02-20523_3_M_Liver_iTAG_8_merged_L006_R1.barcode_removed_val_1_GRCm38_bismark_bt2_pe.deduplicated.bismark.cov.gz,planned,True
89,GSE225166,P0_processed_parser_pilot,mouse sparse/single-cell low-coverage age methylation; processed COV tar first,GSM7040568_lane6_ATCACGTT_M02-20525_3_M_Liver_iTAG_1_merged_L006_R1.barcode_removed_val_1_GRCm38_bismark_bt2_pe.deduplicated.bismark.cov.gz,COV,23026664,https://ftp.ncbi.nlm.nih.gov/geo/samples/GSM7040nnn/GSM7040568/suppl/GSM7040568_lane6_ATCACGTT_M02-20525_3_M_Liver_iTAG_1_merged_L006_R1.barcode_removed_val_1_GRCm38_bismark_bt2_pe.deduplicated.bismark.cov.gz,https://ftp.ncbi.nlm.nih.gov/geo/series/GSE225nnn/GSE225166/suppl/filelist.txt,/home/zdq-as/mouse_methyl_work/raw_downloads/geo_supplements_v27/GSE225166/GSM7040568_lane6_ATCACGTT_M02-20525_3_M_Liver_iTAG_1_merged_L006_R1.barcode_removed_val_1_GRCm38_bismark_bt2_pe.deduplicated.bismark.cov.gz,planned,True
90,GSE225166,P0_processed_parser_pilot,mouse sparse/single-cell low-coverage age methylation; processed COV tar first,GSM7040569_lane6_GACGGATT_M00018004_15_M_Liver_iTAG_72_merged_L006_R1.barcode_removed_val_1_GRCm38_bismark_bt2_pe.deduplicated.bismark.cov.gz,COV,22068056,https://ftp.ncbi.nlm.nih.gov/geo/samples/GSM7040nnn/GSM7040569/suppl/GSM7040569_lane6_GACGGATT_M00018004_15_M_Liver_iTAG_72_merged_L006_R1.barcode_removed_val_1_GRCm38_bismark_bt2_pe.deduplicated.bismark.cov.gz,https://ftp.ncbi.nlm.nih.gov/geo/series/GSE225nnn/GSE225166/suppl/filelist.txt,/home/zdq-as/mouse_methyl_work/raw_downloads/geo_supplements_v27/GSE225166/GSM7040569_lane6_GACGGATT_M00018004_15_M_Liver_iTAG_72_merged_L006_R1.barcode_removed_val_1_GRCm38_bismark_bt2_pe.deduplicated.bismark.cov.gz,planned,True
91,GSE225166,P0_processed_parser_pilot,mouse sparse/single-cell low-coverage age methylation; processed COV tar first,GSM7040570_lane6_GCCTGTTC_M00018000_15_M_Cortex_iTAG_92_merged_L006_R1.barcode_removed_val_1_GRCm38_bismark_bt2_pe.deduplicated.bismark.cov.gz,COV,21454844,https://ftp.ncbi.nlm.nih.gov/geo/samples/GSM7040nnn/GSM7040570/suppl/GSM7040570_lane6_GCCTGTTC_M00018000_15_M_Cortex_iTAG_92_merged_L006_R1.barcode_removed_val_1_GRCm38_bismark_bt2_pe.deduplicated.bismark.cov.gz,https://ftp.ncbi.nlm.nih.gov/geo/series/GSE225nnn/GSE225166/suppl/filelist.txt,/home/zdq-as/mouse_methyl_work/raw_downloads/geo_supplements_v27/GSE225166/GSM7040570_lane6_GCCTGTTC_M00018000_15_M_Cortex_iTAG_92_merged_L006_R1.barcode_removed_val_1_GRCm38_bismark_bt2_pe.deduplicated.bismark.cov.gz,planned,True
92,GSE225166,P0_processed_parser_pilot,mouse sparse/single-cell low-coverage age methylation; processed COV tar first,GSM7040571_lane6_GCTAACTC_M00018002_15_M_Cortex_iTAG_94_merged_L006_R1.barcode_removed_val_1_GRCm38_bismark_bt2_pe.deduplicated.bismark.cov.gz,COV,22034711,https://ftp.ncbi.nlm.nih.gov/geo/samples/GSM7040nnn/GSM7040571/suppl/GSM7040571_lane6_GCTAACTC_M00018002_15_M_Cortex_iTAG_94_merged_L006_R1.barcode_removed_val_1_GRCm38_bismark_bt2_pe.deduplicated.bismark.cov.gz,https://ftp.ncbi.nlm.nih.gov/geo/series/GSE225nnn/GSE225166/suppl/filelist.txt,/home/zdq-as/mouse_methyl_work/raw_downloads/geo_supplements_v27/GSE225166/GSM7040571_lane6_GCTAACTC_M00018002_15_M_Cortex_iTAG_94_merged_L006_R1.barcode_removed_val_1_GRCm38_bismark_bt2_pe.deduplicated.bismark.cov.gz,planned,True
93,GSE225166,P0_processed_parser_pilot,mouse sparse/single-cell low-coverage age methylation; processed COV tar first,GSM7040572_lane6_GGATTAGG_M00018003_15_M_Heart_iTAG_87_merged_L006_R1.barcode_removed_val_1_GRCm38_bismark_bt2_pe.deduplicated.bismark.cov.gz,COV,22136824,https://ftp.ncbi.nlm.nih.gov/geo/samples/GSM7040nnn/GSM7040572/suppl/GSM7040572_lane6_GGATTAGG_M00018003_15_M_Heart_iTAG_87_merged_L006_R1.barcode_removed_val_1_GRCm38_bismark_bt2_pe.deduplicated.bismark.cov.gz,https://ftp.ncbi.nlm.nih.gov/geo/series/GSE225nnn/GSE225166/suppl/filelist.txt,/home/zdq-as/mouse_methyl_work/raw_downloads/geo_supplements_v27/GSE225166/GSM7040572_lane6_GGATTAGG_M00018003_15_M_Heart_iTAG_87_merged_L006_R1.barcode_removed_val_1_GRCm38_bismark_bt2_pe.deduplicated.bismark.cov.gz,planned,True
94,GSE225166,P0_processed_parser_pilot,mouse sparse/single-cell low-coverage age methylation; processed COV tar first,GSM7040573_lane6_GGCTACAG_M01-20523_3_M_Lung_iTAG_11_merged_L006_R1.barcode_removed_val_1_GRCm38_bismark_bt2_pe.deduplicated.bismark.cov.gz,COV,25407790,https://ftp.ncbi.nlm.nih.gov/geo/samples/GSM7040nnn/GSM7040573/suppl/GSM7040573_lane6_GGCTACAG_M01-20523_3_M_Lung_iTAG_11_merged_L006_R1.barcode_removed_val_1_GRCm38_bismark_bt2_pe.deduplicated.bismark.cov.gz,https://ftp.ncbi.nlm.nih.gov/geo/series/GSE225nnn/GSE225166/suppl/filelist.txt,/home/zdq-as/mouse_methyl_work/raw_downloads/geo_supplements_v27/GSE225166/GSM7040573_lane6_GGCTACAG_M01-20523_3_M_Lung_iTAG_11_merged_L006_R1.barcode_removed_val_1_GRCm38_bismark_bt2_pe.deduplicated.bismark.cov.gz,planned,True
95,GSE225166,P0_processed_parser_pilot,mouse sparse/single-cell low-coverage age methylation; processed COV tar first,GSM7040574_lane6_GTGTCCTT_M00018011_15_M_Heart_iPCRtag71_merged_L006_R1.barcode_removed_val_1_GRCm38_bismark_bt2_pe.deduplicated.bismark.cov.gz,COV,29348259,https://ftp.ncbi.nlm.nih.gov/geo/samples/GSM7040nnn/GSM7040574/suppl/GSM7040574_lane6_GTGTCCTT_M00018011_15_M_Heart_iPCRtag71_merged_L006_R1.barcode_removed_val_1_GRCm38_bismark_bt2_pe.deduplicated.bismark.cov.gz,https://ftp.ncbi.nlm.nih.gov/geo/series/GSE225nnn/GSE225166/suppl/filelist.txt,/home/zdq-as/mouse_methyl_work/raw_downloads/geo_supplements_v27/GSE225166/GSM7040574_lane6_GTGTCCTT_M00018011_15_M_Heart_iPCRtag71_merged_L006_R1.barcode_removed_val_1_GRCm38_bismark_bt2_pe.deduplicated.bismark.cov.gz,planned,True
96,GSE225166,P0_processed_parser_pilot,mouse sparse/single-cell low-coverage age methylation; processed COV tar first,GSM7040575_lane6_TAACGCTG_M00017560_24_M_Liver_iTAG_34_merged_L006_R1.barcode_removed_val_1_GRCm38_bismark_bt2_pe.deduplicated.bismark.cov.gz,COV,24502279,https://ftp.ncbi.nlm.nih.gov/geo/samples/GSM7040nnn/GSM7040575/suppl/GSM7040575_lane6_TAACGCTG_M00017560_24_M_Liver_iTAG_34_merged_L006_R1.barcode_removed_val_1_GRCm38_bismark_bt2_pe.deduplicated.bismark.cov.gz,https://ftp.ncbi.nlm.nih.gov/geo/series/GSE225nnn/GSE225166/suppl/filelist.txt,/home/zdq-as/mouse_methyl_work/raw_downloads/geo_supplements_v27/GSE225166/GSM7040575_lane6_TAACGCTG_M00017560_24_M_Liver_iTAG_34_merged_L006_R1.barcode_removed_val_1_GRCm38_bismark_bt2_pe.deduplicated.bismark.cov.gz,planned,True
97,GSE225166,P0_processed_parser_pilot,mouse sparse/single-cell low-coverage age methylation; processed COV tar first,GSM7040576_lane6_TACTAGTC_M00017589_24_M_Heart_iPCRtag47_merged_L006_R1.barcode_removed_val_1_GRCm38_bismark_bt2_pe.deduplicated.bismark.cov.gz,COV,25491870,https://ftp.ncbi.nlm.nih.gov/geo/samples/GSM7040nnn/GSM7040576/suppl/GSM7040576_lane6_TACTAGTC_M00017589_24_M_Heart_iPCRtag47_merged_L006_R1.barcode_removed_val_1_GRCm38_bismark_bt2_pe.deduplicated.bismark.cov.gz,https://ftp.ncbi.nlm.nih.gov/geo/series/GSE225nnn/GSE225166/suppl/filelist.txt,/home/zdq-as/mouse_methyl_work/raw_downloads/geo_supplements_v27/GSE225166/GSM7040576_lane6_TACTAGTC_M00017589_24_M_Heart_iPCRtag47_merged_L006_R1.barcode_removed_val_1_GRCm38_bismark_bt2_pe.deduplicated.bismark.cov.gz,planned,True
98,GSE225166,P0_processed_parser_pilot,mouse sparse/single-cell low-coverage age methylation; processed COV tar first,GSM7040577_lane6_TCAGATTC_M00017589_24_M_Lung_iPCRtag46_merged_L006_R1.barcode_removed_val_1_GRCm38_bismark_bt2_pe.deduplicated.bismark.cov.gz,COV,24552037,https://ftp.ncbi.nlm.nih.gov/geo/samples/GSM7040nnn/GSM7040577/suppl/GSM7040577_lane6_TCAGATTC_M00017589_24_M_Lung_iPCRtag46_merged_L006_R1.barcode_removed_val_1_GRCm38_bismark_bt2_pe.deduplicated.bismark.cov.gz,https://ftp.ncbi.nlm.nih.gov/geo/series/GSE225nnn/GSE225166/suppl/filelist.txt,/home/zdq-as/mouse_methyl_work/raw_downloads/geo_supplements_v27/GSE225166/GSM7040577_lane6_TCAGATTC_M00017589_24_M_Lung_iPCRtag46_merged_L006_R1.barcode_removed_val_1_GRCm38_bismark_bt2_pe.deduplicated.bismark.cov.gz,planned,True
99,GSE225166,P0_processed_parser_pilot,mouse sparse/single-cell low-coverage age methylation; processed COV tar first,GSM7040578_lane6_TCAGGAGG_M00017579_24_M_Heart_iPCRtag39_merged_L006_R1.barcode_removed_val_1_GRCm38_bismark_bt2_pe.deduplicated.bismark.cov.gz,COV,23513574,https://ftp.ncbi.nlm.nih.gov/geo/samples/GSM7040nnn/GSM7040578/suppl/GSM7040578_lane6_TCAGGAGG_M00017579_24_M_Heart_iPCRtag39_merged_L006_R1.barcode_removed_val_1_GRCm38_bismark_bt2_pe.deduplicated.bismark.cov.gz,https://ftp.ncbi.nlm.nih.gov/geo/series/GSE225nnn/GSE225166/suppl/filelist.txt,/home/zdq-as/mouse_methyl_work/raw_downloads/geo_supplements_v27/GSE225166/GSM7040578_lane6_TCAGGAGG_M00017579_24_M_Heart_iPCRtag39_merged_L006_R1.barcode_removed_val_1_GRCm38_bismark_bt2_pe.deduplicated.bismark.cov.gz,planned,True
100,GSE225166,P0_processed_parser_pilot,mouse sparse/single-cell low-coverage age methylation; processed COV tar first,GSM7040579_lane6_TCATCCTA_M00017562_24_M_Cortex_iTAG_60_merged_L006_R1.barcode_removed_val_1_GRCm38_bismark_bt2_pe.deduplicated.bismark.cov.gz,COV,17938373,https://ftp.ncbi.nlm.nih.gov/geo/samples/GSM7040nnn/GSM7040579/suppl/GSM7040579_lane6_TCATCCTA_M00017562_24_M_Cortex_iTAG_60_merged_L006_R1.barcode_removed_val_1_GRCm38_bismark_bt2_pe.deduplicated.bismark.cov.gz,https://ftp.ncbi.nlm.nih.gov/geo/series/GSE225nnn/GSE225166/suppl/filelist.txt,/home/zdq-as/mouse_methyl_work/raw_downloads/geo_supplements_v27/GSE225166/GSM7040579_lane6_TCATCCTA_M00017562_24_M_Cortex_iTAG_60_merged_L006_R1.barcode_removed_val_1_GRCm38_bismark_bt2_pe.deduplicated.bismark.cov.gz,planned,True
101,GSE225166,P0_processed_parser_pilot,mouse sparse/single-cell low-coverage age methylation; processed COV tar first,GSM7040580_lane6_TCTCTTCA_M00017578_24_M_Cortex_iTAG_64_merged_L006_R1.barcode_removed_val_1_GRCm38_bismark_bt2_pe.deduplicated.bismark.cov.gz,COV,22639635,https://ftp.ncbi.nlm.nih.gov/geo/samples/GSM7040nnn/GSM7040580/suppl/GSM7040580_lane6_TCTCTTCA_M00017578_24_M_Cortex_iTAG_64_merged_L006_R1.barcode_removed_val_1_GRCm38_bismark_bt2_pe.deduplicated.bismark.cov.gz,https://ftp.ncbi.nlm.nih.gov/geo/series/GSE225nnn/GSE225166/suppl/filelist.txt,/home/zdq-as/mouse_methyl_work/raw_downloads/geo_supplements_v27/GSE225166/GSM7040580_lane6_TCTCTTCA_M00017578_24_M_Cortex_iTAG_64_merged_L006_R1.barcode_removed_val_1_GRCm38_bismark_bt2_pe.deduplicated.bismark.cov.gz,planned,True
102,GSE225166,P0_processed_parser_pilot,mouse sparse/single-cell low-coverage age methylation; processed COV tar first,GSM7040581_lane6_TGAAGCCA_M00017913_15_M_Liver_iTAG_66_merged_L006_R1.barcode_removed_val_1_GRCm38_bismark_bt2_pe.deduplicated.bismark.cov.gz,COV,23519232,https://ftp.ncbi.nlm.nih.gov/geo/samples/GSM7040nnn/GSM7040581/suppl/GSM7040581_lane6_TGAAGCCA_M00017913_15_M_Liver_iTAG_66_merged_L006_R1.barcode_removed_val_1_GRCm38_bismark_bt2_pe.deduplicated.bismark.cov.gz,https://ftp.ncbi.nlm.nih.gov/geo/series/GSE225nnn/GSE225166/suppl/filelist.txt,/home/zdq-as/mouse_methyl_work/raw_downloads/geo_supplements_v27/GSE225166/GSM7040581_lane6_TGAAGCCA_M00017913_15_M_Liver_iTAG_66_merged_L006_R1.barcode_removed_val_1_GRCm38_bismark_bt2_pe.deduplicated.bismark.cov.gz,planned,True
103,GSE225166,P0_processed_parser_pilot,mouse sparse/single-cell low-coverage age methylation; processed COV tar first,GSM7040582_lane6_TGGTTGTT_M01-20526_3_M_Lung_iTAG_13_merged_L006_R1.barcode_removed_val_1_GRCm38_bismark_bt2_pe.deduplicated.bismark.cov.gz,COV,41544264,https://ftp.ncbi.nlm.nih.gov/geo/samples/GSM7040nnn/GSM7040582/suppl/GSM7040582_lane6_TGGTTGTT_M01-20526_3_M_Lung_iTAG_13_merged_L006_R1.barcode_removed_val_1_GRCm38_bismark_bt2_pe.deduplicated.bismark.cov.gz,https://ftp.ncbi.nlm.nih.gov/geo/series/GSE225nnn/GSE225166/suppl/filelist.txt,/home/zdq-as/mouse_methyl_work/raw_downloads/geo_supplements_v27/GSE225166/GSM7040582_lane6_TGGTTGTT_M01-20526_3_M_Lung_iTAG_13_merged_L006_R1.barcode_removed_val_1_GRCm38_bismark_bt2_pe.deduplicated.bismark.cov.gz,planned,True
104,GSE225166,P0_processed_parser_pilot,mouse sparse/single-cell low-coverage age methylation; processed COV tar first,GSM7040583_lane7_GACGGATT_M00018011_15_M_Cortex_iPCRtag72_merged_L007_R1.barcode_removed_val_1_GRCm38_bismark_bt2_pe.deduplicated.bismark.cov.gz,COV,31778350,https://ftp.ncbi.nlm.nih.gov/geo/samples/GSM7040nnn/GSM7040583/suppl/GSM7040583_lane7_GACGGATT_M00018011_15_M_Cortex_iPCRtag72_merged_L007_R1.barcode_removed_val_1_GRCm38_bismark_bt2_pe.deduplicated.bismark.cov.gz,https://ftp.ncbi.nlm.nih.gov/geo/series/GSE225nnn/GSE225166/suppl/filelist.txt,/home/zdq-as/mouse_methyl_work/raw_downloads/geo_supplements_v27/GSE225166/GSM7040583_lane7_GACGGATT_M00018011_15_M_Cortex_iPCRtag72_merged_L007_R1.barcode_removed_val_1_GRCm38_bismark_bt2_pe.deduplicated.bismark.cov.gz,planned,True
105,GSE225166,P0_processed_parser_pilot,mouse sparse/single-cell low-coverage age methylation; processed COV tar first,GSM7040584_lane7_GAGGATGG_M00018001_15_M_Heart_iTAG_85_merged_L007_R1.barcode_removed_val_1_GRCm38_bismark_bt2_pe.deduplicated.bismark.cov.gz,COV,21783816,https://ftp.ncbi.nlm.nih.gov/geo/samples/GSM7040nnn/GSM7040584/suppl/GSM7040584_lane7_GAGGATGG_M00018001_15_M_Heart_iTAG_85_merged_L007_R1.barcode_removed_val_1_GRCm38_bismark_bt2_pe.deduplicated.bismark.cov.gz,https://ftp.ncbi.nlm.nih.gov/geo/series/GSE225nnn/GSE225166/suppl/filelist.txt,/home/zdq-as/mouse_methyl_work/raw_downloads/geo_supplements_v27/GSE225166/GSM7040584_lane7_GAGGATGG_M00018001_15_M_Heart_iTAG_85_merged_L007_R1.barcode_removed_val_1_GRCm38_bismark_bt2_pe.deduplicated.bismark.cov.gz,planned,True
106,GSE225166,P0_processed_parser_pilot,mouse sparse/single-cell low-coverage age methylation; processed COV tar first,GSM7040585_lane7_GATCAGCG_M02-20525_3_M_Lung_iTAG_9_merged_L007_R1.barcode_removed_val_1_GRCm38_bismark_bt2_pe.deduplicated.bismark.cov.gz,COV,25825605,https://ftp.ncbi.nlm.nih.gov/geo/samples/GSM7040nnn/GSM7040585/suppl/GSM7040585_lane7_GATCAGCG_M02-20525_3_M_Lung_iTAG_9_merged_L007_R1.barcode_removed_val_1_GRCm38_bismark_bt2_pe.deduplicated.bismark.cov.gz,https://ftp.ncbi.nlm.nih.gov/geo/series/GSE225nnn/GSE225166/suppl/filelist.txt,/home/zdq-as/mouse_methyl_work/raw_downloads/geo_supplements_v27/GSE225166/GSM7040585_lane7_GATCAGCG_M02-20525_3_M_Lung_iTAG_9_merged_L007_R1.barcode_removed_val_1_GRCm38_bismark_bt2_pe.deduplicated.bismark.cov.gz,planned,True
107,GSE225166,P0_processed_parser_pilot,mouse sparse/single-cell low-coverage age methylation; processed COV tar first,GSM7040586_lane7_GATTCATC_M00018003_15_M_Cortex_iTAG_95_merged_L007_R1.barcode_removed_val_1_GRCm38_bismark_bt2_pe.deduplicated.bismark.cov.gz,COV,23635888,https://ftp.ncbi.nlm.nih.gov/geo/samples/GSM7040nnn/GSM7040586/suppl/GSM7040586_lane7_GATTCATC_M00018003_15_M_Cortex_iTAG_95_merged_L007_R1.barcode_removed_val_1_GRCm38_bismark_bt2_pe.deduplicated.bismark.cov.gz,https://ftp.ncbi.nlm.nih.gov/geo/series/GSE225nnn/GSE225166/suppl/filelist.txt,/home/zdq-as/mouse_methyl_work/raw_downloads/geo_supplements_v27/GSE225166/GSM7040586_lane7_GATTCATC_M00018003_15_M_Cortex_iTAG_95_merged_L007_R1.barcode_removed_val_1_GRCm38_bismark_bt2_pe.deduplicated.bismark.cov.gz,planned,True
108,GSE225166,P0_processed_parser_pilot,mouse sparse/single-cell low-coverage age methylation; processed COV tar first,GSM7040587_lane7_GCAACATT_M00017912_15_M_Lung_iTAG_73_merged_L007_R1.barcode_removed_val_1_GRCm38_bismark_bt2_pe.deduplicated.bismark.cov.gz,COV,24229853,https://ftp.ncbi.nlm.nih.gov/geo/samples/GSM7040nnn/GSM7040587/suppl/GSM7040587_lane7_GCAACATT_M00017912_15_M_Lung_iTAG_73_merged_L007_R1.barcode_removed_val_1_GRCm38_bismark_bt2_pe.deduplicated.bismark.cov.gz,https://ftp.ncbi.nlm.nih.gov/geo/series/GSE225nnn/GSE225166/suppl/filelist.txt,/home/zdq-as/mouse_methyl_work/raw_downloads/geo_supplements_v27/GSE225166/GSM7040587_lane7_GCAACATT_M00017912_15_M_Lung_iTAG_73_merged_L007_R1.barcode_removed_val_1_GRCm38_bismark_bt2_pe.deduplicated.bismark.cov.gz,planned,True
109,GSE225166,P0_processed_parser_pilot,mouse sparse/single-cell low-coverage age methylation; processed COV tar first,GSM7040588_lane7_GCATGGCT_M00018002_15_M_Lung_iTAG_78_merged_L007_R1.barcode_removed_val_1_GRCm38_bismark_bt2_pe.deduplicated.bismark.cov.gz,COV,24507936,https://ftp.ncbi.nlm.nih.gov/geo/samples/GSM7040nnn/GSM7040588/suppl/GSM7040588_lane7_GCATGGCT_M00018002_15_M_Lung_iTAG_78_merged_L007_R1.barcode_removed_val_1_GRCm38_bismark_bt2_pe.deduplicated.bismark.cov.gz,https://ftp.ncbi.nlm.nih.gov/geo/series/GSE225nnn/GSE225166/suppl/filelist.txt,/home/zdq-as/mouse_methyl_work/raw_downloads/geo_supplements_v27/GSE225166/GSM7040588_lane7_GCATGGCT_M00018002_15_M_Lung_iTAG_78_merged_L007_R1.barcode_removed_val_1_GRCm38_bismark_bt2_pe.deduplicated.bismark.cov.gz,planned,True
110,GSE225166,P0_processed_parser_pilot,mouse sparse/single-cell low-coverage age methylation; processed COV tar first,GSM7040589_lane7_TAAGTTCG_M00017578_24_M_Liver_iTAG_40_merged_L007_R1.barcode_removed_val_1_GRCm38_bismark_bt2_pe.deduplicated.bismark.cov.gz,COV,23556876,https://ftp.ncbi.nlm.nih.gov/geo/samples/GSM7040nnn/GSM7040589/suppl/GSM7040589_lane7_TAAGTTCG_M00017578_24_M_Liver_iTAG_40_merged_L007_R1.barcode_removed_val_1_GRCm38_bismark_bt2_pe.deduplicated.bismark.cov.gz,https://ftp.ncbi.nlm.nih.gov/geo/series/GSE225nnn/GSE225166/suppl/filelist.txt,/home/zdq-as/mouse_methyl_work/raw_downloads/geo_supplements_v27/GSE225166/GSM7040589_lane7_TAAGTTCG_M00017578_24_M_Liver_iTAG_40_merged_L007_R1.barcode_removed_val_1_GRCm38_bismark_bt2_pe.deduplicated.bismark.cov.gz,planned,True
111,GSE225166,P0_processed_parser_pilot,mouse sparse/single-cell low-coverage age methylation; processed COV tar first,GSM7040590_lane7_TAAGTTCG_M00017579_24_M_Cortex_iPCRtag40_merged_L007_R1.barcode_removed_val_1_GRCm38_bismark_bt2_pe.deduplicated.bismark.cov.gz,COV,23640119,https://ftp.ncbi.nlm.nih.gov/geo/samples/GSM7040nnn/GSM7040590/suppl/GSM7040590_lane7_TAAGTTCG_M00017579_24_M_Cortex_iPCRtag40_merged_L007_R1.barcode_removed_val_1_GRCm38_bismark_bt2_pe.deduplicated.bismark.cov.gz,https://ftp.ncbi.nlm.nih.gov/geo/series/GSE225nnn/GSE225166/suppl/filelist.txt,/home/zdq-as/mouse_methyl_work/raw_downloads/geo_supplements_v27/GSE225166/GSM7040590_lane7_TAAGTTCG_M00017579_24_M_Cortex_iPCRtag40_merged_L007_R1.barcode_removed_val_1_GRCm38_bismark_bt2_pe.deduplicated.bismark.cov.gz,planned,True
112,GSE225166,P0_processed_parser_pilot,mouse sparse/single-cell low-coverage age methylation; processed COV tar first,GSM7040591_lane7_TCGAGCGT_M01-20526_3_M_Heart_iTAG_21_merged_L007_R1.barcode_removed_val_1_GRCm38_bismark_bt2_pe.deduplicated.bismark.cov.gz,COV,23362449,https://ftp.ncbi.nlm.nih.gov/geo/samples/GSM7040nnn/GSM7040591/suppl/GSM7040591_lane7_TCGAGCGT_M01-20526_3_M_Heart_iTAG_21_merged_L007_R1.barcode_removed_val_1_GRCm38_bismark_bt2_pe.deduplicated.bismark.cov.gz,https://ftp.ncbi.nlm.nih.gov/geo/series/GSE225nnn/GSE225166/suppl/filelist.txt,/home/zdq-as/mouse_methyl_work/raw_downloads/geo_supplements_v27/GSE225166/GSM7040591_lane7_TCGAGCGT_M01-20526_3_M_Heart_iTAG_21_merged_L007_R1.barcode_removed_val_1_GRCm38_bismark_bt2_pe.deduplicated.bismark.cov.gz,planned,True
113,GSE225166,P0_processed_parser_pilot,mouse sparse/single-cell low-coverage age methylation; processed COV tar first,GSM7040592_lane7_TCTACGAC_M00017549_24_M_Cortex_iTAG_57_merged_L007_R1.barcode_removed_val_1_GRCm38_bismark_bt2_pe.deduplicated.bismark.cov.gz,COV,25398218,https://ftp.ncbi.nlm.nih.gov/geo/samples/GSM7040nnn/GSM7040592/suppl/GSM7040592_lane7_TCTACGAC_M00017549_24_M_Cortex_iTAG_57_merged_L007_R1.barcode_removed_val_1_GRCm38_bismark_bt2_pe.deduplicated.bismark.cov.gz,https://ftp.ncbi.nlm.nih.gov/geo/series/GSE225nnn/GSE225166/suppl/filelist.txt,/home/zdq-as/mouse_methyl_work/raw_downloads/geo_supplements_v27/GSE225166/GSM7040592_lane7_TCTACGAC_M00017549_24_M_Cortex_iTAG_57_merged_L007_R1.barcode_removed_val_1_GRCm38_bismark_bt2_pe.deduplicated.bismark.cov.gz,planned,True
114,GSE225166,P0_processed_parser_pilot,mouse sparse/single-cell low-coverage age methylation; processed COV tar first,GSM7040593_lane7_TGCGATCT_M02-20525_3_M_Cortex_iTAG_25_merged_L007_R1.barcode_removed_val_1_GRCm38_bismark_bt2_pe.deduplicated.bismark.cov.gz,COV,25725248,https://ftp.ncbi.nlm.nih.gov/geo/samples/GSM7040nnn/GSM7040593/suppl/GSM7040593_lane7_TGCGATCT_M02-20525_3_M_Cortex_iTAG_25_merged_L007_R1.barcode_removed_val_1_GRCm38_bismark_bt2_pe.deduplicated.bismark.cov.gz,https://ftp.ncbi.nlm.nih.gov/geo/series/GSE225nnn/GSE225166/suppl/filelist.txt,/home/zdq-as/mouse_methyl_work/raw_downloads/geo_supplements_v27/GSE225166/GSM7040593_lane7_TGCGATCT_M02-20525_3_M_Cortex_iTAG_25_merged_L007_R1.barcode_removed_val_1_GRCm38_bismark_bt2_pe.deduplicated.bismark.cov.gz,planned,True
115,GSE225166,P0_processed_parser_pilot,mouse sparse/single-cell low-coverage age methylation; processed COV tar first,GSM7040594_lane7_TTCAGCTC_M00017578_24_M_Lung_iTAG_48_merged_L007_R1.barcode_removed_val_1_GRCm38_bismark_bt2_pe.deduplicated.bismark.cov.gz,COV,23475289,https://ftp.ncbi.nlm.nih.gov/geo/samples/GSM7040nnn/GSM7040594/suppl/GSM7040594_lane7_TTCAGCTC_M00017578_24_M_Lung_iTAG_48_merged_L007_R1.barcode_removed_val_1_GRCm38_bismark_bt2_pe.deduplicated.bismark.cov.gz,https://ftp.ncbi.nlm.nih.gov/geo/series/GSE225nnn/GSE225166/suppl/filelist.txt,/home/zdq-as/mouse_methyl_work/raw_downloads/geo_supplements_v27/GSE225166/GSM7040594_lane7_TTCAGCTC_M00017578_24_M_Lung_iTAG_48_merged_L007_R1.barcode_removed_val_1_GRCm38_bismark_bt2_pe.deduplicated.bismark.cov.gz,planned,True
116,GSE225166,P0_processed_parser_pilot,mouse sparse/single-cell low-coverage age methylation; processed COV tar first,GSM7040595_lane7_TTCAGCTC_M00017589_24_M_Cortex_iPCRtag48_merged_L007_R1.barcode_removed_val_1_GRCm38_bismark_bt2_pe.deduplicated.bismark.cov.gz,COV,25869393,https://ftp.ncbi.nlm.nih.gov/geo/samples/GSM7040nnn/GSM7040595/suppl/GSM7040595_lane7_TTCAGCTC_M00017589_24_M_Cortex_iPCRtag48_merged_L007_R1.barcode_removed_val_1_GRCm38_bismark_bt2_pe.deduplicated.bismark.cov.gz,https://ftp.ncbi.nlm.nih.gov/geo/series/GSE225nnn/GSE225166/suppl/filelist.txt,/home/zdq-as/mouse_methyl_work/raw_downloads/geo_supplements_v27/GSE225166/GSM7040595_lane7_TTCAGCTC_M00017589_24_M_Cortex_iPCRtag48_merged_L007_R1.barcode_removed_val_1_GRCm38_bismark_bt2_pe.deduplicated.bismark.cov.gz,planned,True
117,GSE225166,P0_processed_parser_pilot,mouse sparse/single-cell low-coverage age methylation; processed COV tar first,GSM7040596_lane7_TTGCGTAC_M00017578_24_M_Heart_iTAG_56_merged_L007_R1.barcode_removed_val_1_GRCm38_bismark_bt2_pe.deduplicated.bismark.cov.gz,COV,23563393,https://ftp.ncbi.nlm.nih.gov/geo/samples/GSM7040nnn/GSM7040596/suppl/GSM7040596_lane7_TTGCGTAC_M00017578_24_M_Heart_iTAG_56_merged_L007_R1.barcode_removed_val_1_GRCm38_bismark_bt2_pe.deduplicated.bismark.cov.gz,https://ftp.ncbi.nlm.nih.gov/geo/series/GSE225nnn/GSE225166/suppl/filelist.txt,/home/zdq-as/mouse_methyl_work/raw_downloads/geo_supplements_v27/GSE225166/GSM7040596_lane7_TTGCGTAC_M00017578_24_M_Heart_iTAG_56_merged_L007_R1.barcode_removed_val_1_GRCm38_bismark_bt2_pe.deduplicated.bismark.cov.gz,planned,True
118,GSE225166,P0_processed_parser_pilot,mouse sparse/single-cell low-coverage age methylation; processed COV tar first,GSM7040597_lane7_TTGGTATG_M00017561_24_M_Liver_iTAG_35_merged_L007_R1.barcode_removed_val_1_GRCm38_bismark_bt2_pe.deduplicated.bismark.cov.gz,COV,22334314,https://ftp.ncbi.nlm.nih.gov/geo/samples/GSM7040nnn/GSM7040597/suppl/GSM7040597_lane7_TTGGTATG_M00017561_24_M_Liver_iTAG_35_merged_L007_R1.barcode_removed_val_1_GRCm38_bismark_bt2_pe.deduplicated.bismark.cov.gz,https://ftp.ncbi.nlm.nih.gov/geo/series/GSE225nnn/GSE225166/suppl/filelist.txt,/home/zdq-as/mouse_methyl_work/raw_downloads/geo_supplements_v27/GSE225166/GSM7040597_lane7_TTGGTATG_M00017561_24_M_Liver_iTAG_35_merged_L007_R1.barcode_removed_val_1_GRCm38_bismark_bt2_pe.deduplicated.bismark.cov.gz,planned,True
119,GSE225166,P0_processed_parser_pilot,mouse sparse/single-cell low-coverage age methylation; processed COV tar first,GSM7040598_lane8_GAGGTGCT_M00018001_15_M_Lung_iTAG_77_merged_L008_R1.barcode_removed_val_1_GRCm38_bismark_bt2_pe.deduplicated.bismark.cov.gz,COV,21867626,https://ftp.ncbi.nlm.nih.gov/geo/samples/GSM7040nnn/GSM7040598/suppl/GSM7040598_lane8_GAGGTGCT_M00018001_15_M_Lung_iTAG_77_merged_L008_R1.barcode_removed_val_1_GRCm38_bismark_bt2_pe.deduplicated.bismark.cov.gz,https://ftp.ncbi.nlm.nih.gov/geo/series/GSE225nnn/GSE225166/suppl/filelist.txt,/home/zdq-as/mouse_methyl_work/raw_downloads/geo_supplements_v27/GSE225166/GSM7040598_lane8_GAGGTGCT_M00018001_15_M_Lung_iTAG_77_merged_L008_R1.barcode_removed_val_1_GRCm38_bismark_bt2_pe.deduplicated.bismark.cov.gz,planned,True
120,GSE225166,P0_processed_parser_pilot,mouse sparse/single-cell low-coverage age methylation; processed COV tar first,GSM7040599_lane8_GATCTCTT_M00018002_15_M_Liver_iTAG_70_merged_L008_R1.barcode_removed_val_1_GRCm38_bismark_bt2_pe.deduplicated.bismark.cov.gz,COV,20935050,https://ftp.ncbi.nlm.nih.gov/geo/samples/GSM7040nnn/GSM7040599/suppl/GSM7040599_lane8_GATCTCTT_M00018002_15_M_Liver_iTAG_70_merged_L008_R1.barcode_removed_val_1_GRCm38_bismark_bt2_pe.deduplicated.bismark.cov.gz,https://ftp.ncbi.nlm.nih.gov/geo/series/GSE225nnn/GSE225166/suppl/filelist.txt,/home/zdq-as/mouse_methyl_work/raw_downloads/geo_supplements_v27/GSE225166/GSM7040599_lane8_GATCTCTT_M00018002_15_M_Liver_iTAG_70_merged_L008_R1.barcode_removed_val_1_GRCm38_bismark_bt2_pe.deduplicated.bismark.cov.gz,planned,True
121,GSE225166,P0_processed_parser_pilot,mouse sparse/single-cell low-coverage age methylation; processed COV tar first,GSM7040600_lane8_GATCTCTT_M00018011_15_M_Lung_iPCRtag70_merged_L008_R1.barcode_removed_val_1_GRCm38_bismark_bt2_pe.deduplicated.bismark.cov.gz,COV,29263358,https://ftp.ncbi.nlm.nih.gov/geo/samples/GSM7040nnn/GSM7040600/suppl/GSM7040600_lane8_GATCTCTT_M00018011_15_M_Lung_iPCRtag70_merged_L008_R1.barcode_removed_val_1_GRCm38_bismark_bt2_pe.deduplicated.bismark.cov.gz,https://ftp.ncbi.nlm.nih.gov/geo/series/GSE225nnn/GSE225166/suppl/filelist.txt,/home/zdq-as/mouse_methyl_work/raw_downloads/geo_supplements_v27/GSE225166/GSM7040600_lane8_GATCTCTT_M00018011_15_M_Lung_iPCRtag70_merged_L008_R1.barcode_removed_val_1_GRCm38_bismark_bt2_pe.deduplicated.bismark.cov.gz,planned,True
122,GSE225166,P0_processed_parser_pilot,mouse sparse/single-cell low-coverage age methylation; processed COV tar first,GSM7040601_lane8_GCACTGTC_M00018001_15_M_Cortex_iTAG_93_merged_L008_R1.barcode_removed_val_1_GRCm38_bismark_bt2_pe.deduplicated.bismark.cov.gz,COV,21461867,https://ftp.ncbi.nlm.nih.gov/geo/samples/GSM7040nnn/GSM7040601/suppl/GSM7040601_lane8_GCACTGTC_M00018001_15_M_Cortex_iTAG_93_merged_L008_R1.barcode_removed_val_1_GRCm38_bismark_bt2_pe.deduplicated.bismark.cov.gz,https://ftp.ncbi.nlm.nih.gov/geo/series/GSE225nnn/GSE225166/suppl/filelist.txt,/home/zdq-as/mouse_methyl_work/raw_downloads/geo_supplements_v27/GSE225166/GSM7040601_lane8_GCACTGTC_M00018001_15_M_Cortex_iTAG_93_merged_L008_R1.barcode_removed_val_1_GRCm38_bismark_bt2_pe.deduplicated.bismark.cov.gz,planned,True
123,GSE225166,P0_processed_parser_pilot,mouse sparse/single-cell low-coverage age methylation; processed COV tar first,GSM7040602_lane8_GCTCCTTG_M00017897_15_M_Heart_iTAG_83_merged_L008_R1.barcode_removed_val_1_GRCm38_bismark_bt2_pe.deduplicated.bismark.cov.gz,COV,22555712,https://ftp.ncbi.nlm.nih.gov/geo/samples/GSM7040nnn/GSM7040602/suppl/GSM7040602_lane8_GCTCCTTG_M00017897_15_M_Heart_iTAG_83_merged_L008_R1.barcode_removed_val_1_GRCm38_bismark_bt2_pe.deduplicated.bismark.cov.gz,https://ftp.ncbi.nlm.nih.gov/geo/series/GSE225nnn/GSE225166/suppl/filelist.txt,/home/zdq-as/mouse_methyl_work/raw_downloads/geo_supplements_v27/GSE225166/GSM7040602_lane8_GCTCCTTG_M00017897_15_M_Heart_iTAG_83_merged_L008_R1.barcode_removed_val_1_GRCm38_bismark_bt2_pe.deduplicated.bismark.cov.gz,planned,True
124,GSE225166,P0_processed_parser_pilot,mouse sparse/single-cell low-coverage age methylation; processed COV tar first,GSM7040603_lane8_TAAGCGTT_M02-NB_New_Born_Heart_iPCRtag15_merged_L008_R1.barcode_removed_val_1_GRCm38_bismark_bt2_pe.deduplicated.bismark.cov.gz,COV,28655575,https://ftp.ncbi.nlm.nih.gov/geo/samples/GSM7040nnn/GSM7040603/suppl/GSM7040603_lane8_TAAGCGTT_M02-NB_New_Born_Heart_iPCRtag15_merged_L008_R1.barcode_removed_val_1_GRCm38_bismark_bt2_pe.deduplicated.bismark.cov.gz,https://ftp.ncbi.nlm.nih.gov/geo/series/GSE225nnn/GSE225166/suppl/filelist.txt,/home/zdq-as/mouse_methyl_work/raw_downloads/geo_supplements_v27/GSE225166/GSM7040603_lane8_TAAGCGTT_M02-NB_New_Born_Heart_iPCRtag15_merged_L008_R1.barcode_removed_val_1_GRCm38_bismark_bt2_pe.deduplicated.bismark.cov.gz,planned,True
125,GSE225166,P0_processed_parser_pilot,mouse sparse/single-cell low-coverage age methylation; processed COV tar first,GSM7040604_lane8_TAGACGGA_M00017576_24_M_Cortex_iTAG_62_merged_L008_R1.barcode_removed_val_1_GRCm38_bismark_bt2_pe.deduplicated.bismark.cov.gz,COV,20644839,https://ftp.ncbi.nlm.nih.gov/geo/samples/GSM7040nnn/GSM7040604/suppl/GSM7040604_lane8_TAGACGGA_M00017576_24_M_Cortex_iTAG_62_merged_L008_R1.barcode_removed_val_1_GRCm38_bismark_bt2_pe.deduplicated.bismark.cov.gz,https://ftp.ncbi.nlm.nih.gov/geo/series/GSE225nnn/GSE225166/suppl/filelist.txt,/home/zdq-as/mouse_methyl_work/raw_downloads/geo_supplements_v27/GSE225166/GSM7040604_lane8_TAGACGGA_M00017576_24_M_Cortex_iTAG_62_merged_L008_R1.barcode_removed_val_1_GRCm38_bismark_bt2_pe.deduplicated.bismark.cov.gz,planned,True
126,GSE225166,P0_processed_parser_pilot,mouse sparse/single-cell low-coverage age methylation; processed COV tar first,GSM7040605_lane8_TCCAGTCG_M00017549_24_M_Lung_iTAG_41_merged_L008_R1.barcode_removed_val_1_GRCm38_bismark_bt2_pe.deduplicated.bismark.cov.gz,COV,21897328,https://ftp.ncbi.nlm.nih.gov/geo/samples/GSM7040nnn/GSM7040605/suppl/GSM7040605_lane8_TCCAGTCG_M00017549_24_M_Lung_iTAG_41_merged_L008_R1.barcode_removed_val_1_GRCm38_bismark_bt2_pe.deduplicated.bismark.cov.gz,https://ftp.ncbi.nlm.nih.gov/geo/series/GSE225nnn/GSE225166/suppl/filelist.txt,/home/zdq-as/mouse_methyl_work/raw_downloads/geo_supplements_v27/GSE225166/GSM7040605_lane8_TCCAGTCG_M00017549_24_M_Lung_iTAG_41_merged_L008_R1.barcode_removed_val_1_GRCm38_bismark_bt2_pe.deduplicated.bismark.cov.gz,planned,True
127,GSE225166,P0_processed_parser_pilot,mouse sparse/single-cell low-coverage age methylation; processed COV tar first,GSM7040606_lane8_TCGAAGTG_M00017549_24_M_Liver_iTAG_33_merged_L008_R1.barcode_removed_val_1_GRCm38_bismark_bt2_pe.deduplicated.bismark.cov.gz,COV,21553328,https://ftp.ncbi.nlm.nih.gov/geo/samples/GSM7040nnn/GSM7040606/suppl/GSM7040606_lane8_TCGAAGTG_M00017549_24_M_Liver_iTAG_33_merged_L008_R1.barcode_removed_val_1_GRCm38_bismark_bt2_pe.deduplicated.bismark.cov.gz,https://ftp.ncbi.nlm.nih.gov/geo/series/GSE225nnn/GSE225166/suppl/filelist.txt,/home/zdq-as/mouse_methyl_work/raw_downloads/geo_supplements_v27/GSE225166/GSM7040606_lane8_TCGAAGTG_M00017549_24_M_Liver_iTAG_33_merged_L008_R1.barcode_removed_val_1_GRCm38_bismark_bt2_pe.deduplicated.bismark.cov.gz,planned,True
128,GSE225166,P0_processed_parser_pilot,mouse sparse/single-cell low-coverage age methylation; processed COV tar first,GSM7040607_lane8_TCTGCTGT_M01-20523_3_M_Heart_iTAG_19_merged_L008_R1.barcode_removed_val_1_GRCm38_bismark_bt2_pe.deduplicated.bismark.cov.gz,COV,16590188,https://ftp.ncbi.nlm.nih.gov/geo/samples/GSM7040nnn/GSM7040607/suppl/GSM7040607_lane8_TCTGCTGT_M01-20523_3_M_Heart_iTAG_19_merged_L008_R1.barcode_removed_val_1_GRCm38_bismark_bt2_pe.deduplicated.bismark.cov.gz,https://ftp.ncbi.nlm.nih.gov/geo/series/GSE225nnn/GSE225166/suppl/filelist.txt,/home/zdq-as/mouse_methyl_work/raw_downloads/geo_supplements_v27/GSE225166/GSM7040607_lane8_TCTGCTGT_M01-20523_3_M_Heart_iTAG_19_merged_L008_R1.barcode_removed_val_1_GRCm38_bismark_bt2_pe.deduplicated.bismark.cov.gz,planned,True
129,GSE225166,P0_processed_parser_pilot,mouse sparse/single-cell low-coverage age methylation; processed COV tar first,GSM7040608_lane8_TGAACTGG_M00017562_24_M_Liver_iTAG_36_merged_L008_R1.barcode_removed_val_1_GRCm38_bismark_bt2_pe.deduplicated.bismark.cov.gz,COV,21647760,https://ftp.ncbi.nlm.nih.gov/geo/samples/GSM7040nnn/GSM7040608/suppl/GSM7040608_lane8_TGAACTGG_M00017562_24_M_Liver_iTAG_36_merged_L008_R1.barcode_removed_val_1_GRCm38_bismark_bt2_pe.deduplicated.bismark.cov.gz,https://ftp.ncbi.nlm.nih.gov/geo/series/GSE225nnn/GSE225166/suppl/filelist.txt,/home/zdq-as/mouse_methyl_work/raw_downloads/geo_supplements_v27/GSE225166/GSM7040608_lane8_TGAACTGG_M00017562_24_M_Liver_iTAG_36_merged_L008_R1.barcode_removed_val_1_GRCm38_bismark_bt2_pe.deduplicated.bismark.cov.gz,planned,True
130,GSE225166,P0_processed_parser_pilot,mouse sparse/single-cell low-coverage age methylation; processed COV tar first,GSM7040609_lane8_TGTACCTT_M02-20525_3_M_Heart_iTAG_17_merged_L008_R1.barcode_removed_val_1_GRCm38_bismark_bt2_pe.deduplicated.bismark.cov.gz,COV,22829874,https://ftp.ncbi.nlm.nih.gov/geo/samples/GSM7040nnn/GSM7040609/suppl/GSM7040609_lane8_TGTACCTT_M02-20525_3_M_Heart_iTAG_17_merged_L008_R1.barcode_removed_val_1_GRCm38_bismark_bt2_pe.deduplicated.bismark.cov.gz,https://ftp.ncbi.nlm.nih.gov/geo/series/GSE225nnn/GSE225166/suppl/filelist.txt,/home/zdq-as/mouse_methyl_work/raw_downloads/geo_supplements_v27/GSE225166/GSM7040609_lane8_TGTACCTT_M02-20525_3_M_Heart_iTAG_17_merged_L008_R1.barcode_removed_val_1_GRCm38_bismark_bt2_pe.deduplicated.bismark.cov.gz,planned,True
131,GSE225166,P0_processed_parser_pilot,mouse sparse/single-cell low-coverage age methylation; processed COV tar first,GSM7040610_lane6192_CGATGTTT_M04-20526_3_M_Hind_Muscle_plate1_pool1_iTag2_L001_R1.barcode_removed_val_1_GRCm38_bismark_bt2_pe.deduplicated.bismark.cov.gz,COV,16137202,https://ftp.ncbi.nlm.nih.gov/geo/samples/GSM7040nnn/GSM7040610/suppl/GSM7040610_lane6192_CGATGTTT_M04-20526_3_M_Hind_Muscle_plate1_pool1_iTag2_L001_R1.barcode_removed_val_1_GRCm38_bismark_bt2_pe.deduplicated.bismark.cov.gz,https://ftp.ncbi.nlm.nih.gov/geo/series/GSE225nnn/GSE225166/suppl/filelist.txt,/home/zdq-as/mouse_methyl_work/raw_downloads/geo_supplements_v27/GSE225166/GSM7040610_lane6192_CGATGTTT_M04-20526_3_M_Hind_Muscle_plate1_pool1_iTag2_L001_R1.barcode_removed_val_1_GRCm38_bismark_bt2_pe.deduplicated.bismark.cov.gz,planned,True
132,GSE225166,P0_processed_parser_pilot,mouse sparse/single-cell low-coverage age methylation; processed COV tar first,GSM7040611_lane6192_GCAACATT_M00017619_24_M_Kidney_plate1_pool1_iTag73_L001_R1.barcode_removed_val_1_GRCm38_bismark_bt2_pe.deduplicated.bismark.cov.gz,COV,14228018,https://ftp.ncbi.nlm.nih.gov/geo/samples/GSM7040nnn/GSM7040611/suppl/GSM7040611_lane6192_GCAACATT_M00017619_24_M_Kidney_plate1_pool1_iTag73_L001_R1.barcode_removed_val_1_GRCm38_bismark_bt2_pe.deduplicated.bismark.cov.gz,https://ftp.ncbi.nlm.nih.gov/geo/series/GSE225nnn/GSE225166/suppl/filelist.txt,/home/zdq-as/mouse_methyl_work/raw_downloads/geo_supplements_v27/GSE225166/GSM7040611_lane6192_GCAACATT_M00017619_24_M_Kidney_plate1_pool1_iTag73_L001_R1.barcode_removed_val_1_GRCm38_bismark_bt2_pe.deduplicated.bismark.cov.gz,planned,True
133,GSE225166,P0_processed_parser_pilot,mouse sparse/single-cell low-coverage age methylation; processed COV tar first,GSM7040612_lane6192_GCAATCCG_M00018752_6_M_Intestinal_Stem_Cells_plate1_pool1_iTag90_L001_R1.barcode_removed_val_1_GRCm38_bismark_bt2_pe.deduplicated.bismark.cov.gz,COV,19034423,https://ftp.ncbi.nlm.nih.gov/geo/samples/GSM7040nnn/GSM7040612/suppl/GSM7040612_lane6192_GCAATCCG_M00018752_6_M_Intestinal_Stem_Cells_plate1_pool1_iTag90_L001_R1.barcode_removed_val_1_GRCm38_bismark_bt2_pe.deduplicated.bismark.cov.gz,https://ftp.ncbi.nlm.nih.gov/geo/series/GSE225nnn/GSE225166/suppl/filelist.txt,/home/zdq-as/mouse_methyl_work/raw_downloads/geo_supplements_v27/GSE225166/GSM7040612_lane6192_GCAATCCG_M00018752_6_M_Intestinal_Stem_Cells_plate1_pool1_iTag90_L001_R1.barcode_removed_val_1_GRCm38_bismark_bt2_pe.deduplicated.bismark.cov.gz,planned,True
134,GSE225166,P0_processed_parser_pilot,mouse sparse/single-cell low-coverage age methylation; processed COV tar first,GSM7040613_lane6192_GCTAACTC_M00017912_15_M_Kidney_plate1_pool1_iTag94_L001_R1.barcode_removed_val_1_GRCm38_bismark_bt2_pe.deduplicated.bismark.cov.gz,COV,16750044,https://ftp.ncbi.nlm.nih.gov/geo/samples/GSM7040nnn/GSM7040613/suppl/GSM7040613_lane6192_GCTAACTC_M00017912_15_M_Kidney_plate1_pool1_iTag94_L001_R1.barcode_removed_val_1_GRCm38_bismark_bt2_pe.deduplicated.bismark.cov.gz,https://ftp.ncbi.nlm.nih.gov/geo/series/GSE225nnn/GSE225166/suppl/filelist.txt,/home/zdq-as/mouse_methyl_work/raw_downloads/geo_supplements_v27/GSE225166/GSM7040613_lane6192_GCTAACTC_M00017912_15_M_Kidney_plate1_pool1_iTag94_L001_R1.barcode_removed_val_1_GRCm38_bismark_bt2_pe.deduplicated.bismark.cov.gz,planned,True
135,GSE225166,P0_processed_parser_pilot,mouse sparse/single-cell low-coverage age methylation; processed COV tar first,GSM7040614_lane6192_GGAATGAT_M05-20526_3_M_Lung_Macrophages_plate1_pool1_iTag81_L001_R1.barcode_removed_val_1_GRCm38_bismark_bt2_pe.deduplicated.bismark.cov.gz,COV,16378098,https://ftp.ncbi.nlm.nih.gov/geo/samples/GSM7040nnn/GSM7040614/suppl/GSM7040614_lane6192_GGAATGAT_M05-20526_3_M_Lung_Macrophages_plate1_pool1_iTag81_L001_R1.barcode_removed_val_1_GRCm38_bismark_bt2_pe.deduplicated.bismark.cov.gz,https://ftp.ncbi.nlm.nih.gov/geo/series/GSE225nnn/GSE225166/suppl/filelist.txt,/home/zdq-as/mouse_methyl_work/raw_downloads/geo_supplements_v27/GSE225166/GSM7040614_lane6192_GGAATGAT_M05-20526_3_M_Lung_Macrophages_plate1_pool1_iTag81_L001_R1.barcode_removed_val_1_GRCm38_bismark_bt2_pe.deduplicated.bismark.cov.gz,planned,True
136,GSE225166,P0_processed_parser_pilot,mouse sparse/single-cell low-coverage age methylation; processed COV tar first,GSM7040615_lane6192_GTAAGGTG_M00017912_15_M_Lung_Macrophages_plate1_pool1_iTag84_L001_R1.barcode_removed_val_1_GRCm38_bismark_bt2_pe.deduplicated.bismark.cov.gz,COV,23725541,https://ftp.ncbi.nlm.nih.gov/geo/samples/GSM7040nnn/GSM7040615/suppl/GSM7040615_lane6192_GTAAGGTG_M00017912_15_M_Lung_Macrophages_plate1_pool1_iTag84_L001_R1.barcode_removed_val_1_GRCm38_bismark_bt2_pe.deduplicated.bismark.cov.gz,https://ftp.ncbi.nlm.nih.gov/geo/series/GSE225nnn/GSE225166/suppl/filelist.txt,/home/zdq-as/mouse_methyl_work/raw_downloads/geo_supplements_v27/GSE225166/GSM7040615_lane6192_GTAAGGTG_M00017912_15_M_Lung_Macrophages_plate1_pool1_iTag84_L001_R1.barcode_removed_val_1_GRCm38_bismark_bt2_pe.deduplicated.bismark.cov.gz,planned,True
137,GSE225166,P0_processed_parser_pilot,mouse sparse/single-cell low-coverage age methylation; processed COV tar first,GSM7040616_lane6192_GTGTCCTT_M00017912_15_M_CD8_T_Cells_plate1_pool1_iTag71_L001_R1.barcode_removed_val_1_GRCm38_bismark_bt2_pe.deduplicated.bismark.cov.gz,COV,13473668,https://ftp.ncbi.nlm.nih.gov/geo/samples/GSM7040nnn/GSM7040616/suppl/GSM7040616_lane6192_GTGTCCTT_M00017912_15_M_CD8_T_Cells_plate1_pool1_iTag71_L001_R1.barcode_removed_val_1_GRCm38_bismark_bt2_pe.deduplicated.bismark.cov.gz,https://ftp.ncbi.nlm.nih.gov/geo/series/GSE225nnn/GSE225166/suppl/filelist.txt,/home/zdq-as/mouse_methyl_work/raw_downloads/geo_supplements_v27/GSE225166/GSM7040616_lane6192_GTGTCCTT_M00017912_15_M_CD8_T_Cells_plate1_pool1_iTag71_L001_R1.barcode_removed_val_1_GRCm38_bismark_bt2_pe.deduplicated.bismark.cov.gz,planned,True
138,GSE225166,P0_processed_parser_pilot,mouse sparse/single-cell low-coverage age methylation; processed COV tar first,GSM7040617_lane6192_GTGTGTCG_M02-20525_3_M_Intestinal_Stem_Cells_plate1_pool1_iTag89_L001_R1.barcode_removed_val_1_GRCm38_bismark_bt2_pe.deduplicated.bismark.cov.gz,COV,15833562,https://ftp.ncbi.nlm.nih.gov/geo/samples/GSM7040nnn/GSM7040617/suppl/GSM7040617_lane6192_GTGTGTCG_M02-20525_3_M_Intestinal_Stem_Cells_plate1_pool1_iTag89_L001_R1.barcode_removed_val_1_GRCm38_bismark_bt2_pe.deduplicated.bismark.cov.gz,https://ftp.ncbi.nlm.nih.gov/geo/series/GSE225nnn/GSE225166/suppl/filelist.txt,/home/zdq-as/mouse_methyl_work/raw_downloads/geo_supplements_v27/GSE225166/GSM7040617_lane6192_GTGTGTCG_M02-20525_3_M_Intestinal_Stem_Cells_plate1_pool1_iTag89_L001_R1.barcode_removed_val_1_GRCm38_bismark_bt2_pe.deduplicated.bismark.cov.gz,planned,True
139,GSE225166,P0_processed_parser_pilot,mouse sparse/single-cell low-coverage age methylation; processed COV tar first,GSM7040618_lane6192_TCAGGAGG_M00017619_24_M_Lung_Macrophages_plate1_pool1_iTag39_L001_R1.barcode_removed_val_1_GRCm38_bismark_bt2_pe.deduplicated.bismark.cov.gz,COV,12816624,https://ftp.ncbi.nlm.nih.gov/geo/samples/GSM7040nnn/GSM7040618/suppl/GSM7040618_lane6192_TCAGGAGG_M00017619_24_M_Lung_Macrophages_plate1_pool1_iTag39_L001_R1.barcode_removed_val_1_GRCm38_bismark_bt2_pe.deduplicated.bismark.cov.gz,https://ftp.ncbi.nlm.nih.gov/geo/series/GSE225nnn/GSE225166/suppl/filelist.txt,/home/zdq-as/mouse_methyl_work/raw_downloads/geo_supplements_v27/GSE225166/GSM7040618_lane6192_TCAGGAGG_M00017619_24_M_Lung_Macrophages_plate1_pool1_iTag39_L001_R1.barcode_removed_val_1_GRCm38_bismark_bt2_pe.deduplicated.bismark.cov.gz,planned,True
140,GSE225166,P0_processed_parser_pilot,mouse sparse/single-cell low-coverage age methylation; processed COV tar first,GSM7040619_lane6192_TCATCCTA_M00018360_9_M_Hind_Muscle_plate1_pool1_iTag60_L001_R1.barcode_removed_val_1_GRCm38_bismark_bt2_pe.deduplicated.bismark.cov.gz,COV,18069367,https://ftp.ncbi.nlm.nih.gov/geo/samples/GSM7040nnn/GSM7040619/suppl/GSM7040619_lane6192_TCATCCTA_M00018360_9_M_Hind_Muscle_plate1_pool1_iTag60_L001_R1.barcode_removed_val_1_GRCm38_bismark_bt2_pe.deduplicated.bismark.cov.gz,https://ftp.ncbi.nlm.nih.gov/geo/series/GSE225nnn/GSE225166/suppl/filelist.txt,/home/zdq-as/mouse_methyl_work/raw_downloads/geo_supplements_v27/GSE225166/GSM7040619_lane6192_TCATCCTA_M00018360_9_M_Hind_Muscle_plate1_pool1_iTag60_L001_R1.barcode_removed_val_1_GRCm38_bismark_bt2_pe.deduplicated.bismark.cov.gz,planned,True
141,GSE225166,P0_processed_parser_pilot,mouse sparse/single-cell low-coverage age methylation; processed COV tar first,GSM7040620_lane6192_TCCTCAAT_M00018011_15_M_CD8_T_Cells_plate1_pool1_iTag29_L001_R1.barcode_removed_val_1_GRCm38_bismark_bt2_pe.deduplicated.bismark.cov.gz,COV,18553964,https://ftp.ncbi.nlm.nih.gov/geo/samples/GSM7040nnn/GSM7040620/suppl/GSM7040620_lane6192_TCCTCAAT_M00018011_15_M_CD8_T_Cells_plate1_pool1_iTag29_L001_R1.barcode_removed_val_1_GRCm38_bismark_bt2_pe.deduplicated.bismark.cov.gz,https://ftp.ncbi.nlm.nih.gov/geo/series/GSE225nnn/GSE225166/suppl/filelist.txt,/home/zdq-as/mouse_methyl_work/raw_downloads/geo_supplements_v27/GSE225166/GSM7040620_lane6192_TCCTCAAT_M00018011_15_M_CD8_T_Cells_plate1_pool1_iTag29_L001_R1.barcode_removed_val_1_GRCm38_bismark_bt2_pe.deduplicated.bismark.cov.gz,planned,True
142,GSE225166,P0_processed_parser_pilot,mouse sparse/single-cell low-coverage age methylation; processed COV tar first,GSM7040621_lane6192_TCGTTAGC_M00018752_6_M_Hind_Muscle_plate1_pool1_iTag52_L001_R1.barcode_removed_val_1_GRCm38_bismark_bt2_pe.deduplicated.bismark.cov.gz,COV,16492143,https://ftp.ncbi.nlm.nih.gov/geo/samples/GSM7040nnn/GSM7040621/suppl/GSM7040621_lane6192_TCGTTAGC_M00018752_6_M_Hind_Muscle_plate1_pool1_iTag52_L001_R1.barcode_removed_val_1_GRCm38_bismark_bt2_pe.deduplicated.bismark.cov.gz,https://ftp.ncbi.nlm.nih.gov/geo/series/GSE225nnn/GSE225166/suppl/filelist.txt,/home/zdq-as/mouse_methyl_work/raw_downloads/geo_supplements_v27/GSE225166/GSM7040621_lane6192_TCGTTAGC_M00018752_6_M_Hind_Muscle_plate1_pool1_iTag52_L001_R1.barcode_removed_val_1_GRCm38_bismark_bt2_pe.deduplicated.bismark.cov.gz,planned,True
143,GSE225166,P0_processed_parser_pilot,mouse sparse/single-cell low-coverage age methylation; processed COV tar first,GSM7040622_lane6193_ATCACGTT_M04-20526_3_M_Skin_plate1_pool2_iTag1_L002_R1.barcode_removed_val_1_GRCm38_bismark_bt2_pe.deduplicated.bismark.cov.gz,COV,16954477,https://ftp.ncbi.nlm.nih.gov/geo/samples/GSM7040nnn/GSM7040622/suppl/GSM7040622_lane6193_ATCACGTT_M04-20526_3_M_Skin_plate1_pool2_iTag1_L002_R1.barcode_removed_val_1_GRCm38_bismark_bt2_pe.deduplicated.bismark.cov.gz,https://ftp.ncbi.nlm.nih.gov/geo/series/GSE225nnn/GSE225166/suppl/filelist.txt,/home/zdq-as/mouse_methyl_work/raw_downloads/geo_supplements_v27/GSE225166/GSM7040622_lane6193_ATCACGTT_M04-20526_3_M_Skin_plate1_pool2_iTag1_L002_R1.barcode_removed_val_1_GRCm38_bismark_bt2_pe.deduplicated.bismark.cov.gz,planned,True
144,GSE225166,P0_processed_parser_pilot,mouse sparse/single-cell low-coverage age methylation; processed COV tar first,GSM7040623_lane6193_GATCTCTT_M00017912_15_M_CD4_T_Cells_plate1_pool2_iTag70_L002_R1.barcode_removed_val_1_GRCm38_bismark_bt2_pe.deduplicated.bismark.cov.gz,COV,14635399,https://ftp.ncbi.nlm.nih.gov/geo/samples/GSM7040nnn/GSM7040623/suppl/GSM7040623_lane6193_GATCTCTT_M00017912_15_M_CD4_T_Cells_plate1_pool2_iTag70_L002_R1.barcode_removed_val_1_GRCm38_bismark_bt2_pe.deduplicated.bismark.cov.gz,https://ftp.ncbi.nlm.nih.gov/geo/series/GSE225nnn/GSE225166/suppl/filelist.txt,/home/zdq-as/mouse_methyl_work/raw_downloads/geo_supplements_v27/GSE225166/GSM7040623_lane6193_GATCTCTT_M00017912_15_M_CD4_T_Cells_plate1_pool2_iTag70_L002_R1.barcode_removed_val_1_GRCm38_bismark_bt2_pe.deduplicated.bismark.cov.gz,planned,True
145,GSE225166,P0_processed_parser_pilot,mouse sparse/single-cell low-coverage age methylation; processed COV tar first,GSM7040624_lane6193_GATTCATC_M00017620_24_M_Kidney_plate1_pool2_iTag95_L002_R1.barcode_removed_val_1_GRCm38_bismark_bt2_pe.deduplicated.bismark.cov.gz,COV,21009802,https://ftp.ncbi.nlm.nih.gov/geo/samples/GSM7040nnn/GSM7040624/suppl/GSM7040624_lane6193_GATTCATC_M00017620_24_M_Kidney_plate1_pool2_iTag95_L002_R1.barcode_removed_val_1_GRCm38_bismark_bt2_pe.deduplicated.bismark.cov.gz,https://ftp.ncbi.nlm.nih.gov/geo/series/GSE225nnn/GSE225166/suppl/filelist.txt,/home/zdq-as/mouse_methyl_work/raw_downloads/geo_supplements_v27/GSE225166/GSM7040624_lane6193_GATTCATC_M00017620_24_M_Kidney_plate1_pool2_iTag95_L002_R1.barcode_removed_val_1_GRCm38_bismark_bt2_pe.deduplicated.bismark.cov.gz,planned,True
146,GSE225166,P0_processed_parser_pilot,mouse sparse/single-cell low-coverage age methylation; processed COV tar first,GSM7040625_lane6193_GTACATCT_M00017620_24_M_Hind_Muscle_plate1_pool2_iTag76_L002_R1.barcode_removed_val_1_GRCm38_bismark_bt2_pe.deduplicated.bismark.cov.gz,COV,20256143,https://ftp.ncbi.nlm.nih.gov/geo/samples/GSM7040nnn/GSM7040625/suppl/GSM7040625_lane6193_GTACATCT_M00017620_24_M_Hind_Muscle_plate1_pool2_iTag76_L002_R1.barcode_removed_val_1_GRCm38_bismark_bt2_pe.deduplicated.bismark.cov.gz,https://ftp.ncbi.nlm.nih.gov/geo/series/GSE225nnn/GSE225166/suppl/filelist.txt,/home/zdq-as/mouse_methyl_work/raw_downloads/geo_supplements_v27/GSE225166/GSM7040625_lane6193_GTACATCT_M00017620_24_M_Hind_Muscle_plate1_pool2_iTag76_L002_R1.barcode_removed_val_1_GRCm38_bismark_bt2_pe.deduplicated.bismark.cov.gz,planned,True
147,GSE225166,P0_processed_parser_pilot,mouse sparse/single-cell low-coverage age methylation; processed COV tar first,GSM7040626_lane6193_GTCGCTAT_M00017620_24_M_Cerebellum_plate1_pool2_iTag80_L002_R1.barcode_removed_val_1_GRCm38_bismark_bt2_pe.deduplicated.bismark.cov.gz,COV,23813747,https://ftp.ncbi.nlm.nih.gov/geo/samples/GSM7040nnn/GSM7040626/suppl/GSM7040626_lane6193_GTCGCTAT_M00017620_24_M_Cerebellum_plate1_pool2_iTag80_L002_R1.barcode_removed_val_1_GRCm38_bismark_bt2_pe.deduplicated.bismark.cov.gz,https://ftp.ncbi.nlm.nih.gov/geo/series/GSE225nnn/GSE225166/suppl/filelist.txt,/home/zdq-as/mouse_methyl_work/raw_downloads/geo_supplements_v27/GSE225166/GSM7040626_lane6193_GTCGCTAT_M00017620_24_M_Cerebellum_plate1_pool2_iTag80_L002_R1.barcode_removed_val_1_GRCm38_bismark_bt2_pe.deduplicated.bismark.cov.gz,planned,True
148,GSE225166,P0_processed_parser_pilot,mouse sparse/single-cell low-coverage age methylation; processed COV tar first,GSM7040628_lane6193_GTTAGCCT_M00017620_24_M_CD8_T_Cells_plate1_pool2_iTag79_L002_R1.barcode_removed_val_1_GRCm38_bismark_bt2_pe.deduplicated.bismark.cov.gz,COV,15898568,https://ftp.ncbi.nlm.nih.gov/geo/samples/GSM7040nnn/GSM7040628/suppl/GSM7040628_lane6193_GTTAGCCT_M00017620_24_M_CD8_T_Cells_plate1_pool2_iTag79_L002_R1.barcode_removed_val_1_GRCm38_bismark_bt2_pe.deduplicated.bismark.cov.gz,https://ftp.ncbi.nlm.nih.gov/geo/series/GSE225nnn/GSE225166/suppl/filelist.txt,/home/zdq-as/mouse_methyl_work/raw_downloads/geo_supplements_v27/GSE225166/GSM7040628_lane6193_GTTAGCCT_M00017620_24_M_CD8_T_Cells_plate1_pool2_iTag79_L002_R1.barcode_removed_val_1_GRCm38_bismark_bt2_pe.deduplicated.bismark.cov.gz,planned,True
149,GSE225166,P0_processed_parser_pilot,mouse sparse/single-cell low-coverage age methylation; processed COV tar first,GSM7040629_lane6193_TACAGGAT_M00018011_15_M_CD4_T_Cells_plate1_pool2_iTag28_L002_R1.barcode_removed_val_1_GRCm38_bismark_bt2_pe.deduplicated.bismark.cov.gz,COV,17601217,https://ftp.ncbi.nlm.nih.gov/geo/samples/GSM7040nnn/GSM7040629/suppl/GSM7040629_lane6193_TACAGGAT_M00018011_15_M_CD4_T_Cells_plate1_pool2_iTag28_L002_R1.barcode_removed_val_1_GRCm38_bismark_bt2_pe.deduplicated.bismark.cov.gz,https://ftp.ncbi.nlm.nih.gov/geo/series/GSE225nnn/GSE225166/suppl/filelist.txt,/home/zdq-as/mouse_methyl_work/raw_downloads/geo_supplements_v27/GSE225166/GSM7040629_lane6193_TACAGGAT_M00018011_15_M_CD4_T_Cells_plate1_pool2_iTag28_L002_R1.barcode_removed_val_1_GRCm38_bismark_bt2_pe.deduplicated.bismark.cov.gz,planned,True
150,GSE225166,P0_processed_parser_pilot,mouse sparse/single-cell low-coverage age methylation; processed COV tar first,GSM7040630_lane6193_TATGCCAG_M05-20526_3_M_B_cells_plate1_pool2_iTag45_L002_R1.barcode_removed_val_1_GRCm38_bismark_bt2_pe.deduplicated.bismark.cov.gz,COV,18718629,https://ftp.ncbi.nlm.nih.gov/geo/samples/GSM7040nnn/GSM7040630/suppl/GSM7040630_lane6193_TATGCCAG_M05-20526_3_M_B_cells_plate1_pool2_iTag45_L002_R1.barcode_removed_val_1_GRCm38_bismark_bt2_pe.deduplicated.bismark.cov.gz,https://ftp.ncbi.nlm.nih.gov/geo/series/GSE225nnn/GSE225166/suppl/filelist.txt,/home/zdq-as/mouse_methyl_work/raw_downloads/geo_supplements_v27/GSE225166/GSM7040630_lane6193_TATGCCAG_M05-20526_3_M_B_cells_plate1_pool2_iTag45_L002_R1.barcode_removed_val_1_GRCm38_bismark_bt2_pe.deduplicated.bismark.cov.gz,planned,True
151,GSE225166,P0_processed_parser_pilot,mouse sparse/single-cell low-coverage age methylation; processed COV tar first,GSM7040631_lane6193_TGACCACT_M04-20526_3_M_CD4_T_Cells_plate1_pool2_iTag4_L002_R1.barcode_removed_val_1_GRCm38_bismark_bt2_pe.deduplicated.bismark.cov.gz,COV,19257829,https://ftp.ncbi.nlm.nih.gov/geo/samples/GSM7040nnn/GSM7040631/suppl/GSM7040631_lane6193_TGACCACT_M04-20526_3_M_CD4_T_Cells_plate1_pool2_iTag4_L002_R1.barcode_removed_val_1_GRCm38_bismark_bt2_pe.deduplicated.bismark.cov.gz,https://ftp.ncbi.nlm.nih.gov/geo/series/GSE225nnn/GSE225166/suppl/filelist.txt,/home/zdq-as/mouse_methyl_work/raw_downloads/geo_supplements_v27/GSE225166/GSM7040631_lane6193_TGACCACT_M04-20526_3_M_CD4_T_Cells_plate1_pool2_iTag4_L002_R1.barcode_removed_val_1_GRCm38_bismark_bt2_pe.deduplicated.bismark.cov.gz,planned,True
152,GSE225166,P0_processed_parser_pilot,mouse sparse/single-cell low-coverage age methylation; processed COV tar first,GSM7040632_lane6193_TGCGTGAA_M00017912_15_M_Hind_Muscle_plate1_pool2_iTag68_L002_R1.barcode_removed_val_1_GRCm38_bismark_bt2_pe.deduplicated.bismark.cov.gz,COV,16685435,https://ftp.ncbi.nlm.nih.gov/geo/samples/GSM7040nnn/GSM7040632/suppl/GSM7040632_lane6193_TGCGTGAA_M00017912_15_M_Hind_Muscle_plate1_pool2_iTag68_L002_R1.barcode_removed_val_1_GRCm38_bismark_bt2_pe.deduplicated.bismark.cov.gz,https://ftp.ncbi.nlm.nih.gov/geo/series/GSE225nnn/GSE225166/suppl/filelist.txt,/home/zdq-as/mouse_methyl_work/raw_downloads/geo_supplements_v27/GSE225166/GSM7040632_lane6193_TGCGTGAA_M00017912_15_M_Hind_Muscle_plate1_pool2_iTag68_L002_R1.barcode_removed_val_1_GRCm38_bismark_bt2_pe.deduplicated.bismark.cov.gz,planned,True
153,GSE225166,P0_processed_parser_pilot,mouse sparse/single-cell low-coverage age methylation; processed COV tar first,GSM7040633_lane6193_TGGCTCAG_M05-20526_3_M_Hind_Muscle_plate1_pool2_iTag44_L002_R1.barcode_removed_val_1_GRCm38_bismark_bt2_pe.deduplicated.bismark.cov.gz,COV,17061478,https://ftp.ncbi.nlm.nih.gov/geo/samples/GSM7040nnn/GSM7040633/suppl/GSM7040633_lane6193_TGGCTCAG_M05-20526_3_M_Hind_Muscle_plate1_pool2_iTag44_L002_R1.barcode_removed_val_1_GRCm38_bismark_bt2_pe.deduplicated.bismark.cov.gz,https://ftp.ncbi.nlm.nih.gov/geo/series/GSE225nnn/GSE225166/suppl/filelist.txt,/home/zdq-as/mouse_methyl_work/raw_downloads/geo_supplements_v27/GSE225166/GSM7040633_lane6193_TGGCTCAG_M05-20526_3_M_Hind_Muscle_plate1_pool2_iTag44_L002_R1.barcode_removed_val_1_GRCm38_bismark_bt2_pe.deduplicated.bismark.cov.gz,planned,True
154,GSE225166,P0_processed_parser_pilot,mouse sparse/single-cell low-coverage age methylation; processed COV tar first,GSM7040634_lane6193_TTGTTCCA_M00018011_15_M_Kidney_plate1_pool2_iTag65_L002_R1.barcode_removed_val_1_GRCm38_bismark_bt2_pe.deduplicated.bismark.cov.gz,COV,15803001,https://ftp.ncbi.nlm.nih.gov/geo/samples/GSM7040nnn/GSM7040634/suppl/GSM7040634_lane6193_TTGTTCCA_M00018011_15_M_Kidney_plate1_pool2_iTag65_L002_R1.barcode_removed_val_1_GRCm38_bismark_bt2_pe.deduplicated.bismark.cov.gz,https://ftp.ncbi.nlm.nih.gov/geo/series/GSE225nnn/GSE225166/suppl/filelist.txt,/home/zdq-as/mouse_methyl_work/raw_downloads/geo_supplements_v27/GSE225166/GSM7040634_lane6193_TTGTTCCA_M00018011_15_M_Kidney_plate1_pool2_iTag65_L002_R1.barcode_removed_val_1_GRCm38_bismark_bt2_pe.deduplicated.bismark.cov.gz,planned,True
155,GSE225166,P0_processed_parser_pilot,mouse sparse/single-cell low-coverage age methylation; processed COV tar first,GSM7040635_lane6194_ACAGTGGT_M04-20526_3_M_CD8_T_Cells_plate1_pool3_iTag5_L003_R1.barcode_removed_val_1_GRCm38_bismark_bt2_pe.deduplicated.bismark.cov.gz,COV,19104212,https://ftp.ncbi.nlm.nih.gov/geo/samples/GSM7040nnn/GSM7040635/suppl/GSM7040635_lane6194_ACAGTGGT_M04-20526_3_M_CD8_T_Cells_plate1_pool3_iTag5_L003_R1.barcode_removed_val_1_GRCm38_bismark_bt2_pe.deduplicated.bismark.cov.gz,https://ftp.ncbi.nlm.nih.gov/geo/series/GSE225nnn/GSE225166/suppl/filelist.txt,/home/zdq-as/mouse_methyl_work/raw_downloads/geo_supplements_v27/GSE225166/GSM7040635_lane6194_ACAGTGGT_M04-20526_3_M_CD8_T_Cells_plate1_pool3_iTag5_L003_R1.barcode_removed_val_1_GRCm38_bismark_bt2_pe.deduplicated.bismark.cov.gz,planned,True
156,GSE225166,P0_processed_parser_pilot,mouse sparse/single-cell low-coverage age methylation; processed COV tar first,GSM7040636_lane6194_CAGATCTG_M04-20526_3_M_Lung_Macrophages_plate1_pool3_iTag7_L003_R1.barcode_removed_val_1_GRCm38_bismark_bt2_pe.deduplicated.bismark.cov.gz,COV,19606502,https://ftp.ncbi.nlm.nih.gov/geo/samples/GSM7040nnn/GSM7040636/suppl/GSM7040636_lane6194_CAGATCTG_M04-20526_3_M_Lung_Macrophages_plate1_pool3_iTag7_L003_R1.barcode_removed_val_1_GRCm38_bismark_bt2_pe.deduplicated.bismark.cov.gz,https://ftp.ncbi.nlm.nih.gov/geo/series/GSE225nnn/GSE225166/suppl/filelist.txt,/home/zdq-as/mouse_methyl_work/raw_downloads/geo_supplements_v27/GSE225166/GSM7040636_lane6194_CAGATCTG_M04-20526_3_M_Lung_Macrophages_plate1_pool3_iTag7_L003_R1.barcode_removed_val_1_GRCm38_bismark_bt2_pe.deduplicated.bismark.cov.gz,planned,True
157,GSE225166,P0_processed_parser_pilot,mouse sparse/single-cell low-coverage age methylation; processed COV tar first,GSM7040637_lane6194_GACGGATT_M00017912_15_M_Cerebellum_plate1_pool3_iTag72_L003_R1.barcode_removed_val_1_GRCm38_bismark_bt2_pe.deduplicated.bismark.cov.gz,COV,18992800,https://ftp.ncbi.nlm.nih.gov/geo/samples/GSM7040nnn/GSM7040637/suppl/GSM7040637_lane6194_GACGGATT_M00017912_15_M_Cerebellum_plate1_pool3_iTag72_L003_R1.barcode_removed_val_1_GRCm38_bismark_bt2_pe.deduplicated.bismark.cov.gz,https://ftp.ncbi.nlm.nih.gov/geo/series/GSE225nnn/GSE225166/suppl/filelist.txt,/home/zdq-as/mouse_methyl_work/raw_downloads/geo_supplements_v27/GSE225166/GSM7040637_lane6194_GACGGATT_M00017912_15_M_Cerebellum_plate1_pool3_iTag72_L003_R1.barcode_removed_val_1_GRCm38_bismark_bt2_pe.deduplicated.bismark.cov.gz,planned,True
158,GSE225166,P0_processed_parser_pilot,mouse sparse/single-cell low-coverage age methylation; processed COV tar first,GSM7040638_lane6194_GAGGATGG_M00017620_24_M_Lung_Macrophages_plate1_pool3_iTag85_L003_R1.barcode_removed_val_1_GRCm38_bismark_bt2_pe.deduplicated.bismark.cov.gz,COV,28444380,https://ftp.ncbi.nlm.nih.gov/geo/samples/GSM7040nnn/GSM7040638/suppl/GSM7040638_lane6194_GAGGATGG_M00017620_24_M_Lung_Macrophages_plate1_pool3_iTag85_L003_R1.barcode_removed_val_1_GRCm38_bismark_bt2_pe.deduplicated.bismark.cov.gz,https://ftp.ncbi.nlm.nih.gov/geo/series/GSE225nnn/GSE225166/suppl/filelist.txt,/home/zdq-as/mouse_methyl_work/raw_downloads/geo_supplements_v27/GSE225166/GSM7040638_lane6194_GAGGATGG_M00017620_24_M_Lung_Macrophages_plate1_pool3_iTag85_L003_R1.barcode_removed_val_1_GRCm38_bismark_bt2_pe.deduplicated.bismark.cov.gz,planned,True
159,GSE225166,P0_processed_parser_pilot,mouse sparse/single-cell low-coverage age methylation; processed COV tar first,GSM7040639_lane6194_GCATGGCT_M00017620_24_M_CD4_T_Cells_plate1_pool3_iTag78_L003_R1.barcode_removed_val_1_GRCm38_bismark_bt2_pe.deduplicated.bismark.cov.gz,COV,16776476,https://ftp.ncbi.nlm.nih.gov/geo/samples/GSM7040nnn/GSM7040639/suppl/GSM7040639_lane6194_GCATGGCT_M00017620_24_M_CD4_T_Cells_plate1_pool3_iTag78_L003_R1.barcode_removed_val_1_GRCm38_bismark_bt2_pe.deduplicated.bismark.cov.gz,https://ftp.ncbi.nlm.nih.gov/geo/series/GSE225nnn/GSE225166/suppl/filelist.txt,/home/zdq-as/mouse_methyl_work/raw_downloads/geo_supplements_v27/GSE225166/GSM7040639_lane6194_GCATGGCT_M00017620_24_M_CD4_T_Cells_plate1_pool3_iTag78_L003_R1.barcode_removed_val_1_GRCm38_bismark_bt2_pe.deduplicated.bismark.cov.gz,planned,True
160,GSE225166,P0_processed_parser_pilot,mouse sparse/single-cell low-coverage age methylation; processed COV tar first,GSM7040640_lane6194_TAAGCGTT_M00018740_6_M_Lung_Macrophages_plate1_pool3_iTag15_L003_R1.barcode_removed_val_1_GRCm38_bismark_bt2_pe.deduplicated.bismark.cov.gz,COV,16291921,https://ftp.ncbi.nlm.nih.gov/geo/samples/GSM7040nnn/GSM7040640/suppl/GSM7040640_lane6194_TAAGCGTT_M00018740_6_M_Lung_Macrophages_plate1_pool3_iTag15_L003_R1.barcode_removed_val_1_GRCm38_bismark_bt2_pe.deduplicated.bismark.cov.gz,https://ftp.ncbi.nlm.nih.gov/geo/series/GSE225nnn/GSE225166/suppl/filelist.txt,/home/zdq-as/mouse_methyl_work/raw_downloads/geo_supplements_v27/GSE225166/GSM7040640_lane6194_TAAGCGTT_M00018740_6_M_Lung_Macrophages_plate1_pool3_iTag15_L003_R1.barcode_removed_val_1_GRCm38_bismark_bt2_pe.deduplicated.bismark.cov.gz,planned,True
161,GSE225166,P0_processed_parser_pilot,mouse sparse/single-cell low-coverage age methylation; processed COV tar first,GSM7040641_lane6194_TACCACCA_M00017912_15_M_Skin_plate1_pool3_iTag67_L003_R1.barcode_removed_val_1_GRCm38_bismark_bt2_pe.deduplicated.bismark.cov.gz,COV,22437314,https://ftp.ncbi.nlm.nih.gov/geo/samples/GSM7040nnn/GSM7040641/suppl/GSM7040641_lane6194_TACCACCA_M00017912_15_M_Skin_plate1_pool3_iTag67_L003_R1.barcode_removed_val_1_GRCm38_bismark_bt2_pe.deduplicated.bismark.cov.gz,https://ftp.ncbi.nlm.nih.gov/geo/series/GSE225nnn/GSE225166/suppl/filelist.txt,/home/zdq-as/mouse_methyl_work/raw_downloads/geo_supplements_v27/GSE225166/GSM7040641_lane6194_TACCACCA_M00017912_15_M_Skin_plate1_pool3_iTag67_L003_R1.barcode_removed_val_1_GRCm38_bismark_bt2_pe.deduplicated.bismark.cov.gz,planned,True
162,GSE225166,P0_processed_parser_pilot,mouse sparse/single-cell low-coverage age methylation; processed COV tar first,GSM7040642_lane6194_TAGAACAC_M00018360_9_M_Skin_plate1_pool3_iTag59_L003_R1.barcode_removed_val_1_GRCm38_bismark_bt2_pe.deduplicated.bismark.cov.gz,COV,19310869,https://ftp.ncbi.nlm.nih.gov/geo/samples/GSM7040nnn/GSM7040642/suppl/GSM7040642_lane6194_TAGAACAC_M00018360_9_M_Skin_plate1_pool3_iTag59_L003_R1.barcode_removed_val_1_GRCm38_bismark_bt2_pe.deduplicated.bismark.cov.gz,https://ftp.ncbi.nlm.nih.gov/geo/series/GSE225nnn/GSE225166/suppl/filelist.txt,/home/zdq-as/mouse_methyl_work/raw_downloads/geo_supplements_v27/GSE225166/GSM7040642_lane6194_TAGAACAC_M00018360_9_M_Skin_plate1_pool3_iTag59_L003_R1.barcode_removed_val_1_GRCm38_bismark_bt2_pe.deduplicated.bismark.cov.gz,planned,True
163,GSE225166,P0_processed_parser_pilot,mouse sparse/single-cell low-coverage age methylation; processed COV tar first,GSM7040643_lane6194_TAGTCTTG_M00018011_15_M_Lung_Macrophages_plate1_pool3_iTag31_L003_R1.barcode_removed_val_1_GRCm38_bismark_bt2_pe.deduplicated.bismark.cov.gz,COV,15512621,https://ftp.ncbi.nlm.nih.gov/geo/samples/GSM7040nnn/GSM7040643/suppl/GSM7040643_lane6194_TAGTCTTG_M00018011_15_M_Lung_Macrophages_plate1_pool3_iTag31_L003_R1.barcode_removed_val_1_GRCm38_bismark_bt2_pe.deduplicated.bismark.cov.gz,https://ftp.ncbi.nlm.nih.gov/geo/series/GSE225nnn/GSE225166/suppl/filelist.txt,/home/zdq-as/mouse_methyl_work/raw_downloads/geo_supplements_v27/GSE225166/GSM7040643_lane6194_TAGTCTTG_M00018011_15_M_Lung_Macrophages_plate1_pool3_iTag31_L003_R1.barcode_removed_val_1_GRCm38_bismark_bt2_pe.deduplicated.bismark.cov.gz,planned,True
164,GSE225166,P0_processed_parser_pilot,mouse sparse/single-cell low-coverage age methylation; processed COV tar first,GSM7040644_lane6194_TCGAAGTG_M00017619_24_M_Skin_plate1_pool3_iTag33_L003_R1.barcode_removed_val_1_GRCm38_bismark_bt2_pe.deduplicated.bismark.cov.gz,COV,26918229,https://ftp.ncbi.nlm.nih.gov/geo/samples/GSM7040nnn/GSM7040644/suppl/GSM7040644_lane6194_TCGAAGTG_M00017619_24_M_Skin_plate1_pool3_iTag33_L003_R1.barcode_removed_val_1_GRCm38_bismark_bt2_pe.deduplicated.bismark.cov.gz,https://ftp.ncbi.nlm.nih.gov/geo/series/GSE225nnn/GSE225166/suppl/filelist.txt,/home/zdq-as/mouse_methyl_work/raw_downloads/geo_supplements_v27/GSE225166/GSM7040644_lane6194_TCGAAGTG_M00017619_24_M_Skin_plate1_pool3_iTag33_L003_R1.barcode_removed_val_1_GRCm38_bismark_bt2_pe.deduplicated.bismark.cov.gz,planned,True
165,GSE225166,P0_processed_parser_pilot,mouse sparse/single-cell low-coverage age methylation; processed COV tar first,GSM7040645_lane6194_TGCGATCT_M00018011_15_M_Skin_plate1_pool3_iTag25_L003_R1.barcode_removed_val_1_GRCm38_bismark_bt2_pe.deduplicated.bismark.cov.gz,COV,17179431,https://ftp.ncbi.nlm.nih.gov/geo/samples/GSM7040nnn/GSM7040645/suppl/GSM7040645_lane6194_TGCGATCT_M00018011_15_M_Skin_plate1_pool3_iTag25_L003_R1.barcode_removed_val_1_GRCm38_bismark_bt2_pe.deduplicated.bismark.cov.gz,https://ftp.ncbi.nlm.nih.gov/geo/series/GSE225nnn/GSE225166/suppl/filelist.txt,/home/zdq-as/mouse_methyl_work/raw_downloads/geo_supplements_v27/GSE225166/GSM7040645_lane6194_TGCGATCT_M00018011_15_M_Skin_plate1_pool3_iTag25_L003_R1.barcode_removed_val_1_GRCm38_bismark_bt2_pe.deduplicated.bismark.cov.gz,planned,True
166,GSE225166,P0_processed_parser_pilot,mouse sparse/single-cell low-coverage age methylation; processed COV tar first,GSM7040646_lane6194_TGTACCTT_M00018359_9_M_Skin_plate1_pool3_iTag17_L003_R1.barcode_removed_val_1_GRCm38_bismark_bt2_pe.deduplicated.bismark.cov.gz,COV,18427947,https://ftp.ncbi.nlm.nih.gov/geo/samples/GSM7040nnn/GSM7040646/suppl/GSM7040646_lane6194_TGTACCTT_M00018359_9_M_Skin_plate1_pool3_iTag17_L003_R1.barcode_removed_val_1_GRCm38_bismark_bt2_pe.deduplicated.bismark.cov.gz,https://ftp.ncbi.nlm.nih.gov/geo/series/GSE225nnn/GSE225166/suppl/filelist.txt,/home/zdq-as/mouse_methyl_work/raw_downloads/geo_supplements_v27/GSE225166/GSM7040646_lane6194_TGTACCTT_M00018359_9_M_Skin_plate1_pool3_iTag17_L003_R1.barcode_removed_val_1_GRCm38_bismark_bt2_pe.deduplicated.bismark.cov.gz,planned,True
167,GSE225166,P0_processed_parser_pilot,mouse sparse/single-cell low-coverage age methylation; processed COV tar first,GSM7040647_lane6195_GAGCCAAT_M00018752_6_M_Lung_Macrophages_plate1_pool4_iTag82_L004_R1.barcode_removed_val_1_GRCm38_bismark_bt2_pe.deduplicated.bismark.cov.gz,COV,18085117,https://ftp.ncbi.nlm.nih.gov/geo/samples/GSM7040nnn/GSM7040647/suppl/GSM7040647_lane6195_GAGCCAAT_M00018752_6_M_Lung_Macrophages_plate1_pool4_iTag82_L004_R1.barcode_removed_val_1_GRCm38_bismark_bt2_pe.deduplicated.bismark.cov.gz,https://ftp.ncbi.nlm.nih.gov/geo/series/GSE225nnn/GSE225166/suppl/filelist.txt,/home/zdq-as/mouse_methyl_work/raw_downloads/geo_supplements_v27/GSE225166/GSM7040647_lane6195_GAGCCAAT_M00018752_6_M_Lung_Macrophages_plate1_pool4_iTag82_L004_R1.barcode_removed_val_1_GRCm38_bismark_bt2_pe.deduplicated.bismark.cov.gz,planned,True
168,GSE225166,P0_processed_parser_pilot,mouse sparse/single-cell low-coverage age methylation; processed COV tar first,GSM7040648_lane6195_GAGGTGCT_M00017620_24_M_B_cells_plate1_pool4_iTag77_L004_R1.barcode_removed_val_1_GRCm38_bismark_bt2_pe.deduplicated.bismark.cov.gz,COV,24103099,https://ftp.ncbi.nlm.nih.gov/geo/samples/GSM7040nnn/GSM7040648/suppl/GSM7040648_lane6195_GAGGTGCT_M00017620_24_M_B_cells_plate1_pool4_iTag77_L004_R1.barcode_removed_val_1_GRCm38_bismark_bt2_pe.deduplicated.bismark.cov.gz,https://ftp.ncbi.nlm.nih.gov/geo/series/GSE225nnn/GSE225166/suppl/filelist.txt,/home/zdq-as/mouse_methyl_work/raw_downloads/geo_supplements_v27/GSE225166/GSM7040648_lane6195_GAGGTGCT_M00017620_24_M_B_cells_plate1_pool4_iTag77_L004_R1.barcode_removed_val_1_GRCm38_bismark_bt2_pe.deduplicated.bismark.cov.gz,planned,True
169,GSE225166,P0_processed_parser_pilot,mouse sparse/single-cell low-coverage age methylation; processed COV tar first,GSM7040649_lane6195_GCACTGTC_M00017620_24_M_Intestinal_Stem_Cells_plate1_pool4_iTag93_L004_R1.barcode_removed_val_1_GRCm38_bismark_bt2_pe.deduplicated.bismark.cov.gz,COV,17732718,https://ftp.ncbi.nlm.nih.gov/geo/samples/GSM7040nnn/GSM7040649/suppl/GSM7040649_lane6195_GCACTGTC_M00017620_24_M_Intestinal_Stem_Cells_plate1_pool4_iTag93_L004_R1.barcode_removed_val_1_GRCm38_bismark_bt2_pe.deduplicated.bismark.cov.gz,https://ftp.ncbi.nlm.nih.gov/geo/series/GSE225nnn/GSE225166/suppl/filelist.txt,/home/zdq-as/mouse_methyl_work/raw_downloads/geo_supplements_v27/GSE225166/GSM7040649_lane6195_GCACTGTC_M00017620_24_M_Intestinal_Stem_Cells_plate1_pool4_iTag93_L004_R1.barcode_removed_val_1_GRCm38_bismark_bt2_pe.deduplicated.bismark.cov.gz,planned,True
170,GSE225166,P0_processed_parser_pilot,mouse sparse/single-cell low-coverage age methylation; processed COV tar first,GSM7040650_lane6195_GCCTGTTC_M00017996_15_M_Intestinal_Stem_Cells_plate1_pool4_iTag92_L004_R1.barcode_removed_val_1_GRCm38_bismark_bt2_pe.deduplicated.bismark.cov.gz,COV,19089669,https://ftp.ncbi.nlm.nih.gov/geo/samples/GSM7040nnn/GSM7040650/suppl/GSM7040650_lane6195_GCCTGTTC_M00017996_15_M_Intestinal_Stem_Cells_plate1_pool4_iTag92_L004_R1.barcode_removed_val_1_GRCm38_bismark_bt2_pe.deduplicated.bismark.cov.gz,https://ftp.ncbi.nlm.nih.gov/geo/series/GSE225nnn/GSE225166/suppl/filelist.txt,/home/zdq-as/mouse_methyl_work/raw_downloads/geo_supplements_v27/GSE225166/GSM7040650_lane6195_GCCTGTTC_M00017996_15_M_Intestinal_Stem_Cells_plate1_pool4_iTag92_L004_R1.barcode_removed_val_1_GRCm38_bismark_bt2_pe.deduplicated.bismark.cov.gz,planned,True
171,GSE225166,P0_processed_parser_pilot,mouse sparse/single-cell low-coverage age methylation; processed COV tar first,GSM7040651_lane6195_GGTCGTGT_M00017619_24_M_Testes_plate1_pool4_iTag74_L004_R1.barcode_removed_val_1_GRCm38_bismark_bt2_pe.deduplicated.bismark.cov.gz,COV,20535848,https://ftp.ncbi.nlm.nih.gov/geo/samples/GSM7040nnn/GSM7040651/suppl/GSM7040651_lane6195_GGTCGTGT_M00017619_24_M_Testes_plate1_pool4_iTag74_L004_R1.barcode_removed_val_1_GRCm38_bismark_bt2_pe.deduplicated.bismark.cov.gz,https://ftp.ncbi.nlm.nih.gov/geo/series/GSE225nnn/GSE225166/suppl/filelist.txt,/home/zdq-as/mouse_methyl_work/raw_downloads/geo_supplements_v27/GSE225166/GSM7040651_lane6195_GGTCGTGT_M00017619_24_M_Testes_plate1_pool4_iTag74_L004_R1.barcode_removed_val_1_GRCm38_bismark_bt2_pe.deduplicated.bismark.cov.gz,planned,True
172,GSE225166,P0_processed_parser_pilot,mouse sparse/single-cell low-coverage age methylation; processed COV tar first,GSM7040652_lane6195_GGTGAGTT_M00017912_15_M_B_cells_plate1_pool4_iTag69_L004_R1.barcode_removed_val_1_GRCm38_bismark_bt2_pe.deduplicated.bismark.cov.gz,COV,18468763,https://ftp.ncbi.nlm.nih.gov/geo/samples/GSM7040nnn/GSM7040652/suppl/GSM7040652_lane6195_GGTGAGTT_M00017912_15_M_B_cells_plate1_pool4_iTag69_L004_R1.barcode_removed_val_1_GRCm38_bismark_bt2_pe.deduplicated.bismark.cov.gz,https://ftp.ncbi.nlm.nih.gov/geo/series/GSE225nnn/GSE225166/suppl/filelist.txt,/home/zdq-as/mouse_methyl_work/raw_downloads/geo_supplements_v27/GSE225166/GSM7040652_lane6195_GGTGAGTT_M00017912_15_M_B_cells_plate1_pool4_iTag69_L004_R1.barcode_removed_val_1_GRCm38_bismark_bt2_pe.deduplicated.bismark.cov.gz,planned,True
173,GSE225166,P0_processed_parser_pilot,mouse sparse/single-cell low-coverage age methylation; processed COV tar first,GSM7040653_lane6195_TACCGAGC_M00018752_6_M_B_cells_plate1_pool4_iTag53_L004_R1.barcode_removed_val_1_GRCm38_bismark_bt2_pe.deduplicated.bismark.cov.gz,COV,16532838,https://ftp.ncbi.nlm.nih.gov/geo/samples/GSM7040nnn/GSM7040653/suppl/GSM7040653_lane6195_TACCGAGC_M00018752_6_M_B_cells_plate1_pool4_iTag53_L004_R1.barcode_removed_val_1_GRCm38_bismark_bt2_pe.deduplicated.bismark.cov.gz,https://ftp.ncbi.nlm.nih.gov/geo/series/GSE225nnn/GSE225166/suppl/filelist.txt,/home/zdq-as/mouse_methyl_work/raw_downloads/geo_supplements_v27/GSE225166/GSM7040653_lane6195_TACCGAGC_M00018752_6_M_B_cells_plate1_pool4_iTag53_L004_R1.barcode_removed_val_1_GRCm38_bismark_bt2_pe.deduplicated.bismark.cov.gz,planned,True
174,GSE225166,P0_processed_parser_pilot,mouse sparse/single-cell low-coverage age methylation; processed COV tar first,GSM7040654_lane6195_TCATTGAG_M05-20526_3_M_Skin_plate1_pool4_iTag43_L004_R1.barcode_removed_val_1_GRCm38_bismark_bt2_pe.deduplicated.bismark.cov.gz,COV,16835201,https://ftp.ncbi.nlm.nih.gov/geo/samples/GSM7040nnn/GSM7040654/suppl/GSM7040654_lane6195_TCATTGAG_M05-20526_3_M_Skin_plate1_pool4_iTag43_L004_R1.barcode_removed_val_1_GRCm38_bismark_bt2_pe.deduplicated.bismark.cov.gz,https://ftp.ncbi.nlm.nih.gov/geo/series/GSE225nnn/GSE225166/suppl/filelist.txt,/home/zdq-as/mouse_methyl_work/raw_downloads/geo_supplements_v27/GSE225166/GSM7040654_lane6195_TCATTGAG_M05-20526_3_M_Skin_plate1_pool4_iTag43_L004_R1.barcode_removed_val_1_GRCm38_bismark_bt2_pe.deduplicated.bismark.cov.gz,planned,True
175,GSE225166,P0_processed_parser_pilot,mouse sparse/single-cell low-coverage age methylation; processed COV tar first,GSM7040655_lane6195_TCTGCTGT_M00018359_9_M_B_cells_plate1_pool4_iTag19_L004_R1.barcode_removed_val_1_GRCm38_bismark_bt2_pe.deduplicated.bismark.cov.gz,COV,17290510,https://ftp.ncbi.nlm.nih.gov/geo/samples/GSM7040nnn/GSM7040655/suppl/GSM7040655_lane6195_TCTGCTGT_M00018359_9_M_B_cells_plate1_pool4_iTag19_L004_R1.barcode_removed_val_1_GRCm38_bismark_bt2_pe.deduplicated.bismark.cov.gz,https://ftp.ncbi.nlm.nih.gov/geo/series/GSE225nnn/GSE225166/suppl/filelist.txt,/home/zdq-as/mouse_methyl_work/raw_downloads/geo_supplements_v27/GSE225166/GSM7040655_lane6195_TCTGCTGT_M00018359_9_M_B_cells_plate1_pool4_iTag19_L004_R1.barcode_removed_val_1_GRCm38_bismark_bt2_pe.deduplicated.bismark.cov.gz,planned,True
176,GSE225166,P0_processed_parser_pilot,mouse sparse/single-cell low-coverage age methylation; processed COV tar first,GSM7040656_lane6195_TGCATAGT_M00018359_9_M_Lung_Macrophages_plate1_pool4_iTag23_L004_R1.barcode_removed_val_1_GRCm38_bismark_bt2_pe.deduplicated.bismark.cov.gz,COV,15087608,https://ftp.ncbi.nlm.nih.gov/geo/samples/GSM7040nnn/GSM7040656/suppl/GSM7040656_lane6195_TGCATAGT_M00018359_9_M_Lung_Macrophages_plate1_pool4_iTag23_L004_R1.barcode_removed_val_1_GRCm38_bismark_bt2_pe.deduplicated.bismark.cov.gz,https://ftp.ncbi.nlm.nih.gov/geo/series/GSE225nnn/GSE225166/suppl/filelist.txt,/home/zdq-as/mouse_methyl_work/raw_downloads/geo_supplements_v27/GSE225166/GSM7040656_lane6195_TGCATAGT_M00018359_9_M_Lung_Macrophages_plate1_pool4_iTag23_L004_R1.barcode_removed_val_1_GRCm38_bismark_bt2_pe.deduplicated.bismark.cov.gz,planned,True
177,GSE225166,P0_processed_parser_pilot,mouse sparse/single-cell low-coverage age methylation; processed COV tar first,GSM7040657_lane6195_TGTCTATC_M00018740_6_M_Kidney_plate1_pool4_iTag49_L004_R1.barcode_removed_val_1_GRCm38_bismark_bt2_pe.deduplicated.bismark.cov.gz,COV,21780934,https://ftp.ncbi.nlm.nih.gov/geo/samples/GSM7040nnn/GSM7040657/suppl/GSM7040657_lane6195_TGTCTATC_M00018740_6_M_Kidney_plate1_pool4_iTag49_L004_R1.barcode_removed_val_1_GRCm38_bismark_bt2_pe.deduplicated.bismark.cov.gz,https://ftp.ncbi.nlm.nih.gov/geo/series/GSE225nnn/GSE225166/suppl/filelist.txt,/home/zdq-as/mouse_methyl_work/raw_downloads/geo_supplements_v27/GSE225166/GSM7040657_lane6195_TGTCTATC_M00018740_6_M_Kidney_plate1_pool4_iTag49_L004_R1.barcode_removed_val_1_GRCm38_bismark_bt2_pe.deduplicated.bismark.cov.gz,planned,True
178,GSE225166,P0_processed_parser_pilot,mouse sparse/single-cell low-coverage age methylation; processed COV tar first,GSM7040658_lane6195_TTACTCGC_M00018752_6_M_Skin_plate1_pool4_iTag51_L004_R1.barcode_removed_val_1_GRCm38_bismark_bt2_pe.deduplicated.bismark.cov.gz,COV,17389738,https://ftp.ncbi.nlm.nih.gov/geo/samples/GSM7040nnn/GSM7040658/suppl/GSM7040658_lane6195_TTACTCGC_M00018752_6_M_Skin_plate1_pool4_iTag51_L004_R1.barcode_removed_val_1_GRCm38_bismark_bt2_pe.deduplicated.bismark.cov.gz,https://ftp.ncbi.nlm.nih.gov/geo/series/GSE225nnn/GSE225166/suppl/filelist.txt,/home/zdq-as/mouse_methyl_work/raw_downloads/geo_supplements_v27/GSE225166/GSM7040658_lane6195_TTACTCGC_M00018752_6_M_Skin_plate1_pool4_iTag51_L004_R1.barcode_removed_val_1_GRCm38_bismark_bt2_pe.deduplicated.bismark.cov.gz,planned,True
179,GSE225166,P0_processed_parser_pilot,mouse sparse/single-cell low-coverage age methylation; processed COV tar first,GSM7040659_lane6196_CTTGTACT_M00018740_6_M_CD4_T_Cells_plate1_pool5_iTag12_L005_R1.barcode_removed_val_1_GRCm38_bismark_bt2_pe.deduplicated.bismark.cov.gz,COV,17975924,https://ftp.ncbi.nlm.nih.gov/geo/samples/GSM7040nnn/GSM7040659/suppl/GSM7040659_lane6196_CTTGTACT_M00018740_6_M_CD4_T_Cells_plate1_pool5_iTag12_L005_R1.barcode_removed_val_1_GRCm38_bismark_bt2_pe.deduplicated.bismark.cov.gz,https://ftp.ncbi.nlm.nih.gov/geo/series/GSE225nnn/GSE225166/suppl/filelist.txt,/home/zdq-as/mouse_methyl_work/raw_downloads/geo_supplements_v27/GSE225166/GSM7040659_lane6196_CTTGTACT_M00018740_6_M_CD4_T_Cells_plate1_pool5_iTag12_L005_R1.barcode_removed_val_1_GRCm38_bismark_bt2_pe.deduplicated.bismark.cov.gz,planned,True
180,GSE225166,P0_processed_parser_pilot,mouse sparse/single-cell low-coverage age methylation; processed COV tar first,GSM7040660_lane6196_GCCAATGT_M04-20526_3_M_Cerebellum_plate1_pool5_iTag6_L005_R1.barcode_removed_val_1_GRCm38_bismark_bt2_pe.deduplicated.bismark.cov.gz,COV,18548875,https://ftp.ncbi.nlm.nih.gov/geo/samples/GSM7040nnn/GSM7040660/suppl/GSM7040660_lane6196_GCCAATGT_M04-20526_3_M_Cerebellum_plate1_pool5_iTag6_L005_R1.barcode_removed_val_1_GRCm38_bismark_bt2_pe.deduplicated.bismark.cov.gz,https://ftp.ncbi.nlm.nih.gov/geo/series/GSE225nnn/GSE225166/suppl/filelist.txt,/home/zdq-as/mouse_methyl_work/raw_downloads/geo_supplements_v27/GSE225166/GSM7040660_lane6196_GCCAATGT_M04-20526_3_M_Cerebellum_plate1_pool5_iTag6_L005_R1.barcode_removed_val_1_GRCm38_bismark_bt2_pe.deduplicated.bismark.cov.gz,planned,True
181,GSE225166,P0_processed_parser_pilot,mouse sparse/single-cell low-coverage age methylation; processed COV tar first,GSM7040661_lane6196_GCTCCTTG_M00018360_9_M_Lung_Macrophages_plate1_pool5_iTag83_L005_R1.barcode_removed_val_1_GRCm38_bismark_bt2_pe.deduplicated.bismark.cov.gz,COV,19853522,https://ftp.ncbi.nlm.nih.gov/geo/samples/GSM7040nnn/GSM7040661/suppl/GSM7040661_lane6196_GCTCCTTG_M00018360_9_M_Lung_Macrophages_plate1_pool5_iTag83_L005_R1.barcode_removed_val_1_GRCm38_bismark_bt2_pe.deduplicated.bismark.cov.gz,https://ftp.ncbi.nlm.nih.gov/geo/series/GSE225nnn/GSE225166/suppl/filelist.txt,/home/zdq-as/mouse_methyl_work/raw_downloads/geo_supplements_v27/GSE225166/GSM7040661_lane6196_GCTCCTTG_M00018360_9_M_Lung_Macrophages_plate1_pool5_iTag83_L005_R1.barcode_removed_val_1_GRCm38_bismark_bt2_pe.deduplicated.bismark.cov.gz,planned,True
182,GSE225166,P0_processed_parser_pilot,mouse sparse/single-cell low-coverage age methylation; processed COV tar first,GSM7040662_lane6196_TAACGCTG_M00017619_24_M_Hind_Muscle_plate1_pool5_iTag34_L005_R1.barcode_removed_val_1_GRCm38_bismark_bt2_pe.deduplicated.bismark.cov.gz,COV,20768065,https://ftp.ncbi.nlm.nih.gov/geo/samples/GSM7040nnn/GSM7040662/suppl/GSM7040662_lane6196_TAACGCTG_M00017619_24_M_Hind_Muscle_plate1_pool5_iTag34_L005_R1.barcode_removed_val_1_GRCm38_bismark_bt2_pe.deduplicated.bismark.cov.gz,https://ftp.ncbi.nlm.nih.gov/geo/series/GSE225nnn/GSE225166/suppl/filelist.txt,/home/zdq-as/mouse_methyl_work/raw_downloads/geo_supplements_v27/GSE225166/GSM7040662_lane6196_TAACGCTG_M00017619_24_M_Hind_Muscle_plate1_pool5_iTag34_L005_R1.barcode_removed_val_1_GRCm38_bismark_bt2_pe.deduplicated.bismark.cov.gz,planned,True
183,GSE225166,P0_processed_parser_pilot,mouse sparse/single-cell low-coverage age methylation; processed COV tar first,GSM7040663_lane6196_TAGCTTGT_M00018740_6_M_Hind_Muscle_plate1_pool5_iTag10_L005_R1.barcode_removed_val_1_GRCm38_bismark_bt2_pe.deduplicated.bismark.cov.gz,COV,16368763,https://ftp.ncbi.nlm.nih.gov/geo/samples/GSM7040nnn/GSM7040663/suppl/GSM7040663_lane6196_TAGCTTGT_M00018740_6_M_Hind_Muscle_plate1_pool5_iTag10_L005_R1.barcode_removed_val_1_GRCm38_bismark_bt2_pe.deduplicated.bismark.cov.gz,https://ftp.ncbi.nlm.nih.gov/geo/series/GSE225nnn/GSE225166/suppl/filelist.txt,/home/zdq-as/mouse_methyl_work/raw_downloads/geo_supplements_v27/GSE225166/GSM7040663_lane6196_TAGCTTGT_M00018740_6_M_Hind_Muscle_plate1_pool5_iTag10_L005_R1.barcode_removed_val_1_GRCm38_bismark_bt2_pe.deduplicated.bismark.cov.gz,planned,True
184,GSE225166,P0_processed_parser_pilot,mouse sparse/single-cell low-coverage age methylation; processed COV tar first,GSM7040664_lane6196_TATGTGGC_M00018740_6_M_Testes_plate1_pool5_iTag50_L005_R1.barcode_removed_val_1_GRCm38_bismark_bt2_pe.deduplicated.bismark.cov.gz,COV,16585865,https://ftp.ncbi.nlm.nih.gov/geo/samples/GSM7040nnn/GSM7040664/suppl/GSM7040664_lane6196_TATGTGGC_M00018740_6_M_Testes_plate1_pool5_iTag50_L005_R1.barcode_removed_val_1_GRCm38_bismark_bt2_pe.deduplicated.bismark.cov.gz,https://ftp.ncbi.nlm.nih.gov/geo/series/GSE225nnn/GSE225166/suppl/filelist.txt,/home/zdq-as/mouse_methyl_work/raw_downloads/geo_supplements_v27/GSE225166/GSM7040664_lane6196_TATGTGGC_M00018740_6_M_Testes_plate1_pool5_iTag50_L005_R1.barcode_removed_val_1_GRCm38_bismark_bt2_pe.deduplicated.bismark.cov.gz,planned,True
185,GSE225166,P0_processed_parser_pilot,mouse sparse/single-cell low-coverage age methylation; processed COV tar first,GSM7040665_lane6196_TCCAGTCG_M04-20526_3_M_Kidney_plate1_pool5_iTag41_L005_R1.barcode_removed_val_1_GRCm38_bismark_bt2_pe.deduplicated.bismark.cov.gz,COV,16946763,https://ftp.ncbi.nlm.nih.gov/geo/samples/GSM7040nnn/GSM7040665/suppl/GSM7040665_lane6196_TCCAGTCG_M04-20526_3_M_Kidney_plate1_pool5_iTag41_L005_R1.barcode_removed_val_1_GRCm38_bismark_bt2_pe.deduplicated.bismark.cov.gz,https://ftp.ncbi.nlm.nih.gov/geo/series/GSE225nnn/GSE225166/suppl/filelist.txt,/home/zdq-as/mouse_methyl_work/raw_downloads/geo_supplements_v27/GSE225166/GSM7040665_lane6196_TCCAGTCG_M04-20526_3_M_Kidney_plate1_pool5_iTag41_L005_R1.barcode_removed_val_1_GRCm38_bismark_bt2_pe.deduplicated.bismark.cov.gz,planned,True
186,GSE225166,P0_processed_parser_pilot,mouse sparse/single-cell low-coverage age methylation; processed COV tar first,GSM7040666_lane6196_TCTCGGTT_M00018740_6_M_Cerebellum_plate1_pool5_iTag14_L005_R1.barcode_removed_val_1_GRCm38_bismark_bt2_pe.deduplicated.bismark.cov.gz,COV,16269074,https://ftp.ncbi.nlm.nih.gov/geo/samples/GSM7040nnn/GSM7040666/suppl/GSM7040666_lane6196_TCTCGGTT_M00018740_6_M_Cerebellum_plate1_pool5_iTag14_L005_R1.barcode_removed_val_1_GRCm38_bismark_bt2_pe.deduplicated.bismark.cov.gz,https://ftp.ncbi.nlm.nih.gov/geo/series/GSE225nnn/GSE225166/suppl/filelist.txt,/home/zdq-as/mouse_methyl_work/raw_downloads/geo_supplements_v27/GSE225166/GSM7040666_lane6196_TCTCGGTT_M00018740_6_M_Cerebellum_plate1_pool5_iTag14_L005_R1.barcode_removed_val_1_GRCm38_bismark_bt2_pe.deduplicated.bismark.cov.gz,planned,True
187,GSE225166,P0_processed_parser_pilot,mouse sparse/single-cell low-coverage age methylation; processed COV tar first,GSM7040667_lane6196_TGTGGTTG_M00018011_15_M_Cerebellum_plate1_pool5_iTag30_L005_R1.barcode_removed_val_1_GRCm38_bismark_bt2_pe.deduplicated.bismark.cov.gz,COV,18925186,https://ftp.ncbi.nlm.nih.gov/geo/samples/GSM7040nnn/GSM7040667/suppl/GSM7040667_lane6196_TGTGGTTG_M00018011_15_M_Cerebellum_plate1_pool5_iTag30_L005_R1.barcode_removed_val_1_GRCm38_bismark_bt2_pe.deduplicated.bismark.cov.gz,https://ftp.ncbi.nlm.nih.gov/geo/series/GSE225nnn/GSE225166/suppl/filelist.txt,/home/zdq-as/mouse_methyl_work/raw_downloads/geo_supplements_v27/GSE225166/GSM7040667_lane6196_TGTGGTTG_M00018011_15_M_Cerebellum_plate1_pool5_iTag30_L005_R1.barcode_removed_val_1_GRCm38_bismark_bt2_pe.deduplicated.bismark.cov.gz,planned,True
188,GSE225166,P0_processed_parser_pilot,mouse sparse/single-cell low-coverage age methylation; processed COV tar first,GSM7040668_lane6196_TTAGGCAT_M04-20526_3_M_B_cells_plate1_pool5_iTag3_L005_R1.barcode_removed_val_1_GRCm38_bismark_bt2_pe.deduplicated.bismark.cov.gz,COV,16962006,https://ftp.ncbi.nlm.nih.gov/geo/samples/GSM7040nnn/GSM7040668/suppl/GSM7040668_lane6196_TTAGGCAT_M04-20526_3_M_B_cells_plate1_pool5_iTag3_L005_R1.barcode_removed_val_1_GRCm38_bismark_bt2_pe.deduplicated.bismark.cov.gz,https://ftp.ncbi.nlm.nih.gov/geo/series/GSE225nnn/GSE225166/suppl/filelist.txt,/home/zdq-as/mouse_methyl_work/raw_downloads/geo_supplements_v27/GSE225166/GSM7040668_lane6196_TTAGGCAT_M04-20526_3_M_B_cells_plate1_pool5_iTag3_L005_R1.barcode_removed_val_1_GRCm38_bismark_bt2_pe.deduplicated.bismark.cov.gz,planned,True
189,GSE225166,P0_processed_parser_pilot,mouse sparse/single-cell low-coverage age methylation; processed COV tar first,GSM7040669_lane6196_TTCGCACC_M00018752_6_M_CD8_T_Cells_plate1_pool5_iTag55_L005_R1.barcode_removed_val_1_GRCm38_bismark_bt2_pe.deduplicated.bismark.cov.gz,COV,14492444,https://ftp.ncbi.nlm.nih.gov/geo/samples/GSM7040nnn/GSM7040669/suppl/GSM7040669_lane6196_TTCGCACC_M00018752_6_M_CD8_T_Cells_plate1_pool5_iTag55_L005_R1.barcode_removed_val_1_GRCm38_bismark_bt2_pe.deduplicated.bismark.cov.gz,https://ftp.ncbi.nlm.nih.gov/geo/series/GSE225nnn/GSE225166/suppl/filelist.txt,/home/zdq-as/mouse_methyl_work/raw_downloads/geo_supplements_v27/GSE225166/GSM7040669_lane6196_TTCGCACC_M00018752_6_M_CD8_T_Cells_plate1_pool5_iTag55_L005_R1.barcode_removed_val_1_GRCm38_bismark_bt2_pe.deduplicated.bismark.cov.gz,planned,True
190,GSE225166,P0_processed_parser_pilot,mouse sparse/single-cell low-coverage age methylation; processed COV tar first,GSM7040670_lane6196_TTCTGTGT_M00018359_9_M_Hind_Muscle_plate1_pool5_iTag18_L005_R1.barcode_removed_val_1_GRCm38_bismark_bt2_pe.deduplicated.bismark.cov.gz,COV,17689157,https://ftp.ncbi.nlm.nih.gov/geo/samples/GSM7040nnn/GSM7040670/suppl/GSM7040670_lane6196_TTCTGTGT_M00018359_9_M_Hind_Muscle_plate1_pool5_iTag18_L005_R1.barcode_removed_val_1_GRCm38_bismark_bt2_pe.deduplicated.bismark.cov.gz,https://ftp.ncbi.nlm.nih.gov/geo/series/GSE225nnn/GSE225166/suppl/filelist.txt,/home/zdq-as/mouse_methyl_work/raw_downloads/geo_supplements_v27/GSE225166/GSM7040670_lane6196_TTCTGTGT_M00018359_9_M_Hind_Muscle_plate1_pool5_iTag18_L005_R1.barcode_removed_val_1_GRCm38_bismark_bt2_pe.deduplicated.bismark.cov.gz,planned,True
191,GSE225166,P0_processed_parser_pilot,mouse sparse/single-cell low-coverage age methylation; processed COV tar first,GSM7040671_lane6197_GAATCTGT_M00017620_24_M_Skin_plate1_pool6_iTag75_L006_R1.barcode_removed_val_1_GRCm38_bismark_bt2_pe.deduplicated.bismark.cov.gz,COV,15464181,https://ftp.ncbi.nlm.nih.gov/geo/samples/GSM7040nnn/GSM7040671/suppl/GSM7040671_lane6197_GAATCTGT_M00017620_24_M_Skin_plate1_pool6_iTag75_L006_R1.barcode_removed_val_1_GRCm38_bismark_bt2_pe.deduplicated.bismark.cov.gz,https://ftp.ncbi.nlm.nih.gov/geo/series/GSE225nnn/GSE225166/suppl/filelist.txt,/home/zdq-as/mouse_methyl_work/raw_downloads/geo_supplements_v27/GSE225166/GSM7040671_lane6197_GAATCTGT_M00017620_24_M_Skin_plate1_pool6_iTag75_L006_R1.barcode_removed_val_1_GRCm38_bismark_bt2_pe.deduplicated.bismark.cov.gz,planned,True
192,GSE225166,P0_processed_parser_pilot,mouse sparse/single-cell low-coverage age methylation; processed COV tar first,GSM7040672_lane6197_GACCTTAG_M00018360_9_M_Intestinal_Stem_Cells_plate1_pool6_iTag91_L006_R1.barcode_removed_val_1_GRCm38_bismark_bt2_pe.deduplicated.bismark.cov.gz,COV,16311117,https://ftp.ncbi.nlm.nih.gov/geo/samples/GSM7040nnn/GSM7040672/suppl/GSM7040672_lane6197_GACCTTAG_M00018360_9_M_Intestinal_Stem_Cells_plate1_pool6_iTag91_L006_R1.barcode_removed_val_1_GRCm38_bismark_bt2_pe.deduplicated.bismark.cov.gz,https://ftp.ncbi.nlm.nih.gov/geo/series/GSE225nnn/GSE225166/suppl/filelist.txt,/home/zdq-as/mouse_methyl_work/raw_downloads/geo_supplements_v27/GSE225166/GSM7040672_lane6197_GACCTTAG_M00018360_9_M_Intestinal_Stem_Cells_plate1_pool6_iTag91_L006_R1.barcode_removed_val_1_GRCm38_bismark_bt2_pe.deduplicated.bismark.cov.gz,planned,True
193,GSE225166,P0_processed_parser_pilot,mouse sparse/single-cell low-coverage age methylation; processed COV tar first,GSM7040673_lane6197_TACTTCGG_M00017619_24_M_CD8_T_Cells_plate1_pool6_iTag37_L006_R1.barcode_removed_val_1_GRCm38_bismark_bt2_pe.deduplicated.bismark.cov.gz,COV,18497561,https://ftp.ncbi.nlm.nih.gov/geo/samples/GSM7040nnn/GSM7040673/suppl/GSM7040673_lane6197_TACTTCGG_M00017619_24_M_CD8_T_Cells_plate1_pool6_iTag37_L006_R1.barcode_removed_val_1_GRCm38_bismark_bt2_pe.deduplicated.bismark.cov.gz,https://ftp.ncbi.nlm.nih.gov/geo/series/GSE225nnn/GSE225166/suppl/filelist.txt,/home/zdq-as/mouse_methyl_work/raw_downloads/geo_supplements_v27/GSE225166/GSM7040673_lane6197_TACTTCGG_M00017619_24_M_CD8_T_Cells_plate1_pool6_iTag37_L006_R1.barcode_removed_val_1_GRCm38_bismark_bt2_pe.deduplicated.bismark.cov.gz,planned,True
194,GSE225166,P0_processed_parser_pilot,mouse sparse/single-cell low-coverage age methylation; processed COV tar first,GSM7040674_lane6197_TCAGATTC_M05-20526_3_M_CD4_T_Cells_plate1_pool6_iTag46_L006_R1.barcode_removed_val_1_GRCm38_bismark_bt2_pe.deduplicated.bismark.cov.gz,COV,16166420,https://ftp.ncbi.nlm.nih.gov/geo/samples/GSM7040nnn/GSM7040674/suppl/GSM7040674_lane6197_TCAGATTC_M05-20526_3_M_CD4_T_Cells_plate1_pool6_iTag46_L006_R1.barcode_removed_val_1_GRCm38_bismark_bt2_pe.deduplicated.bismark.cov.gz,https://ftp.ncbi.nlm.nih.gov/geo/series/GSE225nnn/GSE225166/suppl/filelist.txt,/home/zdq-as/mouse_methyl_work/raw_downloads/geo_supplements_v27/GSE225166/GSM7040674_lane6197_TCAGATTC_M05-20526_3_M_CD4_T_Cells_plate1_pool6_iTag46_L006_R1.barcode_removed_val_1_GRCm38_bismark_bt2_pe.deduplicated.bismark.cov.gz,planned,True
195,GSE225166,P0_processed_parser_pilot,mouse sparse/single-cell low-coverage age methylation; processed COV tar first,GSM7040675_lane6197_TCTCACGG_M00017619_24_M_Cerebellum_plate1_pool6_iTag38_L006_R1.barcode_removed_val_1_GRCm38_bismark_bt2_pe.deduplicated.bismark.cov.gz,COV,14096961,https://ftp.ncbi.nlm.nih.gov/geo/samples/GSM7040nnn/GSM7040675/suppl/GSM7040675_lane6197_TCTCACGG_M00017619_24_M_Cerebellum_plate1_pool6_iTag38_L006_R1.barcode_removed_val_1_GRCm38_bismark_bt2_pe.deduplicated.bismark.cov.gz,https://ftp.ncbi.nlm.nih.gov/geo/series/GSE225nnn/GSE225166/suppl/filelist.txt,/home/zdq-as/mouse_methyl_work/raw_downloads/geo_supplements_v27/GSE225166/GSM7040675_lane6197_TCTCACGG_M00017619_24_M_Cerebellum_plate1_pool6_iTag38_L006_R1.barcode_removed_val_1_GRCm38_bismark_bt2_pe.deduplicated.bismark.cov.gz,planned,True
196,GSE225166,P0_processed_parser_pilot,mouse sparse/single-cell low-coverage age methylation; processed COV tar first,GSM7040676_lane6197_TCTCTTCA_M00018360_9_M_Cerebellum_plate1_pool6_iTag64_L006_R1.barcode_removed_val_1_GRCm38_bismark_bt2_pe.deduplicated.bismark.cov.gz,COV,17270318,https://ftp.ncbi.nlm.nih.gov/geo/samples/GSM7040nnn/GSM7040676/suppl/GSM7040676_lane6197_TCTCTTCA_M00018360_9_M_Cerebellum_plate1_pool6_iTag64_L006_R1.barcode_removed_val_1_GRCm38_bismark_bt2_pe.deduplicated.bismark.cov.gz,https://ftp.ncbi.nlm.nih.gov/geo/series/GSE225nnn/GSE225166/suppl/filelist.txt,/home/zdq-as/mouse_methyl_work/raw_downloads/geo_supplements_v27/GSE225166/GSM7040676_lane6197_TCTCTTCA_M00018360_9_M_Cerebellum_plate1_pool6_iTag64_L006_R1.barcode_removed_val_1_GRCm38_bismark_bt2_pe.deduplicated.bismark.cov.gz,planned,True
197,GSE225166,P0_processed_parser_pilot,mouse sparse/single-cell low-coverage age methylation; processed COV tar first,GSM7040677_lane6197_TGAACTGG_M00017619_24_M_CD4_T_Cells_plate1_pool6_iTag36_L006_R1.barcode_removed_val_1_GRCm38_bismark_bt2_pe.deduplicated.bismark.cov.gz,COV,14891837,https://ftp.ncbi.nlm.nih.gov/geo/samples/GSM7040nnn/GSM7040677/suppl/GSM7040677_lane6197_TGAACTGG_M00017619_24_M_CD4_T_Cells_plate1_pool6_iTag36_L006_R1.barcode_removed_val_1_GRCm38_bismark_bt2_pe.deduplicated.bismark.cov.gz,https://ftp.ncbi.nlm.nih.gov/geo/series/GSE225nnn/GSE225166/suppl/filelist.txt,/home/zdq-as/mouse_methyl_work/raw_downloads/geo_supplements_v27/GSE225166/GSM7040677_lane6197_TGAACTGG_M00017619_24_M_CD4_T_Cells_plate1_pool6_iTag36_L006_R1.barcode_removed_val_1_GRCm38_bismark_bt2_pe.deduplicated.bismark.cov.gz,planned,True
198,GSE225166,P0_processed_parser_pilot,mouse sparse/single-cell low-coverage age methylation; processed COV tar first,GSM7040678_lane6197_TGACAGAC_M00018359_9_M_Testes_plate1_pool6_iTag58_L006_R1.barcode_removed_val_1_GRCm38_bismark_bt2_pe.deduplicated.bismark.cov.gz,COV,15708840,https://ftp.ncbi.nlm.nih.gov/geo/samples/GSM7040nnn/GSM7040678/suppl/GSM7040678_lane6197_TGACAGAC_M00018359_9_M_Testes_plate1_pool6_iTag58_L006_R1.barcode_removed_val_1_GRCm38_bismark_bt2_pe.deduplicated.bismark.cov.gz,https://ftp.ncbi.nlm.nih.gov/geo/series/GSE225nnn/GSE225166/suppl/filelist.txt,/home/zdq-as/mouse_methyl_work/raw_downloads/geo_supplements_v27/GSE225166/GSM7040678_lane6197_TGACAGAC_M00018359_9_M_Testes_plate1_pool6_iTag58_L006_R1.barcode_removed_val_1_GRCm38_bismark_bt2_pe.deduplicated.bismark.cov.gz,planned,True
199,GSE225166,P0_processed_parser_pilot,mouse sparse/single-cell low-coverage age methylation; processed COV tar first,GSM7040679_lane6197_TGTATGCG_M04-20526_3_M_Testes_plate1_pool6_iTag42_L006_R1.barcode_removed_val_1_GRCm38_bismark_bt2_pe.deduplicated.bismark.cov.gz,COV,16626884,https://ftp.ncbi.nlm.nih.gov/geo/samples/GSM7040nnn/GSM7040679/suppl/GSM7040679_lane6197_TGTATGCG_M04-20526_3_M_Testes_plate1_pool6_iTag42_L006_R1.barcode_removed_val_1_GRCm38_bismark_bt2_pe.deduplicated.bismark.cov.gz,https://ftp.ncbi.nlm.nih.gov/geo/series/GSE225nnn/GSE225166/suppl/filelist.txt,/home/zdq-as/mouse_methyl_work/raw_downloads/geo_supplements_v27/GSE225166/GSM7040679_lane6197_TGTATGCG_M04-20526_3_M_Testes_plate1_pool6_iTag42_L006_R1.barcode_removed_val_1_GRCm38_bismark_bt2_pe.deduplicated.bismark.cov.gz,planned,True
200,GSE225166,P0_processed_parser_pilot,mouse sparse/single-cell low-coverage age methylation; processed COV tar first,GSM7040680_lane6197_TTCCTGCT_M00018011_15_M_Hind_Muscle_plate1_pool6_iTag26_L006_R1.barcode_removed_val_1_GRCm38_bismark_bt2_pe.deduplicated.bismark.cov.gz,COV,16385240,https://ftp.ncbi.nlm.nih.gov/geo/samples/GSM7040nnn/GSM7040680/suppl/GSM7040680_lane6197_TTCCTGCT_M00018011_15_M_Hind_Muscle_plate1_pool6_iTag26_L006_R1.barcode_removed_val_1_GRCm38_bismark_bt2_pe.deduplicated.bismark.cov.gz,https://ftp.ncbi.nlm.nih.gov/geo/series/GSE225nnn/GSE225166/suppl/filelist.txt,/home/zdq-as/mouse_methyl_work/raw_downloads/geo_supplements_v27/GSE225166/GSM7040680_lane6197_TTCCTGCT_M00018011_15_M_Hind_Muscle_plate1_pool6_iTag26_L006_R1.barcode_removed_val_1_GRCm38_bismark_bt2_pe.deduplicated.bismark.cov.gz,planned,True
201,GSE225166,P0_processed_parser_pilot,mouse sparse/single-cell low-coverage age methylation; processed COV tar first,GSM7040681_lane6197_TTGGAGGT_M00018359_9_M_CD4_T_Cells_plate1_pool6_iTag20_L006_R1.barcode_removed_val_1_GRCm38_bismark_bt2_pe.deduplicated.bismark.cov.gz,COV,12820900,https://ftp.ncbi.nlm.nih.gov/geo/samples/GSM7040nnn/GSM7040681/suppl/GSM7040681_lane6197_TTGGAGGT_M00018359_9_M_CD4_T_Cells_plate1_pool6_iTag20_L006_R1.barcode_removed_val_1_GRCm38_bismark_bt2_pe.deduplicated.bismark.cov.gz,https://ftp.ncbi.nlm.nih.gov/geo/series/GSE225nnn/GSE225166/suppl/filelist.txt,/home/zdq-as/mouse_methyl_work/raw_downloads/geo_supplements_v27/GSE225166/GSM7040681_lane6197_TTGGAGGT_M00018359_9_M_CD4_T_Cells_plate1_pool6_iTag20_L006_R1.barcode_removed_val_1_GRCm38_bismark_bt2_pe.deduplicated.bismark.cov.gz,planned,True
202,GSE225166,P0_processed_parser_pilot,mouse sparse/single-cell low-coverage age methylation; processed COV tar first,GSM7040682_lane6197_TTGGTATG_M00017619_24_M_B_cells_plate1_pool6_iTag35_L006_R1.barcode_removed_val_1_GRCm38_bismark_bt2_pe.deduplicated.bismark.cov.gz,COV,16265847,https://ftp.ncbi.nlm.nih.gov/geo/samples/GSM7040nnn/GSM7040682/suppl/GSM7040682_lane6197_TTGGTATG_M00017619_24_M_B_cells_plate1_pool6_iTag35_L006_R1.barcode_removed_val_1_GRCm38_bismark_bt2_pe.deduplicated.bismark.cov.gz,https://ftp.ncbi.nlm.nih.gov/geo/series/GSE225nnn/GSE225166/suppl/filelist.txt,/home/zdq-as/mouse_methyl_work/raw_downloads/geo_supplements_v27/GSE225166/GSM7040682_lane6197_TTGGTATG_M00017619_24_M_B_cells_plate1_pool6_iTag35_L006_R1.barcode_removed_val_1_GRCm38_bismark_bt2_pe.deduplicated.bismark.cov.gz,planned,True
203,GSE225166,P0_processed_parser_pilot,mouse sparse/single-cell low-coverage age methylation; processed COV tar first,GSM7040683_lane6198_GATAGAGG_M00018360_9_M_Kidney_plate1_pool7_iTag88_L007_R1.barcode_removed_val_1_GRCm38_bismark_bt2_pe.deduplicated.bismark.cov.gz,COV,16560437,https://ftp.ncbi.nlm.nih.gov/geo/samples/GSM7040nnn/GSM7040683/suppl/GSM7040683_lane6198_GATAGAGG_M00018360_9_M_Kidney_plate1_pool7_iTag88_L007_R1.barcode_removed_val_1_GRCm38_bismark_bt2_pe.deduplicated.bismark.cov.gz,https://ftp.ncbi.nlm.nih.gov/geo/series/GSE225nnn/GSE225166/suppl/filelist.txt,/home/zdq-as/mouse_methyl_work/raw_downloads/geo_supplements_v27/GSE225166/GSM7040683_lane6198_GATAGAGG_M00018360_9_M_Kidney_plate1_pool7_iTag88_L007_R1.barcode_removed_val_1_GRCm38_bismark_bt2_pe.deduplicated.bismark.cov.gz,planned,True
204,GSE225166,P0_processed_parser_pilot,mouse sparse/single-cell low-coverage age methylation; processed COV tar first,GSM7040684_lane6198_GATCAGCG_M00018740_6_M_Skin_plate1_pool7_iTag9_L007_R1.barcode_removed_val_1_GRCm38_bismark_bt2_pe.deduplicated.bismark.cov.gz,COV,16616380,https://ftp.ncbi.nlm.nih.gov/geo/samples/GSM7040nnn/GSM7040684/suppl/GSM7040684_lane6198_GATCAGCG_M00018740_6_M_Skin_plate1_pool7_iTag9_L007_R1.barcode_removed_val_1_GRCm38_bismark_bt2_pe.deduplicated.bismark.cov.gz,https://ftp.ncbi.nlm.nih.gov/geo/series/GSE225nnn/GSE225166/suppl/filelist.txt,/home/zdq-as/mouse_methyl_work/raw_downloads/geo_supplements_v27/GSE225166/GSM7040684_lane6198_GATCAGCG_M00018740_6_M_Skin_plate1_pool7_iTag9_L007_R1.barcode_removed_val_1_GRCm38_bismark_bt2_pe.deduplicated.bismark.cov.gz,planned,True
205,GSE225166,P0_processed_parser_pilot,mouse sparse/single-cell low-coverage age methylation; processed COV tar first,GSM7040685_lane6198_GGATTAGG_M00018752_6_M_Kidney_plate1_pool7_iTag87_L007_R1.barcode_removed_val_1_GRCm38_bismark_bt2_pe.deduplicated.bismark.cov.gz,COV,17053426,https://ftp.ncbi.nlm.nih.gov/geo/samples/GSM7040nnn/GSM7040685/suppl/GSM7040685_lane6198_GGATTAGG_M00018752_6_M_Kidney_plate1_pool7_iTag87_L007_R1.barcode_removed_val_1_GRCm38_bismark_bt2_pe.deduplicated.bismark.cov.gz,https://ftp.ncbi.nlm.nih.gov/geo/series/GSE225nnn/GSE225166/suppl/filelist.txt,/home/zdq-as/mouse_methyl_work/raw_downloads/geo_supplements_v27/GSE225166/GSM7040685_lane6198_GGATTAGG_M00018752_6_M_Kidney_plate1_pool7_iTag87_L007_R1.barcode_removed_val_1_GRCm38_bismark_bt2_pe.deduplicated.bismark.cov.gz,planned,True
206,GSE225166,P0_processed_parser_pilot,mouse sparse/single-cell low-coverage age methylation; processed COV tar first,GSM7040686_lane6198_GTTGTCGG_M05-20526_3_M_Kidney_plate1_pool7_iTag86_L007_R1.barcode_removed_val_1_GRCm38_bismark_bt2_pe.deduplicated.bismark.cov.gz,COV,17269225,https://ftp.ncbi.nlm.nih.gov/geo/samples/GSM7040nnn/GSM7040686/suppl/GSM7040686_lane6198_GTTGTCGG_M05-20526_3_M_Kidney_plate1_pool7_iTag86_L007_R1.barcode_removed_val_1_GRCm38_bismark_bt2_pe.deduplicated.bismark.cov.gz,https://ftp.ncbi.nlm.nih.gov/geo/series/GSE225nnn/GSE225166/suppl/filelist.txt,/home/zdq-as/mouse_methyl_work/raw_downloads/geo_supplements_v27/GSE225166/GSM7040686_lane6198_GTTGTCGG_M05-20526_3_M_Kidney_plate1_pool7_iTag86_L007_R1.barcode_removed_val_1_GRCm38_bismark_bt2_pe.deduplicated.bismark.cov.gz,planned,True
207,GSE225166,P0_processed_parser_pilot,mouse sparse/single-cell low-coverage age methylation; processed COV tar first,GSM7040687_lane6198_TAAGTTCG_M00017619_24_M_Intestinal_Stem_Cells_plate1_pool7_iTag40_L007_R1.barcode_removed_val_1_GRCm38_bismark_bt2_pe.deduplicated.bismark.cov.gz,COV,16595745,https://ftp.ncbi.nlm.nih.gov/geo/samples/GSM7040nnn/GSM7040687/suppl/GSM7040687_lane6198_TAAGTTCG_M00017619_24_M_Intestinal_Stem_Cells_plate1_pool7_iTag40_L007_R1.barcode_removed_val_1_GRCm38_bismark_bt2_pe.deduplicated.bismark.cov.gz,https://ftp.ncbi.nlm.nih.gov/geo/series/GSE225nnn/GSE225166/suppl/filelist.txt,/home/zdq-as/mouse_methyl_work/raw_downloads/geo_supplements_v27/GSE225166/GSM7040687_lane6198_TAAGTTCG_M00017619_24_M_Intestinal_Stem_Cells_plate1_pool7_iTag40_L007_R1.barcode_removed_val_1_GRCm38_bismark_bt2_pe.deduplicated.bismark.cov.gz,planned,True
208,GSE225166,P0_processed_parser_pilot,mouse sparse/single-cell low-coverage age methylation; processed COV tar first,GSM7040688_lane6198_TACTAGTC_M05-20526_3_M_CD8_T_Cells_plate1_pool7_iTag47_L007_R1.barcode_removed_val_1_GRCm38_bismark_bt2_pe.deduplicated.bismark.cov.gz,COV,16658031,https://ftp.ncbi.nlm.nih.gov/geo/samples/GSM7040nnn/GSM7040688/suppl/GSM7040688_lane6198_TACTAGTC_M05-20526_3_M_CD8_T_Cells_plate1_pool7_iTag47_L007_R1.barcode_removed_val_1_GRCm38_bismark_bt2_pe.deduplicated.bismark.cov.gz,https://ftp.ncbi.nlm.nih.gov/geo/series/GSE225nnn/GSE225166/suppl/filelist.txt,/home/zdq-as/mouse_methyl_work/raw_downloads/geo_supplements_v27/GSE225166/GSM7040688_lane6198_TACTAGTC_M05-20526_3_M_CD8_T_Cells_plate1_pool7_iTag47_L007_R1.barcode_removed_val_1_GRCm38_bismark_bt2_pe.deduplicated.bismark.cov.gz,planned,True
209,GSE225166,P0_processed_parser_pilot,mouse sparse/single-cell low-coverage age methylation; processed COV tar first,GSM7040689_lane6198_TAGTGACT_M00018011_15_M_B_cells_plate1_pool7_iTag27_L007_R1.barcode_removed_val_1_GRCm38_bismark_bt2_pe.deduplicated.bismark.cov.gz,COV,16138532,https://ftp.ncbi.nlm.nih.gov/geo/samples/GSM7040nnn/GSM7040689/suppl/GSM7040689_lane6198_TAGTGACT_M00018011_15_M_B_cells_plate1_pool7_iTag27_L007_R1.barcode_removed_val_1_GRCm38_bismark_bt2_pe.deduplicated.bismark.cov.gz,https://ftp.ncbi.nlm.nih.gov/geo/series/GSE225nnn/GSE225166/suppl/filelist.txt,/home/zdq-as/mouse_methyl_work/raw_downloads/geo_supplements_v27/GSE225166/GSM7040689_lane6198_TAGTGACT_M00018011_15_M_B_cells_plate1_pool7_iTag27_L007_R1.barcode_removed_val_1_GRCm38_bismark_bt2_pe.deduplicated.bismark.cov.gz,planned,True
210,GSE225166,P0_processed_parser_pilot,mouse sparse/single-cell low-coverage age methylation; processed COV tar first,GSM7040690_lane6198_TCTACGAC_M00018359_9_M_Kidney_plate1_pool7_iTag57_L007_R1.barcode_removed_val_1_GRCm38_bismark_bt2_pe.deduplicated.bismark.cov.gz,COV,16960735,https://ftp.ncbi.nlm.nih.gov/geo/samples/GSM7040nnn/GSM7040690/suppl/GSM7040690_lane6198_TCTACGAC_M00018359_9_M_Kidney_plate1_pool7_iTag57_L007_R1.barcode_removed_val_1_GRCm38_bismark_bt2_pe.deduplicated.bismark.cov.gz,https://ftp.ncbi.nlm.nih.gov/geo/series/GSE225nnn/GSE225166/suppl/filelist.txt,/home/zdq-as/mouse_methyl_work/raw_downloads/geo_supplements_v27/GSE225166/GSM7040690_lane6198_TCTACGAC_M00018359_9_M_Kidney_plate1_pool7_iTag57_L007_R1.barcode_removed_val_1_GRCm38_bismark_bt2_pe.deduplicated.bismark.cov.gz,planned,True
211,GSE225166,P0_processed_parser_pilot,mouse sparse/single-cell low-coverage age methylation; processed COV tar first,GSM7040691_lane6198_TGTGAAGA_M00018360_9_M_CD8_T_Cells_plate1_pool7_iTag63_L007_R1.barcode_removed_val_1_GRCm38_bismark_bt2_pe.deduplicated.bismark.cov.gz,COV,14687042,https://ftp.ncbi.nlm.nih.gov/geo/samples/GSM7040nnn/GSM7040691/suppl/GSM7040691_lane6198_TGTGAAGA_M00018360_9_M_CD8_T_Cells_plate1_pool7_iTag63_L007_R1.barcode_removed_val_1_GRCm38_bismark_bt2_pe.deduplicated.bismark.cov.gz,https://ftp.ncbi.nlm.nih.gov/geo/series/GSE225nnn/GSE225166/suppl/filelist.txt,/home/zdq-as/mouse_methyl_work/raw_downloads/geo_supplements_v27/GSE225166/GSM7040691_lane6198_TGTGAAGA_M00018360_9_M_CD8_T_Cells_plate1_pool7_iTag63_L007_R1.barcode_removed_val_1_GRCm38_bismark_bt2_pe.deduplicated.bismark.cov.gz,planned,True
212,GSE225166,P0_processed_parser_pilot,mouse sparse/single-cell low-coverage age methylation; processed COV tar first,GSM7040692_lane6198_TGTTCTCC_M00018752_6_M_CD4_T_Cells_plate1_pool7_iTag54_L007_R1.barcode_removed_val_1_GRCm38_bismark_bt2_pe.deduplicated.bismark.cov.gz,COV,12712439,https://ftp.ncbi.nlm.nih.gov/geo/samples/GSM7040nnn/GSM7040692/suppl/GSM7040692_lane6198_TGTTCTCC_M00018752_6_M_CD4_T_Cells_plate1_pool7_iTag54_L007_R1.barcode_removed_val_1_GRCm38_bismark_bt2_pe.deduplicated.bismark.cov.gz,https://ftp.ncbi.nlm.nih.gov/geo/series/GSE225nnn/GSE225166/suppl/filelist.txt,/home/zdq-as/mouse_methyl_work/raw_downloads/geo_supplements_v27/GSE225166/GSM7040692_lane6198_TGTTCTCC_M00018752_6_M_CD4_T_Cells_plate1_pool7_iTag54_L007_R1.barcode_removed_val_1_GRCm38_bismark_bt2_pe.deduplicated.bismark.cov.gz,planned,True
213,GSE225166,P0_processed_parser_pilot,mouse sparse/single-cell low-coverage age methylation; processed COV tar first,GSM7040693_lane6198_TTGACTCT_M00018359_9_M_Intestinal_Stem_Cells_plate1_pool7_iTag24_L007_R1.barcode_removed_val_1_GRCm38_bismark_bt2_pe.deduplicated.bismark.cov.gz,COV,14006483,https://ftp.ncbi.nlm.nih.gov/geo/samples/GSM7040nnn/GSM7040693/suppl/GSM7040693_lane6198_TTGACTCT_M00018359_9_M_Intestinal_Stem_Cells_plate1_pool7_iTag24_L007_R1.barcode_removed_val_1_GRCm38_bismark_bt2_pe.deduplicated.bismark.cov.gz,https://ftp.ncbi.nlm.nih.gov/geo/series/GSE225nnn/GSE225166/suppl/filelist.txt,/home/zdq-as/mouse_methyl_work/raw_downloads/geo_supplements_v27/GSE225166/GSM7040693_lane6198_TTGACTCT_M00018359_9_M_Intestinal_Stem_Cells_plate1_pool7_iTag24_L007_R1.barcode_removed_val_1_GRCm38_bismark_bt2_pe.deduplicated.bismark.cov.gz,planned,True
214,GSE225166,P0_processed_parser_pilot,mouse sparse/single-cell low-coverage age methylation; processed COV tar first,GSM7040694_lane6198_TTGCGTAC_M00018752_6_M_Cerebellum_plate1_pool7_iTag56_L007_R1.barcode_removed_val_1_GRCm38_bismark_bt2_pe.deduplicated.bismark.cov.gz,COV,17518342,https://ftp.ncbi.nlm.nih.gov/geo/samples/GSM7040nnn/GSM7040694/suppl/GSM7040694_lane6198_TTGCGTAC_M00018752_6_M_Cerebellum_plate1_pool7_iTag56_L007_R1.barcode_removed_val_1_GRCm38_bismark_bt2_pe.deduplicated.bismark.cov.gz,https://ftp.ncbi.nlm.nih.gov/geo/series/GSE225nnn/GSE225166/suppl/filelist.txt,/home/zdq-as/mouse_methyl_work/raw_downloads/geo_supplements_v27/GSE225166/GSM7040694_lane6198_TTGCGTAC_M00018752_6_M_Cerebellum_plate1_pool7_iTag56_L007_R1.barcode_removed_val_1_GRCm38_bismark_bt2_pe.deduplicated.bismark.cov.gz,planned,True
215,GSE225166,P0_processed_parser_pilot,mouse sparse/single-cell low-coverage age methylation; processed COV tar first,GSM7040695_lane6199_ACTTGATG_M01-20525_3_M_Intestinal_Stem_Cells_plate1_pool8_iTag8_L008_R1.barcode_removed_val_1_GRCm38_bismark_bt2_pe.deduplicated.bismark.cov.gz,COV,20085043,https://ftp.ncbi.nlm.nih.gov/geo/samples/GSM7040nnn/GSM7040695/suppl/GSM7040695_lane6199_ACTTGATG_M01-20525_3_M_Intestinal_Stem_Cells_plate1_pool8_iTag8_L008_R1.barcode_removed_val_1_GRCm38_bismark_bt2_pe.deduplicated.bismark.cov.gz,https://ftp.ncbi.nlm.nih.gov/geo/series/GSE225nnn/GSE225166/suppl/filelist.txt,/home/zdq-as/mouse_methyl_work/raw_downloads/geo_supplements_v27/GSE225166/GSM7040695_lane6199_ACTTGATG_M01-20525_3_M_Intestinal_Stem_Cells_plate1_pool8_iTag8_L008_R1.barcode_removed_val_1_GRCm38_bismark_bt2_pe.deduplicated.bismark.cov.gz,planned,True
216,GSE225166,P0_processed_parser_pilot,mouse sparse/single-cell low-coverage age methylation; processed COV tar first,GSM7040696_lane6199_GGCTACAG_M00018740_6_M_B_cells_plate1_pool8_iTag11_L008_R1.barcode_removed_val_1_GRCm38_bismark_bt2_pe.deduplicated.bismark.cov.gz,COV,16026607,https://ftp.ncbi.nlm.nih.gov/geo/samples/GSM7040nnn/GSM7040696/suppl/GSM7040696_lane6199_GGCTACAG_M00018740_6_M_B_cells_plate1_pool8_iTag11_L008_R1.barcode_removed_val_1_GRCm38_bismark_bt2_pe.deduplicated.bismark.cov.gz,https://ftp.ncbi.nlm.nih.gov/geo/series/GSE225nnn/GSE225166/suppl/filelist.txt,/home/zdq-as/mouse_methyl_work/raw_downloads/geo_supplements_v27/GSE225166/GSM7040696_lane6199_GGCTACAG_M00018740_6_M_B_cells_plate1_pool8_iTag11_L008_R1.barcode_removed_val_1_GRCm38_bismark_bt2_pe.deduplicated.bismark.cov.gz,planned,True
217,GSE225166,P0_processed_parser_pilot,mouse sparse/single-cell low-coverage age methylation; processed COV tar first,GSM7040697_lane6199_TAGACGGA_M00018360_9_M_CD4_T_Cells_plate1_pool8_iTag62_L008_R1.barcode_removed_val_1_GRCm38_bismark_bt2_pe.deduplicated.bismark.cov.gz,COV,14976665,https://ftp.ncbi.nlm.nih.gov/geo/samples/GSM7040nnn/GSM7040697/suppl/GSM7040697_lane6199_TAGACGGA_M00018360_9_M_CD4_T_Cells_plate1_pool8_iTag62_L008_R1.barcode_removed_val_1_GRCm38_bismark_bt2_pe.deduplicated.bismark.cov.gz,https://ftp.ncbi.nlm.nih.gov/geo/series/GSE225nnn/GSE225166/suppl/filelist.txt,/home/zdq-as/mouse_methyl_work/raw_downloads/geo_supplements_v27/GSE225166/GSM7040697_lane6199_TAGACGGA_M00018360_9_M_CD4_T_Cells_plate1_pool8_iTag62_L008_R1.barcode_removed_val_1_GRCm38_bismark_bt2_pe.deduplicated.bismark.cov.gz,planned,True
218,GSE225166,P0_processed_parser_pilot,mouse sparse/single-cell low-coverage age methylation; processed COV tar first,GSM7040698_lane6199_TCCGTCTT_M00018740_6_M_Intestinal_Stem_Cells_plate1_pool8_iTag16_L008_R1.barcode_removed_val_1_GRCm38_bismark_bt2_pe.deduplicated.bismark.cov.gz,COV,14797074,https://ftp.ncbi.nlm.nih.gov/geo/samples/GSM7040nnn/GSM7040698/suppl/GSM7040698_lane6199_TCCGTCTT_M00018740_6_M_Intestinal_Stem_Cells_plate1_pool8_iTag16_L008_R1.barcode_removed_val_1_GRCm38_bismark_bt2_pe.deduplicated.bismark.cov.gz,https://ftp.ncbi.nlm.nih.gov/geo/series/GSE225nnn/GSE225166/suppl/filelist.txt,/home/zdq-as/mouse_methyl_work/raw_downloads/geo_supplements_v27/GSE225166/GSM7040698_lane6199_TCCGTCTT_M00018740_6_M_Intestinal_Stem_Cells_plate1_pool8_iTag16_L008_R1.barcode_removed_val_1_GRCm38_bismark_bt2_pe.deduplicated.bismark.cov.gz,planned,True
219,GSE225166,P0_processed_parser_pilot,mouse sparse/single-cell low-coverage age methylation; processed COV tar first,GSM7040699_lane6199_TCGAGCGT_M00018359_9_M_CD8_T_Cells_plate1_pool8_iTag21_L008_R1.barcode_removed_val_1_GRCm38_bismark_bt2_pe.deduplicated.bismark.cov.gz,COV,13906759,https://ftp.ncbi.nlm.nih.gov/geo/samples/GSM7040nnn/GSM7040699/suppl/GSM7040699_lane6199_TCGAGCGT_M00018359_9_M_CD8_T_Cells_plate1_pool8_iTag21_L008_R1.barcode_removed_val_1_GRCm38_bismark_bt2_pe.deduplicated.bismark.cov.gz,https://ftp.ncbi.nlm.nih.gov/geo/series/GSE225nnn/GSE225166/suppl/filelist.txt,/home/zdq-as/mouse_methyl_work/raw_downloads/geo_supplements_v27/GSE225166/GSM7040699_lane6199_TCGAGCGT_M00018359_9_M_CD8_T_Cells_plate1_pool8_iTag21_L008_R1.barcode_removed_val_1_GRCm38_bismark_bt2_pe.deduplicated.bismark.cov.gz,planned,True
220,GSE225166,P0_processed_parser_pilot,mouse sparse/single-cell low-coverage age methylation; processed COV tar first,GSM7040700_lane6199_TGAAGCCA_M00018011_15_M_Testes_plate1_pool8_iTag66_L008_R1.barcode_removed_val_1_GRCm38_bismark_bt2_pe.deduplicated.bismark.cov.gz,COV,14847292,https://ftp.ncbi.nlm.nih.gov/geo/samples/GSM7040nnn/GSM7040700/suppl/GSM7040700_lane6199_TGAAGCCA_M00018011_15_M_Testes_plate1_pool8_iTag66_L008_R1.barcode_removed_val_1_GRCm38_bismark_bt2_pe.deduplicated.bismark.cov.gz,https://ftp.ncbi.nlm.nih.gov/geo/series/GSE225nnn/GSE225166/suppl/filelist.txt,/home/zdq-as/mouse_methyl_work/raw_downloads/geo_supplements_v27/GSE225166/GSM7040700_lane6199_TGAAGCCA_M00018011_15_M_Testes_plate1_pool8_iTag66_L008_R1.barcode_removed_val_1_GRCm38_bismark_bt2_pe.deduplicated.bismark.cov.gz,planned,True
221,GSE225166,P0_processed_parser_pilot,mouse sparse/single-cell low-coverage age methylation; processed COV tar first,GSM7040701_lane6199_TGATACGT_M00018359_9_M_Cerebellum_plate1_pool8_iTag22_L008_R1.barcode_removed_val_1_GRCm38_bismark_bt2_pe.deduplicated.bismark.cov.gz,COV,14240644,https://ftp.ncbi.nlm.nih.gov/geo/samples/GSM7040nnn/GSM7040701/suppl/GSM7040701_lane6199_TGATACGT_M00018359_9_M_Cerebellum_plate1_pool8_iTag22_L008_R1.barcode_removed_val_1_GRCm38_bismark_bt2_pe.deduplicated.bismark.cov.gz,https://ftp.ncbi.nlm.nih.gov/geo/series/GSE225nnn/GSE225166/suppl/filelist.txt,/home/zdq-as/mouse_methyl_work/raw_downloads/geo_supplements_v27/GSE225166/GSM7040701_lane6199_TGATACGT_M00018359_9_M_Cerebellum_plate1_pool8_iTag22_L008_R1.barcode_removed_val_1_GRCm38_bismark_bt2_pe.deduplicated.bismark.cov.gz,planned,True
222,GSE225166,P0_processed_parser_pilot,mouse sparse/single-cell low-coverage age methylation; processed COV tar first,GSM7040702_lane6199_TGCTGATA_M00018360_9_M_B_cells_plate1_pool8_iTag61_L008_R1.barcode_removed_val_1_GRCm38_bismark_bt2_pe.deduplicated.bismark.cov.gz,COV,16726003,https://ftp.ncbi.nlm.nih.gov/geo/samples/GSM7040nnn/GSM7040702/suppl/GSM7040702_lane6199_TGCTGATA_M00018360_9_M_B_cells_plate1_pool8_iTag61_L008_R1.barcode_removed_val_1_GRCm38_bismark_bt2_pe.deduplicated.bismark.cov.gz,https://ftp.ncbi.nlm.nih.gov/geo/series/GSE225nnn/GSE225166/suppl/filelist.txt,/home/zdq-as/mouse_methyl_work/raw_downloads/geo_supplements_v27/GSE225166/GSM7040702_lane6199_TGCTGATA_M00018360_9_M_B_cells_plate1_pool8_iTag61_L008_R1.barcode_removed_val_1_GRCm38_bismark_bt2_pe.deduplicated.bismark.cov.gz,planned,True
223,GSE225166,P0_processed_parser_pilot,mouse sparse/single-cell low-coverage age methylation; processed COV tar first,GSM7040703_lane6199_TGGTTGTT_M00018740_6_M_CD8_T_Cells_plate1_pool8_iTag13_L008_R1.barcode_removed_val_1_GRCm38_bismark_bt2_pe.deduplicated.bismark.cov.gz,COV,16519842,https://ftp.ncbi.nlm.nih.gov/geo/samples/GSM7040nnn/GSM7040703/suppl/GSM7040703_lane6199_TGGTTGTT_M00018740_6_M_CD8_T_Cells_plate1_pool8_iTag13_L008_R1.barcode_removed_val_1_GRCm38_bismark_bt2_pe.deduplicated.bismark.cov.gz,https://ftp.ncbi.nlm.nih.gov/geo/series/GSE225nnn/GSE225166/suppl/filelist.txt,/home/zdq-as/mouse_methyl_work/raw_downloads/geo_supplements_v27/GSE225166/GSM7040703_lane6199_TGGTTGTT_M00018740_6_M_CD8_T_Cells_plate1_pool8_iTag13_L008_R1.barcode_removed_val_1_GRCm38_bismark_bt2_pe.deduplicated.bismark.cov.gz,planned,True
224,GSE225166,P0_processed_parser_pilot,mouse sparse/single-cell low-coverage age methylation; processed COV tar first,GSM7040704_lane6199_TTCAGCTC_M05-20526_3_M_Cerebellum_plate1_pool8_iTag48_L008_R1.barcode_removed_val_1_GRCm38_bismark_bt2_pe.deduplicated.bismark.cov.gz,COV,21671913,https://ftp.ncbi.nlm.nih.gov/geo/samples/GSM7040nnn/GSM7040704/suppl/GSM7040704_lane6199_TTCAGCTC_M05-20526_3_M_Cerebellum_plate1_pool8_iTag48_L008_R1.barcode_removed_val_1_GRCm38_bismark_bt2_pe.deduplicated.bismark.cov.gz,https://ftp.ncbi.nlm.nih.gov/geo/series/GSE225nnn/GSE225166/suppl/filelist.txt,/home/zdq-as/mouse_methyl_work/raw_downloads/geo_supplements_v27/GSE225166/GSM7040704_lane6199_TTCAGCTC_M05-20526_3_M_Cerebellum_plate1_pool8_iTag48_L008_R1.barcode_removed_val_1_GRCm38_bismark_bt2_pe.deduplicated.bismark.cov.gz,planned,True
225,GSE225166,P0_processed_parser_pilot,mouse sparse/single-cell low-coverage age methylation; processed COV tar first,GSM7040705_lane6199_TTCCATTG_M00017995_15_M_Intestinal_Stem_Cells_plate1_pool8_iTag32_L008_R1.barcode_removed_val_1_GRCm38_bismark_bt2_pe.deduplicated.bismark.cov.gz,COV,15613458,https://ftp.ncbi.nlm.nih.gov/geo/samples/GSM7040nnn/GSM7040705/suppl/GSM7040705_lane6199_TTCCATTG_M00017995_15_M_Intestinal_Stem_Cells_plate1_pool8_iTag32_L008_R1.barcode_removed_val_1_GRCm38_bismark_bt2_pe.deduplicated.bismark.cov.gz,https://ftp.ncbi.nlm.nih.gov/geo/series/GSE225nnn/GSE225166/suppl/filelist.txt,/home/zdq-as/mouse_methyl_work/raw_downloads/geo_supplements_v27/GSE225166/GSM7040705_lane6199_TTCCATTG_M00017995_15_M_Intestinal_Stem_Cells_plate1_pool8_iTag32_L008_R1.barcode_removed_val_1_GRCm38_bismark_bt2_pe.deduplicated.bismark.cov.gz,planned,True
226,GSE225166,P0_processed_parser_pilot,mouse sparse/single-cell low-coverage age methylation; processed COV tar first,GSM7040706_lane5_TACAGGAT_M01-20525_3_M_Cortex_iTAG_28_merged_L005_R1.barcode_removed_val_1_GRCm38_bismark_bt2_pe.deduplicated.bismark.cov.gz,COV,23039317,https://ftp.ncbi.nlm.nih.gov/geo/samples/GSM7040nnn/GSM7040706/suppl/GSM7040706_lane5_TACAGGAT_M01-20525_3_M_Cortex_iTAG_28_merged_L005_R1.barcode_removed_val_1_GRCm38_bismark_bt2_pe.deduplicated.bismark.cov.gz,https://ftp.ncbi.nlm.nih.gov/geo/series/GSE225nnn/GSE225166/suppl/filelist.txt,/home/zdq-as/mouse_methyl_work/raw_downloads/geo_supplements_v27/GSE225166/GSM7040706_lane5_TACAGGAT_M01-20525_3_M_Cortex_iTAG_28_merged_L005_R1.barcode_removed_val_1_GRCm38_bismark_bt2_pe.deduplicated.bismark.cov.gz,planned,True
227,GSE225166,P0_processed_parser_pilot,mouse sparse/single-cell low-coverage age methylation; processed COV tar first,GSM7040707_lane5_TAGCTTGT_M01-20522_3_M_Lung_iTAG_10_merged_L005_R1.barcode_removed_val_1_GRCm38_bismark_bt2_pe.deduplicated.bismark.cov.gz,COV,22942300,https://ftp.ncbi.nlm.nih.gov/geo/samples/GSM7040nnn/GSM7040707/suppl/GSM7040707_lane5_TAGCTTGT_M01-20522_3_M_Lung_iTAG_10_merged_L005_R1.barcode_removed_val_1_GRCm38_bismark_bt2_pe.deduplicated.bismark.cov.gz,https://ftp.ncbi.nlm.nih.gov/geo/series/GSE225nnn/GSE225166/suppl/filelist.txt,/home/zdq-as/mouse_methyl_work/raw_downloads/geo_supplements_v27/GSE225166/GSM7040707_lane5_TAGCTTGT_M01-20522_3_M_Lung_iTAG_10_merged_L005_R1.barcode_removed_val_1_GRCm38_bismark_bt2_pe.deduplicated.bismark.cov.gz,planned,True
228,GSE225166,P0_processed_parser_pilot,mouse sparse/single-cell low-coverage age methylation; processed COV tar first,GSM7040708_lane5_TGACCACT_M01-20525_3_M_Liver_iTAG_4_merged_L005_R1.barcode_removed_val_1_GRCm38_bismark_bt2_pe.deduplicated.bismark.cov.gz,COV,24137553,https://ftp.ncbi.nlm.nih.gov/geo/samples/GSM7040nnn/GSM7040708/suppl/GSM7040708_lane5_TGACCACT_M01-20525_3_M_Liver_iTAG_4_merged_L005_R1.barcode_removed_val_1_GRCm38_bismark_bt2_pe.deduplicated.bismark.cov.gz,https://ftp.ncbi.nlm.nih.gov/geo/series/GSE225nnn/GSE225166/suppl/filelist.txt,/home/zdq-as/mouse_methyl_work/raw_downloads/geo_supplements_v27/GSE225166/GSM7040708_lane5_TGACCACT_M01-20525_3_M_Liver_iTAG_4_merged_L005_R1.barcode_removed_val_1_GRCm38_bismark_bt2_pe.deduplicated.bismark.cov.gz,planned,True
229,GSE225166,P0_processed_parser_pilot,mouse sparse/single-cell low-coverage age methylation; processed COV tar first,GSM7040709_lane5_TTCCTGCT_M01-20522_3_M_Cortex_iTAG_26_merged_L005_R1.barcode_removed_val_1_GRCm38_bismark_bt2_pe.deduplicated.bismark.cov.gz,COV,23258636,https://ftp.ncbi.nlm.nih.gov/geo/samples/GSM7040nnn/GSM7040709/suppl/GSM7040709_lane5_TTCCTGCT_M01-20522_3_M_Cortex_iTAG_26_merged_L005_R1.barcode_removed_val_1_GRCm38_bismark_bt2_pe.deduplicated.bismark.cov.gz,https://ftp.ncbi.nlm.nih.gov/geo/series/GSE225nnn/GSE225166/suppl/filelist.txt,/home/zdq-as/mouse_methyl_work/raw_downloads/geo_supplements_v27/GSE225166/GSM7040709_lane5_TTCCTGCT_M01-20522_3_M_Cortex_iTAG_26_merged_L005_R1.barcode_removed_val_1_GRCm38_bismark_bt2_pe.deduplicated.bismark.cov.gz,planned,True
230,GSE225166,P0_processed_parser_pilot,mouse sparse/single-cell low-coverage age methylation; processed COV tar first,GSM7040710_lane1_CGATGTTT_M01-20522_3_M_Liver_iTAG_2_merged_L001_R1.barcode_removed_val_1_GRCm38_bismark_bt2_pe.deduplicated.bismark.cov.gz,COV,27532540,https://ftp.ncbi.nlm.nih.gov/geo/samples/GSM7040nnn/GSM7040710/suppl/GSM7040710_lane1_CGATGTTT_M01-20522_3_M_Liver_iTAG_2_merged_L001_R1.barcode_removed_val_1_GRCm38_bismark_bt2_pe.deduplicated.bismark.cov.gz,https://ftp.ncbi.nlm.nih.gov/geo/series/GSE225nnn/GSE225166/suppl/filelist.txt,/home/zdq-as/mouse_methyl_work/raw_downloads/geo_supplements_v27/GSE225166/GSM7040710_lane1_CGATGTTT_M01-20522_3_M_Liver_iTAG_2_merged_L001_R1.barcode_removed_val_1_GRCm38_bismark_bt2_pe.deduplicated.bismark.cov.gz,planned,True
231,GSE225166,P0_processed_parser_pilot,mouse sparse/single-cell low-coverage age methylation; processed COV tar first,GSM7040711_lane1_GCCAATGT_M01-20527_3_M_Liver_iTAG_6_merged_L001_R1.barcode_removed_val_1_GRCm38_bismark_bt2_pe.deduplicated.bismark.cov.gz,COV,24756842,https://ftp.ncbi.nlm.nih.gov/geo/samples/GSM7040nnn/GSM7040711/suppl/GSM7040711_lane1_GCCAATGT_M01-20527_3_M_Liver_iTAG_6_merged_L001_R1.barcode_removed_val_1_GRCm38_bismark_bt2_pe.deduplicated.bismark.cov.gz,https://ftp.ncbi.nlm.nih.gov/geo/series/GSE225nnn/GSE225166/suppl/filelist.txt,/home/zdq-as/mouse_methyl_work/raw_downloads/geo_supplements_v27/GSE225166/GSM7040711_lane1_GCCAATGT_M01-20527_3_M_Liver_iTAG_6_merged_L001_R1.barcode_removed_val_1_GRCm38_bismark_bt2_pe.deduplicated.bismark.cov.gz,planned,True
232,GSE225166,P0_processed_parser_pilot,mouse sparse/single-cell low-coverage age methylation; processed COV tar first,GSM7040712_lane2_TGATACGT_M01-20527_3_M_Heart_iTAG_22_merged_L002_R1.barcode_removed_val_1_GRCm38_bismark_bt2_pe.deduplicated.bismark.cov.gz,COV,24580215,https://ftp.ncbi.nlm.nih.gov/geo/samples/GSM7040nnn/GSM7040712/suppl/GSM7040712_lane2_TGATACGT_M01-20527_3_M_Heart_iTAG_22_merged_L002_R1.barcode_removed_val_1_GRCm38_bismark_bt2_pe.deduplicated.bismark.cov.gz,https://ftp.ncbi.nlm.nih.gov/geo/series/GSE225nnn/GSE225166/suppl/filelist.txt,/home/zdq-as/mouse_methyl_work/raw_downloads/geo_supplements_v27/GSE225166/GSM7040712_lane2_TGATACGT_M01-20527_3_M_Heart_iTAG_22_merged_L002_R1.barcode_removed_val_1_GRCm38_bismark_bt2_pe.deduplicated.bismark.cov.gz,planned,True
233,GSE225173,P0_processed_parser_pilot,sibling GEO record for GSE225166 methylation supplements; track for duplicate-aware parser pilot,GSE225173_RAW.tar,TAR,8193863680,https://ftp.ncbi.nlm.nih.gov/geo/series/GSE225nnn/GSE225173/suppl/GSE225173_RAW.tar,https://ftp.ncbi.nlm.nih.gov/geo/series/GSE225nnn/GSE225173/suppl/filelist.txt,/home/zdq-as/mouse_methyl_work/raw_downloads/geo_supplements_v27/GSE225173/GSE225173_RAW.tar,planned,True
234,GSE225173,P0_processed_parser_pilot,sibling GEO record for GSE225166 methylation supplements; track for duplicate-aware parser pilot,GSM7040480_lane1_ATCACGTT_M04-20525_3_M_Liver_iPCRtag1_merged_L001_R1.barcode_removed_val_1_GRCm38_bismark_bt2_pe.deduplicated.bismark.cov.gz,COV,27656642,https://ftp.ncbi.nlm.nih.gov/geo/samples/GSM7040nnn/GSM7040480/suppl/GSM7040480_lane1_ATCACGTT_M04-20525_3_M_Liver_iPCRtag1_merged_L001_R1.barcode_removed_val_1_GRCm38_bismark_bt2_pe.deduplicated.bismark.cov.gz,https://ftp.ncbi.nlm.nih.gov/geo/series/GSE225nnn/GSE225173/suppl/filelist.txt,/home/zdq-as/mouse_methyl_work/raw_downloads/geo_supplements_v27/GSE225173/GSM7040480_lane1_ATCACGTT_M04-20525_3_M_Liver_iPCRtag1_merged_L001_R1.barcode_removed_val_1_GRCm38_bismark_bt2_pe.deduplicated.bismark.cov.gz,planned,True
235,GSE225173,P0_processed_parser_pilot,sibling GEO record for GSE225166 methylation supplements; track for duplicate-aware parser pilot,GSM7040481_lane1_GAGCCAAT_M00017913_15_M_Heart_iTAG_82_merged_L001_R1.barcode_removed_val_1_GRCm38_bismark_bt2_pe.deduplicated.bismark.cov.gz,COV,23922383,https://ftp.ncbi.nlm.nih.gov/geo/samples/GSM7040nnn/GSM7040481/suppl/GSM7040481_lane1_GAGCCAAT_M00017913_15_M_Heart_iTAG_82_merged_L001_R1.barcode_removed_val_1_GRCm38_bismark_bt2_pe.deduplicated.bismark.cov.gz,https://ftp.ncbi.nlm.nih.gov/geo/series/GSE225nnn/GSE225173/suppl/filelist.txt,/home/zdq-as/mouse_methyl_work/raw_downloads/geo_supplements_v27/GSE225173/GSM7040481_lane1_GAGCCAAT_M00017913_15_M_Heart_iTAG_82_merged_L001_R1.barcode_removed_val_1_GRCm38_bismark_bt2_pe.deduplicated.bismark.cov.gz,planned,True
236,GSE225173,P0_processed_parser_pilot,sibling GEO record for GSE225166 methylation supplements; track for duplicate-aware parser pilot,GSM7040482_lane1_GATCAGCG_M04-20526_3_M_Liver_iPCRtag9_merged_L001_R1.barcode_removed_val_1_GRCm38_bismark_bt2_pe.deduplicated.bismark.cov.gz,COV,27801868,https://ftp.ncbi.nlm.nih.gov/geo/samples/GSM7040nnn/GSM7040482/suppl/GSM7040482_lane1_GATCAGCG_M04-20526_3_M_Liver_iPCRtag9_merged_L001_R1.barcode_removed_val_1_GRCm38_bismark_bt2_pe.deduplicated.bismark.cov.gz,https://ftp.ncbi.nlm.nih.gov/geo/series/GSE225nnn/GSE225173/suppl/filelist.txt,/home/zdq-as/mouse_methyl_work/raw_downloads/geo_supplements_v27/GSE225173/GSM7040482_lane1_GATCAGCG_M04-20526_3_M_Liver_iPCRtag9_merged_L001_R1.barcode_removed_val_1_GRCm38_bismark_bt2_pe.deduplicated.bismark.cov.gz,planned,True
237,GSE225173,P0_processed_parser_pilot,sibling GEO record for GSE225166 methylation supplements; track for duplicate-aware parser pilot,GSM7040483_lane1_GCAACATT_M00017621_24_M_Liver_iPCRtag73_merged_L001_R1.barcode_removed_val_1_GRCm38_bismark_bt2_pe.deduplicated.bismark.cov.gz,COV,29571140,https://ftp.ncbi.nlm.nih.gov/geo/samples/GSM7040nnn/GSM7040483/suppl/GSM7040483_lane1_GCAACATT_M00017621_24_M_Liver_iPCRtag73_merged_L001_R1.barcode_removed_val_1_GRCm38_bismark_bt2_pe.deduplicated.bismark.cov.gz,https://ftp.ncbi.nlm.nih.gov/geo/series/GSE225nnn/GSE225173/suppl/filelist.txt,/home/zdq-as/mouse_methyl_work/raw_downloads/geo_supplements_v27/GSE225173/GSM7040483_lane1_GCAACATT_M00017621_24_M_Liver_iPCRtag73_merged_L001_R1.barcode_removed_val_1_GRCm38_bismark_bt2_pe.deduplicated.bismark.cov.gz,planned,True
238,GSE225173,P0_processed_parser_pilot,sibling GEO record for GSE225166 methylation supplements; track for duplicate-aware parser pilot,GSM7040484_lane1_GCAATCCG_M00017913_15_M_Cortex_iTAG_90_merged_L001_R1.barcode_removed_val_1_GRCm38_bismark_bt2_pe.deduplicated.bismark.cov.gz,COV,24209044,https://ftp.ncbi.nlm.nih.gov/geo/samples/GSM7040nnn/GSM7040484/suppl/GSM7040484_lane1_GCAATCCG_M00017913_15_M_Cortex_iTAG_90_merged_L001_R1.barcode_removed_val_1_GRCm38_bismark_bt2_pe.deduplicated.bismark.cov.gz,https://ftp.ncbi.nlm.nih.gov/geo/series/GSE225nnn/GSE225173/suppl/filelist.txt,/home/zdq-as/mouse_methyl_work/raw_downloads/geo_supplements_v27/GSE225173/GSM7040484_lane1_GCAATCCG_M00017913_15_M_Cortex_iTAG_90_merged_L001_R1.barcode_removed_val_1_GRCm38_bismark_bt2_pe.deduplicated.bismark.cov.gz,planned,True
239,GSE225173,P0_processed_parser_pilot,sibling GEO record for GSE225166 methylation supplements; track for duplicate-aware parser pilot,GSM7040485_lane1_GTTGTCGG_M00018002_15_M_Heart_iTAG_86_merged_L001_R1.barcode_removed_val_1_GRCm38_bismark_bt2_pe.deduplicated.bismark.cov.gz,COV,23291589,https://ftp.ncbi.nlm.nih.gov/geo/samples/GSM7040nnn/GSM7040485/suppl/GSM7040485_lane1_GTTGTCGG_M00018002_15_M_Heart_iTAG_86_merged_L001_R1.barcode_removed_val_1_GRCm38_bismark_bt2_pe.deduplicated.bismark.cov.gz,https://ftp.ncbi.nlm.nih.gov/geo/series/GSE225nnn/GSE225173/suppl/filelist.txt,/home/zdq-as/mouse_methyl_work/raw_downloads/geo_supplements_v27/GSE225173/GSM7040485_lane1_GTTGTCGG_M00018002_15_M_Heart_iTAG_86_merged_L001_R1.barcode_removed_val_1_GRCm38_bismark_bt2_pe.deduplicated.bismark.cov.gz,planned,True
240,GSE225173,P0_processed_parser_pilot,sibling GEO record for GSE225166 methylation supplements; track for duplicate-aware parser pilot,GSM7040486_lane1_TACTAGTC_M00017577_24_M_Lung_iTAG_47_merged_L001_R1.barcode_removed_val_1_GRCm38_bismark_bt2_pe.deduplicated.bismark.cov.gz,COV,27187979,https://ftp.ncbi.nlm.nih.gov/geo/samples/GSM7040nnn/GSM7040486/suppl/GSM7040486_lane1_TACTAGTC_M00017577_24_M_Lung_iTAG_47_merged_L001_R1.barcode_removed_val_1_GRCm38_bismark_bt2_pe.deduplicated.bismark.cov.gz,https://ftp.ncbi.nlm.nih.gov/geo/series/GSE225nnn/GSE225173/suppl/filelist.txt,/home/zdq-as/mouse_methyl_work/raw_downloads/geo_supplements_v27/GSE225173/GSM7040486_lane1_TACTAGTC_M00017577_24_M_Lung_iTAG_47_merged_L001_R1.barcode_removed_val_1_GRCm38_bismark_bt2_pe.deduplicated.bismark.cov.gz,planned,True
241,GSE225173,P0_processed_parser_pilot,sibling GEO record for GSE225166 methylation supplements; track for duplicate-aware parser pilot,GSM7040487_lane1_TAGTCTTG_M02-20522_3_M_Cortex_iTAG_31_merged_L001_R1.barcode_removed_val_1_GRCm38_bismark_bt2_pe.deduplicated.bismark.cov.gz,COV,30910153,https://ftp.ncbi.nlm.nih.gov/geo/samples/GSM7040nnn/GSM7040487/suppl/GSM7040487_lane1_TAGTCTTG_M02-20522_3_M_Cortex_iTAG_31_merged_L001_R1.barcode_removed_val_1_GRCm38_bismark_bt2_pe.deduplicated.bismark.cov.gz,https://ftp.ncbi.nlm.nih.gov/geo/series/GSE225nnn/GSE225173/suppl/filelist.txt,/home/zdq-as/mouse_methyl_work/raw_downloads/geo_supplements_v27/GSE225173/GSM7040487_lane1_TAGTCTTG_M02-20522_3_M_Cortex_iTAG_31_merged_L001_R1.barcode_removed_val_1_GRCm38_bismark_bt2_pe.deduplicated.bismark.cov.gz,planned,True
242,GSE225173,P0_processed_parser_pilot,sibling GEO record for GSE225166 methylation supplements; track for duplicate-aware parser pilot,GSM7040488_lane1_TCAGGAGG_M00017577_24_M_Liver_iTAG_39_merged_L001_R1.barcode_removed_val_1_GRCm38_bismark_bt2_pe.deduplicated.bismark.cov.gz,COV,23517167,https://ftp.ncbi.nlm.nih.gov/geo/samples/GSM7040nnn/GSM7040488/suppl/GSM7040488_lane1_TCAGGAGG_M00017577_24_M_Liver_iTAG_39_merged_L001_R1.barcode_removed_val_1_GRCm38_bismark_bt2_pe.deduplicated.bismark.cov.gz,https://ftp.ncbi.nlm.nih.gov/geo/series/GSE225nnn/GSE225173/suppl/filelist.txt,/home/zdq-as/mouse_methyl_work/raw_downloads/geo_supplements_v27/GSE225173/GSM7040488_lane1_TCAGGAGG_M00017577_24_M_Liver_iTAG_39_merged_L001_R1.barcode_removed_val_1_GRCm38_bismark_bt2_pe.deduplicated.bismark.cov.gz,planned,True
243,GSE225173,P0_processed_parser_pilot,sibling GEO record for GSE225166 methylation supplements; track for duplicate-aware parser pilot,GSM7040489_lane1_TCCAGTCG_M00017913_15_M_Liver_iPCRtag41_merged_L001_R1.barcode_removed_val_1_GRCm38_bismark_bt2_pe.deduplicated.bismark.cov.gz,COV,22228682,https://ftp.ncbi.nlm.nih.gov/geo/samples/GSM7040nnn/GSM7040489/suppl/GSM7040489_lane1_TCCAGTCG_M00017913_15_M_Liver_iPCRtag41_merged_L001_R1.barcode_removed_val_1_GRCm38_bismark_bt2_pe.deduplicated.bismark.cov.gz,https://ftp.ncbi.nlm.nih.gov/geo/series/GSE225nnn/GSE225173/suppl/filelist.txt,/home/zdq-as/mouse_methyl_work/raw_downloads/geo_supplements_v27/GSE225173/GSM7040489_lane1_TCCAGTCG_M00017913_15_M_Liver_iPCRtag41_merged_L001_R1.barcode_removed_val_1_GRCm38_bismark_bt2_pe.deduplicated.bismark.cov.gz,planned,True
244,GSE225173,P0_processed_parser_pilot,sibling GEO record for GSE225166 methylation supplements; track for duplicate-aware parser pilot,GSM7040490_lane1_TCGAAGTG_M00017912_15_M_Liver_iPCRtag33_merged_L001_R1.barcode_removed_val_1_GRCm38_bismark_bt2_pe.deduplicated.bismark.cov.gz,COV,22713474,https://ftp.ncbi.nlm.nih.gov/geo/samples/GSM7040nnn/GSM7040490/suppl/GSM7040490_lane1_TCGAAGTG_M00017912_15_M_Liver_iPCRtag33_merged_L001_R1.barcode_removed_val_1_GRCm38_bismark_bt2_pe.deduplicated.bismark.cov.gz,https://ftp.ncbi.nlm.nih.gov/geo/series/GSE225nnn/GSE225173/suppl/filelist.txt,/home/zdq-as/mouse_methyl_work/raw_downloads/geo_supplements_v27/GSE225173/GSM7040490_lane1_TCGAAGTG_M00017912_15_M_Liver_iPCRtag33_merged_L001_R1.barcode_removed_val_1_GRCm38_bismark_bt2_pe.deduplicated.bismark.cov.gz,planned,True
245,GSE225173,P0_processed_parser_pilot,sibling GEO record for GSE225166 methylation supplements; track for duplicate-aware parser pilot,GSM7040491_lane1_TGCGATCT_M05-20522_3_M_Liver_iPCRtag25_merged_L001_R1.barcode_removed_val_1_GRCm38_bismark_bt2_pe.deduplicated.bismark.cov.gz,COV,24540727,https://ftp.ncbi.nlm.nih.gov/geo/samples/GSM7040nnn/GSM7040491/suppl/GSM7040491_lane1_TGCGATCT_M05-20522_3_M_Liver_iPCRtag25_merged_L001_R1.barcode_removed_val_1_GRCm38_bismark_bt2_pe.deduplicated.bismark.cov.gz,https://ftp.ncbi.nlm.nih.gov/geo/series/GSE225nnn/GSE225173/suppl/filelist.txt,/home/zdq-as/mouse_methyl_work/raw_downloads/geo_supplements_v27/GSE225173/GSM7040491_lane1_TGCGATCT_M05-20522_3_M_Liver_iPCRtag25_merged_L001_R1.barcode_removed_val_1_GRCm38_bismark_bt2_pe.deduplicated.bismark.cov.gz,planned,True
246,GSE225173,P0_processed_parser_pilot,sibling GEO record for GSE225166 methylation supplements; track for duplicate-aware parser pilot,GSM7040492_lane1_TGCGTGAA_M00018000_15_M_Liver_iTAG_68_merged_L001_R1.barcode_removed_val_1_GRCm38_bismark_bt2_pe.deduplicated.bismark.cov.gz,COV,21902032,https://ftp.ncbi.nlm.nih.gov/geo/samples/GSM7040nnn/GSM7040492/suppl/GSM7040492_lane1_TGCGTGAA_M00018000_15_M_Liver_iTAG_68_merged_L001_R1.barcode_removed_val_1_GRCm38_bismark_bt2_pe.deduplicated.bismark.cov.gz,https://ftp.ncbi.nlm.nih.gov/geo/series/GSE225nnn/GSE225173/suppl/filelist.txt,/home/zdq-as/mouse_methyl_work/raw_downloads/geo_supplements_v27/GSE225173/GSM7040492_lane1_TGCGTGAA_M00018000_15_M_Liver_iTAG_68_merged_L001_R1.barcode_removed_val_1_GRCm38_bismark_bt2_pe.deduplicated.bismark.cov.gz,planned,True
247,GSE225173,P0_processed_parser_pilot,sibling GEO record for GSE225166 methylation supplements; track for duplicate-aware parser pilot,GSM7040493_lane1_TGTACCTT_M04-20527_3_M_Liver_iPCRtag17_merged_L001_R1.barcode_removed_val_1_GRCm38_bismark_bt2_pe.deduplicated.bismark.cov.gz,COV,26578859,https://ftp.ncbi.nlm.nih.gov/geo/samples/GSM7040nnn/GSM7040493/suppl/GSM7040493_lane1_TGTACCTT_M04-20527_3_M_Liver_iPCRtag17_merged_L001_R1.barcode_removed_val_1_GRCm38_bismark_bt2_pe.deduplicated.bismark.cov.gz,https://ftp.ncbi.nlm.nih.gov/geo/series/GSE225nnn/GSE225173/suppl/filelist.txt,/home/zdq-as/mouse_methyl_work/raw_downloads/geo_supplements_v27/GSE225173/GSM7040493_lane1_TGTACCTT_M04-20527_3_M_Liver_iPCRtag17_merged_L001_R1.barcode_removed_val_1_GRCm38_bismark_bt2_pe.deduplicated.bismark.cov.gz,planned,True
248,GSE225173,P0_processed_parser_pilot,sibling GEO record for GSE225166 methylation supplements; track for duplicate-aware parser pilot,GSM7040494_lane1_TGTCTATC_M00017897_15_M_Liver_iPCRtag49_merged_L001_R1.barcode_removed_val_1_GRCm38_bismark_bt2_pe.deduplicated.bismark.cov.gz,COV,24052754,https://ftp.ncbi.nlm.nih.gov/geo/samples/GSM7040nnn/GSM7040494/suppl/GSM7040494_lane1_TGTCTATC_M00017897_15_M_Liver_iPCRtag49_merged_L001_R1.barcode_removed_val_1_GRCm38_bismark_bt2_pe.deduplicated.bismark.cov.gz,https://ftp.ncbi.nlm.nih.gov/geo/series/GSE225nnn/GSE225173/suppl/filelist.txt,/home/zdq-as/mouse_methyl_work/raw_downloads/geo_supplements_v27/GSE225173/GSM7040494_lane1_TGTCTATC_M00017897_15_M_Liver_iPCRtag49_merged_L001_R1.barcode_removed_val_1_GRCm38_bismark_bt2_pe.deduplicated.bismark.cov.gz,planned,True
249,GSE225173,P0_processed_parser_pilot,sibling GEO record for GSE225166 methylation supplements; track for duplicate-aware parser pilot,GSM7040495_lane1_TGTTCTCC_M00017576_24_M_Heart_iTAG_54_merged_L001_R1.barcode_removed_val_1_GRCm38_bismark_bt2_pe.deduplicated.bismark.cov.gz,COV,22499986,https://ftp.ncbi.nlm.nih.gov/geo/samples/GSM7040nnn/GSM7040495/suppl/GSM7040495_lane1_TGTTCTCC_M00017576_24_M_Heart_iTAG_54_merged_L001_R1.barcode_removed_val_1_GRCm38_bismark_bt2_pe.deduplicated.bismark.cov.gz,https://ftp.ncbi.nlm.nih.gov/geo/series/GSE225nnn/GSE225173/suppl/filelist.txt,/home/zdq-as/mouse_methyl_work/raw_downloads/geo_supplements_v27/GSE225173/GSM7040495_lane1_TGTTCTCC_M00017576_24_M_Heart_iTAG_54_merged_L001_R1.barcode_removed_val_1_GRCm38_bismark_bt2_pe.deduplicated.bismark.cov.gz,planned,True
250,GSE225173,P0_processed_parser_pilot,sibling GEO record for GSE225166 methylation supplements; track for duplicate-aware parser pilot,GSM7040496_lane1_TTACTCGC_M00017561_24_M_Heart_iTAG_51_merged_L001_R1.barcode_removed_val_1_GRCm38_bismark_bt2_pe.deduplicated.bismark.cov.gz,COV,23996136,https://ftp.ncbi.nlm.nih.gov/geo/samples/GSM7040nnn/GSM7040496/suppl/GSM7040496_lane1_TTACTCGC_M00017561_24_M_Heart_iTAG_51_merged_L001_R1.barcode_removed_val_1_GRCm38_bismark_bt2_pe.deduplicated.bismark.cov.gz,https://ftp.ncbi.nlm.nih.gov/geo/series/GSE225nnn/GSE225173/suppl/filelist.txt,/home/zdq-as/mouse_methyl_work/raw_downloads/geo_supplements_v27/GSE225173/GSM7040496_lane1_TTACTCGC_M00017561_24_M_Heart_iTAG_51_merged_L001_R1.barcode_removed_val_1_GRCm38_bismark_bt2_pe.deduplicated.bismark.cov.gz,planned,True
251,GSE225173,P0_processed_parser_pilot,sibling GEO record for GSE225166 methylation supplements; track for duplicate-aware parser pilot,GSM7040497_lane2_CAGATCTG_M02-20522_3_M_Liver_iTAG_7_merged_L002_R1.barcode_removed_val_1_GRCm38_bismark_bt2_pe.deduplicated.bismark.cov.gz,COV,25770352,https://ftp.ncbi.nlm.nih.gov/geo/samples/GSM7040nnn/GSM7040497/suppl/GSM7040497_lane2_CAGATCTG_M02-20522_3_M_Liver_iTAG_7_merged_L002_R1.barcode_removed_val_1_GRCm38_bismark_bt2_pe.deduplicated.bismark.cov.gz,https://ftp.ncbi.nlm.nih.gov/geo/series/GSE225nnn/GSE225173/suppl/filelist.txt,/home/zdq-as/mouse_methyl_work/raw_downloads/geo_supplements_v27/GSE225173/GSM7040497_lane2_CAGATCTG_M02-20522_3_M_Liver_iTAG_7_merged_L002_R1.barcode_removed_val_1_GRCm38_bismark_bt2_pe.deduplicated.bismark.cov.gz,planned,True
252,GSE225173,P0_processed_parser_pilot,sibling GEO record for GSE225166 methylation supplements; track for duplicate-aware parser pilot,GSM7040498_lane2_CGATGTTT_M04-20525_3_M_Lung_iPCRtag2_merged_L002_R1.barcode_removed_val_1_GRCm38_bismark_bt2_pe.deduplicated.bismark.cov.gz,COV,27480343,https://ftp.ncbi.nlm.nih.gov/geo/samples/GSM7040nnn/GSM7040498/suppl/GSM7040498_lane2_CGATGTTT_M04-20525_3_M_Lung_iPCRtag2_merged_L002_R1.barcode_removed_val_1_GRCm38_bismark_bt2_pe.deduplicated.bismark.cov.gz,https://ftp.ncbi.nlm.nih.gov/geo/series/GSE225nnn/GSE225173/suppl/filelist.txt,/home/zdq-as/mouse_methyl_work/raw_downloads/geo_supplements_v27/GSE225173/GSM7040498_lane2_CGATGTTT_M04-20525_3_M_Lung_iPCRtag2_merged_L002_R1.barcode_removed_val_1_GRCm38_bismark_bt2_pe.deduplicated.bismark.cov.gz,planned,True
253,GSE225173,P0_processed_parser_pilot,sibling GEO record for GSE225166 methylation supplements; track for duplicate-aware parser pilot,GSM7040499_lane2_GATAGAGG_M00018004_15_M_Heart_iTAG_88_merged_L002_R1.barcode_removed_val_1_GRCm38_bismark_bt2_pe.deduplicated.bismark.cov.gz,COV,23480890,https://ftp.ncbi.nlm.nih.gov/geo/samples/GSM7040nnn/GSM7040499/suppl/GSM7040499_lane2_GATAGAGG_M00018004_15_M_Heart_iTAG_88_merged_L002_R1.barcode_removed_val_1_GRCm38_bismark_bt2_pe.deduplicated.bismark.cov.gz,https://ftp.ncbi.nlm.nih.gov/geo/series/GSE225nnn/GSE225173/suppl/filelist.txt,/home/zdq-as/mouse_methyl_work/raw_downloads/geo_supplements_v27/GSE225173/GSM7040499_lane2_GATAGAGG_M00018004_15_M_Heart_iTAG_88_merged_L002_R1.barcode_removed_val_1_GRCm38_bismark_bt2_pe.deduplicated.bismark.cov.gz,planned,True
254,GSE225173,P0_processed_parser_pilot,sibling GEO record for GSE225166 methylation supplements; track for duplicate-aware parser pilot,GSM7040500_lane2_GGTCGTGT_M00017621_24_M_Lung_iPCRtag74_merged_L002_R1.barcode_removed_val_1_GRCm38_bismark_bt2_pe.deduplicated.bismark.cov.gz,COV,25565531,https://ftp.ncbi.nlm.nih.gov/geo/samples/GSM7040nnn/GSM7040500/suppl/GSM7040500_lane2_GGTCGTGT_M00017621_24_M_Lung_iPCRtag74_merged_L002_R1.barcode_removed_val_1_GRCm38_bismark_bt2_pe.deduplicated.bismark.cov.gz,https://ftp.ncbi.nlm.nih.gov/geo/series/GSE225nnn/GSE225173/suppl/filelist.txt,/home/zdq-as/mouse_methyl_work/raw_downloads/geo_supplements_v27/GSE225173/GSM7040500_lane2_GGTCGTGT_M00017621_24_M_Lung_iPCRtag74_merged_L002_R1.barcode_removed_val_1_GRCm38_bismark_bt2_pe.deduplicated.bismark.cov.gz,planned,True
255,GSE225173,P0_processed_parser_pilot,sibling GEO record for GSE225166 methylation supplements; track for duplicate-aware parser pilot,GSM7040501_lane2_GGTGAGTT_M00018001_15_M_Liver_iTAG_69_merged_L002_R1.barcode_removed_val_1_GRCm38_bismark_bt2_pe.deduplicated.bismark.cov.gz,COV,11627218,https://ftp.ncbi.nlm.nih.gov/geo/samples/GSM7040nnn/GSM7040501/suppl/GSM7040501_lane2_GGTGAGTT_M00018001_15_M_Liver_iTAG_69_merged_L002_R1.barcode_removed_val_1_GRCm38_bismark_bt2_pe.deduplicated.bismark.cov.gz,https://ftp.ncbi.nlm.nih.gov/geo/series/GSE225nnn/GSE225173/suppl/filelist.txt,/home/zdq-as/mouse_methyl_work/raw_downloads/geo_supplements_v27/GSE225173/GSM7040501_lane2_GGTGAGTT_M00018001_15_M_Liver_iTAG_69_merged_L002_R1.barcode_removed_val_1_GRCm38_bismark_bt2_pe.deduplicated.bismark.cov.gz,planned,True
256,GSE225173,P0_processed_parser_pilot,sibling GEO record for GSE225166 methylation supplements; track for duplicate-aware parser pilot,GSM7040502_lane2_GTAAGGTG_M00018000_15_M_Heart_iTAG_84_merged_L002_R1.barcode_removed_val_1_GRCm38_bismark_bt2_pe.deduplicated.bismark.cov.gz,COV,22270593,https://ftp.ncbi.nlm.nih.gov/geo/samples/GSM7040nnn/GSM7040502/suppl/GSM7040502_lane2_GTAAGGTG_M00018000_15_M_Heart_iTAG_84_merged_L002_R1.barcode_removed_val_1_GRCm38_bismark_bt2_pe.deduplicated.bismark.cov.gz,https://ftp.ncbi.nlm.nih.gov/geo/series/GSE225nnn/GSE225173/suppl/filelist.txt,/home/zdq-as/mouse_methyl_work/raw_downloads/geo_supplements_v27/GSE225173/GSM7040502_lane2_GTAAGGTG_M00018000_15_M_Heart_iTAG_84_merged_L002_R1.barcode_removed_val_1_GRCm38_bismark_bt2_pe.deduplicated.bismark.cov.gz,planned,True
257,GSE225173,P0_processed_parser_pilot,sibling GEO record for GSE225166 methylation supplements; track for duplicate-aware parser pilot,GSM7040503_lane2_GTACATCT_M00018000_15_M_Lung_iTAG_76_merged_L002_R1.barcode_removed_val_1_GRCm38_bismark_bt2_pe.deduplicated.bismark.cov.gz,COV,23668210,https://ftp.ncbi.nlm.nih.gov/geo/samples/GSM7040nnn/GSM7040503/suppl/GSM7040503_lane2_GTACATCT_M00018000_15_M_Lung_iTAG_76_merged_L002_R1.barcode_removed_val_1_GRCm38_bismark_bt2_pe.deduplicated.bismark.cov.gz,https://ftp.ncbi.nlm.nih.gov/geo/series/GSE225nnn/GSE225173/suppl/filelist.txt,/home/zdq-as/mouse_methyl_work/raw_downloads/geo_supplements_v27/GSE225173/GSM7040503_lane2_GTACATCT_M00018000_15_M_Lung_iTAG_76_merged_L002_R1.barcode_removed_val_1_GRCm38_bismark_bt2_pe.deduplicated.bismark.cov.gz,planned,True
258,GSE225173,P0_processed_parser_pilot,sibling GEO record for GSE225166 methylation supplements; track for duplicate-aware parser pilot,GSM7040504_lane2_TAACGCTG_M00017912_15_M_Lung_iPCRtag34_merged_L002_R1.barcode_removed_val_1_GRCm38_bismark_bt2_pe.deduplicated.bismark.cov.gz,COV,21877121,https://ftp.ncbi.nlm.nih.gov/geo/samples/GSM7040nnn/GSM7040504/suppl/GSM7040504_lane2_TAACGCTG_M00017912_15_M_Lung_iPCRtag34_merged_L002_R1.barcode_removed_val_1_GRCm38_bismark_bt2_pe.deduplicated.bismark.cov.gz,https://ftp.ncbi.nlm.nih.gov/geo/series/GSE225nnn/GSE225173/suppl/filelist.txt,/home/zdq-as/mouse_methyl_work/raw_downloads/geo_supplements_v27/GSE225173/GSM7040504_lane2_TAACGCTG_M00017912_15_M_Lung_iPCRtag34_merged_L002_R1.barcode_removed_val_1_GRCm38_bismark_bt2_pe.deduplicated.bismark.cov.gz,planned,True
259,GSE225173,P0_processed_parser_pilot,sibling GEO record for GSE225166 methylation supplements; track for duplicate-aware parser pilot,GSM7040505_lane2_TAAGCGTT_M02-20522_3_M_Lung_iTAG_15_merged_L002_R1.barcode_removed_val_1_GRCm38_bismark_bt2_pe.deduplicated.bismark.cov.gz,COV,25658358,https://ftp.ncbi.nlm.nih.gov/geo/samples/GSM7040nnn/GSM7040505/suppl/GSM7040505_lane2_TAAGCGTT_M02-20522_3_M_Lung_iTAG_15_merged_L002_R1.barcode_removed_val_1_GRCm38_bismark_bt2_pe.deduplicated.bismark.cov.gz,https://ftp.ncbi.nlm.nih.gov/geo/series/GSE225nnn/GSE225173/suppl/filelist.txt,/home/zdq-as/mouse_methyl_work/raw_downloads/geo_supplements_v27/GSE225173/GSM7040505_lane2_TAAGCGTT_M02-20522_3_M_Lung_iTAG_15_merged_L002_R1.barcode_removed_val_1_GRCm38_bismark_bt2_pe.deduplicated.bismark.cov.gz,planned,True
260,GSE225173,P0_processed_parser_pilot,sibling GEO record for GSE225166 methylation supplements; track for duplicate-aware parser pilot,GSM7040506_lane2_TACCGAGC_M00017563_24_M_Heart_iTAG_53_merged_L002_R1.barcode_removed_val_1_GRCm38_bismark_bt2_pe.deduplicated.bismark.cov.gz,COV,22826054,https://ftp.ncbi.nlm.nih.gov/geo/samples/GSM7040nnn/GSM7040506/suppl/GSM7040506_lane2_TACCGAGC_M00017563_24_M_Heart_iTAG_53_merged_L002_R1.barcode_removed_val_1_GRCm38_bismark_bt2_pe.deduplicated.bismark.cov.gz,https://ftp.ncbi.nlm.nih.gov/geo/series/GSE225nnn/GSE225173/suppl/filelist.txt,/home/zdq-as/mouse_methyl_work/raw_downloads/geo_supplements_v27/GSE225173/GSM7040506_lane2_TACCGAGC_M00017563_24_M_Heart_iTAG_53_merged_L002_R1.barcode_removed_val_1_GRCm38_bismark_bt2_pe.deduplicated.bismark.cov.gz,planned,True
261,GSE225173,P0_processed_parser_pilot,sibling GEO record for GSE225166 methylation supplements; track for duplicate-aware parser pilot,GSM7040507_lane2_TAGCTTGT_M04-20526_3_M_Lung_iPCRtag10_merged_L002_R1.barcode_removed_val_1_GRCm38_bismark_bt2_pe.deduplicated.bismark.cov.gz,COV,27474374,https://ftp.ncbi.nlm.nih.gov/geo/samples/GSM7040nnn/GSM7040507/suppl/GSM7040507_lane2_TAGCTTGT_M04-20526_3_M_Lung_iPCRtag10_merged_L002_R1.barcode_removed_val_1_GRCm38_bismark_bt2_pe.deduplicated.bismark.cov.gz,https://ftp.ncbi.nlm.nih.gov/geo/series/GSE225nnn/GSE225173/suppl/filelist.txt,/home/zdq-as/mouse_methyl_work/raw_downloads/geo_supplements_v27/GSE225173/GSM7040507_lane2_TAGCTTGT_M04-20526_3_M_Lung_iPCRtag10_merged_L002_R1.barcode_removed_val_1_GRCm38_bismark_bt2_pe.deduplicated.bismark.cov.gz,planned,True
262,GSE225173,P0_processed_parser_pilot,sibling GEO record for GSE225166 methylation supplements; track for duplicate-aware parser pilot,GSM7040508_lane2_TATGTGGC_M00017897_15_M_Lung_iPCRtag50_merged_L002_R1.barcode_removed_val_1_GRCm38_bismark_bt2_pe.deduplicated.bismark.cov.gz,COV,24202706,https://ftp.ncbi.nlm.nih.gov/geo/samples/GSM7040nnn/GSM7040508/suppl/GSM7040508_lane2_TATGTGGC_M00017897_15_M_Lung_iPCRtag50_merged_L002_R1.barcode_removed_val_1_GRCm38_bismark_bt2_pe.deduplicated.bismark.cov.gz,https://ftp.ncbi.nlm.nih.gov/geo/series/GSE225nnn/GSE225173/suppl/filelist.txt,/home/zdq-as/mouse_methyl_work/raw_downloads/geo_supplements_v27/GSE225173/GSM7040508_lane2_TATGTGGC_M00017897_15_M_Lung_iPCRtag50_merged_L002_R1.barcode_removed_val_1_GRCm38_bismark_bt2_pe.deduplicated.bismark.cov.gz,planned,True
263,GSE225173,P0_processed_parser_pilot,sibling GEO record for GSE225166 methylation supplements; track for duplicate-aware parser pilot,GSM7040509_lane2_TCCTCAAT_M01-20526_3_M_Cortex_iTAG_29_merged_L002_R1.barcode_removed_val_1_GRCm38_bismark_bt2_pe.deduplicated.bismark.cov.gz,COV,23646495,https://ftp.ncbi.nlm.nih.gov/geo/samples/GSM7040nnn/GSM7040509/suppl/GSM7040509_lane2_TCCTCAAT_M01-20526_3_M_Cortex_iTAG_29_merged_L002_R1.barcode_removed_val_1_GRCm38_bismark_bt2_pe.deduplicated.bismark.cov.gz,https://ftp.ncbi.nlm.nih.gov/geo/series/GSE225nnn/GSE225173/suppl/filelist.txt,/home/zdq-as/mouse_methyl_work/raw_downloads/geo_supplements_v27/GSE225173/GSM7040509_lane2_TCCTCAAT_M01-20526_3_M_Cortex_iTAG_29_merged_L002_R1.barcode_removed_val_1_GRCm38_bismark_bt2_pe.deduplicated.bismark.cov.gz,planned,True
264,GSE225173,P0_processed_parser_pilot,sibling GEO record for GSE225166 methylation supplements; track for duplicate-aware parser pilot,GSM7040510_lane2_TGTATGCG_M00017913_15_M_Lung_iPCRtag42_merged_L002_R1.barcode_removed_val_1_GRCm38_bismark_bt2_pe.deduplicated.bismark.cov.gz,COV,25763718,https://ftp.ncbi.nlm.nih.gov/geo/samples/GSM7040nnn/GSM7040510/suppl/GSM7040510_lane2_TGTATGCG_M00017913_15_M_Lung_iPCRtag42_merged_L002_R1.barcode_removed_val_1_GRCm38_bismark_bt2_pe.deduplicated.bismark.cov.gz,https://ftp.ncbi.nlm.nih.gov/geo/series/GSE225nnn/GSE225173/suppl/filelist.txt,/home/zdq-as/mouse_methyl_work/raw_downloads/geo_supplements_v27/GSE225173/GSM7040510_lane2_TGTATGCG_M00017913_15_M_Lung_iPCRtag42_merged_L002_R1.barcode_removed_val_1_GRCm38_bismark_bt2_pe.deduplicated.bismark.cov.gz,planned,True
265,GSE225173,P0_processed_parser_pilot,sibling GEO record for GSE225166 methylation supplements; track for duplicate-aware parser pilot,GSM7040511_lane2_TGTGAAGA_M00017577_24_M_Cortex_iTAG_63_merged_L002_R1.barcode_removed_val_1_GRCm38_bismark_bt2_pe.deduplicated.bismark.cov.gz,COV,22889066,https://ftp.ncbi.nlm.nih.gov/geo/samples/GSM7040nnn/GSM7040511/suppl/GSM7040511_lane2_TGTGAAGA_M00017577_24_M_Cortex_iTAG_63_merged_L002_R1.barcode_removed_val_1_GRCm38_bismark_bt2_pe.deduplicated.bismark.cov.gz,https://ftp.ncbi.nlm.nih.gov/geo/series/GSE225nnn/GSE225173/suppl/filelist.txt,/home/zdq-as/mouse_methyl_work/raw_downloads/geo_supplements_v27/GSE225173/GSM7040511_lane2_TGTGAAGA_M00017577_24_M_Cortex_iTAG_63_merged_L002_R1.barcode_removed_val_1_GRCm38_bismark_bt2_pe.deduplicated.bismark.cov.gz,planned,True
266,GSE225173,P0_processed_parser_pilot,sibling GEO record for GSE225166 methylation supplements; track for duplicate-aware parser pilot,GSM7040512_lane2_TTCCATTG_M02-20523_3_M_Cortex_iTAG_32_merged_L002_R1.barcode_removed_val_1_GRCm38_bismark_bt2_pe.deduplicated.bismark.cov.gz,COV,23461774,https://ftp.ncbi.nlm.nih.gov/geo/samples/GSM7040nnn/GSM7040512/suppl/GSM7040512_lane2_TTCCATTG_M02-20523_3_M_Cortex_iTAG_32_merged_L002_R1.barcode_removed_val_1_GRCm38_bismark_bt2_pe.deduplicated.bismark.cov.gz,https://ftp.ncbi.nlm.nih.gov/geo/series/GSE225nnn/GSE225173/suppl/filelist.txt,/home/zdq-as/mouse_methyl_work/raw_downloads/geo_supplements_v27/GSE225173/GSM7040512_lane2_TTCCATTG_M02-20523_3_M_Cortex_iTAG_32_merged_L002_R1.barcode_removed_val_1_GRCm38_bismark_bt2_pe.deduplicated.bismark.cov.gz,planned,True
267,GSE225173,P0_processed_parser_pilot,sibling GEO record for GSE225166 methylation supplements; track for duplicate-aware parser pilot,GSM7040513_lane2_TTCCTGCT_M05-20522_3_M_Lung_iPCRtag26_merged_L002_R1.barcode_removed_val_1_GRCm38_bismark_bt2_pe.deduplicated.bismark.cov.gz,COV,24682532,https://ftp.ncbi.nlm.nih.gov/geo/samples/GSM7040nnn/GSM7040513/suppl/GSM7040513_lane2_TTCCTGCT_M05-20522_3_M_Lung_iPCRtag26_merged_L002_R1.barcode_removed_val_1_GRCm38_bismark_bt2_pe.deduplicated.bismark.cov.gz,https://ftp.ncbi.nlm.nih.gov/geo/series/GSE225nnn/GSE225173/suppl/filelist.txt,/home/zdq-as/mouse_methyl_work/raw_downloads/geo_supplements_v27/GSE225173/GSM7040513_lane2_TTCCTGCT_M05-20522_3_M_Lung_iPCRtag26_merged_L002_R1.barcode_removed_val_1_GRCm38_bismark_bt2_pe.deduplicated.bismark.cov.gz,planned,True
268,GSE225173,P0_processed_parser_pilot,sibling GEO record for GSE225166 methylation supplements; track for duplicate-aware parser pilot,GSM7040514_lane2_TTCGCACC_M00017577_24_M_Heart_iTAG_55_merged_L002_R1.barcode_removed_val_1_GRCm38_bismark_bt2_pe.deduplicated.bismark.cov.gz,COV,24750060,https://ftp.ncbi.nlm.nih.gov/geo/samples/GSM7040nnn/GSM7040514/suppl/GSM7040514_lane2_TTCGCACC_M00017577_24_M_Heart_iTAG_55_merged_L002_R1.barcode_removed_val_1_GRCm38_bismark_bt2_pe.deduplicated.bismark.cov.gz,https://ftp.ncbi.nlm.nih.gov/geo/series/GSE225nnn/GSE225173/suppl/filelist.txt,/home/zdq-as/mouse_methyl_work/raw_downloads/geo_supplements_v27/GSE225173/GSM7040514_lane2_TTCGCACC_M00017577_24_M_Heart_iTAG_55_merged_L002_R1.barcode_removed_val_1_GRCm38_bismark_bt2_pe.deduplicated.bismark.cov.gz,planned,True
269,GSE225173,P0_processed_parser_pilot,sibling GEO record for GSE225166 methylation supplements; track for duplicate-aware parser pilot,GSM7040515_lane2_TTCTGTGT_M04-20527_3_M_Lung_iPCRtag18_merged_L002_R1.barcode_removed_val_1_GRCm38_bismark_bt2_pe.deduplicated.bismark.cov.gz,COV,26476330,https://ftp.ncbi.nlm.nih.gov/geo/samples/GSM7040nnn/GSM7040515/suppl/GSM7040515_lane2_TTCTGTGT_M04-20527_3_M_Lung_iPCRtag18_merged_L002_R1.barcode_removed_val_1_GRCm38_bismark_bt2_pe.deduplicated.bismark.cov.gz,https://ftp.ncbi.nlm.nih.gov/geo/series/GSE225nnn/GSE225173/suppl/filelist.txt,/home/zdq-as/mouse_methyl_work/raw_downloads/geo_supplements_v27/GSE225173/GSM7040515_lane2_TTCTGTGT_M04-20527_3_M_Lung_iPCRtag18_merged_L002_R1.barcode_removed_val_1_GRCm38_bismark_bt2_pe.deduplicated.bismark.cov.gz,planned,True
270,GSE225173,P0_processed_parser_pilot,sibling GEO record for GSE225166 methylation supplements; track for duplicate-aware parser pilot,GSM7040516_lane3_GAATCTGT_M00017621_24_M_Heart_iPCRtag75_merged_L003_R1.barcode_removed_val_1_GRCm38_bismark_bt2_pe.deduplicated.bismark.cov.gz,COV,26391477,https://ftp.ncbi.nlm.nih.gov/geo/samples/GSM7040nnn/GSM7040516/suppl/GSM7040516_lane3_GAATCTGT_M00017621_24_M_Heart_iPCRtag75_merged_L003_R1.barcode_removed_val_1_GRCm38_bismark_bt2_pe.deduplicated.bismark.cov.gz,https://ftp.ncbi.nlm.nih.gov/geo/series/GSE225nnn/GSE225173/suppl/filelist.txt,/home/zdq-as/mouse_methyl_work/raw_downloads/geo_supplements_v27/GSE225173/GSM7040516_lane3_GAATCTGT_M00017621_24_M_Heart_iPCRtag75_merged_L003_R1.barcode_removed_val_1_GRCm38_bismark_bt2_pe.deduplicated.bismark.cov.gz,planned,True
271,GSE225173,P0_processed_parser_pilot,sibling GEO record for GSE225166 methylation supplements; track for duplicate-aware parser pilot,GSM7040517_lane3_GACCTTAG_M00017897_15_M_Cortex_iTAG_91_merged_L003_R1.barcode_removed_val_1_GRCm38_bismark_bt2_pe.deduplicated.bismark.cov.gz,COV,22176637,https://ftp.ncbi.nlm.nih.gov/geo/samples/GSM7040nnn/GSM7040517/suppl/GSM7040517_lane3_GACCTTAG_M00017897_15_M_Cortex_iTAG_91_merged_L003_R1.barcode_removed_val_1_GRCm38_bismark_bt2_pe.deduplicated.bismark.cov.gz,https://ftp.ncbi.nlm.nih.gov/geo/series/GSE225nnn/GSE225173/suppl/filelist.txt,/home/zdq-as/mouse_methyl_work/raw_downloads/geo_supplements_v27/GSE225173/GSM7040517_lane3_GACCTTAG_M00017897_15_M_Cortex_iTAG_91_merged_L003_R1.barcode_removed_val_1_GRCm38_bismark_bt2_pe.deduplicated.bismark.cov.gz,planned,True
272,GSE225173,P0_processed_parser_pilot,sibling GEO record for GSE225166 methylation supplements; track for duplicate-aware parser pilot,GSM7040518_lane3_GGCTACAG_M04-20526_3_M_Heart_iPCRtag11_merged_L003_R1.barcode_removed_val_1_GRCm38_bismark_bt2_pe.deduplicated.bismark.cov.gz,COV,28523513,https://ftp.ncbi.nlm.nih.gov/geo/samples/GSM7040nnn/GSM7040518/suppl/GSM7040518_lane3_GGCTACAG_M04-20526_3_M_Heart_iPCRtag11_merged_L003_R1.barcode_removed_val_1_GRCm38_bismark_bt2_pe.deduplicated.bismark.cov.gz,https://ftp.ncbi.nlm.nih.gov/geo/series/GSE225nnn/GSE225173/suppl/filelist.txt,/home/zdq-as/mouse_methyl_work/raw_downloads/geo_supplements_v27/GSE225173/GSM7040518_lane3_GGCTACAG_M04-20526_3_M_Heart_iPCRtag11_merged_L003_R1.barcode_removed_val_1_GRCm38_bismark_bt2_pe.deduplicated.bismark.cov.gz,planned,True
273,GSE225173,P0_processed_parser_pilot,sibling GEO record for GSE225166 methylation supplements; track for duplicate-aware parser pilot,GSM7040519_lane3_GGTCGTGT_M00017913_15_M_Lung_iTAG_74_merged_L003_R1.barcode_removed_val_1_GRCm38_bismark_bt2_pe.deduplicated.bismark.cov.gz,COV,25829745,https://ftp.ncbi.nlm.nih.gov/geo/samples/GSM7040nnn/GSM7040519/suppl/GSM7040519_lane3_GGTCGTGT_M00017913_15_M_Lung_iTAG_74_merged_L003_R1.barcode_removed_val_1_GRCm38_bismark_bt2_pe.deduplicated.bismark.cov.gz,https://ftp.ncbi.nlm.nih.gov/geo/series/GSE225nnn/GSE225173/suppl/filelist.txt,/home/zdq-as/mouse_methyl_work/raw_downloads/geo_supplements_v27/GSE225173/GSM7040519_lane3_GGTCGTGT_M00017913_15_M_Lung_iTAG_74_merged_L003_R1.barcode_removed_val_1_GRCm38_bismark_bt2_pe.deduplicated.bismark.cov.gz,planned,True
274,GSE225173,P0_processed_parser_pilot,sibling GEO record for GSE225166 methylation supplements; track for duplicate-aware parser pilot,GSM7040520_lane3_GTGTCCTT_M00018003_15_M_Liver_iTAG_71_merged_L003_R1.barcode_removed_val_1_GRCm38_bismark_bt2_pe.deduplicated.bismark.cov.gz,COV,33309779,https://ftp.ncbi.nlm.nih.gov/geo/samples/GSM7040nnn/GSM7040520/suppl/GSM7040520_lane3_GTGTCCTT_M00018003_15_M_Liver_iTAG_71_merged_L003_R1.barcode_removed_val_1_GRCm38_bismark_bt2_pe.deduplicated.bismark.cov.gz,https://ftp.ncbi.nlm.nih.gov/geo/series/GSE225nnn/GSE225173/suppl/filelist.txt,/home/zdq-as/mouse_methyl_work/raw_downloads/geo_supplements_v27/GSE225173/GSM7040520_lane3_GTGTCCTT_M00018003_15_M_Liver_iTAG_71_merged_L003_R1.barcode_removed_val_1_GRCm38_bismark_bt2_pe.deduplicated.bismark.cov.gz,planned,True
275,GSE225173,P0_processed_parser_pilot,sibling GEO record for GSE225166 methylation supplements; track for duplicate-aware parser pilot,GSM7040521_lane3_GTGTGTCG_M00017912_15_M_Cortex_iTAG_89_merged_L003_R1.barcode_removed_val_1_GRCm38_bismark_bt2_pe.deduplicated.bismark.cov.gz,COV,23288411,https://ftp.ncbi.nlm.nih.gov/geo/samples/GSM7040nnn/GSM7040521/suppl/GSM7040521_lane3_GTGTGTCG_M00017912_15_M_Cortex_iTAG_89_merged_L003_R1.barcode_removed_val_1_GRCm38_bismark_bt2_pe.deduplicated.bismark.cov.gz,https://ftp.ncbi.nlm.nih.gov/geo/series/GSE225nnn/GSE225173/suppl/filelist.txt,/home/zdq-as/mouse_methyl_work/raw_downloads/geo_supplements_v27/GSE225173/GSM7040521_lane3_GTGTGTCG_M00017912_15_M_Cortex_iTAG_89_merged_L003_R1.barcode_removed_val_1_GRCm38_bismark_bt2_pe.deduplicated.bismark.cov.gz,planned,True
276,GSE225173,P0_processed_parser_pilot,sibling GEO record for GSE225166 methylation supplements; track for duplicate-aware parser pilot,GSM7040522_lane3_TACTTCGG_M00017563_24_M_Liver_iTAG_37_merged_L003_R1.barcode_removed_val_1_GRCm38_bismark_bt2_pe.deduplicated.bismark.cov.gz,COV,25941503,https://ftp.ncbi.nlm.nih.gov/geo/samples/GSM7040nnn/GSM7040522/suppl/GSM7040522_lane3_TACTTCGG_M00017563_24_M_Liver_iTAG_37_merged_L003_R1.barcode_removed_val_1_GRCm38_bismark_bt2_pe.deduplicated.bismark.cov.gz,https://ftp.ncbi.nlm.nih.gov/geo/series/GSE225nnn/GSE225173/suppl/filelist.txt,/home/zdq-as/mouse_methyl_work/raw_downloads/geo_supplements_v27/GSE225173/GSM7040522_lane3_TACTTCGG_M00017563_24_M_Liver_iTAG_37_merged_L003_R1.barcode_removed_val_1_GRCm38_bismark_bt2_pe.deduplicated.bismark.cov.gz,planned,True
277,GSE225173,P0_processed_parser_pilot,sibling GEO record for GSE225166 methylation supplements; track for duplicate-aware parser pilot,GSM7040523_lane3_TAGAACAC_M00017561_24_M_Cortex_iTAG_59_merged_L003_R1.barcode_removed_val_1_GRCm38_bismark_bt2_pe.deduplicated.bismark.cov.gz,COV,25476034,https://ftp.ncbi.nlm.nih.gov/geo/samples/GSM7040nnn/GSM7040523/suppl/GSM7040523_lane3_TAGAACAC_M00017561_24_M_Cortex_iTAG_59_merged_L003_R1.barcode_removed_val_1_GRCm38_bismark_bt2_pe.deduplicated.bismark.cov.gz,https://ftp.ncbi.nlm.nih.gov/geo/series/GSE225nnn/GSE225173/suppl/filelist.txt,/home/zdq-as/mouse_methyl_work/raw_downloads/geo_supplements_v27/GSE225173/GSM7040523_lane3_TAGAACAC_M00017561_24_M_Cortex_iTAG_59_merged_L003_R1.barcode_removed_val_1_GRCm38_bismark_bt2_pe.deduplicated.bismark.cov.gz,planned,True
278,GSE225173,P0_processed_parser_pilot,sibling GEO record for GSE225166 methylation supplements; track for duplicate-aware parser pilot,GSM7040524_lane3_TAGTGACT_M01-20523_3_M_Cortex_iTAG_27_merged_L003_R1.barcode_removed_val_1_GRCm38_bismark_bt2_pe.deduplicated.bismark.cov.gz,COV,19207804,https://ftp.ncbi.nlm.nih.gov/geo/samples/GSM7040nnn/GSM7040524/suppl/GSM7040524_lane3_TAGTGACT_M01-20523_3_M_Cortex_iTAG_27_merged_L003_R1.barcode_removed_val_1_GRCm38_bismark_bt2_pe.deduplicated.bismark.cov.gz,https://ftp.ncbi.nlm.nih.gov/geo/series/GSE225nnn/GSE225173/suppl/filelist.txt,/home/zdq-as/mouse_methyl_work/raw_downloads/geo_supplements_v27/GSE225173/GSM7040524_lane3_TAGTGACT_M01-20523_3_M_Cortex_iTAG_27_merged_L003_R1.barcode_removed_val_1_GRCm38_bismark_bt2_pe.deduplicated.bismark.cov.gz,planned,True
279,GSE225173,P0_processed_parser_pilot,sibling GEO record for GSE225166 methylation supplements; track for duplicate-aware parser pilot,GSM7040525_lane3_TAGTGACT_M05-20522_3_M_Heart_iPCRtag27_merged_L003_R1.barcode_removed_val_1_GRCm38_bismark_bt2_pe.deduplicated.bismark.cov.gz,COV,35038055,https://ftp.ncbi.nlm.nih.gov/geo/samples/GSM7040nnn/GSM7040525/suppl/GSM7040525_lane3_TAGTGACT_M05-20522_3_M_Heart_iPCRtag27_merged_L003_R1.barcode_removed_val_1_GRCm38_bismark_bt2_pe.deduplicated.bismark.cov.gz,https://ftp.ncbi.nlm.nih.gov/geo/series/GSE225nnn/GSE225173/suppl/filelist.txt,/home/zdq-as/mouse_methyl_work/raw_downloads/geo_supplements_v27/GSE225173/GSM7040525_lane3_TAGTGACT_M05-20522_3_M_Heart_iPCRtag27_merged_L003_R1.barcode_removed_val_1_GRCm38_bismark_bt2_pe.deduplicated.bismark.cov.gz,planned,True
280,GSE225173,P0_processed_parser_pilot,sibling GEO record for GSE225166 methylation supplements; track for duplicate-aware parser pilot,GSM7040526_lane3_TCATTGAG_M00017561_24_M_Lung_iTAG_43_merged_L003_R1.barcode_removed_val_1_GRCm38_bismark_bt2_pe.deduplicated.bismark.cov.gz,COV,23580642,https://ftp.ncbi.nlm.nih.gov/geo/samples/GSM7040nnn/GSM7040526/suppl/GSM7040526_lane3_TCATTGAG_M00017561_24_M_Lung_iTAG_43_merged_L003_R1.barcode_removed_val_1_GRCm38_bismark_bt2_pe.deduplicated.bismark.cov.gz,https://ftp.ncbi.nlm.nih.gov/geo/series/GSE225nnn/GSE225173/suppl/filelist.txt,/home/zdq-as/mouse_methyl_work/raw_downloads/geo_supplements_v27/GSE225173/GSM7040526_lane3_TCATTGAG_M00017561_24_M_Lung_iTAG_43_merged_L003_R1.barcode_removed_val_1_GRCm38_bismark_bt2_pe.deduplicated.bismark.cov.gz,planned,True
281,GSE225173,P0_processed_parser_pilot,sibling GEO record for GSE225166 methylation supplements; track for duplicate-aware parser pilot,GSM7040527_lane3_TCATTGAG_M00017913_15_M_Heart_iPCRtag43_merged_L003_R1.barcode_removed_val_1_GRCm38_bismark_bt2_pe.deduplicated.bismark.cov.gz,COV,25404406,https://ftp.ncbi.nlm.nih.gov/geo/samples/GSM7040nnn/GSM7040527/suppl/GSM7040527_lane3_TCATTGAG_M00017913_15_M_Heart_iPCRtag43_merged_L003_R1.barcode_removed_val_1_GRCm38_bismark_bt2_pe.deduplicated.bismark.cov.gz,https://ftp.ncbi.nlm.nih.gov/geo/series/GSE225nnn/GSE225173/suppl/filelist.txt,/home/zdq-as/mouse_methyl_work/raw_downloads/geo_supplements_v27/GSE225173/GSM7040527_lane3_TCATTGAG_M00017913_15_M_Heart_iPCRtag43_merged_L003_R1.barcode_removed_val_1_GRCm38_bismark_bt2_pe.deduplicated.bismark.cov.gz,planned,True
282,GSE225173,P0_processed_parser_pilot,sibling GEO record for GSE225166 methylation supplements; track for duplicate-aware parser pilot,GSM7040528_lane3_TCGTTAGC_M00017562_24_M_Heart_iTAG_52_merged_L003_R1.barcode_removed_val_1_GRCm38_bismark_bt2_pe.deduplicated.bismark.cov.gz,COV,24570340,https://ftp.ncbi.nlm.nih.gov/geo/samples/GSM7040nnn/GSM7040528/suppl/GSM7040528_lane3_TCGTTAGC_M00017562_24_M_Heart_iTAG_52_merged_L003_R1.barcode_removed_val_1_GRCm38_bismark_bt2_pe.deduplicated.bismark.cov.gz,https://ftp.ncbi.nlm.nih.gov/geo/series/GSE225nnn/GSE225173/suppl/filelist.txt,/home/zdq-as/mouse_methyl_work/raw_downloads/geo_supplements_v27/GSE225173/GSM7040528_lane3_TCGTTAGC_M00017562_24_M_Heart_iTAG_52_merged_L003_R1.barcode_removed_val_1_GRCm38_bismark_bt2_pe.deduplicated.bismark.cov.gz,planned,True
283,GSE225173,P0_processed_parser_pilot,sibling GEO record for GSE225166 methylation supplements; track for duplicate-aware parser pilot,GSM7040529_lane3_TCTGCTGT_M04-20527_3_M_Heart_iPCRtag19_merged_L003_R1.barcode_removed_val_1_GRCm38_bismark_bt2_pe.deduplicated.bismark.cov.gz,COV,25246111,https://ftp.ncbi.nlm.nih.gov/geo/samples/GSM7040nnn/GSM7040529/suppl/GSM7040529_lane3_TCTGCTGT_M04-20527_3_M_Heart_iPCRtag19_merged_L003_R1.barcode_removed_val_1_GRCm38_bismark_bt2_pe.deduplicated.bismark.cov.gz,https://ftp.ncbi.nlm.nih.gov/geo/series/GSE225nnn/GSE225173/suppl/filelist.txt,/home/zdq-as/mouse_methyl_work/raw_downloads/geo_supplements_v27/GSE225173/GSM7040529_lane3_TCTGCTGT_M04-20527_3_M_Heart_iPCRtag19_merged_L003_R1.barcode_removed_val_1_GRCm38_bismark_bt2_pe.deduplicated.bismark.cov.gz,planned,True
284,GSE225173,P0_processed_parser_pilot,sibling GEO record for GSE225166 methylation supplements; track for duplicate-aware parser pilot,GSM7040530_lane3_TGGCTCAG_M00017562_24_M_Lung_iTAG_44_merged_L003_R1.barcode_removed_val_1_GRCm38_bismark_bt2_pe.deduplicated.bismark.cov.gz,COV,25994171,https://ftp.ncbi.nlm.nih.gov/geo/samples/GSM7040nnn/GSM7040530/suppl/GSM7040530_lane3_TGGCTCAG_M00017562_24_M_Lung_iTAG_44_merged_L003_R1.barcode_removed_val_1_GRCm38_bismark_bt2_pe.deduplicated.bismark.cov.gz,https://ftp.ncbi.nlm.nih.gov/geo/series/GSE225nnn/GSE225173/suppl/filelist.txt,/home/zdq-as/mouse_methyl_work/raw_downloads/geo_supplements_v27/GSE225173/GSM7040530_lane3_TGGCTCAG_M00017562_24_M_Lung_iTAG_44_merged_L003_R1.barcode_removed_val_1_GRCm38_bismark_bt2_pe.deduplicated.bismark.cov.gz,planned,True
285,GSE225173,P0_processed_parser_pilot,sibling GEO record for GSE225166 methylation supplements; track for duplicate-aware parser pilot,GSM7040531_lane3_TTACTCGC_M00017897_15_M_Heart_iPCRtag51_merged_L003_R1.barcode_removed_val_1_GRCm38_bismark_bt2_pe.deduplicated.bismark.cov.gz,COV,23513734,https://ftp.ncbi.nlm.nih.gov/geo/samples/GSM7040nnn/GSM7040531/suppl/GSM7040531_lane3_TTACTCGC_M00017897_15_M_Heart_iPCRtag51_merged_L003_R1.barcode_removed_val_1_GRCm38_bismark_bt2_pe.deduplicated.bismark.cov.gz,https://ftp.ncbi.nlm.nih.gov/geo/series/GSE225nnn/GSE225173/suppl/filelist.txt,/home/zdq-as/mouse_methyl_work/raw_downloads/geo_supplements_v27/GSE225173/GSM7040531_lane3_TTACTCGC_M00017897_15_M_Heart_iPCRtag51_merged_L003_R1.barcode_removed_val_1_GRCm38_bismark_bt2_pe.deduplicated.bismark.cov.gz,planned,True
286,GSE225173,P0_processed_parser_pilot,sibling GEO record for GSE225166 methylation supplements; track for duplicate-aware parser pilot,GSM7040532_lane3_TTAGGCAT_M01-20523_3_M_Liver_iTAG_3_merged_L003_R1.barcode_removed_val_1_GRCm38_bismark_bt2_pe.deduplicated.bismark.cov.gz,COV,26400278,https://ftp.ncbi.nlm.nih.gov/geo/samples/GSM7040nnn/GSM7040532/suppl/GSM7040532_lane3_TTAGGCAT_M01-20523_3_M_Liver_iTAG_3_merged_L003_R1.barcode_removed_val_1_GRCm38_bismark_bt2_pe.deduplicated.bismark.cov.gz,https://ftp.ncbi.nlm.nih.gov/geo/series/GSE225nnn/GSE225173/suppl/filelist.txt,/home/zdq-as/mouse_methyl_work/raw_downloads/geo_supplements_v27/GSE225173/GSM7040532_lane3_TTAGGCAT_M01-20523_3_M_Liver_iTAG_3_merged_L003_R1.barcode_removed_val_1_GRCm38_bismark_bt2_pe.deduplicated.bismark.cov.gz,planned,True
287,GSE225173,P0_processed_parser_pilot,sibling GEO record for GSE225166 methylation supplements; track for duplicate-aware parser pilot,GSM7040533_lane3_TTAGGCAT_M04-20525_3_M_Heart_iPCRtag3_merged_L003_R1.barcode_removed_val_1_GRCm38_bismark_bt2_pe.deduplicated.bismark.cov.gz,COV,30461519,https://ftp.ncbi.nlm.nih.gov/geo/samples/GSM7040nnn/GSM7040533/suppl/GSM7040533_lane3_TTAGGCAT_M04-20525_3_M_Heart_iPCRtag3_merged_L003_R1.barcode_removed_val_1_GRCm38_bismark_bt2_pe.deduplicated.bismark.cov.gz,https://ftp.ncbi.nlm.nih.gov/geo/series/GSE225nnn/GSE225173/suppl/filelist.txt,/home/zdq-as/mouse_methyl_work/raw_downloads/geo_supplements_v27/GSE225173/GSM7040533_lane3_TTAGGCAT_M04-20525_3_M_Heart_iPCRtag3_merged_L003_R1.barcode_removed_val_1_GRCm38_bismark_bt2_pe.deduplicated.bismark.cov.gz,planned,True
288,GSE225173,P0_processed_parser_pilot,sibling GEO record for GSE225166 methylation supplements; track for duplicate-aware parser pilot,GSM7040534_lane3_TTGGTATG_M00017912_15_M_Heart_iPCRtag35_merged_L003_R1.barcode_removed_val_1_GRCm38_bismark_bt2_pe.deduplicated.bismark.cov.gz,COV,24928237,https://ftp.ncbi.nlm.nih.gov/geo/samples/GSM7040nnn/GSM7040534/suppl/GSM7040534_lane3_TTGGTATG_M00017912_15_M_Heart_iPCRtag35_merged_L003_R1.barcode_removed_val_1_GRCm38_bismark_bt2_pe.deduplicated.bismark.cov.gz,https://ftp.ncbi.nlm.nih.gov/geo/series/GSE225nnn/GSE225173/suppl/filelist.txt,/home/zdq-as/mouse_methyl_work/raw_downloads/geo_supplements_v27/GSE225173/GSM7040534_lane3_TTGGTATG_M00017912_15_M_Heart_iPCRtag35_merged_L003_R1.barcode_removed_val_1_GRCm38_bismark_bt2_pe.deduplicated.bismark.cov.gz,planned,True
289,GSE225173,P0_processed_parser_pilot,sibling GEO record for GSE225166 methylation supplements; track for duplicate-aware parser pilot,GSM7040535_lane4_ACAGTGGT_M01-20526_3_M_Liver_iTAG_5_merged_L004_R1.barcode_removed_val_1_GRCm38_bismark_bt2_pe.deduplicated.bismark.cov.gz,COV,25128555,https://ftp.ncbi.nlm.nih.gov/geo/samples/GSM7040nnn/GSM7040535/suppl/GSM7040535_lane4_ACAGTGGT_M01-20526_3_M_Liver_iTAG_5_merged_L004_R1.barcode_removed_val_1_GRCm38_bismark_bt2_pe.deduplicated.bismark.cov.gz,https://ftp.ncbi.nlm.nih.gov/geo/series/GSE225nnn/GSE225173/suppl/filelist.txt,/home/zdq-as/mouse_methyl_work/raw_downloads/geo_supplements_v27/GSE225173/GSM7040535_lane4_ACAGTGGT_M01-20526_3_M_Liver_iTAG_5_merged_L004_R1.barcode_removed_val_1_GRCm38_bismark_bt2_pe.deduplicated.bismark.cov.gz,planned,True
290,GSE225173,P0_processed_parser_pilot,sibling GEO record for GSE225166 methylation supplements; track for duplicate-aware parser pilot,GSM7040536_lane4_CTTGTACT_M04-20526_3_M_Cortex_iPCRtag12_merged_L004_R1.barcode_removed_val_1_GRCm38_bismark_bt2_pe.deduplicated.bismark.cov.gz,COV,26922047,https://ftp.ncbi.nlm.nih.gov/geo/samples/GSM7040nnn/GSM7040536/suppl/GSM7040536_lane4_CTTGTACT_M04-20526_3_M_Cortex_iPCRtag12_merged_L004_R1.barcode_removed_val_1_GRCm38_bismark_bt2_pe.deduplicated.bismark.cov.gz,https://ftp.ncbi.nlm.nih.gov/geo/series/GSE225nnn/GSE225173/suppl/filelist.txt,/home/zdq-as/mouse_methyl_work/raw_downloads/geo_supplements_v27/GSE225173/GSM7040536_lane4_CTTGTACT_M04-20526_3_M_Cortex_iPCRtag12_merged_L004_R1.barcode_removed_val_1_GRCm38_bismark_bt2_pe.deduplicated.bismark.cov.gz,planned,True
291,GSE225173,P0_processed_parser_pilot,sibling GEO record for GSE225166 methylation supplements; track for duplicate-aware parser pilot,GSM7040537_lane4_GGAATGAT_M00017912_15_M_Heart_iTAG_81_merged_L004_R1.barcode_removed_val_1_GRCm38_bismark_bt2_pe.deduplicated.bismark.cov.gz,COV,23771515,https://ftp.ncbi.nlm.nih.gov/geo/samples/GSM7040nnn/GSM7040537/suppl/GSM7040537_lane4_GGAATGAT_M00017912_15_M_Heart_iTAG_81_merged_L004_R1.barcode_removed_val_1_GRCm38_bismark_bt2_pe.deduplicated.bismark.cov.gz,https://ftp.ncbi.nlm.nih.gov/geo/series/GSE225nnn/GSE225173/suppl/filelist.txt,/home/zdq-as/mouse_methyl_work/raw_downloads/geo_supplements_v27/GSE225173/GSM7040537_lane4_GGAATGAT_M00017912_15_M_Heart_iTAG_81_merged_L004_R1.barcode_removed_val_1_GRCm38_bismark_bt2_pe.deduplicated.bismark.cov.gz,planned,True
292,GSE225173,P0_processed_parser_pilot,sibling GEO record for GSE225166 methylation supplements; track for duplicate-aware parser pilot,GSM7040538_lane4_GTACATCT_M00017621_24_M_Cortex_iPCRtag76_merged_L004_R1.barcode_removed_val_1_GRCm38_bismark_bt2_pe.deduplicated.bismark.cov.gz,COV,30157421,https://ftp.ncbi.nlm.nih.gov/geo/samples/GSM7040nnn/GSM7040538/suppl/GSM7040538_lane4_GTACATCT_M00017621_24_M_Cortex_iPCRtag76_merged_L004_R1.barcode_removed_val_1_GRCm38_bismark_bt2_pe.deduplicated.bismark.cov.gz,https://ftp.ncbi.nlm.nih.gov/geo/series/GSE225nnn/GSE225173/suppl/filelist.txt,/home/zdq-as/mouse_methyl_work/raw_downloads/geo_supplements_v27/GSE225173/GSM7040538_lane4_GTACATCT_M00017621_24_M_Cortex_iPCRtag76_merged_L004_R1.barcode_removed_val_1_GRCm38_bismark_bt2_pe.deduplicated.bismark.cov.gz,planned,True
293,GSE225173,P0_processed_parser_pilot,sibling GEO record for GSE225166 methylation supplements; track for duplicate-aware parser pilot,GSM7040539_lane4_GTCGCTAT_M00018004_15_M_Lung_iTAG_80_merged_L004_R1.barcode_removed_val_1_GRCm38_bismark_bt2_pe.deduplicated.bismark.cov.gz,COV,26200515,https://ftp.ncbi.nlm.nih.gov/geo/samples/GSM7040nnn/GSM7040539/suppl/GSM7040539_lane4_GTCGCTAT_M00018004_15_M_Lung_iTAG_80_merged_L004_R1.barcode_removed_val_1_GRCm38_bismark_bt2_pe.deduplicated.bismark.cov.gz,https://ftp.ncbi.nlm.nih.gov/geo/series/GSE225nnn/GSE225173/suppl/filelist.txt,/home/zdq-as/mouse_methyl_work/raw_downloads/geo_supplements_v27/GSE225173/GSM7040539_lane4_GTCGCTAT_M00018004_15_M_Lung_iTAG_80_merged_L004_R1.barcode_removed_val_1_GRCm38_bismark_bt2_pe.deduplicated.bismark.cov.gz,planned,True
294,GSE225173,P0_processed_parser_pilot,sibling GEO record for GSE225166 methylation supplements; track for duplicate-aware parser pilot,GSM7040540_lane4_GTCTTGGC_M00018004_15_M_Cortex_iTAG_96_merged_L004_R1.barcode_removed_val_1_GRCm38_bismark_bt2_pe.deduplicated.bismark.cov.gz,COV,24644921,https://ftp.ncbi.nlm.nih.gov/geo/samples/GSM7040nnn/GSM7040540/suppl/GSM7040540_lane4_GTCTTGGC_M00018004_15_M_Cortex_iTAG_96_merged_L004_R1.barcode_removed_val_1_GRCm38_bismark_bt2_pe.deduplicated.bismark.cov.gz,https://ftp.ncbi.nlm.nih.gov/geo/series/GSE225nnn/GSE225173/suppl/filelist.txt,/home/zdq-as/mouse_methyl_work/raw_downloads/geo_supplements_v27/GSE225173/GSM7040540_lane4_GTCTTGGC_M00018004_15_M_Cortex_iTAG_96_merged_L004_R1.barcode_removed_val_1_GRCm38_bismark_bt2_pe.deduplicated.bismark.cov.gz,planned,True
295,GSE225173,P0_processed_parser_pilot,sibling GEO record for GSE225166 methylation supplements; track for duplicate-aware parser pilot,GSM7040541_lane4_TACAGGAT_M05-20522_3_M_Cortex_iPCRtag28_merged_L004_R1.barcode_removed_val_1_GRCm38_bismark_bt2_pe.deduplicated.bismark.cov.gz,COV,25379698,https://ftp.ncbi.nlm.nih.gov/geo/samples/GSM7040nnn/GSM7040541/suppl/GSM7040541_lane4_TACAGGAT_M05-20522_3_M_Cortex_iPCRtag28_merged_L004_R1.barcode_removed_val_1_GRCm38_bismark_bt2_pe.deduplicated.bismark.cov.gz,https://ftp.ncbi.nlm.nih.gov/geo/series/GSE225nnn/GSE225173/suppl/filelist.txt,/home/zdq-as/mouse_methyl_work/raw_downloads/geo_supplements_v27/GSE225173/GSM7040541_lane4_TACAGGAT_M05-20522_3_M_Cortex_iPCRtag28_merged_L004_R1.barcode_removed_val_1_GRCm38_bismark_bt2_pe.deduplicated.bismark.cov.gz,planned,True
296,GSE225173,P0_processed_parser_pilot,sibling GEO record for GSE225166 methylation supplements; track for duplicate-aware parser pilot,GSM7040542_lane4_TACCACCA_M00017897_15_M_Liver_iTAG_67_merged_L004_R1.barcode_removed_val_1_GRCm38_bismark_bt2_pe.deduplicated.bismark.cov.gz,COV,28623761,https://ftp.ncbi.nlm.nih.gov/geo/samples/GSM7040nnn/GSM7040542/suppl/GSM7040542_lane4_TACCACCA_M00017897_15_M_Liver_iTAG_67_merged_L004_R1.barcode_removed_val_1_GRCm38_bismark_bt2_pe.deduplicated.bismark.cov.gz,https://ftp.ncbi.nlm.nih.gov/geo/series/GSE225nnn/GSE225173/suppl/filelist.txt,/home/zdq-as/mouse_methyl_work/raw_downloads/geo_supplements_v27/GSE225173/GSM7040542_lane4_TACCACCA_M00017897_15_M_Liver_iTAG_67_merged_L004_R1.barcode_removed_val_1_GRCm38_bismark_bt2_pe.deduplicated.bismark.cov.gz,planned,True
297,GSE225173,P0_processed_parser_pilot,sibling GEO record for GSE225166 methylation supplements; track for duplicate-aware parser pilot,GSM7040543_lane4_TATGTGGC_M00017560_24_M_Heart_iTAG_50_merged_L004_R1.barcode_removed_val_1_GRCm38_bismark_bt2_pe.deduplicated.bismark.cov.gz,COV,22876694,https://ftp.ncbi.nlm.nih.gov/geo/samples/GSM7040nnn/GSM7040543/suppl/GSM7040543_lane4_TATGTGGC_M00017560_24_M_Heart_iTAG_50_merged_L004_R1.barcode_removed_val_1_GRCm38_bismark_bt2_pe.deduplicated.bismark.cov.gz,https://ftp.ncbi.nlm.nih.gov/geo/series/GSE225nnn/GSE225173/suppl/filelist.txt,/home/zdq-as/mouse_methyl_work/raw_downloads/geo_supplements_v27/GSE225173/GSM7040543_lane4_TATGTGGC_M00017560_24_M_Heart_iTAG_50_merged_L004_R1.barcode_removed_val_1_GRCm38_bismark_bt2_pe.deduplicated.bismark.cov.gz,planned,True
298,GSE225173,P0_processed_parser_pilot,sibling GEO record for GSE225166 methylation supplements; track for duplicate-aware parser pilot,GSM7040544_lane4_TCCGTCTT_M02-20523_3_M_Lung_iTAG_16_merged_L004_R1.barcode_removed_val_1_GRCm38_bismark_bt2_pe.deduplicated.bismark.cov.gz,COV,26610070,https://ftp.ncbi.nlm.nih.gov/geo/samples/GSM7040nnn/GSM7040544/suppl/GSM7040544_lane4_TCCGTCTT_M02-20523_3_M_Lung_iTAG_16_merged_L004_R1.barcode_removed_val_1_GRCm38_bismark_bt2_pe.deduplicated.bismark.cov.gz,https://ftp.ncbi.nlm.nih.gov/geo/series/GSE225nnn/GSE225173/suppl/filelist.txt,/home/zdq-as/mouse_methyl_work/raw_downloads/geo_supplements_v27/GSE225173/GSM7040544_lane4_TCCGTCTT_M02-20523_3_M_Lung_iTAG_16_merged_L004_R1.barcode_removed_val_1_GRCm38_bismark_bt2_pe.deduplicated.bismark.cov.gz,planned,True
299,GSE225173,P0_processed_parser_pilot,sibling GEO record for GSE225166 methylation supplements; track for duplicate-aware parser pilot,GSM7040545_lane4_TCGTTAGC_M00017897_15_M_Cortex_iPCRtag52_merged_L004_R1.barcode_removed_val_1_GRCm38_bismark_bt2_pe.deduplicated.bismark.cov.gz,COV,25341405,https://ftp.ncbi.nlm.nih.gov/geo/samples/GSM7040nnn/GSM7040545/suppl/GSM7040545_lane4_TCGTTAGC_M00017897_15_M_Cortex_iPCRtag52_merged_L004_R1.barcode_removed_val_1_GRCm38_bismark_bt2_pe.deduplicated.bismark.cov.gz,https://ftp.ncbi.nlm.nih.gov/geo/series/GSE225nnn/GSE225173/suppl/filelist.txt,/home/zdq-as/mouse_methyl_work/raw_downloads/geo_supplements_v27/GSE225173/GSM7040545_lane4_TCGTTAGC_M00017897_15_M_Cortex_iPCRtag52_merged_L004_R1.barcode_removed_val_1_GRCm38_bismark_bt2_pe.deduplicated.bismark.cov.gz,planned,True
300,GSE225173,P0_processed_parser_pilot,sibling GEO record for GSE225166 methylation supplements; track for duplicate-aware parser pilot,GSM7040546_lane4_TCTCACGG_M00017576_24_M_Liver_iTAG_38_merged_L004_R1.barcode_removed_val_1_GRCm38_bismark_bt2_pe.deduplicated.bismark.cov.gz,COV,16974622,https://ftp.ncbi.nlm.nih.gov/geo/samples/GSM7040nnn/GSM7040546/suppl/GSM7040546_lane4_TCTCACGG_M00017576_24_M_Liver_iTAG_38_merged_L004_R1.barcode_removed_val_1_GRCm38_bismark_bt2_pe.deduplicated.bismark.cov.gz,https://ftp.ncbi.nlm.nih.gov/geo/series/GSE225nnn/GSE225173/suppl/filelist.txt,/home/zdq-as/mouse_methyl_work/raw_downloads/geo_supplements_v27/GSE225173/GSM7040546_lane4_TCTCACGG_M00017576_24_M_Liver_iTAG_38_merged_L004_R1.barcode_removed_val_1_GRCm38_bismark_bt2_pe.deduplicated.bismark.cov.gz,planned,True
301,GSE225173,P0_processed_parser_pilot,sibling GEO record for GSE225166 methylation supplements; track for duplicate-aware parser pilot,GSM7040547_lane4_TGAACTGG_M00017912_15_M_Cortex_iPCRtag36_merged_L004_R1.barcode_removed_val_1_GRCm38_bismark_bt2_pe.deduplicated.bismark.cov.gz,COV,23894418,https://ftp.ncbi.nlm.nih.gov/geo/samples/GSM7040nnn/GSM7040547/suppl/GSM7040547_lane4_TGAACTGG_M00017912_15_M_Cortex_iPCRtag36_merged_L004_R1.barcode_removed_val_1_GRCm38_bismark_bt2_pe.deduplicated.bismark.cov.gz,https://ftp.ncbi.nlm.nih.gov/geo/series/GSE225nnn/GSE225173/suppl/filelist.txt,/home/zdq-as/mouse_methyl_work/raw_downloads/geo_supplements_v27/GSE225173/GSM7040547_lane4_TGAACTGG_M00017912_15_M_Cortex_iPCRtag36_merged_L004_R1.barcode_removed_val_1_GRCm38_bismark_bt2_pe.deduplicated.bismark.cov.gz,planned,True
302,GSE225173,P0_processed_parser_pilot,sibling GEO record for GSE225166 methylation supplements; track for duplicate-aware parser pilot,GSM7040548_lane4_TGACCACT_M04-20525_3_M_Cortex_iPCRtag4_merged_L004_R1.barcode_removed_val_1_GRCm38_bismark_bt2_pe.deduplicated.bismark.cov.gz,COV,27728506,https://ftp.ncbi.nlm.nih.gov/geo/samples/GSM7040nnn/GSM7040548/suppl/GSM7040548_lane4_TGACCACT_M04-20525_3_M_Cortex_iPCRtag4_merged_L004_R1.barcode_removed_val_1_GRCm38_bismark_bt2_pe.deduplicated.bismark.cov.gz,https://ftp.ncbi.nlm.nih.gov/geo/series/GSE225nnn/GSE225173/suppl/filelist.txt,/home/zdq-as/mouse_methyl_work/raw_downloads/geo_supplements_v27/GSE225173/GSM7040548_lane4_TGACCACT_M04-20525_3_M_Cortex_iPCRtag4_merged_L004_R1.barcode_removed_val_1_GRCm38_bismark_bt2_pe.deduplicated.bismark.cov.gz,planned,True
303,GSE225173,P0_processed_parser_pilot,sibling GEO record for GSE225166 methylation supplements; track for duplicate-aware parser pilot,GSM7040549_lane4_TGCTGATA_M00017563_24_M_Cortex_iTAG_61_merged_L004_R1.barcode_removed_val_1_GRCm38_bismark_bt2_pe.deduplicated.bismark.cov.gz,COV,27310376,https://ftp.ncbi.nlm.nih.gov/geo/samples/GSM7040nnn/GSM7040549/suppl/GSM7040549_lane4_TGCTGATA_M00017563_24_M_Cortex_iTAG_61_merged_L004_R1.barcode_removed_val_1_GRCm38_bismark_bt2_pe.deduplicated.bismark.cov.gz,https://ftp.ncbi.nlm.nih.gov/geo/series/GSE225nnn/GSE225173/suppl/filelist.txt,/home/zdq-as/mouse_methyl_work/raw_downloads/geo_supplements_v27/GSE225173/GSM7040549_lane4_TGCTGATA_M00017563_24_M_Cortex_iTAG_61_merged_L004_R1.barcode_removed_val_1_GRCm38_bismark_bt2_pe.deduplicated.bismark.cov.gz,planned,True
304,GSE225173,P0_processed_parser_pilot,sibling GEO record for GSE225166 methylation supplements; track for duplicate-aware parser pilot,GSM7040550_lane4_TGGCTCAG_M00017913_15_M_Cortex_iPCRtag44_merged_L004_R1.barcode_removed_val_1_GRCm38_bismark_bt2_pe.deduplicated.bismark.cov.gz,COV,24826565,https://ftp.ncbi.nlm.nih.gov/geo/samples/GSM7040nnn/GSM7040550/suppl/GSM7040550_lane4_TGGCTCAG_M00017913_15_M_Cortex_iPCRtag44_merged_L004_R1.barcode_removed_val_1_GRCm38_bismark_bt2_pe.deduplicated.bismark.cov.gz,https://ftp.ncbi.nlm.nih.gov/geo/series/GSE225nnn/GSE225173/suppl/filelist.txt,/home/zdq-as/mouse_methyl_work/raw_downloads/geo_supplements_v27/GSE225173/GSM7040550_lane4_TGGCTCAG_M00017913_15_M_Cortex_iPCRtag44_merged_L004_R1.barcode_removed_val_1_GRCm38_bismark_bt2_pe.deduplicated.bismark.cov.gz,planned,True
305,GSE225173,P0_processed_parser_pilot,sibling GEO record for GSE225166 methylation supplements; track for duplicate-aware parser pilot,GSM7040551_lane4_TGTATGCG_M00017560_24_M_Lung_iTAG_42_merged_L004_R1.barcode_removed_val_1_GRCm38_bismark_bt2_pe.deduplicated.bismark.cov.gz,COV,24804515,https://ftp.ncbi.nlm.nih.gov/geo/samples/GSM7040nnn/GSM7040551/suppl/GSM7040551_lane4_TGTATGCG_M00017560_24_M_Lung_iTAG_42_merged_L004_R1.barcode_removed_val_1_GRCm38_bismark_bt2_pe.deduplicated.bismark.cov.gz,https://ftp.ncbi.nlm.nih.gov/geo/series/GSE225nnn/GSE225173/suppl/filelist.txt,/home/zdq-as/mouse_methyl_work/raw_downloads/geo_supplements_v27/GSE225173/GSM7040551_lane4_TGTATGCG_M00017560_24_M_Lung_iTAG_42_merged_L004_R1.barcode_removed_val_1_GRCm38_bismark_bt2_pe.deduplicated.bismark.cov.gz,planned,True
306,GSE225173,P0_processed_parser_pilot,sibling GEO record for GSE225166 methylation supplements; track for duplicate-aware parser pilot,GSM7040552_lane4_TGTCTATC_M00017549_24_M_Heart_iTAG_49_merged_L004_R1.barcode_removed_val_1_GRCm38_bismark_bt2_pe.deduplicated.bismark.cov.gz,COV,23414532,https://ftp.ncbi.nlm.nih.gov/geo/samples/GSM7040nnn/GSM7040552/suppl/GSM7040552_lane4_TGTCTATC_M00017549_24_M_Heart_iTAG_49_merged_L004_R1.barcode_removed_val_1_GRCm38_bismark_bt2_pe.deduplicated.bismark.cov.gz,https://ftp.ncbi.nlm.nih.gov/geo/series/GSE225nnn/GSE225173/suppl/filelist.txt,/home/zdq-as/mouse_methyl_work/raw_downloads/geo_supplements_v27/GSE225173/GSM7040552_lane4_TGTCTATC_M00017549_24_M_Heart_iTAG_49_merged_L004_R1.barcode_removed_val_1_GRCm38_bismark_bt2_pe.deduplicated.bismark.cov.gz,planned,True
307,GSE225173,P0_processed_parser_pilot,sibling GEO record for GSE225166 methylation supplements; track for duplicate-aware parser pilot,GSM7040553_lane4_TTGGAGGT_M04-20527_3_M_Cortex_iPCRtag20_merged_L004_R1.barcode_removed_val_1_GRCm38_bismark_bt2_pe.deduplicated.bismark.cov.gz,COV,29996094,https://ftp.ncbi.nlm.nih.gov/geo/samples/GSM7040nnn/GSM7040553/suppl/GSM7040553_lane4_TTGGAGGT_M04-20527_3_M_Cortex_iPCRtag20_merged_L004_R1.barcode_removed_val_1_GRCm38_bismark_bt2_pe.deduplicated.bismark.cov.gz,https://ftp.ncbi.nlm.nih.gov/geo/series/GSE225nnn/GSE225173/suppl/filelist.txt,/home/zdq-as/mouse_methyl_work/raw_downloads/geo_supplements_v27/GSE225173/GSM7040553_lane4_TTGGAGGT_M04-20527_3_M_Cortex_iPCRtag20_merged_L004_R1.barcode_removed_val_1_GRCm38_bismark_bt2_pe.deduplicated.bismark.cov.gz,planned,True
308,GSE225173,P0_processed_parser_pilot,sibling GEO record for GSE225166 methylation supplements; track for duplicate-aware parser pilot,GSM7040554_lane5_GAATCTGT_M00017897_15_M_Lung_iTAG_75_merged_L005_R1.barcode_removed_val_1_GRCm38_bismark_bt2_pe.deduplicated.bismark.cov.gz,COV,26121976,https://ftp.ncbi.nlm.nih.gov/geo/samples/GSM7040nnn/GSM7040554/suppl/GSM7040554_lane5_GAATCTGT_M00017897_15_M_Lung_iTAG_75_merged_L005_R1.barcode_removed_val_1_GRCm38_bismark_bt2_pe.deduplicated.bismark.cov.gz,https://ftp.ncbi.nlm.nih.gov/geo/series/GSE225nnn/GSE225173/suppl/filelist.txt,/home/zdq-as/mouse_methyl_work/raw_downloads/geo_supplements_v27/GSE225173/GSM7040554_lane5_GAATCTGT_M00017897_15_M_Lung_iTAG_75_merged_L005_R1.barcode_removed_val_1_GRCm38_bismark_bt2_pe.deduplicated.bismark.cov.gz,planned,True
309,GSE225173,P0_processed_parser_pilot,sibling GEO record for GSE225166 methylation supplements; track for duplicate-aware parser pilot,GSM7040555_lane5_GGTGAGTT_M00018011_15_M_Liver_iPCRtag69_merged_L005_R1.barcode_removed_val_1_GRCm38_bismark_bt2_pe.deduplicated.bismark.cov.gz,COV,31336510,https://ftp.ncbi.nlm.nih.gov/geo/samples/GSM7040nnn/GSM7040555/suppl/GSM7040555_lane5_GGTGAGTT_M00018011_15_M_Liver_iPCRtag69_merged_L005_R1.barcode_removed_val_1_GRCm38_bismark_bt2_pe.deduplicated.bismark.cov.gz,https://ftp.ncbi.nlm.nih.gov/geo/series/GSE225nnn/GSE225173/suppl/filelist.txt,/home/zdq-as/mouse_methyl_work/raw_downloads/geo_supplements_v27/GSE225173/GSM7040555_lane5_GGTGAGTT_M00018011_15_M_Liver_iPCRtag69_merged_L005_R1.barcode_removed_val_1_GRCm38_bismark_bt2_pe.deduplicated.bismark.cov.gz,planned,True
310,GSE225173,P0_processed_parser_pilot,sibling GEO record for GSE225166 methylation supplements; track for duplicate-aware parser pilot,GSM7040556_lane5_GTTAGCCT_M00018003_15_M_Lung_iTAG_79_merged_L005_R1.barcode_removed_val_1_GRCm38_bismark_bt2_pe.deduplicated.bismark.cov.gz,COV,22760334,https://ftp.ncbi.nlm.nih.gov/geo/samples/GSM7040nnn/GSM7040556/suppl/GSM7040556_lane5_GTTAGCCT_M00018003_15_M_Lung_iTAG_79_merged_L005_R1.barcode_removed_val_1_GRCm38_bismark_bt2_pe.deduplicated.bismark.cov.gz,https://ftp.ncbi.nlm.nih.gov/geo/series/GSE225nnn/GSE225173/suppl/filelist.txt,/home/zdq-as/mouse_methyl_work/raw_downloads/geo_supplements_v27/GSE225173/GSM7040556_lane5_GTTAGCCT_M00018003_15_M_Lung_iTAG_79_merged_L005_R1.barcode_removed_val_1_GRCm38_bismark_bt2_pe.deduplicated.bismark.cov.gz,planned,True
311,GSE225173,P0_processed_parser_pilot,sibling GEO record for GSE225166 methylation supplements; track for duplicate-aware parser pilot,GSM7040557_lane5_TACTTCGG_M00017579_24_M_Liver_iPCRtag37_merged_L005_R1.barcode_removed_val_1_GRCm38_bismark_bt2_pe.deduplicated.bismark.cov.gz,COV,19856237,https://ftp.ncbi.nlm.nih.gov/geo/samples/GSM7040nnn/GSM7040557/suppl/GSM7040557_lane5_TACTTCGG_M00017579_24_M_Liver_iPCRtag37_merged_L005_R1.barcode_removed_val_1_GRCm38_bismark_bt2_pe.deduplicated.bismark.cov.gz,https://ftp.ncbi.nlm.nih.gov/geo/series/GSE225nnn/GSE225173/suppl/filelist.txt,/home/zdq-as/mouse_methyl_work/raw_downloads/geo_supplements_v27/GSE225173/GSM7040557_lane5_TACTTCGG_M00017579_24_M_Liver_iPCRtag37_merged_L005_R1.barcode_removed_val_1_GRCm38_bismark_bt2_pe.deduplicated.bismark.cov.gz,planned,True
312,GSE225173,P0_processed_parser_pilot,sibling GEO record for GSE225166 methylation supplements; track for duplicate-aware parser pilot,GSM7040558_lane5_TATGCCAG_M00017563_24_M_Lung_iTAG_45_merged_L005_R1.barcode_removed_val_1_GRCm38_bismark_bt2_pe.deduplicated.bismark.cov.gz,COV,30304191,https://ftp.ncbi.nlm.nih.gov/geo/samples/GSM7040nnn/GSM7040558/suppl/GSM7040558_lane5_TATGCCAG_M00017563_24_M_Lung_iTAG_45_merged_L005_R1.barcode_removed_val_1_GRCm38_bismark_bt2_pe.deduplicated.bismark.cov.gz,https://ftp.ncbi.nlm.nih.gov/geo/series/GSE225nnn/GSE225173/suppl/filelist.txt,/home/zdq-as/mouse_methyl_work/raw_downloads/geo_supplements_v27/GSE225173/GSM7040558_lane5_TATGCCAG_M00017563_24_M_Lung_iTAG_45_merged_L005_R1.barcode_removed_val_1_GRCm38_bismark_bt2_pe.deduplicated.bismark.cov.gz,planned,True
313,GSE225173,P0_processed_parser_pilot,sibling GEO record for GSE225166 methylation supplements; track for duplicate-aware parser pilot,GSM7040559_lane5_TATGCCAG_M00017589_24_M_Liver_iPCRtag45_merged_L005_R1.barcode_removed_val_1_GRCm38_bismark_bt2_pe.deduplicated.bismark.cov.gz,COV,20840802,https://ftp.ncbi.nlm.nih.gov/geo/samples/GSM7040nnn/GSM7040559/suppl/GSM7040559_lane5_TATGCCAG_M00017589_24_M_Liver_iPCRtag45_merged_L005_R1.barcode_removed_val_1_GRCm38_bismark_bt2_pe.deduplicated.bismark.cov.gz,https://ftp.ncbi.nlm.nih.gov/geo/series/GSE225nnn/GSE225173/suppl/filelist.txt,/home/zdq-as/mouse_methyl_work/raw_downloads/geo_supplements_v27/GSE225173/GSM7040559_lane5_TATGCCAG_M00017589_24_M_Liver_iPCRtag45_merged_L005_R1.barcode_removed_val_1_GRCm38_bismark_bt2_pe.deduplicated.bismark.cov.gz,planned,True
314,GSE225173,P0_processed_parser_pilot,sibling GEO record for GSE225166 methylation supplements; track for duplicate-aware parser pilot,GSM7040560_lane5_TCAGATTC_M00017576_24_M_Lung_iTAG_46_merged_L005_R1.barcode_removed_val_1_GRCm38_bismark_bt2_pe.deduplicated.bismark.cov.gz,COV,26502145,https://ftp.ncbi.nlm.nih.gov/geo/samples/GSM7040nnn/GSM7040560/suppl/GSM7040560_lane5_TCAGATTC_M00017576_24_M_Lung_iTAG_46_merged_L005_R1.barcode_removed_val_1_GRCm38_bismark_bt2_pe.deduplicated.bismark.cov.gz,https://ftp.ncbi.nlm.nih.gov/geo/series/GSE225nnn/GSE225173/suppl/filelist.txt,/home/zdq-as/mouse_methyl_work/raw_downloads/geo_supplements_v27/GSE225173/GSM7040560_lane5_TCAGATTC_M00017576_24_M_Lung_iTAG_46_merged_L005_R1.barcode_removed_val_1_GRCm38_bismark_bt2_pe.deduplicated.bismark.cov.gz,planned,True
315,GSE225173,P0_processed_parser_pilot,sibling GEO record for GSE225166 methylation supplements; track for duplicate-aware parser pilot,GSM7040561_lane5_TCGAGCGT_M03-NB_New_Born_Liver_iPCRtag21_merged_L005_R1.barcode_removed_val_1_GRCm38_bismark_bt2_pe.deduplicated.bismark.cov.gz,COV,40102873,https://ftp.ncbi.nlm.nih.gov/geo/samples/GSM7040nnn/GSM7040561/suppl/GSM7040561_lane5_TCGAGCGT_M03-NB_New_Born_Liver_iPCRtag21_merged_L005_R1.barcode_removed_val_1_GRCm38_bismark_bt2_pe.deduplicated.bismark.cov.gz,https://ftp.ncbi.nlm.nih.gov/geo/series/GSE225nnn/GSE225173/suppl/filelist.txt,/home/zdq-as/mouse_methyl_work/raw_downloads/geo_supplements_v27/GSE225173/GSM7040561_lane5_TCGAGCGT_M03-NB_New_Born_Liver_iPCRtag21_merged_L005_R1.barcode_removed_val_1_GRCm38_bismark_bt2_pe.deduplicated.bismark.cov.gz,planned,True
316,GSE225173,P0_processed_parser_pilot,sibling GEO record for GSE225166 methylation supplements; track for duplicate-aware parser pilot,GSM7040562_lane5_TCTCACGG_M00017579_24_M_Lung_iPCRtag38_merged_L005_R1.barcode_removed_val_1_GRCm38_bismark_bt2_pe.deduplicated.bismark.cov.gz,COV,20211150,https://ftp.ncbi.nlm.nih.gov/geo/samples/GSM7040nnn/GSM7040562/suppl/GSM7040562_lane5_TCTCACGG_M00017579_24_M_Lung_iPCRtag38_merged_L005_R1.barcode_removed_val_1_GRCm38_bismark_bt2_pe.deduplicated.bismark.cov.gz,https://ftp.ncbi.nlm.nih.gov/geo/series/GSE225nnn/GSE225173/suppl/filelist.txt,/home/zdq-as/mouse_methyl_work/raw_downloads/geo_supplements_v27/GSE225173/GSM7040562_lane5_TCTCACGG_M00017579_24_M_Lung_iPCRtag38_merged_L005_R1.barcode_removed_val_1_GRCm38_bismark_bt2_pe.deduplicated.bismark.cov.gz,planned,True
317,GSE225173,P0_processed_parser_pilot,sibling GEO record for GSE225166 methylation supplements; track for duplicate-aware parser pilot,GSM7040563_lane5_TGACAGAC_M00017560_24_M_Cortex_iTAG_58_merged_L005_R1.barcode_removed_val_1_GRCm38_bismark_bt2_pe.deduplicated.bismark.cov.gz,COV,15353853,https://ftp.ncbi.nlm.nih.gov/geo/samples/GSM7040nnn/GSM7040563/suppl/GSM7040563_lane5_TGACAGAC_M00017560_24_M_Cortex_iTAG_58_merged_L005_R1.barcode_removed_val_1_GRCm38_bismark_bt2_pe.deduplicated.bismark.cov.gz,https://ftp.ncbi.nlm.nih.gov/geo/series/GSE225nnn/GSE225173/suppl/filelist.txt,/home/zdq-as/mouse_methyl_work/raw_downloads/geo_supplements_v27/GSE225173/GSM7040563_lane5_TGACAGAC_M00017560_24_M_Cortex_iTAG_58_merged_L005_R1.barcode_removed_val_1_GRCm38_bismark_bt2_pe.deduplicated.bismark.cov.gz,planned,True
318,GSE225173,P0_processed_parser_pilot,sibling GEO record for GSE225166 methylation supplements; track for duplicate-aware parser pilot,GSM7040564_lane5_TGCATAGT_M02-20522_3_M_Heart_iTAG_23_merged_L005_R1.barcode_removed_val_1_GRCm38_bismark_bt2_pe.deduplicated.bismark.cov.gz,COV,23027074,https://ftp.ncbi.nlm.nih.gov/geo/samples/GSM7040nnn/GSM7040564/suppl/GSM7040564_lane5_TGCATAGT_M02-20522_3_M_Heart_iTAG_23_merged_L005_R1.barcode_removed_val_1_GRCm38_bismark_bt2_pe.deduplicated.bismark.cov.gz,https://ftp.ncbi.nlm.nih.gov/geo/series/GSE225nnn/GSE225173/suppl/filelist.txt,/home/zdq-as/mouse_methyl_work/raw_downloads/geo_supplements_v27/GSE225173/GSM7040564_lane5_TGCATAGT_M02-20522_3_M_Heart_iTAG_23_merged_L005_R1.barcode_removed_val_1_GRCm38_bismark_bt2_pe.deduplicated.bismark.cov.gz,planned,True
319,GSE225173,P0_processed_parser_pilot,sibling GEO record for GSE225166 methylation supplements; track for duplicate-aware parser pilot,GSM7040565_lane5_TTGACTCT_M02-20523_3_M_Heart_iTAG_24_merged_L005_R1.barcode_removed_val_1_GRCm38_bismark_bt2_pe.deduplicated.bismark.cov.gz,COV,23261309,https://ftp.ncbi.nlm.nih.gov/geo/samples/GSM7040nnn/GSM7040565/suppl/GSM7040565_lane5_TTGACTCT_M02-20523_3_M_Heart_iTAG_24_merged_L005_R1.barcode_removed_val_1_GRCm38_bismark_bt2_pe.deduplicated.bismark.cov.gz,https://ftp.ncbi.nlm.nih.gov/geo/series/GSE225nnn/GSE225173/suppl/filelist.txt,/home/zdq-as/mouse_methyl_work/raw_downloads/geo_supplements_v27/GSE225173/GSM7040565_lane5_TTGACTCT_M02-20523_3_M_Heart_iTAG_24_merged_L005_R1.barcode_removed_val_1_GRCm38_bismark_bt2_pe.deduplicated.bismark.cov.gz,planned,True
320,GSE225173,P0_processed_parser_pilot,sibling GEO record for GSE225166 methylation supplements; track for duplicate-aware parser pilot,GSM7040566_lane5_TTGTTCCA_M00017912_15_M_Liver_iTAG_65_merged_L005_R1.barcode_removed_val_1_GRCm38_bismark_bt2_pe.deduplicated.bismark.cov.gz,COV,25909453,https://ftp.ncbi.nlm.nih.gov/geo/samples/GSM7040nnn/GSM7040566/suppl/GSM7040566_lane5_TTGTTCCA_M00017912_15_M_Liver_iTAG_65_merged_L005_R1.barcode_removed_val_1_GRCm38_bismark_bt2_pe.deduplicated.bismark.cov.gz,https://ftp.ncbi.nlm.nih.gov/geo/series/GSE225nnn/GSE225173/suppl/filelist.txt,/home/zdq-as/mouse_methyl_work/raw_downloads/geo_supplements_v27/GSE225173/GSM7040566_lane5_TTGTTCCA_M00017912_15_M_Liver_iTAG_65_merged_L005_R1.barcode_removed_val_1_GRCm38_bismark_bt2_pe.deduplicated.bismark.cov.gz,planned,True
321,GSE225173,P0_processed_parser_pilot,sibling GEO record for GSE225166 methylation supplements; track for duplicate-aware parser pilot,GSM7040567_lane6_ACTTGATG_M02-20523_3_M_Liver_iTAG_8_merged_L006_R1.barcode_removed_val_1_GRCm38_bismark_bt2_pe.deduplicated.bismark.cov.gz,COV,23176793,https://ftp.ncbi.nlm.nih.gov/geo/samples/GSM7040nnn/GSM7040567/suppl/GSM7040567_lane6_ACTTGATG_M02-20523_3_M_Liver_iTAG_8_merged_L006_R1.barcode_removed_val_1_GRCm38_bismark_bt2_pe.deduplicated.bismark.cov.gz,https://ftp.ncbi.nlm.nih.gov/geo/series/GSE225nnn/GSE225173/suppl/filelist.txt,/home/zdq-as/mouse_methyl_work/raw_downloads/geo_supplements_v27/GSE225173/GSM7040567_lane6_ACTTGATG_M02-20523_3_M_Liver_iTAG_8_merged_L006_R1.barcode_removed_val_1_GRCm38_bismark_bt2_pe.deduplicated.bismark.cov.gz,planned,True
322,GSE225173,P0_processed_parser_pilot,sibling GEO record for GSE225166 methylation supplements; track for duplicate-aware parser pilot,GSM7040568_lane6_ATCACGTT_M02-20525_3_M_Liver_iTAG_1_merged_L006_R1.barcode_removed_val_1_GRCm38_bismark_bt2_pe.deduplicated.bismark.cov.gz,COV,23026664,https://ftp.ncbi.nlm.nih.gov/geo/samples/GSM7040nnn/GSM7040568/suppl/GSM7040568_lane6_ATCACGTT_M02-20525_3_M_Liver_iTAG_1_merged_L006_R1.barcode_removed_val_1_GRCm38_bismark_bt2_pe.deduplicated.bismark.cov.gz,https://ftp.ncbi.nlm.nih.gov/geo/series/GSE225nnn/GSE225173/suppl/filelist.txt,/home/zdq-as/mouse_methyl_work/raw_downloads/geo_supplements_v27/GSE225173/GSM7040568_lane6_ATCACGTT_M02-20525_3_M_Liver_iTAG_1_merged_L006_R1.barcode_removed_val_1_GRCm38_bismark_bt2_pe.deduplicated.bismark.cov.gz,planned,True
323,GSE225173,P0_processed_parser_pilot,sibling GEO record for GSE225166 methylation supplements; track for duplicate-aware parser pilot,GSM7040569_lane6_GACGGATT_M00018004_15_M_Liver_iTAG_72_merged_L006_R1.barcode_removed_val_1_GRCm38_bismark_bt2_pe.deduplicated.bismark.cov.gz,COV,22068056,https://ftp.ncbi.nlm.nih.gov/geo/samples/GSM7040nnn/GSM7040569/suppl/GSM7040569_lane6_GACGGATT_M00018004_15_M_Liver_iTAG_72_merged_L006_R1.barcode_removed_val_1_GRCm38_bismark_bt2_pe.deduplicated.bismark.cov.gz,https://ftp.ncbi.nlm.nih.gov/geo/series/GSE225nnn/GSE225173/suppl/filelist.txt,/home/zdq-as/mouse_methyl_work/raw_downloads/geo_supplements_v27/GSE225173/GSM7040569_lane6_GACGGATT_M00018004_15_M_Liver_iTAG_72_merged_L006_R1.barcode_removed_val_1_GRCm38_bismark_bt2_pe.deduplicated.bismark.cov.gz,planned,True
324,GSE225173,P0_processed_parser_pilot,sibling GEO record for GSE225166 methylation supplements; track for duplicate-aware parser pilot,GSM7040570_lane6_GCCTGTTC_M00018000_15_M_Cortex_iTAG_92_merged_L006_R1.barcode_removed_val_1_GRCm38_bismark_bt2_pe.deduplicated.bismark.cov.gz,COV,21454844,https://ftp.ncbi.nlm.nih.gov/geo/samples/GSM7040nnn/GSM7040570/suppl/GSM7040570_lane6_GCCTGTTC_M00018000_15_M_Cortex_iTAG_92_merged_L006_R1.barcode_removed_val_1_GRCm38_bismark_bt2_pe.deduplicated.bismark.cov.gz,https://ftp.ncbi.nlm.nih.gov/geo/series/GSE225nnn/GSE225173/suppl/filelist.txt,/home/zdq-as/mouse_methyl_work/raw_downloads/geo_supplements_v27/GSE225173/GSM7040570_lane6_GCCTGTTC_M00018000_15_M_Cortex_iTAG_92_merged_L006_R1.barcode_removed_val_1_GRCm38_bismark_bt2_pe.deduplicated.bismark.cov.gz,planned,True
325,GSE225173,P0_processed_parser_pilot,sibling GEO record for GSE225166 methylation supplements; track for duplicate-aware parser pilot,GSM7040571_lane6_GCTAACTC_M00018002_15_M_Cortex_iTAG_94_merged_L006_R1.barcode_removed_val_1_GRCm38_bismark_bt2_pe.deduplicated.bismark.cov.gz,COV,22034711,https://ftp.ncbi.nlm.nih.gov/geo/samples/GSM7040nnn/GSM7040571/suppl/GSM7040571_lane6_GCTAACTC_M00018002_15_M_Cortex_iTAG_94_merged_L006_R1.barcode_removed_val_1_GRCm38_bismark_bt2_pe.deduplicated.bismark.cov.gz,https://ftp.ncbi.nlm.nih.gov/geo/series/GSE225nnn/GSE225173/suppl/filelist.txt,/home/zdq-as/mouse_methyl_work/raw_downloads/geo_supplements_v27/GSE225173/GSM7040571_lane6_GCTAACTC_M00018002_15_M_Cortex_iTAG_94_merged_L006_R1.barcode_removed_val_1_GRCm38_bismark_bt2_pe.deduplicated.bismark.cov.gz,planned,True
326,GSE225173,P0_processed_parser_pilot,sibling GEO record for GSE225166 methylation supplements; track for duplicate-aware parser pilot,GSM7040572_lane6_GGATTAGG_M00018003_15_M_Heart_iTAG_87_merged_L006_R1.barcode_removed_val_1_GRCm38_bismark_bt2_pe.deduplicated.bismark.cov.gz,COV,22136824,https://ftp.ncbi.nlm.nih.gov/geo/samples/GSM7040nnn/GSM7040572/suppl/GSM7040572_lane6_GGATTAGG_M00018003_15_M_Heart_iTAG_87_merged_L006_R1.barcode_removed_val_1_GRCm38_bismark_bt2_pe.deduplicated.bismark.cov.gz,https://ftp.ncbi.nlm.nih.gov/geo/series/GSE225nnn/GSE225173/suppl/filelist.txt,/home/zdq-as/mouse_methyl_work/raw_downloads/geo_supplements_v27/GSE225173/GSM7040572_lane6_GGATTAGG_M00018003_15_M_Heart_iTAG_87_merged_L006_R1.barcode_removed_val_1_GRCm38_bismark_bt2_pe.deduplicated.bismark.cov.gz,planned,True
327,GSE225173,P0_processed_parser_pilot,sibling GEO record for GSE225166 methylation supplements; track for duplicate-aware parser pilot,GSM7040573_lane6_GGCTACAG_M01-20523_3_M_Lung_iTAG_11_merged_L006_R1.barcode_removed_val_1_GRCm38_bismark_bt2_pe.deduplicated.bismark.cov.gz,COV,25407790,https://ftp.ncbi.nlm.nih.gov/geo/samples/GSM7040nnn/GSM7040573/suppl/GSM7040573_lane6_GGCTACAG_M01-20523_3_M_Lung_iTAG_11_merged_L006_R1.barcode_removed_val_1_GRCm38_bismark_bt2_pe.deduplicated.bismark.cov.gz,https://ftp.ncbi.nlm.nih.gov/geo/series/GSE225nnn/GSE225173/suppl/filelist.txt,/home/zdq-as/mouse_methyl_work/raw_downloads/geo_supplements_v27/GSE225173/GSM7040573_lane6_GGCTACAG_M01-20523_3_M_Lung_iTAG_11_merged_L006_R1.barcode_removed_val_1_GRCm38_bismark_bt2_pe.deduplicated.bismark.cov.gz,planned,True
328,GSE225173,P0_processed_parser_pilot,sibling GEO record for GSE225166 methylation supplements; track for duplicate-aware parser pilot,GSM7040574_lane6_GTGTCCTT_M00018011_15_M_Heart_iPCRtag71_merged_L006_R1.barcode_removed_val_1_GRCm38_bismark_bt2_pe.deduplicated.bismark.cov.gz,COV,29348259,https://ftp.ncbi.nlm.nih.gov/geo/samples/GSM7040nnn/GSM7040574/suppl/GSM7040574_lane6_GTGTCCTT_M00018011_15_M_Heart_iPCRtag71_merged_L006_R1.barcode_removed_val_1_GRCm38_bismark_bt2_pe.deduplicated.bismark.cov.gz,https://ftp.ncbi.nlm.nih.gov/geo/series/GSE225nnn/GSE225173/suppl/filelist.txt,/home/zdq-as/mouse_methyl_work/raw_downloads/geo_supplements_v27/GSE225173/GSM7040574_lane6_GTGTCCTT_M00018011_15_M_Heart_iPCRtag71_merged_L006_R1.barcode_removed_val_1_GRCm38_bismark_bt2_pe.deduplicated.bismark.cov.gz,planned,True
329,GSE225173,P0_processed_parser_pilot,sibling GEO record for GSE225166 methylation supplements; track for duplicate-aware parser pilot,GSM7040575_lane6_TAACGCTG_M00017560_24_M_Liver_iTAG_34_merged_L006_R1.barcode_removed_val_1_GRCm38_bismark_bt2_pe.deduplicated.bismark.cov.gz,COV,24502279,https://ftp.ncbi.nlm.nih.gov/geo/samples/GSM7040nnn/GSM7040575/suppl/GSM7040575_lane6_TAACGCTG_M00017560_24_M_Liver_iTAG_34_merged_L006_R1.barcode_removed_val_1_GRCm38_bismark_bt2_pe.deduplicated.bismark.cov.gz,https://ftp.ncbi.nlm.nih.gov/geo/series/GSE225nnn/GSE225173/suppl/filelist.txt,/home/zdq-as/mouse_methyl_work/raw_downloads/geo_supplements_v27/GSE225173/GSM7040575_lane6_TAACGCTG_M00017560_24_M_Liver_iTAG_34_merged_L006_R1.barcode_removed_val_1_GRCm38_bismark_bt2_pe.deduplicated.bismark.cov.gz,planned,True
330,GSE225173,P0_processed_parser_pilot,sibling GEO record for GSE225166 methylation supplements; track for duplicate-aware parser pilot,GSM7040576_lane6_TACTAGTC_M00017589_24_M_Heart_iPCRtag47_merged_L006_R1.barcode_removed_val_1_GRCm38_bismark_bt2_pe.deduplicated.bismark.cov.gz,COV,25491870,https://ftp.ncbi.nlm.nih.gov/geo/samples/GSM7040nnn/GSM7040576/suppl/GSM7040576_lane6_TACTAGTC_M00017589_24_M_Heart_iPCRtag47_merged_L006_R1.barcode_removed_val_1_GRCm38_bismark_bt2_pe.deduplicated.bismark.cov.gz,https://ftp.ncbi.nlm.nih.gov/geo/series/GSE225nnn/GSE225173/suppl/filelist.txt,/home/zdq-as/mouse_methyl_work/raw_downloads/geo_supplements_v27/GSE225173/GSM7040576_lane6_TACTAGTC_M00017589_24_M_Heart_iPCRtag47_merged_L006_R1.barcode_removed_val_1_GRCm38_bismark_bt2_pe.deduplicated.bismark.cov.gz,planned,True
331,GSE225173,P0_processed_parser_pilot,sibling GEO record for GSE225166 methylation supplements; track for duplicate-aware parser pilot,GSM7040577_lane6_TCAGATTC_M00017589_24_M_Lung_iPCRtag46_merged_L006_R1.barcode_removed_val_1_GRCm38_bismark_bt2_pe.deduplicated.bismark.cov.gz,COV,24552037,https://ftp.ncbi.nlm.nih.gov/geo/samples/GSM7040nnn/GSM7040577/suppl/GSM7040577_lane6_TCAGATTC_M00017589_24_M_Lung_iPCRtag46_merged_L006_R1.barcode_removed_val_1_GRCm38_bismark_bt2_pe.deduplicated.bismark.cov.gz,https://ftp.ncbi.nlm.nih.gov/geo/series/GSE225nnn/GSE225173/suppl/filelist.txt,/home/zdq-as/mouse_methyl_work/raw_downloads/geo_supplements_v27/GSE225173/GSM7040577_lane6_TCAGATTC_M00017589_24_M_Lung_iPCRtag46_merged_L006_R1.barcode_removed_val_1_GRCm38_bismark_bt2_pe.deduplicated.bismark.cov.gz,planned,True
332,GSE225173,P0_processed_parser_pilot,sibling GEO record for GSE225166 methylation supplements; track for duplicate-aware parser pilot,GSM7040578_lane6_TCAGGAGG_M00017579_24_M_Heart_iPCRtag39_merged_L006_R1.barcode_removed_val_1_GRCm38_bismark_bt2_pe.deduplicated.bismark.cov.gz,COV,23513574,https://ftp.ncbi.nlm.nih.gov/geo/samples/GSM7040nnn/GSM7040578/suppl/GSM7040578_lane6_TCAGGAGG_M00017579_24_M_Heart_iPCRtag39_merged_L006_R1.barcode_removed_val_1_GRCm38_bismark_bt2_pe.deduplicated.bismark.cov.gz,https://ftp.ncbi.nlm.nih.gov/geo/series/GSE225nnn/GSE225173/suppl/filelist.txt,/home/zdq-as/mouse_methyl_work/raw_downloads/geo_supplements_v27/GSE225173/GSM7040578_lane6_TCAGGAGG_M00017579_24_M_Heart_iPCRtag39_merged_L006_R1.barcode_removed_val_1_GRCm38_bismark_bt2_pe.deduplicated.bismark.cov.gz,planned,True
333,GSE225173,P0_processed_parser_pilot,sibling GEO record for GSE225166 methylation supplements; track for duplicate-aware parser pilot,GSM7040579_lane6_TCATCCTA_M00017562_24_M_Cortex_iTAG_60_merged_L006_R1.barcode_removed_val_1_GRCm38_bismark_bt2_pe.deduplicated.bismark.cov.gz,COV,17938373,https://ftp.ncbi.nlm.nih.gov/geo/samples/GSM7040nnn/GSM7040579/suppl/GSM7040579_lane6_TCATCCTA_M00017562_24_M_Cortex_iTAG_60_merged_L006_R1.barcode_removed_val_1_GRCm38_bismark_bt2_pe.deduplicated.bismark.cov.gz,https://ftp.ncbi.nlm.nih.gov/geo/series/GSE225nnn/GSE225173/suppl/filelist.txt,/home/zdq-as/mouse_methyl_work/raw_downloads/geo_supplements_v27/GSE225173/GSM7040579_lane6_TCATCCTA_M00017562_24_M_Cortex_iTAG_60_merged_L006_R1.barcode_removed_val_1_GRCm38_bismark_bt2_pe.deduplicated.bismark.cov.gz,planned,True
334,GSE225173,P0_processed_parser_pilot,sibling GEO record for GSE225166 methylation supplements; track for duplicate-aware parser pilot,GSM7040580_lane6_TCTCTTCA_M00017578_24_M_Cortex_iTAG_64_merged_L006_R1.barcode_removed_val_1_GRCm38_bismark_bt2_pe.deduplicated.bismark.cov.gz,COV,22639635,https://ftp.ncbi.nlm.nih.gov/geo/samples/GSM7040nnn/GSM7040580/suppl/GSM7040580_lane6_TCTCTTCA_M00017578_24_M_Cortex_iTAG_64_merged_L006_R1.barcode_removed_val_1_GRCm38_bismark_bt2_pe.deduplicated.bismark.cov.gz,https://ftp.ncbi.nlm.nih.gov/geo/series/GSE225nnn/GSE225173/suppl/filelist.txt,/home/zdq-as/mouse_methyl_work/raw_downloads/geo_supplements_v27/GSE225173/GSM7040580_lane6_TCTCTTCA_M00017578_24_M_Cortex_iTAG_64_merged_L006_R1.barcode_removed_val_1_GRCm38_bismark_bt2_pe.deduplicated.bismark.cov.gz,planned,True
335,GSE225173,P0_processed_parser_pilot,sibling GEO record for GSE225166 methylation supplements; track for duplicate-aware parser pilot,GSM7040581_lane6_TGAAGCCA_M00017913_15_M_Liver_iTAG_66_merged_L006_R1.barcode_removed_val_1_GRCm38_bismark_bt2_pe.deduplicated.bismark.cov.gz,COV,23519232,https://ftp.ncbi.nlm.nih.gov/geo/samples/GSM7040nnn/GSM7040581/suppl/GSM7040581_lane6_TGAAGCCA_M00017913_15_M_Liver_iTAG_66_merged_L006_R1.barcode_removed_val_1_GRCm38_bismark_bt2_pe.deduplicated.bismark.cov.gz,https://ftp.ncbi.nlm.nih.gov/geo/series/GSE225nnn/GSE225173/suppl/filelist.txt,/home/zdq-as/mouse_methyl_work/raw_downloads/geo_supplements_v27/GSE225173/GSM7040581_lane6_TGAAGCCA_M00017913_15_M_Liver_iTAG_66_merged_L006_R1.barcode_removed_val_1_GRCm38_bismark_bt2_pe.deduplicated.bismark.cov.gz,planned,True
336,GSE225173,P0_processed_parser_pilot,sibling GEO record for GSE225166 methylation supplements; track for duplicate-aware parser pilot,GSM7040582_lane6_TGGTTGTT_M01-20526_3_M_Lung_iTAG_13_merged_L006_R1.barcode_removed_val_1_GRCm38_bismark_bt2_pe.deduplicated.bismark.cov.gz,COV,41544264,https://ftp.ncbi.nlm.nih.gov/geo/samples/GSM7040nnn/GSM7040582/suppl/GSM7040582_lane6_TGGTTGTT_M01-20526_3_M_Lung_iTAG_13_merged_L006_R1.barcode_removed_val_1_GRCm38_bismark_bt2_pe.deduplicated.bismark.cov.gz,https://ftp.ncbi.nlm.nih.gov/geo/series/GSE225nnn/GSE225173/suppl/filelist.txt,/home/zdq-as/mouse_methyl_work/raw_downloads/geo_supplements_v27/GSE225173/GSM7040582_lane6_TGGTTGTT_M01-20526_3_M_Lung_iTAG_13_merged_L006_R1.barcode_removed_val_1_GRCm38_bismark_bt2_pe.deduplicated.bismark.cov.gz,planned,True
337,GSE225173,P0_processed_parser_pilot,sibling GEO record for GSE225166 methylation supplements; track for duplicate-aware parser pilot,GSM7040583_lane7_GACGGATT_M00018011_15_M_Cortex_iPCRtag72_merged_L007_R1.barcode_removed_val_1_GRCm38_bismark_bt2_pe.deduplicated.bismark.cov.gz,COV,31778350,https://ftp.ncbi.nlm.nih.gov/geo/samples/GSM7040nnn/GSM7040583/suppl/GSM7040583_lane7_GACGGATT_M00018011_15_M_Cortex_iPCRtag72_merged_L007_R1.barcode_removed_val_1_GRCm38_bismark_bt2_pe.deduplicated.bismark.cov.gz,https://ftp.ncbi.nlm.nih.gov/geo/series/GSE225nnn/GSE225173/suppl/filelist.txt,/home/zdq-as/mouse_methyl_work/raw_downloads/geo_supplements_v27/GSE225173/GSM7040583_lane7_GACGGATT_M00018011_15_M_Cortex_iPCRtag72_merged_L007_R1.barcode_removed_val_1_GRCm38_bismark_bt2_pe.deduplicated.bismark.cov.gz,planned,True
338,GSE225173,P0_processed_parser_pilot,sibling GEO record for GSE225166 methylation supplements; track for duplicate-aware parser pilot,GSM7040584_lane7_GAGGATGG_M00018001_15_M_Heart_iTAG_85_merged_L007_R1.barcode_removed_val_1_GRCm38_bismark_bt2_pe.deduplicated.bismark.cov.gz,COV,21783816,https://ftp.ncbi.nlm.nih.gov/geo/samples/GSM7040nnn/GSM7040584/suppl/GSM7040584_lane7_GAGGATGG_M00018001_15_M_Heart_iTAG_85_merged_L007_R1.barcode_removed_val_1_GRCm38_bismark_bt2_pe.deduplicated.bismark.cov.gz,https://ftp.ncbi.nlm.nih.gov/geo/series/GSE225nnn/GSE225173/suppl/filelist.txt,/home/zdq-as/mouse_methyl_work/raw_downloads/geo_supplements_v27/GSE225173/GSM7040584_lane7_GAGGATGG_M00018001_15_M_Heart_iTAG_85_merged_L007_R1.barcode_removed_val_1_GRCm38_bismark_bt2_pe.deduplicated.bismark.cov.gz,planned,True
339,GSE225173,P0_processed_parser_pilot,sibling GEO record for GSE225166 methylation supplements; track for duplicate-aware parser pilot,GSM7040585_lane7_GATCAGCG_M02-20525_3_M_Lung_iTAG_9_merged_L007_R1.barcode_removed_val_1_GRCm38_bismark_bt2_pe.deduplicated.bismark.cov.gz,COV,25825605,https://ftp.ncbi.nlm.nih.gov/geo/samples/GSM7040nnn/GSM7040585/suppl/GSM7040585_lane7_GATCAGCG_M02-20525_3_M_Lung_iTAG_9_merged_L007_R1.barcode_removed_val_1_GRCm38_bismark_bt2_pe.deduplicated.bismark.cov.gz,https://ftp.ncbi.nlm.nih.gov/geo/series/GSE225nnn/GSE225173/suppl/filelist.txt,/home/zdq-as/mouse_methyl_work/raw_downloads/geo_supplements_v27/GSE225173/GSM7040585_lane7_GATCAGCG_M02-20525_3_M_Lung_iTAG_9_merged_L007_R1.barcode_removed_val_1_GRCm38_bismark_bt2_pe.deduplicated.bismark.cov.gz,planned,True
340,GSE225173,P0_processed_parser_pilot,sibling GEO record for GSE225166 methylation supplements; track for duplicate-aware parser pilot,GSM7040586_lane7_GATTCATC_M00018003_15_M_Cortex_iTAG_95_merged_L007_R1.barcode_removed_val_1_GRCm38_bismark_bt2_pe.deduplicated.bismark.cov.gz,COV,23635888,https://ftp.ncbi.nlm.nih.gov/geo/samples/GSM7040nnn/GSM7040586/suppl/GSM7040586_lane7_GATTCATC_M00018003_15_M_Cortex_iTAG_95_merged_L007_R1.barcode_removed_val_1_GRCm38_bismark_bt2_pe.deduplicated.bismark.cov.gz,https://ftp.ncbi.nlm.nih.gov/geo/series/GSE225nnn/GSE225173/suppl/filelist.txt,/home/zdq-as/mouse_methyl_work/raw_downloads/geo_supplements_v27/GSE225173/GSM7040586_lane7_GATTCATC_M00018003_15_M_Cortex_iTAG_95_merged_L007_R1.barcode_removed_val_1_GRCm38_bismark_bt2_pe.deduplicated.bismark.cov.gz,planned,True
341,GSE225173,P0_processed_parser_pilot,sibling GEO record for GSE225166 methylation supplements; track for duplicate-aware parser pilot,GSM7040587_lane7_GCAACATT_M00017912_15_M_Lung_iTAG_73_merged_L007_R1.barcode_removed_val_1_GRCm38_bismark_bt2_pe.deduplicated.bismark.cov.gz,COV,24229853,https://ftp.ncbi.nlm.nih.gov/geo/samples/GSM7040nnn/GSM7040587/suppl/GSM7040587_lane7_GCAACATT_M00017912_15_M_Lung_iTAG_73_merged_L007_R1.barcode_removed_val_1_GRCm38_bismark_bt2_pe.deduplicated.bismark.cov.gz,https://ftp.ncbi.nlm.nih.gov/geo/series/GSE225nnn/GSE225173/suppl/filelist.txt,/home/zdq-as/mouse_methyl_work/raw_downloads/geo_supplements_v27/GSE225173/GSM7040587_lane7_GCAACATT_M00017912_15_M_Lung_iTAG_73_merged_L007_R1.barcode_removed_val_1_GRCm38_bismark_bt2_pe.deduplicated.bismark.cov.gz,planned,True
342,GSE225173,P0_processed_parser_pilot,sibling GEO record for GSE225166 methylation supplements; track for duplicate-aware parser pilot,GSM7040588_lane7_GCATGGCT_M00018002_15_M_Lung_iTAG_78_merged_L007_R1.barcode_removed_val_1_GRCm38_bismark_bt2_pe.deduplicated.bismark.cov.gz,COV,24507936,https://ftp.ncbi.nlm.nih.gov/geo/samples/GSM7040nnn/GSM7040588/suppl/GSM7040588_lane7_GCATGGCT_M00018002_15_M_Lung_iTAG_78_merged_L007_R1.barcode_removed_val_1_GRCm38_bismark_bt2_pe.deduplicated.bismark.cov.gz,https://ftp.ncbi.nlm.nih.gov/geo/series/GSE225nnn/GSE225173/suppl/filelist.txt,/home/zdq-as/mouse_methyl_work/raw_downloads/geo_supplements_v27/GSE225173/GSM7040588_lane7_GCATGGCT_M00018002_15_M_Lung_iTAG_78_merged_L007_R1.barcode_removed_val_1_GRCm38_bismark_bt2_pe.deduplicated.bismark.cov.gz,planned,True
343,GSE225173,P0_processed_parser_pilot,sibling GEO record for GSE225166 methylation supplements; track for duplicate-aware parser pilot,GSM7040589_lane7_TAAGTTCG_M00017578_24_M_Liver_iTAG_40_merged_L007_R1.barcode_removed_val_1_GRCm38_bismark_bt2_pe.deduplicated.bismark.cov.gz,COV,23556876,https://ftp.ncbi.nlm.nih.gov/geo/samples/GSM7040nnn/GSM7040589/suppl/GSM7040589_lane7_TAAGTTCG_M00017578_24_M_Liver_iTAG_40_merged_L007_R1.barcode_removed_val_1_GRCm38_bismark_bt2_pe.deduplicated.bismark.cov.gz,https://ftp.ncbi.nlm.nih.gov/geo/series/GSE225nnn/GSE225173/suppl/filelist.txt,/home/zdq-as/mouse_methyl_work/raw_downloads/geo_supplements_v27/GSE225173/GSM7040589_lane7_TAAGTTCG_M00017578_24_M_Liver_iTAG_40_merged_L007_R1.barcode_removed_val_1_GRCm38_bismark_bt2_pe.deduplicated.bismark.cov.gz,planned,True
344,GSE225173,P0_processed_parser_pilot,sibling GEO record for GSE225166 methylation supplements; track for duplicate-aware parser pilot,GSM7040590_lane7_TAAGTTCG_M00017579_24_M_Cortex_iPCRtag40_merged_L007_R1.barcode_removed_val_1_GRCm38_bismark_bt2_pe.deduplicated.bismark.cov.gz,COV,23640119,https://ftp.ncbi.nlm.nih.gov/geo/samples/GSM7040nnn/GSM7040590/suppl/GSM7040590_lane7_TAAGTTCG_M00017579_24_M_Cortex_iPCRtag40_merged_L007_R1.barcode_removed_val_1_GRCm38_bismark_bt2_pe.deduplicated.bismark.cov.gz,https://ftp.ncbi.nlm.nih.gov/geo/series/GSE225nnn/GSE225173/suppl/filelist.txt,/home/zdq-as/mouse_methyl_work/raw_downloads/geo_supplements_v27/GSE225173/GSM7040590_lane7_TAAGTTCG_M00017579_24_M_Cortex_iPCRtag40_merged_L007_R1.barcode_removed_val_1_GRCm38_bismark_bt2_pe.deduplicated.bismark.cov.gz,planned,True
345,GSE225173,P0_processed_parser_pilot,sibling GEO record for GSE225166 methylation supplements; track for duplicate-aware parser pilot,GSM7040591_lane7_TCGAGCGT_M01-20526_3_M_Heart_iTAG_21_merged_L007_R1.barcode_removed_val_1_GRCm38_bismark_bt2_pe.deduplicated.bismark.cov.gz,COV,23362449,https://ftp.ncbi.nlm.nih.gov/geo/samples/GSM7040nnn/GSM7040591/suppl/GSM7040591_lane7_TCGAGCGT_M01-20526_3_M_Heart_iTAG_21_merged_L007_R1.barcode_removed_val_1_GRCm38_bismark_bt2_pe.deduplicated.bismark.cov.gz,https://ftp.ncbi.nlm.nih.gov/geo/series/GSE225nnn/GSE225173/suppl/filelist.txt,/home/zdq-as/mouse_methyl_work/raw_downloads/geo_supplements_v27/GSE225173/GSM7040591_lane7_TCGAGCGT_M01-20526_3_M_Heart_iTAG_21_merged_L007_R1.barcode_removed_val_1_GRCm38_bismark_bt2_pe.deduplicated.bismark.cov.gz,planned,True
346,GSE225173,P0_processed_parser_pilot,sibling GEO record for GSE225166 methylation supplements; track for duplicate-aware parser pilot,GSM7040592_lane7_TCTACGAC_M00017549_24_M_Cortex_iTAG_57_merged_L007_R1.barcode_removed_val_1_GRCm38_bismark_bt2_pe.deduplicated.bismark.cov.gz,COV,25398218,https://ftp.ncbi.nlm.nih.gov/geo/samples/GSM7040nnn/GSM7040592/suppl/GSM7040592_lane7_TCTACGAC_M00017549_24_M_Cortex_iTAG_57_merged_L007_R1.barcode_removed_val_1_GRCm38_bismark_bt2_pe.deduplicated.bismark.cov.gz,https://ftp.ncbi.nlm.nih.gov/geo/series/GSE225nnn/GSE225173/suppl/filelist.txt,/home/zdq-as/mouse_methyl_work/raw_downloads/geo_supplements_v27/GSE225173/GSM7040592_lane7_TCTACGAC_M00017549_24_M_Cortex_iTAG_57_merged_L007_R1.barcode_removed_val_1_GRCm38_bismark_bt2_pe.deduplicated.bismark.cov.gz,planned,True
347,GSE225173,P0_processed_parser_pilot,sibling GEO record for GSE225166 methylation supplements; track for duplicate-aware parser pilot,GSM7040593_lane7_TGCGATCT_M02-20525_3_M_Cortex_iTAG_25_merged_L007_R1.barcode_removed_val_1_GRCm38_bismark_bt2_pe.deduplicated.bismark.cov.gz,COV,25725248,https://ftp.ncbi.nlm.nih.gov/geo/samples/GSM7040nnn/GSM7040593/suppl/GSM7040593_lane7_TGCGATCT_M02-20525_3_M_Cortex_iTAG_25_merged_L007_R1.barcode_removed_val_1_GRCm38_bismark_bt2_pe.deduplicated.bismark.cov.gz,https://ftp.ncbi.nlm.nih.gov/geo/series/GSE225nnn/GSE225173/suppl/filelist.txt,/home/zdq-as/mouse_methyl_work/raw_downloads/geo_supplements_v27/GSE225173/GSM7040593_lane7_TGCGATCT_M02-20525_3_M_Cortex_iTAG_25_merged_L007_R1.barcode_removed_val_1_GRCm38_bismark_bt2_pe.deduplicated.bismark.cov.gz,planned,True
348,GSE225173,P0_processed_parser_pilot,sibling GEO record for GSE225166 methylation supplements; track for duplicate-aware parser pilot,GSM7040594_lane7_TTCAGCTC_M00017578_24_M_Lung_iTAG_48_merged_L007_R1.barcode_removed_val_1_GRCm38_bismark_bt2_pe.deduplicated.bismark.cov.gz,COV,23475289,https://ftp.ncbi.nlm.nih.gov/geo/samples/GSM7040nnn/GSM7040594/suppl/GSM7040594_lane7_TTCAGCTC_M00017578_24_M_Lung_iTAG_48_merged_L007_R1.barcode_removed_val_1_GRCm38_bismark_bt2_pe.deduplicated.bismark.cov.gz,https://ftp.ncbi.nlm.nih.gov/geo/series/GSE225nnn/GSE225173/suppl/filelist.txt,/home/zdq-as/mouse_methyl_work/raw_downloads/geo_supplements_v27/GSE225173/GSM7040594_lane7_TTCAGCTC_M00017578_24_M_Lung_iTAG_48_merged_L007_R1.barcode_removed_val_1_GRCm38_bismark_bt2_pe.deduplicated.bismark.cov.gz,planned,True
349,GSE225173,P0_processed_parser_pilot,sibling GEO record for GSE225166 methylation supplements; track for duplicate-aware parser pilot,GSM7040595_lane7_TTCAGCTC_M00017589_24_M_Cortex_iPCRtag48_merged_L007_R1.barcode_removed_val_1_GRCm38_bismark_bt2_pe.deduplicated.bismark.cov.gz,COV,25869393,https://ftp.ncbi.nlm.nih.gov/geo/samples/GSM7040nnn/GSM7040595/suppl/GSM7040595_lane7_TTCAGCTC_M00017589_24_M_Cortex_iPCRtag48_merged_L007_R1.barcode_removed_val_1_GRCm38_bismark_bt2_pe.deduplicated.bismark.cov.gz,https://ftp.ncbi.nlm.nih.gov/geo/series/GSE225nnn/GSE225173/suppl/filelist.txt,/home/zdq-as/mouse_methyl_work/raw_downloads/geo_supplements_v27/GSE225173/GSM7040595_lane7_TTCAGCTC_M00017589_24_M_Cortex_iPCRtag48_merged_L007_R1.barcode_removed_val_1_GRCm38_bismark_bt2_pe.deduplicated.bismark.cov.gz,planned,True
350,GSE225173,P0_processed_parser_pilot,sibling GEO record for GSE225166 methylation supplements; track for duplicate-aware parser pilot,GSM7040596_lane7_TTGCGTAC_M00017578_24_M_Heart_iTAG_56_merged_L007_R1.barcode_removed_val_1_GRCm38_bismark_bt2_pe.deduplicated.bismark.cov.gz,COV,23563393,https://ftp.ncbi.nlm.nih.gov/geo/samples/GSM7040nnn/GSM7040596/suppl/GSM7040596_lane7_TTGCGTAC_M00017578_24_M_Heart_iTAG_56_merged_L007_R1.barcode_removed_val_1_GRCm38_bismark_bt2_pe.deduplicated.bismark.cov.gz,https://ftp.ncbi.nlm.nih.gov/geo/series/GSE225nnn/GSE225173/suppl/filelist.txt,/home/zdq-as/mouse_methyl_work/raw_downloads/geo_supplements_v27/GSE225173/GSM7040596_lane7_TTGCGTAC_M00017578_24_M_Heart_iTAG_56_merged_L007_R1.barcode_removed_val_1_GRCm38_bismark_bt2_pe.deduplicated.bismark.cov.gz,planned,True
351,GSE225173,P0_processed_parser_pilot,sibling GEO record for GSE225166 methylation supplements; track for duplicate-aware parser pilot,GSM7040597_lane7_TTGGTATG_M00017561_24_M_Liver_iTAG_35_merged_L007_R1.barcode_removed_val_1_GRCm38_bismark_bt2_pe.deduplicated.bismark.cov.gz,COV,22334314,https://ftp.ncbi.nlm.nih.gov/geo/samples/GSM7040nnn/GSM7040597/suppl/GSM7040597_lane7_TTGGTATG_M00017561_24_M_Liver_iTAG_35_merged_L007_R1.barcode_removed_val_1_GRCm38_bismark_bt2_pe.deduplicated.bismark.cov.gz,https://ftp.ncbi.nlm.nih.gov/geo/series/GSE225nnn/GSE225173/suppl/filelist.txt,/home/zdq-as/mouse_methyl_work/raw_downloads/geo_supplements_v27/GSE225173/GSM7040597_lane7_TTGGTATG_M00017561_24_M_Liver_iTAG_35_merged_L007_R1.barcode_removed_val_1_GRCm38_bismark_bt2_pe.deduplicated.bismark.cov.gz,planned,True
352,GSE225173,P0_processed_parser_pilot,sibling GEO record for GSE225166 methylation supplements; track for duplicate-aware parser pilot,GSM7040598_lane8_GAGGTGCT_M00018001_15_M_Lung_iTAG_77_merged_L008_R1.barcode_removed_val_1_GRCm38_bismark_bt2_pe.deduplicated.bismark.cov.gz,COV,21867626,https://ftp.ncbi.nlm.nih.gov/geo/samples/GSM7040nnn/GSM7040598/suppl/GSM7040598_lane8_GAGGTGCT_M00018001_15_M_Lung_iTAG_77_merged_L008_R1.barcode_removed_val_1_GRCm38_bismark_bt2_pe.deduplicated.bismark.cov.gz,https://ftp.ncbi.nlm.nih.gov/geo/series/GSE225nnn/GSE225173/suppl/filelist.txt,/home/zdq-as/mouse_methyl_work/raw_downloads/geo_supplements_v27/GSE225173/GSM7040598_lane8_GAGGTGCT_M00018001_15_M_Lung_iTAG_77_merged_L008_R1.barcode_removed_val_1_GRCm38_bismark_bt2_pe.deduplicated.bismark.cov.gz,planned,True
353,GSE225173,P0_processed_parser_pilot,sibling GEO record for GSE225166 methylation supplements; track for duplicate-aware parser pilot,GSM7040599_lane8_GATCTCTT_M00018002_15_M_Liver_iTAG_70_merged_L008_R1.barcode_removed_val_1_GRCm38_bismark_bt2_pe.deduplicated.bismark.cov.gz,COV,20935050,https://ftp.ncbi.nlm.nih.gov/geo/samples/GSM7040nnn/GSM7040599/suppl/GSM7040599_lane8_GATCTCTT_M00018002_15_M_Liver_iTAG_70_merged_L008_R1.barcode_removed_val_1_GRCm38_bismark_bt2_pe.deduplicated.bismark.cov.gz,https://ftp.ncbi.nlm.nih.gov/geo/series/GSE225nnn/GSE225173/suppl/filelist.txt,/home/zdq-as/mouse_methyl_work/raw_downloads/geo_supplements_v27/GSE225173/GSM7040599_lane8_GATCTCTT_M00018002_15_M_Liver_iTAG_70_merged_L008_R1.barcode_removed_val_1_GRCm38_bismark_bt2_pe.deduplicated.bismark.cov.gz,planned,True
354,GSE225173,P0_processed_parser_pilot,sibling GEO record for GSE225166 methylation supplements; track for duplicate-aware parser pilot,GSM7040600_lane8_GATCTCTT_M00018011_15_M_Lung_iPCRtag70_merged_L008_R1.barcode_removed_val_1_GRCm38_bismark_bt2_pe.deduplicated.bismark.cov.gz,COV,29263358,https://ftp.ncbi.nlm.nih.gov/geo/samples/GSM7040nnn/GSM7040600/suppl/GSM7040600_lane8_GATCTCTT_M00018011_15_M_Lung_iPCRtag70_merged_L008_R1.barcode_removed_val_1_GRCm38_bismark_bt2_pe.deduplicated.bismark.cov.gz,https://ftp.ncbi.nlm.nih.gov/geo/series/GSE225nnn/GSE225173/suppl/filelist.txt,/home/zdq-as/mouse_methyl_work/raw_downloads/geo_supplements_v27/GSE225173/GSM7040600_lane8_GATCTCTT_M00018011_15_M_Lung_iPCRtag70_merged_L008_R1.barcode_removed_val_1_GRCm38_bismark_bt2_pe.deduplicated.bismark.cov.gz,planned,True
355,GSE225173,P0_processed_parser_pilot,sibling GEO record for GSE225166 methylation supplements; track for duplicate-aware parser pilot,GSM7040601_lane8_GCACTGTC_M00018001_15_M_Cortex_iTAG_93_merged_L008_R1.barcode_removed_val_1_GRCm38_bismark_bt2_pe.deduplicated.bismark.cov.gz,COV,21461867,https://ftp.ncbi.nlm.nih.gov/geo/samples/GSM7040nnn/GSM7040601/suppl/GSM7040601_lane8_GCACTGTC_M00018001_15_M_Cortex_iTAG_93_merged_L008_R1.barcode_removed_val_1_GRCm38_bismark_bt2_pe.deduplicated.bismark.cov.gz,https://ftp.ncbi.nlm.nih.gov/geo/series/GSE225nnn/GSE225173/suppl/filelist.txt,/home/zdq-as/mouse_methyl_work/raw_downloads/geo_supplements_v27/GSE225173/GSM7040601_lane8_GCACTGTC_M00018001_15_M_Cortex_iTAG_93_merged_L008_R1.barcode_removed_val_1_GRCm38_bismark_bt2_pe.deduplicated.bismark.cov.gz,planned,True
356,GSE225173,P0_processed_parser_pilot,sibling GEO record for GSE225166 methylation supplements; track for duplicate-aware parser pilot,GSM7040602_lane8_GCTCCTTG_M00017897_15_M_Heart_iTAG_83_merged_L008_R1.barcode_removed_val_1_GRCm38_bismark_bt2_pe.deduplicated.bismark.cov.gz,COV,22555712,https://ftp.ncbi.nlm.nih.gov/geo/samples/GSM7040nnn/GSM7040602/suppl/GSM7040602_lane8_GCTCCTTG_M00017897_15_M_Heart_iTAG_83_merged_L008_R1.barcode_removed_val_1_GRCm38_bismark_bt2_pe.deduplicated.bismark.cov.gz,https://ftp.ncbi.nlm.nih.gov/geo/series/GSE225nnn/GSE225173/suppl/filelist.txt,/home/zdq-as/mouse_methyl_work/raw_downloads/geo_supplements_v27/GSE225173/GSM7040602_lane8_GCTCCTTG_M00017897_15_M_Heart_iTAG_83_merged_L008_R1.barcode_removed_val_1_GRCm38_bismark_bt2_pe.deduplicated.bismark.cov.gz,planned,True
357,GSE225173,P0_processed_parser_pilot,sibling GEO record for GSE225166 methylation supplements; track for duplicate-aware parser pilot,GSM7040603_lane8_TAAGCGTT_M02-NB_New_Born_Heart_iPCRtag15_merged_L008_R1.barcode_removed_val_1_GRCm38_bismark_bt2_pe.deduplicated.bismark.cov.gz,COV,28655575,https://ftp.ncbi.nlm.nih.gov/geo/samples/GSM7040nnn/GSM7040603/suppl/GSM7040603_lane8_TAAGCGTT_M02-NB_New_Born_Heart_iPCRtag15_merged_L008_R1.barcode_removed_val_1_GRCm38_bismark_bt2_pe.deduplicated.bismark.cov.gz,https://ftp.ncbi.nlm.nih.gov/geo/series/GSE225nnn/GSE225173/suppl/filelist.txt,/home/zdq-as/mouse_methyl_work/raw_downloads/geo_supplements_v27/GSE225173/GSM7040603_lane8_TAAGCGTT_M02-NB_New_Born_Heart_iPCRtag15_merged_L008_R1.barcode_removed_val_1_GRCm38_bismark_bt2_pe.deduplicated.bismark.cov.gz,planned,True
358,GSE225173,P0_processed_parser_pilot,sibling GEO record for GSE225166 methylation supplements; track for duplicate-aware parser pilot,GSM7040604_lane8_TAGACGGA_M00017576_24_M_Cortex_iTAG_62_merged_L008_R1.barcode_removed_val_1_GRCm38_bismark_bt2_pe.deduplicated.bismark.cov.gz,COV,20644839,https://ftp.ncbi.nlm.nih.gov/geo/samples/GSM7040nnn/GSM7040604/suppl/GSM7040604_lane8_TAGACGGA_M00017576_24_M_Cortex_iTAG_62_merged_L008_R1.barcode_removed_val_1_GRCm38_bismark_bt2_pe.deduplicated.bismark.cov.gz,https://ftp.ncbi.nlm.nih.gov/geo/series/GSE225nnn/GSE225173/suppl/filelist.txt,/home/zdq-as/mouse_methyl_work/raw_downloads/geo_supplements_v27/GSE225173/GSM7040604_lane8_TAGACGGA_M00017576_24_M_Cortex_iTAG_62_merged_L008_R1.barcode_removed_val_1_GRCm38_bismark_bt2_pe.deduplicated.bismark.cov.gz,planned,True
359,GSE225173,P0_processed_parser_pilot,sibling GEO record for GSE225166 methylation supplements; track for duplicate-aware parser pilot,GSM7040605_lane8_TCCAGTCG_M00017549_24_M_Lung_iTAG_41_merged_L008_R1.barcode_removed_val_1_GRCm38_bismark_bt2_pe.deduplicated.bismark.cov.gz,COV,21897328,https://ftp.ncbi.nlm.nih.gov/geo/samples/GSM7040nnn/GSM7040605/suppl/GSM7040605_lane8_TCCAGTCG_M00017549_24_M_Lung_iTAG_41_merged_L008_R1.barcode_removed_val_1_GRCm38_bismark_bt2_pe.deduplicated.bismark.cov.gz,https://ftp.ncbi.nlm.nih.gov/geo/series/GSE225nnn/GSE225173/suppl/filelist.txt,/home/zdq-as/mouse_methyl_work/raw_downloads/geo_supplements_v27/GSE225173/GSM7040605_lane8_TCCAGTCG_M00017549_24_M_Lung_iTAG_41_merged_L008_R1.barcode_removed_val_1_GRCm38_bismark_bt2_pe.deduplicated.bismark.cov.gz,planned,True
360,GSE225173,P0_processed_parser_pilot,sibling GEO record for GSE225166 methylation supplements; track for duplicate-aware parser pilot,GSM7040606_lane8_TCGAAGTG_M00017549_24_M_Liver_iTAG_33_merged_L008_R1.barcode_removed_val_1_GRCm38_bismark_bt2_pe.deduplicated.bismark.cov.gz,COV,21553328,https://ftp.ncbi.nlm.nih.gov/geo/samples/GSM7040nnn/GSM7040606/suppl/GSM7040606_lane8_TCGAAGTG_M00017549_24_M_Liver_iTAG_33_merged_L008_R1.barcode_removed_val_1_GRCm38_bismark_bt2_pe.deduplicated.bismark.cov.gz,https://ftp.ncbi.nlm.nih.gov/geo/series/GSE225nnn/GSE225173/suppl/filelist.txt,/home/zdq-as/mouse_methyl_work/raw_downloads/geo_supplements_v27/GSE225173/GSM7040606_lane8_TCGAAGTG_M00017549_24_M_Liver_iTAG_33_merged_L008_R1.barcode_removed_val_1_GRCm38_bismark_bt2_pe.deduplicated.bismark.cov.gz,planned,True
361,GSE225173,P0_processed_parser_pilot,sibling GEO record for GSE225166 methylation supplements; track for duplicate-aware parser pilot,GSM7040607_lane8_TCTGCTGT_M01-20523_3_M_Heart_iTAG_19_merged_L008_R1.barcode_removed_val_1_GRCm38_bismark_bt2_pe.deduplicated.bismark.cov.gz,COV,16590188,https://ftp.ncbi.nlm.nih.gov/geo/samples/GSM7040nnn/GSM7040607/suppl/GSM7040607_lane8_TCTGCTGT_M01-20523_3_M_Heart_iTAG_19_merged_L008_R1.barcode_removed_val_1_GRCm38_bismark_bt2_pe.deduplicated.bismark.cov.gz,https://ftp.ncbi.nlm.nih.gov/geo/series/GSE225nnn/GSE225173/suppl/filelist.txt,/home/zdq-as/mouse_methyl_work/raw_downloads/geo_supplements_v27/GSE225173/GSM7040607_lane8_TCTGCTGT_M01-20523_3_M_Heart_iTAG_19_merged_L008_R1.barcode_removed_val_1_GRCm38_bismark_bt2_pe.deduplicated.bismark.cov.gz,planned,True
362,GSE225173,P0_processed_parser_pilot,sibling GEO record for GSE225166 methylation supplements; track for duplicate-aware parser pilot,GSM7040608_lane8_TGAACTGG_M00017562_24_M_Liver_iTAG_36_merged_L008_R1.barcode_removed_val_1_GRCm38_bismark_bt2_pe.deduplicated.bismark.cov.gz,COV,21647760,https://ftp.ncbi.nlm.nih.gov/geo/samples/GSM7040nnn/GSM7040608/suppl/GSM7040608_lane8_TGAACTGG_M00017562_24_M_Liver_iTAG_36_merged_L008_R1.barcode_removed_val_1_GRCm38_bismark_bt2_pe.deduplicated.bismark.cov.gz,https://ftp.ncbi.nlm.nih.gov/geo/series/GSE225nnn/GSE225173/suppl/filelist.txt,/home/zdq-as/mouse_methyl_work/raw_downloads/geo_supplements_v27/GSE225173/GSM7040608_lane8_TGAACTGG_M00017562_24_M_Liver_iTAG_36_merged_L008_R1.barcode_removed_val_1_GRCm38_bismark_bt2_pe.deduplicated.bismark.cov.gz,planned,True
363,GSE225173,P0_processed_parser_pilot,sibling GEO record for GSE225166 methylation supplements; track for duplicate-aware parser pilot,GSM7040609_lane8_TGTACCTT_M02-20525_3_M_Heart_iTAG_17_merged_L008_R1.barcode_removed_val_1_GRCm38_bismark_bt2_pe.deduplicated.bismark.cov.gz,COV,22829874,https://ftp.ncbi.nlm.nih.gov/geo/samples/GSM7040nnn/GSM7040609/suppl/GSM7040609_lane8_TGTACCTT_M02-20525_3_M_Heart_iTAG_17_merged_L008_R1.barcode_removed_val_1_GRCm38_bismark_bt2_pe.deduplicated.bismark.cov.gz,https://ftp.ncbi.nlm.nih.gov/geo/series/GSE225nnn/GSE225173/suppl/filelist.txt,/home/zdq-as/mouse_methyl_work/raw_downloads/geo_supplements_v27/GSE225173/GSM7040609_lane8_TGTACCTT_M02-20525_3_M_Heart_iTAG_17_merged_L008_R1.barcode_removed_val_1_GRCm38_bismark_bt2_pe.deduplicated.bismark.cov.gz,planned,True
364,GSE225173,P0_processed_parser_pilot,sibling GEO record for GSE225166 methylation supplements; track for duplicate-aware parser pilot,GSM7040610_lane6192_CGATGTTT_M04-20526_3_M_Hind_Muscle_plate1_pool1_iTag2_L001_R1.barcode_removed_val_1_GRCm38_bismark_bt2_pe.deduplicated.bismark.cov.gz,COV,16137202,https://ftp.ncbi.nlm.nih.gov/geo/samples/GSM7040nnn/GSM7040610/suppl/GSM7040610_lane6192_CGATGTTT_M04-20526_3_M_Hind_Muscle_plate1_pool1_iTag2_L001_R1.barcode_removed_val_1_GRCm38_bismark_bt2_pe.deduplicated.bismark.cov.gz,https://ftp.ncbi.nlm.nih.gov/geo/series/GSE225nnn/GSE225173/suppl/filelist.txt,/home/zdq-as/mouse_methyl_work/raw_downloads/geo_supplements_v27/GSE225173/GSM7040610_lane6192_CGATGTTT_M04-20526_3_M_Hind_Muscle_plate1_pool1_iTag2_L001_R1.barcode_removed_val_1_GRCm38_bismark_bt2_pe.deduplicated.bismark.cov.gz,planned,True
365,GSE225173,P0_processed_parser_pilot,sibling GEO record for GSE225166 methylation supplements; track for duplicate-aware parser pilot,GSM7040611_lane6192_GCAACATT_M00017619_24_M_Kidney_plate1_pool1_iTag73_L001_R1.barcode_removed_val_1_GRCm38_bismark_bt2_pe.deduplicated.bismark.cov.gz,COV,14228018,https://ftp.ncbi.nlm.nih.gov/geo/samples/GSM7040nnn/GSM7040611/suppl/GSM7040611_lane6192_GCAACATT_M00017619_24_M_Kidney_plate1_pool1_iTag73_L001_R1.barcode_removed_val_1_GRCm38_bismark_bt2_pe.deduplicated.bismark.cov.gz,https://ftp.ncbi.nlm.nih.gov/geo/series/GSE225nnn/GSE225173/suppl/filelist.txt,/home/zdq-as/mouse_methyl_work/raw_downloads/geo_supplements_v27/GSE225173/GSM7040611_lane6192_GCAACATT_M00017619_24_M_Kidney_plate1_pool1_iTag73_L001_R1.barcode_removed_val_1_GRCm38_bismark_bt2_pe.deduplicated.bismark.cov.gz,planned,True
366,GSE225173,P0_processed_parser_pilot,sibling GEO record for GSE225166 methylation supplements; track for duplicate-aware parser pilot,GSM7040612_lane6192_GCAATCCG_M00018752_6_M_Intestinal_Stem_Cells_plate1_pool1_iTag90_L001_R1.barcode_removed_val_1_GRCm38_bismark_bt2_pe.deduplicated.bismark.cov.gz,COV,19034423,https://ftp.ncbi.nlm.nih.gov/geo/samples/GSM7040nnn/GSM7040612/suppl/GSM7040612_lane6192_GCAATCCG_M00018752_6_M_Intestinal_Stem_Cells_plate1_pool1_iTag90_L001_R1.barcode_removed_val_1_GRCm38_bismark_bt2_pe.deduplicated.bismark.cov.gz,https://ftp.ncbi.nlm.nih.gov/geo/series/GSE225nnn/GSE225173/suppl/filelist.txt,/home/zdq-as/mouse_methyl_work/raw_downloads/geo_supplements_v27/GSE225173/GSM7040612_lane6192_GCAATCCG_M00018752_6_M_Intestinal_Stem_Cells_plate1_pool1_iTag90_L001_R1.barcode_removed_val_1_GRCm38_bismark_bt2_pe.deduplicated.bismark.cov.gz,planned,True
367,GSE225173,P0_processed_parser_pilot,sibling GEO record for GSE225166 methylation supplements; track for duplicate-aware parser pilot,GSM7040613_lane6192_GCTAACTC_M00017912_15_M_Kidney_plate1_pool1_iTag94_L001_R1.barcode_removed_val_1_GRCm38_bismark_bt2_pe.deduplicated.bismark.cov.gz,COV,16750044,https://ftp.ncbi.nlm.nih.gov/geo/samples/GSM7040nnn/GSM7040613/suppl/GSM7040613_lane6192_GCTAACTC_M00017912_15_M_Kidney_plate1_pool1_iTag94_L001_R1.barcode_removed_val_1_GRCm38_bismark_bt2_pe.deduplicated.bismark.cov.gz,https://ftp.ncbi.nlm.nih.gov/geo/series/GSE225nnn/GSE225173/suppl/filelist.txt,/home/zdq-as/mouse_methyl_work/raw_downloads/geo_supplements_v27/GSE225173/GSM7040613_lane6192_GCTAACTC_M00017912_15_M_Kidney_plate1_pool1_iTag94_L001_R1.barcode_removed_val_1_GRCm38_bismark_bt2_pe.deduplicated.bismark.cov.gz,planned,True
368,GSE225173,P0_processed_parser_pilot,sibling GEO record for GSE225166 methylation supplements; track for duplicate-aware parser pilot,GSM7040614_lane6192_GGAATGAT_M05-20526_3_M_Lung_Macrophages_plate1_pool1_iTag81_L001_R1.barcode_removed_val_1_GRCm38_bismark_bt2_pe.deduplicated.bismark.cov.gz,COV,16378098,https://ftp.ncbi.nlm.nih.gov/geo/samples/GSM7040nnn/GSM7040614/suppl/GSM7040614_lane6192_GGAATGAT_M05-20526_3_M_Lung_Macrophages_plate1_pool1_iTag81_L001_R1.barcode_removed_val_1_GRCm38_bismark_bt2_pe.deduplicated.bismark.cov.gz,https://ftp.ncbi.nlm.nih.gov/geo/series/GSE225nnn/GSE225173/suppl/filelist.txt,/home/zdq-as/mouse_methyl_work/raw_downloads/geo_supplements_v27/GSE225173/GSM7040614_lane6192_GGAATGAT_M05-20526_3_M_Lung_Macrophages_plate1_pool1_iTag81_L001_R1.barcode_removed_val_1_GRCm38_bismark_bt2_pe.deduplicated.bismark.cov.gz,planned,True
369,GSE225173,P0_processed_parser_pilot,sibling GEO record for GSE225166 methylation supplements; track for duplicate-aware parser pilot,GSM7040615_lane6192_GTAAGGTG_M00017912_15_M_Lung_Macrophages_plate1_pool1_iTag84_L001_R1.barcode_removed_val_1_GRCm38_bismark_bt2_pe.deduplicated.bismark.cov.gz,COV,23725541,https://ftp.ncbi.nlm.nih.gov/geo/samples/GSM7040nnn/GSM7040615/suppl/GSM7040615_lane6192_GTAAGGTG_M00017912_15_M_Lung_Macrophages_plate1_pool1_iTag84_L001_R1.barcode_removed_val_1_GRCm38_bismark_bt2_pe.deduplicated.bismark.cov.gz,https://ftp.ncbi.nlm.nih.gov/geo/series/GSE225nnn/GSE225173/suppl/filelist.txt,/home/zdq-as/mouse_methyl_work/raw_downloads/geo_supplements_v27/GSE225173/GSM7040615_lane6192_GTAAGGTG_M00017912_15_M_Lung_Macrophages_plate1_pool1_iTag84_L001_R1.barcode_removed_val_1_GRCm38_bismark_bt2_pe.deduplicated.bismark.cov.gz,planned,True
370,GSE225173,P0_processed_parser_pilot,sibling GEO record for GSE225166 methylation supplements; track for duplicate-aware parser pilot,GSM7040616_lane6192_GTGTCCTT_M00017912_15_M_CD8_T_Cells_plate1_pool1_iTag71_L001_R1.barcode_removed_val_1_GRCm38_bismark_bt2_pe.deduplicated.bismark.cov.gz,COV,13473668,https://ftp.ncbi.nlm.nih.gov/geo/samples/GSM7040nnn/GSM7040616/suppl/GSM7040616_lane6192_GTGTCCTT_M00017912_15_M_CD8_T_Cells_plate1_pool1_iTag71_L001_R1.barcode_removed_val_1_GRCm38_bismark_bt2_pe.deduplicated.bismark.cov.gz,https://ftp.ncbi.nlm.nih.gov/geo/series/GSE225nnn/GSE225173/suppl/filelist.txt,/home/zdq-as/mouse_methyl_work/raw_downloads/geo_supplements_v27/GSE225173/GSM7040616_lane6192_GTGTCCTT_M00017912_15_M_CD8_T_Cells_plate1_pool1_iTag71_L001_R1.barcode_removed_val_1_GRCm38_bismark_bt2_pe.deduplicated.bismark.cov.gz,planned,True
371,GSE225173,P0_processed_parser_pilot,sibling GEO record for GSE225166 methylation supplements; track for duplicate-aware parser pilot,GSM7040617_lane6192_GTGTGTCG_M02-20525_3_M_Intestinal_Stem_Cells_plate1_pool1_iTag89_L001_R1.barcode_removed_val_1_GRCm38_bismark_bt2_pe.deduplicated.bismark.cov.gz,COV,15833562,https://ftp.ncbi.nlm.nih.gov/geo/samples/GSM7040nnn/GSM7040617/suppl/GSM7040617_lane6192_GTGTGTCG_M02-20525_3_M_Intestinal_Stem_Cells_plate1_pool1_iTag89_L001_R1.barcode_removed_val_1_GRCm38_bismark_bt2_pe.deduplicated.bismark.cov.gz,https://ftp.ncbi.nlm.nih.gov/geo/series/GSE225nnn/GSE225173/suppl/filelist.txt,/home/zdq-as/mouse_methyl_work/raw_downloads/geo_supplements_v27/GSE225173/GSM7040617_lane6192_GTGTGTCG_M02-20525_3_M_Intestinal_Stem_Cells_plate1_pool1_iTag89_L001_R1.barcode_removed_val_1_GRCm38_bismark_bt2_pe.deduplicated.bismark.cov.gz,planned,True
372,GSE225173,P0_processed_parser_pilot,sibling GEO record for GSE225166 methylation supplements; track for duplicate-aware parser pilot,GSM7040618_lane6192_TCAGGAGG_M00017619_24_M_Lung_Macrophages_plate1_pool1_iTag39_L001_R1.barcode_removed_val_1_GRCm38_bismark_bt2_pe.deduplicated.bismark.cov.gz,COV,12816624,https://ftp.ncbi.nlm.nih.gov/geo/samples/GSM7040nnn/GSM7040618/suppl/GSM7040618_lane6192_TCAGGAGG_M00017619_24_M_Lung_Macrophages_plate1_pool1_iTag39_L001_R1.barcode_removed_val_1_GRCm38_bismark_bt2_pe.deduplicated.bismark.cov.gz,https://ftp.ncbi.nlm.nih.gov/geo/series/GSE225nnn/GSE225173/suppl/filelist.txt,/home/zdq-as/mouse_methyl_work/raw_downloads/geo_supplements_v27/GSE225173/GSM7040618_lane6192_TCAGGAGG_M00017619_24_M_Lung_Macrophages_plate1_pool1_iTag39_L001_R1.barcode_removed_val_1_GRCm38_bismark_bt2_pe.deduplicated.bismark.cov.gz,planned,True
373,GSE225173,P0_processed_parser_pilot,sibling GEO record for GSE225166 methylation supplements; track for duplicate-aware parser pilot,GSM7040619_lane6192_TCATCCTA_M00018360_9_M_Hind_Muscle_plate1_pool1_iTag60_L001_R1.barcode_removed_val_1_GRCm38_bismark_bt2_pe.deduplicated.bismark.cov.gz,COV,18069367,https://ftp.ncbi.nlm.nih.gov/geo/samples/GSM7040nnn/GSM7040619/suppl/GSM7040619_lane6192_TCATCCTA_M00018360_9_M_Hind_Muscle_plate1_pool1_iTag60_L001_R1.barcode_removed_val_1_GRCm38_bismark_bt2_pe.deduplicated.bismark.cov.gz,https://ftp.ncbi.nlm.nih.gov/geo/series/GSE225nnn/GSE225173/suppl/filelist.txt,/home/zdq-as/mouse_methyl_work/raw_downloads/geo_supplements_v27/GSE225173/GSM7040619_lane6192_TCATCCTA_M00018360_9_M_Hind_Muscle_plate1_pool1_iTag60_L001_R1.barcode_removed_val_1_GRCm38_bismark_bt2_pe.deduplicated.bismark.cov.gz,planned,True
374,GSE225173,P0_processed_parser_pilot,sibling GEO record for GSE225166 methylation supplements; track for duplicate-aware parser pilot,GSM7040620_lane6192_TCCTCAAT_M00018011_15_M_CD8_T_Cells_plate1_pool1_iTag29_L001_R1.barcode_removed_val_1_GRCm38_bismark_bt2_pe.deduplicated.bismark.cov.gz,COV,18553964,https://ftp.ncbi.nlm.nih.gov/geo/samples/GSM7040nnn/GSM7040620/suppl/GSM7040620_lane6192_TCCTCAAT_M00018011_15_M_CD8_T_Cells_plate1_pool1_iTag29_L001_R1.barcode_removed_val_1_GRCm38_bismark_bt2_pe.deduplicated.bismark.cov.gz,https://ftp.ncbi.nlm.nih.gov/geo/series/GSE225nnn/GSE225173/suppl/filelist.txt,/home/zdq-as/mouse_methyl_work/raw_downloads/geo_supplements_v27/GSE225173/GSM7040620_lane6192_TCCTCAAT_M00018011_15_M_CD8_T_Cells_plate1_pool1_iTag29_L001_R1.barcode_removed_val_1_GRCm38_bismark_bt2_pe.deduplicated.bismark.cov.gz,planned,True
375,GSE225173,P0_processed_parser_pilot,sibling GEO record for GSE225166 methylation supplements; track for duplicate-aware parser pilot,GSM7040621_lane6192_TCGTTAGC_M00018752_6_M_Hind_Muscle_plate1_pool1_iTag52_L001_R1.barcode_removed_val_1_GRCm38_bismark_bt2_pe.deduplicated.bismark.cov.gz,COV,16492143,https://ftp.ncbi.nlm.nih.gov/geo/samples/GSM7040nnn/GSM7040621/suppl/GSM7040621_lane6192_TCGTTAGC_M00018752_6_M_Hind_Muscle_plate1_pool1_iTag52_L001_R1.barcode_removed_val_1_GRCm38_bismark_bt2_pe.deduplicated.bismark.cov.gz,https://ftp.ncbi.nlm.nih.gov/geo/series/GSE225nnn/GSE225173/suppl/filelist.txt,/home/zdq-as/mouse_methyl_work/raw_downloads/geo_supplements_v27/GSE225173/GSM7040621_lane6192_TCGTTAGC_M00018752_6_M_Hind_Muscle_plate1_pool1_iTag52_L001_R1.barcode_removed_val_1_GRCm38_bismark_bt2_pe.deduplicated.bismark.cov.gz,planned,True
376,GSE225173,P0_processed_parser_pilot,sibling GEO record for GSE225166 methylation supplements; track for duplicate-aware parser pilot,GSM7040622_lane6193_ATCACGTT_M04-20526_3_M_Skin_plate1_pool2_iTag1_L002_R1.barcode_removed_val_1_GRCm38_bismark_bt2_pe.deduplicated.bismark.cov.gz,COV,16954477,https://ftp.ncbi.nlm.nih.gov/geo/samples/GSM7040nnn/GSM7040622/suppl/GSM7040622_lane6193_ATCACGTT_M04-20526_3_M_Skin_plate1_pool2_iTag1_L002_R1.barcode_removed_val_1_GRCm38_bismark_bt2_pe.deduplicated.bismark.cov.gz,https://ftp.ncbi.nlm.nih.gov/geo/series/GSE225nnn/GSE225173/suppl/filelist.txt,/home/zdq-as/mouse_methyl_work/raw_downloads/geo_supplements_v27/GSE225173/GSM7040622_lane6193_ATCACGTT_M04-20526_3_M_Skin_plate1_pool2_iTag1_L002_R1.barcode_removed_val_1_GRCm38_bismark_bt2_pe.deduplicated.bismark.cov.gz,planned,True
377,GSE225173,P0_processed_parser_pilot,sibling GEO record for GSE225166 methylation supplements; track for duplicate-aware parser pilot,GSM7040623_lane6193_GATCTCTT_M00017912_15_M_CD4_T_Cells_plate1_pool2_iTag70_L002_R1.barcode_removed_val_1_GRCm38_bismark_bt2_pe.deduplicated.bismark.cov.gz,COV,14635399,https://ftp.ncbi.nlm.nih.gov/geo/samples/GSM7040nnn/GSM7040623/suppl/GSM7040623_lane6193_GATCTCTT_M00017912_15_M_CD4_T_Cells_plate1_pool2_iTag70_L002_R1.barcode_removed_val_1_GRCm38_bismark_bt2_pe.deduplicated.bismark.cov.gz,https://ftp.ncbi.nlm.nih.gov/geo/series/GSE225nnn/GSE225173/suppl/filelist.txt,/home/zdq-as/mouse_methyl_work/raw_downloads/geo_supplements_v27/GSE225173/GSM7040623_lane6193_GATCTCTT_M00017912_15_M_CD4_T_Cells_plate1_pool2_iTag70_L002_R1.barcode_removed_val_1_GRCm38_bismark_bt2_pe.deduplicated.bismark.cov.gz,planned,True
378,GSE225173,P0_processed_parser_pilot,sibling GEO record for GSE225166 methylation supplements; track for duplicate-aware parser pilot,GSM7040624_lane6193_GATTCATC_M00017620_24_M_Kidney_plate1_pool2_iTag95_L002_R1.barcode_removed_val_1_GRCm38_bismark_bt2_pe.deduplicated.bismark.cov.gz,COV,21009802,https://ftp.ncbi.nlm.nih.gov/geo/samples/GSM7040nnn/GSM7040624/suppl/GSM7040624_lane6193_GATTCATC_M00017620_24_M_Kidney_plate1_pool2_iTag95_L002_R1.barcode_removed_val_1_GRCm38_bismark_bt2_pe.deduplicated.bismark.cov.gz,https://ftp.ncbi.nlm.nih.gov/geo/series/GSE225nnn/GSE225173/suppl/filelist.txt,/home/zdq-as/mouse_methyl_work/raw_downloads/geo_supplements_v27/GSE225173/GSM7040624_lane6193_GATTCATC_M00017620_24_M_Kidney_plate1_pool2_iTag95_L002_R1.barcode_removed_val_1_GRCm38_bismark_bt2_pe.deduplicated.bismark.cov.gz,planned,True
379,GSE225173,P0_processed_parser_pilot,sibling GEO record for GSE225166 methylation supplements; track for duplicate-aware parser pilot,GSM7040625_lane6193_GTACATCT_M00017620_24_M_Hind_Muscle_plate1_pool2_iTag76_L002_R1.barcode_removed_val_1_GRCm38_bismark_bt2_pe.deduplicated.bismark.cov.gz,COV,20256143,https://ftp.ncbi.nlm.nih.gov/geo/samples/GSM7040nnn/GSM7040625/suppl/GSM7040625_lane6193_GTACATCT_M00017620_24_M_Hind_Muscle_plate1_pool2_iTag76_L002_R1.barcode_removed_val_1_GRCm38_bismark_bt2_pe.deduplicated.bismark.cov.gz,https://ftp.ncbi.nlm.nih.gov/geo/series/GSE225nnn/GSE225173/suppl/filelist.txt,/home/zdq-as/mouse_methyl_work/raw_downloads/geo_supplements_v27/GSE225173/GSM7040625_lane6193_GTACATCT_M00017620_24_M_Hind_Muscle_plate1_pool2_iTag76_L002_R1.barcode_removed_val_1_GRCm38_bismark_bt2_pe.deduplicated.bismark.cov.gz,planned,True
380,GSE225173,P0_processed_parser_pilot,sibling GEO record for GSE225166 methylation supplements; track for duplicate-aware parser pilot,GSM7040626_lane6193_GTCGCTAT_M00017620_24_M_Cerebellum_plate1_pool2_iTag80_L002_R1.barcode_removed_val_1_GRCm38_bismark_bt2_pe.deduplicated.bismark.cov.gz,COV,23813747,https://ftp.ncbi.nlm.nih.gov/geo/samples/GSM7040nnn/GSM7040626/suppl/GSM7040626_lane6193_GTCGCTAT_M00017620_24_M_Cerebellum_plate1_pool2_iTag80_L002_R1.barcode_removed_val_1_GRCm38_bismark_bt2_pe.deduplicated.bismark.cov.gz,https://ftp.ncbi.nlm.nih.gov/geo/series/GSE225nnn/GSE225173/suppl/filelist.txt,/home/zdq-as/mouse_methyl_work/raw_downloads/geo_supplements_v27/GSE225173/GSM7040626_lane6193_GTCGCTAT_M00017620_24_M_Cerebellum_plate1_pool2_iTag80_L002_R1.barcode_removed_val_1_GRCm38_bismark_bt2_pe.deduplicated.bismark.cov.gz,planned,True
381,GSE225173,P0_processed_parser_pilot,sibling GEO record for GSE225166 methylation supplements; track for duplicate-aware parser pilot,GSM7040628_lane6193_GTTAGCCT_M00017620_24_M_CD8_T_Cells_plate1_pool2_iTag79_L002_R1.barcode_removed_val_1_GRCm38_bismark_bt2_pe.deduplicated.bismark.cov.gz,COV,15898568,https://ftp.ncbi.nlm.nih.gov/geo/samples/GSM7040nnn/GSM7040628/suppl/GSM7040628_lane6193_GTTAGCCT_M00017620_24_M_CD8_T_Cells_plate1_pool2_iTag79_L002_R1.barcode_removed_val_1_GRCm38_bismark_bt2_pe.deduplicated.bismark.cov.gz,https://ftp.ncbi.nlm.nih.gov/geo/series/GSE225nnn/GSE225173/suppl/filelist.txt,/home/zdq-as/mouse_methyl_work/raw_downloads/geo_supplements_v27/GSE225173/GSM7040628_lane6193_GTTAGCCT_M00017620_24_M_CD8_T_Cells_plate1_pool2_iTag79_L002_R1.barcode_removed_val_1_GRCm38_bismark_bt2_pe.deduplicated.bismark.cov.gz,planned,True
382,GSE225173,P0_processed_parser_pilot,sibling GEO record for GSE225166 methylation supplements; track for duplicate-aware parser pilot,GSM7040629_lane6193_TACAGGAT_M00018011_15_M_CD4_T_Cells_plate1_pool2_iTag28_L002_R1.barcode_removed_val_1_GRCm38_bismark_bt2_pe.deduplicated.bismark.cov.gz,COV,17601217,https://ftp.ncbi.nlm.nih.gov/geo/samples/GSM7040nnn/GSM7040629/suppl/GSM7040629_lane6193_TACAGGAT_M00018011_15_M_CD4_T_Cells_plate1_pool2_iTag28_L002_R1.barcode_removed_val_1_GRCm38_bismark_bt2_pe.deduplicated.bismark.cov.gz,https://ftp.ncbi.nlm.nih.gov/geo/series/GSE225nnn/GSE225173/suppl/filelist.txt,/home/zdq-as/mouse_methyl_work/raw_downloads/geo_supplements_v27/GSE225173/GSM7040629_lane6193_TACAGGAT_M00018011_15_M_CD4_T_Cells_plate1_pool2_iTag28_L002_R1.barcode_removed_val_1_GRCm38_bismark_bt2_pe.deduplicated.bismark.cov.gz,planned,True
383,GSE225173,P0_processed_parser_pilot,sibling GEO record for GSE225166 methylation supplements; track for duplicate-aware parser pilot,GSM7040630_lane6193_TATGCCAG_M05-20526_3_M_B_cells_plate1_pool2_iTag45_L002_R1.barcode_removed_val_1_GRCm38_bismark_bt2_pe.deduplicated.bismark.cov.gz,COV,18718629,https://ftp.ncbi.nlm.nih.gov/geo/samples/GSM7040nnn/GSM7040630/suppl/GSM7040630_lane6193_TATGCCAG_M05-20526_3_M_B_cells_plate1_pool2_iTag45_L002_R1.barcode_removed_val_1_GRCm38_bismark_bt2_pe.deduplicated.bismark.cov.gz,https://ftp.ncbi.nlm.nih.gov/geo/series/GSE225nnn/GSE225173/suppl/filelist.txt,/home/zdq-as/mouse_methyl_work/raw_downloads/geo_supplements_v27/GSE225173/GSM7040630_lane6193_TATGCCAG_M05-20526_3_M_B_cells_plate1_pool2_iTag45_L002_R1.barcode_removed_val_1_GRCm38_bismark_bt2_pe.deduplicated.bismark.cov.gz,planned,True
384,GSE225173,P0_processed_parser_pilot,sibling GEO record for GSE225166 methylation supplements; track for duplicate-aware parser pilot,GSM7040631_lane6193_TGACCACT_M04-20526_3_M_CD4_T_Cells_plate1_pool2_iTag4_L002_R1.barcode_removed_val_1_GRCm38_bismark_bt2_pe.deduplicated.bismark.cov.gz,COV,19257829,https://ftp.ncbi.nlm.nih.gov/geo/samples/GSM7040nnn/GSM7040631/suppl/GSM7040631_lane6193_TGACCACT_M04-20526_3_M_CD4_T_Cells_plate1_pool2_iTag4_L002_R1.barcode_removed_val_1_GRCm38_bismark_bt2_pe.deduplicated.bismark.cov.gz,https://ftp.ncbi.nlm.nih.gov/geo/series/GSE225nnn/GSE225173/suppl/filelist.txt,/home/zdq-as/mouse_methyl_work/raw_downloads/geo_supplements_v27/GSE225173/GSM7040631_lane6193_TGACCACT_M04-20526_3_M_CD4_T_Cells_plate1_pool2_iTag4_L002_R1.barcode_removed_val_1_GRCm38_bismark_bt2_pe.deduplicated.bismark.cov.gz,planned,True
385,GSE225173,P0_processed_parser_pilot,sibling GEO record for GSE225166 methylation supplements; track for duplicate-aware parser pilot,GSM7040632_lane6193_TGCGTGAA_M00017912_15_M_Hind_Muscle_plate1_pool2_iTag68_L002_R1.barcode_removed_val_1_GRCm38_bismark_bt2_pe.deduplicated.bismark.cov.gz,COV,16685435,https://ftp.ncbi.nlm.nih.gov/geo/samples/GSM7040nnn/GSM7040632/suppl/GSM7040632_lane6193_TGCGTGAA_M00017912_15_M_Hind_Muscle_plate1_pool2_iTag68_L002_R1.barcode_removed_val_1_GRCm38_bismark_bt2_pe.deduplicated.bismark.cov.gz,https://ftp.ncbi.nlm.nih.gov/geo/series/GSE225nnn/GSE225173/suppl/filelist.txt,/home/zdq-as/mouse_methyl_work/raw_downloads/geo_supplements_v27/GSE225173/GSM7040632_lane6193_TGCGTGAA_M00017912_15_M_Hind_Muscle_plate1_pool2_iTag68_L002_R1.barcode_removed_val_1_GRCm38_bismark_bt2_pe.deduplicated.bismark.cov.gz,planned,True
386,GSE225173,P0_processed_parser_pilot,sibling GEO record for GSE225166 methylation supplements; track for duplicate-aware parser pilot,GSM7040633_lane6193_TGGCTCAG_M05-20526_3_M_Hind_Muscle_plate1_pool2_iTag44_L002_R1.barcode_removed_val_1_GRCm38_bismark_bt2_pe.deduplicated.bismark.cov.gz,COV,17061478,https://ftp.ncbi.nlm.nih.gov/geo/samples/GSM7040nnn/GSM7040633/suppl/GSM7040633_lane6193_TGGCTCAG_M05-20526_3_M_Hind_Muscle_plate1_pool2_iTag44_L002_R1.barcode_removed_val_1_GRCm38_bismark_bt2_pe.deduplicated.bismark.cov.gz,https://ftp.ncbi.nlm.nih.gov/geo/series/GSE225nnn/GSE225173/suppl/filelist.txt,/home/zdq-as/mouse_methyl_work/raw_downloads/geo_supplements_v27/GSE225173/GSM7040633_lane6193_TGGCTCAG_M05-20526_3_M_Hind_Muscle_plate1_pool2_iTag44_L002_R1.barcode_removed_val_1_GRCm38_bismark_bt2_pe.deduplicated.bismark.cov.gz,planned,True
387,GSE225173,P0_processed_parser_pilot,sibling GEO record for GSE225166 methylation supplements; track for duplicate-aware parser pilot,GSM7040634_lane6193_TTGTTCCA_M00018011_15_M_Kidney_plate1_pool2_iTag65_L002_R1.barcode_removed_val_1_GRCm38_bismark_bt2_pe.deduplicated.bismark.cov.gz,COV,15803001,https://ftp.ncbi.nlm.nih.gov/geo/samples/GSM7040nnn/GSM7040634/suppl/GSM7040634_lane6193_TTGTTCCA_M00018011_15_M_Kidney_plate1_pool2_iTag65_L002_R1.barcode_removed_val_1_GRCm38_bismark_bt2_pe.deduplicated.bismark.cov.gz,https://ftp.ncbi.nlm.nih.gov/geo/series/GSE225nnn/GSE225173/suppl/filelist.txt,/home/zdq-as/mouse_methyl_work/raw_downloads/geo_supplements_v27/GSE225173/GSM7040634_lane6193_TTGTTCCA_M00018011_15_M_Kidney_plate1_pool2_iTag65_L002_R1.barcode_removed_val_1_GRCm38_bismark_bt2_pe.deduplicated.bismark.cov.gz,planned,True
388,GSE225173,P0_processed_parser_pilot,sibling GEO record for GSE225166 methylation supplements; track for duplicate-aware parser pilot,GSM7040635_lane6194_ACAGTGGT_M04-20526_3_M_CD8_T_Cells_plate1_pool3_iTag5_L003_R1.barcode_removed_val_1_GRCm38_bismark_bt2_pe.deduplicated.bismark.cov.gz,COV,19104212,https://ftp.ncbi.nlm.nih.gov/geo/samples/GSM7040nnn/GSM7040635/suppl/GSM7040635_lane6194_ACAGTGGT_M04-20526_3_M_CD8_T_Cells_plate1_pool3_iTag5_L003_R1.barcode_removed_val_1_GRCm38_bismark_bt2_pe.deduplicated.bismark.cov.gz,https://ftp.ncbi.nlm.nih.gov/geo/series/GSE225nnn/GSE225173/suppl/filelist.txt,/home/zdq-as/mouse_methyl_work/raw_downloads/geo_supplements_v27/GSE225173/GSM7040635_lane6194_ACAGTGGT_M04-20526_3_M_CD8_T_Cells_plate1_pool3_iTag5_L003_R1.barcode_removed_val_1_GRCm38_bismark_bt2_pe.deduplicated.bismark.cov.gz,planned,True
389,GSE225173,P0_processed_parser_pilot,sibling GEO record for GSE225166 methylation supplements; track for duplicate-aware parser pilot,GSM7040636_lane6194_CAGATCTG_M04-20526_3_M_Lung_Macrophages_plate1_pool3_iTag7_L003_R1.barcode_removed_val_1_GRCm38_bismark_bt2_pe.deduplicated.bismark.cov.gz,COV,19606502,https://ftp.ncbi.nlm.nih.gov/geo/samples/GSM7040nnn/GSM7040636/suppl/GSM7040636_lane6194_CAGATCTG_M04-20526_3_M_Lung_Macrophages_plate1_pool3_iTag7_L003_R1.barcode_removed_val_1_GRCm38_bismark_bt2_pe.deduplicated.bismark.cov.gz,https://ftp.ncbi.nlm.nih.gov/geo/series/GSE225nnn/GSE225173/suppl/filelist.txt,/home/zdq-as/mouse_methyl_work/raw_downloads/geo_supplements_v27/GSE225173/GSM7040636_lane6194_CAGATCTG_M04-20526_3_M_Lung_Macrophages_plate1_pool3_iTag7_L003_R1.barcode_removed_val_1_GRCm38_bismark_bt2_pe.deduplicated.bismark.cov.gz,planned,True
390,GSE225173,P0_processed_parser_pilot,sibling GEO record for GSE225166 methylation supplements; track for duplicate-aware parser pilot,GSM7040637_lane6194_GACGGATT_M00017912_15_M_Cerebellum_plate1_pool3_iTag72_L003_R1.barcode_removed_val_1_GRCm38_bismark_bt2_pe.deduplicated.bismark.cov.gz,COV,18992800,https://ftp.ncbi.nlm.nih.gov/geo/samples/GSM7040nnn/GSM7040637/suppl/GSM7040637_lane6194_GACGGATT_M00017912_15_M_Cerebellum_plate1_pool3_iTag72_L003_R1.barcode_removed_val_1_GRCm38_bismark_bt2_pe.deduplicated.bismark.cov.gz,https://ftp.ncbi.nlm.nih.gov/geo/series/GSE225nnn/GSE225173/suppl/filelist.txt,/home/zdq-as/mouse_methyl_work/raw_downloads/geo_supplements_v27/GSE225173/GSM7040637_lane6194_GACGGATT_M00017912_15_M_Cerebellum_plate1_pool3_iTag72_L003_R1.barcode_removed_val_1_GRCm38_bismark_bt2_pe.deduplicated.bismark.cov.gz,planned,True
391,GSE225173,P0_processed_parser_pilot,sibling GEO record for GSE225166 methylation supplements; track for duplicate-aware parser pilot,GSM7040638_lane6194_GAGGATGG_M00017620_24_M_Lung_Macrophages_plate1_pool3_iTag85_L003_R1.barcode_removed_val_1_GRCm38_bismark_bt2_pe.deduplicated.bismark.cov.gz,COV,28444380,https://ftp.ncbi.nlm.nih.gov/geo/samples/GSM7040nnn/GSM7040638/suppl/GSM7040638_lane6194_GAGGATGG_M00017620_24_M_Lung_Macrophages_plate1_pool3_iTag85_L003_R1.barcode_removed_val_1_GRCm38_bismark_bt2_pe.deduplicated.bismark.cov.gz,https://ftp.ncbi.nlm.nih.gov/geo/series/GSE225nnn/GSE225173/suppl/filelist.txt,/home/zdq-as/mouse_methyl_work/raw_downloads/geo_supplements_v27/GSE225173/GSM7040638_lane6194_GAGGATGG_M00017620_24_M_Lung_Macrophages_plate1_pool3_iTag85_L003_R1.barcode_removed_val_1_GRCm38_bismark_bt2_pe.deduplicated.bismark.cov.gz,planned,True
392,GSE225173,P0_processed_parser_pilot,sibling GEO record for GSE225166 methylation supplements; track for duplicate-aware parser pilot,GSM7040639_lane6194_GCATGGCT_M00017620_24_M_CD4_T_Cells_plate1_pool3_iTag78_L003_R1.barcode_removed_val_1_GRCm38_bismark_bt2_pe.deduplicated.bismark.cov.gz,COV,16776476,https://ftp.ncbi.nlm.nih.gov/geo/samples/GSM7040nnn/GSM7040639/suppl/GSM7040639_lane6194_GCATGGCT_M00017620_24_M_CD4_T_Cells_plate1_pool3_iTag78_L003_R1.barcode_removed_val_1_GRCm38_bismark_bt2_pe.deduplicated.bismark.cov.gz,https://ftp.ncbi.nlm.nih.gov/geo/series/GSE225nnn/GSE225173/suppl/filelist.txt,/home/zdq-as/mouse_methyl_work/raw_downloads/geo_supplements_v27/GSE225173/GSM7040639_lane6194_GCATGGCT_M00017620_24_M_CD4_T_Cells_plate1_pool3_iTag78_L003_R1.barcode_removed_val_1_GRCm38_bismark_bt2_pe.deduplicated.bismark.cov.gz,planned,True
393,GSE225173,P0_processed_parser_pilot,sibling GEO record for GSE225166 methylation supplements; track for duplicate-aware parser pilot,GSM7040640_lane6194_TAAGCGTT_M00018740_6_M_Lung_Macrophages_plate1_pool3_iTag15_L003_R1.barcode_removed_val_1_GRCm38_bismark_bt2_pe.deduplicated.bismark.cov.gz,COV,16291921,https://ftp.ncbi.nlm.nih.gov/geo/samples/GSM7040nnn/GSM7040640/suppl/GSM7040640_lane6194_TAAGCGTT_M00018740_6_M_Lung_Macrophages_plate1_pool3_iTag15_L003_R1.barcode_removed_val_1_GRCm38_bismark_bt2_pe.deduplicated.bismark.cov.gz,https://ftp.ncbi.nlm.nih.gov/geo/series/GSE225nnn/GSE225173/suppl/filelist.txt,/home/zdq-as/mouse_methyl_work/raw_downloads/geo_supplements_v27/GSE225173/GSM7040640_lane6194_TAAGCGTT_M00018740_6_M_Lung_Macrophages_plate1_pool3_iTag15_L003_R1.barcode_removed_val_1_GRCm38_bismark_bt2_pe.deduplicated.bismark.cov.gz,planned,True
394,GSE225173,P0_processed_parser_pilot,sibling GEO record for GSE225166 methylation supplements; track for duplicate-aware parser pilot,GSM7040641_lane6194_TACCACCA_M00017912_15_M_Skin_plate1_pool3_iTag67_L003_R1.barcode_removed_val_1_GRCm38_bismark_bt2_pe.deduplicated.bismark.cov.gz,COV,22437314,https://ftp.ncbi.nlm.nih.gov/geo/samples/GSM7040nnn/GSM7040641/suppl/GSM7040641_lane6194_TACCACCA_M00017912_15_M_Skin_plate1_pool3_iTag67_L003_R1.barcode_removed_val_1_GRCm38_bismark_bt2_pe.deduplicated.bismark.cov.gz,https://ftp.ncbi.nlm.nih.gov/geo/series/GSE225nnn/GSE225173/suppl/filelist.txt,/home/zdq-as/mouse_methyl_work/raw_downloads/geo_supplements_v27/GSE225173/GSM7040641_lane6194_TACCACCA_M00017912_15_M_Skin_plate1_pool3_iTag67_L003_R1.barcode_removed_val_1_GRCm38_bismark_bt2_pe.deduplicated.bismark.cov.gz,planned,True
395,GSE225173,P0_processed_parser_pilot,sibling GEO record for GSE225166 methylation supplements; track for duplicate-aware parser pilot,GSM7040642_lane6194_TAGAACAC_M00018360_9_M_Skin_plate1_pool3_iTag59_L003_R1.barcode_removed_val_1_GRCm38_bismark_bt2_pe.deduplicated.bismark.cov.gz,COV,19310869,https://ftp.ncbi.nlm.nih.gov/geo/samples/GSM7040nnn/GSM7040642/suppl/GSM7040642_lane6194_TAGAACAC_M00018360_9_M_Skin_plate1_pool3_iTag59_L003_R1.barcode_removed_val_1_GRCm38_bismark_bt2_pe.deduplicated.bismark.cov.gz,https://ftp.ncbi.nlm.nih.gov/geo/series/GSE225nnn/GSE225173/suppl/filelist.txt,/home/zdq-as/mouse_methyl_work/raw_downloads/geo_supplements_v27/GSE225173/GSM7040642_lane6194_TAGAACAC_M00018360_9_M_Skin_plate1_pool3_iTag59_L003_R1.barcode_removed_val_1_GRCm38_bismark_bt2_pe.deduplicated.bismark.cov.gz,planned,True
396,GSE225173,P0_processed_parser_pilot,sibling GEO record for GSE225166 methylation supplements; track for duplicate-aware parser pilot,GSM7040643_lane6194_TAGTCTTG_M00018011_15_M_Lung_Macrophages_plate1_pool3_iTag31_L003_R1.barcode_removed_val_1_GRCm38_bismark_bt2_pe.deduplicated.bismark.cov.gz,COV,15512621,https://ftp.ncbi.nlm.nih.gov/geo/samples/GSM7040nnn/GSM7040643/suppl/GSM7040643_lane6194_TAGTCTTG_M00018011_15_M_Lung_Macrophages_plate1_pool3_iTag31_L003_R1.barcode_removed_val_1_GRCm38_bismark_bt2_pe.deduplicated.bismark.cov.gz,https://ftp.ncbi.nlm.nih.gov/geo/series/GSE225nnn/GSE225173/suppl/filelist.txt,/home/zdq-as/mouse_methyl_work/raw_downloads/geo_supplements_v27/GSE225173/GSM7040643_lane6194_TAGTCTTG_M00018011_15_M_Lung_Macrophages_plate1_pool3_iTag31_L003_R1.barcode_removed_val_1_GRCm38_bismark_bt2_pe.deduplicated.bismark.cov.gz,planned,True
397,GSE225173,P0_processed_parser_pilot,sibling GEO record for GSE225166 methylation supplements; track for duplicate-aware parser pilot,GSM7040644_lane6194_TCGAAGTG_M00017619_24_M_Skin_plate1_pool3_iTag33_L003_R1.barcode_removed_val_1_GRCm38_bismark_bt2_pe.deduplicated.bismark.cov.gz,COV,26918229,https://ftp.ncbi.nlm.nih.gov/geo/samples/GSM7040nnn/GSM7040644/suppl/GSM7040644_lane6194_TCGAAGTG_M00017619_24_M_Skin_plate1_pool3_iTag33_L003_R1.barcode_removed_val_1_GRCm38_bismark_bt2_pe.deduplicated.bismark.cov.gz,https://ftp.ncbi.nlm.nih.gov/geo/series/GSE225nnn/GSE225173/suppl/filelist.txt,/home/zdq-as/mouse_methyl_work/raw_downloads/geo_supplements_v27/GSE225173/GSM7040644_lane6194_TCGAAGTG_M00017619_24_M_Skin_plate1_pool3_iTag33_L003_R1.barcode_removed_val_1_GRCm38_bismark_bt2_pe.deduplicated.bismark.cov.gz,planned,True
398,GSE225173,P0_processed_parser_pilot,sibling GEO record for GSE225166 methylation supplements; track for duplicate-aware parser pilot,GSM7040645_lane6194_TGCGATCT_M00018011_15_M_Skin_plate1_pool3_iTag25_L003_R1.barcode_removed_val_1_GRCm38_bismark_bt2_pe.deduplicated.bismark.cov.gz,COV,17179431,https://ftp.ncbi.nlm.nih.gov/geo/samples/GSM7040nnn/GSM7040645/suppl/GSM7040645_lane6194_TGCGATCT_M00018011_15_M_Skin_plate1_pool3_iTag25_L003_R1.barcode_removed_val_1_GRCm38_bismark_bt2_pe.deduplicated.bismark.cov.gz,https://ftp.ncbi.nlm.nih.gov/geo/series/GSE225nnn/GSE225173/suppl/filelist.txt,/home/zdq-as/mouse_methyl_work/raw_downloads/geo_supplements_v27/GSE225173/GSM7040645_lane6194_TGCGATCT_M00018011_15_M_Skin_plate1_pool3_iTag25_L003_R1.barcode_removed_val_1_GRCm38_bismark_bt2_pe.deduplicated.bismark.cov.gz,planned,True
399,GSE225173,P0_processed_parser_pilot,sibling GEO record for GSE225166 methylation supplements; track for duplicate-aware parser pilot,GSM7040646_lane6194_TGTACCTT_M00018359_9_M_Skin_plate1_pool3_iTag17_L003_R1.barcode_removed_val_1_GRCm38_bismark_bt2_pe.deduplicated.bismark.cov.gz,COV,18427947,https://ftp.ncbi.nlm.nih.gov/geo/samples/GSM7040nnn/GSM7040646/suppl/GSM7040646_lane6194_TGTACCTT_M00018359_9_M_Skin_plate1_pool3_iTag17_L003_R1.barcode_removed_val_1_GRCm38_bismark_bt2_pe.deduplicated.bismark.cov.gz,https://ftp.ncbi.nlm.nih.gov/geo/series/GSE225nnn/GSE225173/suppl/filelist.txt,/home/zdq-as/mouse_methyl_work/raw_downloads/geo_supplements_v27/GSE225173/GSM7040646_lane6194_TGTACCTT_M00018359_9_M_Skin_plate1_pool3_iTag17_L003_R1.barcode_removed_val_1_GRCm38_bismark_bt2_pe.deduplicated.bismark.cov.gz,planned,True
400,GSE225173,P0_processed_parser_pilot,sibling GEO record for GSE225166 methylation supplements; track for duplicate-aware parser pilot,GSM7040647_lane6195_GAGCCAAT_M00018752_6_M_Lung_Macrophages_plate1_pool4_iTag82_L004_R1.barcode_removed_val_1_GRCm38_bismark_bt2_pe.deduplicated.bismark.cov.gz,COV,18085117,https://ftp.ncbi.nlm.nih.gov/geo/samples/GSM7040nnn/GSM7040647/suppl/GSM7040647_lane6195_GAGCCAAT_M00018752_6_M_Lung_Macrophages_plate1_pool4_iTag82_L004_R1.barcode_removed_val_1_GRCm38_bismark_bt2_pe.deduplicated.bismark.cov.gz,https://ftp.ncbi.nlm.nih.gov/geo/series/GSE225nnn/GSE225173/suppl/filelist.txt,/home/zdq-as/mouse_methyl_work/raw_downloads/geo_supplements_v27/GSE225173/GSM7040647_lane6195_GAGCCAAT_M00018752_6_M_Lung_Macrophages_plate1_pool4_iTag82_L004_R1.barcode_removed_val_1_GRCm38_bismark_bt2_pe.deduplicated.bismark.cov.gz,planned,True
401,GSE225173,P0_processed_parser_pilot,sibling GEO record for GSE225166 methylation supplements; track for duplicate-aware parser pilot,GSM7040648_lane6195_GAGGTGCT_M00017620_24_M_B_cells_plate1_pool4_iTag77_L004_R1.barcode_removed_val_1_GRCm38_bismark_bt2_pe.deduplicated.bismark.cov.gz,COV,24103099,https://ftp.ncbi.nlm.nih.gov/geo/samples/GSM7040nnn/GSM7040648/suppl/GSM7040648_lane6195_GAGGTGCT_M00017620_24_M_B_cells_plate1_pool4_iTag77_L004_R1.barcode_removed_val_1_GRCm38_bismark_bt2_pe.deduplicated.bismark.cov.gz,https://ftp.ncbi.nlm.nih.gov/geo/series/GSE225nnn/GSE225173/suppl/filelist.txt,/home/zdq-as/mouse_methyl_work/raw_downloads/geo_supplements_v27/GSE225173/GSM7040648_lane6195_GAGGTGCT_M00017620_24_M_B_cells_plate1_pool4_iTag77_L004_R1.barcode_removed_val_1_GRCm38_bismark_bt2_pe.deduplicated.bismark.cov.gz,planned,True
402,GSE225173,P0_processed_parser_pilot,sibling GEO record for GSE225166 methylation supplements; track for duplicate-aware parser pilot,GSM7040649_lane6195_GCACTGTC_M00017620_24_M_Intestinal_Stem_Cells_plate1_pool4_iTag93_L004_R1.barcode_removed_val_1_GRCm38_bismark_bt2_pe.deduplicated.bismark.cov.gz,COV,17732718,https://ftp.ncbi.nlm.nih.gov/geo/samples/GSM7040nnn/GSM7040649/suppl/GSM7040649_lane6195_GCACTGTC_M00017620_24_M_Intestinal_Stem_Cells_plate1_pool4_iTag93_L004_R1.barcode_removed_val_1_GRCm38_bismark_bt2_pe.deduplicated.bismark.cov.gz,https://ftp.ncbi.nlm.nih.gov/geo/series/GSE225nnn/GSE225173/suppl/filelist.txt,/home/zdq-as/mouse_methyl_work/raw_downloads/geo_supplements_v27/GSE225173/GSM7040649_lane6195_GCACTGTC_M00017620_24_M_Intestinal_Stem_Cells_plate1_pool4_iTag93_L004_R1.barcode_removed_val_1_GRCm38_bismark_bt2_pe.deduplicated.bismark.cov.gz,planned,True
403,GSE225173,P0_processed_parser_pilot,sibling GEO record for GSE225166 methylation supplements; track for duplicate-aware parser pilot,GSM7040650_lane6195_GCCTGTTC_M00017996_15_M_Intestinal_Stem_Cells_plate1_pool4_iTag92_L004_R1.barcode_removed_val_1_GRCm38_bismark_bt2_pe.deduplicated.bismark.cov.gz,COV,19089669,https://ftp.ncbi.nlm.nih.gov/geo/samples/GSM7040nnn/GSM7040650/suppl/GSM7040650_lane6195_GCCTGTTC_M00017996_15_M_Intestinal_Stem_Cells_plate1_pool4_iTag92_L004_R1.barcode_removed_val_1_GRCm38_bismark_bt2_pe.deduplicated.bismark.cov.gz,https://ftp.ncbi.nlm.nih.gov/geo/series/GSE225nnn/GSE225173/suppl/filelist.txt,/home/zdq-as/mouse_methyl_work/raw_downloads/geo_supplements_v27/GSE225173/GSM7040650_lane6195_GCCTGTTC_M00017996_15_M_Intestinal_Stem_Cells_plate1_pool4_iTag92_L004_R1.barcode_removed_val_1_GRCm38_bismark_bt2_pe.deduplicated.bismark.cov.gz,planned,True
404,GSE225173,P0_processed_parser_pilot,sibling GEO record for GSE225166 methylation supplements; track for duplicate-aware parser pilot,GSM7040651_lane6195_GGTCGTGT_M00017619_24_M_Testes_plate1_pool4_iTag74_L004_R1.barcode_removed_val_1_GRCm38_bismark_bt2_pe.deduplicated.bismark.cov.gz,COV,20535848,https://ftp.ncbi.nlm.nih.gov/geo/samples/GSM7040nnn/GSM7040651/suppl/GSM7040651_lane6195_GGTCGTGT_M00017619_24_M_Testes_plate1_pool4_iTag74_L004_R1.barcode_removed_val_1_GRCm38_bismark_bt2_pe.deduplicated.bismark.cov.gz,https://ftp.ncbi.nlm.nih.gov/geo/series/GSE225nnn/GSE225173/suppl/filelist.txt,/home/zdq-as/mouse_methyl_work/raw_downloads/geo_supplements_v27/GSE225173/GSM7040651_lane6195_GGTCGTGT_M00017619_24_M_Testes_plate1_pool4_iTag74_L004_R1.barcode_removed_val_1_GRCm38_bismark_bt2_pe.deduplicated.bismark.cov.gz,planned,True
405,GSE225173,P0_processed_parser_pilot,sibling GEO record for GSE225166 methylation supplements; track for duplicate-aware parser pilot,GSM7040652_lane6195_GGTGAGTT_M00017912_15_M_B_cells_plate1_pool4_iTag69_L004_R1.barcode_removed_val_1_GRCm38_bismark_bt2_pe.deduplicated.bismark.cov.gz,COV,18468763,https://ftp.ncbi.nlm.nih.gov/geo/samples/GSM7040nnn/GSM7040652/suppl/GSM7040652_lane6195_GGTGAGTT_M00017912_15_M_B_cells_plate1_pool4_iTag69_L004_R1.barcode_removed_val_1_GRCm38_bismark_bt2_pe.deduplicated.bismark.cov.gz,https://ftp.ncbi.nlm.nih.gov/geo/series/GSE225nnn/GSE225173/suppl/filelist.txt,/home/zdq-as/mouse_methyl_work/raw_downloads/geo_supplements_v27/GSE225173/GSM7040652_lane6195_GGTGAGTT_M00017912_15_M_B_cells_plate1_pool4_iTag69_L004_R1.barcode_removed_val_1_GRCm38_bismark_bt2_pe.deduplicated.bismark.cov.gz,planned,True
406,GSE225173,P0_processed_parser_pilot,sibling GEO record for GSE225166 methylation supplements; track for duplicate-aware parser pilot,GSM7040653_lane6195_TACCGAGC_M00018752_6_M_B_cells_plate1_pool4_iTag53_L004_R1.barcode_removed_val_1_GRCm38_bismark_bt2_pe.deduplicated.bismark.cov.gz,COV,16532838,https://ftp.ncbi.nlm.nih.gov/geo/samples/GSM7040nnn/GSM7040653/suppl/GSM7040653_lane6195_TACCGAGC_M00018752_6_M_B_cells_plate1_pool4_iTag53_L004_R1.barcode_removed_val_1_GRCm38_bismark_bt2_pe.deduplicated.bismark.cov.gz,https://ftp.ncbi.nlm.nih.gov/geo/series/GSE225nnn/GSE225173/suppl/filelist.txt,/home/zdq-as/mouse_methyl_work/raw_downloads/geo_supplements_v27/GSE225173/GSM7040653_lane6195_TACCGAGC_M00018752_6_M_B_cells_plate1_pool4_iTag53_L004_R1.barcode_removed_val_1_GRCm38_bismark_bt2_pe.deduplicated.bismark.cov.gz,planned,True
407,GSE225173,P0_processed_parser_pilot,sibling GEO record for GSE225166 methylation supplements; track for duplicate-aware parser pilot,GSM7040654_lane6195_TCATTGAG_M05-20526_3_M_Skin_plate1_pool4_iTag43_L004_R1.barcode_removed_val_1_GRCm38_bismark_bt2_pe.deduplicated.bismark.cov.gz,COV,16835201,https://ftp.ncbi.nlm.nih.gov/geo/samples/GSM7040nnn/GSM7040654/suppl/GSM7040654_lane6195_TCATTGAG_M05-20526_3_M_Skin_plate1_pool4_iTag43_L004_R1.barcode_removed_val_1_GRCm38_bismark_bt2_pe.deduplicated.bismark.cov.gz,https://ftp.ncbi.nlm.nih.gov/geo/series/GSE225nnn/GSE225173/suppl/filelist.txt,/home/zdq-as/mouse_methyl_work/raw_downloads/geo_supplements_v27/GSE225173/GSM7040654_lane6195_TCATTGAG_M05-20526_3_M_Skin_plate1_pool4_iTag43_L004_R1.barcode_removed_val_1_GRCm38_bismark_bt2_pe.deduplicated.bismark.cov.gz,planned,True
408,GSE225173,P0_processed_parser_pilot,sibling GEO record for GSE225166 methylation supplements; track for duplicate-aware parser pilot,GSM7040655_lane6195_TCTGCTGT_M00018359_9_M_B_cells_plate1_pool4_iTag19_L004_R1.barcode_removed_val_1_GRCm38_bismark_bt2_pe.deduplicated.bismark.cov.gz,COV,17290510,https://ftp.ncbi.nlm.nih.gov/geo/samples/GSM7040nnn/GSM7040655/suppl/GSM7040655_lane6195_TCTGCTGT_M00018359_9_M_B_cells_plate1_pool4_iTag19_L004_R1.barcode_removed_val_1_GRCm38_bismark_bt2_pe.deduplicated.bismark.cov.gz,https://ftp.ncbi.nlm.nih.gov/geo/series/GSE225nnn/GSE225173/suppl/filelist.txt,/home/zdq-as/mouse_methyl_work/raw_downloads/geo_supplements_v27/GSE225173/GSM7040655_lane6195_TCTGCTGT_M00018359_9_M_B_cells_plate1_pool4_iTag19_L004_R1.barcode_removed_val_1_GRCm38_bismark_bt2_pe.deduplicated.bismark.cov.gz,planned,True
409,GSE225173,P0_processed_parser_pilot,sibling GEO record for GSE225166 methylation supplements; track for duplicate-aware parser pilot,GSM7040656_lane6195_TGCATAGT_M00018359_9_M_Lung_Macrophages_plate1_pool4_iTag23_L004_R1.barcode_removed_val_1_GRCm38_bismark_bt2_pe.deduplicated.bismark.cov.gz,COV,15087608,https://ftp.ncbi.nlm.nih.gov/geo/samples/GSM7040nnn/GSM7040656/suppl/GSM7040656_lane6195_TGCATAGT_M00018359_9_M_Lung_Macrophages_plate1_pool4_iTag23_L004_R1.barcode_removed_val_1_GRCm38_bismark_bt2_pe.deduplicated.bismark.cov.gz,https://ftp.ncbi.nlm.nih.gov/geo/series/GSE225nnn/GSE225173/suppl/filelist.txt,/home/zdq-as/mouse_methyl_work/raw_downloads/geo_supplements_v27/GSE225173/GSM7040656_lane6195_TGCATAGT_M00018359_9_M_Lung_Macrophages_plate1_pool4_iTag23_L004_R1.barcode_removed_val_1_GRCm38_bismark_bt2_pe.deduplicated.bismark.cov.gz,planned,True
410,GSE225173,P0_processed_parser_pilot,sibling GEO record for GSE225166 methylation supplements; track for duplicate-aware parser pilot,GSM7040657_lane6195_TGTCTATC_M00018740_6_M_Kidney_plate1_pool4_iTag49_L004_R1.barcode_removed_val_1_GRCm38_bismark_bt2_pe.deduplicated.bismark.cov.gz,COV,21780934,https://ftp.ncbi.nlm.nih.gov/geo/samples/GSM7040nnn/GSM7040657/suppl/GSM7040657_lane6195_TGTCTATC_M00018740_6_M_Kidney_plate1_pool4_iTag49_L004_R1.barcode_removed_val_1_GRCm38_bismark_bt2_pe.deduplicated.bismark.cov.gz,https://ftp.ncbi.nlm.nih.gov/geo/series/GSE225nnn/GSE225173/suppl/filelist.txt,/home/zdq-as/mouse_methyl_work/raw_downloads/geo_supplements_v27/GSE225173/GSM7040657_lane6195_TGTCTATC_M00018740_6_M_Kidney_plate1_pool4_iTag49_L004_R1.barcode_removed_val_1_GRCm38_bismark_bt2_pe.deduplicated.bismark.cov.gz,planned,True
411,GSE225173,P0_processed_parser_pilot,sibling GEO record for GSE225166 methylation supplements; track for duplicate-aware parser pilot,GSM7040658_lane6195_TTACTCGC_M00018752_6_M_Skin_plate1_pool4_iTag51_L004_R1.barcode_removed_val_1_GRCm38_bismark_bt2_pe.deduplicated.bismark.cov.gz,COV,17389738,https://ftp.ncbi.nlm.nih.gov/geo/samples/GSM7040nnn/GSM7040658/suppl/GSM7040658_lane6195_TTACTCGC_M00018752_6_M_Skin_plate1_pool4_iTag51_L004_R1.barcode_removed_val_1_GRCm38_bismark_bt2_pe.deduplicated.bismark.cov.gz,https://ftp.ncbi.nlm.nih.gov/geo/series/GSE225nnn/GSE225173/suppl/filelist.txt,/home/zdq-as/mouse_methyl_work/raw_downloads/geo_supplements_v27/GSE225173/GSM7040658_lane6195_TTACTCGC_M00018752_6_M_Skin_plate1_pool4_iTag51_L004_R1.barcode_removed_val_1_GRCm38_bismark_bt2_pe.deduplicated.bismark.cov.gz,planned,True
412,GSE225173,P0_processed_parser_pilot,sibling GEO record for GSE225166 methylation supplements; track for duplicate-aware parser pilot,GSM7040659_lane6196_CTTGTACT_M00018740_6_M_CD4_T_Cells_plate1_pool5_iTag12_L005_R1.barcode_removed_val_1_GRCm38_bismark_bt2_pe.deduplicated.bismark.cov.gz,COV,17975924,https://ftp.ncbi.nlm.nih.gov/geo/samples/GSM7040nnn/GSM7040659/suppl/GSM7040659_lane6196_CTTGTACT_M00018740_6_M_CD4_T_Cells_plate1_pool5_iTag12_L005_R1.barcode_removed_val_1_GRCm38_bismark_bt2_pe.deduplicated.bismark.cov.gz,https://ftp.ncbi.nlm.nih.gov/geo/series/GSE225nnn/GSE225173/suppl/filelist.txt,/home/zdq-as/mouse_methyl_work/raw_downloads/geo_supplements_v27/GSE225173/GSM7040659_lane6196_CTTGTACT_M00018740_6_M_CD4_T_Cells_plate1_pool5_iTag12_L005_R1.barcode_removed_val_1_GRCm38_bismark_bt2_pe.deduplicated.bismark.cov.gz,planned,True
413,GSE225173,P0_processed_parser_pilot,sibling GEO record for GSE225166 methylation supplements; track for duplicate-aware parser pilot,GSM7040660_lane6196_GCCAATGT_M04-20526_3_M_Cerebellum_plate1_pool5_iTag6_L005_R1.barcode_removed_val_1_GRCm38_bismark_bt2_pe.deduplicated.bismark.cov.gz,COV,18548875,https://ftp.ncbi.nlm.nih.gov/geo/samples/GSM7040nnn/GSM7040660/suppl/GSM7040660_lane6196_GCCAATGT_M04-20526_3_M_Cerebellum_plate1_pool5_iTag6_L005_R1.barcode_removed_val_1_GRCm38_bismark_bt2_pe.deduplicated.bismark.cov.gz,https://ftp.ncbi.nlm.nih.gov/geo/series/GSE225nnn/GSE225173/suppl/filelist.txt,/home/zdq-as/mouse_methyl_work/raw_downloads/geo_supplements_v27/GSE225173/GSM7040660_lane6196_GCCAATGT_M04-20526_3_M_Cerebellum_plate1_pool5_iTag6_L005_R1.barcode_removed_val_1_GRCm38_bismark_bt2_pe.deduplicated.bismark.cov.gz,planned,True
414,GSE225173,P0_processed_parser_pilot,sibling GEO record for GSE225166 methylation supplements; track for duplicate-aware parser pilot,GSM7040661_lane6196_GCTCCTTG_M00018360_9_M_Lung_Macrophages_plate1_pool5_iTag83_L005_R1.barcode_removed_val_1_GRCm38_bismark_bt2_pe.deduplicated.bismark.cov.gz,COV,19853522,https://ftp.ncbi.nlm.nih.gov/geo/samples/GSM7040nnn/GSM7040661/suppl/GSM7040661_lane6196_GCTCCTTG_M00018360_9_M_Lung_Macrophages_plate1_pool5_iTag83_L005_R1.barcode_removed_val_1_GRCm38_bismark_bt2_pe.deduplicated.bismark.cov.gz,https://ftp.ncbi.nlm.nih.gov/geo/series/GSE225nnn/GSE225173/suppl/filelist.txt,/home/zdq-as/mouse_methyl_work/raw_downloads/geo_supplements_v27/GSE225173/GSM7040661_lane6196_GCTCCTTG_M00018360_9_M_Lung_Macrophages_plate1_pool5_iTag83_L005_R1.barcode_removed_val_1_GRCm38_bismark_bt2_pe.deduplicated.bismark.cov.gz,planned,True
415,GSE225173,P0_processed_parser_pilot,sibling GEO record for GSE225166 methylation supplements; track for duplicate-aware parser pilot,GSM7040662_lane6196_TAACGCTG_M00017619_24_M_Hind_Muscle_plate1_pool5_iTag34_L005_R1.barcode_removed_val_1_GRCm38_bismark_bt2_pe.deduplicated.bismark.cov.gz,COV,20768065,https://ftp.ncbi.nlm.nih.gov/geo/samples/GSM7040nnn/GSM7040662/suppl/GSM7040662_lane6196_TAACGCTG_M00017619_24_M_Hind_Muscle_plate1_pool5_iTag34_L005_R1.barcode_removed_val_1_GRCm38_bismark_bt2_pe.deduplicated.bismark.cov.gz,https://ftp.ncbi.nlm.nih.gov/geo/series/GSE225nnn/GSE225173/suppl/filelist.txt,/home/zdq-as/mouse_methyl_work/raw_downloads/geo_supplements_v27/GSE225173/GSM7040662_lane6196_TAACGCTG_M00017619_24_M_Hind_Muscle_plate1_pool5_iTag34_L005_R1.barcode_removed_val_1_GRCm38_bismark_bt2_pe.deduplicated.bismark.cov.gz,planned,True
416,GSE225173,P0_processed_parser_pilot,sibling GEO record for GSE225166 methylation supplements; track for duplicate-aware parser pilot,GSM7040663_lane6196_TAGCTTGT_M00018740_6_M_Hind_Muscle_plate1_pool5_iTag10_L005_R1.barcode_removed_val_1_GRCm38_bismark_bt2_pe.deduplicated.bismark.cov.gz,COV,16368763,https://ftp.ncbi.nlm.nih.gov/geo/samples/GSM7040nnn/GSM7040663/suppl/GSM7040663_lane6196_TAGCTTGT_M00018740_6_M_Hind_Muscle_plate1_pool5_iTag10_L005_R1.barcode_removed_val_1_GRCm38_bismark_bt2_pe.deduplicated.bismark.cov.gz,https://ftp.ncbi.nlm.nih.gov/geo/series/GSE225nnn/GSE225173/suppl/filelist.txt,/home/zdq-as/mouse_methyl_work/raw_downloads/geo_supplements_v27/GSE225173/GSM7040663_lane6196_TAGCTTGT_M00018740_6_M_Hind_Muscle_plate1_pool5_iTag10_L005_R1.barcode_removed_val_1_GRCm38_bismark_bt2_pe.deduplicated.bismark.cov.gz,planned,True
417,GSE225173,P0_processed_parser_pilot,sibling GEO record for GSE225166 methylation supplements; track for duplicate-aware parser pilot,GSM7040664_lane6196_TATGTGGC_M00018740_6_M_Testes_plate1_pool5_iTag50_L005_R1.barcode_removed_val_1_GRCm38_bismark_bt2_pe.deduplicated.bismark.cov.gz,COV,16585865,https://ftp.ncbi.nlm.nih.gov/geo/samples/GSM7040nnn/GSM7040664/suppl/GSM7040664_lane6196_TATGTGGC_M00018740_6_M_Testes_plate1_pool5_iTag50_L005_R1.barcode_removed_val_1_GRCm38_bismark_bt2_pe.deduplicated.bismark.cov.gz,https://ftp.ncbi.nlm.nih.gov/geo/series/GSE225nnn/GSE225173/suppl/filelist.txt,/home/zdq-as/mouse_methyl_work/raw_downloads/geo_supplements_v27/GSE225173/GSM7040664_lane6196_TATGTGGC_M00018740_6_M_Testes_plate1_pool5_iTag50_L005_R1.barcode_removed_val_1_GRCm38_bismark_bt2_pe.deduplicated.bismark.cov.gz,planned,True
418,GSE225173,P0_processed_parser_pilot,sibling GEO record for GSE225166 methylation supplements; track for duplicate-aware parser pilot,GSM7040665_lane6196_TCCAGTCG_M04-20526_3_M_Kidney_plate1_pool5_iTag41_L005_R1.barcode_removed_val_1_GRCm38_bismark_bt2_pe.deduplicated.bismark.cov.gz,COV,16946763,https://ftp.ncbi.nlm.nih.gov/geo/samples/GSM7040nnn/GSM7040665/suppl/GSM7040665_lane6196_TCCAGTCG_M04-20526_3_M_Kidney_plate1_pool5_iTag41_L005_R1.barcode_removed_val_1_GRCm38_bismark_bt2_pe.deduplicated.bismark.cov.gz,https://ftp.ncbi.nlm.nih.gov/geo/series/GSE225nnn/GSE225173/suppl/filelist.txt,/home/zdq-as/mouse_methyl_work/raw_downloads/geo_supplements_v27/GSE225173/GSM7040665_lane6196_TCCAGTCG_M04-20526_3_M_Kidney_plate1_pool5_iTag41_L005_R1.barcode_removed_val_1_GRCm38_bismark_bt2_pe.deduplicated.bismark.cov.gz,planned,True
419,GSE225173,P0_processed_parser_pilot,sibling GEO record for GSE225166 methylation supplements; track for duplicate-aware parser pilot,GSM7040666_lane6196_TCTCGGTT_M00018740_6_M_Cerebellum_plate1_pool5_iTag14_L005_R1.barcode_removed_val_1_GRCm38_bismark_bt2_pe.deduplicated.bismark.cov.gz,COV,16269074,https://ftp.ncbi.nlm.nih.gov/geo/samples/GSM7040nnn/GSM7040666/suppl/GSM7040666_lane6196_TCTCGGTT_M00018740_6_M_Cerebellum_plate1_pool5_iTag14_L005_R1.barcode_removed_val_1_GRCm38_bismark_bt2_pe.deduplicated.bismark.cov.gz,https://ftp.ncbi.nlm.nih.gov/geo/series/GSE225nnn/GSE225173/suppl/filelist.txt,/home/zdq-as/mouse_methyl_work/raw_downloads/geo_supplements_v27/GSE225173/GSM7040666_lane6196_TCTCGGTT_M00018740_6_M_Cerebellum_plate1_pool5_iTag14_L005_R1.barcode_removed_val_1_GRCm38_bismark_bt2_pe.deduplicated.bismark.cov.gz,planned,True
420,GSE225173,P0_processed_parser_pilot,sibling GEO record for GSE225166 methylation supplements; track for duplicate-aware parser pilot,GSM7040667_lane6196_TGTGGTTG_M00018011_15_M_Cerebellum_plate1_pool5_iTag30_L005_R1.barcode_removed_val_1_GRCm38_bismark_bt2_pe.deduplicated.bismark.cov.gz,COV,18925186,https://ftp.ncbi.nlm.nih.gov/geo/samples/GSM7040nnn/GSM7040667/suppl/GSM7040667_lane6196_TGTGGTTG_M00018011_15_M_Cerebellum_plate1_pool5_iTag30_L005_R1.barcode_removed_val_1_GRCm38_bismark_bt2_pe.deduplicated.bismark.cov.gz,https://ftp.ncbi.nlm.nih.gov/geo/series/GSE225nnn/GSE225173/suppl/filelist.txt,/home/zdq-as/mouse_methyl_work/raw_downloads/geo_supplements_v27/GSE225173/GSM7040667_lane6196_TGTGGTTG_M00018011_15_M_Cerebellum_plate1_pool5_iTag30_L005_R1.barcode_removed_val_1_GRCm38_bismark_bt2_pe.deduplicated.bismark.cov.gz,planned,True
421,GSE225173,P0_processed_parser_pilot,sibling GEO record for GSE225166 methylation supplements; track for duplicate-aware parser pilot,GSM7040668_lane6196_TTAGGCAT_M04-20526_3_M_B_cells_plate1_pool5_iTag3_L005_R1.barcode_removed_val_1_GRCm38_bismark_bt2_pe.deduplicated.bismark.cov.gz,COV,16962006,https://ftp.ncbi.nlm.nih.gov/geo/samples/GSM7040nnn/GSM7040668/suppl/GSM7040668_lane6196_TTAGGCAT_M04-20526_3_M_B_cells_plate1_pool5_iTag3_L005_R1.barcode_removed_val_1_GRCm38_bismark_bt2_pe.deduplicated.bismark.cov.gz,https://ftp.ncbi.nlm.nih.gov/geo/series/GSE225nnn/GSE225173/suppl/filelist.txt,/home/zdq-as/mouse_methyl_work/raw_downloads/geo_supplements_v27/GSE225173/GSM7040668_lane6196_TTAGGCAT_M04-20526_3_M_B_cells_plate1_pool5_iTag3_L005_R1.barcode_removed_val_1_GRCm38_bismark_bt2_pe.deduplicated.bismark.cov.gz,planned,True
422,GSE225173,P0_processed_parser_pilot,sibling GEO record for GSE225166 methylation supplements; track for duplicate-aware parser pilot,GSM7040669_lane6196_TTCGCACC_M00018752_6_M_CD8_T_Cells_plate1_pool5_iTag55_L005_R1.barcode_removed_val_1_GRCm38_bismark_bt2_pe.deduplicated.bismark.cov.gz,COV,14492444,https://ftp.ncbi.nlm.nih.gov/geo/samples/GSM7040nnn/GSM7040669/suppl/GSM7040669_lane6196_TTCGCACC_M00018752_6_M_CD8_T_Cells_plate1_pool5_iTag55_L005_R1.barcode_removed_val_1_GRCm38_bismark_bt2_pe.deduplicated.bismark.cov.gz,https://ftp.ncbi.nlm.nih.gov/geo/series/GSE225nnn/GSE225173/suppl/filelist.txt,/home/zdq-as/mouse_methyl_work/raw_downloads/geo_supplements_v27/GSE225173/GSM7040669_lane6196_TTCGCACC_M00018752_6_M_CD8_T_Cells_plate1_pool5_iTag55_L005_R1.barcode_removed_val_1_GRCm38_bismark_bt2_pe.deduplicated.bismark.cov.gz,planned,True
423,GSE225173,P0_processed_parser_pilot,sibling GEO record for GSE225166 methylation supplements; track for duplicate-aware parser pilot,GSM7040670_lane6196_TTCTGTGT_M00018359_9_M_Hind_Muscle_plate1_pool5_iTag18_L005_R1.barcode_removed_val_1_GRCm38_bismark_bt2_pe.deduplicated.bismark.cov.gz,COV,17689157,https://ftp.ncbi.nlm.nih.gov/geo/samples/GSM7040nnn/GSM7040670/suppl/GSM7040670_lane6196_TTCTGTGT_M00018359_9_M_Hind_Muscle_plate1_pool5_iTag18_L005_R1.barcode_removed_val_1_GRCm38_bismark_bt2_pe.deduplicated.bismark.cov.gz,https://ftp.ncbi.nlm.nih.gov/geo/series/GSE225nnn/GSE225173/suppl/filelist.txt,/home/zdq-as/mouse_methyl_work/raw_downloads/geo_supplements_v27/GSE225173/GSM7040670_lane6196_TTCTGTGT_M00018359_9_M_Hind_Muscle_plate1_pool5_iTag18_L005_R1.barcode_removed_val_1_GRCm38_bismark_bt2_pe.deduplicated.bismark.cov.gz,planned,True
424,GSE225173,P0_processed_parser_pilot,sibling GEO record for GSE225166 methylation supplements; track for duplicate-aware parser pilot,GSM7040671_lane6197_GAATCTGT_M00017620_24_M_Skin_plate1_pool6_iTag75_L006_R1.barcode_removed_val_1_GRCm38_bismark_bt2_pe.deduplicated.bismark.cov.gz,COV,15464181,https://ftp.ncbi.nlm.nih.gov/geo/samples/GSM7040nnn/GSM7040671/suppl/GSM7040671_lane6197_GAATCTGT_M00017620_24_M_Skin_plate1_pool6_iTag75_L006_R1.barcode_removed_val_1_GRCm38_bismark_bt2_pe.deduplicated.bismark.cov.gz,https://ftp.ncbi.nlm.nih.gov/geo/series/GSE225nnn/GSE225173/suppl/filelist.txt,/home/zdq-as/mouse_methyl_work/raw_downloads/geo_supplements_v27/GSE225173/GSM7040671_lane6197_GAATCTGT_M00017620_24_M_Skin_plate1_pool6_iTag75_L006_R1.barcode_removed_val_1_GRCm38_bismark_bt2_pe.deduplicated.bismark.cov.gz,planned,True
425,GSE225173,P0_processed_parser_pilot,sibling GEO record for GSE225166 methylation supplements; track for duplicate-aware parser pilot,GSM7040672_lane6197_GACCTTAG_M00018360_9_M_Intestinal_Stem_Cells_plate1_pool6_iTag91_L006_R1.barcode_removed_val_1_GRCm38_bismark_bt2_pe.deduplicated.bismark.cov.gz,COV,16311117,https://ftp.ncbi.nlm.nih.gov/geo/samples/GSM7040nnn/GSM7040672/suppl/GSM7040672_lane6197_GACCTTAG_M00018360_9_M_Intestinal_Stem_Cells_plate1_pool6_iTag91_L006_R1.barcode_removed_val_1_GRCm38_bismark_bt2_pe.deduplicated.bismark.cov.gz,https://ftp.ncbi.nlm.nih.gov/geo/series/GSE225nnn/GSE225173/suppl/filelist.txt,/home/zdq-as/mouse_methyl_work/raw_downloads/geo_supplements_v27/GSE225173/GSM7040672_lane6197_GACCTTAG_M00018360_9_M_Intestinal_Stem_Cells_plate1_pool6_iTag91_L006_R1.barcode_removed_val_1_GRCm38_bismark_bt2_pe.deduplicated.bismark.cov.gz,planned,True
426,GSE225173,P0_processed_parser_pilot,sibling GEO record for GSE225166 methylation supplements; track for duplicate-aware parser pilot,GSM7040673_lane6197_TACTTCGG_M00017619_24_M_CD8_T_Cells_plate1_pool6_iTag37_L006_R1.barcode_removed_val_1_GRCm38_bismark_bt2_pe.deduplicated.bismark.cov.gz,COV,18497561,https://ftp.ncbi.nlm.nih.gov/geo/samples/GSM7040nnn/GSM7040673/suppl/GSM7040673_lane6197_TACTTCGG_M00017619_24_M_CD8_T_Cells_plate1_pool6_iTag37_L006_R1.barcode_removed_val_1_GRCm38_bismark_bt2_pe.deduplicated.bismark.cov.gz,https://ftp.ncbi.nlm.nih.gov/geo/series/GSE225nnn/GSE225173/suppl/filelist.txt,/home/zdq-as/mouse_methyl_work/raw_downloads/geo_supplements_v27/GSE225173/GSM7040673_lane6197_TACTTCGG_M00017619_24_M_CD8_T_Cells_plate1_pool6_iTag37_L006_R1.barcode_removed_val_1_GRCm38_bismark_bt2_pe.deduplicated.bismark.cov.gz,planned,True
427,GSE225173,P0_processed_parser_pilot,sibling GEO record for GSE225166 methylation supplements; track for duplicate-aware parser pilot,GSM7040674_lane6197_TCAGATTC_M05-20526_3_M_CD4_T_Cells_plate1_pool6_iTag46_L006_R1.barcode_removed_val_1_GRCm38_bismark_bt2_pe.deduplicated.bismark.cov.gz,COV,16166420,https://ftp.ncbi.nlm.nih.gov/geo/samples/GSM7040nnn/GSM7040674/suppl/GSM7040674_lane6197_TCAGATTC_M05-20526_3_M_CD4_T_Cells_plate1_pool6_iTag46_L006_R1.barcode_removed_val_1_GRCm38_bismark_bt2_pe.deduplicated.bismark.cov.gz,https://ftp.ncbi.nlm.nih.gov/geo/series/GSE225nnn/GSE225173/suppl/filelist.txt,/home/zdq-as/mouse_methyl_work/raw_downloads/geo_supplements_v27/GSE225173/GSM7040674_lane6197_TCAGATTC_M05-20526_3_M_CD4_T_Cells_plate1_pool6_iTag46_L006_R1.barcode_removed_val_1_GRCm38_bismark_bt2_pe.deduplicated.bismark.cov.gz,planned,True
428,GSE225173,P0_processed_parser_pilot,sibling GEO record for GSE225166 methylation supplements; track for duplicate-aware parser pilot,GSM7040675_lane6197_TCTCACGG_M00017619_24_M_Cerebellum_plate1_pool6_iTag38_L006_R1.barcode_removed_val_1_GRCm38_bismark_bt2_pe.deduplicated.bismark.cov.gz,COV,14096961,https://ftp.ncbi.nlm.nih.gov/geo/samples/GSM7040nnn/GSM7040675/suppl/GSM7040675_lane6197_TCTCACGG_M00017619_24_M_Cerebellum_plate1_pool6_iTag38_L006_R1.barcode_removed_val_1_GRCm38_bismark_bt2_pe.deduplicated.bismark.cov.gz,https://ftp.ncbi.nlm.nih.gov/geo/series/GSE225nnn/GSE225173/suppl/filelist.txt,/home/zdq-as/mouse_methyl_work/raw_downloads/geo_supplements_v27/GSE225173/GSM7040675_lane6197_TCTCACGG_M00017619_24_M_Cerebellum_plate1_pool6_iTag38_L006_R1.barcode_removed_val_1_GRCm38_bismark_bt2_pe.deduplicated.bismark.cov.gz,planned,True
429,GSE225173,P0_processed_parser_pilot,sibling GEO record for GSE225166 methylation supplements; track for duplicate-aware parser pilot,GSM7040676_lane6197_TCTCTTCA_M00018360_9_M_Cerebellum_plate1_pool6_iTag64_L006_R1.barcode_removed_val_1_GRCm38_bismark_bt2_pe.deduplicated.bismark.cov.gz,COV,17270318,https://ftp.ncbi.nlm.nih.gov/geo/samples/GSM7040nnn/GSM7040676/suppl/GSM7040676_lane6197_TCTCTTCA_M00018360_9_M_Cerebellum_plate1_pool6_iTag64_L006_R1.barcode_removed_val_1_GRCm38_bismark_bt2_pe.deduplicated.bismark.cov.gz,https://ftp.ncbi.nlm.nih.gov/geo/series/GSE225nnn/GSE225173/suppl/filelist.txt,/home/zdq-as/mouse_methyl_work/raw_downloads/geo_supplements_v27/GSE225173/GSM7040676_lane6197_TCTCTTCA_M00018360_9_M_Cerebellum_plate1_pool6_iTag64_L006_R1.barcode_removed_val_1_GRCm38_bismark_bt2_pe.deduplicated.bismark.cov.gz,planned,True
430,GSE225173,P0_processed_parser_pilot,sibling GEO record for GSE225166 methylation supplements; track for duplicate-aware parser pilot,GSM7040677_lane6197_TGAACTGG_M00017619_24_M_CD4_T_Cells_plate1_pool6_iTag36_L006_R1.barcode_removed_val_1_GRCm38_bismark_bt2_pe.deduplicated.bismark.cov.gz,COV,14891837,https://ftp.ncbi.nlm.nih.gov/geo/samples/GSM7040nnn/GSM7040677/suppl/GSM7040677_lane6197_TGAACTGG_M00017619_24_M_CD4_T_Cells_plate1_pool6_iTag36_L006_R1.barcode_removed_val_1_GRCm38_bismark_bt2_pe.deduplicated.bismark.cov.gz,https://ftp.ncbi.nlm.nih.gov/geo/series/GSE225nnn/GSE225173/suppl/filelist.txt,/home/zdq-as/mouse_methyl_work/raw_downloads/geo_supplements_v27/GSE225173/GSM7040677_lane6197_TGAACTGG_M00017619_24_M_CD4_T_Cells_plate1_pool6_iTag36_L006_R1.barcode_removed_val_1_GRCm38_bismark_bt2_pe.deduplicated.bismark.cov.gz,planned,True
431,GSE225173,P0_processed_parser_pilot,sibling GEO record for GSE225166 methylation supplements; track for duplicate-aware parser pilot,GSM7040678_lane6197_TGACAGAC_M00018359_9_M_Testes_plate1_pool6_iTag58_L006_R1.barcode_removed_val_1_GRCm38_bismark_bt2_pe.deduplicated.bismark.cov.gz,COV,15708840,https://ftp.ncbi.nlm.nih.gov/geo/samples/GSM7040nnn/GSM7040678/suppl/GSM7040678_lane6197_TGACAGAC_M00018359_9_M_Testes_plate1_pool6_iTag58_L006_R1.barcode_removed_val_1_GRCm38_bismark_bt2_pe.deduplicated.bismark.cov.gz,https://ftp.ncbi.nlm.nih.gov/geo/series/GSE225nnn/GSE225173/suppl/filelist.txt,/home/zdq-as/mouse_methyl_work/raw_downloads/geo_supplements_v27/GSE225173/GSM7040678_lane6197_TGACAGAC_M00018359_9_M_Testes_plate1_pool6_iTag58_L006_R1.barcode_removed_val_1_GRCm38_bismark_bt2_pe.deduplicated.bismark.cov.gz,planned,True
432,GSE225173,P0_processed_parser_pilot,sibling GEO record for GSE225166 methylation supplements; track for duplicate-aware parser pilot,GSM7040679_lane6197_TGTATGCG_M04-20526_3_M_Testes_plate1_pool6_iTag42_L006_R1.barcode_removed_val_1_GRCm38_bismark_bt2_pe.deduplicated.bismark.cov.gz,COV,16626884,https://ftp.ncbi.nlm.nih.gov/geo/samples/GSM7040nnn/GSM7040679/suppl/GSM7040679_lane6197_TGTATGCG_M04-20526_3_M_Testes_plate1_pool6_iTag42_L006_R1.barcode_removed_val_1_GRCm38_bismark_bt2_pe.deduplicated.bismark.cov.gz,https://ftp.ncbi.nlm.nih.gov/geo/series/GSE225nnn/GSE225173/suppl/filelist.txt,/home/zdq-as/mouse_methyl_work/raw_downloads/geo_supplements_v27/GSE225173/GSM7040679_lane6197_TGTATGCG_M04-20526_3_M_Testes_plate1_pool6_iTag42_L006_R1.barcode_removed_val_1_GRCm38_bismark_bt2_pe.deduplicated.bismark.cov.gz,planned,True
433,GSE225173,P0_processed_parser_pilot,sibling GEO record for GSE225166 methylation supplements; track for duplicate-aware parser pilot,GSM7040680_lane6197_TTCCTGCT_M00018011_15_M_Hind_Muscle_plate1_pool6_iTag26_L006_R1.barcode_removed_val_1_GRCm38_bismark_bt2_pe.deduplicated.bismark.cov.gz,COV,16385240,https://ftp.ncbi.nlm.nih.gov/geo/samples/GSM7040nnn/GSM7040680/suppl/GSM7040680_lane6197_TTCCTGCT_M00018011_15_M_Hind_Muscle_plate1_pool6_iTag26_L006_R1.barcode_removed_val_1_GRCm38_bismark_bt2_pe.deduplicated.bismark.cov.gz,https://ftp.ncbi.nlm.nih.gov/geo/series/GSE225nnn/GSE225173/suppl/filelist.txt,/home/zdq-as/mouse_methyl_work/raw_downloads/geo_supplements_v27/GSE225173/GSM7040680_lane6197_TTCCTGCT_M00018011_15_M_Hind_Muscle_plate1_pool6_iTag26_L006_R1.barcode_removed_val_1_GRCm38_bismark_bt2_pe.deduplicated.bismark.cov.gz,planned,True
434,GSE225173,P0_processed_parser_pilot,sibling GEO record for GSE225166 methylation supplements; track for duplicate-aware parser pilot,GSM7040681_lane6197_TTGGAGGT_M00018359_9_M_CD4_T_Cells_plate1_pool6_iTag20_L006_R1.barcode_removed_val_1_GRCm38_bismark_bt2_pe.deduplicated.bismark.cov.gz,COV,12820900,https://ftp.ncbi.nlm.nih.gov/geo/samples/GSM7040nnn/GSM7040681/suppl/GSM7040681_lane6197_TTGGAGGT_M00018359_9_M_CD4_T_Cells_plate1_pool6_iTag20_L006_R1.barcode_removed_val_1_GRCm38_bismark_bt2_pe.deduplicated.bismark.cov.gz,https://ftp.ncbi.nlm.nih.gov/geo/series/GSE225nnn/GSE225173/suppl/filelist.txt,/home/zdq-as/mouse_methyl_work/raw_downloads/geo_supplements_v27/GSE225173/GSM7040681_lane6197_TTGGAGGT_M00018359_9_M_CD4_T_Cells_plate1_pool6_iTag20_L006_R1.barcode_removed_val_1_GRCm38_bismark_bt2_pe.deduplicated.bismark.cov.gz,planned,True
435,GSE225173,P0_processed_parser_pilot,sibling GEO record for GSE225166 methylation supplements; track for duplicate-aware parser pilot,GSM7040682_lane6197_TTGGTATG_M00017619_24_M_B_cells_plate1_pool6_iTag35_L006_R1.barcode_removed_val_1_GRCm38_bismark_bt2_pe.deduplicated.bismark.cov.gz,COV,16265847,https://ftp.ncbi.nlm.nih.gov/geo/samples/GSM7040nnn/GSM7040682/suppl/GSM7040682_lane6197_TTGGTATG_M00017619_24_M_B_cells_plate1_pool6_iTag35_L006_R1.barcode_removed_val_1_GRCm38_bismark_bt2_pe.deduplicated.bismark.cov.gz,https://ftp.ncbi.nlm.nih.gov/geo/series/GSE225nnn/GSE225173/suppl/filelist.txt,/home/zdq-as/mouse_methyl_work/raw_downloads/geo_supplements_v27/GSE225173/GSM7040682_lane6197_TTGGTATG_M00017619_24_M_B_cells_plate1_pool6_iTag35_L006_R1.barcode_removed_val_1_GRCm38_bismark_bt2_pe.deduplicated.bismark.cov.gz,planned,True
436,GSE225173,P0_processed_parser_pilot,sibling GEO record for GSE225166 methylation supplements; track for duplicate-aware parser pilot,GSM7040683_lane6198_GATAGAGG_M00018360_9_M_Kidney_plate1_pool7_iTag88_L007_R1.barcode_removed_val_1_GRCm38_bismark_bt2_pe.deduplicated.bismark.cov.gz,COV,16560437,https://ftp.ncbi.nlm.nih.gov/geo/samples/GSM7040nnn/GSM7040683/suppl/GSM7040683_lane6198_GATAGAGG_M00018360_9_M_Kidney_plate1_pool7_iTag88_L007_R1.barcode_removed_val_1_GRCm38_bismark_bt2_pe.deduplicated.bismark.cov.gz,https://ftp.ncbi.nlm.nih.gov/geo/series/GSE225nnn/GSE225173/suppl/filelist.txt,/home/zdq-as/mouse_methyl_work/raw_downloads/geo_supplements_v27/GSE225173/GSM7040683_lane6198_GATAGAGG_M00018360_9_M_Kidney_plate1_pool7_iTag88_L007_R1.barcode_removed_val_1_GRCm38_bismark_bt2_pe.deduplicated.bismark.cov.gz,planned,True
437,GSE225173,P0_processed_parser_pilot,sibling GEO record for GSE225166 methylation supplements; track for duplicate-aware parser pilot,GSM7040684_lane6198_GATCAGCG_M00018740_6_M_Skin_plate1_pool7_iTag9_L007_R1.barcode_removed_val_1_GRCm38_bismark_bt2_pe.deduplicated.bismark.cov.gz,COV,16616380,https://ftp.ncbi.nlm.nih.gov/geo/samples/GSM7040nnn/GSM7040684/suppl/GSM7040684_lane6198_GATCAGCG_M00018740_6_M_Skin_plate1_pool7_iTag9_L007_R1.barcode_removed_val_1_GRCm38_bismark_bt2_pe.deduplicated.bismark.cov.gz,https://ftp.ncbi.nlm.nih.gov/geo/series/GSE225nnn/GSE225173/suppl/filelist.txt,/home/zdq-as/mouse_methyl_work/raw_downloads/geo_supplements_v27/GSE225173/GSM7040684_lane6198_GATCAGCG_M00018740_6_M_Skin_plate1_pool7_iTag9_L007_R1.barcode_removed_val_1_GRCm38_bismark_bt2_pe.deduplicated.bismark.cov.gz,planned,True
438,GSE225173,P0_processed_parser_pilot,sibling GEO record for GSE225166 methylation supplements; track for duplicate-aware parser pilot,GSM7040685_lane6198_GGATTAGG_M00018752_6_M_Kidney_plate1_pool7_iTag87_L007_R1.barcode_removed_val_1_GRCm38_bismark_bt2_pe.deduplicated.bismark.cov.gz,COV,17053426,https://ftp.ncbi.nlm.nih.gov/geo/samples/GSM7040nnn/GSM7040685/suppl/GSM7040685_lane6198_GGATTAGG_M00018752_6_M_Kidney_plate1_pool7_iTag87_L007_R1.barcode_removed_val_1_GRCm38_bismark_bt2_pe.deduplicated.bismark.cov.gz,https://ftp.ncbi.nlm.nih.gov/geo/series/GSE225nnn/GSE225173/suppl/filelist.txt,/home/zdq-as/mouse_methyl_work/raw_downloads/geo_supplements_v27/GSE225173/GSM7040685_lane6198_GGATTAGG_M00018752_6_M_Kidney_plate1_pool7_iTag87_L007_R1.barcode_removed_val_1_GRCm38_bismark_bt2_pe.deduplicated.bismark.cov.gz,planned,True
439,GSE225173,P0_processed_parser_pilot,sibling GEO record for GSE225166 methylation supplements; track for duplicate-aware parser pilot,GSM7040686_lane6198_GTTGTCGG_M05-20526_3_M_Kidney_plate1_pool7_iTag86_L007_R1.barcode_removed_val_1_GRCm38_bismark_bt2_pe.deduplicated.bismark.cov.gz,COV,17269225,https://ftp.ncbi.nlm.nih.gov/geo/samples/GSM7040nnn/GSM7040686/suppl/GSM7040686_lane6198_GTTGTCGG_M05-20526_3_M_Kidney_plate1_pool7_iTag86_L007_R1.barcode_removed_val_1_GRCm38_bismark_bt2_pe.deduplicated.bismark.cov.gz,https://ftp.ncbi.nlm.nih.gov/geo/series/GSE225nnn/GSE225173/suppl/filelist.txt,/home/zdq-as/mouse_methyl_work/raw_downloads/geo_supplements_v27/GSE225173/GSM7040686_lane6198_GTTGTCGG_M05-20526_3_M_Kidney_plate1_pool7_iTag86_L007_R1.barcode_removed_val_1_GRCm38_bismark_bt2_pe.deduplicated.bismark.cov.gz,planned,True
440,GSE225173,P0_processed_parser_pilot,sibling GEO record for GSE225166 methylation supplements; track for duplicate-aware parser pilot,GSM7040687_lane6198_TAAGTTCG_M00017619_24_M_Intestinal_Stem_Cells_plate1_pool7_iTag40_L007_R1.barcode_removed_val_1_GRCm38_bismark_bt2_pe.deduplicated.bismark.cov.gz,COV,16595745,https://ftp.ncbi.nlm.nih.gov/geo/samples/GSM7040nnn/GSM7040687/suppl/GSM7040687_lane6198_TAAGTTCG_M00017619_24_M_Intestinal_Stem_Cells_plate1_pool7_iTag40_L007_R1.barcode_removed_val_1_GRCm38_bismark_bt2_pe.deduplicated.bismark.cov.gz,https://ftp.ncbi.nlm.nih.gov/geo/series/GSE225nnn/GSE225173/suppl/filelist.txt,/home/zdq-as/mouse_methyl_work/raw_downloads/geo_supplements_v27/GSE225173/GSM7040687_lane6198_TAAGTTCG_M00017619_24_M_Intestinal_Stem_Cells_plate1_pool7_iTag40_L007_R1.barcode_removed_val_1_GRCm38_bismark_bt2_pe.deduplicated.bismark.cov.gz,planned,True
441,GSE225173,P0_processed_parser_pilot,sibling GEO record for GSE225166 methylation supplements; track for duplicate-aware parser pilot,GSM7040688_lane6198_TACTAGTC_M05-20526_3_M_CD8_T_Cells_plate1_pool7_iTag47_L007_R1.barcode_removed_val_1_GRCm38_bismark_bt2_pe.deduplicated.bismark.cov.gz,COV,16658031,https://ftp.ncbi.nlm.nih.gov/geo/samples/GSM7040nnn/GSM7040688/suppl/GSM7040688_lane6198_TACTAGTC_M05-20526_3_M_CD8_T_Cells_plate1_pool7_iTag47_L007_R1.barcode_removed_val_1_GRCm38_bismark_bt2_pe.deduplicated.bismark.cov.gz,https://ftp.ncbi.nlm.nih.gov/geo/series/GSE225nnn/GSE225173/suppl/filelist.txt,/home/zdq-as/mouse_methyl_work/raw_downloads/geo_supplements_v27/GSE225173/GSM7040688_lane6198_TACTAGTC_M05-20526_3_M_CD8_T_Cells_plate1_pool7_iTag47_L007_R1.barcode_removed_val_1_GRCm38_bismark_bt2_pe.deduplicated.bismark.cov.gz,planned,True
442,GSE225173,P0_processed_parser_pilot,sibling GEO record for GSE225166 methylation supplements; track for duplicate-aware parser pilot,GSM7040689_lane6198_TAGTGACT_M00018011_15_M_B_cells_plate1_pool7_iTag27_L007_R1.barcode_removed_val_1_GRCm38_bismark_bt2_pe.deduplicated.bismark.cov.gz,COV,16138532,https://ftp.ncbi.nlm.nih.gov/geo/samples/GSM7040nnn/GSM7040689/suppl/GSM7040689_lane6198_TAGTGACT_M00018011_15_M_B_cells_plate1_pool7_iTag27_L007_R1.barcode_removed_val_1_GRCm38_bismark_bt2_pe.deduplicated.bismark.cov.gz,https://ftp.ncbi.nlm.nih.gov/geo/series/GSE225nnn/GSE225173/suppl/filelist.txt,/home/zdq-as/mouse_methyl_work/raw_downloads/geo_supplements_v27/GSE225173/GSM7040689_lane6198_TAGTGACT_M00018011_15_M_B_cells_plate1_pool7_iTag27_L007_R1.barcode_removed_val_1_GRCm38_bismark_bt2_pe.deduplicated.bismark.cov.gz,planned,True
443,GSE225173,P0_processed_parser_pilot,sibling GEO record for GSE225166 methylation supplements; track for duplicate-aware parser pilot,GSM7040690_lane6198_TCTACGAC_M00018359_9_M_Kidney_plate1_pool7_iTag57_L007_R1.barcode_removed_val_1_GRCm38_bismark_bt2_pe.deduplicated.bismark.cov.gz,COV,16960735,https://ftp.ncbi.nlm.nih.gov/geo/samples/GSM7040nnn/GSM7040690/suppl/GSM7040690_lane6198_TCTACGAC_M00018359_9_M_Kidney_plate1_pool7_iTag57_L007_R1.barcode_removed_val_1_GRCm38_bismark_bt2_pe.deduplicated.bismark.cov.gz,https://ftp.ncbi.nlm.nih.gov/geo/series/GSE225nnn/GSE225173/suppl/filelist.txt,/home/zdq-as/mouse_methyl_work/raw_downloads/geo_supplements_v27/GSE225173/GSM7040690_lane6198_TCTACGAC_M00018359_9_M_Kidney_plate1_pool7_iTag57_L007_R1.barcode_removed_val_1_GRCm38_bismark_bt2_pe.deduplicated.bismark.cov.gz,planned,True
444,GSE225173,P0_processed_parser_pilot,sibling GEO record for GSE225166 methylation supplements; track for duplicate-aware parser pilot,GSM7040691_lane6198_TGTGAAGA_M00018360_9_M_CD8_T_Cells_plate1_pool7_iTag63_L007_R1.barcode_removed_val_1_GRCm38_bismark_bt2_pe.deduplicated.bismark.cov.gz,COV,14687042,https://ftp.ncbi.nlm.nih.gov/geo/samples/GSM7040nnn/GSM7040691/suppl/GSM7040691_lane6198_TGTGAAGA_M00018360_9_M_CD8_T_Cells_plate1_pool7_iTag63_L007_R1.barcode_removed_val_1_GRCm38_bismark_bt2_pe.deduplicated.bismark.cov.gz,https://ftp.ncbi.nlm.nih.gov/geo/series/GSE225nnn/GSE225173/suppl/filelist.txt,/home/zdq-as/mouse_methyl_work/raw_downloads/geo_supplements_v27/GSE225173/GSM7040691_lane6198_TGTGAAGA_M00018360_9_M_CD8_T_Cells_plate1_pool7_iTag63_L007_R1.barcode_removed_val_1_GRCm38_bismark_bt2_pe.deduplicated.bismark.cov.gz,planned,True
445,GSE225173,P0_processed_parser_pilot,sibling GEO record for GSE225166 methylation supplements; track for duplicate-aware parser pilot,GSM7040692_lane6198_TGTTCTCC_M00018752_6_M_CD4_T_Cells_plate1_pool7_iTag54_L007_R1.barcode_removed_val_1_GRCm38_bismark_bt2_pe.deduplicated.bismark.cov.gz,COV,12712439,https://ftp.ncbi.nlm.nih.gov/geo/samples/GSM7040nnn/GSM7040692/suppl/GSM7040692_lane6198_TGTTCTCC_M00018752_6_M_CD4_T_Cells_plate1_pool7_iTag54_L007_R1.barcode_removed_val_1_GRCm38_bismark_bt2_pe.deduplicated.bismark.cov.gz,https://ftp.ncbi.nlm.nih.gov/geo/series/GSE225nnn/GSE225173/suppl/filelist.txt,/home/zdq-as/mouse_methyl_work/raw_downloads/geo_supplements_v27/GSE225173/GSM7040692_lane6198_TGTTCTCC_M00018752_6_M_CD4_T_Cells_plate1_pool7_iTag54_L007_R1.barcode_removed_val_1_GRCm38_bismark_bt2_pe.deduplicated.bismark.cov.gz,planned,True
446,GSE225173,P0_processed_parser_pilot,sibling GEO record for GSE225166 methylation supplements; track for duplicate-aware parser pilot,GSM7040693_lane6198_TTGACTCT_M00018359_9_M_Intestinal_Stem_Cells_plate1_pool7_iTag24_L007_R1.barcode_removed_val_1_GRCm38_bismark_bt2_pe.deduplicated.bismark.cov.gz,COV,14006483,https://ftp.ncbi.nlm.nih.gov/geo/samples/GSM7040nnn/GSM7040693/suppl/GSM7040693_lane6198_TTGACTCT_M00018359_9_M_Intestinal_Stem_Cells_plate1_pool7_iTag24_L007_R1.barcode_removed_val_1_GRCm38_bismark_bt2_pe.deduplicated.bismark.cov.gz,https://ftp.ncbi.nlm.nih.gov/geo/series/GSE225nnn/GSE225173/suppl/filelist.txt,/home/zdq-as/mouse_methyl_work/raw_downloads/geo_supplements_v27/GSE225173/GSM7040693_lane6198_TTGACTCT_M00018359_9_M_Intestinal_Stem_Cells_plate1_pool7_iTag24_L007_R1.barcode_removed_val_1_GRCm38_bismark_bt2_pe.deduplicated.bismark.cov.gz,planned,True
447,GSE225173,P0_processed_parser_pilot,sibling GEO record for GSE225166 methylation supplements; track for duplicate-aware parser pilot,GSM7040694_lane6198_TTGCGTAC_M00018752_6_M_Cerebellum_plate1_pool7_iTag56_L007_R1.barcode_removed_val_1_GRCm38_bismark_bt2_pe.deduplicated.bismark.cov.gz,COV,17518342,https://ftp.ncbi.nlm.nih.gov/geo/samples/GSM7040nnn/GSM7040694/suppl/GSM7040694_lane6198_TTGCGTAC_M00018752_6_M_Cerebellum_plate1_pool7_iTag56_L007_R1.barcode_removed_val_1_GRCm38_bismark_bt2_pe.deduplicated.bismark.cov.gz,https://ftp.ncbi.nlm.nih.gov/geo/series/GSE225nnn/GSE225173/suppl/filelist.txt,/home/zdq-as/mouse_methyl_work/raw_downloads/geo_supplements_v27/GSE225173/GSM7040694_lane6198_TTGCGTAC_M00018752_6_M_Cerebellum_plate1_pool7_iTag56_L007_R1.barcode_removed_val_1_GRCm38_bismark_bt2_pe.deduplicated.bismark.cov.gz,planned,True
448,GSE225173,P0_processed_parser_pilot,sibling GEO record for GSE225166 methylation supplements; track for duplicate-aware parser pilot,GSM7040695_lane6199_ACTTGATG_M01-20525_3_M_Intestinal_Stem_Cells_plate1_pool8_iTag8_L008_R1.barcode_removed_val_1_GRCm38_bismark_bt2_pe.deduplicated.bismark.cov.gz,COV,20085043,https://ftp.ncbi.nlm.nih.gov/geo/samples/GSM7040nnn/GSM7040695/suppl/GSM7040695_lane6199_ACTTGATG_M01-20525_3_M_Intestinal_Stem_Cells_plate1_pool8_iTag8_L008_R1.barcode_removed_val_1_GRCm38_bismark_bt2_pe.deduplicated.bismark.cov.gz,https://ftp.ncbi.nlm.nih.gov/geo/series/GSE225nnn/GSE225173/suppl/filelist.txt,/home/zdq-as/mouse_methyl_work/raw_downloads/geo_supplements_v27/GSE225173/GSM7040695_lane6199_ACTTGATG_M01-20525_3_M_Intestinal_Stem_Cells_plate1_pool8_iTag8_L008_R1.barcode_removed_val_1_GRCm38_bismark_bt2_pe.deduplicated.bismark.cov.gz,planned,True
449,GSE225173,P0_processed_parser_pilot,sibling GEO record for GSE225166 methylation supplements; track for duplicate-aware parser pilot,GSM7040696_lane6199_GGCTACAG_M00018740_6_M_B_cells_plate1_pool8_iTag11_L008_R1.barcode_removed_val_1_GRCm38_bismark_bt2_pe.deduplicated.bismark.cov.gz,COV,16026607,https://ftp.ncbi.nlm.nih.gov/geo/samples/GSM7040nnn/GSM7040696/suppl/GSM7040696_lane6199_GGCTACAG_M00018740_6_M_B_cells_plate1_pool8_iTag11_L008_R1.barcode_removed_val_1_GRCm38_bismark_bt2_pe.deduplicated.bismark.cov.gz,https://ftp.ncbi.nlm.nih.gov/geo/series/GSE225nnn/GSE225173/suppl/filelist.txt,/home/zdq-as/mouse_methyl_work/raw_downloads/geo_supplements_v27/GSE225173/GSM7040696_lane6199_GGCTACAG_M00018740_6_M_B_cells_plate1_pool8_iTag11_L008_R1.barcode_removed_val_1_GRCm38_bismark_bt2_pe.deduplicated.bismark.cov.gz,planned,True
450,GSE225173,P0_processed_parser_pilot,sibling GEO record for GSE225166 methylation supplements; track for duplicate-aware parser pilot,GSM7040697_lane6199_TAGACGGA_M00018360_9_M_CD4_T_Cells_plate1_pool8_iTag62_L008_R1.barcode_removed_val_1_GRCm38_bismark_bt2_pe.deduplicated.bismark.cov.gz,COV,14976665,https://ftp.ncbi.nlm.nih.gov/geo/samples/GSM7040nnn/GSM7040697/suppl/GSM7040697_lane6199_TAGACGGA_M00018360_9_M_CD4_T_Cells_plate1_pool8_iTag62_L008_R1.barcode_removed_val_1_GRCm38_bismark_bt2_pe.deduplicated.bismark.cov.gz,https://ftp.ncbi.nlm.nih.gov/geo/series/GSE225nnn/GSE225173/suppl/filelist.txt,/home/zdq-as/mouse_methyl_work/raw_downloads/geo_supplements_v27/GSE225173/GSM7040697_lane6199_TAGACGGA_M00018360_9_M_CD4_T_Cells_plate1_pool8_iTag62_L008_R1.barcode_removed_val_1_GRCm38_bismark_bt2_pe.deduplicated.bismark.cov.gz,planned,True
451,GSE225173,P0_processed_parser_pilot,sibling GEO record for GSE225166 methylation supplements; track for duplicate-aware parser pilot,GSM7040698_lane6199_TCCGTCTT_M00018740_6_M_Intestinal_Stem_Cells_plate1_pool8_iTag16_L008_R1.barcode_removed_val_1_GRCm38_bismark_bt2_pe.deduplicated.bismark.cov.gz,COV,14797074,https://ftp.ncbi.nlm.nih.gov/geo/samples/GSM7040nnn/GSM7040698/suppl/GSM7040698_lane6199_TCCGTCTT_M00018740_6_M_Intestinal_Stem_Cells_plate1_pool8_iTag16_L008_R1.barcode_removed_val_1_GRCm38_bismark_bt2_pe.deduplicated.bismark.cov.gz,https://ftp.ncbi.nlm.nih.gov/geo/series/GSE225nnn/GSE225173/suppl/filelist.txt,/home/zdq-as/mouse_methyl_work/raw_downloads/geo_supplements_v27/GSE225173/GSM7040698_lane6199_TCCGTCTT_M00018740_6_M_Intestinal_Stem_Cells_plate1_pool8_iTag16_L008_R1.barcode_removed_val_1_GRCm38_bismark_bt2_pe.deduplicated.bismark.cov.gz,planned,True
452,GSE225173,P0_processed_parser_pilot,sibling GEO record for GSE225166 methylation supplements; track for duplicate-aware parser pilot,GSM7040699_lane6199_TCGAGCGT_M00018359_9_M_CD8_T_Cells_plate1_pool8_iTag21_L008_R1.barcode_removed_val_1_GRCm38_bismark_bt2_pe.deduplicated.bismark.cov.gz,COV,13906759,https://ftp.ncbi.nlm.nih.gov/geo/samples/GSM7040nnn/GSM7040699/suppl/GSM7040699_lane6199_TCGAGCGT_M00018359_9_M_CD8_T_Cells_plate1_pool8_iTag21_L008_R1.barcode_removed_val_1_GRCm38_bismark_bt2_pe.deduplicated.bismark.cov.gz,https://ftp.ncbi.nlm.nih.gov/geo/series/GSE225nnn/GSE225173/suppl/filelist.txt,/home/zdq-as/mouse_methyl_work/raw_downloads/geo_supplements_v27/GSE225173/GSM7040699_lane6199_TCGAGCGT_M00018359_9_M_CD8_T_Cells_plate1_pool8_iTag21_L008_R1.barcode_removed_val_1_GRCm38_bismark_bt2_pe.deduplicated.bismark.cov.gz,planned,True
453,GSE225173,P0_processed_parser_pilot,sibling GEO record for GSE225166 methylation supplements; track for duplicate-aware parser pilot,GSM7040700_lane6199_TGAAGCCA_M00018011_15_M_Testes_plate1_pool8_iTag66_L008_R1.barcode_removed_val_1_GRCm38_bismark_bt2_pe.deduplicated.bismark.cov.gz,COV,14847292,https://ftp.ncbi.nlm.nih.gov/geo/samples/GSM7040nnn/GSM7040700/suppl/GSM7040700_lane6199_TGAAGCCA_M00018011_15_M_Testes_plate1_pool8_iTag66_L008_R1.barcode_removed_val_1_GRCm38_bismark_bt2_pe.deduplicated.bismark.cov.gz,https://ftp.ncbi.nlm.nih.gov/geo/series/GSE225nnn/GSE225173/suppl/filelist.txt,/home/zdq-as/mouse_methyl_work/raw_downloads/geo_supplements_v27/GSE225173/GSM7040700_lane6199_TGAAGCCA_M00018011_15_M_Testes_plate1_pool8_iTag66_L008_R1.barcode_removed_val_1_GRCm38_bismark_bt2_pe.deduplicated.bismark.cov.gz,planned,True
454,GSE225173,P0_processed_parser_pilot,sibling GEO record for GSE225166 methylation supplements; track for duplicate-aware parser pilot,GSM7040701_lane6199_TGATACGT_M00018359_9_M_Cerebellum_plate1_pool8_iTag22_L008_R1.barcode_removed_val_1_GRCm38_bismark_bt2_pe.deduplicated.bismark.cov.gz,COV,14240644,https://ftp.ncbi.nlm.nih.gov/geo/samples/GSM7040nnn/GSM7040701/suppl/GSM7040701_lane6199_TGATACGT_M00018359_9_M_Cerebellum_plate1_pool8_iTag22_L008_R1.barcode_removed_val_1_GRCm38_bismark_bt2_pe.deduplicated.bismark.cov.gz,https://ftp.ncbi.nlm.nih.gov/geo/series/GSE225nnn/GSE225173/suppl/filelist.txt,/home/zdq-as/mouse_methyl_work/raw_downloads/geo_supplements_v27/GSE225173/GSM7040701_lane6199_TGATACGT_M00018359_9_M_Cerebellum_plate1_pool8_iTag22_L008_R1.barcode_removed_val_1_GRCm38_bismark_bt2_pe.deduplicated.bismark.cov.gz,planned,True
455,GSE225173,P0_processed_parser_pilot,sibling GEO record for GSE225166 methylation supplements; track for duplicate-aware parser pilot,GSM7040702_lane6199_TGCTGATA_M00018360_9_M_B_cells_plate1_pool8_iTag61_L008_R1.barcode_removed_val_1_GRCm38_bismark_bt2_pe.deduplicated.bismark.cov.gz,COV,16726003,https://ftp.ncbi.nlm.nih.gov/geo/samples/GSM7040nnn/GSM7040702/suppl/GSM7040702_lane6199_TGCTGATA_M00018360_9_M_B_cells_plate1_pool8_iTag61_L008_R1.barcode_removed_val_1_GRCm38_bismark_bt2_pe.deduplicated.bismark.cov.gz,https://ftp.ncbi.nlm.nih.gov/geo/series/GSE225nnn/GSE225173/suppl/filelist.txt,/home/zdq-as/mouse_methyl_work/raw_downloads/geo_supplements_v27/GSE225173/GSM7040702_lane6199_TGCTGATA_M00018360_9_M_B_cells_plate1_pool8_iTag61_L008_R1.barcode_removed_val_1_GRCm38_bismark_bt2_pe.deduplicated.bismark.cov.gz,planned,True
456,GSE225173,P0_processed_parser_pilot,sibling GEO record for GSE225166 methylation supplements; track for duplicate-aware parser pilot,GSM7040703_lane6199_TGGTTGTT_M00018740_6_M_CD8_T_Cells_plate1_pool8_iTag13_L008_R1.barcode_removed_val_1_GRCm38_bismark_bt2_pe.deduplicated.bismark.cov.gz,COV,16519842,https://ftp.ncbi.nlm.nih.gov/geo/samples/GSM7040nnn/GSM7040703/suppl/GSM7040703_lane6199_TGGTTGTT_M00018740_6_M_CD8_T_Cells_plate1_pool8_iTag13_L008_R1.barcode_removed_val_1_GRCm38_bismark_bt2_pe.deduplicated.bismark.cov.gz,https://ftp.ncbi.nlm.nih.gov/geo/series/GSE225nnn/GSE225173/suppl/filelist.txt,/home/zdq-as/mouse_methyl_work/raw_downloads/geo_supplements_v27/GSE225173/GSM7040703_lane6199_TGGTTGTT_M00018740_6_M_CD8_T_Cells_plate1_pool8_iTag13_L008_R1.barcode_removed_val_1_GRCm38_bismark_bt2_pe.deduplicated.bismark.cov.gz,planned,True
457,GSE225173,P0_processed_parser_pilot,sibling GEO record for GSE225166 methylation supplements; track for duplicate-aware parser pilot,GSM7040704_lane6199_TTCAGCTC_M05-20526_3_M_Cerebellum_plate1_pool8_iTag48_L008_R1.barcode_removed_val_1_GRCm38_bismark_bt2_pe.deduplicated.bismark.cov.gz,COV,21671913,https://ftp.ncbi.nlm.nih.gov/geo/samples/GSM7040nnn/GSM7040704/suppl/GSM7040704_lane6199_TTCAGCTC_M05-20526_3_M_Cerebellum_plate1_pool8_iTag48_L008_R1.barcode_removed_val_1_GRCm38_bismark_bt2_pe.deduplicated.bismark.cov.gz,https://ftp.ncbi.nlm.nih.gov/geo/series/GSE225nnn/GSE225173/suppl/filelist.txt,/home/zdq-as/mouse_methyl_work/raw_downloads/geo_supplements_v27/GSE225173/GSM7040704_lane6199_TTCAGCTC_M05-20526_3_M_Cerebellum_plate1_pool8_iTag48_L008_R1.barcode_removed_val_1_GRCm38_bismark_bt2_pe.deduplicated.bismark.cov.gz,planned,True
458,GSE225173,P0_processed_parser_pilot,sibling GEO record for GSE225166 methylation supplements; track for duplicate-aware parser pilot,GSM7040705_lane6199_TTCCATTG_M00017995_15_M_Intestinal_Stem_Cells_plate1_pool8_iTag32_L008_R1.barcode_removed_val_1_GRCm38_bismark_bt2_pe.deduplicated.bismark.cov.gz,COV,15613458,https://ftp.ncbi.nlm.nih.gov/geo/samples/GSM7040nnn/GSM7040705/suppl/GSM7040705_lane6199_TTCCATTG_M00017995_15_M_Intestinal_Stem_Cells_plate1_pool8_iTag32_L008_R1.barcode_removed_val_1_GRCm38_bismark_bt2_pe.deduplicated.bismark.cov.gz,https://ftp.ncbi.nlm.nih.gov/geo/series/GSE225nnn/GSE225173/suppl/filelist.txt,/home/zdq-as/mouse_methyl_work/raw_downloads/geo_supplements_v27/GSE225173/GSM7040705_lane6199_TTCCATTG_M00017995_15_M_Intestinal_Stem_Cells_plate1_pool8_iTag32_L008_R1.barcode_removed_val_1_GRCm38_bismark_bt2_pe.deduplicated.bismark.cov.gz,planned,True
459,GSE225173,P0_processed_parser_pilot,sibling GEO record for GSE225166 methylation supplements; track for duplicate-aware parser pilot,GSM7040706_lane5_TACAGGAT_M01-20525_3_M_Cortex_iTAG_28_merged_L005_R1.barcode_removed_val_1_GRCm38_bismark_bt2_pe.deduplicated.bismark.cov.gz,COV,23039317,https://ftp.ncbi.nlm.nih.gov/geo/samples/GSM7040nnn/GSM7040706/suppl/GSM7040706_lane5_TACAGGAT_M01-20525_3_M_Cortex_iTAG_28_merged_L005_R1.barcode_removed_val_1_GRCm38_bismark_bt2_pe.deduplicated.bismark.cov.gz,https://ftp.ncbi.nlm.nih.gov/geo/series/GSE225nnn/GSE225173/suppl/filelist.txt,/home/zdq-as/mouse_methyl_work/raw_downloads/geo_supplements_v27/GSE225173/GSM7040706_lane5_TACAGGAT_M01-20525_3_M_Cortex_iTAG_28_merged_L005_R1.barcode_removed_val_1_GRCm38_bismark_bt2_pe.deduplicated.bismark.cov.gz,planned,True
460,GSE225173,P0_processed_parser_pilot,sibling GEO record for GSE225166 methylation supplements; track for duplicate-aware parser pilot,GSM7040707_lane5_TAGCTTGT_M01-20522_3_M_Lung_iTAG_10_merged_L005_R1.barcode_removed_val_1_GRCm38_bismark_bt2_pe.deduplicated.bismark.cov.gz,COV,22942300,https://ftp.ncbi.nlm.nih.gov/geo/samples/GSM7040nnn/GSM7040707/suppl/GSM7040707_lane5_TAGCTTGT_M01-20522_3_M_Lung_iTAG_10_merged_L005_R1.barcode_removed_val_1_GRCm38_bismark_bt2_pe.deduplicated.bismark.cov.gz,https://ftp.ncbi.nlm.nih.gov/geo/series/GSE225nnn/GSE225173/suppl/filelist.txt,/home/zdq-as/mouse_methyl_work/raw_downloads/geo_supplements_v27/GSE225173/GSM7040707_lane5_TAGCTTGT_M01-20522_3_M_Lung_iTAG_10_merged_L005_R1.barcode_removed_val_1_GRCm38_bismark_bt2_pe.deduplicated.bismark.cov.gz,planned,True
461,GSE225173,P0_processed_parser_pilot,sibling GEO record for GSE225166 methylation supplements; track for duplicate-aware parser pilot,GSM7040708_lane5_TGACCACT_M01-20525_3_M_Liver_iTAG_4_merged_L005_R1.barcode_removed_val_1_GRCm38_bismark_bt2_pe.deduplicated.bismark.cov.gz,COV,24137553,https://ftp.ncbi.nlm.nih.gov/geo/samples/GSM7040nnn/GSM7040708/suppl/GSM7040708_lane5_TGACCACT_M01-20525_3_M_Liver_iTAG_4_merged_L005_R1.barcode_removed_val_1_GRCm38_bismark_bt2_pe.deduplicated.bismark.cov.gz,https://ftp.ncbi.nlm.nih.gov/geo/series/GSE225nnn/GSE225173/suppl/filelist.txt,/home/zdq-as/mouse_methyl_work/raw_downloads/geo_supplements_v27/GSE225173/GSM7040708_lane5_TGACCACT_M01-20525_3_M_Liver_iTAG_4_merged_L005_R1.barcode_removed_val_1_GRCm38_bismark_bt2_pe.deduplicated.bismark.cov.gz,planned,True
462,GSE225173,P0_processed_parser_pilot,sibling GEO record for GSE225166 methylation supplements; track for duplicate-aware parser pilot,GSM7040709_lane5_TTCCTGCT_M01-20522_3_M_Cortex_iTAG_26_merged_L005_R1.barcode_removed_val_1_GRCm38_bismark_bt2_pe.deduplicated.bismark.cov.gz,COV,23258636,https://ftp.ncbi.nlm.nih.gov/geo/samples/GSM7040nnn/GSM7040709/suppl/GSM7040709_lane5_TTCCTGCT_M01-20522_3_M_Cortex_iTAG_26_merged_L005_R1.barcode_removed_val_1_GRCm38_bismark_bt2_pe.deduplicated.bismark.cov.gz,https://ftp.ncbi.nlm.nih.gov/geo/series/GSE225nnn/GSE225173/suppl/filelist.txt,/home/zdq-as/mouse_methyl_work/raw_downloads/geo_supplements_v27/GSE225173/GSM7040709_lane5_TTCCTGCT_M01-20522_3_M_Cortex_iTAG_26_merged_L005_R1.barcode_removed_val_1_GRCm38_bismark_bt2_pe.deduplicated.bismark.cov.gz,planned,True
463,GSE225173,P0_processed_parser_pilot,sibling GEO record for GSE225166 methylation supplements; track for duplicate-aware parser pilot,GSM7040710_lane1_CGATGTTT_M01-20522_3_M_Liver_iTAG_2_merged_L001_R1.barcode_removed_val_1_GRCm38_bismark_bt2_pe.deduplicated.bismark.cov.gz,COV,27532540,https://ftp.ncbi.nlm.nih.gov/geo/samples/GSM7040nnn/GSM7040710/suppl/GSM7040710_lane1_CGATGTTT_M01-20522_3_M_Liver_iTAG_2_merged_L001_R1.barcode_removed_val_1_GRCm38_bismark_bt2_pe.deduplicated.bismark.cov.gz,https://ftp.ncbi.nlm.nih.gov/geo/series/GSE225nnn/GSE225173/suppl/filelist.txt,/home/zdq-as/mouse_methyl_work/raw_downloads/geo_supplements_v27/GSE225173/GSM7040710_lane1_CGATGTTT_M01-20522_3_M_Liver_iTAG_2_merged_L001_R1.barcode_removed_val_1_GRCm38_bismark_bt2_pe.deduplicated.bismark.cov.gz,planned,True
464,GSE225173,P0_processed_parser_pilot,sibling GEO record for GSE225166 methylation supplements; track for duplicate-aware parser pilot,GSM7040711_lane1_GCCAATGT_M01-20527_3_M_Liver_iTAG_6_merged_L001_R1.barcode_removed_val_1_GRCm38_bismark_bt2_pe.deduplicated.bismark.cov.gz,COV,24756842,https://ftp.ncbi.nlm.nih.gov/geo/samples/GSM7040nnn/GSM7040711/suppl/GSM7040711_lane1_GCCAATGT_M01-20527_3_M_Liver_iTAG_6_merged_L001_R1.barcode_removed_val_1_GRCm38_bismark_bt2_pe.deduplicated.bismark.cov.gz,https://ftp.ncbi.nlm.nih.gov/geo/series/GSE225nnn/GSE225173/suppl/filelist.txt,/home/zdq-as/mouse_methyl_work/raw_downloads/geo_supplements_v27/GSE225173/GSM7040711_lane1_GCCAATGT_M01-20527_3_M_Liver_iTAG_6_merged_L001_R1.barcode_removed_val_1_GRCm38_bismark_bt2_pe.deduplicated.bismark.cov.gz,planned,True
465,GSE225173,P0_processed_parser_pilot,sibling GEO record for GSE225166 methylation supplements; track for duplicate-aware parser pilot,GSM7040712_lane2_TGATACGT_M01-20527_3_M_Heart_iTAG_22_merged_L002_R1.barcode_removed_val_1_GRCm38_bismark_bt2_pe.deduplicated.bismark.cov.gz,COV,24580215,https://ftp.ncbi.nlm.nih.gov/geo/samples/GSM7040nnn/GSM7040712/suppl/GSM7040712_lane2_TGATACGT_M01-20527_3_M_Heart_iTAG_22_merged_L002_R1.barcode_removed_val_1_GRCm38_bismark_bt2_pe.deduplicated.bismark.cov.gz,https://ftp.ncbi.nlm.nih.gov/geo/series/GSE225nnn/GSE225173/suppl/filelist.txt,/home/zdq-as/mouse_methyl_work/raw_downloads/geo_supplements_v27/GSE225173/GSM7040712_lane2_TGATACGT_M01-20527_3_M_Heart_iTAG_22_merged_L002_R1.barcode_removed_val_1_GRCm38_bismark_bt2_pe.deduplicated.bismark.cov.gz,planned,True
466,GSE233734,P0_processed_parser_pilot,102 colon RRBS aging/stage trajectory; processed BEDGRAPH first,GSE233734_colon_CpG_coverages.bedGraph.gz,,0,https://ftp.ncbi.nlm.nih.gov/geo/series/GSE233nnn/GSE233734/suppl/GSE233734_colon_CpG_coverages.bedGraph.gz,https://ftp.ncbi.nlm.nih.gov/geo/series/GSE233nnn/GSE233734/suppl/,/home/zdq-as/mouse_methyl_work/raw_downloads/geo_supplements_v27/GSE233734/GSE233734_colon_CpG_coverages.bedGraph.gz,planned,True
467,GSE233734,P0_processed_parser_pilot,102 colon RRBS aging/stage trajectory; processed BEDGRAPH first,GSE233734_colon_CpG_methylationrates.bedGraph.gz,,0,https://ftp.ncbi.nlm.nih.gov/geo/series/GSE233nnn/GSE233734/suppl/GSE233734_colon_CpG_methylationrates.bedGraph.gz,https://ftp.ncbi.nlm.nih.gov/geo/series/GSE233nnn/GSE233734/suppl/,/home/zdq-as/mouse_methyl_work/raw_downloads/geo_supplements_v27/GSE233734/GSE233734_colon_CpG_methylationrates.bedGraph.gz,planned,True
468,GSE233734,P0_processed_parser_pilot,102 colon RRBS aging/stage trajectory; processed BEDGRAPH first,GSE233734_colon_validation_CpG_coverages.bedGraph.gz,,0,https://ftp.ncbi.nlm.nih.gov/geo/series/GSE233nnn/GSE233734/suppl/GSE233734_colon_validation_CpG_coverages.bedGraph.gz,https://ftp.ncbi.nlm.nih.gov/geo/series/GSE233nnn/GSE233734/suppl/,/home/zdq-as/mouse_methyl_work/raw_downloads/geo_supplements_v27/GSE233734/GSE233734_colon_validation_CpG_coverages.bedGraph.gz,planned,True
469,GSE233734,P0_processed_parser_pilot,102 colon RRBS aging/stage trajectory; processed BEDGRAPH first,GSE233734_colon_validation_CpG_methylationrates.bedGraph.gz,,0,https://ftp.ncbi.nlm.nih.gov/geo/series/GSE233nnn/GSE233734/suppl/GSE233734_colon_validation_CpG_methylationrates.bedGraph.gz,https://ftp.ncbi.nlm.nih.gov/geo/series/GSE233nnn/GSE233734/suppl/,/home/zdq-as/mouse_methyl_work/raw_downloads/geo_supplements_v27/GSE233734/GSE233734_colon_validation_CpG_methylationrates.bedGraph.gz,planned,True
470,GSE304754,P1_processed_preflight_then_raw_pilot_if_needed,hippocampus aging/cognitive rank candidate; use processed if present before raw ENA pilot,GSE304754_hippocampus_combined.cov.gz,,0,https://ftp.ncbi.nlm.nih.gov/geo/series/GSE304nnn/GSE304754/suppl/GSE304754_hippocampus_combined.cov.gz,https://ftp.ncbi.nlm.nih.gov/geo/series/GSE304nnn/GSE304754/suppl/,/home/zdq-as/mouse_methyl_work/raw_downloads/geo_supplements_v27/GSE304754/GSE304754_hippocampus_combined.cov.gz,planned,True
