dataset,run_accession,gsm,sample_accession,experiment_accession,experiment_title,library_strategy,library_source,library_selection,library_layout,local_fastq_count,local_fastq_complete,expected_fastq,latest_log_status,latest_log_failure_count,latest_log_error_class,recommended_repair_action,run_total_bases,run_total_spots,ena_error,ena_library_layout,fastq_urls,fastq_md5s,fastq_bytes,ena_n_fastq,current_local_fastq_complete,current_local_fastq_count,current_local_fastq_paths,target_fastq_dir,dataset_rank,repair_error_rank,download_strategy,download_allowed,blocked_reason,repair_priority
GSE80672,SRR3440672,GSM2132796,SRS1412306,SRX1727084,GSM2132796: GX2472; Mus musculus; Bisulfite-Seq,Bisulfite-Seq,GENOMIC,Reduced Representation,PAIRED,0,False,paired _1/_2 FASTQ,failed,8.0,orphan_lock_retry,"after confirming no active prefetch/fasterq process for this run, remove orphan .sra.lock in SSD cache and rerun prefetch/fasterq; if repeated, ENA FASTQ fallback",4603480950,30689873,,PAIRED,https://ftp.sra.ebi.ac.uk/vol1/fastq/SRR344/002/SRR3440672/SRR3440672_1.fastq.gz;https://ftp.sra.ebi.ac.uk/vol1/fastq/SRR344/002/SRR3440672/SRR3440672_2.fastq.gz,dd951d2e58c94153618e4f5961cea172;1ea81e238e6ecc84ef8733287c196d8e,1221755479;1422644540,2,False,0,,/data/mouse_methyl/raw/GSE80672/fastq,0,0,ena_direct_first_then_sra_if_needed,True,,1
GSE80672,SRR3440671,GSM2132795,SRS1412305,SRX1727083,GSM2132795: GX2471; Mus musculus; Bisulfite-Seq,Bisulfite-Seq,GENOMIC,Reduced Representation,PAIRED,0,False,paired _1/_2 FASTQ,failed,8.0,fasterq_timeout_retry_or_ena,"retry with lower fasterq threads/longer timeout and vdb-validate prefetched SRA; if repeated, use ENA direct FASTQ with md5",4451232750,29674885,,PAIRED,https://ftp.sra.ebi.ac.uk/vol1/fastq/SRR344/001/SRR3440671/SRR3440671_1.fastq.gz;https://ftp.sra.ebi.ac.uk/vol1/fastq/SRR344/001/SRR3440671/SRR3440671_2.fastq.gz,6db8b39c7eeb49f2b098c67ca0c4d4e9;e01fd7a31b5f51105cd6d67711b72212,1201637488;1412489028,2,False,0,,/data/mouse_methyl/raw/GSE80672/fastq,0,0,ena_direct_first_then_sra_if_needed,True,,2
GSE121141,SRR8032931,GSM3426756,SRS3924516,SRX4865608,GSM3426756: Br0608; Mus musculus; Bisulfite-Seq,Bisulfite-Seq,GENOMIC,RANDOM,PAIRED,0,False,paired _1/_2 FASTQ,failed,8.0,fasterq_timeout_retry_or_ena,"retry with lower fasterq threads/longer timeout and vdb-validate prefetched SRA; if repeated, use ENA direct FASTQ with md5",21970502400,73235008,,PAIRED,https://ftp.sra.ebi.ac.uk/vol1/fastq/SRR803/001/SRR8032931/SRR8032931_1.fastq.gz;https://ftp.sra.ebi.ac.uk/vol1/fastq/SRR803/001/SRR8032931/SRR8032931_2.fastq.gz,370660d4ebb8890bebd79df9cf4ab59a;7b33cf3532cc1e5e7a90d5411b6d1f49,4974371799;5624761955,2,False,0,,/data/mouse_methyl/raw/GSE121141/fastq,1,0,ena_direct_first_then_sra_if_needed,True,,3
GSE121141,SRR8032940,GSM3426761,SRS3924361,SRX4865532,GSM3426761: Br1207; Mus musculus; Bisulfite-Seq,Bisulfite-Seq,GENOMIC,RANDOM,PAIRED,0,False,paired _1/_2 FASTQ,failed,8.0,orphan_lock_retry,"after confirming no active prefetch/fasterq process for this run, remove orphan .sra.lock in SSD cache and rerun prefetch/fasterq; if repeated, ENA FASTQ fallback",6326112000,21087040,,PAIRED,https://ftp.sra.ebi.ac.uk/vol1/fastq/SRR803/000/SRR8032940/SRR8032940_1.fastq.gz;https://ftp.sra.ebi.ac.uk/vol1/fastq/SRR803/000/SRR8032940/SRR8032940_2.fastq.gz,10e2be7420305b21430c5b08b89719f2;44983af30b9420d86abf701a9d31cac9,1439312453;1565421019,2,False,0,,/data/mouse_methyl/raw/GSE121141/fastq,1,0,ena_direct_first_then_sra_if_needed,True,,4
GSE80672,SRR3440723,GSM2132833,SRS1412344,SRX1727121,GSM2132833: M0405; Mus musculus; Bisulfite-Seq,Bisulfite-Seq,GENOMIC,Reduced Representation,PAIRED,0,False,paired _1/_2 FASTQ,,,not_attempted_or_log_missing,schedule missing run after dataset-level priority and metadata gate; prefer ENA direct FASTQ for large batches,5740859400,38272396,,PAIRED,https://ftp.sra.ebi.ac.uk/vol1/fastq/SRR344/003/SRR3440723/SRR3440723_1.fastq.gz;https://ftp.sra.ebi.ac.uk/vol1/fastq/SRR344/003/SRR3440723/SRR3440723_2.fastq.gz,8bef954dbc2ad6177929298502081717;adec16c1b2fb7df0211dc288a7abca29,1461612311;1656735530,2,False,0,,/data/mouse_methyl/raw/GSE80672/fastq,0,1,ena_direct_first_then_sra_if_needed,True,,5
GSE80672,SRR3440892,GSM2132937,SRS1412447,SRX1727225,GSM2132937: M3009; Mus musculus; Bisulfite-Seq,Bisulfite-Seq,GENOMIC,Reduced Representation,PAIRED,0,False,paired _1/_2 FASTQ,,,not_attempted_or_log_missing,schedule missing run after dataset-level priority and metadata gate; prefer ENA direct FASTQ for large batches,5592636150,37284241,,PAIRED,https://ftp.sra.ebi.ac.uk/vol1/fastq/SRR344/002/SRR3440892/SRR3440892_1.fastq.gz;https://ftp.sra.ebi.ac.uk/vol1/fastq/SRR344/002/SRR3440892/SRR3440892_2.fastq.gz,c8697c8d4fb0fcc34b00e44cb34dbc68;a74a1ad24ce59ac2cb75d1ec21d45dde,1598595742;1852569928,2,False,0,,/data/mouse_methyl/raw/GSE80672/fastq,0,1,ena_direct_first_then_sra_if_needed,True,,6
GSE80672,SRR3440885,GSM2132933,SRS1412443,SRX1727221,GSM2132933: M3004; Mus musculus; Bisulfite-Seq,Bisulfite-Seq,GENOMIC,Reduced Representation,PAIRED,0,False,paired _1/_2 FASTQ,,,not_attempted_or_log_missing,schedule missing run after dataset-level priority and metadata gate; prefer ENA direct FASTQ for large batches,5271303300,35142022,,PAIRED,https://ftp.sra.ebi.ac.uk/vol1/fastq/SRR344/005/SRR3440885/SRR3440885_1.fastq.gz;https://ftp.sra.ebi.ac.uk/vol1/fastq/SRR344/005/SRR3440885/SRR3440885_2.fastq.gz,07dd93e23b33b0d4f13a6ad8bd80f31d;72c160f9972827bb2d0392ebf5ed1574,1602089925;1780275377,2,False,0,,/data/mouse_methyl/raw/GSE80672/fastq,0,1,ena_direct_first_then_sra_if_needed,True,,7
GSE80672,SRR3440811,GSM2132891,SRS1412405,SRX1727179,GSM2132891: M2009; Mus musculus; Bisulfite-Seq,Bisulfite-Seq,GENOMIC,Reduced Representation,PAIRED,0,False,paired _1/_2 FASTQ,,,not_attempted_or_log_missing,schedule missing run after dataset-level priority and metadata gate; prefer ENA direct FASTQ for large batches,4997889300,33319262,,PAIRED,https://ftp.sra.ebi.ac.uk/vol1/fastq/SRR344/001/SRR3440811/SRR3440811_1.fastq.gz;https://ftp.sra.ebi.ac.uk/vol1/fastq/SRR344/001/SRR3440811/SRR3440811_2.fastq.gz,be7bef6712b7e9f5fedd543ee0321abf;311b9713105eb1b0ddd14d406a1caa9e,1384022086;1642868380,2,False,0,,/data/mouse_methyl/raw/GSE80672/fastq,0,1,ena_direct_first_then_sra_if_needed,True,,8
GSE80672,SRR3440897,GSM2132940,SRS1412449,SRX1727228,GSM2132940: M3205; Mus musculus; Bisulfite-Seq,Bisulfite-Seq,GENOMIC,Reduced Representation,PAIRED,0,False,paired _1/_2 FASTQ,,,not_attempted_or_log_missing,schedule missing run after dataset-level priority and metadata gate; prefer ENA direct FASTQ for large batches,4977341550,33182277,,PAIRED,https://ftp.sra.ebi.ac.uk/vol1/fastq/SRR344/007/SRR3440897/SRR3440897_1.fastq.gz;https://ftp.sra.ebi.ac.uk/vol1/fastq/SRR344/007/SRR3440897/SRR3440897_2.fastq.gz,fd9e5fe34a7fee9884696b06a9f9e356;3e47deb0b3299414dc1f601ef75cf1dc,1381548922;1677583939,2,False,0,,/data/mouse_methyl/raw/GSE80672/fastq,0,1,ena_direct_first_then_sra_if_needed,True,,9
GSE80672,SRR3440679,GSM2132802,SRS1412312,SRX1727090,GSM2132802: GX2518; Mus musculus; Bisulfite-Seq,Bisulfite-Seq,GENOMIC,Reduced Representation,PAIRED,0,False,paired _1/_2 FASTQ,,,not_attempted_or_log_missing,schedule missing run after dataset-level priority and metadata gate; prefer ENA direct FASTQ for large batches,4781586600,31877244,,PAIRED,https://ftp.sra.ebi.ac.uk/vol1/fastq/SRR344/009/SRR3440679/SRR3440679_1.fastq.gz;https://ftp.sra.ebi.ac.uk/vol1/fastq/SRR344/009/SRR3440679/SRR3440679_2.fastq.gz,b34475f21e4f205ebd5183731d674eb9;4a4251d716ed8a1e933e6fd4ad7cf687,1255277414;1509825246,2,False,0,,/data/mouse_methyl/raw/GSE80672/fastq,0,1,ena_direct_first_then_sra_if_needed,True,,10
GSE80672,SRR3440903,GSM2132943,SRS1412453,SRX1727231,GSM2132943: M3208; Mus musculus; Bisulfite-Seq,Bisulfite-Seq,GENOMIC,Reduced Representation,PAIRED,0,False,paired _1/_2 FASTQ,,,not_attempted_or_log_missing,schedule missing run after dataset-level priority and metadata gate; prefer ENA direct FASTQ for large batches,4713701700,31424678,,PAIRED,https://ftp.sra.ebi.ac.uk/vol1/fastq/SRR344/003/SRR3440903/SRR3440903_1.fastq.gz;https://ftp.sra.ebi.ac.uk/vol1/fastq/SRR344/003/SRR3440903/SRR3440903_2.fastq.gz,e6d470e471e19793c55d640b2df121a4;fc11fb9762cfc48d66dbe6f59d73791d,1317002431;1573756755,2,False,0,,/data/mouse_methyl/raw/GSE80672/fastq,0,1,ena_direct_first_then_sra_if_needed,True,,11
GSE80672,SRR3440771,GSM2132867,SRS1412377,SRX1727155,GSM2132867: M1203; Mus musculus; Bisulfite-Seq,Bisulfite-Seq,GENOMIC,Reduced Representation,PAIRED,0,False,paired _1/_2 FASTQ,,,not_attempted_or_log_missing,schedule missing run after dataset-level priority and metadata gate; prefer ENA direct FASTQ for large batches,4634398350,30895989,,PAIRED,https://ftp.sra.ebi.ac.uk/vol1/fastq/SRR344/001/SRR3440771/SRR3440771_1.fastq.gz;https://ftp.sra.ebi.ac.uk/vol1/fastq/SRR344/001/SRR3440771/SRR3440771_2.fastq.gz,4e956fb6ff209f60332681466c1e9be7;1d0b914013ae7da818c5c6e4245a670d,1298751370;1563486343,2,False,0,,/data/mouse_methyl/raw/GSE80672/fastq,0,1,ena_direct_first_then_sra_if_needed,True,,12
GSE80672,SRR3440883,GSM2132932,SRS1412442,SRX1727220,GSM2132932: M3003; Mus musculus; Bisulfite-Seq,Bisulfite-Seq,GENOMIC,Reduced Representation,PAIRED,0,False,paired _1/_2 FASTQ,,,not_attempted_or_log_missing,schedule missing run after dataset-level priority and metadata gate; prefer ENA direct FASTQ for large batches,4631051550,30873677,,PAIRED,https://ftp.sra.ebi.ac.uk/vol1/fastq/SRR344/003/SRR3440883/SRR3440883_1.fastq.gz;https://ftp.sra.ebi.ac.uk/vol1/fastq/SRR344/003/SRR3440883/SRR3440883_2.fastq.gz,83d7f7ef5853ee9e9ab7776ff805f310;dfb35fb211dfc3921653372de01cea06,1229236035;1536338730,2,False,0,,/data/mouse_methyl/raw/GSE80672/fastq,0,1,ena_direct_first_then_sra_if_needed,True,,13
GSE80672,SRR3440712,GSM2132826,SRS1412336,SRX1727114,GSM2132826: M0308; Mus musculus; Bisulfite-Seq,Bisulfite-Seq,GENOMIC,Reduced Representation,PAIRED,0,False,paired _1/_2 FASTQ,,,not_attempted_or_log_missing,schedule missing run after dataset-level priority and metadata gate; prefer ENA direct FASTQ for large batches,4605055050,30700367,,PAIRED,https://ftp.sra.ebi.ac.uk/vol1/fastq/SRR344/002/SRR3440712/SRR3440712_1.fastq.gz;https://ftp.sra.ebi.ac.uk/vol1/fastq/SRR344/002/SRR3440712/SRR3440712_2.fastq.gz,2a64d4e585ffbbac0e43054ca978ed11;f286239701ad1087643d76b839f6ce9c,1225835332;1381173880,2,False,0,,/data/mouse_methyl/raw/GSE80672/fastq,0,1,ena_direct_first_then_sra_if_needed,True,,14
GSE80672,SRR3440741,GSM2132847,SRS1412357,SRX1727135,GSM2132847: M0801; Mus musculus; Bisulfite-Seq,Bisulfite-Seq,GENOMIC,Reduced Representation,PAIRED,0,False,paired _1/_2 FASTQ,,,not_attempted_or_log_missing,schedule missing run after dataset-level priority and metadata gate; prefer ENA direct FASTQ for large batches,4549520850,30330139,,PAIRED,https://ftp.sra.ebi.ac.uk/vol1/fastq/SRR344/001/SRR3440741/SRR3440741_1.fastq.gz;https://ftp.sra.ebi.ac.uk/vol1/fastq/SRR344/001/SRR3440741/SRR3440741_2.fastq.gz,964f075156103b9cac4c0c6e9109af5e;ff29aef070383ef28e13c2e129d00b36,1194669170;1512976614,2,False,0,,/data/mouse_methyl/raw/GSE80672/fastq,0,1,ena_direct_first_then_sra_if_needed,True,,15
GSE80672,SRR3440775,GSM2132870,SRS1412379,SRX1727158,GSM2132870: M1206; Mus musculus; Bisulfite-Seq,Bisulfite-Seq,GENOMIC,Reduced Representation,PAIRED,0,False,paired _1/_2 FASTQ,,,not_attempted_or_log_missing,schedule missing run after dataset-level priority and metadata gate; prefer ENA direct FASTQ for large batches,4547128800,30314192,,PAIRED,https://ftp.sra.ebi.ac.uk/vol1/fastq/SRR344/005/SRR3440775/SRR3440775_1.fastq.gz;https://ftp.sra.ebi.ac.uk/vol1/fastq/SRR344/005/SRR3440775/SRR3440775_2.fastq.gz,f71fe870f51d806605c98d02afc6aa04;58d0dde2adebb885b46fae620f1cd0f4,1217327431;1517106688,2,False,0,,/data/mouse_methyl/raw/GSE80672/fastq,0,1,ena_direct_first_then_sra_if_needed,True,,16
GSE80672,SRR3440730,GSM2132838,SRS1412347,SRX1727126,GSM2132838: M0601; Mus musculus; Bisulfite-Seq,Bisulfite-Seq,GENOMIC,Reduced Representation,PAIRED,0,False,paired _1/_2 FASTQ,,,not_attempted_or_log_missing,schedule missing run after dataset-level priority and metadata gate; prefer ENA direct FASTQ for large batches,4534818000,30232120,,PAIRED,https://ftp.sra.ebi.ac.uk/vol1/fastq/SRR344/000/SRR3440730/SRR3440730_1.fastq.gz;https://ftp.sra.ebi.ac.uk/vol1/fastq/SRR344/000/SRR3440730/SRR3440730_2.fastq.gz,882814c4dfa712d86067fe8ef57d9011;65fec131c8dda6d749852efa710cae04,1240135998;1349958311,2,False,0,,/data/mouse_methyl/raw/GSE80672/fastq,0,1,ena_direct_first_then_sra_if_needed,True,,17
GSE80672,SRR3440722,GSM2132832,SRS1412342,SRX1727120,GSM2132832: M0404; Mus musculus; Bisulfite-Seq,Bisulfite-Seq,GENOMIC,Reduced Representation,PAIRED,0,False,paired _1/_2 FASTQ,,,not_attempted_or_log_missing,schedule missing run after dataset-level priority and metadata gate; prefer ENA direct FASTQ for large batches,4522254450,30148363,,PAIRED,https://ftp.sra.ebi.ac.uk/vol1/fastq/SRR344/002/SRR3440722/SRR3440722_1.fastq.gz;https://ftp.sra.ebi.ac.uk/vol1/fastq/SRR344/002/SRR3440722/SRR3440722_2.fastq.gz,54ec3329cb10eb8680b8a63772fafeb5;ae7804816d7ca297c1bcfb03b47ceca0,1212560552;1513710857,2,False,0,,/data/mouse_methyl/raw/GSE80672/fastq,0,1,ena_direct_first_then_sra_if_needed,True,,18
GSE80672,SRR3440726,GSM2132835,SRS1412345,SRX1727123,GSM2132835: M0407; Mus musculus; Bisulfite-Seq,Bisulfite-Seq,GENOMIC,Reduced Representation,PAIRED,0,False,paired _1/_2 FASTQ,,,not_attempted_or_log_missing,schedule missing run after dataset-level priority and metadata gate; prefer ENA direct FASTQ for large batches,4513704750,30091365,,PAIRED,https://ftp.sra.ebi.ac.uk/vol1/fastq/SRR344/006/SRR3440726/SRR3440726_1.fastq.gz;https://ftp.sra.ebi.ac.uk/vol1/fastq/SRR344/006/SRR3440726/SRR3440726_2.fastq.gz,c2724e492f079cb7fbb1f1edfc8422ee;a1dc66dcbf20de44fb0f04c8657780be,1286227258;1491839307,2,False,0,,/data/mouse_methyl/raw/GSE80672/fastq,0,1,ena_direct_first_then_sra_if_needed,True,,19
GSE80672,SRR3440825,GSM2132899,SRS1412409,SRX1727187,GSM2132899: M2208; Mus musculus; Bisulfite-Seq,Bisulfite-Seq,GENOMIC,Reduced Representation,PAIRED,0,False,paired _1/_2 FASTQ,,,not_attempted_or_log_missing,schedule missing run after dataset-level priority and metadata gate; prefer ENA direct FASTQ for large batches,4507915500,30052770,,PAIRED,https://ftp.sra.ebi.ac.uk/vol1/fastq/SRR344/005/SRR3440825/SRR3440825_1.fastq.gz;https://ftp.sra.ebi.ac.uk/vol1/fastq/SRR344/005/SRR3440825/SRR3440825_2.fastq.gz,b11c598d6af136a6d923b1cd6aa09b4d;4edf8d49e3fed79acca3f0e1ab9f022e,1214228439;1489669482,2,False,0,,/data/mouse_methyl/raw/GSE80672/fastq,0,1,ena_direct_first_then_sra_if_needed,True,,20
GSE80672,SRR3440817,GSM2132895,SRS1412404,SRX1727183,GSM2132895: M2203; Mus musculus; Bisulfite-Seq,Bisulfite-Seq,GENOMIC,Reduced Representation,PAIRED,0,False,paired _1/_2 FASTQ,,,not_attempted_or_log_missing,schedule missing run after dataset-level priority and metadata gate; prefer ENA direct FASTQ for large batches,4440762150,29605081,,PAIRED,https://ftp.sra.ebi.ac.uk/vol1/fastq/SRR344/007/SRR3440817/SRR3440817_1.fastq.gz;https://ftp.sra.ebi.ac.uk/vol1/fastq/SRR344/007/SRR3440817/SRR3440817_2.fastq.gz,d92bd67acb4e1df63f598625db516c67;de71e9c0506cb72d9597e41ddfc786b4,1171631710;1321505470,2,False,0,,/data/mouse_methyl/raw/GSE80672/fastq,0,1,ena_direct_first_then_sra_if_needed,True,,21
GSE80672,SRR3440839,GSM2132907,SRS1412416,SRX1727195,GSM2132907: M2407; Mus musculus; Bisulfite-Seq,Bisulfite-Seq,GENOMIC,Reduced Representation,PAIRED,0,False,paired _1/_2 FASTQ,,,not_attempted_or_log_missing,schedule missing run after dataset-level priority and metadata gate; prefer ENA direct FASTQ for large batches,4394561850,29297079,,PAIRED,https://ftp.sra.ebi.ac.uk/vol1/fastq/SRR344/009/SRR3440839/SRR3440839_1.fastq.gz;https://ftp.sra.ebi.ac.uk/vol1/fastq/SRR344/009/SRR3440839/SRR3440839_2.fastq.gz,9f1066347b7fab2e068c53c2d4a63406;ed25339c5307ad7329ba5509b6850d59,1165415331;1301099952,2,False,0,,/data/mouse_methyl/raw/GSE80672/fastq,0,1,ena_direct_first_then_sra_if_needed,True,,22
GSE80672,SRR3440823,GSM2132898,SRS1412408,SRX1727186,GSM2132898: M2206; Mus musculus; Bisulfite-Seq,Bisulfite-Seq,GENOMIC,Reduced Representation,PAIRED,0,False,paired _1/_2 FASTQ,,,not_attempted_or_log_missing,schedule missing run after dataset-level priority and metadata gate; prefer ENA direct FASTQ for large batches,4329174900,28861166,,PAIRED,https://ftp.sra.ebi.ac.uk/vol1/fastq/SRR344/003/SRR3440823/SRR3440823_1.fastq.gz;https://ftp.sra.ebi.ac.uk/vol1/fastq/SRR344/003/SRR3440823/SRR3440823_2.fastq.gz,ad98059846409a8564ebdc242d902298;563c8537f99fad5c3ead288841f5ca5f,1145170819;1423837577,2,False,0,,/data/mouse_methyl/raw/GSE80672/fastq,0,1,ena_direct_first_then_sra_if_needed,True,,23
GSE80672,SRR3440676,GSM2132799,SRS1412309,SRX1727087,GSM2132799: GX2481; Mus musculus; Bisulfite-Seq,Bisulfite-Seq,GENOMIC,Reduced Representation,PAIRED,0,False,paired _1/_2 FASTQ,,,not_attempted_or_log_missing,schedule missing run after dataset-level priority and metadata gate; prefer ENA direct FASTQ for large batches,4318553100,28790354,,PAIRED,https://ftp.sra.ebi.ac.uk/vol1/fastq/SRR344/006/SRR3440676/SRR3440676_1.fastq.gz;https://ftp.sra.ebi.ac.uk/vol1/fastq/SRR344/006/SRR3440676/SRR3440676_2.fastq.gz,344f958ce48c52d73d962fff2fc1ad98;cb6736ca36c9cd71fbc098c14a111350,1093451747;1208698231,2,False,0,,/data/mouse_methyl/raw/GSE80672/fastq,0,1,ena_direct_first_then_sra_if_needed,True,,24
GSE80672,SRR3440890,GSM2132936,SRS1412446,SRX1727224,GSM2132936: M3007; Mus musculus; Bisulfite-Seq,Bisulfite-Seq,GENOMIC,Reduced Representation,PAIRED,0,False,paired _1/_2 FASTQ,,,not_attempted_or_log_missing,schedule missing run after dataset-level priority and metadata gate; prefer ENA direct FASTQ for large batches,4283900850,28559339,,PAIRED,https://ftp.sra.ebi.ac.uk/vol1/fastq/SRR344/000/SRR3440890/SRR3440890_1.fastq.gz;https://ftp.sra.ebi.ac.uk/vol1/fastq/SRR344/000/SRR3440890/SRR3440890_2.fastq.gz,b34ccd0ebc4370d010632fc6ad549e44;dfca2e576a6156b10c6d3b8155f41f74,1118046034;1257282826,2,False,0,,/data/mouse_methyl/raw/GSE80672/fastq,0,1,ena_direct_first_then_sra_if_needed,True,,25
GSE80672,SRR3440762,GSM2132859,SRS1412369,SRX1727147,GSM2132859: M10_7505; Mus musculus; Bisulfite-Seq,Bisulfite-Seq,GENOMIC,Reduced Representation,PAIRED,0,False,paired _1/_2 FASTQ,,,not_attempted_or_log_missing,schedule missing run after dataset-level priority and metadata gate; prefer ENA direct FASTQ for large batches,4268914800,28459432,,PAIRED,https://ftp.sra.ebi.ac.uk/vol1/fastq/SRR344/002/SRR3440762/SRR3440762_1.fastq.gz;https://ftp.sra.ebi.ac.uk/vol1/fastq/SRR344/002/SRR3440762/SRR3440762_2.fastq.gz,39a31978541bddf1c0f49e067a8733f4;faf43ea9cd4a042994b34034371fe2e0,1097983740;1246503363,2,False,0,,/data/mouse_methyl/raw/GSE80672/fastq,0,1,ena_direct_first_then_sra_if_needed,True,,26
GSE80672,SRR3440800,GSM2132885,SRS1412395,SRX1727173,GSM2132885: M2003; Mus musculus; Bisulfite-Seq,Bisulfite-Seq,GENOMIC,Reduced Representation,PAIRED,0,False,paired _1/_2 FASTQ,,,not_attempted_or_log_missing,schedule missing run after dataset-level priority and metadata gate; prefer ENA direct FASTQ for large batches,4264920900,28432806,,PAIRED,https://ftp.sra.ebi.ac.uk/vol1/fastq/SRR344/000/SRR3440800/SRR3440800_1.fastq.gz;https://ftp.sra.ebi.ac.uk/vol1/fastq/SRR344/000/SRR3440800/SRR3440800_2.fastq.gz,52c65dbc385edee3846418807621b7a5;97d49116dc92f7f90f6ca431412f022a,1123767238;1419528205,2,False,0,,/data/mouse_methyl/raw/GSE80672/fastq,0,1,ena_direct_first_then_sra_if_needed,True,,27
GSE80672,SRR3440727,GSM2132836,SRS1412346,SRX1727124,GSM2132836: M0409; Mus musculus; Bisulfite-Seq,Bisulfite-Seq,GENOMIC,Reduced Representation,PAIRED,0,False,paired _1/_2 FASTQ,,,not_attempted_or_log_missing,schedule missing run after dataset-level priority and metadata gate; prefer ENA direct FASTQ for large batches,4218767100,28125114,,PAIRED,https://ftp.sra.ebi.ac.uk/vol1/fastq/SRR344/007/SRR3440727/SRR3440727_1.fastq.gz;https://ftp.sra.ebi.ac.uk/vol1/fastq/SRR344/007/SRR3440727/SRR3440727_2.fastq.gz,0c7993f155e666c71d2e03caa2436f06;23aa4555eec2cc5f5758722053f221a3,1061321723;1234802856,2,False,0,,/data/mouse_methyl/raw/GSE80672/fastq,0,1,ena_direct_first_then_sra_if_needed,True,,28
GSE80672,SRR3440854,GSM2132916,SRS1412426,SRX1727204,GSM2132916: M2606; Mus musculus; Bisulfite-Seq,Bisulfite-Seq,GENOMIC,Reduced Representation,PAIRED,0,False,paired _1/_2 FASTQ,,,not_attempted_or_log_missing,schedule missing run after dataset-level priority and metadata gate; prefer ENA direct FASTQ for large batches,4094587350,27297249,,PAIRED,https://ftp.sra.ebi.ac.uk/vol1/fastq/SRR344/004/SRR3440854/SRR3440854_1.fastq.gz;https://ftp.sra.ebi.ac.uk/vol1/fastq/SRR344/004/SRR3440854/SRR3440854_2.fastq.gz,a544402ef0faa73f63c79ef017a82d75;b5982b91dc3882bdee419e7ad9ab3af1,1090162883;1359533835,2,False,0,,/data/mouse_methyl/raw/GSE80672/fastq,0,1,ena_direct_first_then_sra_if_needed,True,,29
GSE80672,SRR3440677,GSM2132800,SRS1412310,SRX1727088,GSM2132800: GX2483; Mus musculus; Bisulfite-Seq,Bisulfite-Seq,GENOMIC,Reduced Representation,PAIRED,0,False,paired _1/_2 FASTQ,,,not_attempted_or_log_missing,schedule missing run after dataset-level priority and metadata gate; prefer ENA direct FASTQ for large batches,4057310250,27048735,,PAIRED,https://ftp.sra.ebi.ac.uk/vol1/fastq/SRR344/007/SRR3440677/SRR3440677_1.fastq.gz;https://ftp.sra.ebi.ac.uk/vol1/fastq/SRR344/007/SRR3440677/SRR3440677_2.fastq.gz,f40cc3d2716ff67e999a8e57e30946e7;5ea7f5d7722d0c8e73c7063036828967,1089624100;1277894583,2,False,0,,/data/mouse_methyl/raw/GSE80672/fastq,0,1,ena_direct_first_then_sra_if_needed,True,,30
GSE80672,SRR3440862,GSM2132920,SRS1412430,SRX1727208,GSM2132920: M2610; Mus musculus; Bisulfite-Seq,Bisulfite-Seq,GENOMIC,Reduced Representation,PAIRED,0,False,paired _1/_2 FASTQ,,,not_attempted_or_log_missing,schedule missing run after dataset-level priority and metadata gate; prefer ENA direct FASTQ for large batches,4025446500,26836310,,PAIRED,https://ftp.sra.ebi.ac.uk/vol1/fastq/SRR344/002/SRR3440862/SRR3440862_1.fastq.gz;https://ftp.sra.ebi.ac.uk/vol1/fastq/SRR344/002/SRR3440862/SRR3440862_2.fastq.gz,c7e9222495133aab24b253c0847e0a1a;2cacd536167855b171dfa830ff533be0,1062502910;1323281243,2,False,0,,/data/mouse_methyl/raw/GSE80672/fastq,0,1,ena_direct_first_then_sra_if_needed,True,,31
GSE80672,SRR3440906,GSM2132945,SRS1412456,SRX1727233,GSM2132945: M3210; Mus musculus; Bisulfite-Seq,Bisulfite-Seq,GENOMIC,Reduced Representation,PAIRED,0,False,paired _1/_2 FASTQ,,,not_attempted_or_log_missing,schedule missing run after dataset-level priority and metadata gate; prefer ENA direct FASTQ for large batches,4006070700,26707138,,PAIRED,https://ftp.sra.ebi.ac.uk/vol1/fastq/SRR344/006/SRR3440906/SRR3440906_1.fastq.gz;https://ftp.sra.ebi.ac.uk/vol1/fastq/SRR344/006/SRR3440906/SRR3440906_2.fastq.gz,25c3295c9d0f5e2cfd8b457a9f4e5927;dd297026582ada9d09710b8c2bf9aa70,1109897772;1333599985,2,False,0,,/data/mouse_methyl/raw/GSE80672/fastq,0,1,ena_direct_first_then_sra_if_needed,True,,32
GSE80672,SRR3440683,GSM2132806,SRS1412316,SRX1727094,GSM2132806: GX2582; Mus musculus; Bisulfite-Seq,Bisulfite-Seq,GENOMIC,Reduced Representation,PAIRED,0,False,paired _1/_2 FASTQ,,,not_attempted_or_log_missing,schedule missing run after dataset-level priority and metadata gate; prefer ENA direct FASTQ for large batches,3965317950,26435453,,PAIRED,https://ftp.sra.ebi.ac.uk/vol1/fastq/SRR344/003/SRR3440683/SRR3440683_1.fastq.gz;https://ftp.sra.ebi.ac.uk/vol1/fastq/SRR344/003/SRR3440683/SRR3440683_2.fastq.gz,ea24c0f81681c87b4edaa31e491886d6;b6346bce6a9587444b9b1af0bc6319d7,1079699630;1253379927,2,False,0,,/data/mouse_methyl/raw/GSE80672/fastq,0,1,ena_direct_first_then_sra_if_needed,True,,33
GSE80672,SRR3440706,GSM2132820,SRS1412330,SRX1727108,GSM2132820: M0301; Mus musculus; Bisulfite-Seq,Bisulfite-Seq,GENOMIC,Reduced Representation,PAIRED,0,False,paired _1/_2 FASTQ,,,not_attempted_or_log_missing,schedule missing run after dataset-level priority and metadata gate; prefer ENA direct FASTQ for large batches,3941972850,26279819,,PAIRED,https://ftp.sra.ebi.ac.uk/vol1/fastq/SRR344/006/SRR3440706/SRR3440706_1.fastq.gz;https://ftp.sra.ebi.ac.uk/vol1/fastq/SRR344/006/SRR3440706/SRR3440706_2.fastq.gz,f01d9fd6ca6db4b5b74d645ca866f8b3;aea0d774ae7183458d9a173e7a4b7e06,1024067700;1155579416,2,False,0,,/data/mouse_methyl/raw/GSE80672/fastq,0,1,ena_direct_first_then_sra_if_needed,True,,34
GSE80672,SRR3440736,GSM2132843,SRS1412353,SRX1727131,GSM2132843: M0607; Mus musculus; Bisulfite-Seq,Bisulfite-Seq,GENOMIC,Reduced Representation,PAIRED,0,False,paired _1/_2 FASTQ,,,not_attempted_or_log_missing,schedule missing run after dataset-level priority and metadata gate; prefer ENA direct FASTQ for large batches,3924207300,26161382,,PAIRED,https://ftp.sra.ebi.ac.uk/vol1/fastq/SRR344/006/SRR3440736/SRR3440736_1.fastq.gz;https://ftp.sra.ebi.ac.uk/vol1/fastq/SRR344/006/SRR3440736/SRR3440736_2.fastq.gz,8283fd0f8d5345adf1432f3180d5834a;97e6d6dcddb4e0f0e3f9458a034c7a2f,1013354248;1143628031,2,False,0,,/data/mouse_methyl/raw/GSE80672/fastq,0,1,ena_direct_first_then_sra_if_needed,True,,35
GSE80672,SRR3440682,GSM2132805,SRS1412315,SRX1727093,GSM2132805: GX2522; Mus musculus; Bisulfite-Seq,Bisulfite-Seq,GENOMIC,Reduced Representation,PAIRED,0,False,paired _1/_2 FASTQ,,,not_attempted_or_log_missing,schedule missing run after dataset-level priority and metadata gate; prefer ENA direct FASTQ for large batches,3920326950,26135513,,PAIRED,https://ftp.sra.ebi.ac.uk/vol1/fastq/SRR344/002/SRR3440682/SRR3440682_1.fastq.gz;https://ftp.sra.ebi.ac.uk/vol1/fastq/SRR344/002/SRR3440682/SRR3440682_2.fastq.gz,c9f68ea9ee9e47d7c6218f309caafbc6;c9317acc6eafaba6f0db2549916451fe,1071907894;1233204788,2,False,0,,/data/mouse_methyl/raw/GSE80672/fastq,0,1,ena_direct_first_then_sra_if_needed,True,,36
GSE80672,SRR3440881,GSM2132931,SRS1412441,SRX1727219,GSM2132931: M3002; Mus musculus; Bisulfite-Seq,Bisulfite-Seq,GENOMIC,Reduced Representation,PAIRED,0,False,paired _1/_2 FASTQ,,,not_attempted_or_log_missing,schedule missing run after dataset-level priority and metadata gate; prefer ENA direct FASTQ for large batches,3899681100,25997874,,PAIRED,https://ftp.sra.ebi.ac.uk/vol1/fastq/SRR344/001/SRR3440881/SRR3440881_1.fastq.gz;https://ftp.sra.ebi.ac.uk/vol1/fastq/SRR344/001/SRR3440881/SRR3440881_2.fastq.gz,7d986f384d3494ac14ed009edfee5e92;e2e7416457d388ea843fbec7f5ae4b46,1074680626;1167274132,2,False,0,,/data/mouse_methyl/raw/GSE80672/fastq,0,1,ena_direct_first_then_sra_if_needed,True,,37
GSE80672,SRR3440747,GSM2132850,SRS1412360,SRX1727138,GSM2132850: M0804; Mus musculus; Bisulfite-Seq,Bisulfite-Seq,GENOMIC,Reduced Representation,PAIRED,0,False,paired _1/_2 FASTQ,,,not_attempted_or_log_missing,schedule missing run after dataset-level priority and metadata gate; prefer ENA direct FASTQ for large batches,3873648450,25824323,,PAIRED,https://ftp.sra.ebi.ac.uk/vol1/fastq/SRR344/007/SRR3440747/SRR3440747_1.fastq.gz;https://ftp.sra.ebi.ac.uk/vol1/fastq/SRR344/007/SRR3440747/SRR3440747_2.fastq.gz,36268f5bcc89f83bf59b07ffc90f7c43;3958937b15d3d0b91f75c52f75b9e702,1020227653;1098462350,2,False,0,,/data/mouse_methyl/raw/GSE80672/fastq,0,1,ena_direct_first_then_sra_if_needed,True,,38
GSE80672,SRR3440692,GSM2132812,SRS1412321,SRX1727100,GSM2132812: GX2638; Mus musculus; Bisulfite-Seq,Bisulfite-Seq,GENOMIC,Reduced Representation,PAIRED,0,False,paired _1/_2 FASTQ,,,not_attempted_or_log_missing,schedule missing run after dataset-level priority and metadata gate; prefer ENA direct FASTQ for large batches,3870190800,25801272,,PAIRED,https://ftp.sra.ebi.ac.uk/vol1/fastq/SRR344/002/SRR3440692/SRR3440692_1.fastq.gz;https://ftp.sra.ebi.ac.uk/vol1/fastq/SRR344/002/SRR3440692/SRR3440692_2.fastq.gz,2e9eac90ba88512a74fa1b5b97351b07;2817a68b1f7a10361d74aaf6460deac6,937967765;1065298778,2,False,0,,/data/mouse_methyl/raw/GSE80672/fastq,0,1,ena_direct_first_then_sra_if_needed,True,,39
GSE80672,SRR3440772,GSM2132868,SRS1412378,SRX1727156,GSM2132868: M1204; Mus musculus; Bisulfite-Seq,Bisulfite-Seq,GENOMIC,Reduced Representation,PAIRED,0,False,paired _1/_2 FASTQ,,,not_attempted_or_log_missing,schedule missing run after dataset-level priority and metadata gate; prefer ENA direct FASTQ for large batches,3863130450,25754203,,PAIRED,https://ftp.sra.ebi.ac.uk/vol1/fastq/SRR344/002/SRR3440772/SRR3440772_1.fastq.gz;https://ftp.sra.ebi.ac.uk/vol1/fastq/SRR344/002/SRR3440772/SRR3440772_2.fastq.gz,66258da1c00b8aa299dffefedb5267d8;1d545ab0caf18dbd373fb958a70cd7f3,1050526479;1173043538,2,False,0,,/data/mouse_methyl/raw/GSE80672/fastq,0,1,ena_direct_first_then_sra_if_needed,True,,40
GSE80672,SRR3440891,GSM2132937,SRS1412447,SRX1727225,GSM2132937: M3009; Mus musculus; Bisulfite-Seq,Bisulfite-Seq,GENOMIC,Reduced Representation,PAIRED,0,False,paired _1/_2 FASTQ,,,not_attempted_or_log_missing,schedule missing run after dataset-level priority and metadata gate; prefer ENA direct FASTQ for large batches,3815854050,25439027,,PAIRED,https://ftp.sra.ebi.ac.uk/vol1/fastq/SRR344/001/SRR3440891/SRR3440891_1.fastq.gz;https://ftp.sra.ebi.ac.uk/vol1/fastq/SRR344/001/SRR3440891/SRR3440891_2.fastq.gz,dac34d587f400f2d56d26d6da5a58420;951dd447e5c193892f3ef66f0d541a97,1035216248;1120397658,2,False,0,,/data/mouse_methyl/raw/GSE80672/fastq,0,1,ena_direct_first_then_sra_if_needed,True,,41
GSE80672,SRR3440725,GSM2132834,SRS1412343,SRX1727122,GSM2132834: M0406; Mus musculus; Bisulfite-Seq,Bisulfite-Seq,GENOMIC,Reduced Representation,PAIRED,0,False,paired _1/_2 FASTQ,,,not_attempted_or_log_missing,schedule missing run after dataset-level priority and metadata gate; prefer ENA direct FASTQ for large batches,3813455700,25423038,,PAIRED,https://ftp.sra.ebi.ac.uk/vol1/fastq/SRR344/005/SRR3440725/SRR3440725_1.fastq.gz;https://ftp.sra.ebi.ac.uk/vol1/fastq/SRR344/005/SRR3440725/SRR3440725_2.fastq.gz,70110433b31de17c784408c585d074ae;e5f06adae018bb0f6d59438b2c48b48c,1111259511;1256060072,2,False,0,,/data/mouse_methyl/raw/GSE80672/fastq,0,1,ena_direct_first_then_sra_if_needed,True,,42
GSE80672,SRR3440765,GSM2132862,SRS1412372,SRX1727150,GSM2132862: M10_7508; Mus musculus; Bisulfite-Seq,Bisulfite-Seq,GENOMIC,Reduced Representation,PAIRED,0,False,paired _1/_2 FASTQ,,,not_attempted_or_log_missing,schedule missing run after dataset-level priority and metadata gate; prefer ENA direct FASTQ for large batches,3797810550,25318737,,PAIRED,https://ftp.sra.ebi.ac.uk/vol1/fastq/SRR344/005/SRR3440765/SRR3440765_1.fastq.gz;https://ftp.sra.ebi.ac.uk/vol1/fastq/SRR344/005/SRR3440765/SRR3440765_2.fastq.gz,692180f3305e0406909a2d58790ecedc;cd27065ca6cc575347b967ca8db9cd0b,1014394941;1143900942,2,False,0,,/data/mouse_methyl/raw/GSE80672/fastq,0,1,ena_direct_first_then_sra_if_needed,True,,43
GSE80672,SRR3440735,GSM2132842,SRS1412352,SRX1727130,GSM2132842: M0606; Mus musculus; Bisulfite-Seq,Bisulfite-Seq,GENOMIC,Reduced Representation,PAIRED,0,False,paired _1/_2 FASTQ,,,not_attempted_or_log_missing,schedule missing run after dataset-level priority and metadata gate; prefer ENA direct FASTQ for large batches,3761793600,25078624,,PAIRED,https://ftp.sra.ebi.ac.uk/vol1/fastq/SRR344/005/SRR3440735/SRR3440735_1.fastq.gz;https://ftp.sra.ebi.ac.uk/vol1/fastq/SRR344/005/SRR3440735/SRR3440735_2.fastq.gz,4363bd708b56d7d52c9d6e35e71049e4;8039a0f95106a8b8f1bb57a99932eccc,995679443;1123984147,2,False,0,,/data/mouse_methyl/raw/GSE80672/fastq,0,1,ena_direct_first_then_sra_if_needed,True,,44
GSE80672,SRR3440808,GSM2132889,SRS1412398,SRX1727177,GSM2132889: M2007; Mus musculus; Bisulfite-Seq,Bisulfite-Seq,GENOMIC,Reduced Representation,PAIRED,0,False,paired _1/_2 FASTQ,,,not_attempted_or_log_missing,schedule missing run after dataset-level priority and metadata gate; prefer ENA direct FASTQ for large batches,3760392750,25069285,,PAIRED,https://ftp.sra.ebi.ac.uk/vol1/fastq/SRR344/008/SRR3440808/SRR3440808_1.fastq.gz;https://ftp.sra.ebi.ac.uk/vol1/fastq/SRR344/008/SRR3440808/SRR3440808_2.fastq.gz,c01bdef3af941c93108c973b642e9b85;4e4ab0e975855b6cb49fde309db276f6,1469929744;1529697739,2,False,0,,/data/mouse_methyl/raw/GSE80672/fastq,0,1,ena_direct_first_then_sra_if_needed,True,,45
GSE80672,SRR3440757,GSM2132855,SRS1412364,SRX1727143,GSM2132855: M0810; Mus musculus; Bisulfite-Seq,Bisulfite-Seq,GENOMIC,Reduced Representation,PAIRED,0,False,paired _1/_2 FASTQ,,,not_attempted_or_log_missing,schedule missing run after dataset-level priority and metadata gate; prefer ENA direct FASTQ for large batches,3748121250,24987475,,PAIRED,https://ftp.sra.ebi.ac.uk/vol1/fastq/SRR344/007/SRR3440757/SRR3440757_1.fastq.gz;https://ftp.sra.ebi.ac.uk/vol1/fastq/SRR344/007/SRR3440757/SRR3440757_2.fastq.gz,f5d7b6cbed06891501fa898e3e26ebcd;961678c6e6d7f095bd543514b8fcc3ca,996316849;1229439785,2,False,0,,/data/mouse_methyl/raw/GSE80672/fastq,0,1,ena_direct_first_then_sra_if_needed,True,,46
GSE80672,SRR3440793,GSM2132881,SRS1412391,SRX1727169,GSM2132881: M1608; Mus musculus; Bisulfite-Seq,Bisulfite-Seq,GENOMIC,Reduced Representation,PAIRED,0,False,paired _1/_2 FASTQ,,,not_attempted_or_log_missing,schedule missing run after dataset-level priority and metadata gate; prefer ENA direct FASTQ for large batches,3666609600,24444064,,PAIRED,https://ftp.sra.ebi.ac.uk/vol1/fastq/SRR344/003/SRR3440793/SRR3440793_1.fastq.gz;https://ftp.sra.ebi.ac.uk/vol1/fastq/SRR344/003/SRR3440793/SRR3440793_2.fastq.gz,ac2c228dea3185ec189eb92911227b02;b80866cdddec670b2ba2fada8c40cda9,962779528;1078356247,2,False,0,,/data/mouse_methyl/raw/GSE80672/fastq,0,1,ena_direct_first_then_sra_if_needed,True,,47
GSE80672,SRR3440795,GSM2132882,SRS1412392,SRX1727170,GSM2132882: M1609; Mus musculus; Bisulfite-Seq,Bisulfite-Seq,GENOMIC,Reduced Representation,PAIRED,0,False,paired _1/_2 FASTQ,,,not_attempted_or_log_missing,schedule missing run after dataset-level priority and metadata gate; prefer ENA direct FASTQ for large batches,3535345050,23568967,,PAIRED,https://ftp.sra.ebi.ac.uk/vol1/fastq/SRR344/005/SRR3440795/SRR3440795_1.fastq.gz;https://ftp.sra.ebi.ac.uk/vol1/fastq/SRR344/005/SRR3440795/SRR3440795_2.fastq.gz,a8658155d911126b4a51ee40f582a250;b29f273ea0729c86600baf7c54731dfe,976374744;1198478975,2,False,0,,/data/mouse_methyl/raw/GSE80672/fastq,0,1,ena_direct_first_then_sra_if_needed,True,,48
GSE80672,SRR3440734,GSM2132841,SRS1412351,SRX1727129,GSM2132841: M0605; Mus musculus; Bisulfite-Seq,Bisulfite-Seq,GENOMIC,Reduced Representation,PAIRED,0,False,paired _1/_2 FASTQ,,,not_attempted_or_log_missing,schedule missing run after dataset-level priority and metadata gate; prefer ENA direct FASTQ for large batches,3495794400,23305296,,PAIRED,https://ftp.sra.ebi.ac.uk/vol1/fastq/SRR344/004/SRR3440734/SRR3440734_1.fastq.gz;https://ftp.sra.ebi.ac.uk/vol1/fastq/SRR344/004/SRR3440734/SRR3440734_2.fastq.gz,82486349dad1b3ae4bf173f1b8868815;3f3149e1bd7863d7e3dd4ac13b56b0c6,934442703;1025034755,2,False,0,,/data/mouse_methyl/raw/GSE80672/fastq,0,1,ena_direct_first_then_sra_if_needed,True,,49
GSE80672,SRR3440838,GSM2132906,SRS1412417,SRX1727194,GSM2132906: M2405; Mus musculus; Bisulfite-Seq,Bisulfite-Seq,GENOMIC,Reduced Representation,PAIRED,0,False,paired _1/_2 FASTQ,,,not_attempted_or_log_missing,schedule missing run after dataset-level priority and metadata gate; prefer ENA direct FASTQ for large batches,3495366900,23302446,,PAIRED,https://ftp.sra.ebi.ac.uk/vol1/fastq/SRR344/008/SRR3440838/SRR3440838_1.fastq.gz;https://ftp.sra.ebi.ac.uk/vol1/fastq/SRR344/008/SRR3440838/SRR3440838_2.fastq.gz,8479b031796825403e7c59de88c7f735;aea19f09bc480b66fdbbf8697e7edd0e,966907060;1166233405,2,False,0,,/data/mouse_methyl/raw/GSE80672/fastq,0,1,ena_direct_first_then_sra_if_needed,True,,50
GSE80672,SRR3440806,GSM2132888,SRS1412399,SRX1727176,GSM2132888: M2006; Mus musculus; Bisulfite-Seq,Bisulfite-Seq,GENOMIC,Reduced Representation,PAIRED,0,False,paired _1/_2 FASTQ,,,not_attempted_or_log_missing,schedule missing run after dataset-level priority and metadata gate; prefer ENA direct FASTQ for large batches,3491117100,23274114,,PAIRED,https://ftp.sra.ebi.ac.uk/vol1/fastq/SRR344/006/SRR3440806/SRR3440806_1.fastq.gz;https://ftp.sra.ebi.ac.uk/vol1/fastq/SRR344/006/SRR3440806/SRR3440806_2.fastq.gz,e2c89a8fae9f07fb3493f6ecd4f39e75;ceb48273498d725f94c2a1bda872e48e,857670935;986981617,2,False,0,,/data/mouse_methyl/raw/GSE80672/fastq,0,1,ena_direct_first_then_sra_if_needed,True,,51
GSE80672,SRR3440749,GSM2132851,SRS1412362,SRX1727139,GSM2132851: M0805; Mus musculus; Bisulfite-Seq,Bisulfite-Seq,GENOMIC,Reduced Representation,PAIRED,0,False,paired _1/_2 FASTQ,,,not_attempted_or_log_missing,schedule missing run after dataset-level priority and metadata gate; prefer ENA direct FASTQ for large batches,3476970300,23179802,,PAIRED,https://ftp.sra.ebi.ac.uk/vol1/fastq/SRR344/009/SRR3440749/SRR3440749_1.fastq.gz;https://ftp.sra.ebi.ac.uk/vol1/fastq/SRR344/009/SRR3440749/SRR3440749_2.fastq.gz,de35825a1d4bfa8b107003efef1ae76e;4eb6b6bd6dda67c93cf1b1040644f07b,1362771206;1402226930,2,False,0,,/data/mouse_methyl/raw/GSE80672/fastq,0,1,ena_direct_first_then_sra_if_needed,True,,52
GSE80672,SRR3440763,GSM2132860,SRS1412370,SRX1727148,GSM2132860: M10_7506; Mus musculus; Bisulfite-Seq,Bisulfite-Seq,GENOMIC,Reduced Representation,PAIRED,0,False,paired _1/_2 FASTQ,,,not_attempted_or_log_missing,schedule missing run after dataset-level priority and metadata gate; prefer ENA direct FASTQ for large batches,3473531250,23156875,,PAIRED,https://ftp.sra.ebi.ac.uk/vol1/fastq/SRR344/003/SRR3440763/SRR3440763_1.fastq.gz;https://ftp.sra.ebi.ac.uk/vol1/fastq/SRR344/003/SRR3440763/SRR3440763_2.fastq.gz,6e90fd3caca54e335d318f6b6975b19b;726827160726a87a67fbbc2aa99a1dc0,931322525;1039609910,2,False,0,,/data/mouse_methyl/raw/GSE80672/fastq,0,1,ena_direct_first_then_sra_if_needed,True,,53
GSE80672,SRR3440769,GSM2132866,SRS1412376,SRX1727154,GSM2132866: M1202; Mus musculus; Bisulfite-Seq,Bisulfite-Seq,GENOMIC,Reduced Representation,PAIRED,0,False,paired _1/_2 FASTQ,,,not_attempted_or_log_missing,schedule missing run after dataset-level priority and metadata gate; prefer ENA direct FASTQ for large batches,3453029250,23020195,,PAIRED,https://ftp.sra.ebi.ac.uk/vol1/fastq/SRR344/009/SRR3440769/SRR3440769_1.fastq.gz;https://ftp.sra.ebi.ac.uk/vol1/fastq/SRR344/009/SRR3440769/SRR3440769_2.fastq.gz,cd7a93a3433d9e1567c9d37bc5449934;167c17ff3d76871cc661572b4f3393ea,984118441;1156295224,2,False,0,,/data/mouse_methyl/raw/GSE80672/fastq,0,1,ena_direct_first_then_sra_if_needed,True,,54
GSE80672,SRR3440673,GSM2132797,SRS1412307,SRX1727085,GSM2132797: GX2474; Mus musculus; Bisulfite-Seq,Bisulfite-Seq,GENOMIC,Reduced Representation,PAIRED,0,False,paired _1/_2 FASTQ,,,not_attempted_or_log_missing,schedule missing run after dataset-level priority and metadata gate; prefer ENA direct FASTQ for large batches,3443532450,22956883,,PAIRED,https://ftp.sra.ebi.ac.uk/vol1/fastq/SRR344/003/SRR3440673/SRR3440673_1.fastq.gz;https://ftp.sra.ebi.ac.uk/vol1/fastq/SRR344/003/SRR3440673/SRR3440673_2.fastq.gz,18244d5d5c17665d611fe99835bf7adc;05ebd272dbd869740b9f1a45e9a42b6b,880761959;1049366944,2,False,0,,/data/mouse_methyl/raw/GSE80672/fastq,0,1,ena_direct_first_then_sra_if_needed,True,,55
GSE80672,SRR3440695,GSM2132814,SRS1412324,SRX1727102,GSM2132814: K1; Mus musculus; Bisulfite-Seq,Bisulfite-Seq,GENOMIC,Reduced Representation,PAIRED,0,False,paired _1/_2 FASTQ,,,not_attempted_or_log_missing,schedule missing run after dataset-level priority and metadata gate; prefer ENA direct FASTQ for large batches,3429432150,22862881,,PAIRED,https://ftp.sra.ebi.ac.uk/vol1/fastq/SRR344/005/SRR3440695/SRR3440695_1.fastq.gz;https://ftp.sra.ebi.ac.uk/vol1/fastq/SRR344/005/SRR3440695/SRR3440695_2.fastq.gz,9a396ed12eff94bf0fb05127dfaa9699;1f25c9408c27772aec596d28a5d98235,832494261;941827272,2,False,0,,/data/mouse_methyl/raw/GSE80672/fastq,0,1,ena_direct_first_then_sra_if_needed,True,,56
GSE80672,SRR3440758,GSM2132856,SRS1412366,SRX1727144,GSM2132856: M10_7501; Mus musculus; Bisulfite-Seq,Bisulfite-Seq,GENOMIC,Reduced Representation,PAIRED,0,False,paired _1/_2 FASTQ,,,not_attempted_or_log_missing,schedule missing run after dataset-level priority and metadata gate; prefer ENA direct FASTQ for large batches,3421746600,22811644,,PAIRED,https://ftp.sra.ebi.ac.uk/vol1/fastq/SRR344/008/SRR3440758/SRR3440758_1.fastq.gz;https://ftp.sra.ebi.ac.uk/vol1/fastq/SRR344/008/SRR3440758/SRR3440758_2.fastq.gz,e0d66d75e8163393653c13dee979a5b5;d577f0c57b1e7ac298751c96d6eb8e39,909707403;986680012,2,False,0,,/data/mouse_methyl/raw/GSE80672/fastq,0,1,ena_direct_first_then_sra_if_needed,True,,57
GSE80672,SRR3440709,GSM2132823,SRS1412333,SRX1727111,GSM2132823: M0304; Mus musculus; Bisulfite-Seq,Bisulfite-Seq,GENOMIC,Reduced Representation,PAIRED,0,False,paired _1/_2 FASTQ,,,not_attempted_or_log_missing,schedule missing run after dataset-level priority and metadata gate; prefer ENA direct FASTQ for large batches,3418183500,22787890,,PAIRED,https://ftp.sra.ebi.ac.uk/vol1/fastq/SRR344/009/SRR3440709/SRR3440709_1.fastq.gz;https://ftp.sra.ebi.ac.uk/vol1/fastq/SRR344/009/SRR3440709/SRR3440709_2.fastq.gz,869bc91e51489eef3563892abfdcd5f8;2859aa4df90f998d125258529bbf510c,905343251;1030002241,2,False,0,,/data/mouse_methyl/raw/GSE80672/fastq,0,1,ena_direct_first_then_sra_if_needed,True,,58
GSE80672,SRR3440720,GSM2132831,SRS1412341,SRX1727119,GSM2132831: M0403; Mus musculus; Bisulfite-Seq,Bisulfite-Seq,GENOMIC,Reduced Representation,PAIRED,0,False,paired _1/_2 FASTQ,,,not_attempted_or_log_missing,schedule missing run after dataset-level priority and metadata gate; prefer ENA direct FASTQ for large batches,3391923000,22612820,,PAIRED,https://ftp.sra.ebi.ac.uk/vol1/fastq/SRR344/000/SRR3440720/SRR3440720_1.fastq.gz;https://ftp.sra.ebi.ac.uk/vol1/fastq/SRR344/000/SRR3440720/SRR3440720_2.fastq.gz,b4b37fc4454dc58614e36e81c39bd96e;0b5d995e81012c98a56d0b22c5ac3db9,875182055;986952488,2,False,0,,/data/mouse_methyl/raw/GSE80672/fastq,0,1,ena_direct_first_then_sra_if_needed,True,,59
GSE80672,SRR3440801,GSM2132886,SRS1412396,SRX1727174,GSM2132886: M2004; Mus musculus; Bisulfite-Seq,Bisulfite-Seq,GENOMIC,Reduced Representation,PAIRED,0,False,paired _1/_2 FASTQ,,,not_attempted_or_log_missing,schedule missing run after dataset-level priority and metadata gate; prefer ENA direct FASTQ for large batches,3364672500,22431150,,PAIRED,https://ftp.sra.ebi.ac.uk/vol1/fastq/SRR344/001/SRR3440801/SRR3440801_1.fastq.gz;https://ftp.sra.ebi.ac.uk/vol1/fastq/SRR344/001/SRR3440801/SRR3440801_2.fastq.gz,89742f7594e64c4f56f2a06f7ec4cd1f;7c04a0614880666cc27dd437cdeeb43d,848283887;1027482391,2,False,0,,/data/mouse_methyl/raw/GSE80672/fastq,0,1,ena_direct_first_then_sra_if_needed,True,,60
GSE80672,SRR3440783,GSM2132875,SRS1412385,SRX1727163,GSM2132875: M1601; Mus musculus; Bisulfite-Seq,Bisulfite-Seq,GENOMIC,Reduced Representation,PAIRED,0,False,paired _1/_2 FASTQ,,,not_attempted_or_log_missing,schedule missing run after dataset-level priority and metadata gate; prefer ENA direct FASTQ for large batches,3333238350,22221589,,PAIRED,https://ftp.sra.ebi.ac.uk/vol1/fastq/SRR344/003/SRR3440783/SRR3440783_1.fastq.gz;https://ftp.sra.ebi.ac.uk/vol1/fastq/SRR344/003/SRR3440783/SRR3440783_2.fastq.gz,ad2888c9e68ed2c247d16d7693ff1988;1a433cb6242543a328273b579cac60ad,856140996;1094652840,2,False,0,,/data/mouse_methyl/raw/GSE80672/fastq,0,1,ena_direct_first_then_sra_if_needed,True,,61
GSE80672,SRR3440846,GSM2132911,SRS1412421,SRX1727199,GSM2132911: M2601; Mus musculus; Bisulfite-Seq,Bisulfite-Seq,GENOMIC,Reduced Representation,PAIRED,0,False,paired _1/_2 FASTQ,,,not_attempted_or_log_missing,schedule missing run after dataset-level priority and metadata gate; prefer ENA direct FASTQ for large batches,3320070300,22133802,,PAIRED,https://ftp.sra.ebi.ac.uk/vol1/fastq/SRR344/006/SRR3440846/SRR3440846_1.fastq.gz;https://ftp.sra.ebi.ac.uk/vol1/fastq/SRR344/006/SRR3440846/SRR3440846_2.fastq.gz,00f8f91e63708cfcbc3d5edaa31174a2;3f7ecd0c52cf8d45a5ec13ec2f925305,847362093;964003336,2,False,0,,/data/mouse_methyl/raw/GSE80672/fastq,0,1,ena_direct_first_then_sra_if_needed,True,,62
GSE80672,SRR3440781,GSM2132874,SRS1412384,SRX1727162,GSM2132874: M1210; Mus musculus; Bisulfite-Seq,Bisulfite-Seq,GENOMIC,Reduced Representation,PAIRED,0,False,paired _1/_2 FASTQ,,,not_attempted_or_log_missing,schedule missing run after dataset-level priority and metadata gate; prefer ENA direct FASTQ for large batches,3314116050,22094107,,PAIRED,https://ftp.sra.ebi.ac.uk/vol1/fastq/SRR344/001/SRR3440781/SRR3440781_1.fastq.gz;https://ftp.sra.ebi.ac.uk/vol1/fastq/SRR344/001/SRR3440781/SRR3440781_2.fastq.gz,456e7bc9633f158a80ef1fd0d828d3db;763c26cd927d07b8fc54100ce7b249b7,878305160;982982071,2,False,0,,/data/mouse_methyl/raw/GSE80672/fastq,0,1,ena_direct_first_then_sra_if_needed,True,,63
GSE80672,SRR3440708,GSM2132822,SRS1412332,SRX1727110,GSM2132822: M0303; Mus musculus; Bisulfite-Seq,Bisulfite-Seq,GENOMIC,Reduced Representation,PAIRED,0,False,paired _1/_2 FASTQ,,,not_attempted_or_log_missing,schedule missing run after dataset-level priority and metadata gate; prefer ENA direct FASTQ for large batches,3277796250,21851975,,PAIRED,https://ftp.sra.ebi.ac.uk/vol1/fastq/SRR344/008/SRR3440708/SRR3440708_1.fastq.gz;https://ftp.sra.ebi.ac.uk/vol1/fastq/SRR344/008/SRR3440708/SRR3440708_2.fastq.gz,fe7424d279b87a03803f045b1de546ea;3323c011bd0301ce8f077ed82f6b522c,832876511;962737969,2,False,0,,/data/mouse_methyl/raw/GSE80672/fastq,0,1,ena_direct_first_then_sra_if_needed,True,,64
GSE80672,SRR3440707,GSM2132821,SRS1412331,SRX1727109,GSM2132821: M0302; Mus musculus; Bisulfite-Seq,Bisulfite-Seq,GENOMIC,Reduced Representation,PAIRED,0,False,paired _1/_2 FASTQ,,,not_attempted_or_log_missing,schedule missing run after dataset-level priority and metadata gate; prefer ENA direct FASTQ for large batches,3268223100,21788154,,PAIRED,https://ftp.sra.ebi.ac.uk/vol1/fastq/SRR344/007/SRR3440707/SRR3440707_1.fastq.gz;https://ftp.sra.ebi.ac.uk/vol1/fastq/SRR344/007/SRR3440707/SRR3440707_2.fastq.gz,6492ba3ecf71241a8c6e0c17f2e48680;0fc2283aae412eb63069c0bac4dc3adf,886913419;950080755,2,False,0,,/data/mouse_methyl/raw/GSE80672/fastq,0,1,ena_direct_first_then_sra_if_needed,True,,65
GSE80672,SRR3440802,GSM2132886,SRS1412396,SRX1727174,GSM2132886: M2004; Mus musculus; Bisulfite-Seq,Bisulfite-Seq,GENOMIC,Reduced Representation,PAIRED,0,False,paired _1/_2 FASTQ,,,not_attempted_or_log_missing,schedule missing run after dataset-level priority and metadata gate; prefer ENA direct FASTQ for large batches,3249104550,21660697,,PAIRED,https://ftp.sra.ebi.ac.uk/vol1/fastq/SRR344/002/SRR3440802/SRR3440802_1.fastq.gz;https://ftp.sra.ebi.ac.uk/vol1/fastq/SRR344/002/SRR3440802/SRR3440802_2.fastq.gz,1d8f51f7cdf13cae5a7e8f7980014ad1;b1014563473655a7bc7f43a26ec08c4f,813604934;1063675848,2,False,0,,/data/mouse_methyl/raw/GSE80672/fastq,0,1,ena_direct_first_then_sra_if_needed,True,,66
GSE80672,SRR3440711,GSM2132825,SRS1412335,SRX1727113,GSM2132825: M0306; Mus musculus; Bisulfite-Seq,Bisulfite-Seq,GENOMIC,Reduced Representation,PAIRED,0,False,paired _1/_2 FASTQ,,,not_attempted_or_log_missing,schedule missing run after dataset-level priority and metadata gate; prefer ENA direct FASTQ for large batches,3224509800,21496732,,PAIRED,https://ftp.sra.ebi.ac.uk/vol1/fastq/SRR344/001/SRR3440711/SRR3440711_1.fastq.gz;https://ftp.sra.ebi.ac.uk/vol1/fastq/SRR344/001/SRR3440711/SRR3440711_2.fastq.gz,abf584405904ac4a4562756f24ed1d87;d0f1f3db0039395e4d203ca53d54ed68,867783680;939311760,2,False,0,,/data/mouse_methyl/raw/GSE80672/fastq,0,1,ena_direct_first_then_sra_if_needed,True,,67
GSE80672,SRR3440845,GSM2132910,SRS1412420,SRX1727198,GSM2132910: M2411; Mus musculus; Bisulfite-Seq,Bisulfite-Seq,GENOMIC,Reduced Representation,PAIRED,0,False,paired _1/_2 FASTQ,,,not_attempted_or_log_missing,schedule missing run after dataset-level priority and metadata gate; prefer ENA direct FASTQ for large batches,3197080200,21313868,,PAIRED,https://ftp.sra.ebi.ac.uk/vol1/fastq/SRR344/005/SRR3440845/SRR3440845_1.fastq.gz;https://ftp.sra.ebi.ac.uk/vol1/fastq/SRR344/005/SRR3440845/SRR3440845_2.fastq.gz,612bcf010a2caeae1fa4b26780732e4b;fcc6fe833c950e7c03f3aa302787504a,897962139;1043725738,2,False,0,,/data/mouse_methyl/raw/GSE80672/fastq,0,1,ena_direct_first_then_sra_if_needed,True,,68
GSE80672,SRR3440798,GSM2132884,SRS1412394,SRX1727172,GSM2132884: M2001; Mus musculus; Bisulfite-Seq,Bisulfite-Seq,GENOMIC,Reduced Representation,PAIRED,0,False,paired _1/_2 FASTQ,,,not_attempted_or_log_missing,schedule missing run after dataset-level priority and metadata gate; prefer ENA direct FASTQ for large batches,3162520950,21083473,,PAIRED,https://ftp.sra.ebi.ac.uk/vol1/fastq/SRR344/008/SRR3440798/SRR3440798_1.fastq.gz;https://ftp.sra.ebi.ac.uk/vol1/fastq/SRR344/008/SRR3440798/SRR3440798_2.fastq.gz,8de8007b0721ec05f94953fa0cf590fa;96271732c40ad9a8ad9883a71bc46c28,804169446;950893764,2,False,0,,/data/mouse_methyl/raw/GSE80672/fastq,0,1,ena_direct_first_then_sra_if_needed,True,,69
GSE80672,SRR3440827,GSM2132900,SRS1412410,SRX1727188,GSM2132900: M2209; Mus musculus; Bisulfite-Seq,Bisulfite-Seq,GENOMIC,Reduced Representation,PAIRED,0,False,paired _1/_2 FASTQ,,,not_attempted_or_log_missing,schedule missing run after dataset-level priority and metadata gate; prefer ENA direct FASTQ for large batches,3158617950,21057453,,PAIRED,https://ftp.sra.ebi.ac.uk/vol1/fastq/SRR344/007/SRR3440827/SRR3440827_1.fastq.gz;https://ftp.sra.ebi.ac.uk/vol1/fastq/SRR344/007/SRR3440827/SRR3440827_2.fastq.gz,9fb0fd158eb053f4972be39a41f5947e;66887e4b38907f76b038bb82f40c3f00,1236461346;1286478884,2,False,0,,/data/mouse_methyl/raw/GSE80672/fastq,0,1,ena_direct_first_then_sra_if_needed,True,,70
GSE80672,SRR3440719,GSM2132830,SRS1412340,SRX1727118,GSM2132830: M0402; Mus musculus; Bisulfite-Seq,Bisulfite-Seq,GENOMIC,Reduced Representation,PAIRED,0,False,paired _1/_2 FASTQ,,,not_attempted_or_log_missing,schedule missing run after dataset-level priority and metadata gate; prefer ENA direct FASTQ for large batches,3101899650,20679331,,PAIRED,https://ftp.sra.ebi.ac.uk/vol1/fastq/SRR344/009/SRR3440719/SRR3440719_1.fastq.gz;https://ftp.sra.ebi.ac.uk/vol1/fastq/SRR344/009/SRR3440719/SRR3440719_2.fastq.gz,e537333c421704b1b92015292356c211;3db337c0fbec1cff5323286a6f6ebd74,749904488;994088997,2,False,0,,/data/mouse_methyl/raw/GSE80672/fastq,0,1,ena_direct_first_then_sra_if_needed,True,,71
GSE80672,SRR3440690,GSM2132811,SRS1412322,SRX1727099,GSM2132811: GX2627; Mus musculus; Bisulfite-Seq,Bisulfite-Seq,GENOMIC,Reduced Representation,PAIRED,0,False,paired _1/_2 FASTQ,,,not_attempted_or_log_missing,schedule missing run after dataset-level priority and metadata gate; prefer ENA direct FASTQ for large batches,3039981150,20266541,,PAIRED,https://ftp.sra.ebi.ac.uk/vol1/fastq/SRR344/000/SRR3440690/SRR3440690_1.fastq.gz;https://ftp.sra.ebi.ac.uk/vol1/fastq/SRR344/000/SRR3440690/SRR3440690_2.fastq.gz,ca46806c748269a57af88c845fd82371;032ab0ee33780df0bed69345f5ccae9f,832326172;963272859,2,False,0,,/data/mouse_methyl/raw/GSE80672/fastq,0,1,ena_direct_first_then_sra_if_needed,True,,72
GSE80672,SRR3440803,GSM2132887,SRS1412397,SRX1727175,GSM2132887: M2005; Mus musculus; Bisulfite-Seq,Bisulfite-Seq,GENOMIC,Reduced Representation,PAIRED,0,False,paired _1/_2 FASTQ,,,not_attempted_or_log_missing,schedule missing run after dataset-level priority and metadata gate; prefer ENA direct FASTQ for large batches,3003381750,20022545,,PAIRED,https://ftp.sra.ebi.ac.uk/vol1/fastq/SRR344/003/SRR3440803/SRR3440803_1.fastq.gz;https://ftp.sra.ebi.ac.uk/vol1/fastq/SRR344/003/SRR3440803/SRR3440803_2.fastq.gz,2afabc81ffcef27d2fb12b05aef9cdb2;3ec876d98b97cd39b7103d84ccfd8199,741037781;908938820,2,False,0,,/data/mouse_methyl/raw/GSE80672/fastq,0,1,ena_direct_first_then_sra_if_needed,True,,73
GSE80672,SRR3440805,GSM2132888,SRS1412399,SRX1727176,GSM2132888: M2006; Mus musculus; Bisulfite-Seq,Bisulfite-Seq,GENOMIC,Reduced Representation,PAIRED,0,False,paired _1/_2 FASTQ,,,not_attempted_or_log_missing,schedule missing run after dataset-level priority and metadata gate; prefer ENA direct FASTQ for large batches,2995043550,19966957,,PAIRED,https://ftp.sra.ebi.ac.uk/vol1/fastq/SRR344/005/SRR3440805/SRR3440805_1.fastq.gz;https://ftp.sra.ebi.ac.uk/vol1/fastq/SRR344/005/SRR3440805/SRR3440805_2.fastq.gz,c07abaf633aaf3a68590420e16ceff25;d29ec1509e19b332a82df3665d123e80,778637308;784543217,2,False,0,,/data/mouse_methyl/raw/GSE80672/fastq,0,1,ena_direct_first_then_sra_if_needed,True,,74
GSE80672,SRR3440693,GSM2132813,SRS1412323,SRX1727101,GSM2132813: GX2642; Mus musculus; Bisulfite-Seq,Bisulfite-Seq,GENOMIC,Reduced Representation,PAIRED,0,False,paired _1/_2 FASTQ,,,not_attempted_or_log_missing,schedule missing run after dataset-level priority and metadata gate; prefer ENA direct FASTQ for large batches,2988032550,19920217,,PAIRED,https://ftp.sra.ebi.ac.uk/vol1/fastq/SRR344/003/SRR3440693/SRR3440693_1.fastq.gz;https://ftp.sra.ebi.ac.uk/vol1/fastq/SRR344/003/SRR3440693/SRR3440693_2.fastq.gz,4a588c6519ccf1d72c7d1d957b4d1d68;0c538299344339a810047d3001c91b3a,752912233;908352742,2,False,0,,/data/mouse_methyl/raw/GSE80672/fastq,0,1,ena_direct_first_then_sra_if_needed,True,,75
GSE80672,SRR3440778,GSM2132872,SRS1412381,SRX1727160,GSM2132872: M1208; Mus musculus; Bisulfite-Seq,Bisulfite-Seq,GENOMIC,Reduced Representation,PAIRED,0,False,paired _1/_2 FASTQ,,,not_attempted_or_log_missing,schedule missing run after dataset-level priority and metadata gate; prefer ENA direct FASTQ for large batches,2916260850,19441739,,PAIRED,https://ftp.sra.ebi.ac.uk/vol1/fastq/SRR344/008/SRR3440778/SRR3440778_1.fastq.gz;https://ftp.sra.ebi.ac.uk/vol1/fastq/SRR344/008/SRR3440778/SRR3440778_2.fastq.gz,f76d6f83afa3b6a4e8e2b9691bc9c5a8;2f5df8bddc7796732834d136156aa818,719482572;876946169,2,False,0,,/data/mouse_methyl/raw/GSE80672/fastq,0,1,ena_direct_first_then_sra_if_needed,True,,76
GSE80672,SRR3440680,GSM2132803,SRS1412313,SRX1727091,GSM2132803: GX2519; Mus musculus; Bisulfite-Seq,Bisulfite-Seq,GENOMIC,Reduced Representation,PAIRED,0,False,paired _1/_2 FASTQ,,,not_attempted_or_log_missing,schedule missing run after dataset-level priority and metadata gate; prefer ENA direct FASTQ for large batches,2910783750,19405225,,PAIRED,https://ftp.sra.ebi.ac.uk/vol1/fastq/SRR344/000/SRR3440680/SRR3440680_1.fastq.gz;https://ftp.sra.ebi.ac.uk/vol1/fastq/SRR344/000/SRR3440680/SRR3440680_2.fastq.gz,16774a120b3a4876bf7aae576d65404d;57b6983e9cd616f59755b2f0ad830526,776626374;922272112,2,False,0,,/data/mouse_methyl/raw/GSE80672/fastq,0,1,ena_direct_first_then_sra_if_needed,True,,77
GSE80672,SRR3440691,GSM2132812,SRS1412321,SRX1727100,GSM2132812: GX2638; Mus musculus; Bisulfite-Seq,Bisulfite-Seq,GENOMIC,Reduced Representation,PAIRED,0,False,paired _1/_2 FASTQ,,,not_attempted_or_log_missing,schedule missing run after dataset-level priority and metadata gate; prefer ENA direct FASTQ for large batches,2900831100,19338874,,PAIRED,https://ftp.sra.ebi.ac.uk/vol1/fastq/SRR344/001/SRR3440691/SRR3440691_1.fastq.gz;https://ftp.sra.ebi.ac.uk/vol1/fastq/SRR344/001/SRR3440691/SRR3440691_2.fastq.gz,349e48edaae6cac6526ac6e61c3c295b;982a102a36204be4008bb23711dbc2be,701025599;830566338,2,False,0,,/data/mouse_methyl/raw/GSE80672/fastq,0,1,ena_direct_first_then_sra_if_needed,True,,78
GSE80672,SRR3440689,GSM2132810,SRS1412320,SRX1727098,GSM2132810: GX2623; Mus musculus; Bisulfite-Seq,Bisulfite-Seq,GENOMIC,Reduced Representation,PAIRED,0,False,paired _1/_2 FASTQ,,,not_attempted_or_log_missing,schedule missing run after dataset-level priority and metadata gate; prefer ENA direct FASTQ for large batches,2890739400,19271596,,PAIRED,https://ftp.sra.ebi.ac.uk/vol1/fastq/SRR344/009/SRR3440689/SRR3440689_1.fastq.gz;https://ftp.sra.ebi.ac.uk/vol1/fastq/SRR344/009/SRR3440689/SRR3440689_2.fastq.gz,c47e916f4237281f77b52aafbec9c16e;9de563a9ee63ee78a21eab8d266ca54d,793821972;920919098,2,False,0,,/data/mouse_methyl/raw/GSE80672/fastq,0,1,ena_direct_first_then_sra_if_needed,True,,79
GSE80672,SRR3440684,GSM2132807,SRS1412317,SRX1727095,GSM2132807: GX2584; Mus musculus; Bisulfite-Seq,Bisulfite-Seq,GENOMIC,Reduced Representation,PAIRED,0,False,paired _1/_2 FASTQ,,,not_attempted_or_log_missing,schedule missing run after dataset-level priority and metadata gate; prefer ENA direct FASTQ for large batches,2880779250,19205195,,PAIRED,https://ftp.sra.ebi.ac.uk/vol1/fastq/SRR344/004/SRR3440684/SRR3440684_1.fastq.gz;https://ftp.sra.ebi.ac.uk/vol1/fastq/SRR344/004/SRR3440684/SRR3440684_2.fastq.gz,4f591cfdf6514145bcc7c6be1972867f;c8f3a2943dc9957adc8c90517901e3e1,732151439;862245933,2,False,0,,/data/mouse_methyl/raw/GSE80672/fastq,0,1,ena_direct_first_then_sra_if_needed,True,,80
GSE80672,SRR3440751,GSM2132852,SRS1412361,SRX1727140,GSM2132852: M0806; Mus musculus; Bisulfite-Seq,Bisulfite-Seq,GENOMIC,Reduced Representation,PAIRED,0,False,paired _1/_2 FASTQ,,,not_attempted_or_log_missing,schedule missing run after dataset-level priority and metadata gate; prefer ENA direct FASTQ for large batches,2864297400,19095316,,PAIRED,https://ftp.sra.ebi.ac.uk/vol1/fastq/SRR344/001/SRR3440751/SRR3440751_1.fastq.gz;https://ftp.sra.ebi.ac.uk/vol1/fastq/SRR344/001/SRR3440751/SRR3440751_2.fastq.gz,d9451fe0ea15641a8515353651a10e36;5c2ac12dddbfaefddd48d2c495851319,799613983;919435784,2,False,0,,/data/mouse_methyl/raw/GSE80672/fastq,0,1,ena_direct_first_then_sra_if_needed,True,,81
GSE80672,SRR3440804,GSM2132887,SRS1412397,SRX1727175,GSM2132887: M2005; Mus musculus; Bisulfite-Seq,Bisulfite-Seq,GENOMIC,Reduced Representation,PAIRED,0,False,paired _1/_2 FASTQ,,,not_attempted_or_log_missing,schedule missing run after dataset-level priority and metadata gate; prefer ENA direct FASTQ for large batches,2859279000,19061860,,PAIRED,https://ftp.sra.ebi.ac.uk/vol1/fastq/SRR344/004/SRR3440804/SRR3440804_1.fastq.gz;https://ftp.sra.ebi.ac.uk/vol1/fastq/SRR344/004/SRR3440804/SRR3440804_2.fastq.gz,fe3d3e0e619c496268e972a0e27554c8;6bafecc34c2af0f4109a27659cc311b0,766139605;782940414,2,False,0,,/data/mouse_methyl/raw/GSE80672/fastq,0,1,ena_direct_first_then_sra_if_needed,True,,82
GSE80672,SRR3440714,GSM2132827,SRS1412337,SRX1727115,GSM2132827: M0309; Mus musculus; Bisulfite-Seq,Bisulfite-Seq,GENOMIC,Reduced Representation,PAIRED,0,False,paired _1/_2 FASTQ,,,not_attempted_or_log_missing,schedule missing run after dataset-level priority and metadata gate; prefer ENA direct FASTQ for large batches,2817796800,18785312,,PAIRED,https://ftp.sra.ebi.ac.uk/vol1/fastq/SRR344/004/SRR3440714/SRR3440714_1.fastq.gz;https://ftp.sra.ebi.ac.uk/vol1/fastq/SRR344/004/SRR3440714/SRR3440714_2.fastq.gz,819b4894175b0a76eade632dea5d5b09;fda329c4f7b0263b7bd49c015bb17611,699836610;805185742,2,False,0,,/data/mouse_methyl/raw/GSE80672/fastq,0,1,ena_direct_first_then_sra_if_needed,True,,83
GSE80672,SRR3440710,GSM2132824,SRS1412334,SRX1727112,GSM2132824: M0305; Mus musculus; Bisulfite-Seq,Bisulfite-Seq,GENOMIC,Reduced Representation,PAIRED,0,False,paired _1/_2 FASTQ,,,not_attempted_or_log_missing,schedule missing run after dataset-level priority and metadata gate; prefer ENA direct FASTQ for large batches,2813350050,18755667,,PAIRED,https://ftp.sra.ebi.ac.uk/vol1/fastq/SRR344/000/SRR3440710/SRR3440710_1.fastq.gz;https://ftp.sra.ebi.ac.uk/vol1/fastq/SRR344/000/SRR3440710/SRR3440710_2.fastq.gz,c4538aa68993f5d3ed42cb94b09bd917;76fce259cb06a35e56665901af4a4d49,709107873;807492488,2,False,0,,/data/mouse_methyl/raw/GSE80672/fastq,0,1,ena_direct_first_then_sra_if_needed,True,,84
GSE80672,SRR3440799,GSM2132885,SRS1412395,SRX1727173,GSM2132885: M2003; Mus musculus; Bisulfite-Seq,Bisulfite-Seq,GENOMIC,Reduced Representation,PAIRED,0,False,paired _1/_2 FASTQ,,,not_attempted_or_log_missing,schedule missing run after dataset-level priority and metadata gate; prefer ENA direct FASTQ for large batches,2812470450,18749803,,PAIRED,https://ftp.sra.ebi.ac.uk/vol1/fastq/SRR344/009/SRR3440799/SRR3440799_1.fastq.gz;https://ftp.sra.ebi.ac.uk/vol1/fastq/SRR344/009/SRR3440799/SRR3440799_2.fastq.gz,eead2388f5aa5c67b881ddcd99669b7c;9b3839bc9678bc8c574c9fa78cb6dcfc,678238579;852884132,2,False,0,,/data/mouse_methyl/raw/GSE80672/fastq,0,1,ena_direct_first_then_sra_if_needed,True,,85
GSE80672,SRR3440674,GSM2132798,SRS1412308,SRX1727086,GSM2132798: GX2479; Mus musculus; Bisulfite-Seq,Bisulfite-Seq,GENOMIC,Reduced Representation,PAIRED,0,False,paired _1/_2 FASTQ,,,not_attempted_or_log_missing,schedule missing run after dataset-level priority and metadata gate; prefer ENA direct FASTQ for large batches,2804157900,18694386,,PAIRED,https://ftp.sra.ebi.ac.uk/vol1/fastq/SRR344/004/SRR3440674/SRR3440674_1.fastq.gz;https://ftp.sra.ebi.ac.uk/vol1/fastq/SRR344/004/SRR3440674/SRR3440674_2.fastq.gz,b38b6b7150e8833289e6eb36818bd65e;e5e1be8fc265514b45ee325661ead85e,714185163;850055194,2,False,0,,/data/mouse_methyl/raw/GSE80672/fastq,0,1,ena_direct_first_then_sra_if_needed,True,,86
GSE80672,SRR3440779,GSM2132872,SRS1412381,SRX1727160,GSM2132872: M1208; Mus musculus; Bisulfite-Seq,Bisulfite-Seq,GENOMIC,Reduced Representation,PAIRED,0,False,paired _1/_2 FASTQ,,,not_attempted_or_log_missing,schedule missing run after dataset-level priority and metadata gate; prefer ENA direct FASTQ for large batches,2796746700,18644978,,PAIRED,https://ftp.sra.ebi.ac.uk/vol1/fastq/SRR344/009/SRR3440779/SRR3440779_1.fastq.gz;https://ftp.sra.ebi.ac.uk/vol1/fastq/SRR344/009/SRR3440779/SRR3440779_2.fastq.gz,7e90f2d6688d929ad4452b7a80628fc6;9ab7dd0f3fb7a2cc51d1b656c49032e9,749276425;776196100,2,False,0,,/data/mouse_methyl/raw/GSE80672/fastq,0,1,ena_direct_first_then_sra_if_needed,True,,87
GSE80672,SRR3440705,GSM2132819,SRS1412329,SRX1727107,GSM2132819: L3; Mus musculus; Bisulfite-Seq,Bisulfite-Seq,GENOMIC,Reduced Representation,PAIRED,0,False,paired _1/_2 FASTQ,,,not_attempted_or_log_missing,schedule missing run after dataset-level priority and metadata gate; prefer ENA direct FASTQ for large batches,2765619600,18437464,,PAIRED,https://ftp.sra.ebi.ac.uk/vol1/fastq/SRR344/005/SRR3440705/SRR3440705_1.fastq.gz;https://ftp.sra.ebi.ac.uk/vol1/fastq/SRR344/005/SRR3440705/SRR3440705_2.fastq.gz,e5a65de206b9b0a675ff9446963a4e31;7d9b6d3deafbc47d6b913399fc5426d4,656826914;762700795,2,False,0,,/data/mouse_methyl/raw/GSE80672/fastq,0,1,ena_direct_first_then_sra_if_needed,True,,88
GSE80672,SRR3440756,GSM2132855,SRS1412364,SRX1727143,GSM2132855: M0810; Mus musculus; Bisulfite-Seq,Bisulfite-Seq,GENOMIC,Reduced Representation,PAIRED,0,False,paired _1/_2 FASTQ,,,not_attempted_or_log_missing,schedule missing run after dataset-level priority and metadata gate; prefer ENA direct FASTQ for large batches,2746717800,18311452,,PAIRED,https://ftp.sra.ebi.ac.uk/vol1/fastq/SRR344/006/SRR3440756/SRR3440756_1.fastq.gz;https://ftp.sra.ebi.ac.uk/vol1/fastq/SRR344/006/SRR3440756/SRR3440756_2.fastq.gz,ace9f2f1f1a5a06390d46b7c02a2452f;d644ed00349d3cb742c4a79a3afe557e,672301405;832353406,2,False,0,,/data/mouse_methyl/raw/GSE80672/fastq,0,1,ena_direct_first_then_sra_if_needed,True,,89
GSE80672,SRR3440678,GSM2132801,SRS1412311,SRX1727089,GSM2132801: GX2517; Mus musculus; Bisulfite-Seq,Bisulfite-Seq,GENOMIC,Reduced Representation,PAIRED,0,False,paired _1/_2 FASTQ,,,not_attempted_or_log_missing,schedule missing run after dataset-level priority and metadata gate; prefer ENA direct FASTQ for large batches,2698355700,17989038,,PAIRED,https://ftp.sra.ebi.ac.uk/vol1/fastq/SRR344/008/SRR3440678/SRR3440678_1.fastq.gz;https://ftp.sra.ebi.ac.uk/vol1/fastq/SRR344/008/SRR3440678/SRR3440678_2.fastq.gz,53170a26cdee15e6b926d1c130fbd668;6948ed94624b7fcbbd6108c9bb83f0f5,710911184;825403746,2,False,0,,/data/mouse_methyl/raw/GSE80672/fastq,0,1,ena_direct_first_then_sra_if_needed,True,,90
GSE80672,SRR3440785,GSM2132876,SRS1412386,SRX1727164,GSM2132876: M1602; Mus musculus; Bisulfite-Seq,Bisulfite-Seq,GENOMIC,Reduced Representation,PAIRED,0,False,paired _1/_2 FASTQ,,,not_attempted_or_log_missing,schedule missing run after dataset-level priority and metadata gate; prefer ENA direct FASTQ for large batches,2687122050,17914147,,PAIRED,https://ftp.sra.ebi.ac.uk/vol1/fastq/SRR344/005/SRR3440785/SRR3440785_1.fastq.gz;https://ftp.sra.ebi.ac.uk/vol1/fastq/SRR344/005/SRR3440785/SRR3440785_2.fastq.gz,944dd55db6c63a0ed85234117820e0aa;24d7239a4a7f1874dbcb8c3bd839b5b8,700347122;724799566,2,False,0,,/data/mouse_methyl/raw/GSE80672/fastq,0,1,ena_direct_first_then_sra_if_needed,True,,91
GSE80672,SRR3440699,GSM2132816,SRS1412326,SRX1727104,GSM2132816: K3; Mus musculus; Bisulfite-Seq,Bisulfite-Seq,GENOMIC,Reduced Representation,PAIRED,0,False,paired _1/_2 FASTQ,,,not_attempted_or_log_missing,schedule missing run after dataset-level priority and metadata gate; prefer ENA direct FASTQ for large batches,2680712850,17871419,,PAIRED,https://ftp.sra.ebi.ac.uk/vol1/fastq/SRR344/009/SRR3440699/SRR3440699_1.fastq.gz;https://ftp.sra.ebi.ac.uk/vol1/fastq/SRR344/009/SRR3440699/SRR3440699_2.fastq.gz,ef835a94aae9ece4c8e8c518672918ae;95403578936fcf30f4655b9ccc83e3a6,627867923;709317462,2,False,0,,/data/mouse_methyl/raw/GSE80672/fastq,0,1,ena_direct_first_then_sra_if_needed,True,,92
GSE80672,SRR3440697,GSM2132815,SRS1412325,SRX1727103,GSM2132815: K2; Mus musculus; Bisulfite-Seq,Bisulfite-Seq,GENOMIC,Reduced Representation,PAIRED,0,False,paired _1/_2 FASTQ,,,not_attempted_or_log_missing,schedule missing run after dataset-level priority and metadata gate; prefer ENA direct FASTQ for large batches,2633694450,17557963,,PAIRED,https://ftp.sra.ebi.ac.uk/vol1/fastq/SRR344/007/SRR3440697/SRR3440697_1.fastq.gz;https://ftp.sra.ebi.ac.uk/vol1/fastq/SRR344/007/SRR3440697/SRR3440697_2.fastq.gz,79e404868cd5fcfd4b602eb93b2cbc70;4c26802a966db6d2587641c27c4dc45d,643117836;734343506,2,False,0,,/data/mouse_methyl/raw/GSE80672/fastq,0,1,ena_direct_first_then_sra_if_needed,True,,93
GSE80672,SRR3440792,GSM2132880,SRS1412390,SRX1727168,GSM2132880: M1607; Mus musculus; Bisulfite-Seq,Bisulfite-Seq,GENOMIC,Reduced Representation,PAIRED,0,False,paired _1/_2 FASTQ,,,not_attempted_or_log_missing,schedule missing run after dataset-level priority and metadata gate; prefer ENA direct FASTQ for large batches,2584972650,17233151,,PAIRED,https://ftp.sra.ebi.ac.uk/vol1/fastq/SRR344/002/SRR3440792/SRR3440792_1.fastq.gz;https://ftp.sra.ebi.ac.uk/vol1/fastq/SRR344/002/SRR3440792/SRR3440792_2.fastq.gz,2d8d9001c91baaec6eeb70d257786f11;1b83119da1a485b4bfc7bf7e0acb9aca,1033462667;1059858120,2,False,0,,/data/mouse_methyl/raw/GSE80672/fastq,0,1,ena_direct_first_then_sra_if_needed,True,,94
GSE80672,SRR3440784,GSM2132876,SRS1412386,SRX1727164,GSM2132876: M1602; Mus musculus; Bisulfite-Seq,Bisulfite-Seq,GENOMIC,Reduced Representation,PAIRED,0,False,paired _1/_2 FASTQ,,,not_attempted_or_log_missing,schedule missing run after dataset-level priority and metadata gate; prefer ENA direct FASTQ for large batches,2571364800,17142432,,PAIRED,https://ftp.sra.ebi.ac.uk/vol1/fastq/SRR344/004/SRR3440784/SRR3440784_1.fastq.gz;https://ftp.sra.ebi.ac.uk/vol1/fastq/SRR344/004/SRR3440784/SRR3440784_2.fastq.gz,e306a9fba917f40f13a5879b179495b8;463fe2fe1e20d2a5fbc86271fe4137ef,629945779;780145471,2,False,0,,/data/mouse_methyl/raw/GSE80672/fastq,0,1,ena_direct_first_then_sra_if_needed,True,,95
GSE80672,SRR3440780,GSM2132873,SRS1412383,SRX1727161,GSM2132873: M1209; Mus musculus; Bisulfite-Seq,Bisulfite-Seq,GENOMIC,Reduced Representation,PAIRED,0,False,paired _1/_2 FASTQ,,,not_attempted_or_log_missing,schedule missing run after dataset-level priority and metadata gate; prefer ENA direct FASTQ for large batches,2481087300,16540582,,PAIRED,https://ftp.sra.ebi.ac.uk/vol1/fastq/SRR344/000/SRR3440780/SRR3440780_1.fastq.gz;https://ftp.sra.ebi.ac.uk/vol1/fastq/SRR344/000/SRR3440780/SRR3440780_2.fastq.gz,7c6c3b451e331111dc0aa7c2d0ab6b1b;574f24ef78b6aed894fd6cf0990a6189,634711404;761415965,2,False,0,,/data/mouse_methyl/raw/GSE80672/fastq,0,1,ena_direct_first_then_sra_if_needed,True,,96
GSE80672,SRR3440776,GSM2132871,SRS1412382,SRX1727159,GSM2132871: M1207; Mus musculus; Bisulfite-Seq,Bisulfite-Seq,GENOMIC,Reduced Representation,PAIRED,0,False,paired _1/_2 FASTQ,,,not_attempted_or_log_missing,schedule missing run after dataset-level priority and metadata gate; prefer ENA direct FASTQ for large batches,2462092950,16413953,,PAIRED,https://ftp.sra.ebi.ac.uk/vol1/fastq/SRR344/006/SRR3440776/SRR3440776_1.fastq.gz;https://ftp.sra.ebi.ac.uk/vol1/fastq/SRR344/006/SRR3440776/SRR3440776_2.fastq.gz,b72da7c8f87b5b0a823f09c56c940fe0;0745e938e852fe17a257e6242ca2213d,615762345;757944673,2,False,0,,/data/mouse_methyl/raw/GSE80672/fastq,0,1,ena_direct_first_then_sra_if_needed,True,,97
GSE80672,SRR3440685,GSM2132808,SRS1412318,SRX1727096,GSM2132808: GX2595; Mus musculus; Bisulfite-Seq,Bisulfite-Seq,GENOMIC,Reduced Representation,PAIRED,0,False,paired _1/_2 FASTQ,,,not_attempted_or_log_missing,schedule missing run after dataset-level priority and metadata gate; prefer ENA direct FASTQ for large batches,2403333900,16022226,,PAIRED,https://ftp.sra.ebi.ac.uk/vol1/fastq/SRR344/005/SRR3440685/SRR3440685_1.fastq.gz;https://ftp.sra.ebi.ac.uk/vol1/fastq/SRR344/005/SRR3440685/SRR3440685_2.fastq.gz,a57b22546c6716c1794bf3f3f832736b;c65f4d8ae9be20ddb271d303a0212d10,585929295;696693297,2,False,0,,/data/mouse_methyl/raw/GSE80672/fastq,0,1,ena_direct_first_then_sra_if_needed,True,,98
GSE80672,SRR3440675,GSM2132799,SRS1412309,SRX1727087,GSM2132799: GX2481; Mus musculus; Bisulfite-Seq,Bisulfite-Seq,GENOMIC,Reduced Representation,PAIRED,0,False,paired _1/_2 FASTQ,,,not_attempted_or_log_missing,schedule missing run after dataset-level priority and metadata gate; prefer ENA direct FASTQ for large batches,2402452650,16016351,,PAIRED,https://ftp.sra.ebi.ac.uk/vol1/fastq/SRR344/005/SRR3440675/SRR3440675_1.fastq.gz;https://ftp.sra.ebi.ac.uk/vol1/fastq/SRR344/005/SRR3440675/SRR3440675_2.fastq.gz,af1c7fb9b2835cf6f35ee918b7956b8b;73a40356081e99a90a55ba6742efab70,650018375;704564833,2,False,0,,/data/mouse_methyl/raw/GSE80672/fastq,0,1,ena_direct_first_then_sra_if_needed,True,,99
GSE80672,SRR3440681,GSM2132804,SRS1412314,SRX1727092,GSM2132804: GX2521; Mus musculus; Bisulfite-Seq,Bisulfite-Seq,GENOMIC,Reduced Representation,PAIRED,0,False,paired _1/_2 FASTQ,,,not_attempted_or_log_missing,schedule missing run after dataset-level priority and metadata gate; prefer ENA direct FASTQ for large batches,2371073550,15807157,,PAIRED,https://ftp.sra.ebi.ac.uk/vol1/fastq/SRR344/001/SRR3440681/SRR3440681_1.fastq.gz;https://ftp.sra.ebi.ac.uk/vol1/fastq/SRR344/001/SRR3440681/SRR3440681_2.fastq.gz,8fc72e3d5fd766dc84804e3002a9f7ed;67524023a8e275ea4bcb8b397f2854bf,647397593;736624186,2,False,0,,/data/mouse_methyl/raw/GSE80672/fastq,0,1,ena_direct_first_then_sra_if_needed,True,,100
GSE80672,SRR3440777,GSM2132871,SRS1412382,SRX1727159,GSM2132871: M1207; Mus musculus; Bisulfite-Seq,Bisulfite-Seq,GENOMIC,Reduced Representation,PAIRED,0,False,paired _1/_2 FASTQ,,,not_attempted_or_log_missing,schedule missing run after dataset-level priority and metadata gate; prefer ENA direct FASTQ for large batches,2350551900,15670346,,PAIRED,https://ftp.sra.ebi.ac.uk/vol1/fastq/SRR344/007/SRR3440777/SRR3440777_1.fastq.gz;https://ftp.sra.ebi.ac.uk/vol1/fastq/SRR344/007/SRR3440777/SRR3440777_2.fastq.gz,4c6a9384aa9d3d508734ae462269bb15;2ce29b7c99c0ae198ee8d9bd0082e7d5,583935269;772726494,2,False,0,,/data/mouse_methyl/raw/GSE80672/fastq,0,1,ena_direct_first_then_sra_if_needed,True,,101
GSE80672,SRR3440794,GSM2132882,SRS1412392,SRX1727170,GSM2132882: M1609; Mus musculus; Bisulfite-Seq,Bisulfite-Seq,GENOMIC,Reduced Representation,PAIRED,0,False,paired _1/_2 FASTQ,,,not_attempted_or_log_missing,schedule missing run after dataset-level priority and metadata gate; prefer ENA direct FASTQ for large batches,2308153350,15387689,,PAIRED,https://ftp.sra.ebi.ac.uk/vol1/fastq/SRR344/004/SRR3440794/SRR3440794_1.fastq.gz;https://ftp.sra.ebi.ac.uk/vol1/fastq/SRR344/004/SRR3440794/SRR3440794_2.fastq.gz,6859684a825c491b4afae12905a2b74d;b3c5ac7164672fc5897cfc9c6be7807d,582941964;722302380,2,False,0,,/data/mouse_methyl/raw/GSE80672/fastq,0,1,ena_direct_first_then_sra_if_needed,True,,102
GSE80672,SRR3440782,GSM2132875,SRS1412385,SRX1727163,GSM2132875: M1601; Mus musculus; Bisulfite-Seq,Bisulfite-Seq,GENOMIC,Reduced Representation,PAIRED,0,False,paired _1/_2 FASTQ,,,not_attempted_or_log_missing,schedule missing run after dataset-level priority and metadata gate; prefer ENA direct FASTQ for large batches,2299326750,15328845,,PAIRED,https://ftp.sra.ebi.ac.uk/vol1/fastq/SRR344/002/SRR3440782/SRR3440782_1.fastq.gz;https://ftp.sra.ebi.ac.uk/vol1/fastq/SRR344/002/SRR3440782/SRR3440782_2.fastq.gz,3ca87cc7ade33653e3bfc3ea57212e54;11a19446c21c0dbe48e8a842cb66e323,543796361;666059176,2,False,0,,/data/mouse_methyl/raw/GSE80672/fastq,0,1,ena_direct_first_then_sra_if_needed,True,,103
GSE80672,SRR3440837,GSM2132906,SRS1412417,SRX1727194,GSM2132906: M2405; Mus musculus; Bisulfite-Seq,Bisulfite-Seq,GENOMIC,Reduced Representation,PAIRED,0,False,paired _1/_2 FASTQ,,,not_attempted_or_log_missing,schedule missing run after dataset-level priority and metadata gate; prefer ENA direct FASTQ for large batches,2281316250,15208775,,PAIRED,https://ftp.sra.ebi.ac.uk/vol1/fastq/SRR344/007/SRR3440837/SRR3440837_1.fastq.gz;https://ftp.sra.ebi.ac.uk/vol1/fastq/SRR344/007/SRR3440837/SRR3440837_2.fastq.gz,1f4bc4ba1bf4116ec270cf056c1689ad;36afbb90fe80150b8a6a269970cd66a3,555029659;697523481,2,False,0,,/data/mouse_methyl/raw/GSE80672/fastq,0,1,ena_direct_first_then_sra_if_needed,True,,104
GSE80672,SRR3440694,GSM2132814,SRS1412324,SRX1727102,GSM2132814: K1; Mus musculus; Bisulfite-Seq,Bisulfite-Seq,GENOMIC,Reduced Representation,PAIRED,0,False,paired _1/_2 FASTQ,,,not_attempted_or_log_missing,schedule missing run after dataset-level priority and metadata gate; prefer ENA direct FASTQ for large batches,2178097650,14520651,,PAIRED,https://ftp.sra.ebi.ac.uk/vol1/fastq/SRR344/004/SRR3440694/SRR3440694_1.fastq.gz;https://ftp.sra.ebi.ac.uk/vol1/fastq/SRR344/004/SRR3440694/SRR3440694_2.fastq.gz,44e22a5b4ec12cec562b335de4fb488d;38c53df3f5a28eafe3be629666b4e217,549311951;678445905,2,False,0,,/data/mouse_methyl/raw/GSE80672/fastq,0,1,ena_direct_first_then_sra_if_needed,True,,105
GSE80672,SRR3440836,GSM2132905,SRS1412415,SRX1727193,GSM2132905: M2404; Mus musculus; Bisulfite-Seq,Bisulfite-Seq,GENOMIC,Reduced Representation,PAIRED,0,False,paired _1/_2 FASTQ,,,not_attempted_or_log_missing,schedule missing run after dataset-level priority and metadata gate; prefer ENA direct FASTQ for large batches,2140541550,14270277,,PAIRED,https://ftp.sra.ebi.ac.uk/vol1/fastq/SRR344/006/SRR3440836/SRR3440836_1.fastq.gz;https://ftp.sra.ebi.ac.uk/vol1/fastq/SRR344/006/SRR3440836/SRR3440836_2.fastq.gz,24d2381592a86ca16b171f497881d10a;10d51ddd735a5d87948e838fa5968695,570656254;595676208,2,False,0,,/data/mouse_methyl/raw/GSE80672/fastq,0,1,ena_direct_first_then_sra_if_needed,True,,106
GSE80672,SRR3440797,GSM2132883,SRS1412393,SRX1727171,GSM2132883: M1610; Mus musculus; Bisulfite-Seq,Bisulfite-Seq,GENOMIC,Reduced Representation,PAIRED,0,False,paired _1/_2 FASTQ,,,not_attempted_or_log_missing,schedule missing run after dataset-level priority and metadata gate; prefer ENA direct FASTQ for large batches,2107282200,14048548,,PAIRED,https://ftp.sra.ebi.ac.uk/vol1/fastq/SRR344/007/SRR3440797/SRR3440797_1.fastq.gz;https://ftp.sra.ebi.ac.uk/vol1/fastq/SRR344/007/SRR3440797/SRR3440797_2.fastq.gz,84433bf423025e38a24eb1b5638706c3;8f92dba53024431465037adf0a784153,565201089;579127912,2,False,0,,/data/mouse_methyl/raw/GSE80672/fastq,0,1,ena_direct_first_then_sra_if_needed,True,,107
GSE80672,SRR3440704,GSM2132819,SRS1412329,SRX1727107,GSM2132819: L3; Mus musculus; Bisulfite-Seq,Bisulfite-Seq,GENOMIC,Reduced Representation,PAIRED,0,False,paired _1/_2 FASTQ,,,not_attempted_or_log_missing,schedule missing run after dataset-level priority and metadata gate; prefer ENA direct FASTQ for large batches,2037835800,13585572,,PAIRED,https://ftp.sra.ebi.ac.uk/vol1/fastq/SRR344/004/SRR3440704/SRR3440704_1.fastq.gz;https://ftp.sra.ebi.ac.uk/vol1/fastq/SRR344/004/SRR3440704/SRR3440704_2.fastq.gz,ce1c3fa325ac4dde732ab0025709ad5d;deac7838fc81f7d9a36e050cb00e2361,501261307;625485205,2,False,0,,/data/mouse_methyl/raw/GSE80672/fastq,0,1,ena_direct_first_then_sra_if_needed,True,,108
GSE80672,SRR3440789,GSM2132878,SRS1412388,SRX1727166,GSM2132878: M1605; Mus musculus; Bisulfite-Seq,Bisulfite-Seq,GENOMIC,Reduced Representation,PAIRED,0,False,paired _1/_2 FASTQ,,,not_attempted_or_log_missing,schedule missing run after dataset-level priority and metadata gate; prefer ENA direct FASTQ for large batches,2033901900,13559346,,PAIRED,https://ftp.sra.ebi.ac.uk/vol1/fastq/SRR344/009/SRR3440789/SRR3440789_1.fastq.gz;https://ftp.sra.ebi.ac.uk/vol1/fastq/SRR344/009/SRR3440789/SRR3440789_2.fastq.gz,2c6670579fd8474fbe63228b77e5e5a0;393dad37f202ee135a9e736bbc421cbe,541250008;558052547,2,False,0,,/data/mouse_methyl/raw/GSE80672/fastq,0,1,ena_direct_first_then_sra_if_needed,True,,109
GSE80672,SRR3440790,GSM2132879,SRS1412389,SRX1727167,GSM2132879: M1606; Mus musculus; Bisulfite-Seq,Bisulfite-Seq,GENOMIC,Reduced Representation,PAIRED,0,False,paired _1/_2 FASTQ,,,not_attempted_or_log_missing,schedule missing run after dataset-level priority and metadata gate; prefer ENA direct FASTQ for large batches,2021552250,13477015,,PAIRED,https://ftp.sra.ebi.ac.uk/vol1/fastq/SRR344/000/SRR3440790/SRR3440790_1.fastq.gz;https://ftp.sra.ebi.ac.uk/vol1/fastq/SRR344/000/SRR3440790/SRR3440790_2.fastq.gz,18133bf057b3fce95fd26fb76da62359;b4ecfaf4ce8e780180ace1147ebb1152,544007915;619365140,2,False,0,,/data/mouse_methyl/raw/GSE80672/fastq,0,1,ena_direct_first_then_sra_if_needed,True,,110
GSE80672,SRR3440796,GSM2132883,SRS1412393,SRX1727171,GSM2132883: M1610; Mus musculus; Bisulfite-Seq,Bisulfite-Seq,GENOMIC,Reduced Representation,PAIRED,0,False,paired _1/_2 FASTQ,,,not_attempted_or_log_missing,schedule missing run after dataset-level priority and metadata gate; prefer ENA direct FASTQ for large batches,1965610200,13104068,,PAIRED,https://ftp.sra.ebi.ac.uk/vol1/fastq/SRR344/006/SRR3440796/SRR3440796_1.fastq.gz;https://ftp.sra.ebi.ac.uk/vol1/fastq/SRR344/006/SRR3440796/SRR3440796_2.fastq.gz,b570b623b324af6ab9a3c420a5942b35;0674a7e447d1b3255fd14f2aed7d9dac,494904000;604674334,2,False,0,,/data/mouse_methyl/raw/GSE80672/fastq,0,1,ena_direct_first_then_sra_if_needed,True,,111
GSE80672,SRR3440914,GSM2132950,SRS1412460,SRX1727238,GSM2132950: M3405; Mus musculus; Bisulfite-Seq,Bisulfite-Seq,GENOMIC,Reduced Representation,PAIRED,0,False,paired _1/_2 FASTQ,,,not_attempted_or_log_missing,schedule missing run after dataset-level priority and metadata gate; prefer ENA direct FASTQ for large batches,1714552200,11430348,,PAIRED,https://ftp.sra.ebi.ac.uk/vol1/fastq/SRR344/004/SRR3440914/SRR3440914_1.fastq.gz;https://ftp.sra.ebi.ac.uk/vol1/fastq/SRR344/004/SRR3440914/SRR3440914_2.fastq.gz,3a96e05892cefeb8b95c16aea4f6ef61;3b86200ca4a11e2f4b4e5969d12742b3,385883338;476347598,2,False,0,,/data/mouse_methyl/raw/GSE80672/fastq,0,1,ena_direct_first_then_sra_if_needed,True,,112
GSE80672,SRR3440788,GSM2132878,SRS1412388,SRX1727166,GSM2132878: M1605; Mus musculus; Bisulfite-Seq,Bisulfite-Seq,GENOMIC,Reduced Representation,PAIRED,0,False,paired _1/_2 FASTQ,,,not_attempted_or_log_missing,schedule missing run after dataset-level priority and metadata gate; prefer ENA direct FASTQ for large batches,1678016400,11186776,,PAIRED,https://ftp.sra.ebi.ac.uk/vol1/fastq/SRR344/008/SRR3440788/SRR3440788_1.fastq.gz;https://ftp.sra.ebi.ac.uk/vol1/fastq/SRR344/008/SRR3440788/SRR3440788_2.fastq.gz,acc2566a1573f340db01a24197a4368d;67b2fcb49c9105bfcb73d77cb5123ec4,411081163;502272204,2,False,0,,/data/mouse_methyl/raw/GSE80672/fastq,0,1,ena_direct_first_then_sra_if_needed,True,,113
GSE80672,SRR3440787,GSM2132877,SRS1412387,SRX1727165,GSM2132877: M1603; Mus musculus; Bisulfite-Seq,Bisulfite-Seq,GENOMIC,Reduced Representation,PAIRED,0,False,paired _1/_2 FASTQ,,,not_attempted_or_log_missing,schedule missing run after dataset-level priority and metadata gate; prefer ENA direct FASTQ for large batches,1467565950,9783773,,PAIRED,https://ftp.sra.ebi.ac.uk/vol1/fastq/SRR344/007/SRR3440787/SRR3440787_1.fastq.gz;https://ftp.sra.ebi.ac.uk/vol1/fastq/SRR344/007/SRR3440787/SRR3440787_2.fastq.gz,070d7aef98293ce5a004f34d9fed9b31;433328fe6273f415305d68aeed4e7c1c,434618766;487043785,2,False,0,,/data/mouse_methyl/raw/GSE80672/fastq,0,1,ena_direct_first_then_sra_if_needed,True,,114
GSE80672,SRR3440786,GSM2132877,SRS1412387,SRX1727165,GSM2132877: M1603; Mus musculus; Bisulfite-Seq,Bisulfite-Seq,GENOMIC,Reduced Representation,PAIRED,0,False,paired _1/_2 FASTQ,,,not_attempted_or_log_missing,schedule missing run after dataset-level priority and metadata gate; prefer ENA direct FASTQ for large batches,956966400,6379776,,PAIRED,https://ftp.sra.ebi.ac.uk/vol1/fastq/SRR344/006/SRR3440786/SRR3440786_1.fastq.gz;https://ftp.sra.ebi.ac.uk/vol1/fastq/SRR344/006/SRR3440786/SRR3440786_2.fastq.gz,1544cf13baa75dd6810ca687cd164321;0e5c380c5a3a8a79744da0d23b947d6a,264308927;287612061,2,False,0,,/data/mouse_methyl/raw/GSE80672/fastq,0,1,ena_direct_first_then_sra_if_needed,True,,115
GSE80672,SRR3440791,GSM2132880,SRS1412390,SRX1727168,GSM2132880: M1607; Mus musculus; Bisulfite-Seq,Bisulfite-Seq,GENOMIC,Reduced Representation,PAIRED,0,False,paired _1/_2 FASTQ,,,not_attempted_or_log_missing,schedule missing run after dataset-level priority and metadata gate; prefer ENA direct FASTQ for large batches,68649150,457661,,PAIRED,https://ftp.sra.ebi.ac.uk/vol1/fastq/SRR344/001/SRR3440791/SRR3440791_1.fastq.gz;https://ftp.sra.ebi.ac.uk/vol1/fastq/SRR344/001/SRR3440791/SRR3440791_2.fastq.gz,7daa2cc3c0b4fcdd1d33dab29fa47757;97ce2140295d05eea1cb4ba44b4f27bc,15777567;25443038,2,False,0,,/data/mouse_methyl/raw/GSE80672/fastq,0,1,ena_direct_first_then_sra_if_needed,True,,116
GSE121141,SRR8032999,GSM3426804,SRS3924503,SRX4865575,GSM3426804: L1208; Mus musculus; Bisulfite-Seq,Bisulfite-Seq,GENOMIC,RANDOM,PAIRED,0,False,paired _1/_2 FASTQ,,,not_attempted_or_log_missing,schedule missing run after dataset-level priority and metadata gate; prefer ENA direct FASTQ for large batches,36958790700,123195969,,PAIRED,https://ftp.sra.ebi.ac.uk/vol1/fastq/SRR803/009/SRR8032999/SRR8032999_1.fastq.gz;https://ftp.sra.ebi.ac.uk/vol1/fastq/SRR803/009/SRR8032999/SRR8032999_2.fastq.gz,6e902483159993bbd287682a104a37bf;121908b05441eebe2870ba032e9ea4a4,8105307793;9951872444,2,False,0,,/data/mouse_methyl/raw/GSE121141/fastq,1,1,ena_direct_first_then_sra_if_needed,True,,117
GSE121141,SRR8032963,GSM3426778,SRS3924495,SRX4865549,GSM3426778: H0610; Mus musculus; Bisulfite-Seq,Bisulfite-Seq,GENOMIC,RANDOM,PAIRED,0,False,paired _1/_2 FASTQ,,,not_attempted_or_log_missing,schedule missing run after dataset-level priority and metadata gate; prefer ENA direct FASTQ for large batches,35914841400,119716138,,PAIRED,https://ftp.sra.ebi.ac.uk/vol1/fastq/SRR803/003/SRR8032963/SRR8032963_1.fastq.gz;https://ftp.sra.ebi.ac.uk/vol1/fastq/SRR803/003/SRR8032963/SRR8032963_2.fastq.gz,8090599e50bf4fb8c0abb5fc3f36aa6a;2f8d7dec17347f5c5f960a4ee59a8552,7967501518;9869721172,2,False,0,,/data/mouse_methyl/raw/GSE121141/fastq,1,1,ena_direct_first_then_sra_if_needed,True,,118
GSE121141,SRR8033010,GSM3426811,SRS3924504,SRX4865582,GSM3426811: L3003; Mus musculus; Bisulfite-Seq,Bisulfite-Seq,GENOMIC,RANDOM,PAIRED,0,False,paired _1/_2 FASTQ,,,not_attempted_or_log_missing,schedule missing run after dataset-level priority and metadata gate; prefer ENA direct FASTQ for large batches,29114781900,97049273,,PAIRED,https://ftp.sra.ebi.ac.uk/vol1/fastq/SRR803/000/SRR8033010/SRR8033010_1.fastq.gz;https://ftp.sra.ebi.ac.uk/vol1/fastq/SRR803/000/SRR8033010/SRR8033010_2.fastq.gz,0057e0a282e4da0a6067430091d1d3e1;3be91cb484eaa3630b2726862dca7b19,6552639246;8395751116,2,False,0,,/data/mouse_methyl/raw/GSE121141/fastq,1,1,ena_direct_first_then_sra_if_needed,True,,119
GSE121141,SRR8033036,GSM3426830,SRS3924512,SRX4865601,GSM3426830: Lu3003; Mus musculus; Bisulfite-Seq,Bisulfite-Seq,GENOMIC,RANDOM,PAIRED,0,False,paired _1/_2 FASTQ,,,not_attempted_or_log_missing,schedule missing run after dataset-level priority and metadata gate; prefer ENA direct FASTQ for large batches,25696710600,85655702,,PAIRED,https://ftp.sra.ebi.ac.uk/vol1/fastq/SRR803/006/SRR8033036/SRR8033036_1.fastq.gz;https://ftp.sra.ebi.ac.uk/vol1/fastq/SRR803/006/SRR8033036/SRR8033036_2.fastq.gz,ab30562855cf0f92dc157fc78a38b060;e67dd1a88dcfbd85d4ca7cfd88c50bab,5808134313;6766083011,2,False,0,,/data/mouse_methyl/raw/GSE121141/fastq,1,1,ena_direct_first_then_sra_if_needed,True,,120
GSE121141,SRR8032957,GSM3426773,SRS3924493,SRX4865544,GSM3426773: Br3010; Mus musculus; Bisulfite-Seq,Bisulfite-Seq,GENOMIC,RANDOM,PAIRED,0,False,paired _1/_2 FASTQ,,,not_attempted_or_log_missing,schedule missing run after dataset-level priority and metadata gate; prefer ENA direct FASTQ for large batches,21605632800,72018776,,PAIRED,https://ftp.sra.ebi.ac.uk/vol1/fastq/SRR803/007/SRR8032957/SRR8032957_1.fastq.gz;https://ftp.sra.ebi.ac.uk/vol1/fastq/SRR803/007/SRR8032957/SRR8032957_2.fastq.gz,619663fdb2e1caacfdbac42b384c9bb6;f76777ef44d2a94d8232fbb5c5abf1ee,4897791354;5717171341,2,False,0,,/data/mouse_methyl/raw/GSE121141/fastq,1,1,ena_direct_first_then_sra_if_needed,True,,121
GSE121141,SRR8032968,GSM3426782,SRS3924496,SRX4865553,GSM3426782: H1207; Mus musculus; Bisulfite-Seq,Bisulfite-Seq,GENOMIC,RANDOM,PAIRED,0,False,paired _1/_2 FASTQ,,,not_attempted_or_log_missing,schedule missing run after dataset-level priority and metadata gate; prefer ENA direct FASTQ for large batches,20101354800,67004516,,PAIRED,https://ftp.sra.ebi.ac.uk/vol1/fastq/SRR803/008/SRR8032968/SRR8032968_1.fastq.gz;https://ftp.sra.ebi.ac.uk/vol1/fastq/SRR803/008/SRR8032968/SRR8032968_2.fastq.gz,d2e0c697662750486abb62272d956e6e;72647358576507be6b0314bc955a0738,4512620131;5133574519,2,False,0,,/data/mouse_methyl/raw/GSE121141/fastq,1,1,ena_direct_first_then_sra_if_needed,True,,122
GSE121141,SRR8033031,GSM3426827,SRS3924511,SRX4865598,GSM3426827: Lu2005; Mus musculus; Bisulfite-Seq,Bisulfite-Seq,GENOMIC,RANDOM,PAIRED,0,False,paired _1/_2 FASTQ,,,not_attempted_or_log_missing,schedule missing run after dataset-level priority and metadata gate; prefer ENA direct FASTQ for large batches,15501365700,51671219,,PAIRED,https://ftp.sra.ebi.ac.uk/vol1/fastq/SRR803/001/SRR8033031/SRR8033031_1.fastq.gz;https://ftp.sra.ebi.ac.uk/vol1/fastq/SRR803/001/SRR8033031/SRR8033031_2.fastq.gz,822ce6d2c48f528d519681cd0e180988;47eeeda2c9a9b06f1c22683b9bd888df,3387333453;3858644243,2,False,0,,/data/mouse_methyl/raw/GSE121141/fastq,1,1,ena_direct_first_then_sra_if_needed,True,,123
GSE121141,SRR8032981,GSM3426791,SRS3924499,SRX4865562,GSM3426791: H3004; Mus musculus; Bisulfite-Seq,Bisulfite-Seq,GENOMIC,RANDOM,PAIRED,0,False,paired _1/_2 FASTQ,,,not_attempted_or_log_missing,schedule missing run after dataset-level priority and metadata gate; prefer ENA direct FASTQ for large batches,14788826100,49296087,,PAIRED,https://ftp.sra.ebi.ac.uk/vol1/fastq/SRR803/001/SRR8032981/SRR8032981_1.fastq.gz;https://ftp.sra.ebi.ac.uk/vol1/fastq/SRR803/001/SRR8032981/SRR8032981_2.fastq.gz,f116ebe341b0ddad04d29b4cbb8b1b50;cc6963dd5535ee941e1cba947211707f,3238764641;3644123888,2,False,0,,/data/mouse_methyl/raw/GSE121141/fastq,1,1,ena_direct_first_then_sra_if_needed,True,,124
GSE121141,SRR8033007,GSM3426808,SRS3924502,SRX4865579,GSM3426808: L2005; Mus musculus; Bisulfite-Seq,Bisulfite-Seq,GENOMIC,RANDOM,PAIRED,0,False,paired _1/_2 FASTQ,,,not_attempted_or_log_missing,schedule missing run after dataset-level priority and metadata gate; prefer ENA direct FASTQ for large batches,14738487600,49128292,,PAIRED,https://ftp.sra.ebi.ac.uk/vol1/fastq/SRR803/007/SRR8033007/SRR8033007_1.fastq.gz;https://ftp.sra.ebi.ac.uk/vol1/fastq/SRR803/007/SRR8033007/SRR8033007_2.fastq.gz,8f66ea08724640745dff36edc69300e8;6b12579dde41fca8717ced311bb191d2,3256957147;4328480235,2,False,0,,/data/mouse_methyl/raw/GSE121141/fastq,1,1,ena_direct_first_then_sra_if_needed,True,,125
GSE121141,SRR8033006,GSM3426808,SRS3924502,SRX4865579,GSM3426808: L2005; Mus musculus; Bisulfite-Seq,Bisulfite-Seq,GENOMIC,RANDOM,PAIRED,0,False,paired _1/_2 FASTQ,,,not_attempted_or_log_missing,schedule missing run after dataset-level priority and metadata gate; prefer ENA direct FASTQ for large batches,14135349900,47117833,,PAIRED,https://ftp.sra.ebi.ac.uk/vol1/fastq/SRR803/006/SRR8033006/SRR8033006_1.fastq.gz;https://ftp.sra.ebi.ac.uk/vol1/fastq/SRR803/006/SRR8033006/SRR8033006_2.fastq.gz,a73f4bc0cdf8cd2d13e5f5ae3eb187cd;f2a520d55d3f6bd2bc0a9dd7ac030207,3104762201;3996351935,2,False,0,,/data/mouse_methyl/raw/GSE121141/fastq,1,1,ena_direct_first_then_sra_if_needed,True,,126
GSE121141,SRR8032948,GSM3426766,SRS3924492,SRX4865537,GSM3426766: Br2005; Mus musculus; Bisulfite-Seq,Bisulfite-Seq,GENOMIC,RANDOM,PAIRED,0,False,paired _1/_2 FASTQ,,,not_attempted_or_log_missing,schedule missing run after dataset-level priority and metadata gate; prefer ENA direct FASTQ for large batches,14084836800,46949456,,PAIRED,https://ftp.sra.ebi.ac.uk/vol1/fastq/SRR803/008/SRR8032948/SRR8032948_1.fastq.gz;https://ftp.sra.ebi.ac.uk/vol1/fastq/SRR803/008/SRR8032948/SRR8032948_2.fastq.gz,67692976fc1c59148464af54201c25f5;12c512313a32ecdf5454f7517e7dc5bf,3196018285;3924971434,2,False,0,,/data/mouse_methyl/raw/GSE121141/fastq,1,1,ena_direct_first_then_sra_if_needed,True,,127
GSE121141,SRR8033028,GSM3426824,SRS3924510,SRX4865595,GSM3426824: Lu1209; Mus musculus; Bisulfite-Seq,Bisulfite-Seq,GENOMIC,RANDOM,PAIRED,0,False,paired _1/_2 FASTQ,,,not_attempted_or_log_missing,schedule missing run after dataset-level priority and metadata gate; prefer ENA direct FASTQ for large batches,13761249000,45870830,,PAIRED,https://ftp.sra.ebi.ac.uk/vol1/fastq/SRR803/008/SRR8033028/SRR8033028_1.fastq.gz;https://ftp.sra.ebi.ac.uk/vol1/fastq/SRR803/008/SRR8033028/SRR8033028_2.fastq.gz,0905e2b26b6f08e721bdce402b946303;bd6bce140a8f5579e42615c768728612,3046648925;3518785145,2,False,0,,/data/mouse_methyl/raw/GSE121141/fastq,1,1,ena_direct_first_then_sra_if_needed,True,,128
GSE121141,SRR8032990,GSM3426797,SRS3924500,SRX4865568,GSM3426797: L0608; Mus musculus; Bisulfite-Seq,Bisulfite-Seq,GENOMIC,RANDOM,PAIRED,0,False,paired _1/_2 FASTQ,,,not_attempted_or_log_missing,schedule missing run after dataset-level priority and metadata gate; prefer ENA direct FASTQ for large batches,13497412200,44991374,,PAIRED,https://ftp.sra.ebi.ac.uk/vol1/fastq/SRR803/000/SRR8032990/SRR8032990_1.fastq.gz;https://ftp.sra.ebi.ac.uk/vol1/fastq/SRR803/000/SRR8032990/SRR8032990_2.fastq.gz,baf0a849e867d1359e50523a883565c7;d47bc61f852f2e6f1c451d25be5c8720,3076394661;3665349059,2,False,0,,/data/mouse_methyl/raw/GSE121141/fastq,1,1,ena_direct_first_then_sra_if_needed,True,,129
GSE121141,SRR8032991,GSM3426797,SRS3924500,SRX4865568,GSM3426797: L0608; Mus musculus; Bisulfite-Seq,Bisulfite-Seq,GENOMIC,RANDOM,PAIRED,0,False,paired _1/_2 FASTQ,,,not_attempted_or_log_missing,schedule missing run after dataset-level priority and metadata gate; prefer ENA direct FASTQ for large batches,13101677400,43672258,,PAIRED,https://ftp.sra.ebi.ac.uk/vol1/fastq/SRR803/001/SRR8032991/SRR8032991_1.fastq.gz;https://ftp.sra.ebi.ac.uk/vol1/fastq/SRR803/001/SRR8032991/SRR8032991_2.fastq.gz,b1084269fd50309a81f18960c7fb945c;9bd846f3af68c9c19776d2bf3bbc2d2a,2964390068;3489723343,2,False,0,,/data/mouse_methyl/raw/GSE121141/fastq,1,1,ena_direct_first_then_sra_if_needed,True,,130
GSE121141,SRR8033023,GSM3426821,SRS3924508,SRX4865592,GSM3426821: Lu1204; Mus musculus; Bisulfite-Seq,Bisulfite-Seq,GENOMIC,RANDOM,PAIRED,0,False,paired _1/_2 FASTQ,,,not_attempted_or_log_missing,schedule missing run after dataset-level priority and metadata gate; prefer ENA direct FASTQ for large batches,12517758600,41725862,,PAIRED,https://ftp.sra.ebi.ac.uk/vol1/fastq/SRR803/003/SRR8033023/SRR8033023_1.fastq.gz;https://ftp.sra.ebi.ac.uk/vol1/fastq/SRR803/003/SRR8033023/SRR8033023_2.fastq.gz,cbda131f52f54678b92c3f8c1c48f4d2;7be5581b0221e285b45dc40666a75cb1,2802605172;3514477809,2,False,0,,/data/mouse_methyl/raw/GSE121141/fastq,1,1,ena_direct_first_then_sra_if_needed,True,,131
GSE121141,SRR8033008,GSM3426809,SRS3924398,SRX4865580,GSM3426809: L2006; Mus musculus; Bisulfite-Seq,Bisulfite-Seq,GENOMIC,RANDOM,PAIRED,0,False,paired _1/_2 FASTQ,,,not_attempted_or_log_missing,schedule missing run after dataset-level priority and metadata gate; prefer ENA direct FASTQ for large batches,12435882900,41452943,,PAIRED,https://ftp.sra.ebi.ac.uk/vol1/fastq/SRR803/008/SRR8033008/SRR8033008_1.fastq.gz;https://ftp.sra.ebi.ac.uk/vol1/fastq/SRR803/008/SRR8033008/SRR8033008_2.fastq.gz,d96b673ca9a06bf80aadea8a405f57bf;5d3022cbe5d00a55fc72b3a82af28d50,2794666039;3095468402,2,False,0,,/data/mouse_methyl/raw/GSE121141/fastq,1,1,ena_direct_first_then_sra_if_needed,True,,132
GSE121141,SRR8032992,GSM3426798,SRS3924501,SRX4865569,GSM3426798: L0609; Mus musculus; Bisulfite-Seq,Bisulfite-Seq,GENOMIC,RANDOM,PAIRED,0,False,paired _1/_2 FASTQ,,,not_attempted_or_log_missing,schedule missing run after dataset-level priority and metadata gate; prefer ENA direct FASTQ for large batches,12235031100,40783437,,PAIRED,https://ftp.sra.ebi.ac.uk/vol1/fastq/SRR803/002/SRR8032992/SRR8032992_1.fastq.gz;https://ftp.sra.ebi.ac.uk/vol1/fastq/SRR803/002/SRR8032992/SRR8032992_2.fastq.gz,e5237e419a9b0895e06007b0e237caa2;1d886ae76892d7c65751a945685b0520,2794513269;3141531901,2,False,0,,/data/mouse_methyl/raw/GSE121141/fastq,1,1,ena_direct_first_then_sra_if_needed,True,,133
GSE121141,SRR8032958,GSM3426774,SRS3924372,SRX4865545,GSM3426774: H0603; Mus musculus; Bisulfite-Seq,Bisulfite-Seq,GENOMIC,RANDOM,PAIRED,0,False,paired _1/_2 FASTQ,,,not_attempted_or_log_missing,schedule missing run after dataset-level priority and metadata gate; prefer ENA direct FASTQ for large batches,11920644900,39735483,,PAIRED,https://ftp.sra.ebi.ac.uk/vol1/fastq/SRR803/008/SRR8032958/SRR8032958_1.fastq.gz;https://ftp.sra.ebi.ac.uk/vol1/fastq/SRR803/008/SRR8032958/SRR8032958_2.fastq.gz,950387e4d79032f692bc417f058603fa;36cb6b68bcb975c1d6fa4234a521e63c,2577164562;3108630455,2,False,0,,/data/mouse_methyl/raw/GSE121141/fastq,1,1,ena_direct_first_then_sra_if_needed,True,,134
GSE121141,SRR8032956,GSM3426772,SRS3924370,SRX4865543,GSM3426772: Br3009; Mus musculus; Bisulfite-Seq,Bisulfite-Seq,GENOMIC,RANDOM,PAIRED,0,False,paired _1/_2 FASTQ,,,not_attempted_or_log_missing,schedule missing run after dataset-level priority and metadata gate; prefer ENA direct FASTQ for large batches,11727980400,39093268,,PAIRED,https://ftp.sra.ebi.ac.uk/vol1/fastq/SRR803/006/SRR8032956/SRR8032956_1.fastq.gz;https://ftp.sra.ebi.ac.uk/vol1/fastq/SRR803/006/SRR8032956/SRR8032956_2.fastq.gz,7f9fee9eab50c2a56409dc2d910170e8;ba2742574f2a5f8c28aa851d0541aada,2641942498;2951526642,2,False,0,,/data/mouse_methyl/raw/GSE121141/fastq,1,1,ena_direct_first_then_sra_if_needed,True,,135
GSE121141,SRR8032959,GSM3426774,SRS3924372,SRX4865545,GSM3426774: H0603; Mus musculus; Bisulfite-Seq,Bisulfite-Seq,GENOMIC,RANDOM,PAIRED,0,False,paired _1/_2 FASTQ,,,not_attempted_or_log_missing,schedule missing run after dataset-level priority and metadata gate; prefer ENA direct FASTQ for large batches,11566160700,38553869,,PAIRED,https://ftp.sra.ebi.ac.uk/vol1/fastq/SRR803/009/SRR8032959/SRR8032959_1.fastq.gz;https://ftp.sra.ebi.ac.uk/vol1/fastq/SRR803/009/SRR8032959/SRR8032959_2.fastq.gz,45077d3f563c6b5b9f1c366d495d0d7a;6ba76a2b079c8d7ed7e819d15f7099cf,2539877636;3041711466,2,False,0,,/data/mouse_methyl/raw/GSE121141/fastq,1,1,ena_direct_first_then_sra_if_needed,True,,136
GSE121141,SRR8032943,GSM3426763,SRS3924490,SRX4865534,GSM3426763: Br1209; Mus musculus; Bisulfite-Seq,Bisulfite-Seq,GENOMIC,RANDOM,PAIRED,0,False,paired _1/_2 FASTQ,,,not_attempted_or_log_missing,schedule missing run after dataset-level priority and metadata gate; prefer ENA direct FASTQ for large batches,11312682900,37708943,,PAIRED,https://ftp.sra.ebi.ac.uk/vol1/fastq/SRR803/003/SRR8032943/SRR8032943_1.fastq.gz;https://ftp.sra.ebi.ac.uk/vol1/fastq/SRR803/003/SRR8032943/SRR8032943_2.fastq.gz,bbc140bf29f6646f105027aaba150ef4;b379f48dadc13c8fff0716b6ce676438,2538138558;2817809288,2,False,0,,/data/mouse_methyl/raw/GSE121141/fastq,1,1,ena_direct_first_then_sra_if_needed,True,,137
GSE121141,SRR8033040,GSM3426833,SRS3924514,SRX4865604,GSM3426833: Lu3009; Mus musculus; Bisulfite-Seq,Bisulfite-Seq,GENOMIC,RANDOM,PAIRED,0,False,paired _1/_2 FASTQ,,,not_attempted_or_log_missing,schedule missing run after dataset-level priority and metadata gate; prefer ENA direct FASTQ for large batches,11121081900,37070273,,PAIRED,https://ftp.sra.ebi.ac.uk/vol1/fastq/SRR803/000/SRR8033040/SRR8033040_1.fastq.gz;https://ftp.sra.ebi.ac.uk/vol1/fastq/SRR803/000/SRR8033040/SRR8033040_2.fastq.gz,6c78f78cc42c4e52f7b4a080c23f1ca5;973c8b15c13c214ed4785c25365dec03,2468099514;2775837723,2,False,0,,/data/mouse_methyl/raw/GSE121141/fastq,1,1,ena_direct_first_then_sra_if_needed,True,,138
GSE121141,SRR8032976,GSM3426787,SRS3924381,SRX4865558,GSM3426787: H2005; Mus musculus; Bisulfite-Seq,Bisulfite-Seq,GENOMIC,RANDOM,PAIRED,0,False,paired _1/_2 FASTQ,,,not_attempted_or_log_missing,schedule missing run after dataset-level priority and metadata gate; prefer ENA direct FASTQ for large batches,11069883600,36899612,,PAIRED,https://ftp.sra.ebi.ac.uk/vol1/fastq/SRR803/006/SRR8032976/SRR8032976_1.fastq.gz;https://ftp.sra.ebi.ac.uk/vol1/fastq/SRR803/006/SRR8032976/SRR8032976_2.fastq.gz,e1df06ec59fac639e6fb5df9b25aab43;0eac900e448a3fda0ce7b05ffeee5953,2477188891;3080235481,2,False,0,,/data/mouse_methyl/raw/GSE121141/fastq,1,1,ena_direct_first_then_sra_if_needed,True,,139
GSE121141,SRR8033016,GSM3426815,SRS3924505,SRX4865586,GSM3426815: Lu0603; Mus musculus; Bisulfite-Seq,Bisulfite-Seq,GENOMIC,RANDOM,PAIRED,0,False,paired _1/_2 FASTQ,,,not_attempted_or_log_missing,schedule missing run after dataset-level priority and metadata gate; prefer ENA direct FASTQ for large batches,10911832800,36372776,,PAIRED,https://ftp.sra.ebi.ac.uk/vol1/fastq/SRR803/006/SRR8033016/SRR8033016_1.fastq.gz;https://ftp.sra.ebi.ac.uk/vol1/fastq/SRR803/006/SRR8033016/SRR8033016_2.fastq.gz,71d19733d407c1764e5517d3faaa0fc2;d756d4f605aa5658fa8186b124fd136f,2458269467;2819012877,2,False,0,,/data/mouse_methyl/raw/GSE121141/fastq,1,1,ena_direct_first_then_sra_if_needed,True,,140
GSE121141,SRR8033030,GSM3426826,SRS3924509,SRX4865597,GSM3426826: Lu2004; Mus musculus; Bisulfite-Seq,Bisulfite-Seq,GENOMIC,RANDOM,PAIRED,0,False,paired _1/_2 FASTQ,,,not_attempted_or_log_missing,schedule missing run after dataset-level priority and metadata gate; prefer ENA direct FASTQ for large batches,10840233000,36134110,,PAIRED,https://ftp.sra.ebi.ac.uk/vol1/fastq/SRR803/000/SRR8033030/SRR8033030_1.fastq.gz;https://ftp.sra.ebi.ac.uk/vol1/fastq/SRR803/000/SRR8033030/SRR8033030_2.fastq.gz,9a3a0030aebfdf611b4d72b297c06426;c46e1a6795f197085bda0ce8dfdc01c3,2396960516;2711954412,2,False,0,,/data/mouse_methyl/raw/GSE121141/fastq,1,1,ena_direct_first_then_sra_if_needed,True,,141
GSE121141,SRR8033015,GSM3426814,SRS3924506,SRX4865585,GSM3426814: L3010; Mus musculus; Bisulfite-Seq,Bisulfite-Seq,GENOMIC,RANDOM,PAIRED,0,False,paired _1/_2 FASTQ,,,not_attempted_or_log_missing,schedule missing run after dataset-level priority and metadata gate; prefer ENA direct FASTQ for large batches,10637563200,35458544,,PAIRED,https://ftp.sra.ebi.ac.uk/vol1/fastq/SRR803/005/SRR8033015/SRR8033015_1.fastq.gz;https://ftp.sra.ebi.ac.uk/vol1/fastq/SRR803/005/SRR8033015/SRR8033015_2.fastq.gz,52b871bee248776b4d6f03b84c76a2bb;63dd479dfa8f4969bd6505c17f7bf672,2415959529;2948413922,2,False,0,,/data/mouse_methyl/raw/GSE121141/fastq,1,1,ena_direct_first_then_sra_if_needed,True,,142
GSE121141,SRR8032950,GSM3426767,SRS3924365,SRX4865538,GSM3426767: Br2006; Mus musculus; Bisulfite-Seq,Bisulfite-Seq,GENOMIC,RANDOM,PAIRED,0,False,paired _1/_2 FASTQ,,,not_attempted_or_log_missing,schedule missing run after dataset-level priority and metadata gate; prefer ENA direct FASTQ for large batches,10621506300,35405021,,PAIRED,https://ftp.sra.ebi.ac.uk/vol1/fastq/SRR803/000/SRR8032950/SRR8032950_1.fastq.gz;https://ftp.sra.ebi.ac.uk/vol1/fastq/SRR803/000/SRR8032950/SRR8032950_2.fastq.gz,f26ae5f6554723097c9b168d580ac55b;a99cdac9f182c5858a6063d4c294454d,2206256218;2711743787,2,False,0,,/data/mouse_methyl/raw/GSE121141/fastq,1,1,ena_direct_first_then_sra_if_needed,True,,143
GSE121141,SRR8032949,GSM3426767,SRS3924365,SRX4865538,GSM3426767: Br2006; Mus musculus; Bisulfite-Seq,Bisulfite-Seq,GENOMIC,RANDOM,PAIRED,0,False,paired _1/_2 FASTQ,,,not_attempted_or_log_missing,schedule missing run after dataset-level priority and metadata gate; prefer ENA direct FASTQ for large batches,10560655800,35202186,,PAIRED,https://ftp.sra.ebi.ac.uk/vol1/fastq/SRR803/009/SRR8032949/SRR8032949_1.fastq.gz;https://ftp.sra.ebi.ac.uk/vol1/fastq/SRR803/009/SRR8032949/SRR8032949_2.fastq.gz,61719a3d006b64a44d3527771211602a;fedbb9ca76738b88744d668cd61c619f,2236603865;2762233082,2,False,0,,/data/mouse_methyl/raw/GSE121141/fastq,1,1,ena_direct_first_then_sra_if_needed,True,,144
GSE121141,SRR8032961,GSM3426776,SRS3924494,SRX4865547,GSM3426776: H0608; Mus musculus; Bisulfite-Seq,Bisulfite-Seq,GENOMIC,RANDOM,PAIRED,0,False,paired _1/_2 FASTQ,,,not_attempted_or_log_missing,schedule missing run after dataset-level priority and metadata gate; prefer ENA direct FASTQ for large batches,10525629900,35085433,,PAIRED,https://ftp.sra.ebi.ac.uk/vol1/fastq/SRR803/001/SRR8032961/SRR8032961_1.fastq.gz;https://ftp.sra.ebi.ac.uk/vol1/fastq/SRR803/001/SRR8032961/SRR8032961_2.fastq.gz,11c4bb46ba9034e435986ebd44ae965f;3e20300a8b0eb4ad65d18abffcbe382f,2407142103;2703792146,2,False,0,,/data/mouse_methyl/raw/GSE121141/fastq,1,1,ena_direct_first_then_sra_if_needed,True,,145
GSE121141,SRR8032995,GSM3426801,SRS3924392,SRX4865572,GSM3426801: L1203; Mus musculus; Bisulfite-Seq,Bisulfite-Seq,GENOMIC,RANDOM,PAIRED,0,False,paired _1/_2 FASTQ,,,not_attempted_or_log_missing,schedule missing run after dataset-level priority and metadata gate; prefer ENA direct FASTQ for large batches,10367598000,34558660,,PAIRED,https://ftp.sra.ebi.ac.uk/vol1/fastq/SRR803/005/SRR8032995/SRR8032995_1.fastq.gz;https://ftp.sra.ebi.ac.uk/vol1/fastq/SRR803/005/SRR8032995/SRR8032995_2.fastq.gz,6798126cbed37bee1afa3161b85b8f33;76b07ac929739efff8a2925b382ed38d,2320534371;2619568854,2,False,0,,/data/mouse_methyl/raw/GSE121141/fastq,1,1,ena_direct_first_then_sra_if_needed,True,,146
GSE121141,SRR8032985,GSM3426794,SRS3924387,SRX4865565,GSM3426794: H3010; Mus musculus; Bisulfite-Seq,Bisulfite-Seq,GENOMIC,RANDOM,PAIRED,0,False,paired _1/_2 FASTQ,,,not_attempted_or_log_missing,schedule missing run after dataset-level priority and metadata gate; prefer ENA direct FASTQ for large batches,10333658100,34445527,,PAIRED,https://ftp.sra.ebi.ac.uk/vol1/fastq/SRR803/005/SRR8032985/SRR8032985_1.fastq.gz;https://ftp.sra.ebi.ac.uk/vol1/fastq/SRR803/005/SRR8032985/SRR8032985_2.fastq.gz,4220225ec300e9b84462f49411f59d36;b188f5c31455d2d22c97569a9376904f,2324763014;2601873180,2,False,0,,/data/mouse_methyl/raw/GSE121141/fastq,1,1,ena_direct_first_then_sra_if_needed,True,,147
GSE121141,SRR8032955,GSM3426771,SRS3924369,SRX4865542,GSM3426771: Br3008; Mus musculus; Bisulfite-Seq,Bisulfite-Seq,GENOMIC,RANDOM,PAIRED,0,False,paired _1/_2 FASTQ,,,not_attempted_or_log_missing,schedule missing run after dataset-level priority and metadata gate; prefer ENA direct FASTQ for large batches,9859886400,32866288,,PAIRED,https://ftp.sra.ebi.ac.uk/vol1/fastq/SRR803/005/SRR8032955/SRR8032955_1.fastq.gz;https://ftp.sra.ebi.ac.uk/vol1/fastq/SRR803/005/SRR8032955/SRR8032955_2.fastq.gz,3de63877b320bf33a08e4947f2342000;8b809823d4494b7dce9ea9a695365ee7,2300011724;2629894435,2,False,0,,/data/mouse_methyl/raw/GSE121141/fastq,1,1,ena_direct_first_then_sra_if_needed,True,,148
GSE121141,SRR8033037,GSM3426831,SRS3924513,SRX4865602,GSM3426831: Lu3004; Mus musculus; Bisulfite-Seq,Bisulfite-Seq,GENOMIC,RANDOM,PAIRED,0,False,paired _1/_2 FASTQ,,,not_attempted_or_log_missing,schedule missing run after dataset-level priority and metadata gate; prefer ENA direct FASTQ for large batches,9428065500,31426885,,PAIRED,https://ftp.sra.ebi.ac.uk/vol1/fastq/SRR803/007/SRR8033037/SRR8033037_1.fastq.gz;https://ftp.sra.ebi.ac.uk/vol1/fastq/SRR803/007/SRR8033037/SRR8033037_2.fastq.gz,546d478170e267ee705ef60da1b07c7d;51a02ec903a1bac28dcfdc2a7c8e9a26,2086891244;2356959237,2,False,0,,/data/mouse_methyl/raw/GSE121141/fastq,1,1,ena_direct_first_then_sra_if_needed,True,,149
GSE121141,SRR8032946,GSM3426765,SRS3924363,SRX4865536,GSM3426765: Br2004; Mus musculus; Bisulfite-Seq,Bisulfite-Seq,GENOMIC,RANDOM,PAIRED,0,False,paired _1/_2 FASTQ,,,not_attempted_or_log_missing,schedule missing run after dataset-level priority and metadata gate; prefer ENA direct FASTQ for large batches,9375516600,31251722,,PAIRED,https://ftp.sra.ebi.ac.uk/vol1/fastq/SRR803/006/SRR8032946/SRR8032946_1.fastq.gz;https://ftp.sra.ebi.ac.uk/vol1/fastq/SRR803/006/SRR8032946/SRR8032946_2.fastq.gz,02834c9a05b999b8cb9d5dee9f7f3c8e;6f3c766db960e8dbbe5db8327a64c772,2114604609;2317417420,2,False,0,,/data/mouse_methyl/raw/GSE121141/fastq,1,1,ena_direct_first_then_sra_if_needed,True,,150
GSE121141,SRR8032960,GSM3426775,SRS3924371,SRX4865546,GSM3426775: H0607; Mus musculus; Bisulfite-Seq,Bisulfite-Seq,GENOMIC,RANDOM,PAIRED,0,False,paired _1/_2 FASTQ,,,not_attempted_or_log_missing,schedule missing run after dataset-level priority and metadata gate; prefer ENA direct FASTQ for large batches,9371353800,31237846,,PAIRED,https://ftp.sra.ebi.ac.uk/vol1/fastq/SRR803/000/SRR8032960/SRR8032960_1.fastq.gz;https://ftp.sra.ebi.ac.uk/vol1/fastq/SRR803/000/SRR8032960/SRR8032960_2.fastq.gz,f2d26ad94c80be127f81ffe77f25f127;c877e6f36049c6247bd6ea255135b206,2141907175;2445702851,2,False,0,,/data/mouse_methyl/raw/GSE121141/fastq,1,1,ena_direct_first_then_sra_if_needed,True,,151
GSE121141,SRR8032978,GSM3426789,SRS3924383,SRX4865560,GSM3426789: H2010; Mus musculus; Bisulfite-Seq,Bisulfite-Seq,GENOMIC,RANDOM,PAIRED,0,False,paired _1/_2 FASTQ,,,not_attempted_or_log_missing,schedule missing run after dataset-level priority and metadata gate; prefer ENA direct FASTQ for large batches,9307500900,31025003,,PAIRED,https://ftp.sra.ebi.ac.uk/vol1/fastq/SRR803/008/SRR8032978/SRR8032978_1.fastq.gz;https://ftp.sra.ebi.ac.uk/vol1/fastq/SRR803/008/SRR8032978/SRR8032978_2.fastq.gz,800afc2d0f2542f27e5747fd13539512;aee4b4c167197a8f12531650b34df08e,2028677233;2294369560,2,False,0,,/data/mouse_methyl/raw/GSE121141/fastq,1,1,ena_direct_first_then_sra_if_needed,True,,152
GSE121141,SRR8033009,GSM3426810,SRS3924399,SRX4865581,GSM3426810: L2010; Mus musculus; Bisulfite-Seq,Bisulfite-Seq,GENOMIC,RANDOM,PAIRED,0,False,paired _1/_2 FASTQ,,,not_attempted_or_log_missing,schedule missing run after dataset-level priority and metadata gate; prefer ENA direct FASTQ for large batches,9293147100,30977157,,PAIRED,https://ftp.sra.ebi.ac.uk/vol1/fastq/SRR803/009/SRR8033009/SRR8033009_1.fastq.gz;https://ftp.sra.ebi.ac.uk/vol1/fastq/SRR803/009/SRR8033009/SRR8033009_2.fastq.gz,6006e846a3bef7812541a28dc6a73ce7;77d413c41f38ee8ae244db6048f7b862,2162785702;2451466543,2,False,0,,/data/mouse_methyl/raw/GSE121141/fastq,1,1,ena_direct_first_then_sra_if_needed,True,,153
GSE121141,SRR8033022,GSM3426820,SRS3924406,SRX4865591,GSM3426820: Lu1203; Mus musculus; Bisulfite-Seq,Bisulfite-Seq,GENOMIC,RANDOM,PAIRED,0,False,paired _1/_2 FASTQ,,,not_attempted_or_log_missing,schedule missing run after dataset-level priority and metadata gate; prefer ENA direct FASTQ for large batches,8945464500,29818215,,PAIRED,https://ftp.sra.ebi.ac.uk/vol1/fastq/SRR803/002/SRR8033022/SRR8033022_1.fastq.gz;https://ftp.sra.ebi.ac.uk/vol1/fastq/SRR803/002/SRR8033022/SRR8033022_2.fastq.gz,31dee4310fe1b728ae9a707461790148;8aa0f84109aca2572be3619354095a55,2012370081;2309198484,2,False,0,,/data/mouse_methyl/raw/GSE121141/fastq,1,1,ena_direct_first_then_sra_if_needed,True,,154
GSE121141,SRR8032954,GSM3426770,SRS3924368,SRX4865541,GSM3426770: Br3004; Mus musculus; Bisulfite-Seq,Bisulfite-Seq,GENOMIC,RANDOM,PAIRED,0,False,paired _1/_2 FASTQ,,,not_attempted_or_log_missing,schedule missing run after dataset-level priority and metadata gate; prefer ENA direct FASTQ for large batches,8917068300,29723561,,PAIRED,https://ftp.sra.ebi.ac.uk/vol1/fastq/SRR803/004/SRR8032954/SRR8032954_1.fastq.gz;https://ftp.sra.ebi.ac.uk/vol1/fastq/SRR803/004/SRR8032954/SRR8032954_2.fastq.gz,b3506f3a50a0f3b57aa8d59b2ec1955a;e3ee98e97c2864e3923bd1556896ab73,1993447629;2437176731,2,False,0,,/data/mouse_methyl/raw/GSE121141/fastq,1,1,ena_direct_first_then_sra_if_needed,True,,155
GSE121141,SRR8033021,GSM3426819,SRS3924404,SRX4865590,GSM3426819: Lu0610; Mus musculus; Bisulfite-Seq,Bisulfite-Seq,GENOMIC,RANDOM,PAIRED,0,False,paired _1/_2 FASTQ,,,not_attempted_or_log_missing,schedule missing run after dataset-level priority and metadata gate; prefer ENA direct FASTQ for large batches,8865511800,29551706,,PAIRED,https://ftp.sra.ebi.ac.uk/vol1/fastq/SRR803/001/SRR8033021/SRR8033021_1.fastq.gz;https://ftp.sra.ebi.ac.uk/vol1/fastq/SRR803/001/SRR8033021/SRR8033021_2.fastq.gz,f1783c0f1924da1a4d46cc9f644d5b0e;52d945fd875a09790002a288fea56696,1943389025;2187418272,2,False,0,,/data/mouse_methyl/raw/GSE121141/fastq,1,1,ena_direct_first_then_sra_if_needed,True,,156
GSE121141,SRR8032975,GSM3426786,SRS3924379,SRX4865557,GSM3426786: H2004; Mus musculus; Bisulfite-Seq,Bisulfite-Seq,GENOMIC,RANDOM,PAIRED,0,False,paired _1/_2 FASTQ,,,not_attempted_or_log_missing,schedule missing run after dataset-level priority and metadata gate; prefer ENA direct FASTQ for large batches,8848254900,29494183,,PAIRED,https://ftp.sra.ebi.ac.uk/vol1/fastq/SRR803/005/SRR8032975/SRR8032975_1.fastq.gz;https://ftp.sra.ebi.ac.uk/vol1/fastq/SRR803/005/SRR8032975/SRR8032975_2.fastq.gz,681700fca916e51f9dec6cddfab7bb8c;cf19e0d9cb7352bfae4deff2adabd69b,1841198008;2246589104,2,False,0,,/data/mouse_methyl/raw/GSE121141/fastq,1,1,ena_direct_first_then_sra_if_needed,True,,157
GSE121141,SRR8032974,GSM3426786,SRS3924379,SRX4865557,GSM3426786: H2004; Mus musculus; Bisulfite-Seq,Bisulfite-Seq,GENOMIC,RANDOM,PAIRED,0,False,paired _1/_2 FASTQ,,,not_attempted_or_log_missing,schedule missing run after dataset-level priority and metadata gate; prefer ENA direct FASTQ for large batches,8751842400,29172808,,PAIRED,https://ftp.sra.ebi.ac.uk/vol1/fastq/SRR803/004/SRR8032974/SRR8032974_1.fastq.gz;https://ftp.sra.ebi.ac.uk/vol1/fastq/SRR803/004/SRR8032974/SRR8032974_2.fastq.gz,bbce67413fe6744443d55efebc0163c9;7748011591d3c4c46c746a3902a810ee,1856683199;2274538340,2,False,0,,/data/mouse_methyl/raw/GSE121141/fastq,1,1,ena_direct_first_then_sra_if_needed,True,,158
GSE121141,SRR8032947,GSM3426765,SRS3924363,SRX4865536,GSM3426765: Br2004; Mus musculus; Bisulfite-Seq,Bisulfite-Seq,GENOMIC,RANDOM,PAIRED,0,False,paired _1/_2 FASTQ,,,not_attempted_or_log_missing,schedule missing run after dataset-level priority and metadata gate; prefer ENA direct FASTQ for large batches,8662410900,28874703,,PAIRED,https://ftp.sra.ebi.ac.uk/vol1/fastq/SRR803/007/SRR8032947/SRR8032947_1.fastq.gz;https://ftp.sra.ebi.ac.uk/vol1/fastq/SRR803/007/SRR8032947/SRR8032947_2.fastq.gz,3ac5876f0a4c9eef9ece4c3cfbe098f8;3b1216c82b8fb3258a0707d2189edefd,1945762613;2138949486,2,False,0,,/data/mouse_methyl/raw/GSE121141/fastq,1,1,ena_direct_first_then_sra_if_needed,True,,159
GSE121141,SRR8033012,GSM3426812,SRS3924400,SRX4865583,GSM3426812: L3008; Mus musculus; Bisulfite-Seq,Bisulfite-Seq,GENOMIC,RANDOM,PAIRED,0,False,paired _1/_2 FASTQ,,,not_attempted_or_log_missing,schedule missing run after dataset-level priority and metadata gate; prefer ENA direct FASTQ for large batches,8296246800,27654156,,PAIRED,https://ftp.sra.ebi.ac.uk/vol1/fastq/SRR803/002/SRR8033012/SRR8033012_1.fastq.gz;https://ftp.sra.ebi.ac.uk/vol1/fastq/SRR803/002/SRR8033012/SRR8033012_2.fastq.gz,47d107c7579570bfb3b750fc2e01998a;2817453bc07db390919ef26ba9318cf4,1809339854;2208485863,2,False,0,,/data/mouse_methyl/raw/GSE121141/fastq,1,1,ena_direct_first_then_sra_if_needed,True,,160
GSE121141,SRR8033011,GSM3426812,SRS3924400,SRX4865583,GSM3426812: L3008; Mus musculus; Bisulfite-Seq,Bisulfite-Seq,GENOMIC,RANDOM,PAIRED,0,False,paired _1/_2 FASTQ,,,not_attempted_or_log_missing,schedule missing run after dataset-level priority and metadata gate; prefer ENA direct FASTQ for large batches,8062483800,26874946,,PAIRED,https://ftp.sra.ebi.ac.uk/vol1/fastq/SRR803/001/SRR8033011/SRR8033011_1.fastq.gz;https://ftp.sra.ebi.ac.uk/vol1/fastq/SRR803/001/SRR8033011/SRR8033011_2.fastq.gz,ab2897552a8c0d2a163ce9bbe062076f;556a62120bd0b3e145a7262fdba9d6a1,1785900672;2164055941,2,False,0,,/data/mouse_methyl/raw/GSE121141/fastq,1,1,ena_direct_first_then_sra_if_needed,True,,161
GSE121141,SRR8032979,GSM3426790,SRS3924384,SRX4865561,GSM3426790: H3003; Mus musculus; Bisulfite-Seq,Bisulfite-Seq,GENOMIC,RANDOM,PAIRED,0,False,paired _1/_2 FASTQ,,,not_attempted_or_log_missing,schedule missing run after dataset-level priority and metadata gate; prefer ENA direct FASTQ for large batches,7454118300,24847061,,PAIRED,https://ftp.sra.ebi.ac.uk/vol1/fastq/SRR803/009/SRR8032979/SRR8032979_1.fastq.gz;https://ftp.sra.ebi.ac.uk/vol1/fastq/SRR803/009/SRR8032979/SRR8032979_2.fastq.gz,b7e1c089fb28e276aa3477ba1b3d4914;7dd00ce9350ed1f3950d45df17190834,1555812099;1943421723,2,False,0,,/data/mouse_methyl/raw/GSE121141/fastq,1,1,ena_direct_first_then_sra_if_needed,True,,162
GSE121141,SRR8032980,GSM3426790,SRS3924384,SRX4865561,GSM3426790: H3003; Mus musculus; Bisulfite-Seq,Bisulfite-Seq,GENOMIC,RANDOM,PAIRED,0,False,paired _1/_2 FASTQ,,,not_attempted_or_log_missing,schedule missing run after dataset-level priority and metadata gate; prefer ENA direct FASTQ for large batches,7442336700,24807789,,PAIRED,https://ftp.sra.ebi.ac.uk/vol1/fastq/SRR803/000/SRR8032980/SRR8032980_1.fastq.gz;https://ftp.sra.ebi.ac.uk/vol1/fastq/SRR803/000/SRR8032980/SRR8032980_2.fastq.gz,9eef0bf27a6a85ed8daad67578722228;09b112f260f973639c90f2982d8de977,1525212196;1894102373,2,False,0,,/data/mouse_methyl/raw/GSE121141/fastq,1,1,ena_direct_first_then_sra_if_needed,True,,163
GSE121141,SRR8033003,GSM3426806,SRS3924396,SRX4865577,GSM3426806: L2003; Mus musculus; Bisulfite-Seq,Bisulfite-Seq,GENOMIC,RANDOM,PAIRED,0,False,paired _1/_2 FASTQ,,,not_attempted_or_log_missing,schedule missing run after dataset-level priority and metadata gate; prefer ENA direct FASTQ for large batches,7176661800,23922206,,PAIRED,https://ftp.sra.ebi.ac.uk/vol1/fastq/SRR803/003/SRR8033003/SRR8033003_1.fastq.gz;https://ftp.sra.ebi.ac.uk/vol1/fastq/SRR803/003/SRR8033003/SRR8033003_2.fastq.gz,c3272b3ae0cd6b2eb26e886c72412c69;5ef8e51746caac76ca56f9d309a4eecb,1491000741;1911149333,2,False,0,,/data/mouse_methyl/raw/GSE121141/fastq,1,1,ena_direct_first_then_sra_if_needed,True,,164
GSE121141,SRR8033002,GSM3426806,SRS3924396,SRX4865577,GSM3426806: L2003; Mus musculus; Bisulfite-Seq,Bisulfite-Seq,GENOMIC,RANDOM,PAIRED,0,False,paired _1/_2 FASTQ,,,not_attempted_or_log_missing,schedule missing run after dataset-level priority and metadata gate; prefer ENA direct FASTQ for large batches,7145248800,23817496,,PAIRED,https://ftp.sra.ebi.ac.uk/vol1/fastq/SRR803/002/SRR8033002/SRR8033002_1.fastq.gz;https://ftp.sra.ebi.ac.uk/vol1/fastq/SRR803/002/SRR8033002/SRR8033002_2.fastq.gz,27a3403e2fc25a8bdb5615ec875b0be7;b728f0e62dc9984664d27292ee2e0d45,1514892762;1957635253,2,False,0,,/data/mouse_methyl/raw/GSE121141/fastq,1,1,ena_direct_first_then_sra_if_needed,True,,165
GSE121141,SRR8032964,GSM3426779,SRS3924374,SRX4865550,GSM3426779: H1003; Mus musculus; Bisulfite-Seq,Bisulfite-Seq,GENOMIC,RANDOM,PAIRED,0,False,paired _1/_2 FASTQ,,,not_attempted_or_log_missing,schedule missing run after dataset-level priority and metadata gate; prefer ENA direct FASTQ for large batches,7138090200,23793634,,PAIRED,https://ftp.sra.ebi.ac.uk/vol1/fastq/SRR803/004/SRR8032964/SRR8032964_1.fastq.gz;https://ftp.sra.ebi.ac.uk/vol1/fastq/SRR803/004/SRR8032964/SRR8032964_2.fastq.gz,40991db4c9fa3e353eb8d7a3496338fd;7f4914e0a42f799b3cdb980a0cfcc834,1538159555;1822620732,2,False,0,,/data/mouse_methyl/raw/GSE121141/fastq,1,1,ena_direct_first_then_sra_if_needed,True,,166
GSE121141,SRR8032998,GSM3426803,SRS3924394,SRX4865574,GSM3426803: L1207; Mus musculus; Bisulfite-Seq,Bisulfite-Seq,GENOMIC,RANDOM,PAIRED,0,False,paired _1/_2 FASTQ,,,not_attempted_or_log_missing,schedule missing run after dataset-level priority and metadata gate; prefer ENA direct FASTQ for large batches,7023717300,23412391,,PAIRED,https://ftp.sra.ebi.ac.uk/vol1/fastq/SRR803/008/SRR8032998/SRR8032998_1.fastq.gz;https://ftp.sra.ebi.ac.uk/vol1/fastq/SRR803/008/SRR8032998/SRR8032998_2.fastq.gz,fceaccee5069ce483d52ef5ef7fde8af;61fb99e612b0d849d76e84c7bd5a0d05,1622756700;1839574287,2,False,0,,/data/mouse_methyl/raw/GSE121141/fastq,1,1,ena_direct_first_then_sra_if_needed,True,,167
GSE121141,SRR8033013,GSM3426813,SRS3924401,SRX4865584,GSM3426813: L3009; Mus musculus; Bisulfite-Seq,Bisulfite-Seq,GENOMIC,RANDOM,PAIRED,0,False,paired _1/_2 FASTQ,,,not_attempted_or_log_missing,schedule missing run after dataset-level priority and metadata gate; prefer ENA direct FASTQ for large batches,6972008100,23240027,,PAIRED,https://ftp.sra.ebi.ac.uk/vol1/fastq/SRR803/003/SRR8033013/SRR8033013_1.fastq.gz;https://ftp.sra.ebi.ac.uk/vol1/fastq/SRR803/003/SRR8033013/SRR8033013_2.fastq.gz,005e4929ee6de7ef917fcc87092cc5e2;7d5ab9964fec1484b173d5ebdcdcdd10,1537019893;1901605257,2,False,0,,/data/mouse_methyl/raw/GSE121141/fastq,1,1,ena_direct_first_then_sra_if_needed,True,,168
GSE121141,SRR8033014,GSM3426813,SRS3924401,SRX4865584,GSM3426813: L3009; Mus musculus; Bisulfite-Seq,Bisulfite-Seq,GENOMIC,RANDOM,PAIRED,0,False,paired _1/_2 FASTQ,,,not_attempted_or_log_missing,schedule missing run after dataset-level priority and metadata gate; prefer ENA direct FASTQ for large batches,6942838200,23142794,,PAIRED,https://ftp.sra.ebi.ac.uk/vol1/fastq/SRR803/004/SRR8033014/SRR8033014_1.fastq.gz;https://ftp.sra.ebi.ac.uk/vol1/fastq/SRR803/004/SRR8033014/SRR8033014_2.fastq.gz,d6c54a4cd6db423cae4b75ddf828ff51;aa2c57446257a784039a990fe9f94bb3,1501628933;1847992684,2,False,0,,/data/mouse_methyl/raw/GSE121141/fastq,1,1,ena_direct_first_then_sra_if_needed,True,,169
GSE121141,SRR8033018,GSM3426817,SRS3924507,SRX4865588,GSM3426817: Lu0608; Mus musculus; Bisulfite-Seq,Bisulfite-Seq,GENOMIC,RANDOM,PAIRED,0,False,paired _1/_2 FASTQ,,,not_attempted_or_log_missing,schedule missing run after dataset-level priority and metadata gate; prefer ENA direct FASTQ for large batches,6824394600,22747982,,PAIRED,https://ftp.sra.ebi.ac.uk/vol1/fastq/SRR803/008/SRR8033018/SRR8033018_1.fastq.gz;https://ftp.sra.ebi.ac.uk/vol1/fastq/SRR803/008/SRR8033018/SRR8033018_2.fastq.gz,a24958f0fb9fd6d067bbfd9a77db51ea;0c72dfba525b8a900e66455d9215da1b,1449801086;1816225448,2,False,0,,/data/mouse_methyl/raw/GSE121141/fastq,1,1,ena_direct_first_then_sra_if_needed,True,,170
GSE121141,SRR8032986,GSM3426795,SRS3924388,SRX4865566,GSM3426795: L0603; Mus musculus; Bisulfite-Seq,Bisulfite-Seq,GENOMIC,RANDOM,PAIRED,0,False,paired _1/_2 FASTQ,,,not_attempted_or_log_missing,schedule missing run after dataset-level priority and metadata gate; prefer ENA direct FASTQ for large batches,6629756400,22099188,,PAIRED,https://ftp.sra.ebi.ac.uk/vol1/fastq/SRR803/006/SRR8032986/SRR8032986_1.fastq.gz;https://ftp.sra.ebi.ac.uk/vol1/fastq/SRR803/006/SRR8032986/SRR8032986_2.fastq.gz,37c72b869e03355bea28b93c27901312;4b6041e2d02014331da5432a15899b77,1571872874;1756472582,2,False,0,,/data/mouse_methyl/raw/GSE121141/fastq,1,1,ena_direct_first_then_sra_if_needed,True,,171
GSE121141,SRR8033004,GSM3426807,SRS3924397,SRX4865578,GSM3426807: L2004; Mus musculus; Bisulfite-Seq,Bisulfite-Seq,GENOMIC,RANDOM,PAIRED,0,False,paired _1/_2 FASTQ,,,not_attempted_or_log_missing,schedule missing run after dataset-level priority and metadata gate; prefer ENA direct FASTQ for large batches,6528424800,21761416,,PAIRED,https://ftp.sra.ebi.ac.uk/vol1/fastq/SRR803/004/SRR8033004/SRR8033004_1.fastq.gz;https://ftp.sra.ebi.ac.uk/vol1/fastq/SRR803/004/SRR8033004/SRR8033004_2.fastq.gz,84c1ab2024eec2257295f7f2e7d9eef6;385c77fd2e30d5c248abc74b6ab8dc81,1429568477;1719257651,2,False,0,,/data/mouse_methyl/raw/GSE121141/fastq,1,1,ena_direct_first_then_sra_if_needed,True,,172
GSE121141,SRR8033029,GSM3426825,SRS3924409,SRX4865596,GSM3426825: Lu2003; Mus musculus; Bisulfite-Seq,Bisulfite-Seq,GENOMIC,RANDOM,PAIRED,0,False,paired _1/_2 FASTQ,,,not_attempted_or_log_missing,schedule missing run after dataset-level priority and metadata gate; prefer ENA direct FASTQ for large batches,6514037400,21713458,,PAIRED,https://ftp.sra.ebi.ac.uk/vol1/fastq/SRR803/009/SRR8033029/SRR8033029_1.fastq.gz;https://ftp.sra.ebi.ac.uk/vol1/fastq/SRR803/009/SRR8033029/SRR8033029_2.fastq.gz,bdae9f6ec5bdafa65e3613e546f98390;02ee686327c65f16317a11a8f440d609,1427743326;1611180606,2,False,0,,/data/mouse_methyl/raw/GSE121141/fastq,1,1,ena_direct_first_then_sra_if_needed,True,,173
GSE121141,SRR8032971,GSM3426784,SRS3924378,SRX4865555,GSM3426784: H1209; Mus musculus; Bisulfite-Seq,Bisulfite-Seq,GENOMIC,RANDOM,PAIRED,0,False,paired _1/_2 FASTQ,,,not_attempted_or_log_missing,schedule missing run after dataset-level priority and metadata gate; prefer ENA direct FASTQ for large batches,6384231300,21280771,,PAIRED,https://ftp.sra.ebi.ac.uk/vol1/fastq/SRR803/001/SRR8032971/SRR8032971_1.fastq.gz;https://ftp.sra.ebi.ac.uk/vol1/fastq/SRR803/001/SRR8032971/SRR8032971_2.fastq.gz,5963ef0fb1346692145cb873d74cd3b5;53ec27de06ba8953420fd1631574efa7,1442981756;1639636136,2,False,0,,/data/mouse_methyl/raw/GSE121141/fastq,1,1,ena_direct_first_then_sra_if_needed,True,,174
GSE121141,SRR8033005,GSM3426807,SRS3924397,SRX4865578,GSM3426807: L2004; Mus musculus; Bisulfite-Seq,Bisulfite-Seq,GENOMIC,RANDOM,PAIRED,0,False,paired _1/_2 FASTQ,,,not_attempted_or_log_missing,schedule missing run after dataset-level priority and metadata gate; prefer ENA direct FASTQ for large batches,6338424300,21128081,,PAIRED,https://ftp.sra.ebi.ac.uk/vol1/fastq/SRR803/005/SRR8033005/SRR8033005_1.fastq.gz;https://ftp.sra.ebi.ac.uk/vol1/fastq/SRR803/005/SRR8033005/SRR8033005_2.fastq.gz,9a3c3f4eee6ee59b6aa266d7f73234a2;db51842e070cce43040fff38cd93861f,1409777201;1688183054,2,False,0,,/data/mouse_methyl/raw/GSE121141/fastq,1,1,ena_direct_first_then_sra_if_needed,True,,175
GSE121141,SRR8032972,GSM3426784,SRS3924378,SRX4865555,GSM3426784: H1209; Mus musculus; Bisulfite-Seq,Bisulfite-Seq,GENOMIC,RANDOM,PAIRED,0,False,paired _1/_2 FASTQ,,,not_attempted_or_log_missing,schedule missing run after dataset-level priority and metadata gate; prefer ENA direct FASTQ for large batches,6281455800,20938186,,PAIRED,https://ftp.sra.ebi.ac.uk/vol1/fastq/SRR803/002/SRR8032972/SRR8032972_1.fastq.gz;https://ftp.sra.ebi.ac.uk/vol1/fastq/SRR803/002/SRR8032972/SRR8032972_2.fastq.gz,f58e0ad34703b67469b51774dd781095;7093b7613407599c8fa1c4257986bf7a,1408256500;1590564939,2,False,0,,/data/mouse_methyl/raw/GSE121141/fastq,1,1,ena_direct_first_then_sra_if_needed,True,,176
GSE121141,SRR8033017,GSM3426816,SRS3924402,SRX4865587,GSM3426816: Lu0607; Mus musculus; Bisulfite-Seq,Bisulfite-Seq,GENOMIC,RANDOM,PAIRED,0,False,paired _1/_2 FASTQ,,,not_attempted_or_log_missing,schedule missing run after dataset-level priority and metadata gate; prefer ENA direct FASTQ for large batches,6230904300,20769681,,PAIRED,https://ftp.sra.ebi.ac.uk/vol1/fastq/SRR803/007/SRR8033017/SRR8033017_1.fastq.gz;https://ftp.sra.ebi.ac.uk/vol1/fastq/SRR803/007/SRR8033017/SRR8033017_2.fastq.gz,d4e79c016a015ed012bbbdc7e087fdf0;035ade15ffb517e3e4eb8c62879c70bb,1425776044;1772813082,2,False,0,,/data/mouse_methyl/raw/GSE121141/fastq,1,1,ena_direct_first_then_sra_if_needed,True,,177
GSE121141,SRR8032970,GSM3426783,SRS3924375,SRX4865554,GSM3426783: H1208; Mus musculus; Bisulfite-Seq,Bisulfite-Seq,GENOMIC,RANDOM,PAIRED,0,False,paired _1/_2 FASTQ,,,not_attempted_or_log_missing,schedule missing run after dataset-level priority and metadata gate; prefer ENA direct FASTQ for large batches,6169390500,20564635,,PAIRED,https://ftp.sra.ebi.ac.uk/vol1/fastq/SRR803/000/SRR8032970/SRR8032970_1.fastq.gz;https://ftp.sra.ebi.ac.uk/vol1/fastq/SRR803/000/SRR8032970/SRR8032970_2.fastq.gz,2d2a2130174d7f01b67d83f74e481cec;01271ec078f1b2c09616b0da6084705e,1370683004;1798165208,2,False,0,,/data/mouse_methyl/raw/GSE121141/fastq,1,1,ena_direct_first_then_sra_if_needed,True,,178
GSE121141,SRR8032962,GSM3426777,SRS3924373,SRX4865548,GSM3426777: H0609; Mus musculus; Bisulfite-Seq,Bisulfite-Seq,GENOMIC,RANDOM,PAIRED,0,False,paired _1/_2 FASTQ,,,not_attempted_or_log_missing,schedule missing run after dataset-level priority and metadata gate; prefer ENA direct FASTQ for large batches,6099184800,20330616,,PAIRED,https://ftp.sra.ebi.ac.uk/vol1/fastq/SRR803/002/SRR8032962/SRR8032962_1.fastq.gz;https://ftp.sra.ebi.ac.uk/vol1/fastq/SRR803/002/SRR8032962/SRR8032962_2.fastq.gz,88cd3eef7bb34f0216245b99fc71d04e;97350a72934d4e072f5a6c59c9ac74ef,1316141901;1565129643,2,False,0,,/data/mouse_methyl/raw/GSE121141/fastq,1,1,ena_direct_first_then_sra_if_needed,True,,179
GSE121141,SRR8033035,GSM3426829,SRS3924410,SRX4865600,GSM3426829: Lu2010; Mus musculus; Bisulfite-Seq,Bisulfite-Seq,GENOMIC,RANDOM,PAIRED,0,False,paired _1/_2 FASTQ,,,not_attempted_or_log_missing,schedule missing run after dataset-level priority and metadata gate; prefer ENA direct FASTQ for large batches,6014414700,20048049,,PAIRED,https://ftp.sra.ebi.ac.uk/vol1/fastq/SRR803/005/SRR8033035/SRR8033035_1.fastq.gz;https://ftp.sra.ebi.ac.uk/vol1/fastq/SRR803/005/SRR8033035/SRR8033035_2.fastq.gz,c74e0a8723f2c610dc6edb9cdaf1b175;f10aad8f9b963f419b082e1abd50b43e,1321475181;1720883784,2,False,0,,/data/mouse_methyl/raw/GSE121141/fastq,1,1,ena_direct_first_then_sra_if_needed,True,,180
GSE121141,SRR8033020,GSM3426818,SRS3924403,SRX4865589,GSM3426818: Lu0609; Mus musculus; Bisulfite-Seq,Bisulfite-Seq,GENOMIC,RANDOM,PAIRED,0,False,paired _1/_2 FASTQ,,,not_attempted_or_log_missing,schedule missing run after dataset-level priority and metadata gate; prefer ENA direct FASTQ for large batches,6013264200,20044214,,PAIRED,https://ftp.sra.ebi.ac.uk/vol1/fastq/SRR803/000/SRR8033020/SRR8033020_1.fastq.gz;https://ftp.sra.ebi.ac.uk/vol1/fastq/SRR803/000/SRR8033020/SRR8033020_2.fastq.gz,77dff3e9ab74c1bbc2c257d82d549200;508d8f587e26c20f2b91f1de2b275d38,1309072134;1660570206,2,False,0,,/data/mouse_methyl/raw/GSE121141/fastq,1,1,ena_direct_first_then_sra_if_needed,True,,181
GSE121141,SRR8032967,GSM3426781,SRS3924376,SRX4865552,GSM3426781: H1204; Mus musculus; Bisulfite-Seq,Bisulfite-Seq,GENOMIC,RANDOM,PAIRED,0,False,paired _1/_2 FASTQ,,,not_attempted_or_log_missing,schedule missing run after dataset-level priority and metadata gate; prefer ENA direct FASTQ for large batches,5986643700,19955479,,PAIRED,https://ftp.sra.ebi.ac.uk/vol1/fastq/SRR803/007/SRR8032967/SRR8032967_1.fastq.gz;https://ftp.sra.ebi.ac.uk/vol1/fastq/SRR803/007/SRR8032967/SRR8032967_2.fastq.gz,3383fe00b7c23f69ceb27f884f0369c3;a27fea509af9169e645b7bbe65d86ec8,1304766463;1596669425,2,False,0,,/data/mouse_methyl/raw/GSE121141/fastq,1,1,ena_direct_first_then_sra_if_needed,True,,182
GSE121141,SRR8032952,GSM3426769,SRS3924367,SRX4865540,GSM3426769: Br3003; Mus musculus; Bisulfite-Seq,Bisulfite-Seq,GENOMIC,RANDOM,PAIRED,0,False,paired _1/_2 FASTQ,,,not_attempted_or_log_missing,schedule missing run after dataset-level priority and metadata gate; prefer ENA direct FASTQ for large batches,5834379900,19447933,,PAIRED,https://ftp.sra.ebi.ac.uk/vol1/fastq/SRR803/002/SRR8032952/SRR8032952_1.fastq.gz;https://ftp.sra.ebi.ac.uk/vol1/fastq/SRR803/002/SRR8032952/SRR8032952_2.fastq.gz,599a6158d6aa6bfb7a8e50426b5c7ecc;5b419dec3f643dae5515872140b7da7d,1295994337;1431761325,2,False,0,,/data/mouse_methyl/raw/GSE121141/fastq,1,1,ena_direct_first_then_sra_if_needed,True,,183
GSE121141,SRR8032969,GSM3426783,SRS3924375,SRX4865554,GSM3426783: H1208; Mus musculus; Bisulfite-Seq,Bisulfite-Seq,GENOMIC,RANDOM,PAIRED,0,False,paired _1/_2 FASTQ,,,not_attempted_or_log_missing,schedule missing run after dataset-level priority and metadata gate; prefer ENA direct FASTQ for large batches,5829444000,19431480,,PAIRED,https://ftp.sra.ebi.ac.uk/vol1/fastq/SRR803/009/SRR8032969/SRR8032969_1.fastq.gz;https://ftp.sra.ebi.ac.uk/vol1/fastq/SRR803/009/SRR8032969/SRR8032969_2.fastq.gz,3d5ebe293488e18fa5aabef383a53ddd;464e7df0749be3d6cdf8ea1f8c62ad68,1291470016;1628584633,2,False,0,,/data/mouse_methyl/raw/GSE121141/fastq,1,1,ena_direct_first_then_sra_if_needed,True,,184
GSE121141,SRR8033038,GSM3426832,SRS3924411,SRX4865603,GSM3426832: Lu3008; Mus musculus; Bisulfite-Seq,Bisulfite-Seq,GENOMIC,RANDOM,PAIRED,0,False,paired _1/_2 FASTQ,,,not_attempted_or_log_missing,schedule missing run after dataset-level priority and metadata gate; prefer ENA direct FASTQ for large batches,5683082400,18943608,,PAIRED,https://ftp.sra.ebi.ac.uk/vol1/fastq/SRR803/008/SRR8033038/SRR8033038_1.fastq.gz;https://ftp.sra.ebi.ac.uk/vol1/fastq/SRR803/008/SRR8033038/SRR8033038_2.fastq.gz,cadce8dbc69b8cc0b938931af4e4d111;dbf9ee6358ae1048f986200826fcb40e,1248940467;1383098643,2,False,0,,/data/mouse_methyl/raw/GSE121141/fastq,1,1,ena_direct_first_then_sra_if_needed,True,,185
GSE121141,SRR8033034,GSM3426829,SRS3924410,SRX4865600,GSM3426829: Lu2010; Mus musculus; Bisulfite-Seq,Bisulfite-Seq,GENOMIC,RANDOM,PAIRED,0,False,paired _1/_2 FASTQ,,,not_attempted_or_log_missing,schedule missing run after dataset-level priority and metadata gate; prefer ENA direct FASTQ for large batches,5648936100,18829787,,PAIRED,https://ftp.sra.ebi.ac.uk/vol1/fastq/SRR803/004/SRR8033034/SRR8033034_1.fastq.gz;https://ftp.sra.ebi.ac.uk/vol1/fastq/SRR803/004/SRR8033034/SRR8033034_2.fastq.gz,c91f171507358a669f3cc430b8d26bf7;a3faeb4bc67ecdaa2f095243d17f1ba9,1237124463;1565198847,2,False,0,,/data/mouse_methyl/raw/GSE121141/fastq,1,1,ena_direct_first_then_sra_if_needed,True,,186
GSE121141,SRR8033019,GSM3426818,SRS3924403,SRX4865589,GSM3426818: Lu0609; Mus musculus; Bisulfite-Seq,Bisulfite-Seq,GENOMIC,RANDOM,PAIRED,0,False,paired _1/_2 FASTQ,,,not_attempted_or_log_missing,schedule missing run after dataset-level priority and metadata gate; prefer ENA direct FASTQ for large batches,5643079200,18810264,,PAIRED,https://ftp.sra.ebi.ac.uk/vol1/fastq/SRR803/009/SRR8033019/SRR8033019_1.fastq.gz;https://ftp.sra.ebi.ac.uk/vol1/fastq/SRR803/009/SRR8033019/SRR8033019_2.fastq.gz,11ea79e41048f944fe7931f3f0a485ac;b4383117a20d83ed67f96caf0ee5a1f5,1227108032;1511358304,2,False,0,,/data/mouse_methyl/raw/GSE121141/fastq,1,1,ena_direct_first_then_sra_if_needed,True,,187
GSE121141,SRR8032987,GSM3426795,SRS3924388,SRX4865566,GSM3426795: L0603; Mus musculus; Bisulfite-Seq,Bisulfite-Seq,GENOMIC,RANDOM,PAIRED,0,False,paired _1/_2 FASTQ,,,not_attempted_or_log_missing,schedule missing run after dataset-level priority and metadata gate; prefer ENA direct FASTQ for large batches,5618302500,18727675,,PAIRED,https://ftp.sra.ebi.ac.uk/vol1/fastq/SRR803/007/SRR8032987/SRR8032987_1.fastq.gz;https://ftp.sra.ebi.ac.uk/vol1/fastq/SRR803/007/SRR8032987/SRR8032987_2.fastq.gz,2517b824d3363875a40e972985138341;15b323cc70417a49ea90223a6c17ed8b,1282767238;1399629195,2,False,0,,/data/mouse_methyl/raw/GSE121141/fastq,1,1,ena_direct_first_then_sra_if_needed,True,,188
GSE121141,SRR8032994,GSM3426800,SRS3924391,SRX4865571,GSM3426800: L1003; Mus musculus; Bisulfite-Seq,Bisulfite-Seq,GENOMIC,RANDOM,PAIRED,0,False,paired _1/_2 FASTQ,,,not_attempted_or_log_missing,schedule missing run after dataset-level priority and metadata gate; prefer ENA direct FASTQ for large batches,5597901300,18659671,,PAIRED,https://ftp.sra.ebi.ac.uk/vol1/fastq/SRR803/004/SRR8032994/SRR8032994_1.fastq.gz;https://ftp.sra.ebi.ac.uk/vol1/fastq/SRR803/004/SRR8032994/SRR8032994_2.fastq.gz,cacd87478e10f393d054610e8e128f79;75b2c024c49d90a6a7c91070403ba6d9,1240975761;1501815088,2,False,0,,/data/mouse_methyl/raw/GSE121141/fastq,1,1,ena_direct_first_then_sra_if_needed,True,,189
GSE121141,SRR8032996,GSM3426802,SRS3924393,SRX4865573,GSM3426802: L1204; Mus musculus; Bisulfite-Seq,Bisulfite-Seq,GENOMIC,RANDOM,PAIRED,0,False,paired _1/_2 FASTQ,,,not_attempted_or_log_missing,schedule missing run after dataset-level priority and metadata gate; prefer ENA direct FASTQ for large batches,5483993700,18279979,,PAIRED,https://ftp.sra.ebi.ac.uk/vol1/fastq/SRR803/006/SRR8032996/SRR8032996_1.fastq.gz;https://ftp.sra.ebi.ac.uk/vol1/fastq/SRR803/006/SRR8032996/SRR8032996_2.fastq.gz,49d5bfb5c2290fb8eac5acad596b6f48;f249ec9095e4e6e9f1b5e867d76ca987,1231996285;1350484088,2,False,0,,/data/mouse_methyl/raw/GSE121141/fastq,1,1,ena_direct_first_then_sra_if_needed,True,,190
GSE121141,SRR8032973,GSM3426785,SRS3924380,SRX4865556,GSM3426785: H2003; Mus musculus; Bisulfite-Seq,Bisulfite-Seq,GENOMIC,RANDOM,PAIRED,0,False,paired _1/_2 FASTQ,,,not_attempted_or_log_missing,schedule missing run after dataset-level priority and metadata gate; prefer ENA direct FASTQ for large batches,5445617700,18152059,,PAIRED,https://ftp.sra.ebi.ac.uk/vol1/fastq/SRR803/003/SRR8032973/SRR8032973_1.fastq.gz;https://ftp.sra.ebi.ac.uk/vol1/fastq/SRR803/003/SRR8032973/SRR8032973_2.fastq.gz,e5e18fb9a5876c629bf3e7c07fcd5666;196f4ecafb46fe076806b86aa33d330b,1176523328;1456697316,2,False,0,,/data/mouse_methyl/raw/GSE121141/fastq,1,1,ena_direct_first_then_sra_if_needed,True,,191
GSE121141,SRR8032941,GSM3426762,SRS3924362,SRX4865533,GSM3426762: Br1208; Mus musculus; Bisulfite-Seq,Bisulfite-Seq,GENOMIC,RANDOM,PAIRED,0,False,paired _1/_2 FASTQ,,,not_attempted_or_log_missing,schedule missing run after dataset-level priority and metadata gate; prefer ENA direct FASTQ for large batches,5407169100,18023897,,PAIRED,https://ftp.sra.ebi.ac.uk/vol1/fastq/SRR803/001/SRR8032941/SRR8032941_1.fastq.gz;https://ftp.sra.ebi.ac.uk/vol1/fastq/SRR803/001/SRR8032941/SRR8032941_2.fastq.gz,fae9790e3ec092c7a8f05d57921a6076;0833d2089cfbd345e954f21f88b56a77,1240436914;1358785011,2,False,0,,/data/mouse_methyl/raw/GSE121141/fastq,1,1,ena_direct_first_then_sra_if_needed,True,,192
GSE121141,SRR8032982,GSM3426792,SRS3924385,SRX4865563,GSM3426792: H3008; Mus musculus; Bisulfite-Seq,Bisulfite-Seq,GENOMIC,RANDOM,PAIRED,0,False,paired _1/_2 FASTQ,,,not_attempted_or_log_missing,schedule missing run after dataset-level priority and metadata gate; prefer ENA direct FASTQ for large batches,5388454200,17961514,,PAIRED,https://ftp.sra.ebi.ac.uk/vol1/fastq/SRR803/002/SRR8032982/SRR8032982_1.fastq.gz;https://ftp.sra.ebi.ac.uk/vol1/fastq/SRR803/002/SRR8032982/SRR8032982_2.fastq.gz,1a3ccafea87a243d3ced5a6e02754c4c;702ccc0172ffd61f1368001fffd345f0,1145422686;1394374226,2,False,0,,/data/mouse_methyl/raw/GSE121141/fastq,1,1,ena_direct_first_then_sra_if_needed,True,,193
GSE121141,SRR8032953,GSM3426769,SRS3924367,SRX4865540,GSM3426769: Br3003; Mus musculus; Bisulfite-Seq,Bisulfite-Seq,GENOMIC,RANDOM,PAIRED,0,False,paired _1/_2 FASTQ,,,not_attempted_or_log_missing,schedule missing run after dataset-level priority and metadata gate; prefer ENA direct FASTQ for large batches,5369933400,17899778,,PAIRED,https://ftp.sra.ebi.ac.uk/vol1/fastq/SRR803/003/SRR8032953/SRR8032953_1.fastq.gz;https://ftp.sra.ebi.ac.uk/vol1/fastq/SRR803/003/SRR8032953/SRR8032953_2.fastq.gz,acfadf4cd26415f4b9b98b403464a2a3;a39f26d316e449c5a10d6c1e41fcad9d,1187613820;1316536222,2,False,0,,/data/mouse_methyl/raw/GSE121141/fastq,1,1,ena_direct_first_then_sra_if_needed,True,,194
GSE121141,SRR8032944,GSM3426764,SRS3924364,SRX4865535,GSM3426764: Br2003; Mus musculus; Bisulfite-Seq,Bisulfite-Seq,GENOMIC,RANDOM,PAIRED,0,False,paired _1/_2 FASTQ,,,not_attempted_or_log_missing,schedule missing run after dataset-level priority and metadata gate; prefer ENA direct FASTQ for large batches,5293691100,17645637,,PAIRED,https://ftp.sra.ebi.ac.uk/vol1/fastq/SRR803/004/SRR8032944/SRR8032944_1.fastq.gz;https://ftp.sra.ebi.ac.uk/vol1/fastq/SRR803/004/SRR8032944/SRR8032944_2.fastq.gz,045ed5b85a19cd4b0e203f48998dd643;eadec28b569cf0facd2ea5f8fdc8c31b,1211006916;1339558545,2,False,0,,/data/mouse_methyl/raw/GSE121141/fastq,1,1,ena_direct_first_then_sra_if_needed,True,,195
GSE121141,SRR8033039,GSM3426832,SRS3924411,SRX4865603,GSM3426832: Lu3008; Mus musculus; Bisulfite-Seq,Bisulfite-Seq,GENOMIC,RANDOM,PAIRED,0,False,paired _1/_2 FASTQ,,,not_attempted_or_log_missing,schedule missing run after dataset-level priority and metadata gate; prefer ENA direct FASTQ for large batches,5235076500,17450255,,PAIRED,https://ftp.sra.ebi.ac.uk/vol1/fastq/SRR803/009/SRR8033039/SRR8033039_1.fastq.gz;https://ftp.sra.ebi.ac.uk/vol1/fastq/SRR803/009/SRR8033039/SRR8033039_2.fastq.gz,b15db00e1449e70532aec32f92002540;ecf50f6d25bfac359de50903941d18e9,1145122542;1272622388,2,False,0,,/data/mouse_methyl/raw/GSE121141/fastq,1,1,ena_direct_first_then_sra_if_needed,True,,196
GSE121141,SRR8032988,GSM3426796,SRS3924389,SRX4865567,GSM3426796: L0607; Mus musculus; Bisulfite-Seq,Bisulfite-Seq,GENOMIC,RANDOM,PAIRED,0,False,paired _1/_2 FASTQ,,,not_attempted_or_log_missing,schedule missing run after dataset-level priority and metadata gate; prefer ENA direct FASTQ for large batches,5190685500,17302285,,PAIRED,https://ftp.sra.ebi.ac.uk/vol1/fastq/SRR803/008/SRR8032988/SRR8032988_1.fastq.gz;https://ftp.sra.ebi.ac.uk/vol1/fastq/SRR803/008/SRR8032988/SRR8032988_2.fastq.gz,c097dcfd75907f23f2de18e689d6f151;d7e58bcd536f42431ed0f50cff174fe4,1160437331;1275917218,2,False,0,,/data/mouse_methyl/raw/GSE121141/fastq,1,1,ena_direct_first_then_sra_if_needed,True,,197
GSE121141,SRR8033001,GSM3426805,SRS3924395,SRX4865576,GSM3426805: L1209; Mus musculus; Bisulfite-Seq,Bisulfite-Seq,GENOMIC,RANDOM,PAIRED,0,False,paired _1/_2 FASTQ,,,not_attempted_or_log_missing,schedule missing run after dataset-level priority and metadata gate; prefer ENA direct FASTQ for large batches,5169016200,17230054,,PAIRED,https://ftp.sra.ebi.ac.uk/vol1/fastq/SRR803/001/SRR8033001/SRR8033001_1.fastq.gz;https://ftp.sra.ebi.ac.uk/vol1/fastq/SRR803/001/SRR8033001/SRR8033001_2.fastq.gz,0f0aada0dbb2c323369ad7c33c481902;337eb4da3f1c269ab1d584c1bf848dca,1157871731;1264229379,2,False,0,,/data/mouse_methyl/raw/GSE121141/fastq,1,1,ena_direct_first_then_sra_if_needed,True,,198
GSE121141,SRR8032966,GSM3426780,SRS3924377,SRX4865551,GSM3426780: H1203; Mus musculus; Bisulfite-Seq,Bisulfite-Seq,GENOMIC,RANDOM,PAIRED,0,False,paired _1/_2 FASTQ,,,not_attempted_or_log_missing,schedule missing run after dataset-level priority and metadata gate; prefer ENA direct FASTQ for large batches,5129404200,17098014,,PAIRED,https://ftp.sra.ebi.ac.uk/vol1/fastq/SRR803/006/SRR8032966/SRR8032966_1.fastq.gz;https://ftp.sra.ebi.ac.uk/vol1/fastq/SRR803/006/SRR8032966/SRR8032966_2.fastq.gz,c6349355471e409bc97ab71cd12295e2;5e5c079c6df988d4a032be98f8aec284,1122432658;1236130873,2,False,0,,/data/mouse_methyl/raw/GSE121141/fastq,1,1,ena_direct_first_then_sra_if_needed,True,,199
GSE121141,SRR8033000,GSM3426805,SRS3924395,SRX4865576,GSM3426805: L1209; Mus musculus; Bisulfite-Seq,Bisulfite-Seq,GENOMIC,RANDOM,PAIRED,0,False,paired _1/_2 FASTQ,,,not_attempted_or_log_missing,schedule missing run after dataset-level priority and metadata gate; prefer ENA direct FASTQ for large batches,5089356900,16964523,,PAIRED,https://ftp.sra.ebi.ac.uk/vol1/fastq/SRR803/000/SRR8033000/SRR8033000_1.fastq.gz;https://ftp.sra.ebi.ac.uk/vol1/fastq/SRR803/000/SRR8033000/SRR8033000_2.fastq.gz,95ba8ad9d61293e99cee09758df155a1;857bddc7615bc75f27c2e3955292a174,1137545513;1247364145,2,False,0,,/data/mouse_methyl/raw/GSE121141/fastq,1,1,ena_direct_first_then_sra_if_needed,True,,200
GSE121141,SRR8032997,GSM3426802,SRS3924393,SRX4865573,GSM3426802: L1204; Mus musculus; Bisulfite-Seq,Bisulfite-Seq,GENOMIC,RANDOM,PAIRED,0,False,paired _1/_2 FASTQ,,,not_attempted_or_log_missing,schedule missing run after dataset-level priority and metadata gate; prefer ENA direct FASTQ for large batches,5074880700,16916269,,PAIRED,https://ftp.sra.ebi.ac.uk/vol1/fastq/SRR803/007/SRR8032997/SRR8032997_1.fastq.gz;https://ftp.sra.ebi.ac.uk/vol1/fastq/SRR803/007/SRR8032997/SRR8032997_2.fastq.gz,bb5252630d2ecf53acb82cbf6e47f6e9;f51453ff84d80959faf1c5ec3be1e704,1135420519;1248712251,2,False,0,,/data/mouse_methyl/raw/GSE121141/fastq,1,1,ena_direct_first_then_sra_if_needed,True,,201
GSE121141,SRR8032965,GSM3426780,SRS3924377,SRX4865551,GSM3426780: H1203; Mus musculus; Bisulfite-Seq,Bisulfite-Seq,GENOMIC,RANDOM,PAIRED,0,False,paired _1/_2 FASTQ,,,not_attempted_or_log_missing,schedule missing run after dataset-level priority and metadata gate; prefer ENA direct FASTQ for large batches,5056026600,16853422,,PAIRED,https://ftp.sra.ebi.ac.uk/vol1/fastq/SRR803/005/SRR8032965/SRR8032965_1.fastq.gz;https://ftp.sra.ebi.ac.uk/vol1/fastq/SRR803/005/SRR8032965/SRR8032965_2.fastq.gz,c66b430b70f1070047cc888fc2d847e5;d4ab87358c60727b1034f2d319129c31,1104018200;1220865848,2,False,0,,/data/mouse_methyl/raw/GSE121141/fastq,1,1,ena_direct_first_then_sra_if_needed,True,,202
GSE121141,SRR8032942,GSM3426762,SRS3924362,SRX4865533,GSM3426762: Br1208; Mus musculus; Bisulfite-Seq,Bisulfite-Seq,GENOMIC,RANDOM,PAIRED,0,False,paired _1/_2 FASTQ,,,not_attempted_or_log_missing,schedule missing run after dataset-level priority and metadata gate; prefer ENA direct FASTQ for large batches,5049808200,16832694,,PAIRED,https://ftp.sra.ebi.ac.uk/vol1/fastq/SRR803/002/SRR8032942/SRR8032942_1.fastq.gz;https://ftp.sra.ebi.ac.uk/vol1/fastq/SRR803/002/SRR8032942/SRR8032942_2.fastq.gz,82be4948d7ef041eb46e208fa80b528b;69e0b681ceaf05b742def93fbbcc4bbe,1154377094;1267130024,2,False,0,,/data/mouse_methyl/raw/GSE121141/fastq,1,1,ena_direct_first_then_sra_if_needed,True,,203
GSE121141,SRR8032945,GSM3426764,SRS3924364,SRX4865535,GSM3426764: Br2003; Mus musculus; Bisulfite-Seq,Bisulfite-Seq,GENOMIC,RANDOM,PAIRED,0,False,paired _1/_2 FASTQ,,,not_attempted_or_log_missing,schedule missing run after dataset-level priority and metadata gate; prefer ENA direct FASTQ for large batches,4976205900,16587353,,PAIRED,https://ftp.sra.ebi.ac.uk/vol1/fastq/SRR803/005/SRR8032945/SRR8032945_1.fastq.gz;https://ftp.sra.ebi.ac.uk/vol1/fastq/SRR803/005/SRR8032945/SRR8032945_2.fastq.gz,82ad931ffa90abef83f65ceec3455e61;3c459e065502e524bcf0ebb854d66ab4,1111043804;1215241977,2,False,0,,/data/mouse_methyl/raw/GSE121141/fastq,1,1,ena_direct_first_then_sra_if_needed,True,,204
GSE121141,SRR8033024,GSM3426822,SRS3924405,SRX4865593,GSM3426822: Lu1207; Mus musculus; Bisulfite-Seq,Bisulfite-Seq,GENOMIC,RANDOM,PAIRED,0,False,paired _1/_2 FASTQ,,,not_attempted_or_log_missing,schedule missing run after dataset-level priority and metadata gate; prefer ENA direct FASTQ for large batches,4905054000,16350180,,PAIRED,https://ftp.sra.ebi.ac.uk/vol1/fastq/SRR803/004/SRR8033024/SRR8033024_1.fastq.gz;https://ftp.sra.ebi.ac.uk/vol1/fastq/SRR803/004/SRR8033024/SRR8033024_2.fastq.gz,cd513f8265387490cad3e866d4319c9b;199a18029ea5ef702ab09d9b6f95bb74,1075478997;1278052534,2,False,0,,/data/mouse_methyl/raw/GSE121141/fastq,1,1,ena_direct_first_then_sra_if_needed,True,,205
GSE121141,SRR8033025,GSM3426822,SRS3924405,SRX4865593,GSM3426822: Lu1207; Mus musculus; Bisulfite-Seq,Bisulfite-Seq,GENOMIC,RANDOM,PAIRED,0,False,paired _1/_2 FASTQ,,,not_attempted_or_log_missing,schedule missing run after dataset-level priority and metadata gate; prefer ENA direct FASTQ for large batches,4797772800,15992576,,PAIRED,https://ftp.sra.ebi.ac.uk/vol1/fastq/SRR803/005/SRR8033025/SRR8033025_1.fastq.gz;https://ftp.sra.ebi.ac.uk/vol1/fastq/SRR803/005/SRR8033025/SRR8033025_2.fastq.gz,0dd5899ff21d177b52c4d26bf4b478f9;7b29677cb8fd7ce5593f125603cc5a7e,1042791935;1222191684,2,False,0,,/data/mouse_methyl/raw/GSE121141/fastq,1,1,ena_direct_first_then_sra_if_needed,True,,206
GSE121141,SRR8032989,GSM3426796,SRS3924389,SRX4865567,GSM3426796: L0607; Mus musculus; Bisulfite-Seq,Bisulfite-Seq,GENOMIC,RANDOM,PAIRED,0,False,paired _1/_2 FASTQ,,,not_attempted_or_log_missing,schedule missing run after dataset-level priority and metadata gate; prefer ENA direct FASTQ for large batches,4772580600,15908602,,PAIRED,https://ftp.sra.ebi.ac.uk/vol1/fastq/SRR803/009/SRR8032989/SRR8032989_1.fastq.gz;https://ftp.sra.ebi.ac.uk/vol1/fastq/SRR803/009/SRR8032989/SRR8032989_2.fastq.gz,bdcf0e01b0b62f4c1dee6dd6b9238e25;7bd864c594936f37de4a0f2e1e5ce22a,1062743574;1170960985,2,False,0,,/data/mouse_methyl/raw/GSE121141/fastq,1,1,ena_direct_first_then_sra_if_needed,True,,207
GSE121141,SRR8033041,GSM3426834,SRS3924412,SRX4865605,GSM3426834: Lu3010; Mus musculus; Bisulfite-Seq,Bisulfite-Seq,GENOMIC,RANDOM,PAIRED,0,False,paired _1/_2 FASTQ,,,not_attempted_or_log_missing,schedule missing run after dataset-level priority and metadata gate; prefer ENA direct FASTQ for large batches,4740714300,15802381,,PAIRED,https://ftp.sra.ebi.ac.uk/vol1/fastq/SRR803/001/SRR8033041/SRR8033041_1.fastq.gz;https://ftp.sra.ebi.ac.uk/vol1/fastq/SRR803/001/SRR8033041/SRR8033041_2.fastq.gz,cd6b7d70df21046ebcad7624da24ca8f;584925522b74a26bbd2dfb1e5ac53554,1068717254;1248788569,2,False,0,,/data/mouse_methyl/raw/GSE121141/fastq,1,1,ena_direct_first_then_sra_if_needed,True,,208
GSE121141,SRR8032993,GSM3426799,SRS3924390,SRX4865570,GSM3426799: L0610; Mus musculus; Bisulfite-Seq,Bisulfite-Seq,GENOMIC,RANDOM,PAIRED,0,False,paired _1/_2 FASTQ,,,not_attempted_or_log_missing,schedule missing run after dataset-level priority and metadata gate; prefer ENA direct FASTQ for large batches,4680584100,15601947,,PAIRED,https://ftp.sra.ebi.ac.uk/vol1/fastq/SRR803/003/SRR8032993/SRR8032993_1.fastq.gz;https://ftp.sra.ebi.ac.uk/vol1/fastq/SRR803/003/SRR8032993/SRR8032993_2.fastq.gz,23dbb3e76c435d0ceab823602f08ee40;9759526f8aff512a3ef8a42123dcfab8,972402548;1306789911,2,False,0,,/data/mouse_methyl/raw/GSE121141/fastq,1,1,ena_direct_first_then_sra_if_needed,True,,209
GSE121141,SRR8033042,GSM3426834,SRS3924412,SRX4865605,GSM3426834: Lu3010; Mus musculus; Bisulfite-Seq,Bisulfite-Seq,GENOMIC,RANDOM,PAIRED,0,False,paired _1/_2 FASTQ,,,not_attempted_or_log_missing,schedule missing run after dataset-level priority and metadata gate; prefer ENA direct FASTQ for large batches,4664732100,15549107,,PAIRED,https://ftp.sra.ebi.ac.uk/vol1/fastq/SRR803/002/SRR8033042/SRR8033042_1.fastq.gz;https://ftp.sra.ebi.ac.uk/vol1/fastq/SRR803/002/SRR8033042/SRR8033042_2.fastq.gz,e1bf2ddc5ee84808345336bac94115a6;56be3ce1189210ddf31dfff2c010b9b4,1040246138;1203135978,2,False,0,,/data/mouse_methyl/raw/GSE121141/fastq,1,1,ena_direct_first_then_sra_if_needed,True,,210
GSE121141,SRR8032951,GSM3426768,SRS3924366,SRX4865539,GSM3426768: Br2010; Mus musculus; Bisulfite-Seq,Bisulfite-Seq,GENOMIC,RANDOM,PAIRED,0,False,paired _1/_2 FASTQ,,,not_attempted_or_log_missing,schedule missing run after dataset-level priority and metadata gate; prefer ENA direct FASTQ for large batches,4491091200,14970304,,PAIRED,https://ftp.sra.ebi.ac.uk/vol1/fastq/SRR803/001/SRR8032951/SRR8032951_1.fastq.gz;https://ftp.sra.ebi.ac.uk/vol1/fastq/SRR803/001/SRR8032951/SRR8032951_2.fastq.gz,a9b454585f4c6c9d15400eb917943ad8;35feb8be460482e80332624b0ce317b8,1002676431;1245121740,2,False,0,,/data/mouse_methyl/raw/GSE121141/fastq,1,1,ena_direct_first_then_sra_if_needed,True,,211
GSE121141,SRR8033032,GSM3426828,SRS3924408,SRX4865599,GSM3426828: Lu2006; Mus musculus; Bisulfite-Seq,Bisulfite-Seq,GENOMIC,RANDOM,PAIRED,0,False,paired _1/_2 FASTQ,,,not_attempted_or_log_missing,schedule missing run after dataset-level priority and metadata gate; prefer ENA direct FASTQ for large batches,3846249000,12820830,,PAIRED,https://ftp.sra.ebi.ac.uk/vol1/fastq/SRR803/002/SRR8033032/SRR8033032_1.fastq.gz;https://ftp.sra.ebi.ac.uk/vol1/fastq/SRR803/002/SRR8033032/SRR8033032_2.fastq.gz,6a46ff2ddf97876b49dd4f110d97e719;6484d5830fae3543e78e334a4713e049,857416623;959300720,2,False,0,,/data/mouse_methyl/raw/GSE121141/fastq,1,1,ena_direct_first_then_sra_if_needed,True,,212
GSE121141,SRR8033033,GSM3426828,SRS3924408,SRX4865599,GSM3426828: Lu2006; Mus musculus; Bisulfite-Seq,Bisulfite-Seq,GENOMIC,RANDOM,PAIRED,0,False,paired _1/_2 FASTQ,,,not_attempted_or_log_missing,schedule missing run after dataset-level priority and metadata gate; prefer ENA direct FASTQ for large batches,3759752100,12532507,,PAIRED,https://ftp.sra.ebi.ac.uk/vol1/fastq/SRR803/003/SRR8033033/SRR8033033_1.fastq.gz;https://ftp.sra.ebi.ac.uk/vol1/fastq/SRR803/003/SRR8033033/SRR8033033_2.fastq.gz,3190626e0aae56562696e39e37d508e4;1bc9ac7ef52699cc831cdfcddc9eb628,830350600;929570245,2,False,0,,/data/mouse_methyl/raw/GSE121141/fastq,1,1,ena_direct_first_then_sra_if_needed,True,,213
GSE121141,SRR8033027,GSM3426823,SRS3924407,SRX4865594,GSM3426823: Lu1208; Mus musculus; Bisulfite-Seq,Bisulfite-Seq,GENOMIC,RANDOM,PAIRED,0,False,paired _1/_2 FASTQ,,,not_attempted_or_log_missing,schedule missing run after dataset-level priority and metadata gate; prefer ENA direct FASTQ for large batches,3502290300,11674301,,PAIRED,https://ftp.sra.ebi.ac.uk/vol1/fastq/SRR803/007/SRR8033027/SRR8033027_1.fastq.gz;https://ftp.sra.ebi.ac.uk/vol1/fastq/SRR803/007/SRR8033027/SRR8033027_2.fastq.gz,3ce13272013ab8815c3ca0c2d775bbcc;e9911ad333833b4351566dd69264e7ea,758990364;945904167,2,False,0,,/data/mouse_methyl/raw/GSE121141/fastq,1,1,ena_direct_first_then_sra_if_needed,True,,214
GSE121141,SRR8032977,GSM3426788,SRS3924382,SRX4865559,GSM3426788: H2006; Mus musculus; Bisulfite-Seq,Bisulfite-Seq,GENOMIC,RANDOM,PAIRED,0,False,paired _1/_2 FASTQ,,,not_attempted_or_log_missing,schedule missing run after dataset-level priority and metadata gate; prefer ENA direct FASTQ for large batches,3404361600,11347872,,PAIRED,https://ftp.sra.ebi.ac.uk/vol1/fastq/SRR803/007/SRR8032977/SRR8032977_1.fastq.gz;https://ftp.sra.ebi.ac.uk/vol1/fastq/SRR803/007/SRR8032977/SRR8032977_2.fastq.gz,41b742697c4768b2dd4c6934f257d848;b16d4752e9defea01a8bf653c28716f4,733796218;883911133,2,False,0,,/data/mouse_methyl/raw/GSE121141/fastq,1,1,ena_direct_first_then_sra_if_needed,True,,215
GSE121141,SRR8033026,GSM3426823,SRS3924407,SRX4865594,GSM3426823: Lu1208; Mus musculus; Bisulfite-Seq,Bisulfite-Seq,GENOMIC,RANDOM,PAIRED,0,False,paired _1/_2 FASTQ,,,not_attempted_or_log_missing,schedule missing run after dataset-level priority and metadata gate; prefer ENA direct FASTQ for large batches,3350194800,11167316,,PAIRED,https://ftp.sra.ebi.ac.uk/vol1/fastq/SRR803/006/SRR8033026/SRR8033026_1.fastq.gz;https://ftp.sra.ebi.ac.uk/vol1/fastq/SRR803/006/SRR8033026/SRR8033026_2.fastq.gz,6520f4bf3d881f09ca892d68401377fd;4e901156640d99baef6164c3f24b0131,726204737;881200704,2,False,0,,/data/mouse_methyl/raw/GSE121141/fastq,1,1,ena_direct_first_then_sra_if_needed,True,,216
GSE121141,SRR8032983,GSM3426793,SRS3924386,SRX4865564,GSM3426793: H3009; Mus musculus; Bisulfite-Seq,Bisulfite-Seq,GENOMIC,RANDOM,PAIRED,0,False,paired _1/_2 FASTQ,,,not_attempted_or_log_missing,schedule missing run after dataset-level priority and metadata gate; prefer ENA direct FASTQ for large batches,2004264900,6680883,,PAIRED,https://ftp.sra.ebi.ac.uk/vol1/fastq/SRR803/003/SRR8032983/SRR8032983_1.fastq.gz;https://ftp.sra.ebi.ac.uk/vol1/fastq/SRR803/003/SRR8032983/SRR8032983_2.fastq.gz,9785fc5079d78acc362774b554dab493;2054b852eb8aec86b47d7e4e28a9282a,413069284;553700587,2,False,0,,/data/mouse_methyl/raw/GSE121141/fastq,1,1,ena_direct_first_then_sra_if_needed,True,,217
GSE121141,SRR8032984,GSM3426793,SRS3924386,SRX4865564,GSM3426793: H3009; Mus musculus; Bisulfite-Seq,Bisulfite-Seq,GENOMIC,RANDOM,PAIRED,0,False,paired _1/_2 FASTQ,,,not_attempted_or_log_missing,schedule missing run after dataset-level priority and metadata gate; prefer ENA direct FASTQ for large batches,1938931200,6463104,,PAIRED,https://ftp.sra.ebi.ac.uk/vol1/fastq/SRR803/004/SRR8032984/SRR8032984_1.fastq.gz;https://ftp.sra.ebi.ac.uk/vol1/fastq/SRR803/004/SRR8032984/SRR8032984_2.fastq.gz,b2bd3b1546f1d8b4f21431e45eb03c95;d0ded9900b898fb58fdbd17d9eebbc1b,406098090;536804040,2,False,0,,/data/mouse_methyl/raw/GSE121141/fastq,1,1,ena_direct_first_then_sra_if_needed,True,,218
