chrom,start,end,cluster_5mb,target_id,model_name,feature_id,selection_count,mean_abs_selector_score,mean_selector_score,mean_feature_rank,mean_train_presence,age_pearson_r,age_pearson_p,missing_fraction,dataset_mean_shift,tissue_mean_shift,confounding_label,interpretation_note
chr18,6170000,6174999,chr18:5000000-9999999,age_weeks_raw_v24,ridge,chr18:6170000-6174999,2,0.8188992384550771,-0.16660139416606917,134.0,1.0,0.245615,0.190780607754604,0.0,0.035064,0.070748,candidate_signal,target-associated methylation signal; mechanism not inferred
chr7,30110000,30114999,chr7:30000000-34999999,age_weeks_raw_v24,ridge,chr7:30110000-30114999,2,0.8128215491127762,-0.10617175784078531,220.5,1.0,0.248038,0.18630243553275636,0.0,0.099991,0.166704,candidate_signal,target-associated methylation signal; mechanism not inferred
chr16,95450000,95454999,chr16:95000000-99999999,age_weeks_raw_v24,ridge,chr16:95450000-95454999,2,0.8081891625034396,-0.8081891625034396,209.0,1.0,-0.652382,9.35704824368454e-05,0.0,0.425026,0.437896,dataset_confounded,target-associated methylation signal; mechanism not inferred
chr1,132765000,132769999,chr1:130000000-134999999,age_weeks_raw_v24,ridge,chr1:132765000-132769999,2,0.8053775547642287,-0.8053775547642287,281.0,1.0,-0.748317,1.987341798102901e-06,0.0,0.132311,0.235724,candidate_signal,target-associated methylation signal; mechanism not inferred
chr2,29205000,29209999,chr2:25000000-29999999,age_weeks_raw_v24,ridge,chr2:29205000-29209999,2,0.79961640088479,-0.12796893385783703,224.5,1.0,0.618444,0.0002700163227778481,0.0,0.076922,0.086152,candidate_signal,target-associated methylation signal; mechanism not inferred
chr8,14095000,14099999,chr8:10000000-14999999,age_weeks_raw_v24,ridge,chr8:14095000-14099999,2,0.7942887673699563,0.7942887673699563,221.0,1.0,0.656495,8.156630106918804e-05,0.0,0.073675,0.076948,candidate_signal,target-associated methylation signal; mechanism not inferred
chr5,125035000,125039999,chr5:125000000-129999999,age_weeks_raw_v24,ridge,chr5:125035000-125039999,1,0.9986790351980926,-0.9986790351980926,1.0,1.0,0.341621,0.06465172134782164,0.0,0.05086,0.164926,candidate_signal,target-associated methylation signal; mechanism not inferred
chr3,77585000,77589999,chr3:75000000-79999999,age_weeks_raw_v24,ridge,chr3:77585000-77589999,1,0.9940072166475004,-0.9940072166475004,2.0,1.0,-0.072719,0.7025491413166571,0.0,0.056023,0.258229,tissue_confounded,target-associated methylation signal; mechanism not inferred
chr6,30710000,30714999,chr6:30000000-34999999,age_weeks_raw_v24,ridge,chr6:30710000-30714999,1,0.9917386064056969,-0.9917386064056969,3.0,1.0,0.003443,0.9855945724945702,0.0,0.006558,0.165249,candidate_signal,target-associated methylation signal; mechanism not inferred
chr11,86860000,86864999,chr11:85000000-89999999,age_weeks_raw_v24,ridge,chr11:86860000-86864999,1,0.9887364511670781,-0.9887364511670781,4.0,1.0,-0.166945,0.37791035461203815,0.0,0.024471,0.096193,candidate_signal,target-associated methylation signal; mechanism not inferred
chr5,121965000,121969999,chr5:120000000-124999999,age_weeks_raw_v24,ridge,chr5:121965000-121969999,1,0.9851367146569902,-0.9851367146569902,6.0,1.0,0.393294,0.031544997068791984,0.0,0.041445,0.261928,tissue_confounded,target-associated methylation signal; mechanism not inferred
chr6,130505000,130509999,chr6:130000000-134999999,age_weeks_raw_v24,ridge,chr6:130505000-130509999,1,0.9846681283997396,-0.9846681283997396,7.0,1.0,0.11747,0.5364334416618013,0.0,0.023916,0.29102,tissue_confounded,target-associated methylation signal; mechanism not inferred
chr1,54340000,54344999,chr1:50000000-54999999,age_weeks_raw_v24,ridge,chr1:54340000-54344999,1,0.9842961561101522,-0.9842961561101522,8.0,1.0,0.14732,0.43723620074404873,0.0,0.005103,0.297656,tissue_confounded,target-associated methylation signal; mechanism not inferred
chr11,72460000,72464999,chr11:70000000-74999999,age_weeks_raw_v24,ridge,chr11:72460000-72464999,1,0.9829961175410217,-0.9829961175410217,9.0,1.0,0.477062,0.0076849289519548124,0.0,0.170653,0.173281,candidate_signal,target-associated methylation signal; mechanism not inferred
chr9,57940000,57944999,chr9:55000000-59999999,age_weeks_raw_v24,ridge,chr9:57940000-57944999,1,0.982929576987001,-0.982929576987001,10.0,1.0,-0.463505,0.009888953667469995,0.0,0.121752,0.131378,candidate_signal,target-associated methylation signal; mechanism not inferred
chr17,19780000,19784999,chr17:15000000-19999999,age_weeks_raw_v24,ridge,chr17:19780000-19784999,1,0.982564594588718,-0.982564594588718,11.0,1.0,0.052944,0.7811215931668315,0.0,0.021057,0.216107,candidate_signal,target-associated methylation signal; mechanism not inferred
chr5,126005000,126009999,chr5:125000000-129999999,age_weeks_raw_v24,ridge,chr5:126005000-126009999,1,0.9824353719863638,-0.9824353719863638,12.0,1.0,0.398343,0.0292390397921285,0.0,0.212612,0.308681,tissue_confounded,target-associated methylation signal; mechanism not inferred
chr12,42710000,42714999,chr12:40000000-44999999,age_weeks_raw_v24,ridge,chr12:42710000-42714999,1,0.9812012146620491,-0.9812012146620491,13.0,1.0,0.170541,0.3675742614631553,0.0,0.036659,0.17485,candidate_signal,target-associated methylation signal; mechanism not inferred
chr10,70150000,70154999,chr10:70000000-74999999,age_weeks_raw_v24,ridge,chr10:70150000-70154999,1,0.9798189366389849,-0.9798189366389849,14.0,1.0,0.163095,0.38916306584037413,0.0,0.00057,0.05128,candidate_signal,target-associated methylation signal; mechanism not inferred
chr11,81895000,81899999,chr11:80000000-84999999,age_weeks_raw_v24,ridge,chr11:81895000-81899999,1,0.9795193476261458,-0.9795193476261458,15.0,1.0,0.565033,0.001140839686805965,0.0,0.024438,0.189226,candidate_signal,target-associated methylation signal; mechanism not inferred
chr12,54060000,54064999,chr12:50000000-54999999,age_weeks_raw_v24,ridge,chr12:54060000-54064999,1,0.9792942679794533,-0.9792942679794533,16.0,1.0,0.028414,0.881516399282355,0.0,0.008803,0.17768,candidate_signal,target-associated methylation signal; mechanism not inferred
chr11,43185000,43189999,chr11:40000000-44999999,age_weeks_raw_v24,ridge,chr11:43185000-43189999,1,0.9790001249503194,-0.9790001249503194,17.0,1.0,0.31155,0.09375273050432344,0.0,0.032691,0.033451,candidate_signal,target-associated methylation signal; mechanism not inferred
chr11,87585000,87589999,chr11:85000000-89999999,age_weeks_raw_v24,ridge,chr11:87585000-87589999,1,0.9781076722941472,-0.9781076722941472,18.0,1.0,0.436374,0.01591721650563168,0.0,0.054424,0.097301,candidate_signal,target-associated methylation signal; mechanism not inferred
chr11,79970000,79974999,chr11:75000000-79999999,age_weeks_raw_v24,ridge,chr11:79970000-79974999,1,0.978014239382331,0.978014239382331,19.0,1.0,0.132087,0.48656192576989377,0.0,0.025263,0.040997,candidate_signal,target-associated methylation signal; mechanism not inferred
chr11,61405000,61409999,chr11:60000000-64999999,age_weeks_raw_v24,ridge,chr11:61405000-61409999,1,0.9779587479581441,-0.9779587479581441,20.0,1.0,-0.453863,0.011761678068392335,0.0,0.386515,0.386594,dataset_confounded,target-associated methylation signal; mechanism not inferred
chr3,44905000,44909999,chr3:40000000-44999999,age_weeks_raw_v24,ridge,chr3:44905000-44909999,1,0.9772172289942725,-0.9772172289942725,21.0,1.0,0.144966,0.44467289348944933,0.0,0.046864,0.218737,candidate_signal,target-associated methylation signal; mechanism not inferred
chr9,88255000,88259999,chr9:85000000-89999999,age_weeks_raw_v24,ridge,chr9:88255000-88259999,1,0.9752832722985829,-0.9752832722985829,22.0,1.0,-0.404535,0.026600177879144288,0.0,0.010749,0.061509,candidate_signal,target-associated methylation signal; mechanism not inferred
chr1,167645000,167649999,chr1:165000000-169999999,age_weeks_raw_v24,ridge,chr1:167645000-167649999,1,0.975241713549406,-0.975241713549406,23.0,1.0,0.096669,0.6113311228880556,0.0,0.086022,0.228119,candidate_signal,target-associated methylation signal; mechanism not inferred
chr13,95815000,95819999,chr13:95000000-99999999,age_weeks_raw_v24,ridge,chr13:95815000-95819999,1,0.9745164468998387,-0.9745164468998387,24.0,1.0,0.108775,0.5672052512984852,0.0,0.000438,0.093217,candidate_signal,target-associated methylation signal; mechanism not inferred
chr7,127745000,127749999,chr7:125000000-129999999,age_weeks_raw_v24,ridge,chr7:127745000-127749999,1,0.9744519236444299,-0.9744519236444299,25.0,1.0,-0.280364,0.13344598939085794,0.0,0.110809,0.178514,candidate_signal,target-associated methylation signal; mechanism not inferred
chr3,103500000,103504999,chr3:100000000-104999999,age_weeks_raw_v24,ridge,chr3:103500000-103504999,1,0.9741551404884481,-0.9741551404884481,26.0,1.0,0.302101,0.10468939380051122,0.0,0.153125,0.187734,candidate_signal,target-associated methylation signal; mechanism not inferred
chr15,98690000,98694999,chr15:95000000-99999999,age_weeks_raw_v24,ridge,chr15:98690000-98694999,1,0.9732317231169263,-0.9732317231169263,27.0,1.0,0.032088,0.8663235737428393,0.0,0.027789,0.178986,candidate_signal,target-associated methylation signal; mechanism not inferred
chr2,71835000,71839999,chr2:70000000-74999999,age_weeks_raw_v24,ridge,chr2:71835000-71839999,1,0.971755443229325,-0.971755443229325,28.0,1.0,0.286726,0.12449200494652517,0.0,0.015769,0.11883,candidate_signal,target-associated methylation signal; mechanism not inferred
chr12,109615000,109619999,chr12:105000000-109999999,age_weeks_raw_v24,ridge,chr12:109615000-109619999,1,0.9711381360113511,-0.9711381360113511,29.0,1.0,-0.473414,0.00823245401318325,0.0,0.183652,0.184191,candidate_signal,target-associated methylation signal; mechanism not inferred
chr10,29490000,29494999,chr10:25000000-29999999,age_weeks_raw_v24,ridge,chr10:29490000-29494999,1,0.9709766576753617,-0.9709766576753617,30.0,1.0,0.050862,0.7895322127634072,0.0,0.0221,0.165128,candidate_signal,target-associated methylation signal; mechanism not inferred
chr1,89945000,89949999,chr1:85000000-89999999,age_weeks_raw_v24,ridge,chr1:89945000-89949999,1,0.9706483383081154,-0.9706483383081154,31.0,1.0,-0.236837,0.2076292209387158,0.0,0.016218,0.01779,candidate_signal,target-associated methylation signal; mechanism not inferred
chr5,142230000,142234999,chr5:140000000-144999999,age_weeks_raw_v24,ridge,chr5:142230000-142234999,1,0.9704600796275527,-0.9704600796275527,32.0,1.0,-0.061724,0.745922431825874,0.0,0.001798,0.100479,candidate_signal,target-associated methylation signal; mechanism not inferred
chr15,12435000,12439999,chr15:10000000-14999999,age_weeks_raw_v24,ridge,chr15:12435000-12439999,1,0.9704082713371827,-0.9704082713371827,33.0,1.0,-0.450045,0.012581201770818666,0.0,0.318111,0.322484,dataset_confounded,target-associated methylation signal; mechanism not inferred
chr4,103350000,103354999,chr4:100000000-104999999,age_weeks_raw_v24,ridge,chr4:103350000-103354999,1,0.9700544800411809,-0.9700544800411809,34.0,1.0,-0.314731,0.09027336471939802,0.0,0.130551,0.232083,candidate_signal,target-associated methylation signal; mechanism not inferred
chr1,57785000,57789999,chr1:55000000-59999999,age_weeks_raw_v24,ridge,chr1:57785000-57789999,1,0.9696566196955612,-0.9696566196955612,35.0,1.0,0.076395,0.6882422413857332,0.0,0.014884,0.170492,candidate_signal,target-associated methylation signal; mechanism not inferred
chr18,7175000,7179999,chr18:5000000-9999999,age_weeks_raw_v24,ridge,chr18:7175000-7179999,1,0.9690602949867512,0.9690602949867512,36.0,1.0,0.022913,0.9043403143398271,0.0,0.042068,0.22731,candidate_signal,target-associated methylation signal; mechanism not inferred
chr3,79740000,79744999,chr3:75000000-79999999,age_weeks_raw_v24,ridge,chr3:79740000-79744999,1,0.9689417206179933,-0.9689417206179933,37.0,1.0,0.239806,0.20182009017262942,0.0,0.006061,0.464903,tissue_confounded,target-associated methylation signal; mechanism not inferred
chr9,39690000,39694999,chr9:35000000-39999999,age_weeks_raw_v24,ridge,chr9:39690000-39694999,1,0.9688562829924087,-0.9688562829924087,38.0,1.0,-0.250734,0.1814060456658236,0.0,0.046534,0.097227,candidate_signal,target-associated methylation signal; mechanism not inferred
chr1,62595000,62599999,chr1:60000000-64999999,age_weeks_raw_v24,ridge,chr1:62595000-62599999,1,0.9679893320736124,-0.9679893320736124,39.0,1.0,0.37287,0.04242131778310967,0.0,0.17637,0.182165,candidate_signal,target-associated methylation signal; mechanism not inferred
chr16,78195000,78199999,chr16:75000000-79999999,age_weeks_raw_v24,ridge,chr16:78195000-78199999,1,0.9660216200729931,-0.9660216200729931,40.0,1.0,-0.305829,0.10026501727528817,0.0,0.060918,0.2584,tissue_confounded,target-associated methylation signal; mechanism not inferred
chr17,23365000,23369999,chr17:20000000-24999999,age_weeks_raw_v24,ridge,chr17:23365000-23369999,1,0.9656861740540775,-0.9656861740540775,41.0,1.0,0.064459,0.7350558859229779,0.0,0.013863,0.197501,candidate_signal,target-associated methylation signal; mechanism not inferred
chr19,50595000,50599999,chr19:50000000-54999999,age_weeks_raw_v24,ridge,chr19:50595000-50599999,1,0.9648740106057666,-0.9648740106057666,42.0,1.0,0.153521,0.417963461492043,0.0,0.032436,0.055189,candidate_signal,target-associated methylation signal; mechanism not inferred
chr10,70930000,70934999,chr10:70000000-74999999,age_weeks_raw_v24,ridge,chr10:70930000-70934999,1,0.9648086888054997,-0.9648086888054997,43.0,1.0,-0.374538,0.04143404919639141,0.0,0.019141,0.019278,candidate_signal,target-associated methylation signal; mechanism not inferred
chr11,117285000,117289999,chr11:115000000-119999999,age_weeks_raw_v24,ridge,chr11:117285000-117289999,1,0.9647711524235302,-0.9647711524235302,44.0,1.0,0.046804,0.8059936323262747,0.0,0.066188,0.067428,candidate_signal,target-associated methylation signal; mechanism not inferred
chr12,116280000,116284999,chr12:115000000-119999999,age_weeks_raw_v24,ridge,chr12:116280000-116284999,1,0.9646288548113193,0.9646288548113193,45.0,1.0,0.349415,0.05840387175582563,0.0,0.019222,0.019833,candidate_signal,target-associated methylation signal; mechanism not inferred
chr6,125445000,125449999,chr6:125000000-129999999,age_weeks_raw_v24,ridge,chr6:125445000-125449999,1,0.9645706590586597,-0.9645706590586597,46.0,1.0,0.122573,0.5187501033916665,0.0,0.14511,0.148067,candidate_signal,target-associated methylation signal; mechanism not inferred
chr1,90320000,90324999,chr1:90000000-94999999,age_weeks_raw_v24,ridge,chr1:90320000-90324999,1,0.9642498901404172,-0.9642498901404172,47.0,1.0,-0.169609,0.3702366029204761,0.0,0.107581,0.194299,candidate_signal,target-associated methylation signal; mechanism not inferred
chr15,98715000,98719999,chr15:95000000-99999999,age_weeks_raw_v24,ridge,chr15:98715000-98719999,1,0.9640646341258605,-0.9640646341258605,48.0,1.0,-0.424646,0.01933656726494604,0.0,0.042489,0.079292,candidate_signal,target-associated methylation signal; mechanism not inferred
chr9,75190000,75194999,chr9:75000000-79999999,age_weeks_raw_v24,ridge,chr9:75190000-75194999,1,0.9633114404209668,-0.9633114404209668,49.0,1.0,0.350706,0.05741646831461525,0.0,0.045979,0.33653,tissue_confounded,target-associated methylation signal; mechanism not inferred
chr8,75565000,75569999,chr8:75000000-79999999,age_weeks_raw_v24,ridge,chr8:75565000-75569999,1,0.9617259696743016,-0.9617259696743016,50.0,1.0,-0.060564,0.7505472664668601,0.0,0.086306,0.441034,tissue_confounded,target-associated methylation signal; mechanism not inferred
chr3,38890000,38894999,chr3:35000000-39999999,age_weeks_raw_v24,ridge,chr3:38890000-38894999,1,0.9615347169668671,-0.9615347169668671,51.0,1.0,-0.506867,0.004256609044398652,0.0,0.040412,0.041845,candidate_signal,target-associated methylation signal; mechanism not inferred
chr3,108465000,108469999,chr3:105000000-109999999,age_weeks_raw_v24,ridge,chr3:108465000-108469999,1,0.9611116449327158,-0.9611116449327158,52.0,1.0,0.390806,0.03273452777371589,0.0,0.132054,0.136123,candidate_signal,target-associated methylation signal; mechanism not inferred
chr14,55130000,55134999,chr14:55000000-59999999,age_weeks_raw_v24,ridge,chr14:55130000-55134999,1,0.960572030398189,0.960572030398189,53.0,1.0,-0.004733,0.9801964161131163,0.0,0.08336,0.086788,candidate_signal,target-associated methylation signal; mechanism not inferred
chr11,52285000,52289999,chr11:50000000-54999999,age_weeks_raw_v24,ridge,chr11:52285000-52289999,1,0.9601282614352864,-0.9601282614352864,54.0,1.0,0.339312,0.06659962111735664,0.0,0.115036,0.115778,candidate_signal,target-associated methylation signal; mechanism not inferred
chr7,84370000,84374999,chr7:80000000-84999999,age_weeks_raw_v24,ridge,chr7:84370000-84374999,1,0.9600077613102087,-0.9600077613102087,55.0,1.0,0.311497,0.09381168608580703,0.0,0.226362,0.230324,candidate_signal,target-associated methylation signal; mechanism not inferred
chr9,114755000,114759999,chr9:110000000-114999999,age_weeks_raw_v24,ridge,chr9:114755000-114759999,1,0.9596860044182033,-0.9596860044182033,56.0,1.0,-0.566071,0.0011118732298030865,0.0,0.182687,0.185021,candidate_signal,target-associated methylation signal; mechanism not inferred
chr9,56260000,56264999,chr9:55000000-59999999,age_weeks_raw_v24,ridge,chr9:56260000-56264999,1,0.9593142138715414,-0.9593142138715414,57.0,1.0,0.063312,0.7396097377124857,0.0,0.09571,0.098828,candidate_signal,target-associated methylation signal; mechanism not inferred
chr7,19700000,19704999,chr7:15000000-19999999,age_weeks_raw_v24,ridge,chr7:19700000-19704999,1,0.959200265498018,-0.959200265498018,58.0,1.0,0.421636,0.020305702051505805,0.0,0.244008,0.275285,tissue_confounded,target-associated methylation signal; mechanism not inferred
chr4,133090000,133094999,chr4:130000000-134999999,age_weeks_raw_v24,ridge,chr4:133090000-133094999,1,0.9589726270968475,-0.9589726270968475,59.0,1.0,-0.420007,0.020846618884227654,0.0,0.266668,0.26786,dataset_confounded,target-associated methylation signal; mechanism not inferred
chr7,126265000,126269999,chr7:125000000-129999999,age_weeks_raw_v24,ridge,chr7:126265000-126269999,1,0.9588178326312495,-0.9588178326312495,60.0,1.0,0.46774,0.009149602556836934,0.0,0.385881,0.43902,dataset_confounded,target-associated methylation signal; mechanism not inferred
chr2,148200000,148204999,chr2:145000000-149999999,age_weeks_raw_v24,ridge,chr2:148200000-148204999,1,0.9585175241324061,-0.9585175241324061,61.0,1.0,-0.204489,0.278388546120998,0.0,0.067804,0.069956,candidate_signal,target-associated methylation signal; mechanism not inferred
chr1,10935000,10939999,chr1:10000000-14999999,age_weeks_raw_v24,ridge,chr1:10935000-10939999,1,0.9582147924877479,-0.9582147924877479,62.0,1.0,-0.294632,0.11399034892365582,0.0,0.015423,0.056278,candidate_signal,target-associated methylation signal; mechanism not inferred
chr6,71680000,71684999,chr6:70000000-74999999,age_weeks_raw_v24,ridge,chr6:71680000-71684999,1,0.9581006529691974,-0.9581006529691974,63.0,1.0,-0.062347,0.7434418295266509,0.0,0.017684,0.113766,candidate_signal,target-associated methylation signal; mechanism not inferred
chr2,125500000,125504999,chr2:125000000-129999999,age_weeks_raw_v24,ridge,chr2:125500000-125504999,1,0.9578233636803114,-0.9578233636803114,64.0,1.0,0.565083,0.0011394295252558871,0.0,0.337998,0.382356,dataset_confounded,target-associated methylation signal; mechanism not inferred
chr9,57125000,57129999,chr9:55000000-59999999,age_weeks_raw_v24,ridge,chr9:57125000-57129999,1,0.9578129962043249,-0.9578129962043249,65.0,1.0,0.307907,0.09786142401373248,0.0,0.10497,0.105127,candidate_signal,target-associated methylation signal; mechanism not inferred
chr3,91790000,91794999,chr3:90000000-94999999,age_weeks_raw_v24,ridge,chr3:91790000-91794999,1,0.9574801732459883,-0.9574801732459883,66.0,1.0,0.302602,0.10408628346219746,0.0,0.018148,0.123874,candidate_signal,target-associated methylation signal; mechanism not inferred
chr2,99670000,99674999,chr2:95000000-99999999,age_weeks_raw_v24,ridge,chr2:99670000-99674999,1,0.9573555902248132,-0.9573555902248132,67.0,1.0,0.193103,0.30659562481053754,0.0,0.034175,0.268003,tissue_confounded,target-associated methylation signal; mechanism not inferred
chr2,73595000,73599999,chr2:70000000-74999999,age_weeks_raw_v24,ridge,chr2:73595000-73599999,1,0.9570743373026201,-0.9570743373026201,68.0,1.0,0.278649,0.13593913513926917,0.0,0.184461,0.187806,candidate_signal,target-associated methylation signal; mechanism not inferred
chr4,142570000,142574999,chr4:140000000-144999999,age_weeks_raw_v24,ridge,chr4:142570000-142574999,1,0.9566816306043948,-0.9566816306043948,69.0,1.0,0.436955,0.015762000271735556,0.0,0.245051,0.329619,tissue_confounded,target-associated methylation signal; mechanism not inferred
chr18,90275000,90279999,chr18:90000000-94999999,age_weeks_raw_v24,ridge,chr18:90275000-90279999,1,0.9565203809336786,0.9565203809336786,70.0,1.0,-0.140624,0.45857294690596906,0.0,0.08092,0.176681,candidate_signal,target-associated methylation signal; mechanism not inferred
chr19,44880000,44884999,chr19:40000000-44999999,age_weeks_raw_v24,ridge,chr19:44880000-44884999,1,0.9564245172745293,-0.9564245172745293,71.0,1.0,-0.312721,0.09246033847101462,0.0,0.153336,0.154683,candidate_signal,target-associated methylation signal; mechanism not inferred
chr2,38370000,38374999,chr2:35000000-39999999,age_weeks_raw_v24,ridge,chr2:38370000-38374999,1,0.9563923571465437,-0.9563923571465437,72.0,1.0,0.168105,0.37455664752460605,0.0,0.017256,0.105403,candidate_signal,target-associated methylation signal; mechanism not inferred
chr16,77595000,77599999,chr16:75000000-79999999,age_weeks_raw_v24,ridge,chr16:77595000-77599999,1,0.9558020313150252,-0.9558020313150252,73.0,1.0,0.479263,0.007369607724760517,0.0,0.336471,0.375305,dataset_confounded,target-associated methylation signal; mechanism not inferred
chr12,8545000,8549999,chr12:5000000-9999999,age_weeks_raw_v24,ridge,chr12:8545000-8549999,1,0.9556444956523172,-0.9556444956523172,74.0,1.0,-0.206514,0.27355229079748855,0.0,0.091702,0.231369,candidate_signal,target-associated methylation signal; mechanism not inferred
chr9,4580000,4584999,chr9:0-4999999,age_weeks_raw_v24,ridge,chr9:4580000-4584999,1,0.9556247112638366,-0.9556247112638366,75.0,1.0,-0.346696,0.060527047714068416,0.0,0.040109,0.070207,candidate_signal,target-associated methylation signal; mechanism not inferred
chr6,28615000,28619999,chr6:25000000-29999999,age_weeks_raw_v24,ridge,chr6:28615000-28619999,1,0.9554091551472601,-0.9554091551472601,76.0,1.0,0.326801,0.07795666949546906,0.0,0.141501,0.34802,tissue_confounded,target-associated methylation signal; mechanism not inferred
chr3,84345000,84349999,chr3:80000000-84999999,age_weeks_raw_v24,ridge,chr3:84345000-84349999,1,0.9553958520172077,-0.9553958520172077,77.0,1.0,-0.487143,0.006329254935753543,0.0,0.505203,0.508182,dataset_confounded,target-associated methylation signal; mechanism not inferred
chr1,180400000,180404999,chr1:180000000-184999999,age_weeks_raw_v24,ridge,chr1:180400000-180404999,1,0.9552322401327704,-0.9552322401327704,78.0,1.0,-0.529874,0.002599543242688122,0.0,0.232178,0.239312,candidate_signal,target-associated methylation signal; mechanism not inferred
chr14,105350000,105354999,chr14:105000000-109999999,age_weeks_raw_v24,ridge,chr14:105350000-105354999,1,0.9549174634217241,-0.9549174634217241,79.0,1.0,-0.387999,0.03411959839876697,0.0,0.119861,0.139287,candidate_signal,target-associated methylation signal; mechanism not inferred
chr4,135320000,135324999,chr4:135000000-139999999,age_weeks_raw_v24,ridge,chr4:135320000-135324999,1,0.9547010577741986,-0.9547010577741986,80.0,1.0,-0.083518,0.6608212174527012,0.0,0.021584,0.052546,candidate_signal,target-associated methylation signal; mechanism not inferred
chr19,24625000,24629999,chr19:20000000-24999999,age_weeks_raw_v24,ridge,chr19:24625000-24629999,1,0.9543527493148807,-0.9543527493148807,81.0,1.0,-0.353955,0.05499004405259638,0.0,0.115846,0.211952,candidate_signal,target-associated methylation signal; mechanism not inferred
chr6,90615000,90619999,chr6:90000000-94999999,age_weeks_raw_v24,ridge,chr6:90615000-90619999,1,0.9541041074425665,-0.9541041074425665,82.0,1.0,-0.223655,0.2348011206845641,0.0,0.073123,0.078294,candidate_signal,target-associated methylation signal; mechanism not inferred
chr8,82085000,82089999,chr8:80000000-84999999,age_weeks_raw_v24,ridge,chr8:82085000-82089999,1,0.9540226640061973,-0.9540226640061973,83.0,1.0,-0.408668,0.024949501315463002,0.0,0.134129,0.146901,candidate_signal,target-associated methylation signal; mechanism not inferred
chr17,47730000,47734999,chr17:45000000-49999999,age_weeks_raw_v24,ridge,chr17:47730000-47734999,1,0.9539199104361964,-0.9539199104361964,84.0,1.0,-0.395565,0.03049019561515941,0.0,0.048735,0.152013,candidate_signal,target-associated methylation signal; mechanism not inferred
chr3,109380000,109384999,chr3:105000000-109999999,age_weeks_raw_v24,ridge,chr3:109380000-109384999,1,0.9537510033215747,-0.9537510033215747,85.0,1.0,0.209104,0.26744742029236657,0.0,0.016167,0.136911,candidate_signal,target-associated methylation signal; mechanism not inferred
chr15,79165000,79169999,chr15:75000000-79999999,age_weeks_raw_v24,ridge,chr15:79165000-79169999,1,0.953406782057857,-0.953406782057857,86.0,1.0,0.351381,0.05690569567804667,0.0,0.246261,0.249999,candidate_signal,target-associated methylation signal; mechanism not inferred
chr18,61785000,61789999,chr18:60000000-64999999,age_weeks_raw_v24,ridge,chr18:61785000-61789999,1,0.9533252410940203,-0.9533252410940203,87.0,1.0,-0.338984,0.06687912954549785,0.0,0.278899,0.281186,dataset_confounded,target-associated methylation signal; mechanism not inferred
chr10,90575000,90579999,chr10:90000000-94999999,age_weeks_raw_v24,ridge,chr10:90575000-90579999,1,0.9532893366419966,-0.9532893366419966,88.0,1.0,0.449678,0.012662443981179466,0.0,0.51824,0.526627,dataset_confounded,target-associated methylation signal; mechanism not inferred
chr15,43865000,43869999,chr15:40000000-44999999,age_weeks_raw_v24,ridge,chr15:43865000-43869999,1,0.9532746594591015,-0.9532746594591015,89.0,1.0,0.101345,0.5941177473871604,0.0,0.077067,0.077157,candidate_signal,target-associated methylation signal; mechanism not inferred
chr13,95310000,95314999,chr13:95000000-99999999,age_weeks_raw_v24,ridge,chr13:95310000-95314999,1,0.9532321221658296,-0.9532321221658296,90.0,1.0,0.388882,0.03367898718149634,0.0,0.342085,0.342654,dataset_confounded,target-associated methylation signal; mechanism not inferred
chr19,10515000,10519999,chr19:10000000-14999999,age_weeks_raw_v24,ridge,chr19:10515000-10519999,1,0.953191575246614,-0.953191575246614,91.0,1.0,0.241587,0.19839041601330956,0.0,0.021885,0.022295,candidate_signal,target-associated methylation signal; mechanism not inferred
chr8,124340000,124344999,chr8:120000000-124999999,age_weeks_raw_v24,ridge,chr8:124340000-124344999,1,0.9530330334771251,-0.9530330334771251,92.0,1.0,-0.021653,0.9095760926839345,0.0,0.038691,0.039216,candidate_signal,target-associated methylation signal; mechanism not inferred
chr7,115470000,115474999,chr7:115000000-119999999,age_weeks_raw_v24,ridge,chr7:115470000-115474999,1,0.9526733600246079,-0.9526733600246079,93.0,1.0,0.266312,0.15487846778912476,0.0,0.33408,0.339312,dataset_confounded,target-associated methylation signal; mechanism not inferred
chr15,53845000,53849999,chr15:50000000-54999999,age_weeks_raw_v24,ridge,chr15:53845000-53849999,1,0.9526447963537462,-0.9526447963537462,94.0,1.0,0.141539,0.4556277504167037,0.0,0.005918,0.179746,candidate_signal,target-associated methylation signal; mechanism not inferred
chr4,62200000,62204999,chr4:60000000-64999999,age_weeks_raw_v24,ridge,chr4:62200000-62204999,1,0.952436244600438,-0.952436244600438,95.0,1.0,0.084382,0.6575262503275879,0.0,0.046256,0.125766,candidate_signal,target-associated methylation signal; mechanism not inferred
chr14,99100000,99104999,chr14:95000000-99999999,cr_vs_control_raw_v24,logistic,chr14:99100000-99104999,5,0.8500637354811322,-0.8500637354811322,4.8,1.0,-0.122261,0.5198234682941528,0.0,0.00364,0.006234,candidate_signal,target-associated methylation signal; mechanism not inferred
chr9,62680000,62684999,chr9:60000000-64999999,cr_vs_control_raw_v24,logistic,chr9:62680000-62684999,5,0.822715398574401,-0.822715398574401,13.8,1.0,-0.462315,0.010105621693267211,0.0,0.149124,0.149964,candidate_signal,target-associated methylation signal; mechanism not inferred
chr1,55235000,55239999,chr1:55000000-59999999,cr_vs_control_raw_v24,logistic,chr1:55235000-55239999,5,0.8191611412363254,-0.8191611412363254,13.6,1.0,-0.256791,0.1707372546414079,0.0,0.026126,0.026556,candidate_signal,target-associated methylation signal; mechanism not inferred
chr15,85810000,85814999,chr15:85000000-89999999,cr_vs_control_raw_v24,logistic,chr15:85810000-85814999,5,0.8170703854967805,-0.8170703854967805,14.0,1.0,-0.144086,0.44747462876200456,0.0,0.002908,0.002946,candidate_signal,target-associated methylation signal; mechanism not inferred
chr1,121270000,121274999,chr1:120000000-124999999,cr_vs_control_raw_v24,logistic,chr1:121270000-121274999,5,0.8148065408137597,-0.8148065408137596,16.8,1.0,-0.464811,0.009655871685368926,0.0,0.141447,0.164743,candidate_signal,target-associated methylation signal; mechanism not inferred
chr11,6545000,6549999,chr11:5000000-9999999,cr_vs_control_raw_v24,logistic,chr11:6545000-6549999,5,0.8058932980589828,-0.805893298058983,19.0,1.0,-0.178545,0.3451739778531448,0.0,0.002806,0.007628,candidate_signal,target-associated methylation signal; mechanism not inferred
chr17,15825000,15829999,chr17:15000000-19999999,cr_vs_control_raw_v24,logistic,chr17:15825000-15829999,5,0.8014992096570438,-0.8014992096570438,34.6,1.0,-0.429167,0.01795289723023041,0.0,0.006033,0.019419,candidate_signal,target-associated methylation signal; mechanism not inferred
chr8,105635000,105639999,chr8:105000000-109999999,cr_vs_control_raw_v24,logistic,chr8:105635000-105639999,5,0.7997330325058805,-0.7997330325058805,27.4,1.0,-0.066423,0.7272840968964953,0.0,0.003816,0.00425,candidate_signal,target-associated methylation signal; mechanism not inferred
chr8,22805000,22809999,chr8:20000000-24999999,cr_vs_control_raw_v24,logistic,chr8:22805000-22809999,5,0.7947636012805506,-0.7947636012805506,35.0,1.0,-0.136208,0.4729434287642965,0.0,0.004682,0.006835,candidate_signal,target-associated methylation signal; mechanism not inferred
chr2,26140000,26144999,chr2:25000000-29999999,cr_vs_control_raw_v24,logistic,chr2:26140000-26144999,5,0.793005595693845,-0.7930055956938451,37.0,1.0,-0.111013,0.5592075464697351,0.0,0.007826,0.023653,candidate_signal,target-associated methylation signal; mechanism not inferred
chr4,152005000,152009999,chr4:150000000-154999999,cr_vs_control_raw_v24,logistic,chr4:152005000-152009999,5,0.7920116024647855,-0.7920116024647856,54.2,1.0,-0.507042,0.0042411783800576554,0.0,0.019089,0.019503,candidate_signal,target-associated methylation signal; mechanism not inferred
chr5,43780000,43784999,chr5:40000000-44999999,cr_vs_control_raw_v24,logistic,chr5:43780000-43784999,5,0.7913407930519937,-0.7913407930519936,38.6,1.0,-0.382659,0.03688516012987503,0.0,0.008328,0.008727,candidate_signal,target-associated methylation signal; mechanism not inferred
chr19,44555000,44559999,chr19:40000000-44999999,cr_vs_control_raw_v24,logistic,chr19:44555000-44559999,5,0.7906284224675346,-0.7906284224675346,35.8,1.0,-0.106859,0.5740912991315502,0.0,0.00078,0.001216,candidate_signal,target-associated methylation signal; mechanism not inferred
chr15,76475000,76479999,chr15:75000000-79999999,cr_vs_control_raw_v24,logistic,chr15:76475000-76479999,5,0.7875297310522992,-0.7875297310522992,51.6,1.0,-0.356351,0.05325195996170777,0.0,0.02659,0.02666,candidate_signal,target-associated methylation signal; mechanism not inferred
chr17,22735000,22739999,chr17:20000000-24999999,cr_vs_control_raw_v24,logistic,chr17:22735000-22739999,5,0.7850077204405744,-0.7850077204405743,36.2,1.0,-0.026653,0.8888120168804354,0.0,0.001664,0.002436,candidate_signal,target-associated methylation signal; mechanism not inferred
chr7,98815000,98819999,chr7:95000000-99999999,cr_vs_control_raw_v24,logistic,chr7:98815000-98819999,5,0.7801297731100121,-0.7801297731100121,63.8,1.0,-0.28438,0.12773995770573515,0.0,0.016077,0.017448,candidate_signal,target-associated methylation signal; mechanism not inferred
chr12,72085000,72089999,chr12:70000000-74999999,cr_vs_control_raw_v24,logistic,chr12:72085000-72089999,5,0.7764485924300046,-0.7764485924300046,66.0,1.0,-0.248811,0.18489031151328902,0.0,0.00136,0.013366,candidate_signal,target-associated methylation signal; mechanism not inferred
chr7,41500000,41504999,chr7:40000000-44999999,cr_vs_control_raw_v24,logistic,chr7:41500000-41504999,5,0.7762152821227842,-0.7762152821227843,50.0,1.0,0.152457,0.421237902189804,0.0,0.003014,0.009456,candidate_signal,target-associated methylation signal; mechanism not inferred
chr6,14900000,14904999,chr6:10000000-14999999,cr_vs_control_raw_v24,logistic,chr6:14900000-14904999,5,0.7746397492761496,-0.7746397492761496,53.2,1.0,0.059926,0.7530941358692056,0.0,0.005015,0.018726,candidate_signal,target-associated methylation signal; mechanism not inferred
chr14,32200000,32204999,chr14:30000000-34999999,cr_vs_control_raw_v24,logistic,chr14:32200000-32204999,5,0.7710488312118867,-0.7710488312118867,67.0,1.0,-0.139323,0.4627841774018408,0.0,0.00924,0.009586,candidate_signal,target-associated methylation signal; mechanism not inferred
chr8,122440000,122444999,chr8:120000000-124999999,cr_vs_control_raw_v24,logistic,chr8:122440000-122444999,5,0.7702886988428765,-0.7702886988428767,64.0,1.0,-0.280202,0.1336798414244778,0.0,0.00607,0.016084,candidate_signal,target-associated methylation signal; mechanism not inferred
chr4,134850000,134854999,chr4:130000000-134999999,cr_vs_control_raw_v24,logistic,chr4:134850000-134854999,5,0.7699827547286051,-0.7699827547286052,63.4,1.0,-0.306245,0.09978098299877831,0.0,0.067813,0.068009,candidate_signal,target-associated methylation signal; mechanism not inferred
chr9,14275000,14279999,chr9:10000000-14999999,cr_vs_control_raw_v24,logistic,chr9:14275000-14279999,5,0.7665343372502793,-0.7665343372502793,91.0,1.0,-0.132386,0.48556797633882015,0.0,0.025073,0.026101,candidate_signal,target-associated methylation signal; mechanism not inferred
chr11,51855000,51859999,chr11:50000000-54999999,cr_vs_control_raw_v24,logistic,chr11:51855000-51859999,5,0.7613107480205271,-0.7613107480205271,98.6,1.0,-0.33108,0.07391593749895294,0.0,0.025144,0.026026,candidate_signal,target-associated methylation signal; mechanism not inferred
chr19,41845000,41849999,chr19:40000000-44999999,cr_vs_control_raw_v24,logistic,chr19:41845000-41849999,5,0.7604797310543481,-0.7604797310543481,107.4,1.0,-0.288755,0.12173045102478125,0.0,0.017162,0.017312,candidate_signal,target-associated methylation signal; mechanism not inferred
chr4,9025000,9029999,chr4:5000000-9999999,cr_vs_control_raw_v24,logistic,chr4:9025000-9029999,5,0.7574526056872756,-0.7574526056872756,78.8,1.0,-0.314006,0.09105746350349259,0.0,0.074671,0.076456,candidate_signal,target-associated methylation signal; mechanism not inferred
chr6,32585000,32589999,chr6:30000000-34999999,cr_vs_control_raw_v24,logistic,chr6:32585000-32589999,5,0.755440163913479,-0.755440163913479,132.6,1.0,-0.329072,0.07579161106812272,0.0,0.028096,0.028994,candidate_signal,target-associated methylation signal; mechanism not inferred
chr14,52300000,52304999,chr14:50000000-54999999,cr_vs_control_raw_v24,logistic,chr14:52300000-52304999,5,0.7538029039588017,-0.7538029039588017,107.6,1.0,0.033661,0.8598342988514116,0.0,0.002231,0.015694,candidate_signal,target-associated methylation signal; mechanism not inferred
chr10,122675000,122679999,chr10:120000000-124999999,cr_vs_control_raw_v24,logistic,chr10:122675000-122679999,5,0.7527152793408437,-0.7527152793408437,112.4,1.0,-0.287836,0.12297618046448072,0.0,0.045051,0.045261,candidate_signal,target-associated methylation signal; mechanism not inferred
chr9,48835000,48839999,chr9:45000000-49999999,cr_vs_control_raw_v24,logistic,chr9:48835000-48839999,5,0.7524518330236849,-0.7524518330236848,90.4,1.0,0.040514,0.8316677059563347,0.0,0.005762,0.006836,candidate_signal,target-associated methylation signal; mechanism not inferred
chr18,25505000,25509999,chr18:25000000-29999999,cr_vs_control_raw_v24,logistic,chr18:25505000-25509999,5,0.7524461419573978,-0.7524461419573977,133.8,1.0,-0.408474,0.025025063414333318,0.0,0.049317,0.049934,candidate_signal,target-associated methylation signal; mechanism not inferred
chr5,24575000,24579999,chr5:20000000-24999999,cr_vs_control_raw_v24,logistic,chr5:24575000-24579999,5,0.7510500082142149,-0.751050008214215,127.4,1.0,-0.233282,0.21473502823430207,0.0,0.008389,0.008554,candidate_signal,target-associated methylation signal; mechanism not inferred
chr7,12475000,12479999,chr7:10000000-14999999,cr_vs_control_raw_v24,logistic,chr7:12475000-12479999,5,0.7487483529450117,-0.7487483529450116,95.0,1.0,-0.186717,0.3231725513722552,0.0,0.003459,0.004099,candidate_signal,target-associated methylation signal; mechanism not inferred
chr11,82905000,82909999,chr11:80000000-84999999,cr_vs_control_raw_v24,logistic,chr11:82905000-82909999,5,0.7472638447269141,-0.7472638447269141,113.4,1.0,-0.222469,0.23735776513350823,0.0,0.053695,0.053771,candidate_signal,target-associated methylation signal; mechanism not inferred
chr7,52005000,52009999,chr7:50000000-54999999,cr_vs_control_raw_v24,logistic,chr7:52005000-52009999,5,0.7460879692512756,-0.7460879692512756,126.8,1.0,0.083421,0.6611933528515552,0.0,0.016826,0.031684,candidate_signal,target-associated methylation signal; mechanism not inferred
chr19,10525000,10529999,chr19:10000000-14999999,cr_vs_control_raw_v24,logistic,chr19:10525000-10529999,5,0.7445366260630609,-0.7445366260630609,126.4,1.0,-0.083561,0.6606571196992891,0.0,0.009249,0.010728,candidate_signal,target-associated methylation signal; mechanism not inferred
chr7,118855000,118859999,chr7:115000000-119999999,cr_vs_control_raw_v24,logistic,chr7:118855000-118859999,5,0.743795494673045,-0.743795494673045,129.8,1.0,-0.094944,0.6177343833407224,0.0,0.008702,0.011543,candidate_signal,target-associated methylation signal; mechanism not inferred
chr10,123265000,123269999,chr10:120000000-124999999,cr_vs_control_raw_v24,logistic,chr10:123265000-123269999,5,0.7408608554940465,-0.7408608554940466,129.0,1.0,-0.135344,0.475783960017836,0.0,0.029434,0.030106,candidate_signal,target-associated methylation signal; mechanism not inferred
chr12,102875000,102879999,chr12:100000000-104999999,cr_vs_control_raw_v24,logistic,chr12:102875000-102879999,5,0.7405480611984003,-0.7405480611984003,115.4,1.0,0.145397,0.44330600880992627,0.0,0.003362,0.003427,candidate_signal,target-associated methylation signal; mechanism not inferred
chr9,64250000,64254999,chr9:60000000-64999999,cr_vs_control_raw_v24,logistic,chr9:64250000-64254999,5,0.7398787295820595,-0.7398787295820595,141.0,1.0,-0.214748,0.2544530464829734,0.0,0.003262,0.015984,candidate_signal,target-associated methylation signal; mechanism not inferred
chr4,143350000,143354999,chr4:140000000-144999999,cr_vs_control_raw_v24,logistic,chr4:143350000-143354999,5,0.7385470749797849,-0.7385470749797849,141.8,1.0,0.014222,0.9405407181178457,0.0,0.023592,0.06082,candidate_signal,target-associated methylation signal; mechanism not inferred
chr8,34805000,34809999,chr8:30000000-34999999,cr_vs_control_raw_v24,logistic,chr8:34805000-34809999,5,0.7383390271268819,-0.7383390271268819,112.8,1.0,-0.360257,0.05051272640510609,0.0,0.022505,0.02329,candidate_signal,target-associated methylation signal; mechanism not inferred
chr3,63960000,63964999,chr3:60000000-64999999,cr_vs_control_raw_v24,logistic,chr3:63960000-63964999,5,0.735363227851382,-0.735363227851382,156.6,1.0,0.065101,0.7325133493022223,0.0,0.004624,0.007218,candidate_signal,target-associated methylation signal; mechanism not inferred
chr17,74485000,74489999,chr17:70000000-74999999,cr_vs_control_raw_v24,logistic,chr17:74485000-74489999,5,0.7349884087579677,-0.7349884087579677,135.8,1.0,-0.482198,0.006966377960162055,0.0,0.045852,0.049548,candidate_signal,target-associated methylation signal; mechanism not inferred
chr3,33795000,33799999,chr3:30000000-34999999,cr_vs_control_raw_v24,logistic,chr3:33795000-33799999,5,0.7337451979751641,-0.733745197975164,174.0,1.0,0.040515,0.8316647294795337,0.0,0.005864,0.005969,candidate_signal,target-associated methylation signal; mechanism not inferred
chr16,32430000,32434999,chr16:30000000-34999999,cr_vs_control_raw_v24,logistic,chr16:32430000-32434999,5,0.7335732087748351,-0.7335732087748352,151.0,1.0,0.025339,0.8942638846247567,0.0,0.001034,0.005288,candidate_signal,target-associated methylation signal; mechanism not inferred
chr15,41445000,41449999,chr15:40000000-44999999,cr_vs_control_raw_v24,logistic,chr15:41445000-41449999,5,0.7322875298371357,-0.7322875298371357,149.6,1.0,0.256619,0.17103417092093176,0.0,0.003983,0.01338,candidate_signal,target-associated methylation signal; mechanism not inferred
chr14,31490000,31494999,chr14:30000000-34999999,cr_vs_control_raw_v24,logistic,chr14:31490000-31494999,5,0.7318941750869108,-0.7318941750869108,166.8,1.0,-0.106727,0.5745670668991585,0.0,0.005501,0.01351,candidate_signal,target-associated methylation signal; mechanism not inferred
chr8,69995000,69999999,chr8:65000000-69999999,cr_vs_control_raw_v24,logistic,chr8:69995000-69999999,5,0.730136041295003,-0.7301360412950029,140.8,1.0,-0.344259,0.06248138725922147,0.0,0.019972,0.020045,candidate_signal,target-associated methylation signal; mechanism not inferred
chr12,84315000,84319999,chr12:80000000-84999999,cr_vs_control_raw_v24,logistic,chr12:84315000-84319999,5,0.7298872858925183,-0.7298872858925183,144.2,1.0,-0.026535,0.8893016336244834,0.0,0.004697,0.011238,candidate_signal,target-associated methylation signal; mechanism not inferred
chr3,152470000,152474999,chr3:150000000-154999999,cr_vs_control_raw_v24,logistic,chr3:152470000-152474999,5,0.7295885244995485,-0.7295885244995485,200.2,1.0,-0.351744,0.05663199992584804,0.0,0.077218,0.077742,candidate_signal,target-associated methylation signal; mechanism not inferred
chr1,16105000,16109999,chr1:15000000-19999999,cr_vs_control_raw_v24,logistic,chr1:16105000-16109999,5,0.7285488443525283,-0.7285488443525284,140.6,1.0,-0.228463,0.22462855779340213,0.0,0.003732,0.003854,candidate_signal,target-associated methylation signal; mechanism not inferred
chr14,120475000,120479999,chr14:120000000-124999999,cr_vs_control_raw_v24,logistic,chr14:120475000-120479999,5,0.7245307416082555,-0.7245307416082556,174.2,1.0,-0.201862,0.2847425738334087,0.0,0.015447,0.022295,candidate_signal,target-associated methylation signal; mechanism not inferred
chr3,96555000,96559999,chr3:95000000-99999999,cr_vs_control_raw_v24,logistic,chr3:96555000-96559999,5,0.7240965749638117,-0.7240965749638117,178.8,1.0,-0.359907,0.05075380205474279,0.0,0.030123,0.034303,candidate_signal,target-associated methylation signal; mechanism not inferred
chr18,57980000,57984999,chr18:55000000-59999999,cr_vs_control_raw_v24,logistic,chr18:57980000-57984999,5,0.7239498066299417,-0.7239498066299417,185.0,1.0,-0.409151,0.02476212509881007,0.0,0.307769,0.35966,dataset_confounded,target-associated methylation signal; mechanism not inferred
chr16,30065000,30069999,chr16:30000000-34999999,cr_vs_control_raw_v24,logistic,chr16:30065000-30069999,5,0.722694544544142,-0.722694544544142,189.0,1.0,0.028862,0.879660951057419,0.0,0.004166,0.009203,candidate_signal,target-associated methylation signal; mechanism not inferred
chr6,21795000,21799999,chr6:20000000-24999999,cr_vs_control_raw_v24,logistic,chr6:21795000-21799999,5,0.7222245747026513,-0.7222245747026512,200.4,1.0,-0.440517,0.014836563167464956,0.0,0.027424,0.121531,candidate_signal,target-associated methylation signal; mechanism not inferred
chr1,72870000,72874999,chr1:70000000-74999999,cr_vs_control_raw_v24,logistic,chr1:72870000-72874999,5,0.7215603913259208,-0.7215603913259208,202.8,1.0,0.045785,0.8101419254465784,0.0,0.019631,0.041867,candidate_signal,target-associated methylation signal; mechanism not inferred
chr8,47710000,47714999,chr8:45000000-49999999,cr_vs_control_raw_v24,logistic,chr8:47710000-47714999,5,0.7214931804611002,-0.7214931804611002,159.8,1.0,-0.331067,0.07392812516930741,0.0,0.002866,0.002886,candidate_signal,target-associated methylation signal; mechanism not inferred
chr3,116250000,116254999,chr3:115000000-119999999,cr_vs_control_raw_v24,logistic,chr3:116250000-116254999,5,0.7201133535345325,-0.7201133535345325,231.6,1.0,0.085047,0.6549909821202101,0.0,0.009129,0.027752,candidate_signal,target-associated methylation signal; mechanism not inferred
chr11,100620000,100624999,chr11:100000000-104999999,cr_vs_control_raw_v24,logistic,chr11:100620000-100624999,5,0.718810696508575,-0.7188106965085749,192.2,1.0,-0.145736,0.4422344381396498,0.0,0.018997,0.023598,candidate_signal,target-associated methylation signal; mechanism not inferred
chr7,6155000,6159999,chr7:5000000-9999999,cr_vs_control_raw_v24,logistic,chr7:6155000-6159999,5,0.7186102620862898,-0.7186102620862898,168.4,1.0,-0.066417,0.7273081988990118,0.0,0.000659,0.000988,candidate_signal,target-associated methylation signal; mechanism not inferred
chr2,155470000,155474999,chr2:155000000-159999999,cr_vs_control_raw_v24,logistic,chr2:155470000-155474999,5,0.7163664885512111,-0.716366488551211,194.4,1.0,-0.098658,0.6039853665516751,0.0,0.002068,0.005431,candidate_signal,target-associated methylation signal; mechanism not inferred
chr18,67445000,67449999,chr18:65000000-69999999,cr_vs_control_raw_v24,logistic,chr18:67445000-67449999,5,0.7156884551202352,-0.7156884551202352,199.2,1.0,-0.3542,0.05480986877766171,0.0,0.048207,0.048273,candidate_signal,target-associated methylation signal; mechanism not inferred
chr13,53460000,53464999,chr13:50000000-54999999,cr_vs_control_raw_v24,logistic,chr13:53460000-53464999,5,0.7154177931456193,-0.7154177931456193,216.6,1.0,-0.263335,0.15971920396178535,0.0,0.010747,0.056883,candidate_signal,target-associated methylation signal; mechanism not inferred
chr4,149305000,149309999,chr4:145000000-149999999,cr_vs_control_raw_v24,logistic,chr4:149305000-149309999,5,0.7149424106540596,-0.7149424106540596,207.2,1.0,-0.143881,0.4481251996674212,0.0,0.005469,0.009567,candidate_signal,target-associated methylation signal; mechanism not inferred
chr14,55015000,55019999,chr14:55000000-59999999,cr_vs_control_raw_v24,logistic,chr14:55015000-55019999,5,0.7145172662956544,-0.7145172662956544,223.8,1.0,-0.335134,0.07023852840513652,0.0,0.010297,0.010683,candidate_signal,target-associated methylation signal; mechanism not inferred
chr9,57910000,57914999,chr9:55000000-59999999,cr_vs_control_raw_v24,logistic,chr9:57910000-57914999,5,0.7137723768967935,-0.7137723768967934,188.2,1.0,-0.191736,0.3100998704663512,0.0,0.013585,0.033199,candidate_signal,target-associated methylation signal; mechanism not inferred
chr7,3615000,3619999,chr7:0-4999999,cr_vs_control_raw_v24,logistic,chr7:3615000-3619999,5,0.7117433740503168,-0.7117433740503168,209.6,1.0,-0.143913,0.44802414597276347,0.0,0.001737,0.016227,candidate_signal,target-associated methylation signal; mechanism not inferred
chr17,46380000,46384999,chr17:45000000-49999999,cr_vs_control_raw_v24,logistic,chr17:46380000-46384999,5,0.7113293462449102,-0.7113293462449102,225.2,1.0,-0.1521,0.4223367116556517,0.0,0.010997,0.014814,candidate_signal,target-associated methylation signal; mechanism not inferred
chr2,26235000,26239999,chr2:25000000-29999999,cr_vs_control_raw_v24,logistic,chr2:26235000-26239999,5,0.7091706490595069,-0.7091706490595068,220.8,1.0,-0.083089,0.6624621398473451,0.0,0.001878,0.002136,candidate_signal,target-associated methylation signal; mechanism not inferred
chr17,15525000,15529999,chr17:15000000-19999999,cr_vs_control_raw_v24,logistic,chr17:15525000-15529999,5,0.7089765911494736,-0.7089765911494736,229.2,1.0,0.004314,0.9819515265402167,0.0,0.0082,0.008236,candidate_signal,target-associated methylation signal; mechanism not inferred
chr16,50730000,50734999,chr16:50000000-54999999,cr_vs_control_raw_v24,logistic,chr16:50730000-50734999,5,0.7084950447410747,-0.7084950447410747,239.6,1.0,-0.476836,0.007717887642645555,0.0,0.01721,0.018395,candidate_signal,target-associated methylation signal; mechanism not inferred
chr7,100605000,100609999,chr7:100000000-104999999,cr_vs_control_raw_v24,logistic,chr7:100605000-100609999,5,0.7074821189341927,-0.7074821189341927,282.4,1.0,-0.190109,0.31430071024037454,0.0,0.001798,0.007299,candidate_signal,target-associated methylation signal; mechanism not inferred
chr11,119390000,119394999,chr11:115000000-119999999,cr_vs_control_raw_v24,logistic,chr11:119390000-119394999,5,0.7073197656164396,-0.7073197656164396,241.4,1.0,-0.240579,0.20032606725097904,0.0,0.012102,0.012414,candidate_signal,target-associated methylation signal; mechanism not inferred
chr5,29475000,29479999,chr5:25000000-29999999,cr_vs_control_raw_v24,logistic,chr5:29475000-29479999,5,0.7072794170720306,-0.7072794170720306,274.0,1.0,0.268641,0.15116523978321686,0.0,0.005342,0.014008,candidate_signal,target-associated methylation signal; mechanism not inferred
chr5,11955000,11959999,chr5:10000000-14999999,cr_vs_control_raw_v24,logistic,chr5:11955000-11959999,5,0.7065377141227335,0.7065377141227334,275.6,1.0,-0.226059,0.22967754939316382,0.0,0.032089,0.033786,candidate_signal,target-associated methylation signal; mechanism not inferred
chr5,34165000,34169999,chr5:30000000-34999999,cr_vs_control_raw_v24,logistic,chr5:34165000-34169999,5,0.7057840502857536,-0.7057840502857536,251.6,1.0,-0.054448,0.7750580029039192,0.0,0.001029,0.0049,candidate_signal,target-associated methylation signal; mechanism not inferred
chr10,127665000,127669999,chr10:125000000-129999999,cr_vs_control_raw_v24,logistic,chr10:127665000-127669999,5,0.7054108454246629,-0.7054108454246629,233.8,1.0,-0.270188,0.14873490229564038,0.0,0.018849,0.028603,candidate_signal,target-associated methylation signal; mechanism not inferred
chr5,124195000,124199999,chr5:120000000-124999999,cr_vs_control_raw_v24,logistic,chr5:124195000-124199999,5,0.704667389237368,-0.704667389237368,239.0,1.0,-0.320041,0.08468399839317868,0.0,0.124045,0.137757,candidate_signal,target-associated methylation signal; mechanism not inferred
chr13,36575000,36579999,chr13:35000000-39999999,cr_vs_control_raw_v24,logistic,chr13:36575000-36579999,5,0.7032157006465231,-0.7032157006465231,228.6,1.0,-0.250866,0.18116946822505,0.0,0.014341,0.0148,candidate_signal,target-associated methylation signal; mechanism not inferred
chr3,51480000,51484999,chr3:50000000-54999999,cr_vs_control_raw_v24,logistic,chr3:51480000-51484999,5,0.7016070894982251,-0.7016070894982251,268.0,1.0,-0.265591,0.15604095447938673,0.0,0.011775,0.016205,candidate_signal,target-associated methylation signal; mechanism not inferred
chr16,18875000,18879999,chr16:15000000-19999999,cr_vs_control_raw_v24,logistic,chr16:18875000-18879999,5,0.7015474764022203,-0.7015474764022203,247.2,1.0,-0.251145,0.18066796266896396,0.0,0.000896,0.005217,candidate_signal,target-associated methylation signal; mechanism not inferred
chr4,43440000,43444999,chr4:40000000-44999999,cr_vs_control_raw_v24,logistic,chr4:43440000-43444999,5,0.701454101298987,-0.7014541012989871,267.8,1.0,-0.210211,0.26486632260093357,0.0,0.001224,0.00126,candidate_signal,target-associated methylation signal; mechanism not inferred
chr2,26900000,26904999,chr2:25000000-29999999,cr_vs_control_raw_v24,logistic,chr2:26900000-26904999,5,0.6955370137361936,-0.6955370137361935,356.8,1.0,0.13836,0.4659128196490943,0.0,0.00285,0.002933,candidate_signal,target-associated methylation signal; mechanism not inferred
chr5,138990000,138994999,chr5:135000000-139999999,cr_vs_control_raw_v24,logistic,chr5:138990000-138994999,5,0.6922360145721718,-0.6922360145721717,292.8,1.0,-0.306272,0.09974948262126195,0.0,0.105184,0.105364,candidate_signal,target-associated methylation signal; mechanism not inferred
chr2,163100000,163104999,chr2:160000000-164999999,cr_vs_control_raw_v24,logistic,chr2:163100000-163104999,5,0.691540132707452,-0.691540132707452,312.0,1.0,-0.076111,0.6893449835094255,0.0,0.031162,0.068261,candidate_signal,target-associated methylation signal; mechanism not inferred
chr6,72095000,72099999,chr6:70000000-74999999,cr_vs_control_raw_v24,logistic,chr6:72095000-72099999,5,0.688393918344981,-0.688393918344981,307.6,1.0,-0.248213,0.1859815255044226,0.0,0.011237,0.01131,candidate_signal,target-associated methylation signal; mechanism not inferred
chr7,113205000,113209999,chr7:110000000-114999999,cr_vs_control_raw_v24,logistic,chr7:113205000-113209999,5,0.6818584278534138,-0.6818584278534138,330.4,1.0,-0.439935,0.014984646439367026,0.0,0.059623,0.065926,candidate_signal,target-associated methylation signal; mechanism not inferred
chr17,71550000,71554999,chr17:70000000-74999999,cr_vs_control_raw_v24,logistic,chr17:71550000-71554999,4,0.7721890500384926,-0.7721890500384926,51.25,1.0,-0.429555,0.017838118338057898,0.0,0.167032,0.167405,candidate_signal,target-associated methylation signal; mechanism not inferred
chr9,74950000,74954999,chr9:70000000-74999999,cr_vs_control_raw_v24,logistic,chr9:74950000-74954999,4,0.7549174737568884,-0.7549174737568884,92.0,1.0,-0.120111,0.5272469276070871,0.0,0.002336,0.013053,candidate_signal,target-associated methylation signal; mechanism not inferred
chr18,60595000,60599999,chr18:60000000-64999999,cr_vs_control_raw_v24,logistic,chr18:60595000-60599999,4,0.7528587489146359,-0.7528587489146359,66.25,1.0,-0.24438,0.19309216168820817,0.0,0.002705,0.019927,candidate_signal,target-associated methylation signal; mechanism not inferred
chr8,88360000,88364999,chr8:85000000-89999999,cr_vs_control_raw_v24,logistic,chr8:88360000-88364999,4,0.7495787818209931,-0.7495787818209931,89.5,1.0,-0.270802,0.14777770857772013,0.0,0.010151,0.010227,candidate_signal,target-associated methylation signal; mechanism not inferred
chr6,29345000,29349999,chr6:25000000-29999999,cr_vs_control_raw_v24,logistic,chr6:29345000-29349999,4,0.7465117463546719,-0.7465117463546719,99.5,1.0,-0.143118,0.4505615688939231,0.0,0.002304,0.005158,candidate_signal,target-associated methylation signal; mechanism not inferred
chr10,67455000,67459999,chr10:65000000-69999999,cr_vs_control_raw_v24,logistic,chr10:67455000-67459999,4,0.7446379535331387,-0.7446379535331387,131.75,1.0,-0.376467,0.040314834247365545,0.0,0.159109,0.161417,candidate_signal,target-associated methylation signal; mechanism not inferred
chr8,106135000,106139999,chr8:105000000-109999999,cr_vs_control_raw_v24,logistic,chr8:106135000-106139999,4,0.7393462538996184,-0.7393462538996184,91.25,1.0,-0.434082,0.016542746836369623,0.0,0.232234,0.232856,candidate_signal,target-associated methylation signal; mechanism not inferred
chr11,86995000,86999999,chr11:85000000-89999999,cr_vs_control_raw_v24,logistic,chr11:86995000-86999999,4,0.7392157227782026,-0.7392157227782027,136.5,1.0,-0.347586,0.05982561442593709,0.0,0.032613,0.216079,candidate_signal,target-associated methylation signal; mechanism not inferred
chr12,54860000,54864999,chr12:50000000-54999999,cr_vs_control_raw_v24,logistic,chr12:54860000-54864999,4,0.7346125110810355,-0.7346125110810355,94.0,1.0,-0.356541,0.053115966260484815,0.0,0.032003,0.032529,candidate_signal,target-associated methylation signal; mechanism not inferred
chr6,100670000,100674999,chr6:100000000-104999999,cr_vs_control_raw_v24,logistic,chr6:100670000-100674999,4,0.7298569756874153,-0.7298569756874151,190.5,1.0,-0.123682,0.5149468517573197,0.0,0.010325,0.011483,candidate_signal,target-associated methylation signal; mechanism not inferred
chr7,111080000,111084999,chr7:110000000-114999999,cr_vs_control_raw_v24,logistic,chr7:111080000-111084999,4,0.729194125830276,-0.729194125830276,203.5,1.0,-0.200829,0.2872687754557792,0.0,0.003386,0.003838,candidate_signal,target-associated methylation signal; mechanism not inferred
chr15,75640000,75644999,chr15:75000000-79999999,dataset_batch_raw_v24,logistic,chr15:75640000-75644999,5,0.998230020104077,-0.9982300201040772,2.2,1.0,-0.417094,0.0218432450467633,0.0,0.867488,0.867855,dataset_confounded,target-associated methylation signal; mechanism not inferred
chr17,26135000,26139999,chr17:25000000-29999999,dataset_batch_raw_v24,logistic,chr17:26135000-26139999,5,0.9979518764096701,-0.9979518764096703,2.8,1.0,-0.400851,0.02814601776539158,0.0,0.759697,0.781319,dataset_confounded,target-associated methylation signal; mechanism not inferred
chr17,35380000,35384999,chr17:35000000-39999999,dataset_batch_raw_v24,logistic,chr17:35380000-35384999,5,0.9979220130398969,-0.9979220130398969,3.6,1.0,-0.420001,0.020848444149407494,0.0,0.776929,0.778937,dataset_confounded,target-associated methylation signal; mechanism not inferred
chr9,110780000,110784999,chr9:110000000-114999999,dataset_batch_raw_v24,logistic,chr9:110780000-110784999,5,0.9975696529299031,-0.9975696529299031,4.4,1.0,-0.395913,0.0303312057967703,0.0,0.742022,0.777825,dataset_confounded,target-associated methylation signal; mechanism not inferred
chr12,69985000,69989999,chr12:65000000-69999999,dataset_batch_raw_v24,logistic,chr12:69985000-69989999,5,0.9969363560634836,-0.9969363560634834,8.2,1.0,-0.412684,0.02342671059660678,0.0,0.739716,0.742999,dataset_confounded,target-associated methylation signal; mechanism not inferred
chr11,4895000,4899999,chr11:0-4999999,dataset_batch_raw_v24,logistic,chr11:4895000-4899999,5,0.9968878339454521,-0.9968878339454521,7.2,1.0,-0.409959,0.024451455781743403,0.0,0.795459,0.82637,dataset_confounded,target-associated methylation signal; mechanism not inferred
chr6,30505000,30509999,chr6:30000000-34999999,dataset_batch_raw_v24,logistic,chr6:30505000-30509999,5,0.9968527112086363,0.9968527112086363,7.2,1.0,0.400242,0.028408110429385475,0.0,0.727968,0.728371,dataset_confounded,target-associated methylation signal; mechanism not inferred
chr7,19470000,19474999,chr7:15000000-19999999,dataset_batch_raw_v24,logistic,chr7:19470000-19474999,5,0.99652386314167,-0.99652386314167,8.4,1.0,-0.415203,0.022511163329560532,0.0,0.580995,0.582679,dataset_confounded,target-associated methylation signal; mechanism not inferred
chr5,140295000,140299999,chr5:140000000-144999999,dataset_batch_raw_v24,logistic,chr5:140295000-140299999,5,0.9962609472065648,0.9962609472065648,10.2,1.0,0.410517,0.024238701407790855,0.0,0.777188,0.778398,dataset_confounded,target-associated methylation signal; mechanism not inferred
chr17,35895000,35899999,chr17:35000000-39999999,dataset_batch_raw_v24,logistic,chr17:35895000-35899999,5,0.9960836508823204,-0.9960836508823204,10.8,1.0,-0.402521,0.027436517891508617,0.0,0.735494,0.749736,dataset_confounded,target-associated methylation signal; mechanism not inferred
chr17,23925000,23929999,chr17:20000000-24999999,dataset_batch_raw_v24,logistic,chr17:23925000-23929999,5,0.9959854418317555,0.9959854418317555,11.4,1.0,0.424317,0.019440384676174063,0.0,0.648298,0.651122,dataset_confounded,target-associated methylation signal; mechanism not inferred
chr2,143060000,143064999,chr2:140000000-144999999,dataset_batch_raw_v24,logistic,chr2:143060000-143064999,5,0.9956651379740951,-0.9956651379740951,12.2,1.0,-0.401132,0.02802535052846571,0.0,0.57508,0.583503,dataset_confounded,target-associated methylation signal; mechanism not inferred
chr18,76940000,76944999,chr18:75000000-79999999,dataset_batch_raw_v24,logistic,chr18:76940000-76944999,5,0.994998455076719,-0.994998455076719,16.0,1.0,-0.430745,0.017489681271441702,0.0,0.4943,0.499452,dataset_confounded,target-associated methylation signal; mechanism not inferred
chr8,71555000,71559999,chr8:70000000-74999999,dataset_batch_raw_v24,logistic,chr8:71555000-71559999,5,0.9942873660951514,-0.9942873660951514,18.0,1.0,-0.409046,0.02480274303800154,0.0,0.727027,0.733823,dataset_confounded,target-associated methylation signal; mechanism not inferred
chr17,15700000,15704999,chr17:15000000-19999999,dataset_batch_raw_v24,logistic,chr17:15700000-15704999,5,0.9941304080611146,-0.9941304080611146,19.2,1.0,-0.428145,0.01825815826388195,0.0,0.514259,0.52145,dataset_confounded,target-associated methylation signal; mechanism not inferred
chr16,50525000,50529999,chr16:50000000-54999999,dataset_batch_raw_v24,logistic,chr16:50525000-50529999,5,0.9936993065762184,-0.9936993065762184,21.4,1.0,-0.436221,0.015958414198093625,0.0,0.709945,0.736595,dataset_confounded,target-associated methylation signal; mechanism not inferred
chr14,79425000,79429999,chr14:75000000-79999999,dataset_batch_raw_v24,logistic,chr14:79425000-79429999,5,0.9933847619603089,-0.9933847619603089,23.2,1.0,-0.439112,0.01519602573931378,0.0,0.74584,0.747655,dataset_confounded,target-associated methylation signal; mechanism not inferred
chr2,130310000,130314999,chr2:130000000-134999999,dataset_batch_raw_v24,logistic,chr2:130310000-130314999,5,0.9932792055306624,0.9932792055306624,23.0,1.0,0.405418,0.026240576357926107,0.0,0.666489,0.668034,dataset_confounded,target-associated methylation signal; mechanism not inferred
chr6,42350000,42354999,chr6:40000000-44999999,dataset_batch_raw_v24,logistic,chr6:42350000-42354999,5,0.9932779818731383,-0.9932779818731383,23.6,1.0,-0.419173,0.02112802083740359,0.0,0.560518,0.57035,dataset_confounded,target-associated methylation signal; mechanism not inferred
chr2,131040000,131044999,chr2:130000000-134999999,dataset_batch_raw_v24,logistic,chr2:131040000-131044999,5,0.9932635478240052,-0.9932635478240052,23.8,1.0,-0.417715,0.02162770479425247,0.0,0.580075,0.608946,dataset_confounded,target-associated methylation signal; mechanism not inferred
chr13,31560000,31564999,chr13:30000000-34999999,dataset_batch_raw_v24,logistic,chr13:31560000-31564999,5,0.99311700923015,-0.9931170092301501,28.8,1.0,-0.397406,0.029656651507205326,0.0,0.938671,0.958333,dataset_confounded,target-associated methylation signal; mechanism not inferred
chr14,31130000,31134999,chr14:30000000-34999999,dataset_batch_raw_v24,logistic,chr14:31130000-31134999,5,0.9929910752531887,-0.9929910752531887,27.4,1.0,-0.399871,0.02856920675495645,0.0,0.627288,0.628261,dataset_confounded,target-associated methylation signal; mechanism not inferred
chr3,89160000,89164999,chr3:85000000-89999999,dataset_batch_raw_v24,logistic,chr3:89160000-89164999,5,0.9921414191490389,-0.9921414191490386,32.6,1.0,-0.422005,0.020184736142253728,0.0,0.655425,0.723994,dataset_confounded,target-associated methylation signal; mechanism not inferred
chr6,99665000,99669999,chr6:95000000-99999999,dataset_batch_raw_v24,logistic,chr6:99665000-99669999,5,0.9920761372204625,-0.9920761372204625,32.2,1.0,-0.464471,0.009715961971848413,0.0,0.470108,0.472298,dataset_confounded,target-associated methylation signal; mechanism not inferred
chr9,110050000,110054999,chr9:110000000-114999999,dataset_batch_raw_v24,logistic,chr9:110050000-110054999,5,0.9919641490620797,0.99196414906208,30.8,1.0,0.423628,0.01965973029665082,0.0,0.600781,0.604264,dataset_confounded,target-associated methylation signal; mechanism not inferred
chr2,119660000,119664999,chr2:115000000-119999999,dataset_batch_raw_v24,logistic,chr2:119660000-119664999,5,0.9914891416394355,-0.9914891416394355,37.8,1.0,-0.391926,0.03219492373963505,0.0,0.539024,0.540004,dataset_confounded,target-associated methylation signal; mechanism not inferred
chr6,102000000,102004999,chr6:100000000-104999999,dataset_batch_raw_v24,logistic,chr6:102000000-102004999,5,0.9914746631697025,0.9914746631697025,35.0,1.0,0.413821,0.02301005607380335,0.0,0.632361,0.637363,dataset_confounded,target-associated methylation signal; mechanism not inferred
chr11,17950000,17954999,chr11:15000000-19999999,dataset_batch_raw_v24,logistic,chr11:17950000-17954999,5,0.9914128593131822,-0.9914128593131825,38.4,1.0,-0.424052,0.019524616933487223,0.0,0.586213,0.58662,dataset_confounded,target-associated methylation signal; mechanism not inferred
chr11,57070000,57074999,chr11:55000000-59999999,dataset_batch_raw_v24,logistic,chr11:57070000-57074999,5,0.991296104673167,0.991296104673167,41.4,1.0,0.409045,0.02480323455943183,0.0,0.53671,0.539052,dataset_confounded,target-associated methylation signal; mechanism not inferred
chr9,75555000,75559999,chr9:75000000-79999999,dataset_batch_raw_v24,logistic,chr9:75555000-75559999,5,0.991201174746435,-0.991201174746435,37.8,1.0,-0.390947,0.03266601510257386,0.0,0.442931,0.456422,dataset_confounded,target-associated methylation signal; mechanism not inferred
chr2,32450000,32454999,chr2:30000000-34999999,dataset_batch_raw_v24,logistic,chr2:32450000-32454999,5,0.9910900602292598,-0.9910900602292598,44.8,1.0,-0.408613,0.024971214146469252,0.0,0.550256,0.554204,dataset_confounded,target-associated methylation signal; mechanism not inferred
chr11,89060000,89064999,chr11:85000000-89999999,dataset_batch_raw_v24,logistic,chr11:89060000-89064999,5,0.9909677017002079,-0.9909677017002079,38.6,1.0,-0.381996,0.03724052099615497,0.0,0.718598,0.758071,dataset_confounded,target-associated methylation signal; mechanism not inferred
chr14,30005000,30009999,chr14:30000000-34999999,dataset_batch_raw_v24,logistic,chr14:30005000-30009999,5,0.9908330039175443,-0.9908330039175443,50.0,1.0,-0.390855,0.03271089333478968,0.0,0.55968,0.560653,dataset_confounded,target-associated methylation signal; mechanism not inferred
chr7,19380000,19384999,chr7:15000000-19999999,dataset_batch_raw_v24,logistic,chr7:19380000-19384999,5,0.9906977009335577,-0.9906977009335577,42.4,1.0,-0.414799,0.02265607819076544,0.0,0.670831,0.695004,dataset_confounded,target-associated methylation signal; mechanism not inferred
chr12,73285000,73289999,chr12:70000000-74999999,dataset_batch_raw_v24,logistic,chr12:73285000-73289999,5,0.9905793466410315,-0.9905793466410315,43.2,1.0,-0.455328,0.011459274194705755,0.0,0.650258,0.65142,dataset_confounded,target-associated methylation signal; mechanism not inferred
chr4,106845000,106849999,chr4:105000000-109999999,dataset_batch_raw_v24,logistic,chr4:106845000-106849999,5,0.9905660265144004,-0.9905660265144004,50.2,1.0,-0.396608,0.03001551433799968,0.0,0.699222,0.701705,dataset_confounded,target-associated methylation signal; mechanism not inferred
chr3,144015000,144019999,chr3:140000000-144999999,dataset_batch_raw_v24,logistic,chr3:144015000-144019999,5,0.9905007821862826,-0.9905007821862826,50.4,1.0,-0.412761,0.023398394055678205,0.0,0.478094,0.487481,dataset_confounded,target-associated methylation signal; mechanism not inferred
chr14,77870000,77874999,chr14:75000000-79999999,dataset_batch_raw_v24,logistic,chr14:77870000-77874999,5,0.9904220623980937,-0.9904220623980937,44.4,1.0,-0.449908,0.012611497887585412,0.0,0.59148,0.594437,dataset_confounded,target-associated methylation signal; mechanism not inferred
chr11,70650000,70654999,chr11:70000000-74999999,dataset_batch_raw_v24,logistic,chr11:70650000-70654999,5,0.9903844262407387,-0.9903844262407387,45.2,1.0,-0.461655,0.010227334334565095,0.0,0.610068,0.613901,dataset_confounded,target-associated methylation signal; mechanism not inferred
chr8,119605000,119609999,chr8:115000000-119999999,dataset_batch_raw_v24,logistic,chr8:119605000-119609999,5,0.9903748843216216,-0.9903748843216216,44.6,1.0,-0.400201,0.02842579931882285,0.0,0.70058,0.73476,dataset_confounded,target-associated methylation signal; mechanism not inferred
chr1,163775000,163779999,chr1:160000000-164999999,dataset_batch_raw_v24,logistic,chr1:163775000-163779999,5,0.9898683966541411,-0.9898683966541411,51.6,1.0,-0.389497,0.03337455036486808,0.0,0.545114,0.56216,dataset_confounded,target-associated methylation signal; mechanism not inferred
chr7,3600000,3604999,chr7:0-4999999,dataset_batch_raw_v24,logistic,chr7:3600000-3604999,5,0.989765000386454,-0.9897650003864541,56.4,1.0,-0.454274,0.011676135245975477,0.0,0.712768,0.713459,dataset_confounded,target-associated methylation signal; mechanism not inferred
chr9,96630000,96634999,chr9:95000000-99999999,dataset_batch_raw_v24,logistic,chr9:96630000-96634999,5,0.9893808791362048,-0.9893808791362048,59.4,1.0,-0.396712,0.02996880043109303,0.0,0.462796,0.474407,dataset_confounded,target-associated methylation signal; mechanism not inferred
chr10,95500000,95504999,chr10:95000000-99999999,dataset_batch_raw_v24,logistic,chr10:95500000-95504999,5,0.9891204353976019,-0.9891204353976019,62.0,1.0,-0.469393,0.008874004434055964,0.0,0.699355,0.737517,dataset_confounded,target-associated methylation signal; mechanism not inferred
chr14,16240000,16244999,chr14:15000000-19999999,dataset_batch_raw_v24,logistic,chr14:16240000-16244999,5,0.9890962008828422,-0.9890962008828421,59.4,1.0,-0.433287,0.016764461453799756,0.0,0.642421,0.644421,dataset_confounded,target-associated methylation signal; mechanism not inferred
chr7,79245000,79249999,chr7:75000000-79999999,dataset_batch_raw_v24,logistic,chr7:79245000-79249999,5,0.9890007131674498,-0.9890007131674496,56.6,1.0,-0.440363,0.014875523273788932,0.0,0.749953,0.754416,dataset_confounded,target-associated methylation signal; mechanism not inferred
chr1,164295000,164299999,chr1:160000000-164999999,dataset_batch_raw_v24,logistic,chr1:164295000-164299999,5,0.9887676442444837,-0.9887676442444837,71.6,1.0,-0.411882,0.023724550908525734,0.0,0.46003,0.460288,dataset_confounded,target-associated methylation signal; mechanism not inferred
chr1,63445000,63449999,chr1:60000000-64999999,dataset_batch_raw_v24,logistic,chr1:63445000-63449999,5,0.9882967515871683,-0.9882967515871683,64.4,1.0,-0.369774,0.044304245884146005,0.0,0.620958,0.62096,dataset_confounded,target-associated methylation signal; mechanism not inferred
chr17,31055000,31059999,chr17:30000000-34999999,dataset_batch_raw_v24,logistic,chr17:31055000-31059999,5,0.9881776749891451,-0.9881776749891451,69.0,1.0,-0.418747,0.0212731468604851,0.0,0.378877,0.379928,dataset_confounded,target-associated methylation signal; mechanism not inferred
chr3,121640000,121644999,chr3:120000000-124999999,dataset_batch_raw_v24,logistic,chr3:121640000-121644999,5,0.9880621624857152,-0.9880621624857152,73.0,1.0,-0.365319,0.04713054249826618,0.0,0.4882,0.552465,dataset_confounded,target-associated methylation signal; mechanism not inferred
chr1,135430000,135434999,chr1:135000000-139999999,dataset_batch_raw_v24,logistic,chr1:135430000-135434999,5,0.9880327641769373,-0.9880327641769373,72.0,1.0,-0.342598,0.06384121214538117,0.0,0.73674,0.737598,dataset_confounded,target-associated methylation signal; mechanism not inferred
chr16,26315000,26319999,chr16:25000000-29999999,dataset_batch_raw_v24,logistic,chr16:26315000-26319999,5,0.9879730292188402,0.9879730292188402,75.2,1.0,0.415838,0.02228510585911208,0.0,0.574152,0.596766,dataset_confounded,target-associated methylation signal; mechanism not inferred
chr9,72130000,72134999,chr9:70000000-74999999,dataset_batch_raw_v24,logistic,chr9:72130000-72134999,5,0.987915799824395,-0.987915799824395,71.0,1.0,-0.411455,0.023884555448933076,0.0,0.67119,0.683343,dataset_confounded,target-associated methylation signal; mechanism not inferred
chr16,93600000,93604999,chr16:90000000-94999999,dataset_batch_raw_v24,logistic,chr16:93600000-93604999,5,0.9879049396918228,-0.987904939691823,66.0,1.0,-0.424612,0.019347109845494377,0.0,0.586611,0.586708,dataset_confounded,target-associated methylation signal; mechanism not inferred
chr4,132510000,132514999,chr4:130000000-134999999,dataset_batch_raw_v24,logistic,chr4:132510000-132514999,5,0.9878332105034131,-0.9878332105034131,78.2,1.0,-0.431838,0.0171748518008099,0.0,0.507233,0.508114,dataset_confounded,target-associated methylation signal; mechanism not inferred
chr6,70890000,70894999,chr6:70000000-74999999,dataset_batch_raw_v24,logistic,chr6:70890000-70894999,5,0.9875845640274423,0.9875845640274423,76.8,1.0,0.427484,0.0184581603817009,0.0,0.319328,0.32005,dataset_confounded,target-associated methylation signal; mechanism not inferred
chr2,25050000,25054999,chr2:25000000-29999999,dataset_batch_raw_v24,logistic,chr2:25050000-25054999,5,0.9875165873515351,-0.9875165873515351,74.0,1.0,-0.404174,0.026748792756458493,0.0,0.668387,0.670516,dataset_confounded,target-associated methylation signal; mechanism not inferred
chr4,154295000,154299999,chr4:150000000-154999999,dataset_batch_raw_v24,logistic,chr4:154295000-154299999,5,0.9873975903181723,-0.9873975903181723,92.8,1.0,-0.35881,0.05151458875503404,0.0,0.616499,0.639348,dataset_confounded,target-associated methylation signal; mechanism not inferred
chr11,96035000,96039999,chr11:95000000-99999999,dataset_batch_raw_v24,logistic,chr11:96035000-96039999,5,0.9873608692946526,-0.9873608692946526,81.6,1.0,-0.370254,0.04400798992119253,0.0,0.442034,0.455346,dataset_confounded,target-associated methylation signal; mechanism not inferred
chr14,50805000,50809999,chr14:50000000-54999999,dataset_batch_raw_v24,logistic,chr14:50805000-50809999,5,0.9872157659610906,-0.9872157659610906,100.6,1.0,-0.427159,0.018557003513506826,0.0,0.76856,0.799779,dataset_confounded,target-associated methylation signal; mechanism not inferred
chr3,89165000,89169999,chr3:85000000-89999999,dataset_batch_raw_v24,logistic,chr3:89165000-89169999,5,0.9871729198718298,0.9871729198718298,91.8,1.0,0.411699,0.02379310086424476,0.0,0.809133,0.80963,dataset_confounded,target-associated methylation signal; mechanism not inferred
chr7,79720000,79724999,chr7:75000000-79999999,dataset_batch_raw_v24,logistic,chr7:79720000-79724999,5,0.9869673255840334,-0.9869673255840334,91.8,1.0,-0.368231,0.045267571651754164,0.0,0.566912,0.620753,dataset_confounded,target-associated methylation signal; mechanism not inferred
chr7,131560000,131564999,chr7:130000000-134999999,dataset_batch_raw_v24,logistic,chr7:131560000-131564999,5,0.9868936393043188,-0.9868936393043188,81.0,1.0,-0.34915,0.05860842952920436,0.0,0.527812,0.554487,dataset_confounded,target-associated methylation signal; mechanism not inferred
chr3,106685000,106689999,chr3:105000000-109999999,dataset_batch_raw_v24,logistic,chr3:106685000-106689999,5,0.9868821963270765,-0.9868821963270765,92.2,1.0,-0.388003,0.034117598862819745,0.0,0.416474,0.43412,dataset_confounded,target-associated methylation signal; mechanism not inferred
chr5,104020000,104024999,chr5:100000000-104999999,dataset_batch_raw_v24,logistic,chr5:104020000-104024999,5,0.9865503461828761,-0.9865503461828762,89.0,1.0,-0.441101,0.014689413608152251,0.0,0.504468,0.507765,dataset_confounded,target-associated methylation signal; mechanism not inferred
chr1,170170000,170174999,chr1:170000000-174999999,dataset_batch_raw_v24,logistic,chr1:170170000-170174999,5,0.986489429523079,-0.986489429523079,100.0,1.0,-0.455142,0.01149726126139219,0.0,0.55678,0.556922,dataset_confounded,target-associated methylation signal; mechanism not inferred
chr1,153010000,153014999,chr1:150000000-154999999,dataset_batch_raw_v24,logistic,chr1:153010000-153014999,5,0.9864696127740693,0.9864696127740693,88.6,1.0,0.409199,0.02474365121933107,0.0,0.472917,0.48503,dataset_confounded,target-associated methylation signal; mechanism not inferred
chr9,119575000,119579999,chr9:115000000-119999999,dataset_batch_raw_v24,logistic,chr9:119575000-119579999,5,0.9864143905252625,-0.9864143905252625,92.0,1.0,-0.388611,0.03381383227438943,0.0,0.395242,0.395716,dataset_confounded,target-associated methylation signal; mechanism not inferred
chr10,71285000,71289999,chr10:70000000-74999999,dataset_batch_raw_v24,logistic,chr10:71285000-71289999,5,0.9860881560046103,-0.9860881560046103,92.0,1.0,-0.404307,0.026693821061738596,0.0,0.475132,0.479282,dataset_confounded,target-associated methylation signal; mechanism not inferred
chr7,16810000,16814999,chr7:15000000-19999999,dataset_batch_raw_v24,logistic,chr7:16810000-16814999,5,0.9860845307521042,0.9860845307521042,88.6,1.0,0.447189,0.013224873487923344,0.0,0.569993,0.575966,dataset_confounded,target-associated methylation signal; mechanism not inferred
chr13,30745000,30749999,chr13:30000000-34999999,dataset_batch_raw_v24,logistic,chr13:30745000-30749999,5,0.9859622293315707,-0.9859622293315707,102.8,1.0,-0.475882,0.007858497258671993,0.0,0.478338,0.47898,dataset_confounded,target-associated methylation signal; mechanism not inferred
chr1,9600000,9604999,chr1:5000000-9999999,dataset_batch_raw_v24,logistic,chr1:9600000-9604999,5,0.9859222521166144,0.9859222521166144,95.4,1.0,0.44319,0.014172371013467099,0.0,0.581044,0.586188,dataset_confounded,target-associated methylation signal; mechanism not inferred
chr17,36250000,36254999,chr17:35000000-39999999,dataset_batch_raw_v24,logistic,chr17:36250000-36254999,5,0.9854561829678566,-0.9854561829678566,99.6,1.0,-0.415322,0.02246890037452649,0.0,0.597649,0.599822,dataset_confounded,target-associated methylation signal; mechanism not inferred
chr10,127195000,127199999,chr10:125000000-129999999,dataset_batch_raw_v24,logistic,chr10:127195000-127199999,5,0.9853538225214471,-0.9853538225214473,116.0,1.0,-0.409392,0.024669090683554114,0.0,0.505861,0.530589,dataset_confounded,target-associated methylation signal; mechanism not inferred
chr8,120345000,120349999,chr8:120000000-124999999,dataset_batch_raw_v24,logistic,chr8:120345000-120349999,5,0.9853188825551118,0.9853188825551118,100.0,1.0,0.385348,0.03547067954945806,0.0,0.550748,0.553732,dataset_confounded,target-associated methylation signal; mechanism not inferred
chr10,95250000,95254999,chr10:95000000-99999999,dataset_batch_raw_v24,logistic,chr10:95250000-95254999,5,0.9852710082911402,0.9852710082911402,95.0,1.0,0.429683,0.017800251190976002,0.0,0.515372,0.517073,dataset_confounded,target-associated methylation signal; mechanism not inferred
chr1,185450000,185454999,chr1:185000000-189999999,dataset_batch_raw_v24,logistic,chr1:185450000-185454999,5,0.9852175696981063,-0.9852175696981063,104.2,1.0,-0.419609,0.0209804909778485,0.0,0.576416,0.583953,dataset_confounded,target-associated methylation signal; mechanism not inferred
chr13,95310000,95314999,chr13:95000000-99999999,dataset_batch_raw_v24,logistic,chr13:95310000-95314999,5,0.9852091606855099,0.9852091606855101,109.6,1.0,0.388882,0.03367898718149634,0.0,0.342085,0.342654,dataset_confounded,target-associated methylation signal; mechanism not inferred
chr5,33130000,33134999,chr5:30000000-34999999,dataset_batch_raw_v24,logistic,chr5:33130000-33134999,5,0.9851428348528148,0.9851428348528148,102.8,1.0,0.41861,0.02131997688663134,0.0,0.315532,0.318553,dataset_confounded,target-associated methylation signal; mechanism not inferred
chr4,133595000,133599999,chr4:130000000-134999999,dataset_batch_raw_v24,logistic,chr4:133595000-133599999,5,0.9850606282781993,-0.9850606282781993,100.8,1.0,-0.426532,0.018749109483051567,0.0,0.332389,0.338828,dataset_confounded,target-associated methylation signal; mechanism not inferred
chr17,66110000,66114999,chr17:65000000-69999999,dataset_batch_raw_v24,logistic,chr17:66110000-66114999,5,0.985058051167886,-0.9850580511678858,110.8,1.0,-0.417619,0.021660738831100625,0.0,0.508013,0.533083,dataset_confounded,target-associated methylation signal; mechanism not inferred
chr19,46520000,46524999,chr19:45000000-49999999,dataset_batch_raw_v24,logistic,chr19:46520000-46524999,5,0.9849638109835477,-0.9849638109835477,111.2,1.0,-0.38585,0.03521166821281225,0.0,0.471268,0.522017,dataset_confounded,target-associated methylation signal; mechanism not inferred
chr17,47470000,47474999,chr17:45000000-49999999,dataset_batch_raw_v24,logistic,chr17:47470000-47474999,5,0.9848064464851566,-0.9848064464851566,117.6,1.0,-0.468661,0.008995149972866,0.0,0.565073,0.585801,dataset_confounded,target-associated methylation signal; mechanism not inferred
chr7,29935000,29939999,chr7:25000000-29999999,dataset_batch_raw_v24,logistic,chr7:29935000-29939999,5,0.9847504051149661,0.9847504051149661,109.4,1.0,0.412803,0.02338287946174591,0.0,0.286531,0.288151,dataset_confounded,target-associated methylation signal; mechanism not inferred
chr15,74705000,74709999,chr15:70000000-74999999,dataset_batch_raw_v24,logistic,chr15:74705000-74709999,5,0.9847336095378132,-0.9847336095378132,108.0,1.0,-0.406257,0.025901980224408393,0.0,0.589827,0.626174,dataset_confounded,target-associated methylation signal; mechanism not inferred
chr5,73645000,73649999,chr5:70000000-74999999,dataset_batch_raw_v24,logistic,chr5:73645000-73649999,5,0.9847118716851055,-0.9847118716851055,132.0,1.0,-0.424514,0.019378163096411685,0.0,0.535956,0.551155,dataset_confounded,target-associated methylation signal; mechanism not inferred
chr10,81035000,81039999,chr10:80000000-84999999,dataset_batch_raw_v24,logistic,chr10:81035000-81039999,5,0.9842781082080141,-0.9842781082080141,123.2,1.0,-0.393723,0.031343838395036065,0.0,0.571622,0.603707,dataset_confounded,target-associated methylation signal; mechanism not inferred
chr6,71010000,71014999,chr6:70000000-74999999,dataset_batch_raw_v24,logistic,chr6:71010000-71014999,5,0.9842473453217002,-0.9842473453217002,129.8,1.0,-0.398322,0.029248473471453984,0.0,0.467492,0.482348,dataset_confounded,target-associated methylation signal; mechanism not inferred
chr1,172630000,172634999,chr1:170000000-174999999,dataset_batch_raw_v24,logistic,chr1:172630000-172634999,5,0.9840637681504752,-0.9840637681504754,118.2,1.0,-0.421963,0.020198394298100556,0.0,0.544978,0.576764,dataset_confounded,target-associated methylation signal; mechanism not inferred
chr18,36320000,36324999,chr18:35000000-39999999,dataset_batch_raw_v24,logistic,chr18:36320000-36324999,5,0.9839770260970029,-0.9839770260970029,114.8,1.0,-0.41184,0.023740565834685024,0.0,0.44711,0.449703,dataset_confounded,target-associated methylation signal; mechanism not inferred
chr8,13335000,13339999,chr8:10000000-14999999,dataset_batch_raw_v24,logistic,chr8:13335000-13339999,5,0.9837112076503841,-0.9837112076503841,157.6,1.0,-0.424857,0.01927017285653024,0.0,0.642576,0.65291,dataset_confounded,target-associated methylation signal; mechanism not inferred
chr1,134490000,134494999,chr1:130000000-134999999,dataset_batch_raw_v24,logistic,chr1:134490000-134494999,5,0.9836617560826049,-0.9836617560826049,124.6,1.0,-0.450926,0.012387877686484328,0.0,0.4927,0.498116,dataset_confounded,target-associated methylation signal; mechanism not inferred
chr2,35580000,35584999,chr2:35000000-39999999,dataset_batch_raw_v24,logistic,chr2:35580000-35584999,5,0.9836297231248782,-0.9836297231248784,144.4,1.0,-0.385125,0.03558657748044689,0.0,0.398346,0.399898,dataset_confounded,target-associated methylation signal; mechanism not inferred
chr7,111545000,111549999,chr7:110000000-114999999,dataset_batch_raw_v24,logistic,chr7:111545000-111549999,5,0.9835778644486031,0.9835778644486031,134.2,1.0,0.452684,0.012009842179236013,0.0,0.519899,0.520877,dataset_confounded,target-associated methylation signal; mechanism not inferred
chr1,65540000,65544999,chr1:65000000-69999999,dataset_batch_raw_v24,logistic,chr1:65540000-65544999,5,0.9835631139972522,-0.9835631139972522,144.0,1.0,-0.401786,0.02774684663962777,0.0,0.32408,0.327022,dataset_confounded,target-associated methylation signal; mechanism not inferred
chr17,87040000,87044999,chr17:85000000-89999999,dataset_batch_raw_v24,logistic,chr17:87040000-87044999,5,0.9832907061981521,0.9832907061981521,124.6,1.0,0.474671,0.008040237225845097,0.0,0.693175,0.701798,dataset_confounded,target-associated methylation signal; mechanism not inferred
chr15,91015000,91019999,chr15:90000000-94999999,dataset_batch_raw_v24,logistic,chr15:91015000-91019999,5,0.9831770558067878,0.9831770558067878,135.4,1.0,0.375077,0.04111846976999931,0.0,0.503761,0.504653,dataset_confounded,target-associated methylation signal; mechanism not inferred
chr9,15045000,15049999,chr9:15000000-19999999,dataset_batch_raw_v24,logistic,chr9:15045000-15049999,5,0.9831540286963992,-0.9831540286963995,139.6,1.0,-0.468249,0.009064034805112272,0.0,0.68528,0.716862,dataset_confounded,target-associated methylation signal; mechanism not inferred
chr8,83790000,83794999,chr8:80000000-84999999,dataset_batch_raw_v24,logistic,chr8:83790000-83794999,5,0.9831414076937518,0.9831414076937517,145.4,1.0,0.377514,0.03971771548744804,0.0,0.456698,0.457305,dataset_confounded,target-associated methylation signal; mechanism not inferred
chr2,173180000,173184999,chr2:170000000-174999999,dataset_batch_raw_v24,logistic,chr2:173180000-173184999,5,0.9831340551816081,-0.9831340551816081,138.8,1.0,-0.477552,0.007613807709479467,0.0,0.571622,0.573825,dataset_confounded,target-associated methylation signal; mechanism not inferred
chr15,75640000,75644999,chr15:75000000-79999999,tissue_blood_vs_brain_raw_v24,logistic,chr15:75640000-75644999,5,0.9981999339410159,-0.9981999339410159,3.0,1.0,-0.417094,0.0218432450467633,0.0,0.867488,0.867855,dataset_confounded,target-associated methylation signal; mechanism not inferred
chr5,117240000,117244999,chr5:115000000-119999999,tissue_blood_vs_brain_raw_v24,logistic,chr5:117240000-117244999,5,0.9981042162925275,0.9981042162925275,3.0,1.0,0.492988,0.005640816228390644,0.0,0.704632,0.741507,dataset_confounded,target-associated methylation signal; mechanism not inferred
chr17,26135000,26139999,chr17:25000000-29999999,tissue_blood_vs_brain_raw_v24,logistic,chr17:26135000-26139999,5,0.9980147976250627,-0.9980147976250627,3.8,1.0,-0.400851,0.02814601776539158,0.0,0.759697,0.781319,dataset_confounded,target-associated methylation signal; mechanism not inferred
chr17,35380000,35384999,chr17:35000000-39999999,tissue_blood_vs_brain_raw_v24,logistic,chr17:35380000-35384999,5,0.9979072224098922,-0.9979072224098922,4.2,1.0,-0.420001,0.020848444149407494,0.0,0.776929,0.778937,dataset_confounded,target-associated methylation signal; mechanism not inferred
chr9,110780000,110784999,chr9:110000000-114999999,tissue_blood_vs_brain_raw_v24,logistic,chr9:110780000-110784999,5,0.9977984827434858,-0.9977984827434858,4.2,1.0,-0.395913,0.0303312057967703,0.0,0.742022,0.777825,dataset_confounded,target-associated methylation signal; mechanism not inferred
chr11,4895000,4899999,chr11:0-4999999,tissue_blood_vs_brain_raw_v24,logistic,chr11:4895000-4899999,5,0.9970020845767866,-0.9970020845767866,8.6,1.0,-0.409959,0.024451455781743403,0.0,0.795459,0.82637,dataset_confounded,target-associated methylation signal; mechanism not inferred
chr12,69985000,69989999,chr12:65000000-69999999,tissue_blood_vs_brain_raw_v24,logistic,chr12:69985000-69989999,5,0.9969014140487449,-0.9969014140487449,8.8,1.0,-0.412684,0.02342671059660678,0.0,0.739716,0.742999,dataset_confounded,target-associated methylation signal; mechanism not inferred
chr7,19470000,19474999,chr7:15000000-19999999,tissue_blood_vs_brain_raw_v24,logistic,chr7:19470000-19474999,5,0.9968984034707212,-0.9968984034707212,9.2,1.0,-0.415203,0.022511163329560532,0.0,0.580995,0.582679,dataset_confounded,target-associated methylation signal; mechanism not inferred
chr17,23925000,23929999,chr17:20000000-24999999,tissue_blood_vs_brain_raw_v24,logistic,chr17:23925000-23929999,5,0.9968333270383454,0.9968333270383454,8.8,1.0,0.424317,0.019440384676174063,0.0,0.648298,0.651122,dataset_confounded,target-associated methylation signal; mechanism not inferred
chr6,30505000,30509999,chr6:30000000-34999999,tissue_blood_vs_brain_raw_v24,logistic,chr6:30505000-30509999,5,0.9968223569523562,0.9968223569523562,9.4,1.0,0.400242,0.028408110429385475,0.0,0.727968,0.728371,dataset_confounded,target-associated methylation signal; mechanism not inferred
chr5,140295000,140299999,chr5:140000000-144999999,tissue_blood_vs_brain_raw_v24,logistic,chr5:140295000-140299999,5,0.9963494693580447,0.9963494693580447,11.0,1.0,0.410517,0.024238701407790855,0.0,0.777188,0.778398,dataset_confounded,target-associated methylation signal; mechanism not inferred
chr17,35895000,35899999,chr17:35000000-39999999,tissue_blood_vs_brain_raw_v24,logistic,chr17:35895000-35899999,5,0.996041353332829,-0.9960413533328287,12.4,1.0,-0.402521,0.027436517891508617,0.0,0.735494,0.749736,dataset_confounded,target-associated methylation signal; mechanism not inferred
chr2,143060000,143064999,chr2:140000000-144999999,tissue_blood_vs_brain_raw_v24,logistic,chr2:143060000-143064999,5,0.9956136701056403,-0.9956136701056403,14.2,1.0,-0.401132,0.02802535052846571,0.0,0.57508,0.583503,dataset_confounded,target-associated methylation signal; mechanism not inferred
chr18,76940000,76944999,chr18:75000000-79999999,tissue_blood_vs_brain_raw_v24,logistic,chr18:76940000-76944999,5,0.9950017431841862,-0.9950017431841864,16.8,1.0,-0.430745,0.017489681271441702,0.0,0.4943,0.499452,dataset_confounded,target-associated methylation signal; mechanism not inferred
chr6,102000000,102004999,chr6:100000000-104999999,tissue_blood_vs_brain_raw_v24,logistic,chr6:102000000-102004999,5,0.9943075970585904,0.9943075970585904,21.0,1.0,0.413821,0.02301005607380335,0.0,0.632361,0.637363,dataset_confounded,target-associated methylation signal; mechanism not inferred
chr8,71555000,71559999,chr8:70000000-74999999,tissue_blood_vs_brain_raw_v24,logistic,chr8:71555000-71559999,5,0.9942252879604713,-0.9942252879604713,22.8,1.0,-0.409046,0.02480274303800154,0.0,0.727027,0.733823,dataset_confounded,target-associated methylation signal; mechanism not inferred
chr17,15700000,15704999,chr17:15000000-19999999,tissue_blood_vs_brain_raw_v24,logistic,chr17:15700000-15704999,5,0.9941757342547707,-0.9941757342547707,22.0,1.0,-0.428145,0.01825815826388195,0.0,0.514259,0.52145,dataset_confounded,target-associated methylation signal; mechanism not inferred
chr16,50525000,50529999,chr16:50000000-54999999,tissue_blood_vs_brain_raw_v24,logistic,chr16:50525000-50529999,5,0.9938821841617346,-0.9938821841617343,25.6,1.0,-0.436221,0.015958414198093625,0.0,0.709945,0.736595,dataset_confounded,target-associated methylation signal; mechanism not inferred
chr14,79425000,79429999,chr14:75000000-79999999,tissue_blood_vs_brain_raw_v24,logistic,chr14:79425000-79429999,5,0.9937241660852767,-0.9937241660852767,28.8,1.0,-0.439112,0.01519602573931378,0.0,0.74584,0.747655,dataset_confounded,target-associated methylation signal; mechanism not inferred
chr9,110050000,110054999,chr9:110000000-114999999,tissue_blood_vs_brain_raw_v24,logistic,chr9:110050000-110054999,5,0.993532709998582,0.993532709998582,28.8,1.0,0.423628,0.01965973029665082,0.0,0.600781,0.604264,dataset_confounded,target-associated methylation signal; mechanism not inferred
chr2,130310000,130314999,chr2:130000000-134999999,tissue_blood_vs_brain_raw_v24,logistic,chr2:130310000-130314999,5,0.9934375342072526,0.9934375342072526,28.2,1.0,0.405418,0.026240576357926107,0.0,0.666489,0.668034,dataset_confounded,target-associated methylation signal; mechanism not inferred
chr2,131040000,131044999,chr2:130000000-134999999,tissue_blood_vs_brain_raw_v24,logistic,chr2:131040000-131044999,5,0.9934282009838729,-0.9934282009838731,27.2,1.0,-0.417715,0.02162770479425247,0.0,0.580075,0.608946,dataset_confounded,target-associated methylation signal; mechanism not inferred
chr6,42350000,42354999,chr6:40000000-44999999,tissue_blood_vs_brain_raw_v24,logistic,chr6:42350000-42354999,5,0.9933015700484262,-0.9933015700484262,35.0,1.0,-0.419173,0.02112802083740359,0.0,0.560518,0.57035,dataset_confounded,target-associated methylation signal; mechanism not inferred
chr6,99665000,99669999,chr6:95000000-99999999,tissue_blood_vs_brain_raw_v24,logistic,chr6:99665000-99669999,5,0.9931241027053248,-0.9931241027053248,31.8,1.0,-0.464471,0.009715961971848413,0.0,0.470108,0.472298,dataset_confounded,target-associated methylation signal; mechanism not inferred
chr13,31560000,31564999,chr13:30000000-34999999,tissue_blood_vs_brain_raw_v24,logistic,chr13:31560000-31564999,5,0.9931132884790002,-0.9931132884790002,37.8,1.0,-0.397406,0.029656651507205326,0.0,0.938671,0.958333,dataset_confounded,target-associated methylation signal; mechanism not inferred
chr3,89160000,89164999,chr3:85000000-89999999,tissue_blood_vs_brain_raw_v24,logistic,chr3:89160000-89164999,5,0.993091641604089,-0.9930916416040892,29.0,1.0,-0.422005,0.020184736142253728,0.0,0.655425,0.723994,dataset_confounded,target-associated methylation signal; mechanism not inferred
chr14,31130000,31134999,chr14:30000000-34999999,tissue_blood_vs_brain_raw_v24,logistic,chr14:31130000-31134999,5,0.9929391761674825,-0.9929391761674825,36.0,1.0,-0.399871,0.02856920675495645,0.0,0.627288,0.628261,dataset_confounded,target-associated methylation signal; mechanism not inferred
chr8,108245000,108249999,chr8:105000000-109999999,tissue_blood_vs_brain_raw_v24,logistic,chr8:108245000-108249999,5,0.9926287839854293,0.9926287839854293,38.2,1.0,0.401682,0.02779119412287492,0.0,0.433199,0.442311,dataset_confounded,target-associated methylation signal; mechanism not inferred
chr11,49085000,49089999,chr11:45000000-49999999,tissue_blood_vs_brain_raw_v24,logistic,chr11:49085000-49089999,5,0.9925278642608915,-0.9925278642608915,40.0,1.0,-0.486708,0.00638334698814064,0.0,0.569418,0.587845,dataset_confounded,target-associated methylation signal; mechanism not inferred
chr11,70650000,70654999,chr11:70000000-74999999,tissue_blood_vs_brain_raw_v24,logistic,chr11:70650000-70654999,5,0.9922083058699238,-0.9922083058699238,43.2,1.0,-0.461655,0.010227334334565095,0.0,0.610068,0.613901,dataset_confounded,target-associated methylation signal; mechanism not inferred
chr11,57070000,57074999,chr11:55000000-59999999,tissue_blood_vs_brain_raw_v24,logistic,chr11:57070000-57074999,5,0.9921017739022642,0.9921017739022642,43.4,1.0,0.409045,0.02480323455943183,0.0,0.53671,0.539052,dataset_confounded,target-associated methylation signal; mechanism not inferred
chr10,91000000,91004999,chr10:90000000-94999999,tissue_blood_vs_brain_raw_v24,logistic,chr10:91000000-91004999,5,0.9917462228629571,0.9917462228629571,45.4,1.0,0.492853,0.005655974619966917,0.0,0.512685,0.534898,dataset_confounded,target-associated methylation signal; mechanism not inferred
chr17,67500000,67504999,chr17:65000000-69999999,tissue_blood_vs_brain_raw_v24,logistic,chr17:67500000-67504999,5,0.9916595641231764,0.9916595641231764,45.8,1.0,0.48121,0.007099952711529608,0.0,0.476655,0.483584,dataset_confounded,target-associated methylation signal; mechanism not inferred
chr2,119660000,119664999,chr2:115000000-119999999,tissue_blood_vs_brain_raw_v24,logistic,chr2:119660000-119664999,5,0.9916346567451774,-0.9916346567451774,46.4,1.0,-0.391926,0.03219492373963505,0.0,0.539024,0.540004,dataset_confounded,target-associated methylation signal; mechanism not inferred
chr11,17950000,17954999,chr11:15000000-19999999,tissue_blood_vs_brain_raw_v24,logistic,chr11:17950000-17954999,5,0.9916140257025416,-0.9916140257025416,46.8,1.0,-0.424052,0.019524616933487223,0.0,0.586213,0.58662,dataset_confounded,target-associated methylation signal; mechanism not inferred
chr14,77870000,77874999,chr14:75000000-79999999,tissue_blood_vs_brain_raw_v24,logistic,chr14:77870000-77874999,5,0.9915781603417869,-0.9915781603417868,49.6,1.0,-0.449908,0.012611497887585412,0.0,0.59148,0.594437,dataset_confounded,target-associated methylation signal; mechanism not inferred
chr10,69335000,69339999,chr10:65000000-69999999,tissue_blood_vs_brain_raw_v24,logistic,chr10:69335000-69339999,5,0.9914205126436313,0.9914205126436313,51.0,1.0,0.481625,0.007043632615419081,0.0,0.544268,0.561584,dataset_confounded,target-associated methylation signal; mechanism not inferred
chr15,78570000,78574999,chr15:75000000-79999999,tissue_blood_vs_brain_raw_v24,logistic,chr15:78570000-78574999,5,0.9913973875477483,-0.9913973875477483,50.2,1.0,-0.482314,0.006950887506136309,0.0,0.65945,0.673674,dataset_confounded,target-associated methylation signal; mechanism not inferred
chr9,75555000,75559999,chr9:75000000-79999999,tissue_blood_vs_brain_raw_v24,logistic,chr9:75555000-75559999,5,0.9912810671628269,-0.9912810671628269,54.4,1.0,-0.390947,0.03266601510257386,0.0,0.442931,0.456422,dataset_confounded,target-associated methylation signal; mechanism not inferred
chr4,106845000,106849999,chr4:105000000-109999999,tissue_blood_vs_brain_raw_v24,logistic,chr4:106845000-106849999,5,0.9912194219176144,-0.9912194219176144,57.2,1.0,-0.396608,0.03001551433799968,0.0,0.699222,0.701705,dataset_confounded,target-associated methylation signal; mechanism not inferred
chr13,46035000,46039999,chr13:45000000-49999999,tissue_blood_vs_brain_raw_v24,logistic,chr13:46035000-46039999,5,0.9911468786291426,0.9911468786291426,53.0,1.0,0.461924,0.010177548527948308,0.0,0.435224,0.44559,dataset_confounded,target-associated methylation signal; mechanism not inferred
chr11,89060000,89064999,chr11:85000000-89999999,tissue_blood_vs_brain_raw_v24,logistic,chr11:89060000-89064999,5,0.9911053801395242,-0.9911053801395242,56.2,1.0,-0.381996,0.03724052099615497,0.0,0.718598,0.758071,dataset_confounded,target-associated methylation signal; mechanism not inferred
chr2,32450000,32454999,chr2:30000000-34999999,tissue_blood_vs_brain_raw_v24,logistic,chr2:32450000-32454999,5,0.9910856769409355,-0.9910856769409355,57.2,1.0,-0.408613,0.024971214146469252,0.0,0.550256,0.554204,dataset_confounded,target-associated methylation signal; mechanism not inferred
chr7,16810000,16814999,chr7:15000000-19999999,tissue_blood_vs_brain_raw_v24,logistic,chr7:16810000-16814999,5,0.9910746796338792,0.9910746796338792,56.0,1.0,0.447189,0.013224873487923344,0.0,0.569993,0.575966,dataset_confounded,target-associated methylation signal; mechanism not inferred
chr7,115565000,115569999,chr7:115000000-119999999,tissue_blood_vs_brain_raw_v24,logistic,chr7:115565000-115569999,5,0.9909668035760406,0.9909668035760406,57.4,1.0,0.458141,0.010897126807510885,0.0,0.522672,0.534676,dataset_confounded,target-associated methylation signal; mechanism not inferred
chr7,19380000,19384999,chr7:15000000-19999999,tissue_blood_vs_brain_raw_v24,logistic,chr7:19380000-19384999,5,0.9908287747733473,-0.9908287747733473,60.4,1.0,-0.414799,0.02265607819076544,0.0,0.670831,0.695004,dataset_confounded,target-associated methylation signal; mechanism not inferred
chr14,30005000,30009999,chr14:30000000-34999999,tissue_blood_vs_brain_raw_v24,logistic,chr14:30005000-30009999,5,0.9908090932966859,-0.9908090932966859,60.6,1.0,-0.390855,0.03271089333478968,0.0,0.55968,0.560653,dataset_confounded,target-associated methylation signal; mechanism not inferred
chr12,73285000,73289999,chr12:70000000-74999999,tissue_blood_vs_brain_raw_v24,logistic,chr12:73285000-73289999,5,0.9907762241938473,-0.9907762241938475,60.8,1.0,-0.455328,0.011459274194705755,0.0,0.650258,0.65142,dataset_confounded,target-associated methylation signal; mechanism not inferred
chr9,58250000,58254999,chr9:55000000-59999999,tissue_blood_vs_brain_raw_v24,logistic,chr9:58250000-58254999,5,0.9907363452202788,-0.9907363452202788,60.6,1.0,-0.420992,0.02051790097417285,0.0,0.65852,0.667666,dataset_confounded,target-associated methylation signal; mechanism not inferred
chr19,25140000,25144999,chr19:25000000-29999999,tissue_blood_vs_brain_raw_v24,logistic,chr19:25140000-25144999,5,0.9906859368138001,0.9906859368137999,61.4,1.0,0.514402,0.0036353189245626675,0.0,0.398389,0.447579,dataset_confounded,target-associated methylation signal; mechanism not inferred
chr8,119605000,119609999,chr8:115000000-119999999,tissue_blood_vs_brain_raw_v24,logistic,chr8:119605000-119609999,5,0.9906255559551793,-0.9906255559551793,62.8,1.0,-0.400201,0.02842579931882285,0.0,0.70058,0.73476,dataset_confounded,target-associated methylation signal; mechanism not inferred
chr7,79245000,79249999,chr7:75000000-79999999,tissue_blood_vs_brain_raw_v24,logistic,chr7:79245000-79249999,5,0.9905001448081142,-0.9905001448081142,64.6,1.0,-0.440363,0.014875523273788932,0.0,0.749953,0.754416,dataset_confounded,target-associated methylation signal; mechanism not inferred
chr3,144015000,144019999,chr3:140000000-144999999,tissue_blood_vs_brain_raw_v24,logistic,chr3:144015000-144019999,5,0.9903724494977805,-0.9903724494977805,67.8,1.0,-0.412761,0.023398394055678205,0.0,0.478094,0.487481,dataset_confounded,target-associated methylation signal; mechanism not inferred
chr15,68930000,68934999,chr15:65000000-69999999,tissue_blood_vs_brain_raw_v24,logistic,chr15:68930000-68934999,5,0.9903173935860943,0.9903173935860943,72.6,1.0,0.508683,0.0040991477961009465,0.0,0.477179,0.55788,dataset_confounded,target-associated methylation signal; mechanism not inferred
chr17,87040000,87044999,chr17:85000000-89999999,tissue_blood_vs_brain_raw_v24,logistic,chr17:87040000-87044999,5,0.9902744464198975,0.9902744464198973,70.0,1.0,0.474671,0.008040237225845097,0.0,0.693175,0.701798,dataset_confounded,target-associated methylation signal; mechanism not inferred
chr4,11145000,11149999,chr4:10000000-14999999,tissue_blood_vs_brain_raw_v24,logistic,chr4:11145000-11149999,5,0.9900917066458115,-0.9900917066458115,72.8,1.0,-0.473465,0.008224544621225635,0.0,0.616205,0.713617,dataset_confounded,target-associated methylation signal; mechanism not inferred
chr7,55850000,55854999,chr7:55000000-59999999,tissue_blood_vs_brain_raw_v24,logistic,chr7:55850000-55854999,5,0.9899934732071827,0.9899934732071827,70.8,1.0,0.483709,0.006766209407266806,0.0,0.557422,0.578613,dataset_confounded,target-associated methylation signal; mechanism not inferred
chr1,163775000,163779999,chr1:160000000-164999999,tissue_blood_vs_brain_raw_v24,logistic,chr1:163775000-163779999,5,0.9898894953688974,-0.9898894953688974,73.2,1.0,-0.389497,0.03337455036486808,0.0,0.545114,0.56216,dataset_confounded,target-associated methylation signal; mechanism not inferred
chr2,158710000,158714999,chr2:155000000-159999999,tissue_blood_vs_brain_raw_v24,logistic,chr2:158710000-158714999,5,0.9898754697872443,0.9898754697872445,74.4,1.0,0.466056,0.009437780207933524,0.0,0.552759,0.563941,dataset_confounded,target-associated methylation signal; mechanism not inferred
chr4,153435000,153439999,chr4:150000000-154999999,tissue_blood_vs_brain_raw_v24,logistic,chr4:153435000-153439999,5,0.9897160364568034,0.9897160364568034,78.4,1.0,0.467528,0.009185414092563259,0.0,0.419682,0.430914,dataset_confounded,target-associated methylation signal; mechanism not inferred
chr14,16240000,16244999,chr14:15000000-19999999,tissue_blood_vs_brain_raw_v24,logistic,chr14:16240000-16244999,5,0.9896497172200224,-0.9896497172200223,77.2,1.0,-0.433287,0.016764461453799756,0.0,0.642421,0.644421,dataset_confounded,target-associated methylation signal; mechanism not inferred
chr7,3600000,3604999,chr7:0-4999999,tissue_blood_vs_brain_raw_v24,logistic,chr7:3600000-3604999,5,0.9895981144895064,-0.9895981144895064,78.6,1.0,-0.454274,0.011676135245975477,0.0,0.712768,0.713459,dataset_confounded,target-associated methylation signal; mechanism not inferred
chr2,165865000,165869999,chr2:165000000-169999999,tissue_blood_vs_brain_raw_v24,logistic,chr2:165865000-165869999,5,0.9895512373373332,0.9895512373373332,78.4,1.0,0.468572,0.009009983327477612,0.0,0.634796,0.663096,dataset_confounded,target-associated methylation signal; mechanism not inferred
chr10,95500000,95504999,chr10:95000000-99999999,tissue_blood_vs_brain_raw_v24,logistic,chr10:95500000-95504999,5,0.9894909683739963,-0.9894909683739961,81.2,1.0,-0.469393,0.008874004434055964,0.0,0.699355,0.737517,dataset_confounded,target-associated methylation signal; mechanism not inferred
chr11,83220000,83224999,chr11:80000000-84999999,tissue_blood_vs_brain_raw_v24,logistic,chr11:83220000-83224999,5,0.9894758654258091,-0.9894758654258091,80.2,1.0,-0.51082,0.003920240286907632,0.0,0.696232,0.715787,dataset_confounded,target-associated methylation signal; mechanism not inferred
chr14,78775000,78779999,chr14:75000000-79999999,tissue_blood_vs_brain_raw_v24,logistic,chr14:78775000-78779999,5,0.9894508896820053,0.9894508896820055,83.6,1.0,0.383051,0.03667622351226736,0.0,0.633209,0.642103,dataset_confounded,target-associated methylation signal; mechanism not inferred
chr1,9600000,9604999,chr1:5000000-9999999,tissue_blood_vs_brain_raw_v24,logistic,chr1:9600000-9604999,5,0.989399598191652,0.989399598191652,85.2,1.0,0.44319,0.014172371013467099,0.0,0.581044,0.586188,dataset_confounded,target-associated methylation signal; mechanism not inferred
chr3,121640000,121644999,chr3:120000000-124999999,tissue_blood_vs_brain_raw_v24,logistic,chr3:121640000-121644999,5,0.989368055725846,-0.9893680557258457,80.2,1.0,-0.365319,0.04713054249826618,0.0,0.4882,0.552465,dataset_confounded,target-associated methylation signal; mechanism not inferred
chr5,33130000,33134999,chr5:30000000-34999999,tissue_blood_vs_brain_raw_v24,logistic,chr5:33130000-33134999,5,0.989354835345512,0.989354835345512,84.0,1.0,0.41861,0.02131997688663134,0.0,0.315532,0.318553,dataset_confounded,target-associated methylation signal; mechanism not inferred
chr9,96630000,96634999,chr9:95000000-99999999,tissue_blood_vs_brain_raw_v24,logistic,chr9:96630000-96634999,5,0.9893248705861983,-0.9893248705861983,82.8,1.0,-0.396712,0.02996880043109303,0.0,0.462796,0.474407,dataset_confounded,target-associated methylation signal; mechanism not inferred
chr16,77590000,77594999,chr16:75000000-79999999,tissue_blood_vs_brain_raw_v24,logistic,chr16:77590000-77594999,5,0.9888770836197484,0.9888770836197484,92.2,1.0,0.489783,0.006010000717629841,0.0,0.590073,0.741753,dataset_confounded,target-associated methylation signal; mechanism not inferred
chr5,121825000,121829999,chr5:120000000-124999999,tissue_blood_vs_brain_raw_v24,logistic,chr5:121825000-121829999,5,0.9887791992859027,0.9887791992859027,108.2,1.0,0.463887,0.009820368184172961,0.0,0.613538,0.626781,dataset_confounded,target-associated methylation signal; mechanism not inferred
chr1,164295000,164299999,chr1:160000000-164999999,tissue_blood_vs_brain_raw_v24,logistic,chr1:164295000-164299999,5,0.988615618165203,-0.9886156181652032,95.6,1.0,-0.411882,0.023724550908525734,0.0,0.46003,0.460288,dataset_confounded,target-associated methylation signal; mechanism not inferred
chr14,66855000,66859999,chr14:65000000-69999999,tissue_blood_vs_brain_raw_v24,logistic,chr14:66855000-66859999,5,0.9885892155411728,0.9885892155411728,92.2,1.0,0.472357,0.00839723873765394,0.0,0.492437,0.510198,dataset_confounded,target-associated methylation signal; mechanism not inferred
chr8,22505000,22509999,chr8:20000000-24999999,tissue_blood_vs_brain_raw_v24,logistic,chr8:22505000-22509999,5,0.9885487505172513,0.9885487505172513,95.8,1.0,0.457069,0.011108496106702427,0.0,0.488853,0.502344,dataset_confounded,target-associated methylation signal; mechanism not inferred
chr9,35185000,35189999,chr9:35000000-39999999,tissue_blood_vs_brain_raw_v24,logistic,chr9:35185000-35189999,5,0.9885215312214475,0.9885215312214475,100.6,1.0,0.445707,0.013569681513240919,0.0,0.560127,0.567031,dataset_confounded,target-associated methylation signal; mechanism not inferred
chr4,152280000,152284999,chr4:150000000-154999999,tissue_blood_vs_brain_raw_v24,logistic,chr4:152280000-152284999,5,0.9885142035459804,-0.9885142035459804,96.8,1.0,-0.479958,0.00727238633745029,0.0,0.521118,0.530439,dataset_confounded,target-associated methylation signal; mechanism not inferred
chr17,31055000,31059999,chr17:30000000-34999999,tissue_blood_vs_brain_raw_v24,logistic,chr17:31055000-31059999,5,0.988428597553004,-0.988428597553004,99.0,1.0,-0.418747,0.0212731468604851,0.0,0.378877,0.379928,dataset_confounded,target-associated methylation signal; mechanism not inferred
chr5,104020000,104024999,chr5:100000000-104999999,tissue_blood_vs_brain_raw_v24,logistic,chr5:104020000-104024999,5,0.9884178279780631,-0.9884178279780631,98.4,1.0,-0.441101,0.014689413608152251,0.0,0.504468,0.507765,dataset_confounded,target-associated methylation signal; mechanism not inferred
chr9,113980000,113984999,chr9:110000000-114999999,tissue_blood_vs_brain_raw_v24,logistic,chr9:113980000-113984999,5,0.9882735424450939,0.9882735424450937,114.4,1.0,0.432658,0.016941449439039913,0.0,0.598061,0.614087,dataset_confounded,target-associated methylation signal; mechanism not inferred
chr1,63445000,63449999,chr1:60000000-64999999,tissue_blood_vs_brain_raw_v24,logistic,chr1:63445000-63449999,5,0.9881193234034885,-0.9881193234034885,103.0,1.0,-0.369774,0.044304245884146005,0.0,0.620958,0.62096,dataset_confounded,target-associated methylation signal; mechanism not inferred
chr16,26315000,26319999,chr16:25000000-29999999,tissue_blood_vs_brain_raw_v24,logistic,chr16:26315000-26319999,5,0.9881086274801255,0.9881086274801255,104.4,1.0,0.415838,0.02228510585911208,0.0,0.574152,0.596766,dataset_confounded,target-associated methylation signal; mechanism not inferred
chr13,45580000,45584999,chr13:45000000-49999999,tissue_blood_vs_brain_raw_v24,logistic,chr13:45580000-45584999,5,0.9880986591484513,0.9880986591484513,119.0,1.0,0.472021,0.008450176631883364,0.0,0.412326,0.429942,dataset_confounded,target-associated methylation signal; mechanism not inferred
chr16,93600000,93604999,chr16:90000000-94999999,tissue_blood_vs_brain_raw_v24,logistic,chr16:93600000-93604999,5,0.9880907089739533,-0.9880907089739533,103.6,1.0,-0.424612,0.019347109845494377,0.0,0.586611,0.586708,dataset_confounded,target-associated methylation signal; mechanism not inferred
chr7,141075000,141079999,chr7:140000000-144999999,tissue_blood_vs_brain_raw_v24,logistic,chr7:141075000-141079999,5,0.9880525991766561,0.9880525991766561,105.8,1.0,0.472733,0.00833827016863199,0.0,0.476074,0.488239,dataset_confounded,target-associated methylation signal; mechanism not inferred
chr9,112185000,112189999,chr9:110000000-114999999,tissue_blood_vs_brain_raw_v24,logistic,chr9:112185000-112189999,5,0.9879974773091081,0.9879974773091081,114.2,1.0,0.417126,0.0218320969985955,0.0,0.52895,0.535833,dataset_confounded,target-associated methylation signal; mechanism not inferred
chr1,135430000,135434999,chr1:135000000-139999999,tissue_blood_vs_brain_raw_v24,logistic,chr1:135430000-135434999,5,0.9879766616282591,-0.9879766616282591,107.4,1.0,-0.342598,0.06384121214538117,0.0,0.73674,0.737598,dataset_confounded,target-associated methylation signal; mechanism not inferred
chr9,72130000,72134999,chr9:70000000-74999999,tissue_blood_vs_brain_raw_v24,logistic,chr9:72130000-72134999,5,0.9879578943805694,-0.9879578943805694,107.6,1.0,-0.411455,0.023884555448933076,0.0,0.67119,0.683343,dataset_confounded,target-associated methylation signal; mechanism not inferred
chr4,132510000,132514999,chr4:130000000-134999999,tissue_blood_vs_brain_raw_v24,logistic,chr4:132510000-132514999,5,0.9879020601716999,-0.9879020601716999,112.6,1.0,-0.431838,0.0171748518008099,0.0,0.507233,0.508114,dataset_confounded,target-associated methylation signal; mechanism not inferred
chr5,74050000,74054999,chr5:70000000-74999999,tissue_blood_vs_brain_raw_v24,logistic,chr5:74050000-74054999,5,0.9878452557275409,0.9878452557275409,107.2,1.0,0.522642,0.003046638729161716,0.0,0.601567,0.764238,dataset_confounded,target-associated methylation signal; mechanism not inferred
chr2,25050000,25054999,chr2:25000000-29999999,tissue_blood_vs_brain_raw_v24,logistic,chr2:25050000-25054999,5,0.9878223845638198,-0.9878223845638198,110.4,1.0,-0.404174,0.026748792756458493,0.0,0.668387,0.670516,dataset_confounded,target-associated methylation signal; mechanism not inferred
chr7,79720000,79724999,chr7:75000000-79999999,tissue_blood_vs_brain_raw_v24,logistic,chr7:79720000-79724999,5,0.9877504935273679,-0.9877504935273679,115.8,1.0,-0.368231,0.045267571651754164,0.0,0.566912,0.620753,dataset_confounded,target-associated methylation signal; mechanism not inferred
chr6,70890000,70894999,chr6:70000000-74999999,tissue_blood_vs_brain_raw_v24,logistic,chr6:70890000-70894999,5,0.9877229354986816,0.9877229354986816,111.6,1.0,0.427484,0.0184581603817009,0.0,0.319328,0.32005,dataset_confounded,target-associated methylation signal; mechanism not inferred
chr5,149140000,149144999,chr5:145000000-149999999,tissue_blood_vs_brain_raw_v24,logistic,chr5:149140000-149144999,5,0.987715058741597,0.987715058741597,116.8,1.0,0.494527,0.005470459347709371,0.0,0.4464,0.466463,dataset_confounded,target-associated methylation signal; mechanism not inferred
chr4,154295000,154299999,chr4:150000000-154999999,tissue_blood_vs_brain_raw_v24,logistic,chr4:154295000-154299999,5,0.9874542755595506,-0.9874542755595506,126.6,1.0,-0.35881,0.05151458875503404,0.0,0.616499,0.639348,dataset_confounded,target-associated methylation signal; mechanism not inferred
chr4,133815000,133819999,chr4:130000000-134999999,tissue_blood_vs_brain_raw_v24,logistic,chr4:133815000-133819999,5,0.9873411333012065,-0.9873411333012065,128.8,1.0,-0.465058,0.00961225878040084,0.0,0.367484,0.372311,dataset_confounded,target-associated methylation signal; mechanism not inferred
chr14,50805000,50809999,chr14:50000000-54999999,tissue_blood_vs_brain_raw_v24,logistic,chr14:50805000-50809999,5,0.9872825538078491,-0.9872825538078491,144.2,1.0,-0.427159,0.018557003513506826,0.0,0.76856,0.799779,dataset_confounded,target-associated methylation signal; mechanism not inferred
chr11,96035000,96039999,chr11:95000000-99999999,tissue_blood_vs_brain_raw_v24,logistic,chr11:96035000-96039999,5,0.9872135965859095,-0.9872135965859095,129.4,1.0,-0.370254,0.04400798992119253,0.0,0.442034,0.455346,dataset_confounded,target-associated methylation signal; mechanism not inferred
chr10,8800000,8804999,chr10:5000000-9999999,tissue_blood_vs_brain_raw_v24,logistic,chr10:8800000-8804999,5,0.9870882136847641,0.9870882136847641,122.6,1.0,0.445792,0.013549635523444074,0.0,0.524427,0.530042,dataset_confounded,target-associated methylation signal; mechanism not inferred
chr9,66810000,66814999,chr9:65000000-69999999,tissue_blood_vs_brain_raw_v24,logistic,chr9:66810000-66814999,5,0.9870530507154152,0.9870530507154152,133.4,1.0,0.471727,0.008496673461986721,0.0,0.41336,0.419915,dataset_confounded,target-associated methylation signal; mechanism not inferred
