dataset,run_accession,sample_id,library_layout,fastq_count,mates_present,missing_mate,pairing_status,total_size_bytes,total_size_gib,local_paths
GSE120137,SRR7871490,GSM3394172,SINGLE,1,,,single_or_unknown,8024252570,7.473168,/data/mouse_methyl/raw/GSE120137/fastq/SRR7871490.fastq
GSE120137,SRR7871491,GSM3394173,SINGLE,1,,,single_or_unknown,12490088148,11.632301,/data/mouse_methyl/raw/GSE120137/fastq/SRR7871491.fastq
GSE120137,SRR7871492,GSM3394174,SINGLE,1,,,single_or_unknown,12304089170,11.459076,/data/mouse_methyl/raw/GSE120137/fastq/SRR7871492.fastq
GSE120137,SRR7871493,GSM3394175,SINGLE,1,,,single_or_unknown,10441757298,9.724644,/data/mouse_methyl/raw/GSE120137/fastq/SRR7871493.fastq
GSE120137,SRR7871494,GSM3394176,SINGLE,1,,,single_or_unknown,7829593914,7.291878,/data/mouse_methyl/raw/GSE120137/fastq/SRR7871494.fastq
GSE120137,SRR7871495,GSM3394177,SINGLE,1,,,single_or_unknown,14455973226,13.463174,/data/mouse_methyl/raw/GSE120137/fastq/SRR7871495.fastq
GSE120137,SRR7871496,GSM3394178,SINGLE,1,,,single_or_unknown,13488596046,12.562234,/data/mouse_methyl/raw/GSE120137/fastq/SRR7871496.fastq
GSE120137,SRR7871497,GSM3394179,SINGLE,1,,,single_or_unknown,13030886924,12.135959,/data/mouse_methyl/raw/GSE120137/fastq/SRR7871497.fastq
GSE120137,SRR7871498,GSM3394180,SINGLE,1,,,single_or_unknown,12420434598,11.567431,/data/mouse_methyl/raw/GSE120137/fastq/SRR7871498.fastq
GSE120137,SRR7871499,GSM3394181,SINGLE,1,,,single_or_unknown,12526771710,11.666465,/data/mouse_methyl/raw/GSE120137/fastq/SRR7871499.fastq
GSE120137,SRR7871500,GSM3394182,SINGLE,1,,,single_or_unknown,15386497132,14.329792,/data/mouse_methyl/raw/GSE120137/fastq/SRR7871500.fastq
GSE120137,SRR7871501,GSM3394183,SINGLE,1,,,single_or_unknown,9784933638,9.11293,/data/mouse_methyl/raw/GSE120137/fastq/SRR7871501.fastq
GSE120137,SRR7871502,GSM3394184,SINGLE,1,,,single_or_unknown,10509492294,9.787727,/data/mouse_methyl/raw/GSE120137/fastq/SRR7871502.fastq
GSE120137,SRR7871503,GSM3394185,SINGLE,1,,,single_or_unknown,10851467230,10.106216,/data/mouse_methyl/raw/GSE120137/fastq/SRR7871503.fastq
GSE120137,SRR7871504,GSM3394186,SINGLE,1,,,single_or_unknown,8476702902,7.894545,/data/mouse_methyl/raw/GSE120137/fastq/SRR7871504.fastq
GSE120137,SRR7871505,GSM3394187,SINGLE,1,,,single_or_unknown,12005359262,11.180862,/data/mouse_methyl/raw/GSE120137/fastq/SRR7871505.fastq
GSE120137,SRR7871506,GSM3394188,SINGLE,1,,,single_or_unknown,10661525434,9.929319,/data/mouse_methyl/raw/GSE120137/fastq/SRR7871506.fastq
GSE120137,SRR7871507,GSM3394189,SINGLE,1,,,single_or_unknown,10481354538,9.761522,/data/mouse_methyl/raw/GSE120137/fastq/SRR7871507.fastq
GSE120137,SRR7871508,GSM3394190,SINGLE,1,,,single_or_unknown,10680700692,9.947178,/data/mouse_methyl/raw/GSE120137/fastq/SRR7871508.fastq
GSE120137,SRR7871509,GSM3394191,SINGLE,1,,,single_or_unknown,10033185038,9.344132,/data/mouse_methyl/raw/GSE120137/fastq/SRR7871509.fastq
GSE120137,SRR7871510,GSM3394192,SINGLE,1,,,single_or_unknown,10493837860,9.773148,/data/mouse_methyl/raw/GSE120137/fastq/SRR7871510.fastq
GSE120137,SRR7871511,GSM3394193,SINGLE,1,,,single_or_unknown,10145035536,9.448301,/data/mouse_methyl/raw/GSE120137/fastq/SRR7871511.fastq
GSE120137,SRR7871512,GSM3394194,SINGLE,1,,,single_or_unknown,7459219324,6.946939,/data/mouse_methyl/raw/GSE120137/fastq/SRR7871512.fastq
GSE120137,SRR7871513,GSM3394195,SINGLE,1,,,single_or_unknown,11084144396,10.322914,/data/mouse_methyl/raw/GSE120137/fastq/SRR7871513.fastq
GSE120137,SRR7871514,GSM3394196,SINGLE,1,,,single_or_unknown,9349223110,8.707143,/data/mouse_methyl/raw/GSE120137/fastq/SRR7871514.fastq
GSE120137,SRR7871515,GSM3394197,SINGLE,1,,,single_or_unknown,10915651314,10.165992,/data/mouse_methyl/raw/GSE120137/fastq/SRR7871515.fastq
GSE120137,SRR7871516,GSM3394198,SINGLE,1,,,single_or_unknown,7990976800,7.442177,/data/mouse_methyl/raw/GSE120137/fastq/SRR7871516.fastq
GSE120137,SRR7871517,GSM3394199,SINGLE,1,,,single_or_unknown,8806255756,8.201465,/data/mouse_methyl/raw/GSE120137/fastq/SRR7871517.fastq
GSE120137,SRR7871518,GSM3394200,SINGLE,1,,,single_or_unknown,9363059682,8.720029,/data/mouse_methyl/raw/GSE120137/fastq/SRR7871518.fastq
GSE120137,SRR7871519,GSM3394201,SINGLE,1,,,single_or_unknown,8359740870,7.785615,/data/mouse_methyl/raw/GSE120137/fastq/SRR7871519.fastq
GSE120137,SRR7871520,GSM3394202,SINGLE,1,,,single_or_unknown,9745170646,9.075897,/data/mouse_methyl/raw/GSE120137/fastq/SRR7871520.fastq
GSE120137,SRR7871521,GSM3394203,SINGLE,1,,,single_or_unknown,10889275684,10.141428,/data/mouse_methyl/raw/GSE120137/fastq/SRR7871521.fastq
GSE120137,SRR7871522,GSM3394204,SINGLE,1,,,single_or_unknown,6042333498,5.627362,/data/mouse_methyl/raw/GSE120137/fastq/SRR7871522.fastq
GSE120137,SRR7871523,GSM3394205,SINGLE,1,,,single_or_unknown,11118482636,10.354894,/data/mouse_methyl/raw/GSE120137/fastq/SRR7871523.fastq
GSE120137,SRR7871524,GSM3394206,SINGLE,1,,,single_or_unknown,5929007968,5.521819,/data/mouse_methyl/raw/GSE120137/fastq/SRR7871524.fastq
GSE120137,SRR7871525,GSM3394207,SINGLE,1,,,single_or_unknown,7051839834,6.567538,/data/mouse_methyl/raw/GSE120137/fastq/SRR7871525.fastq
GSE120137,SRR7871526,GSM3394208,SINGLE,1,,,single_or_unknown,7030480096,6.547645,/data/mouse_methyl/raw/GSE120137/fastq/SRR7871526.fastq
GSE120137,SRR7871527,GSM3394209,SINGLE,1,,,single_or_unknown,13777654540,12.831441,/data/mouse_methyl/raw/GSE120137/fastq/SRR7871527.fastq
GSE120137,SRR7871528,GSM3394210,SINGLE,1,,,single_or_unknown,7244973962,6.747408,/data/mouse_methyl/raw/GSE120137/fastq/SRR7871528.fastq
GSE120137,SRR7871529,GSM3394211,SINGLE,1,,,single_or_unknown,11499216310,10.70948,/data/mouse_methyl/raw/GSE120137/fastq/SRR7871529.fastq
GSE120137,SRR7871530,GSM3394212,SINGLE,1,,,single_or_unknown,9247507574,8.612413,/data/mouse_methyl/raw/GSE120137/fastq/SRR7871530.fastq
GSE120137,SRR7871531,GSM3394213,SINGLE,1,,,single_or_unknown,9018503606,8.399136,/data/mouse_methyl/raw/GSE120137/fastq/SRR7871531.fastq
GSE120137,SRR7871532,GSM3394214,SINGLE,1,,,single_or_unknown,8793532622,8.189615,/data/mouse_methyl/raw/GSE120137/fastq/SRR7871532.fastq
GSE120137,SRR7871533,GSM3394215,SINGLE,1,,,single_or_unknown,9008136872,8.389481,/data/mouse_methyl/raw/GSE120137/fastq/SRR7871533.fastq
GSE120137,SRR7871534,GSM3394216,SINGLE,1,,,single_or_unknown,5430456012,5.057506,/data/mouse_methyl/raw/GSE120137/fastq/SRR7871534.fastq
GSE120137,SRR7871535,GSM3394217,SINGLE,1,,,single_or_unknown,8676539100,8.080657,/data/mouse_methyl/raw/GSE120137/fastq/SRR7871535.fastq
GSE120137,SRR7871536,GSM3394218,SINGLE,1,,,single_or_unknown,8619668694,8.027692,/data/mouse_methyl/raw/GSE120137/fastq/SRR7871536.fastq
GSE120137,SRR7871537,GSM3394219,SINGLE,1,,,single_or_unknown,9984243374,9.298551,/data/mouse_methyl/raw/GSE120137/fastq/SRR7871537.fastq
GSE120137,SRR7871538,GSM3394220,SINGLE,1,,,single_or_unknown,13111864848,12.211376,/data/mouse_methyl/raw/GSE120137/fastq/SRR7871538.fastq
GSE120137,SRR7871539,GSM3394221,SINGLE,1,,,single_or_unknown,13191627032,12.28566,/data/mouse_methyl/raw/GSE120137/fastq/SRR7871539.fastq
GSE120137,SRR7871540,GSM3394222,SINGLE,1,,,single_or_unknown,12175951866,11.339739,/data/mouse_methyl/raw/GSE120137/fastq/SRR7871540.fastq
GSE120137,SRR7871541,GSM3394223,SINGLE,1,,,single_or_unknown,11217153858,10.446789,/data/mouse_methyl/raw/GSE120137/fastq/SRR7871541.fastq
GSE120137,SRR7871542,GSM3394224,SINGLE,1,,,single_or_unknown,8578787016,7.989618,/data/mouse_methyl/raw/GSE120137/fastq/SRR7871542.fastq
GSE120137,SRR7871543,GSM3394225,SINGLE,1,,,single_or_unknown,13626185364,12.690374,/data/mouse_methyl/raw/GSE120137/fastq/SRR7871543.fastq
GSE120137,SRR7871544,GSM3394226,SINGLE,1,,,single_or_unknown,10823863194,10.080508,/data/mouse_methyl/raw/GSE120137/fastq/SRR7871544.fastq
GSE120137,SRR7871545,GSM3394227,SINGLE,1,,,single_or_unknown,13432650770,12.510131,/data/mouse_methyl/raw/GSE120137/fastq/SRR7871545.fastq
GSE120137,SRR7871561,GSM3394243,SINGLE,1,,,single_or_unknown,5747974336,5.353218,/data/mouse_methyl/raw/GSE120137/fastq/SRR7871561.fastq
GSE120137,SRR7871577,GSM3394259,SINGLE,1,,,single_or_unknown,7095578180,6.608272,/data/mouse_methyl/raw/GSE120137/fastq/SRR7871577.fastq
GSE120137,SRR7871582,GSM3394264,SINGLE,1,,,single_or_unknown,8127593190,7.569411,/data/mouse_methyl/raw/GSE120137/fastq/SRR7871582.fastq
GSE120137,SRR7871618,GSM3394300,SINGLE,1,,,single_or_unknown,4054937428,3.776455,/data/mouse_methyl/raw/GSE120137/fastq/SRR7871618.fastq
GSE120137,SRR7871619,GSM3394301,SINGLE,1,,,single_or_unknown,3540403286,3.297258,/data/mouse_methyl/raw/GSE120137/fastq/SRR7871619.fastq
GSE120137,SRR7871620,GSM3394302,SINGLE,1,,,single_or_unknown,4702478934,4.379525,/data/mouse_methyl/raw/GSE120137/fastq/SRR7871620.fastq
GSE120137,SRR7871621,GSM3394303,SINGLE,1,,,single_or_unknown,3757225730,3.499189,/data/mouse_methyl/raw/GSE120137/fastq/SRR7871621.fastq
GSE120137,SRR7871622,GSM3394304,SINGLE,1,,,single_or_unknown,3030354272,2.822237,/data/mouse_methyl/raw/GSE120137/fastq/SRR7871622.fastq
GSE120137,SRR7871623,GSM3394305,SINGLE,1,,,single_or_unknown,2862067828,2.665508,/data/mouse_methyl/raw/GSE120137/fastq/SRR7871623.fastq
GSE120137,SRR7871624,GSM3394306,SINGLE,1,,,single_or_unknown,3118402120,2.904238,/data/mouse_methyl/raw/GSE120137/fastq/SRR7871624.fastq
GSE120137,SRR7871625,GSM3394307,SINGLE,1,,,single_or_unknown,2983971074,2.77904,/data/mouse_methyl/raw/GSE120137/fastq/SRR7871625.fastq
GSE120137,SRR7871627,GSM3394309,SINGLE,1,,,single_or_unknown,4375065436,4.074597,/data/mouse_methyl/raw/GSE120137/fastq/SRR7871627.fastq
GSE120137,SRR7871628,GSM3394310,SINGLE,1,,,single_or_unknown,5492196510,5.115007,/data/mouse_methyl/raw/GSE120137/fastq/SRR7871628.fastq
GSE120137,SRR7871629,GSM3394311,SINGLE,1,,,single_or_unknown,5403135934,5.032062,/data/mouse_methyl/raw/GSE120137/fastq/SRR7871629.fastq
GSE120137,SRR7871630,GSM3394312,SINGLE,1,,,single_or_unknown,4916830390,4.579155,/data/mouse_methyl/raw/GSE120137/fastq/SRR7871630.fastq
GSE120137,SRR7871631,GSM3394313,SINGLE,1,,,single_or_unknown,3918429746,3.649322,/data/mouse_methyl/raw/GSE120137/fastq/SRR7871631.fastq
GSE120137,SRR7871632,GSM3394314,SINGLE,1,,,single_or_unknown,3953645194,3.682119,/data/mouse_methyl/raw/GSE120137/fastq/SRR7871632.fastq
GSE120137,SRR7871633,GSM3394315,SINGLE,1,,,single_or_unknown,3978606184,3.705366,/data/mouse_methyl/raw/GSE120137/fastq/SRR7871633.fastq
GSE120137,SRR7871638,GSM3394320,SINGLE,1,,,single_or_unknown,4996352470,4.653216,/data/mouse_methyl/raw/GSE120137/fastq/SRR7871638.fastq
GSE120137,SRR7871639,GSM3394321,SINGLE,1,,,single_or_unknown,3635230646,3.385572,/data/mouse_methyl/raw/GSE120137/fastq/SRR7871639.fastq
GSE120137,SRR7871640,GSM3394322,SINGLE,1,,,single_or_unknown,3838406502,3.574795,/data/mouse_methyl/raw/GSE120137/fastq/SRR7871640.fastq
GSE120137,SRR7871641,GSM3394323,SINGLE,1,,,single_or_unknown,4507728764,4.19815,/data/mouse_methyl/raw/GSE120137/fastq/SRR7871641.fastq
GSE120137,SRR7871642,GSM3394324,SINGLE,1,,,single_or_unknown,3069716016,2.858896,/data/mouse_methyl/raw/GSE120137/fastq/SRR7871642.fastq
GSE120137,SRR7871643,GSM3394325,SINGLE,1,,,single_or_unknown,3399668642,3.166188,/data/mouse_methyl/raw/GSE120137/fastq/SRR7871643.fastq
GSE120137,SRR7871644,GSM3394326,SINGLE,1,,,single_or_unknown,4630571838,4.312556,/data/mouse_methyl/raw/GSE120137/fastq/SRR7871644.fastq
GSE120137,SRR7871645,GSM3394327,SINGLE,1,,,single_or_unknown,3948178604,3.677028,/data/mouse_methyl/raw/GSE120137/fastq/SRR7871645.fastq
GSE120137,SRR7871646,GSM3394328,SINGLE,1,,,single_or_unknown,3497990920,3.257758,/data/mouse_methyl/raw/GSE120137/fastq/SRR7871646.fastq
GSE120137,SRR7871647,GSM3394329,SINGLE,1,,,single_or_unknown,3282066674,3.056663,/data/mouse_methyl/raw/GSE120137/fastq/SRR7871647.fastq
GSE120137,SRR7871648,GSM3394330,SINGLE,1,,,single_or_unknown,3862733972,3.597451,/data/mouse_methyl/raw/GSE120137/fastq/SRR7871648.fastq
GSE120137,SRR7871649,GSM3394331,SINGLE,1,,,single_or_unknown,3378910990,3.146856,/data/mouse_methyl/raw/GSE120137/fastq/SRR7871649.fastq
GSE120137,SRR7871650,GSM3394332,SINGLE,1,,,single_or_unknown,3782716982,3.52293,/data/mouse_methyl/raw/GSE120137/fastq/SRR7871650.fastq
GSE120137,SRR7871651,GSM3394333,SINGLE,1,,,single_or_unknown,4983810366,4.641535,/data/mouse_methyl/raw/GSE120137/fastq/SRR7871651.fastq
GSE120137,SRR7871652,GSM3394334,SINGLE,1,,,single_or_unknown,2895945006,2.697059,/data/mouse_methyl/raw/GSE120137/fastq/SRR7871652.fastq
GSE120137,SRR7871653,GSM3394335,SINGLE,1,,,single_or_unknown,4242537862,3.951171,/data/mouse_methyl/raw/GSE120137/fastq/SRR7871653.fastq
GSE120137,SRR7871654,GSM3394336,SINGLE,1,,,single_or_unknown,3637153642,3.387363,/data/mouse_methyl/raw/GSE120137/fastq/SRR7871654.fastq
GSE120137,SRR7871655,GSM3394337,SINGLE,1,,,single_or_unknown,2690931020,2.506125,/data/mouse_methyl/raw/GSE120137/fastq/SRR7871655.fastq
GSE120137,SRR7871656,GSM3394338,SINGLE,1,,,single_or_unknown,2753666424,2.564552,/data/mouse_methyl/raw/GSE120137/fastq/SRR7871656.fastq
GSE120137,SRR7871657,GSM3394339,SINGLE,1,,,single_or_unknown,2302037402,2.143939,/data/mouse_methyl/raw/GSE120137/fastq/SRR7871657.fastq
GSE120137,SRR7871658,GSM3394340,SINGLE,1,,,single_or_unknown,2827853966,2.633644,/data/mouse_methyl/raw/GSE120137/fastq/SRR7871658.fastq
GSE120137,SRR7871659,GSM3394341,SINGLE,1,,,single_or_unknown,3861998280,3.596766,/data/mouse_methyl/raw/GSE120137/fastq/SRR7871659.fastq
GSE120137,SRR7871675,GSM3394357,SINGLE,1,,,single_or_unknown,4794739342,4.465449,/data/mouse_methyl/raw/GSE120137/fastq/SRR7871675.fastq
GSE120137,SRR7871676,GSM3394358,SINGLE,1,,,single_or_unknown,6468681834,6.024429,/data/mouse_methyl/raw/GSE120137/fastq/SRR7871676.fastq
GSE120137,SRR7871677,GSM3394359,SINGLE,1,,,single_or_unknown,3450654286,3.213672,/data/mouse_methyl/raw/GSE120137/fastq/SRR7871677.fastq
GSE120137,SRR7871678,GSM3394360,SINGLE,1,,,single_or_unknown,6576152842,6.12452,/data/mouse_methyl/raw/GSE120137/fastq/SRR7871678.fastq
GSE120137,SRR7871679,GSM3394361,SINGLE,1,,,single_or_unknown,5966937994,5.557144,/data/mouse_methyl/raw/GSE120137/fastq/SRR7871679.fastq
GSE120137,SRR7871681,GSM3394363,SINGLE,1,,,single_or_unknown,6892680774,6.419309,/data/mouse_methyl/raw/GSE120137/fastq/SRR7871681.fastq
GSE120137,SRR7871682,GSM3394364,SINGLE,1,,,single_or_unknown,3934027482,3.663849,/data/mouse_methyl/raw/GSE120137/fastq/SRR7871682.fastq
GSE120137,SRR7871683,GSM3394365,SINGLE,1,,,single_or_unknown,3160247340,2.94321,/data/mouse_methyl/raw/GSE120137/fastq/SRR7871683.fastq
GSE120137,SRR7871687,GSM3394369,SINGLE,1,,,single_or_unknown,4205887366,3.917038,/data/mouse_methyl/raw/GSE120137/fastq/SRR7871687.fastq
GSE120137,SRR7871688,GSM3394370,SINGLE,1,,,single_or_unknown,4112902078,3.830439,/data/mouse_methyl/raw/GSE120137/fastq/SRR7871688.fastq
GSE120137,SRR7871689,GSM3394371,SINGLE,1,,,single_or_unknown,4290966704,3.996274,/data/mouse_methyl/raw/GSE120137/fastq/SRR7871689.fastq
GSE120137,SRR7871691,GSM3394373,SINGLE,1,,,single_or_unknown,6423480382,5.982332,/data/mouse_methyl/raw/GSE120137/fastq/SRR7871691.fastq
GSE120137,SRR7871693,GSM3394375,SINGLE,1,,,single_or_unknown,5988472898,5.5772,/data/mouse_methyl/raw/GSE120137/fastq/SRR7871693.fastq
GSE120137,SRR7871694,GSM3394376,SINGLE,1,,,single_or_unknown,4644620252,4.32564,/data/mouse_methyl/raw/GSE120137/fastq/SRR7871694.fastq
GSE120137,SRR7871695,GSM3394377,SINGLE,1,,,single_or_unknown,5229881094,4.870706,/data/mouse_methyl/raw/GSE120137/fastq/SRR7871695.fastq
GSE120137,SRR7871696,GSM3394378,SINGLE,1,,,single_or_unknown,6529366478,6.080946,/data/mouse_methyl/raw/GSE120137/fastq/SRR7871696.fastq
GSE120137,SRR7871697,GSM3394379,SINGLE,1,,,single_or_unknown,8972008844,8.355834,/data/mouse_methyl/raw/GSE120137/fastq/SRR7871697.fastq
GSE120137,SRR7871698,GSM3394380,SINGLE,1,,,single_or_unknown,6568885404,6.117751,/data/mouse_methyl/raw/GSE120137/fastq/SRR7871698.fastq
GSE120137,SRR7871699,GSM3394381,SINGLE,1,,,single_or_unknown,7521865886,7.005284,/data/mouse_methyl/raw/GSE120137/fastq/SRR7871699.fastq
GSE120137,SRR7871700,GSM3394382,SINGLE,1,,,single_or_unknown,6549073430,6.0993,/data/mouse_methyl/raw/GSE120137/fastq/SRR7871700.fastq
GSE120137,SRR7871701,GSM3394383,SINGLE,1,,,single_or_unknown,6296917416,5.864461,/data/mouse_methyl/raw/GSE120137/fastq/SRR7871701.fastq
GSE120137,SRR7871702,GSM3394384,SINGLE,1,,,single_or_unknown,6690512332,6.231025,/data/mouse_methyl/raw/GSE120137/fastq/SRR7871702.fastq
GSE120137,SRR7871703,GSM3394385,SINGLE,1,,,single_or_unknown,6461752686,6.017976,/data/mouse_methyl/raw/GSE120137/fastq/SRR7871703.fastq
GSE120137,SRR7871704,GSM3394386,SINGLE,1,,,single_or_unknown,6375870732,5.937992,/data/mouse_methyl/raw/GSE120137/fastq/SRR7871704.fastq
GSE120137,SRR7871705,GSM3394387,SINGLE,1,,,single_or_unknown,3618474918,3.369967,/data/mouse_methyl/raw/GSE120137/fastq/SRR7871705.fastq
GSE120137,SRR7871706,GSM3394388,SINGLE,1,,,single_or_unknown,4333570426,4.035952,/data/mouse_methyl/raw/GSE120137/fastq/SRR7871706.fastq
GSE120137,SRR7871707,GSM3394389,SINGLE,1,,,single_or_unknown,3579344832,3.333525,/data/mouse_methyl/raw/GSE120137/fastq/SRR7871707.fastq
GSE120137,SRR7871708,GSM3394390,SINGLE,1,,,single_or_unknown,3491477454,3.251692,/data/mouse_methyl/raw/GSE120137/fastq/SRR7871708.fastq
GSE120137,SRR7871709,GSM3394391,SINGLE,1,,,single_or_unknown,3970287304,3.697618,/data/mouse_methyl/raw/GSE120137/fastq/SRR7871709.fastq
GSE120137,SRR7871710,GSM3394392,SINGLE,1,,,single_or_unknown,3632553552,3.383079,/data/mouse_methyl/raw/GSE120137/fastq/SRR7871710.fastq
GSE120137,SRR7871711,GSM3394393,SINGLE,1,,,single_or_unknown,3620371926,3.371734,/data/mouse_methyl/raw/GSE120137/fastq/SRR7871711.fastq
GSE120137,SRR7871712,GSM3394394,SINGLE,1,,,single_or_unknown,2850229474,2.654483,/data/mouse_methyl/raw/GSE120137/fastq/SRR7871712.fastq
GSE120137,SRR7871713,GSM3394395,SINGLE,1,,,single_or_unknown,3890932204,3.623713,/data/mouse_methyl/raw/GSE120137/fastq/SRR7871713.fastq
GSE120137,SRR7871714,GSM3394396,SINGLE,1,,,single_or_unknown,8283155824,7.71429,/data/mouse_methyl/raw/GSE120137/fastq/SRR7871714.fastq
GSE120137,SRR7871715,GSM3394397,SINGLE,1,,,single_or_unknown,7922816118,7.378698,/data/mouse_methyl/raw/GSE120137/fastq/SRR7871715.fastq
GSE120137,SRR7871717,GSM3394399,SINGLE,1,,,single_or_unknown,6260602774,5.830641,/data/mouse_methyl/raw/GSE120137/fastq/SRR7871717.fastq
GSE120137,SRR7871718,GSM3394400,SINGLE,1,,,single_or_unknown,6080711356,5.663104,/data/mouse_methyl/raw/GSE120137/fastq/SRR7871718.fastq
GSE120137,SRR7871719,GSM3394401,SINGLE,1,,,single_or_unknown,4405465316,4.102909,/data/mouse_methyl/raw/GSE120137/fastq/SRR7871719.fastq
GSE120137,SRR7871720,GSM3394402,SINGLE,1,,,single_or_unknown,8536637420,7.950363,/data/mouse_methyl/raw/GSE120137/fastq/SRR7871720.fastq
GSE120137,SRR7871722,GSM3394404,SINGLE,1,,,single_or_unknown,5592912454,5.208806,/data/mouse_methyl/raw/GSE120137/fastq/SRR7871722.fastq
GSE120137,SRR7871723,GSM3394405,SINGLE,1,,,single_or_unknown,3013876638,2.806891,/data/mouse_methyl/raw/GSE120137/fastq/SRR7871723.fastq
GSE120137,SRR7871724,GSM3394406,SINGLE,1,,,single_or_unknown,6270734636,5.840077,/data/mouse_methyl/raw/GSE120137/fastq/SRR7871724.fastq
GSE120137,SRR7871725,GSM3394407,SINGLE,1,,,single_or_unknown,2459000840,2.290123,/data/mouse_methyl/raw/GSE120137/fastq/SRR7871725.fastq
GSE120137,SRR7871726,GSM3394408,SINGLE,1,,,single_or_unknown,6320871662,5.88677,/data/mouse_methyl/raw/GSE120137/fastq/SRR7871726.fastq
GSE120137,SRR7871728,GSM3394410,SINGLE,1,,,single_or_unknown,5259626724,4.898409,/data/mouse_methyl/raw/GSE120137/fastq/SRR7871728.fastq
GSE120137,SRR7871729,GSM3394411,SINGLE,1,,,single_or_unknown,4393331466,4.091609,/data/mouse_methyl/raw/GSE120137/fastq/SRR7871729.fastq
GSE120137,SRR7871730,GSM3394412,SINGLE,1,,,single_or_unknown,4639261208,4.320649,/data/mouse_methyl/raw/GSE120137/fastq/SRR7871730.fastq
GSE120137,SRR7871731,GSM3394413,SINGLE,1,,,single_or_unknown,2371607500,2.208732,/data/mouse_methyl/raw/GSE120137/fastq/SRR7871731.fastq
GSE120137,SRR7871732,GSM3394414,SINGLE,1,,,single_or_unknown,4149768410,3.864773,/data/mouse_methyl/raw/GSE120137/fastq/SRR7871732.fastq
GSE120137,SRR7871733,GSM3394415,SINGLE,1,,,single_or_unknown,4268675526,3.975514,/data/mouse_methyl/raw/GSE120137/fastq/SRR7871733.fastq
GSE120137,SRR7871734,GSM3394416,SINGLE,1,,,single_or_unknown,4766003176,4.438686,/data/mouse_methyl/raw/GSE120137/fastq/SRR7871734.fastq
GSE120137,SRR7871735,GSM3394417,SINGLE,1,,,single_or_unknown,4166289908,3.88016,/data/mouse_methyl/raw/GSE120137/fastq/SRR7871735.fastq
GSE120137,SRR7871736,GSM3394418,SINGLE,1,,,single_or_unknown,2387901250,2.223906,/data/mouse_methyl/raw/GSE120137/fastq/SRR7871736.fastq
GSE120137,SRR7871737,GSM3394419,SINGLE,1,,,single_or_unknown,3344850650,3.115135,/data/mouse_methyl/raw/GSE120137/fastq/SRR7871737.fastq
GSE120137,SRR7871738,GSM3394420,SINGLE,1,,,single_or_unknown,3862564352,3.597293,/data/mouse_methyl/raw/GSE120137/fastq/SRR7871738.fastq
GSE120137,SRR7871739,GSM3394421,SINGLE,1,,,single_or_unknown,3866091644,3.600578,/data/mouse_methyl/raw/GSE120137/fastq/SRR7871739.fastq
GSE120137,SRR7871740,GSM3394422,SINGLE,1,,,single_or_unknown,3566476552,3.32154,/data/mouse_methyl/raw/GSE120137/fastq/SRR7871740.fastq
GSE120137,SRR7871741,GSM3394423,SINGLE,1,,,single_or_unknown,4418701950,4.115237,/data/mouse_methyl/raw/GSE120137/fastq/SRR7871741.fastq
GSE120137,SRR7871742,GSM3394424,SINGLE,1,,,single_or_unknown,3312340352,3.084857,/data/mouse_methyl/raw/GSE120137/fastq/SRR7871742.fastq
GSE120137,SRR7871743,GSM3394425,SINGLE,1,,,single_or_unknown,3351522010,3.121348,/data/mouse_methyl/raw/GSE120137/fastq/SRR7871743.fastq
GSE120137,SRR7871744,GSM3394426,SINGLE,1,,,single_or_unknown,3619598540,3.371014,/data/mouse_methyl/raw/GSE120137/fastq/SRR7871744.fastq
GSE120137,SRR7871745,GSM3394427,SINGLE,1,,,single_or_unknown,2549176862,2.374106,/data/mouse_methyl/raw/GSE120137/fastq/SRR7871745.fastq
GSE120137,SRR7871746,GSM3394428,SINGLE,1,,,single_or_unknown,4090607588,3.809675,/data/mouse_methyl/raw/GSE120137/fastq/SRR7871746.fastq
GSE120137,SRR7871747,GSM3394429,SINGLE,1,,,single_or_unknown,4006378178,3.73123,/data/mouse_methyl/raw/GSE120137/fastq/SRR7871747.fastq
GSE120137,SRR7871748,GSM3394430,SINGLE,1,,,single_or_unknown,4544046712,4.231973,/data/mouse_methyl/raw/GSE120137/fastq/SRR7871748.fastq
GSE120137,SRR7871749,GSM3394431,SINGLE,1,,,single_or_unknown,4122757440,3.839617,/data/mouse_methyl/raw/GSE120137/fastq/SRR7871749.fastq
GSE120137,SRR7871750,GSM3394432,SINGLE,1,,,single_or_unknown,5393341496,5.022941,/data/mouse_methyl/raw/GSE120137/fastq/SRR7871750.fastq
GSE120137,SRR7871751,GSM3394433,SINGLE,1,,,single_or_unknown,4766376420,4.439034,/data/mouse_methyl/raw/GSE120137/fastq/SRR7871751.fastq
GSE120137,SRR7871752,GSM3394434,SINGLE,1,,,single_or_unknown,3126418632,2.911704,/data/mouse_methyl/raw/GSE120137/fastq/SRR7871752.fastq
GSE120137,SRR7871753,GSM3394435,SINGLE,1,,,single_or_unknown,3537760286,3.294796,/data/mouse_methyl/raw/GSE120137/fastq/SRR7871753.fastq
GSE120137,SRR7871754,GSM3394436,SINGLE,1,,,single_or_unknown,3373668326,3.141973,/data/mouse_methyl/raw/GSE120137/fastq/SRR7871754.fastq
GSE120137,SRR7871755,GSM3394437,SINGLE,1,,,single_or_unknown,4215270214,3.925776,/data/mouse_methyl/raw/GSE120137/fastq/SRR7871755.fastq
GSE120137,SRR7871794,GSM3394476,SINGLE,1,,,single_or_unknown,4754555980,4.428025,/data/mouse_methyl/raw/GSE120137/fastq/SRR7871794.fastq
GSE120137,SRR7871795,GSM3394477,SINGLE,1,,,single_or_unknown,5786877768,5.38945,/data/mouse_methyl/raw/GSE120137/fastq/SRR7871795.fastq
GSE120137,SRR7871796,GSM3394478,SINGLE,1,,,single_or_unknown,5726578832,5.333292,/data/mouse_methyl/raw/GSE120137/fastq/SRR7871796.fastq
GSE120137,SRR7871797,GSM3394479,SINGLE,1,,,single_or_unknown,5636497840,5.249398,/data/mouse_methyl/raw/GSE120137/fastq/SRR7871797.fastq
GSE120137,SRR7871798,GSM3394480,SINGLE,1,,,single_or_unknown,5833002108,5.432407,/data/mouse_methyl/raw/GSE120137/fastq/SRR7871798.fastq
GSE120137,SRR7871799,GSM3394481,SINGLE,1,,,single_or_unknown,5985088832,5.574048,/data/mouse_methyl/raw/GSE120137/fastq/SRR7871799.fastq
GSE120137,SRR7871800,GSM3394482,SINGLE,1,,,single_or_unknown,6818276562,6.350015,/data/mouse_methyl/raw/GSE120137/fastq/SRR7871800.fastq
GSE120137,SRR7871801,GSM3394483,SINGLE,1,,,single_or_unknown,6936676490,6.460283,/data/mouse_methyl/raw/GSE120137/fastq/SRR7871801.fastq
GSE120137,SRR7871802,GSM3394484,SINGLE,1,,,single_or_unknown,6612110166,6.158007,/data/mouse_methyl/raw/GSE120137/fastq/SRR7871802.fastq
GSE120137,SRR7871803,GSM3394485,SINGLE,1,,,single_or_unknown,9223087532,8.58967,/data/mouse_methyl/raw/GSE120137/fastq/SRR7871803.fastq
GSE120137,SRR7871805,GSM3394487,SINGLE,1,,,single_or_unknown,3464873028,3.226914,/data/mouse_methyl/raw/GSE120137/fastq/SRR7871805.fastq
GSE120137,SRR7871806,GSM3394488,SINGLE,1,,,single_or_unknown,3569339000,3.324206,/data/mouse_methyl/raw/GSE120137/fastq/SRR7871806.fastq
GSE120137,SRR7871807,GSM3394489,SINGLE,1,,,single_or_unknown,4084952576,3.804409,/data/mouse_methyl/raw/GSE120137/fastq/SRR7871807.fastq
GSE120137,SRR7871808,GSM3394490,SINGLE,1,,,single_or_unknown,4990444090,4.647713,/data/mouse_methyl/raw/GSE120137/fastq/SRR7871808.fastq
GSE120137,SRR7871809,GSM3394491,SINGLE,1,,,single_or_unknown,4207163554,3.918226,/data/mouse_methyl/raw/GSE120137/fastq/SRR7871809.fastq
GSE120137,SRR7871810,GSM3394492,SINGLE,1,,,single_or_unknown,4557530076,4.244531,/data/mouse_methyl/raw/GSE120137/fastq/SRR7871810.fastq
GSE120137,SRR7871811,GSM3394493,SINGLE,1,,,single_or_unknown,4720163566,4.395995,/data/mouse_methyl/raw/GSE120137/fastq/SRR7871811.fastq
GSE120137,SRR7871812,GSM3394494,SINGLE,1,,,single_or_unknown,5421099384,5.048792,/data/mouse_methyl/raw/GSE120137/fastq/SRR7871812.fastq
GSE120137,SRR7871813,GSM3394495,SINGLE,1,,,single_or_unknown,4934882190,4.595967,/data/mouse_methyl/raw/GSE120137/fastq/SRR7871813.fastq
GSE120137,SRR7871814,GSM3394496,SINGLE,1,,,single_or_unknown,5584494816,5.200966,/data/mouse_methyl/raw/GSE120137/fastq/SRR7871814.fastq
GSE120137,SRR7871815,GSM3394497,SINGLE,1,,,single_or_unknown,5818924948,5.419296,/data/mouse_methyl/raw/GSE120137/fastq/SRR7871815.fastq
GSE120137,SRR7871816,GSM3394498,SINGLE,1,,,single_or_unknown,5107040076,4.756302,/data/mouse_methyl/raw/GSE120137/fastq/SRR7871816.fastq
GSE120137,SRR7871817,GSM3394499,SINGLE,1,,,single_or_unknown,5824295942,5.424298,/data/mouse_methyl/raw/GSE120137/fastq/SRR7871817.fastq
GSE120137,SRR7871818,GSM3394500,SINGLE,1,,,single_or_unknown,5710959972,5.318746,/data/mouse_methyl/raw/GSE120137/fastq/SRR7871818.fastq
GSE120137,SRR7871819,GSM3394501,SINGLE,1,,,single_or_unknown,5988783534,5.577489,/data/mouse_methyl/raw/GSE120137/fastq/SRR7871819.fastq
GSE120137,SRR7871820,GSM3394502,SINGLE,1,,,single_or_unknown,6116230998,5.696184,/data/mouse_methyl/raw/GSE120137/fastq/SRR7871820.fastq
GSE120137,SRR7871821,GSM3394503,SINGLE,1,,,single_or_unknown,4242758922,3.951377,/data/mouse_methyl/raw/GSE120137/fastq/SRR7871821.fastq
GSE120137,SRR7871822,GSM3394504,SINGLE,1,,,single_or_unknown,4794164994,4.464914,/data/mouse_methyl/raw/GSE120137/fastq/SRR7871822.fastq
GSE120137,SRR7871823,GSM3394505,SINGLE,1,,,single_or_unknown,4298237232,4.003045,/data/mouse_methyl/raw/GSE120137/fastq/SRR7871823.fastq
GSE120137,SRR7871824,GSM3394506,SINGLE,1,,,single_or_unknown,5368130338,4.999461,/data/mouse_methyl/raw/GSE120137/fastq/SRR7871824.fastq
GSE120137,SRR7871825,GSM3394507,SINGLE,1,,,single_or_unknown,3730621170,3.474412,/data/mouse_methyl/raw/GSE120137/fastq/SRR7871825.fastq
GSE120137,SRR7871843,GSM3394525,SINGLE,1,,,single_or_unknown,5221579750,4.862975,/data/mouse_methyl/raw/GSE120137/fastq/SRR7871843.fastq
GSE120137,SRR7871844,GSM3394526,SINGLE,1,,,single_or_unknown,4955136310,4.61483,/data/mouse_methyl/raw/GSE120137/fastq/SRR7871844.fastq
GSE120137,SRR7871845,GSM3394527,SINGLE,1,,,single_or_unknown,6741758956,6.278752,/data/mouse_methyl/raw/GSE120137/fastq/SRR7871845.fastq
GSE120137,SRR7871846,GSM3394528,SINGLE,1,,,single_or_unknown,5569686690,5.187175,/data/mouse_methyl/raw/GSE120137/fastq/SRR7871846.fastq
GSE120137,SRR7871847,GSM3394529,SINGLE,1,,,single_or_unknown,6682367110,6.223439,/data/mouse_methyl/raw/GSE120137/fastq/SRR7871847.fastq
GSE120137,SRR7871848,GSM3394530,SINGLE,1,,,single_or_unknown,6686616404,6.227397,/data/mouse_methyl/raw/GSE120137/fastq/SRR7871848.fastq
GSE120137,SRR7871849,GSM3394531,SINGLE,1,,,single_or_unknown,7305617520,6.803887,/data/mouse_methyl/raw/GSE120137/fastq/SRR7871849.fastq
GSE120137,SRR7871850,GSM3394531,SINGLE,1,2,1,incomplete_paired,1865434556,1.737321,/data/mouse_methyl/raw/GSE120137/fastq/SRR7871850_2.fastq
GSE120137,SRR7871851,GSM3394532,SINGLE,1,,,single_or_unknown,7424911122,6.914987,/data/mouse_methyl/raw/GSE120137/fastq/SRR7871851.fastq
GSE120137,SRR7871852,GSM3394532,SINGLE,1,2,1,incomplete_paired,1896533316,1.766284,/data/mouse_methyl/raw/GSE120137/fastq/SRR7871852_2.fastq
GSE120137,SRR7871853,GSM3394533,SINGLE,1,,,single_or_unknown,6861198354,6.389989,/data/mouse_methyl/raw/GSE120137/fastq/SRR7871853.fastq
GSE120137,SRR7871854,GSM3394533,SINGLE,1,2,1,incomplete_paired,1749607844,1.629449,/data/mouse_methyl/raw/GSE120137/fastq/SRR7871854_2.fastq
GSE120137,SRR7871855,GSM3394534,SINGLE,1,,,single_or_unknown,7607017594,7.084587,/data/mouse_methyl/raw/GSE120137/fastq/SRR7871855.fastq
GSE120137,SRR7871856,GSM3394534,SINGLE,1,2,1,incomplete_paired,1943993172,1.810485,/data/mouse_methyl/raw/GSE120137/fastq/SRR7871856_2.fastq
GSE120137,SRR7871857,GSM3394535,SINGLE,1,,,single_or_unknown,6462009526,6.018215,/data/mouse_methyl/raw/GSE120137/fastq/SRR7871857.fastq
GSE120137,SRR7871858,GSM3394535,SINGLE,1,2,1,incomplete_paired,1645564124,1.532551,/data/mouse_methyl/raw/GSE120137/fastq/SRR7871858_2.fastq
GSE120137,SRR7871859,GSM3394536,SINGLE,1,,,single_or_unknown,7256554726,6.758193,/data/mouse_methyl/raw/GSE120137/fastq/SRR7871859.fastq
GSE120137,SRR7871860,GSM3394536,SINGLE,1,2,1,incomplete_paired,1852655848,1.72542,/data/mouse_methyl/raw/GSE120137/fastq/SRR7871860_2.fastq
GSE120137,SRR7871861,GSM3394537,SINGLE,1,,,single_or_unknown,6975599396,6.496533,/data/mouse_methyl/raw/GSE120137/fastq/SRR7871861.fastq
GSE120137,SRR7871862,GSM3394537,SINGLE,1,2,1,incomplete_paired,1779424124,1.657218,/data/mouse_methyl/raw/GSE120137/fastq/SRR7871862_2.fastq
GSE120137,SRR7871863,GSM3394538,SINGLE,1,,,single_or_unknown,7863889096,7.323817,/data/mouse_methyl/raw/GSE120137/fastq/SRR7871863.fastq
GSE120137,SRR7871864,GSM3394538,SINGLE,1,2,1,incomplete_paired,2010944884,1.872838,/data/mouse_methyl/raw/GSE120137/fastq/SRR7871864_2.fastq
GSE120137,SRR7871865,GSM3394539,SINGLE,1,,,single_or_unknown,8424783566,7.846191,/data/mouse_methyl/raw/GSE120137/fastq/SRR7871865.fastq
GSE120137,SRR7871866,GSM3394539,SINGLE,1,2,1,incomplete_paired,2157127916,2.008982,/data/mouse_methyl/raw/GSE120137/fastq/SRR7871866_2.fastq
GSE120137,SRR7871867,GSM3394540,SINGLE,1,,,single_or_unknown,7234027328,6.737213,/data/mouse_methyl/raw/GSE120137/fastq/SRR7871867.fastq
GSE120137,SRR7871868,GSM3394540,SINGLE,1,2,1,incomplete_paired,1846775576,1.719944,/data/mouse_methyl/raw/GSE120137/fastq/SRR7871868_2.fastq
GSE120137,SRR7871869,GSM3394541,SINGLE,1,,,single_or_unknown,8049908812,7.497062,/data/mouse_methyl/raw/GSE120137/fastq/SRR7871869.fastq
GSE120137,SRR7871870,GSM3394541,SINGLE,1,2,1,incomplete_paired,2059429344,1.917993,/data/mouse_methyl/raw/GSE120137/fastq/SRR7871870_2.fastq
GSE120137,SRR7871871,GSM3394542,SINGLE,1,,,single_or_unknown,6708394402,6.247679,/data/mouse_methyl/raw/GSE120137/fastq/SRR7871871.fastq
GSE120137,SRR7871872,GSM3394542,SINGLE,1,2,1,incomplete_paired,1709778836,1.592356,/data/mouse_methyl/raw/GSE120137/fastq/SRR7871872_2.fastq
GSE120137,SRR7871873,GSM3394543,SINGLE,1,,,single_or_unknown,6748817082,6.285326,/data/mouse_methyl/raw/GSE120137/fastq/SRR7871873.fastq
GSE120137,SRR7871874,GSM3394543,SINGLE,1,2,1,incomplete_paired,1720321944,1.602175,/data/mouse_methyl/raw/GSE120137/fastq/SRR7871874_2.fastq
GSE120137,SRR7871876,GSM3394544,SINGLE,1,2,1,incomplete_paired,1737098236,1.617799,/data/mouse_methyl/raw/GSE120137/fastq/SRR7871876_2.fastq
GSE120137,SRR7871877,GSM3394545,SINGLE,1,,,single_or_unknown,6769572384,6.304656,/data/mouse_methyl/raw/GSE120137/fastq/SRR7871877.fastq
GSE120137,SRR7871878,GSM3394545,SINGLE,1,2,1,incomplete_paired,1725734488,1.607215,/data/mouse_methyl/raw/GSE120137/fastq/SRR7871878_2.fastq
GSE120137,SRR7871879,GSM3394546,SINGLE,1,,,single_or_unknown,6815402832,6.347339,/data/mouse_methyl/raw/GSE120137/fastq/SRR7871879.fastq
GSE120137,SRR7871880,GSM3394546,SINGLE,1,2,1,incomplete_paired,1737683540,1.618344,/data/mouse_methyl/raw/GSE120137/fastq/SRR7871880_2.fastq
GSE120137,SRR7871881,GSM3394547,SINGLE,1,,,single_or_unknown,7415314240,6.90605,/data/mouse_methyl/raw/GSE120137/fastq/SRR7871881.fastq
GSE120137,SRR7871882,GSM3394547,SINGLE,1,2,1,incomplete_paired,1894034872,1.763957,/data/mouse_methyl/raw/GSE120137/fastq/SRR7871882_2.fastq
GSE120137,SRR7871883,GSM3394548,SINGLE,1,,,single_or_unknown,7617846110,7.094672,/data/mouse_methyl/raw/GSE120137/fastq/SRR7871883.fastq
GSE120137,SRR7871884,GSM3394548,SINGLE,1,2,1,incomplete_paired,1946825576,1.813123,/data/mouse_methyl/raw/GSE120137/fastq/SRR7871884_2.fastq
GSE120137,SRR7871885,GSM3394549,SINGLE,1,,,single_or_unknown,6487962524,6.042386,/data/mouse_methyl/raw/GSE120137/fastq/SRR7871885.fastq
GSE120137,SRR7871886,GSM3394549,SINGLE,1,2,1,incomplete_paired,1652336612,1.538858,/data/mouse_methyl/raw/GSE120137/fastq/SRR7871886_2.fastq
GSE120137,SRR7871888,GSM3394550,SINGLE,1,2,1,incomplete_paired,1609089528,1.498581,/data/mouse_methyl/raw/GSE120137/fastq/SRR7871888_2.fastq
GSE120137,SRR7871890,GSM3394551,SINGLE,1,2,1,incomplete_paired,1510552376,1.406812,/data/mouse_methyl/raw/GSE120137/fastq/SRR7871890_2.fastq
GSE120137,SRR7871892,GSM3394552,SINGLE,1,2,1,incomplete_paired,1830341800,1.704639,/data/mouse_methyl/raw/GSE120137/fastq/SRR7871892_2.fastq
GSE120137,SRR7871894,GSM3394553,SINGLE,1,2,1,incomplete_paired,1575218348,1.467036,/data/mouse_methyl/raw/GSE120137/fastq/SRR7871894_2.fastq
GSE120137,SRR7871896,GSM3394554,SINGLE,1,2,1,incomplete_paired,1835067748,1.70904,/data/mouse_methyl/raw/GSE120137/fastq/SRR7871896_2.fastq
GSE120137,SRR7871898,GSM3394555,SINGLE,1,2,1,incomplete_paired,1819066556,1.694138,/data/mouse_methyl/raw/GSE120137/fastq/SRR7871898_2.fastq
GSE120137,SRR7871900,GSM3394556,SINGLE,1,2,1,incomplete_paired,1835495180,1.709438,/data/mouse_methyl/raw/GSE120137/fastq/SRR7871900_2.fastq
GSE120137,SRR7871901,GSM3394557,SINGLE,1,,,single_or_unknown,6724144384,6.262347,/data/mouse_methyl/raw/GSE120137/fastq/SRR7871901.fastq
GSE120137,SRR7871902,GSM3394557,SINGLE,1,2,1,incomplete_paired,1713906692,1.5962,/data/mouse_methyl/raw/GSE120137/fastq/SRR7871902_2.fastq
GSE120137,SRR7871903,GSM3394558,SINGLE,1,,,single_or_unknown,7059210206,6.574402,/data/mouse_methyl/raw/GSE120137/fastq/SRR7871903.fastq
GSE120137,SRR7871904,GSM3394558,SINGLE,1,2,1,incomplete_paired,1801238244,1.677534,/data/mouse_methyl/raw/GSE120137/fastq/SRR7871904_2.fastq
GSE120137,SRR7871905,GSM3394559,SINGLE,1,,,single_or_unknown,6864811318,6.393354,/data/mouse_methyl/raw/GSE120137/fastq/SRR7871905.fastq
GSE120137,SRR7871906,GSM3394559,SINGLE,1,2,1,incomplete_paired,1750570992,1.630346,/data/mouse_methyl/raw/GSE120137/fastq/SRR7871906_2.fastq
GSE120137,SRR7871907,GSM3394560,SINGLE,1,,,single_or_unknown,6057850814,5.641813,/data/mouse_methyl/raw/GSE120137/fastq/SRR7871907.fastq
GSE120137,SRR7871908,GSM3394560,SINGLE,1,2,1,incomplete_paired,1540244180,1.434464,/data/mouse_methyl/raw/GSE120137/fastq/SRR7871908_2.fastq
GSE120137,SRR7871909,GSM3394561,SINGLE,1,,,single_or_unknown,5921850988,5.515154,/data/mouse_methyl/raw/GSE120137/fastq/SRR7871909.fastq
GSE120137,SRR7871910,GSM3394561,SINGLE,1,2,1,incomplete_paired,1504798696,1.401453,/data/mouse_methyl/raw/GSE120137/fastq/SRR7871910_2.fastq
GSE120137,SRR7871911,GSM3394562,SINGLE,1,,,single_or_unknown,6975536584,6.496475,/data/mouse_methyl/raw/GSE120137/fastq/SRR7871911.fastq
GSE120137,SRR7871912,GSM3394562,SINGLE,1,2,1,incomplete_paired,1779432404,1.657226,/data/mouse_methyl/raw/GSE120137/fastq/SRR7871912_2.fastq
GSE120137,SRR7871913,GSM3394563,SINGLE,1,,,single_or_unknown,7637154872,7.112655,/data/mouse_methyl/raw/GSE120137/fastq/SRR7871913.fastq
GSE120137,SRR7871914,GSM3394563,SINGLE,1,2,1,incomplete_paired,1951872604,1.817823,/data/mouse_methyl/raw/GSE120137/fastq/SRR7871914_2.fastq
GSE120137,SRR7871915,GSM3394564,SINGLE,1,,,single_or_unknown,7058211558,6.573472,/data/mouse_methyl/raw/GSE120137/fastq/SRR7871915.fastq
GSE120137,SRR7871916,GSM3394564,SINGLE,1,2,1,incomplete_paired,1800977516,1.677291,/data/mouse_methyl/raw/GSE120137/fastq/SRR7871916_2.fastq
GSE120137,SRR7871917,GSM3394565,SINGLE,1,,,single_or_unknown,7509889674,6.99413,/data/mouse_methyl/raw/GSE120137/fastq/SRR7871917.fastq
GSE120137,SRR7871918,GSM3394565,SINGLE,1,2,1,incomplete_paired,1918703016,1.786931,/data/mouse_methyl/raw/GSE120137/fastq/SRR7871918_2.fastq
GSE120137,SRR7871919,GSM3394566,SINGLE,1,,,single_or_unknown,6899430830,6.425596,/data/mouse_methyl/raw/GSE120137/fastq/SRR7871919.fastq
GSE120137,SRR7871920,GSM3394566,SINGLE,1,2,1,incomplete_paired,1759596652,1.638752,/data/mouse_methyl/raw/GSE120137/fastq/SRR7871920_2.fastq
GSE120137,SRR7871921,GSM3394567,SINGLE,1,,,single_or_unknown,7118400486,6.629527,/data/mouse_methyl/raw/GSE120137/fastq/SRR7871921.fastq
GSE120137,SRR7871922,GSM3394567,SINGLE,1,2,1,incomplete_paired,1816650728,1.691888,/data/mouse_methyl/raw/GSE120137/fastq/SRR7871922_2.fastq
GSE120137,SRR7871923,GSM3394568,SINGLE,1,,,single_or_unknown,7496646724,6.981796,/data/mouse_methyl/raw/GSE120137/fastq/SRR7871923.fastq
GSE120137,SRR7871924,GSM3394568,SINGLE,1,2,1,incomplete_paired,1915234248,1.783701,/data/mouse_methyl/raw/GSE120137/fastq/SRR7871924_2.fastq
GSE120137,SRR7871925,GSM3394569,SINGLE,1,,,single_or_unknown,2885939564,2.687741,/data/mouse_methyl/raw/GSE120137/fastq/SRR7871925.fastq
GSE120137,SRR7871926,GSM3394569,SINGLE,1,2,1,incomplete_paired,719683384,0.670257,/data/mouse_methyl/raw/GSE120137/fastq/SRR7871926_2.fastq
GSE120137,SRR7871927,GSM3394570,SINGLE,1,,,single_or_unknown,2240778336,2.086887,/data/mouse_methyl/raw/GSE120137/fastq/SRR7871927.fastq
GSE120137,SRR7871928,GSM3394570,SINGLE,1,2,1,incomplete_paired,557929704,0.519613,/data/mouse_methyl/raw/GSE120137/fastq/SRR7871928_2.fastq
GSE120137,SRR7871929,GSM3394571,SINGLE,1,,,single_or_unknown,6383290322,5.944902,/data/mouse_methyl/raw/GSE120137/fastq/SRR7871929.fastq
GSE120137,SRR7871930,GSM3394571,SINGLE,1,2,1,incomplete_paired,1625047480,1.513443,/data/mouse_methyl/raw/GSE120137/fastq/SRR7871930_2.fastq
GSE120137,SRR7871931,GSM3394572,SINGLE,1,,,single_or_unknown,9164047670,8.534684,/data/mouse_methyl/raw/GSE120137/fastq/SRR7871931.fastq
GSE120137,SRR7871932,GSM3394572,SINGLE,1,2,1,incomplete_paired,2349805356,2.188427,/data/mouse_methyl/raw/GSE120137/fastq/SRR7871932_2.fastq
GSE120137,SRR7871933,GSM3394573,SINGLE,1,,,single_or_unknown,9833004794,9.157699,/data/mouse_methyl/raw/GSE120137/fastq/SRR7871933.fastq
GSE120137,SRR7871934,GSM3394573,SINGLE,1,2,1,incomplete_paired,2524165228,2.350812,/data/mouse_methyl/raw/GSE120137/fastq/SRR7871934_2.fastq
GSE120137,SRR7871935,GSM3394574,SINGLE,1,,,single_or_unknown,6858253868,6.387247,/data/mouse_methyl/raw/GSE120137/fastq/SRR7871935.fastq
GSE120137,SRR7871936,GSM3394574,SINGLE,1,2,1,incomplete_paired,1748844980,1.628739,/data/mouse_methyl/raw/GSE120137/fastq/SRR7871936_2.fastq
GSE120137,SRR7871937,GSM3394575,SINGLE,1,,,single_or_unknown,8201673898,7.638404,/data/mouse_methyl/raw/GSE120137/fastq/SRR7871937.fastq
GSE120137,SRR7871938,GSM3394575,SINGLE,1,2,1,incomplete_paired,2098979500,1.954827,/data/mouse_methyl/raw/GSE120137/fastq/SRR7871938_2.fastq
GSE120137,SRR7871939,GSM3394576,SINGLE,1,,,single_or_unknown,6830353792,6.361263,/data/mouse_methyl/raw/GSE120137/fastq/SRR7871939.fastq
GSE120137,SRR7871940,GSM3394576,SINGLE,1,2,1,incomplete_paired,1741567964,1.621962,/data/mouse_methyl/raw/GSE120137/fastq/SRR7871940_2.fastq
GSE120137,SRR7871941,GSM3394577,SINGLE,1,,,single_or_unknown,4976465092,4.634694,/data/mouse_methyl/raw/GSE120137/fastq/SRR7871941.fastq
GSE120137,SRR7871942,GSM3394577,SINGLE,1,2,1,incomplete_paired,1258382768,1.17196,/data/mouse_methyl/raw/GSE120137/fastq/SRR7871942_2.fastq
GSE120137,SRR7871943,GSM3394578,SINGLE,1,,,single_or_unknown,9450904936,8.801841,/data/mouse_methyl/raw/GSE120137/fastq/SRR7871943.fastq
GSE120137,SRR7871944,GSM3394578,SINGLE,1,2,1,incomplete_paired,2424576516,2.258063,/data/mouse_methyl/raw/GSE120137/fastq/SRR7871944_2.fastq
GSE120137,SRR7871945,GSM3394579,SINGLE,1,,,single_or_unknown,8320687294,7.749244,/data/mouse_methyl/raw/GSE120137/fastq/SRR7871945.fastq
GSE120137,SRR7871946,GSM3394579,SINGLE,1,2,1,incomplete_paired,2130016528,1.983732,/data/mouse_methyl/raw/GSE120137/fastq/SRR7871946_2.fastq
GSE120137,SRR7871947,GSM3394580,SINGLE,1,,,single_or_unknown,7573718594,7.053575,/data/mouse_methyl/raw/GSE120137/fastq/SRR7871947.fastq
GSE120137,SRR7871948,GSM3394580,SINGLE,1,2,1,incomplete_paired,1935331004,1.802417,/data/mouse_methyl/raw/GSE120137/fastq/SRR7871948_2.fastq
GSE120137,SRR7871949,GSM3394581,SINGLE,1,,,single_or_unknown,7348123734,6.843474,/data/mouse_methyl/raw/GSE120137/fastq/SRR7871949.fastq
GSE120137,SRR7871950,GSM3394581,SINGLE,1,2,1,incomplete_paired,1876533252,1.747658,/data/mouse_methyl/raw/GSE120137/fastq/SRR7871950_2.fastq
GSE120137,SRR7871951,GSM3394582,SINGLE,1,,,single_or_unknown,7179919728,6.686821,/data/mouse_methyl/raw/GSE120137/fastq/SRR7871951.fastq
GSE120137,SRR7871952,GSM3394582,SINGLE,1,2,1,incomplete_paired,1832696080,1.706831,/data/mouse_methyl/raw/GSE120137/fastq/SRR7871952_2.fastq
GSE120137,SRR7871953,GSM3394583,SINGLE,1,,,single_or_unknown,6463054846,6.019189,/data/mouse_methyl/raw/GSE120137/fastq/SRR7871953.fastq
GSE120137,SRR7871954,GSM3394583,SINGLE,1,2,1,incomplete_paired,1645855212,1.532822,/data/mouse_methyl/raw/GSE120137/fastq/SRR7871954_2.fastq
GSE120137,SRR7871955,GSM3394584,SINGLE,1,,,single_or_unknown,6434754864,5.992832,/data/mouse_methyl/raw/GSE120137/fastq/SRR7871955.fastq
GSE120137,SRR7871956,GSM3394584,SINGLE,1,2,1,incomplete_paired,1638480676,1.525954,/data/mouse_methyl/raw/GSE120137/fastq/SRR7871956_2.fastq
GSE120137,SRR7871957,GSM3394585,SINGLE,1,,,single_or_unknown,5328013046,4.962099,/data/mouse_methyl/raw/GSE120137/fastq/SRR7871957.fastq
GSE120137,SRR7871958,GSM3394585,SINGLE,1,2,1,incomplete_paired,1350019460,1.257304,/data/mouse_methyl/raw/GSE120137/fastq/SRR7871958_2.fastq
GSE120137,SRR7871959,GSM3394586,SINGLE,1,,,single_or_unknown,8976707690,8.360211,/data/mouse_methyl/raw/GSE120137/fastq/SRR7871959.fastq
GSE120137,SRR7871960,GSM3394586,SINGLE,1,2,1,incomplete_paired,2301007452,2.14298,/data/mouse_methyl/raw/GSE120137/fastq/SRR7871960_2.fastq
GSE120137,SRR7871961,GSM3394587,SINGLE,1,,,single_or_unknown,6078765210,5.661291,/data/mouse_methyl/raw/GSE120137/fastq/SRR7871961.fastq
GSE120137,SRR7871962,GSM3394587,SINGLE,1,2,1,incomplete_paired,1545688280,1.439534,/data/mouse_methyl/raw/GSE120137/fastq/SRR7871962_2.fastq
GSE120137,SRR7871963,GSM3394588,SINGLE,1,,,single_or_unknown,6389414838,5.950606,/data/mouse_methyl/raw/GSE120137/fastq/SRR7871963.fastq
GSE120137,SRR7871964,GSM3394588,SINGLE,1,2,1,incomplete_paired,1626652604,1.514938,/data/mouse_methyl/raw/GSE120137/fastq/SRR7871964_2.fastq
GSE120137,SRR7871965,GSM3394589,SINGLE,1,,,single_or_unknown,6401179830,5.961563,/data/mouse_methyl/raw/GSE120137/fastq/SRR7871965.fastq
GSE120137,SRR7871966,GSM3394589,SINGLE,1,2,1,incomplete_paired,1629728900,1.517803,/data/mouse_methyl/raw/GSE120137/fastq/SRR7871966_2.fastq
GSE120137,SRR7871967,GSM3394590,SINGLE,1,,,single_or_unknown,6361197266,5.924327,/data/mouse_methyl/raw/GSE120137/fastq/SRR7871967.fastq
GSE120137,SRR7871968,GSM3394590,SINGLE,1,2,1,incomplete_paired,1619306128,1.508096,/data/mouse_methyl/raw/GSE120137/fastq/SRR7871968_2.fastq
GSE120137,SRR7871969,GSM3394591,SINGLE,1,,,single_or_unknown,5968847030,5.558922,/data/mouse_methyl/raw/GSE120137/fastq/SRR7871969.fastq
GSE120137,SRR7871970,GSM3394591,SINGLE,1,2,1,incomplete_paired,1517024116,1.412839,/data/mouse_methyl/raw/GSE120137/fastq/SRR7871970_2.fastq
GSE120137,SRR7871971,GSM3394592,SINGLE,1,,,single_or_unknown,6384245768,5.945792,/data/mouse_methyl/raw/GSE120137/fastq/SRR7871971.fastq
GSE120137,SRR7871972,GSM3394592,SINGLE,1,2,1,incomplete_paired,1625289900,1.513669,/data/mouse_methyl/raw/GSE120137/fastq/SRR7871972_2.fastq
GSE120137,SRR7871973,GSM3394593,SINGLE,1,,,single_or_unknown,6264182522,5.833975,/data/mouse_methyl/raw/GSE120137/fastq/SRR7871973.fastq
GSE120137,SRR7871974,GSM3394593,SINGLE,1,2,1,incomplete_paired,1594000148,1.484528,/data/mouse_methyl/raw/GSE120137/fastq/SRR7871974_2.fastq
GSE120137,SRR7871975,GSM3394594,SINGLE,1,,,single_or_unknown,7690039814,7.161908,/data/mouse_methyl/raw/GSE120137/fastq/SRR7871975.fastq
GSE120137,SRR7871976,GSM3394594,SINGLE,1,2,1,incomplete_paired,1965629824,1.830635,/data/mouse_methyl/raw/GSE120137/fastq/SRR7871976_2.fastq
GSE120137,SRR7871977,GSM3394595,SINGLE,1,,,single_or_unknown,7547680826,7.029326,/data/mouse_methyl/raw/GSE120137/fastq/SRR7871977.fastq
GSE120137,SRR7871978,GSM3394595,SINGLE,1,2,1,incomplete_paired,1928523004,1.796077,/data/mouse_methyl/raw/GSE120137/fastq/SRR7871978_2.fastq
GSE120137,SRR7871979,GSM3394596,SINGLE,1,,,single_or_unknown,5587972340,5.204205,/data/mouse_methyl/raw/GSE120137/fastq/SRR7871979.fastq
GSE120137,SRR7871980,GSM3394596,SINGLE,1,2,1,incomplete_paired,1417759520,1.320391,/data/mouse_methyl/raw/GSE120137/fastq/SRR7871980_2.fastq
GSE120137,SRR7871981,GSM3394597,SINGLE,1,,,single_or_unknown,6717733484,6.256377,/data/mouse_methyl/raw/GSE120137/fastq/SRR7871981.fastq
GSE120137,SRR7871982,GSM3394597,SINGLE,1,2,1,incomplete_paired,1712208004,1.594618,/data/mouse_methyl/raw/GSE120137/fastq/SRR7871982_2.fastq
GSE120137,SRR7871983,GSM3394598,SINGLE,1,,,single_or_unknown,6608663386,6.154797,/data/mouse_methyl/raw/GSE120137/fastq/SRR7871983.fastq
GSE120137,SRR7871984,GSM3394598,SINGLE,1,2,1,incomplete_paired,1683786904,1.568149,/data/mouse_methyl/raw/GSE120137/fastq/SRR7871984_2.fastq
GSE120137,SRR7871985,GSM3394599,SINGLE,1,,,single_or_unknown,7210538652,6.715337,/data/mouse_methyl/raw/GSE120137/fastq/SRR7871985.fastq
GSE120137,SRR7871986,GSM3394599,SINGLE,1,2,1,incomplete_paired,1840658772,1.714247,/data/mouse_methyl/raw/GSE120137/fastq/SRR7871986_2.fastq
GSE120137,SRR7871987,GSM3394600,SINGLE,1,,,single_or_unknown,6247223752,5.818181,/data/mouse_methyl/raw/GSE120137/fastq/SRR7871987.fastq
GSE120137,SRR7871988,GSM3394600,SINGLE,1,2,1,incomplete_paired,1589586816,1.480418,/data/mouse_methyl/raw/GSE120137/fastq/SRR7871988_2.fastq
GSE120137,SRR7871989,GSM3394601,SINGLE,1,,,single_or_unknown,5874493228,5.471048,/data/mouse_methyl/raw/GSE120137/fastq/SRR7871989.fastq
GSE120137,SRR7871990,GSM3394601,SINGLE,1,2,1,incomplete_paired,1492437024,1.38994,/data/mouse_methyl/raw/GSE120137/fastq/SRR7871990_2.fastq
GSE120137,SRR7871991,GSM3394602,SINGLE,1,,,single_or_unknown,7427098096,6.917024,/data/mouse_methyl/raw/GSE120137/fastq/SRR7871991.fastq
GSE120137,SRR7871992,GSM3394602,SINGLE,1,2,1,incomplete_paired,1897100588,1.766813,/data/mouse_methyl/raw/GSE120137/fastq/SRR7871992_2.fastq
GSE120137,SRR7871993,GSM3394603,SINGLE,1,,,single_or_unknown,6862335256,6.391048,/data/mouse_methyl/raw/GSE120137/fastq/SRR7871993.fastq
GSE120137,SRR7871994,GSM3394603,SINGLE,1,2,1,incomplete_paired,1749899024,1.62972,/data/mouse_methyl/raw/GSE120137/fastq/SRR7871994_2.fastq
GSE120137,SRR7871995,GSM3394604,SINGLE,1,,,single_or_unknown,5731590282,5.337959,/data/mouse_methyl/raw/GSE120137/fastq/SRR7871995.fastq
GSE120137,SRR7871996,GSM3394604,SINGLE,1,2,1,incomplete_paired,1455191468,1.355253,/data/mouse_methyl/raw/GSE120137/fastq/SRR7871996_2.fastq
GSE120137,SRR7871997,GSM3394605,SINGLE,1,,,single_or_unknown,7083205750,6.596749,/data/mouse_methyl/raw/GSE120137/fastq/SRR7871997.fastq
GSE120137,SRR7871998,GSM3394605,SINGLE,1,2,1,incomplete_paired,1807474096,1.683341,/data/mouse_methyl/raw/GSE120137/fastq/SRR7871998_2.fastq
GSE120137,SRR7871999,GSM3394606,SINGLE,1,,,single_or_unknown,6514093228,6.066722,/data/mouse_methyl/raw/GSE120137/fastq/SRR7871999.fastq
GSE120137,SRR7872000,GSM3394606,SINGLE,1,2,1,incomplete_paired,1659141300,1.545196,/data/mouse_methyl/raw/GSE120137/fastq/SRR7872000_2.fastq
GSE120137,SRR7872001,GSM3394607,SINGLE,1,,,single_or_unknown,5698519690,5.30716,/data/mouse_methyl/raw/GSE120137/fastq/SRR7872001.fastq
GSE120137,SRR7872002,GSM3394607,SINGLE,1,2,1,incomplete_paired,1446574564,1.347228,/data/mouse_methyl/raw/GSE120137/fastq/SRR7872002_2.fastq
GSE120137,SRR7872003,GSM3394608,SINGLE,1,,,single_or_unknown,6835424566,6.365985,/data/mouse_methyl/raw/GSE120137/fastq/SRR7872003.fastq
GSE120137,SRR7872004,GSM3394608,SINGLE,1,2,1,incomplete_paired,1742886692,1.62319,/data/mouse_methyl/raw/GSE120137/fastq/SRR7872004_2.fastq
GSE120137,SRR7872005,GSM3394609,SINGLE,1,,,single_or_unknown,7127359502,6.637871,/data/mouse_methyl/raw/GSE120137/fastq/SRR7872005.fastq
GSE120137,SRR7872006,GSM3394609,SINGLE,1,2,1,incomplete_paired,1818975752,1.694053,/data/mouse_methyl/raw/GSE120137/fastq/SRR7872006_2.fastq
GSE120137,SRR7872007,GSM3394610,SINGLE,1,,,single_or_unknown,6655336952,6.198266,/data/mouse_methyl/raw/GSE120137/fastq/SRR7872007.fastq
GSE120137,SRR7872008,GSM3394610,SINGLE,1,2,1,incomplete_paired,1695956572,1.579483,/data/mouse_methyl/raw/GSE120137/fastq/SRR7872008_2.fastq
GSE120137,SRR7872009,GSM3394611,SINGLE,1,,,single_or_unknown,7026716924,6.54414,/data/mouse_methyl/raw/GSE120137/fastq/SRR7872009.fastq
GSE120137,SRR7872010,GSM3394611,SINGLE,1,2,1,incomplete_paired,1792746552,1.669625,/data/mouse_methyl/raw/GSE120137/fastq/SRR7872010_2.fastq
GSE120137,SRR7872011,GSM3394612,SINGLE,1,,,single_or_unknown,7326215476,6.82307,/data/mouse_methyl/raw/GSE120137/fastq/SRR7872011.fastq
GSE120137,SRR7872012,GSM3394612,SINGLE,1,2,1,incomplete_paired,1870807908,1.742326,/data/mouse_methyl/raw/GSE120137/fastq/SRR7872012_2.fastq
GSE120137,SRR7872013,GSM3394613,SINGLE,1,,,single_or_unknown,7520676824,7.004176,/data/mouse_methyl/raw/GSE120137/fastq/SRR7872013.fastq
GSE120137,SRR7872014,GSM3394613,SINGLE,1,2,1,incomplete_paired,1921489696,1.789527,/data/mouse_methyl/raw/GSE120137/fastq/SRR7872014_2.fastq
GSE120137,SRR7872015,GSM3394614,SINGLE,1,,,single_or_unknown,4827132082,4.495617,/data/mouse_methyl/raw/GSE120137/fastq/SRR7872015.fastq
GSE120137,SRR7872016,GSM3394614,SINGLE,1,2,1,incomplete_paired,1219461524,1.135712,/data/mouse_methyl/raw/GSE120137/fastq/SRR7872016_2.fastq
GSE120137,SRR7872017,GSM3394615,SINGLE,1,,,single_or_unknown,5256130636,4.895153,/data/mouse_methyl/raw/GSE120137/fastq/SRR7872017.fastq
GSE120137,SRR7872018,GSM3394615,SINGLE,1,2,1,incomplete_paired,1331273724,1.239845,/data/mouse_methyl/raw/GSE120137/fastq/SRR7872018_2.fastq
GSE120137,SRR7872019,GSM3394616,SINGLE,1,,,single_or_unknown,5867683162,5.464706,/data/mouse_methyl/raw/GSE120137/fastq/SRR7872019.fastq
GSE120137,SRR7872020,GSM3394616,SINGLE,1,2,1,incomplete_paired,1490662436,1.388288,/data/mouse_methyl/raw/GSE120137/fastq/SRR7872020_2.fastq
GSE120137,SRR7872021,GSM3394617,SINGLE,1,,,single_or_unknown,5561813436,5.179842,/data/mouse_methyl/raw/GSE120137/fastq/SRR7872021.fastq
GSE120137,SRR7872022,GSM3394617,SINGLE,1,2,1,incomplete_paired,1410943332,1.314043,/data/mouse_methyl/raw/GSE120137/fastq/SRR7872022_2.fastq
GSE120137,SRR7872023,GSM3394618,SINGLE,1,,,single_or_unknown,5313222600,4.948324,/data/mouse_methyl/raw/GSE120137/fastq/SRR7872023.fastq
GSE120137,SRR7872024,GSM3394618,SINGLE,1,2,1,incomplete_paired,1346151504,1.253701,/data/mouse_methyl/raw/GSE120137/fastq/SRR7872024_2.fastq
GSE120137,SRR7872025,GSM3394619,SINGLE,1,,,single_or_unknown,7223226420,6.727154,/data/mouse_methyl/raw/GSE120137/fastq/SRR7872025.fastq
GSE120137,SRR7872026,GSM3394619,SINGLE,1,2,1,incomplete_paired,1843952648,1.717315,/data/mouse_methyl/raw/GSE120137/fastq/SRR7872026_2.fastq
GSE120137,SRR7872028,GSM3394620,SINGLE,1,2,1,incomplete_paired,1799804240,1.676198,/data/mouse_methyl/raw/GSE120137/fastq/SRR7872028_2.fastq
GSE120137,SRR7872029,GSM3394621,SINGLE,1,,,single_or_unknown,6751728282,6.288037,/data/mouse_methyl/raw/GSE120137/fastq/SRR7872029.fastq
GSE120137,SRR7872030,GSM3394621,SINGLE,1,2,1,incomplete_paired,1721072664,1.602874,/data/mouse_methyl/raw/GSE120137/fastq/SRR7872030_2.fastq
GSE120137,SRR7872031,GSM3394622,SINGLE,1,,,single_or_unknown,6624362338,6.169418,/data/mouse_methyl/raw/GSE120137/fastq/SRR7872031.fastq
GSE120137,SRR7872032,GSM3394622,SINGLE,1,2,1,incomplete_paired,1687877592,1.571959,/data/mouse_methyl/raw/GSE120137/fastq/SRR7872032_2.fastq
GSE120137,SRR7872033,GSM3394623,SINGLE,1,,,single_or_unknown,5980480044,5.569756,/data/mouse_methyl/raw/GSE120137/fastq/SRR7872033.fastq
GSE120137,SRR7872034,GSM3394623,SINGLE,1,2,1,incomplete_paired,1520058644,1.415665,/data/mouse_methyl/raw/GSE120137/fastq/SRR7872034_2.fastq
GSE120137,SRR7872036,GSM3394624,SINGLE,1,2,1,incomplete_paired,1500247180,1.397214,/data/mouse_methyl/raw/GSE120137/fastq/SRR7872036_2.fastq
GSE120137,SRR7872037,GSM3394625,SINGLE,1,,,single_or_unknown,5959275746,5.550008,/data/mouse_methyl/raw/GSE120137/fastq/SRR7872037.fastq
GSE120137,SRR7872038,GSM3394625,SINGLE,1,2,1,incomplete_paired,1514532296,1.410518,/data/mouse_methyl/raw/GSE120137/fastq/SRR7872038_2.fastq
GSE120137,SRR7872039,GSM3394626,SINGLE,1,,,single_or_unknown,4147183428,3.862366,/data/mouse_methyl/raw/GSE120137/fastq/SRR7872039.fastq
GSE120137,SRR7872040,GSM3394626,SINGLE,1,2,1,incomplete_paired,1042244776,0.970666,/data/mouse_methyl/raw/GSE120137/fastq/SRR7872040_2.fastq
GSE120137,SRR7872041,GSM3394627,SINGLE,1,,,single_or_unknown,7732889394,7.201814,/data/mouse_methyl/raw/GSE120137/fastq/SRR7872041.fastq
GSE120137,SRR7872042,GSM3394627,SINGLE,1,2,1,incomplete_paired,1976803408,1.841042,/data/mouse_methyl/raw/GSE120137/fastq/SRR7872042_2.fastq
GSE120137,SRR7872043,GSM3394628,SINGLE,1,,,single_or_unknown,6465480516,6.021448,/data/mouse_methyl/raw/GSE120137/fastq/SRR7872043.fastq
GSE120137,SRR7872044,GSM3394628,SINGLE,1,2,1,incomplete_paired,1646472072,1.533397,/data/mouse_methyl/raw/GSE120137/fastq/SRR7872044_2.fastq
GSE120137,SRR7872045,GSM3394629,SINGLE,1,,,single_or_unknown,6400081616,5.96054,/data/mouse_methyl/raw/GSE120137/fastq/SRR7872045.fastq
GSE120137,SRR7872046,GSM3394629,SINGLE,1,2,1,incomplete_paired,1629430268,1.517525,/data/mouse_methyl/raw/GSE120137/fastq/SRR7872046_2.fastq
GSE120137,SRR7872047,GSM3394630,SINGLE,1,,,single_or_unknown,4640337754,4.321651,/data/mouse_methyl/raw/GSE120137/fastq/SRR7872047.fastq
GSE120137,SRR7872048,GSM3394630,SINGLE,1,2,1,incomplete_paired,1170778068,1.090372,/data/mouse_methyl/raw/GSE120137/fastq/SRR7872048_2.fastq
GSE120137,SRR7872049,GSM3394631,SINGLE,1,,,single_or_unknown,5952928926,5.544097,/data/mouse_methyl/raw/GSE120137/fastq/SRR7872049.fastq
GSE120137,SRR7872050,GSM3394631,SINGLE,1,2,1,incomplete_paired,1512887796,1.408987,/data/mouse_methyl/raw/GSE120137/fastq/SRR7872050_2.fastq
GSE120137,SRR7872051,GSM3394632,SINGLE,1,,,single_or_unknown,5649205822,5.261233,/data/mouse_methyl/raw/GSE120137/fastq/SRR7872051.fastq
GSE120137,SRR7872052,GSM3394632,SINGLE,1,2,1,incomplete_paired,1433724464,1.33526,/data/mouse_methyl/raw/GSE120137/fastq/SRR7872052_2.fastq
GSE120137,SRR7872053,GSM3394633,SINGLE,1,,,single_or_unknown,5443429256,5.069589,/data/mouse_methyl/raw/GSE120137/fastq/SRR7872053.fastq
GSE120137,SRR7872054,GSM3394633,SINGLE,1,2,1,incomplete_paired,1380093800,1.285313,/data/mouse_methyl/raw/GSE120137/fastq/SRR7872054_2.fastq
GSE120137,SRR7872055,GSM3394634,SINGLE,1,,,single_or_unknown,7243662738,6.746187,/data/mouse_methyl/raw/GSE120137/fastq/SRR7872055.fastq
GSE120137,SRR7872056,GSM3394634,SINGLE,1,2,1,incomplete_paired,1849288096,1.722284,/data/mouse_methyl/raw/GSE120137/fastq/SRR7872056_2.fastq
GSE120137,SRR7872057,GSM3394635,SINGLE,1,,,single_or_unknown,7124233454,6.634959,/data/mouse_methyl/raw/GSE120137/fastq/SRR7872057.fastq
GSE120137,SRR7872058,GSM3394635,SINGLE,1,2,1,incomplete_paired,1818159712,1.693293,/data/mouse_methyl/raw/GSE120137/fastq/SRR7872058_2.fastq
GSE120137,SRR7872059,GSM3394636,SINGLE,1,,,single_or_unknown,6768278050,6.30345,/data/mouse_methyl/raw/GSE120137/fastq/SRR7872059.fastq
GSE120137,SRR7872060,GSM3394636,SINGLE,1,2,1,incomplete_paired,1725397768,1.606902,/data/mouse_methyl/raw/GSE120137/fastq/SRR7872060_2.fastq
GSE120137,SRR7872061,GSM3394637,SINGLE,1,,,single_or_unknown,6236768486,5.808443,/data/mouse_methyl/raw/GSE120137/fastq/SRR7872061.fastq
GSE120137,SRR7872062,GSM3394637,SINGLE,1,2,1,incomplete_paired,1586862328,1.477881,/data/mouse_methyl/raw/GSE120137/fastq/SRR7872062_2.fastq
GSE120137,SRR7872063,GSM3394638,SINGLE,1,,,single_or_unknown,6660529140,6.203101,/data/mouse_methyl/raw/GSE120137/fastq/SRR7872063.fastq
GSE120137,SRR7872064,GSM3394638,SINGLE,1,2,1,incomplete_paired,1697306396,1.58074,/data/mouse_methyl/raw/GSE120137/fastq/SRR7872064_2.fastq
GSE120137,SRR7872065,GSM3394639,SINGLE,1,,,single_or_unknown,6670223702,6.21213,/data/mouse_methyl/raw/GSE120137/fastq/SRR7872065.fastq
GSE120137,SRR7872066,GSM3394639,SINGLE,1,2,1,incomplete_paired,1699832072,1.583092,/data/mouse_methyl/raw/GSE120137/fastq/SRR7872066_2.fastq
GSE120137,SRR7872067,GSM3394640,SINGLE,1,,,single_or_unknown,6598585094,6.145411,/data/mouse_methyl/raw/GSE120137/fastq/SRR7872067.fastq
GSE120137,SRR7872068,GSM3394640,SINGLE,1,2,1,incomplete_paired,1681163156,1.565705,/data/mouse_methyl/raw/GSE120137/fastq/SRR7872068_2.fastq
GSE120137,SRR7872069,GSM3394641,SINGLE,1,,,single_or_unknown,5049331936,4.702557,/data/mouse_methyl/raw/GSE120137/fastq/SRR7872069.fastq
GSE120137,SRR7872070,GSM3394641,SINGLE,1,2,1,incomplete_paired,1277375892,1.189649,/data/mouse_methyl/raw/GSE120137/fastq/SRR7872070_2.fastq
GSE120137,SRR7872071,GSM3394642,SINGLE,1,,,single_or_unknown,5305643428,4.941265,/data/mouse_methyl/raw/GSE120137/fastq/SRR7872071.fastq
GSE120137,SRR7872072,GSM3394642,SINGLE,1,2,1,incomplete_paired,1344174884,1.25186,/data/mouse_methyl/raw/GSE120137/fastq/SRR7872072_2.fastq
GSE120137,SRR7872073,GSM3394643,SINGLE,1,,,single_or_unknown,7333274214,6.829644,/data/mouse_methyl/raw/GSE120137/fastq/SRR7872073.fastq
GSE120137,SRR7872074,GSM3394643,SINGLE,1,2,1,incomplete_paired,1872651496,1.744043,/data/mouse_methyl/raw/GSE120137/fastq/SRR7872074_2.fastq
GSE120137,SRR7872075,GSM3394644,SINGLE,1,,,single_or_unknown,6268132492,5.837653,/data/mouse_methyl/raw/GSE120137/fastq/SRR7872075.fastq
GSE120137,SRR7872076,GSM3394644,SINGLE,1,2,1,incomplete_paired,1595035056,1.485492,/data/mouse_methyl/raw/GSE120137/fastq/SRR7872076_2.fastq
GSE120137,SRR7872077,GSM3394645,SINGLE,1,,,single_or_unknown,6220944238,5.793706,/data/mouse_methyl/raw/GSE120137/fastq/SRR7872077.fastq
GSE120137,SRR7872078,GSM3394645,SINGLE,1,2,1,incomplete_paired,1582738704,1.47404,/data/mouse_methyl/raw/GSE120137/fastq/SRR7872078_2.fastq
GSE120137,SRR7872079,GSM3394646,SINGLE,1,,,single_or_unknown,5645122314,5.25743,/data/mouse_methyl/raw/GSE120137/fastq/SRR7872079.fastq
GSE120137,SRR7872080,GSM3394646,SINGLE,1,2,1,incomplete_paired,1432662416,1.334271,/data/mouse_methyl/raw/GSE120137/fastq/SRR7872080_2.fastq
GSE120137,SRR7872081,GSM3394647,SINGLE,1,,,single_or_unknown,5507349336,5.129119,/data/mouse_methyl/raw/GSE120137/fastq/SRR7872081.fastq
GSE120137,SRR7872082,GSM3394647,SINGLE,1,2,1,incomplete_paired,1396752332,1.300827,/data/mouse_methyl/raw/GSE120137/fastq/SRR7872082_2.fastq
GSE120137,SRR7872083,GSM3394648,SINGLE,1,,,single_or_unknown,6993477778,6.513184,/data/mouse_methyl/raw/GSE120137/fastq/SRR7872083.fastq
GSE120137,SRR7872084,GSM3394648,SINGLE,1,2,1,incomplete_paired,1784086132,1.66156,/data/mouse_methyl/raw/GSE120137/fastq/SRR7872084_2.fastq
GSE120137,SRR7872085,GSM3394649,SINGLE,1,,,single_or_unknown,6941235770,6.46453,/data/mouse_methyl/raw/GSE120137/fastq/SRR7872085.fastq
GSE120137,SRR7872086,GSM3394649,SINGLE,1,2,1,incomplete_paired,1770472524,1.648881,/data/mouse_methyl/raw/GSE120137/fastq/SRR7872086_2.fastq
GSE120137,SRR7872087,GSM3394650,SINGLE,1,,,single_or_unknown,4313686116,4.017433,/data/mouse_methyl/raw/GSE120137/fastq/SRR7872087.fastq
GSE120137,SRR7872088,GSM3394650,SINGLE,1,2,1,incomplete_paired,1085625628,1.011068,/data/mouse_methyl/raw/GSE120137/fastq/SRR7872088_2.fastq
GSE120137,SRR7872089,GSM3394651,SINGLE,1,,,single_or_unknown,6459913320,6.016263,/data/mouse_methyl/raw/GSE120137/fastq/SRR7872089.fastq
GSE120137,SRR7872090,GSM3394651,SINGLE,1,2,1,incomplete_paired,1644998140,1.532024,/data/mouse_methyl/raw/GSE120137/fastq/SRR7872090_2.fastq
GSE120137,SRR7872091,GSM3394652,SINGLE,1,,,single_or_unknown,5842089570,5.44087,/data/mouse_methyl/raw/GSE120137/fastq/SRR7872091.fastq
GSE120137,SRR7872092,GSM3394652,SINGLE,1,2,1,incomplete_paired,1483978084,1.382062,/data/mouse_methyl/raw/GSE120137/fastq/SRR7872092_2.fastq
GSE120137,SRR7872093,GSM3394653,SINGLE,1,,,single_or_unknown,6050500652,5.634968,/data/mouse_methyl/raw/GSE120137/fastq/SRR7872093.fastq
GSE120137,SRR7872094,GSM3394653,SINGLE,1,2,1,incomplete_paired,1538295712,1.43265,/data/mouse_methyl/raw/GSE120137/fastq/SRR7872094_2.fastq
GSE120137,SRR7872095,GSM3394654,SINGLE,1,,,single_or_unknown,6445507544,6.002847,/data/mouse_methyl/raw/GSE120137/fastq/SRR7872095.fastq
GSE120137,SRR7872096,GSM3394654,SINGLE,1,2,1,incomplete_paired,1641249048,1.528532,/data/mouse_methyl/raw/GSE120137/fastq/SRR7872096_2.fastq
GSE120137,SRR7872097,GSM3394655,SINGLE,1,,,single_or_unknown,4941954240,4.602554,/data/mouse_methyl/raw/GSE120137/fastq/SRR7872097.fastq
GSE120137,SRR7872098,GSM3394655,SINGLE,1,2,1,incomplete_paired,1249373116,1.163569,/data/mouse_methyl/raw/GSE120137/fastq/SRR7872098_2.fastq
GSE120137,SRR7872099,GSM3394656,SINGLE,1,,,single_or_unknown,6537888202,6.088883,/data/mouse_methyl/raw/GSE120137/fastq/SRR7872099.fastq
GSE120137,SRR7872100,GSM3394656,SINGLE,1,2,1,incomplete_paired,1665325172,1.550955,/data/mouse_methyl/raw/GSE120137/fastq/SRR7872100_2.fastq
GSE120137,SRR7872101,GSM3394657,SINGLE,1,,,single_or_unknown,6614608364,6.160334,/data/mouse_methyl/raw/GSE120137/fastq/SRR7872101.fastq
GSE120137,SRR7872102,GSM3394657,SINGLE,1,2,1,incomplete_paired,1685322476,1.569579,/data/mouse_methyl/raw/GSE120137/fastq/SRR7872102_2.fastq
GSE120137,SRR7872103,GSM3394658,SINGLE,1,,,single_or_unknown,6354097788,5.917715,/data/mouse_methyl/raw/GSE120137/fastq/SRR7872103.fastq
GSE120137,SRR7872104,GSM3394658,SINGLE,1,2,1,incomplete_paired,1617419760,1.50634,/data/mouse_methyl/raw/GSE120137/fastq/SRR7872104_2.fastq
GSE120137,SRR7872105,GSM3394659,SINGLE,1,,,single_or_unknown,6964219832,6.485935,/data/mouse_methyl/raw/GSE120137/fastq/SRR7872105.fastq
GSE120137,SRR7872106,GSM3394659,SINGLE,1,2,1,incomplete_paired,1776441852,1.65444,/data/mouse_methyl/raw/GSE120137/fastq/SRR7872106_2.fastq
GSE120137,SRR7872107,GSM3394660,SINGLE,1,,,single_or_unknown,5625343040,5.239009,/data/mouse_methyl/raw/GSE120137/fastq/SRR7872107.fastq
GSE120137,SRR7872108,GSM3394660,SINGLE,1,2,1,incomplete_paired,1427489348,1.329453,/data/mouse_methyl/raw/GSE120137/fastq/SRR7872108_2.fastq
GSE120137,SRR7872109,GSM3394661,SINGLE,1,,,single_or_unknown,5392062050,5.021749,/data/mouse_methyl/raw/GSE120137/fastq/SRR7872109.fastq
GSE120137,SRR7872110,GSM3394661,SINGLE,1,2,1,incomplete_paired,1366681948,1.272822,/data/mouse_methyl/raw/GSE120137/fastq/SRR7872110_2.fastq
GSE120137,SRR7872111,GSM3394662,SINGLE,1,,,single_or_unknown,6898331500,6.424572,/data/mouse_methyl/raw/GSE120137/fastq/SRR7872111.fastq
GSE120137,SRR7872112,GSM3394662,SINGLE,1,2,1,incomplete_paired,1759283208,1.63846,/data/mouse_methyl/raw/GSE120137/fastq/SRR7872112_2.fastq
GSE120137,SRR7872113,GSM3394663,SINGLE,1,,,single_or_unknown,4821351450,4.490233,/data/mouse_methyl/raw/GSE120137/fastq/SRR7872113.fastq
GSE120137,SRR7872114,GSM3394663,SINGLE,1,2,1,incomplete_paired,1217952356,1.134307,/data/mouse_methyl/raw/GSE120137/fastq/SRR7872114_2.fastq
GSE120137,SRR7872115,GSM3394664,SINGLE,1,,,single_or_unknown,6813497086,6.345564,/data/mouse_methyl/raw/GSE120137/fastq/SRR7872115.fastq
GSE120137,SRR7872116,GSM3394664,SINGLE,1,2,1,incomplete_paired,1737169904,1.617866,/data/mouse_methyl/raw/GSE120137/fastq/SRR7872116_2.fastq
GSE120137,SRR7872117,GSM3394665,SINGLE,1,,,single_or_unknown,6436836024,5.994771,/data/mouse_methyl/raw/GSE120137/fastq/SRR7872117.fastq
GSE120137,SRR7872118,GSM3394665,SINGLE,1,2,1,incomplete_paired,1639002592,1.52644,/data/mouse_methyl/raw/GSE120137/fastq/SRR7872118_2.fastq
GSE120137,SRR7872119,GSM3394666,SINGLE,1,,,single_or_unknown,7418126470,6.908669,/data/mouse_methyl/raw/GSE120137/fastq/SRR7872119.fastq
GSE120137,SRR7872120,GSM3394666,SINGLE,1,2,1,incomplete_paired,1894757808,1.764631,/data/mouse_methyl/raw/GSE120137/fastq/SRR7872120_2.fastq
GSE120137,SRR7872121,GSM3394667,SINGLE,1,,,single_or_unknown,7958442306,7.411877,/data/mouse_methyl/raw/GSE120137/fastq/SRR7872121.fastq
GSE120137,SRR7872122,GSM3394667,SINGLE,1,2,1,incomplete_paired,2035580736,1.895782,/data/mouse_methyl/raw/GSE120137/fastq/SRR7872122_2.fastq
GSE120137,SRR7872123,GSM3394668,SINGLE,1,,,single_or_unknown,6495863954,6.049745,/data/mouse_methyl/raw/GSE120137/fastq/SRR7872123.fastq
GSE120137,SRR7872124,GSM3394668,SINGLE,1,2,1,incomplete_paired,1654385176,1.540766,/data/mouse_methyl/raw/GSE120137/fastq/SRR7872124_2.fastq
GSE120137,SRR7872125,GSM3394669,SINGLE,1,,,single_or_unknown,5694412608,5.303335,/data/mouse_methyl/raw/GSE120137/fastq/SRR7872125.fastq
GSE120137,SRR7872126,GSM3394669,SINGLE,1,2,1,incomplete_paired,1445499912,1.346227,/data/mouse_methyl/raw/GSE120137/fastq/SRR7872126_2.fastq
GSE120137,SRR7872127,GSM3394670,SINGLE,1,,,single_or_unknown,6333401048,5.898439,/data/mouse_methyl/raw/GSE120137/fastq/SRR7872127.fastq
GSE120137,SRR7872128,GSM3394670,SINGLE,1,2,1,incomplete_paired,1612042636,1.501332,/data/mouse_methyl/raw/GSE120137/fastq/SRR7872128_2.fastq
GSE120137,SRR7872129,GSM3394671,SINGLE,1,,,single_or_unknown,5236225704,4.876615,/data/mouse_methyl/raw/GSE120137/fastq/SRR7872129.fastq
GSE120137,SRR7872130,GSM3394671,SINGLE,1,2,1,incomplete_paired,1326079220,1.235008,/data/mouse_methyl/raw/GSE120137/fastq/SRR7872130_2.fastq
GSE120137,SRR7872131,GSM3394672,SINGLE,1,,,single_or_unknown,4725087002,4.40058,/data/mouse_methyl/raw/GSE120137/fastq/SRR7872131.fastq
GSE120137,SRR7872132,GSM3394672,SINGLE,1,2,1,incomplete_paired,1192863496,1.110941,/data/mouse_methyl/raw/GSE120137/fastq/SRR7872132_2.fastq
GSE120137,SRR7872133,GSM3394673,SINGLE,1,,,single_or_unknown,6113741856,5.693866,/data/mouse_methyl/raw/GSE120137/fastq/SRR7872133.fastq
GSE120137,SRR7872134,GSM3394673,SINGLE,1,2,1,incomplete_paired,1554791588,1.448013,/data/mouse_methyl/raw/GSE120137/fastq/SRR7872134_2.fastq
GSE120137,SRR7872135,GSM3394674,SINGLE,1,,,single_or_unknown,8802967190,8.198402,/data/mouse_methyl/raw/GSE120137/fastq/SRR7872135.fastq
GSE120137,SRR7872136,GSM3394674,SINGLE,1,2,1,incomplete_paired,2255702972,2.100787,/data/mouse_methyl/raw/GSE120137/fastq/SRR7872136_2.fastq
GSE120137,SRR7872137,GSM3394675,SINGLE,1,,,single_or_unknown,6303401362,5.8705,/data/mouse_methyl/raw/GSE120137/fastq/SRR7872137.fastq
GSE120137,SRR7872138,GSM3394675,SINGLE,1,2,1,incomplete_paired,1604232480,1.494058,/data/mouse_methyl/raw/GSE120137/fastq/SRR7872138_2.fastq
GSE120137,SRR7872139,GSM3394676,SINGLE,1,,,single_or_unknown,8240253240,7.674334,/data/mouse_methyl/raw/GSE120137/fastq/SRR7872139.fastq
GSE120137,SRR7872140,GSM3394676,SINGLE,1,2,1,incomplete_paired,2109040528,1.964197,/data/mouse_methyl/raw/GSE120137/fastq/SRR7872140_2.fastq
GSE120137,SRR7872141,GSM3394677,SINGLE,1,,,single_or_unknown,6684583550,6.225504,/data/mouse_methyl/raw/GSE120137/fastq/SRR7872141.fastq
GSE120137,SRR7872142,GSM3394677,SINGLE,1,2,1,incomplete_paired,1703580888,1.586583,/data/mouse_methyl/raw/GSE120137/fastq/SRR7872142_2.fastq
GSE120137,SRR7872143,GSM3394678,SINGLE,1,,,single_or_unknown,7218218796,6.72249,/data/mouse_methyl/raw/GSE120137/fastq/SRR7872143.fastq
GSE120137,SRR7872144,GSM3394678,SINGLE,1,2,1,incomplete_paired,1842662992,1.716114,/data/mouse_methyl/raw/GSE120137/fastq/SRR7872144_2.fastq
GSE120137,SRR7872145,GSM3394679,SINGLE,1,,,single_or_unknown,6608470354,6.154618,/data/mouse_methyl/raw/GSE120137/fastq/SRR7872145.fastq
GSE120137,SRR7872146,GSM3394679,SINGLE,1,2,1,incomplete_paired,1683743572,1.568108,/data/mouse_methyl/raw/GSE120137/fastq/SRR7872146_2.fastq
GSE120137,SRR7872147,GSM3394680,SINGLE,1,,,single_or_unknown,7441828398,6.930743,/data/mouse_methyl/raw/GSE120137/fastq/SRR7872147.fastq
GSE120137,SRR7872148,GSM3394680,SINGLE,1,2,1,incomplete_paired,1900939656,1.770388,/data/mouse_methyl/raw/GSE120137/fastq/SRR7872148_2.fastq
GSE120137,SRR7872149,GSM3394681,SINGLE,1,,,single_or_unknown,7766385294,7.23301,/data/mouse_methyl/raw/GSE120137/fastq/SRR7872149.fastq
GSE120137,SRR7872150,GSM3394681,SINGLE,1,2,1,incomplete_paired,1985536140,1.849175,/data/mouse_methyl/raw/GSE120137/fastq/SRR7872150_2.fastq
GSE120137,SRR7872151,GSM3394682,SINGLE,1,,,single_or_unknown,5904493900,5.498988,/data/mouse_methyl/raw/GSE120137/fastq/SRR7872151.fastq
GSE120137,SRR7872152,GSM3394682,SINGLE,1,2,1,incomplete_paired,1500256840,1.397223,/data/mouse_methyl/raw/GSE120137/fastq/SRR7872152_2.fastq
GSE120137,SRR7872153,GSM3394683,SINGLE,1,,,single_or_unknown,7596326566,7.07463,/data/mouse_methyl/raw/GSE120137/fastq/SRR7872153.fastq
GSE120137,SRR7872154,GSM3394683,SINGLE,1,2,1,incomplete_paired,1941207596,1.80789,/data/mouse_methyl/raw/GSE120137/fastq/SRR7872154_2.fastq
GSE120137,SRR7872155,GSM3394684,SINGLE,1,,,single_or_unknown,7127610824,6.638105,/data/mouse_methyl/raw/GSE120137/fastq/SRR7872155.fastq
GSE120137,SRR7872156,GSM3394684,SINGLE,1,2,1,incomplete_paired,1819049996,1.694122,/data/mouse_methyl/raw/GSE120137/fastq/SRR7872156_2.fastq
GSE120137,SRR7872157,GSM3394685,SINGLE,1,,,single_or_unknown,7014621506,6.532875,/data/mouse_methyl/raw/GSE120137/fastq/SRR7872157.fastq
GSE120137,SRR7872158,GSM3394685,SINGLE,1,2,1,incomplete_paired,1789597852,1.666693,/data/mouse_methyl/raw/GSE120137/fastq/SRR7872158_2.fastq
GSE120137,SRR7872159,GSM3394686,SINGLE,1,,,single_or_unknown,6018550718,5.605212,/data/mouse_methyl/raw/GSE120137/fastq/SRR7872159.fastq
GSE120137,SRR7872160,GSM3394686,SINGLE,1,2,1,incomplete_paired,1529978912,1.424904,/data/mouse_methyl/raw/GSE120137/fastq/SRR7872160_2.fastq
GSE120137,SRR7872161,GSM3394687,SINGLE,1,,,single_or_unknown,6093360404,5.674884,/data/mouse_methyl/raw/GSE120137/fastq/SRR7872161.fastq
GSE120137,SRR7872162,GSM3394687,SINGLE,1,2,1,incomplete_paired,1549475092,1.443061,/data/mouse_methyl/raw/GSE120137/fastq/SRR7872162_2.fastq
GSE120137,SRR7872163,GSM3394688,SINGLE,1,,,single_or_unknown,5920265986,5.513677,/data/mouse_methyl/raw/GSE120137/fastq/SRR7872163.fastq
GSE120137,SRR7872164,GSM3394688,SINGLE,1,2,1,incomplete_paired,1504362616,1.401047,/data/mouse_methyl/raw/GSE120137/fastq/SRR7872164_2.fastq
GSE120137,SRR7872165,GSM3394689,SINGLE,1,,,single_or_unknown,6871118334,6.399228,/data/mouse_methyl/raw/GSE120137/fastq/SRR7872165.fastq
GSE120137,SRR7872166,GSM3394689,SINGLE,1,2,1,incomplete_paired,1752184120,1.631849,/data/mouse_methyl/raw/GSE120137/fastq/SRR7872166_2.fastq
GSE120137,SRR7872167,GSM3394690,SINGLE,1,,,single_or_unknown,7538938836,7.021184,/data/mouse_methyl/raw/GSE120137/fastq/SRR7872167.fastq
GSE120137,SRR7872168,GSM3394690,SINGLE,1,2,1,incomplete_paired,1926239104,1.79395,/data/mouse_methyl/raw/GSE120137/fastq/SRR7872168_2.fastq
GSE120137,SRR7872169,GSM3394691,SINGLE,1,,,single_or_unknown,7432380202,6.921943,/data/mouse_methyl/raw/GSE120137/fastq/SRR7872169.fastq
GSE120137,SRR7872170,GSM3394691,SINGLE,1,2,1,incomplete_paired,1898467800,1.768086,/data/mouse_methyl/raw/GSE120137/fastq/SRR7872170_2.fastq
GSE120137,SRR7872171,GSM3394692,SINGLE,1,,,single_or_unknown,7975738432,7.427985,/data/mouse_methyl/raw/GSE120137/fastq/SRR7872171.fastq
GSE120137,SRR7872172,GSM3394692,SINGLE,1,2,1,incomplete_paired,2040083124,1.899975,/data/mouse_methyl/raw/GSE120137/fastq/SRR7872172_2.fastq
GSE120137,SRR7872173,GSM3394693,SINGLE,1,,,single_or_unknown,7934394514,7.389481,/data/mouse_methyl/raw/GSE120137/fastq/SRR7872173.fastq
GSE120137,SRR7872174,GSM3394693,SINGLE,1,2,1,incomplete_paired,2029311948,1.889944,/data/mouse_methyl/raw/GSE120137/fastq/SRR7872174_2.fastq
GSE120137,SRR7872175,GSM3394694,SINGLE,1,,,single_or_unknown,6876265074,6.404021,/data/mouse_methyl/raw/GSE120137/fastq/SRR7872175.fastq
GSE120137,SRR7872176,GSM3394694,SINGLE,1,2,1,incomplete_paired,1753528608,1.633101,/data/mouse_methyl/raw/GSE120137/fastq/SRR7872176_2.fastq
GSE120137,SRR7872177,GSM3394695,SINGLE,1,,,single_or_unknown,6868378890,6.396676,/data/mouse_methyl/raw/GSE120137/fastq/SRR7872177.fastq
GSE120137,SRR7872178,GSM3394695,SINGLE,1,2,1,incomplete_paired,1751472592,1.631186,/data/mouse_methyl/raw/GSE120137/fastq/SRR7872178_2.fastq
GSE120137,SRR7872179,GSM3394696,SINGLE,1,,,single_or_unknown,6760618172,6.296316,/data/mouse_methyl/raw/GSE120137/fastq/SRR7872179.fastq
GSE120137,SRR7872180,GSM3394696,SINGLE,1,2,1,incomplete_paired,1723383612,1.605026,/data/mouse_methyl/raw/GSE120137/fastq/SRR7872180_2.fastq
GSE120137,SRR7872181,GSM3394697,SINGLE,1,,,single_or_unknown,7664929640,7.138522,/data/mouse_methyl/raw/GSE120137/fastq/SRR7872181.fastq
GSE120137,SRR7872182,GSM3394697,SINGLE,1,2,1,incomplete_paired,1959077768,1.824533,/data/mouse_methyl/raw/GSE120137/fastq/SRR7872182_2.fastq
GSE120137,SRR7872183,GSM3394698,SINGLE,1,,,single_or_unknown,6820864962,6.352426,/data/mouse_methyl/raw/GSE120137/fastq/SRR7872183.fastq
GSE120137,SRR7872184,GSM3394698,SINGLE,1,2,1,incomplete_paired,1739077708,1.619642,/data/mouse_methyl/raw/GSE120137/fastq/SRR7872184_2.fastq
GSE120137,SRR7872185,GSM3394699,SINGLE,1,,,single_or_unknown,8246299942,7.679965,/data/mouse_methyl/raw/GSE120137/fastq/SRR7872185.fastq
GSE120137,SRR7872186,GSM3394699,SINGLE,1,2,1,incomplete_paired,2110588612,1.965639,/data/mouse_methyl/raw/GSE120137/fastq/SRR7872186_2.fastq
GSE120137,SRR7872188,GSM3394700,SINGLE,1,2,1,incomplete_paired,1610862736,1.500233,/data/mouse_methyl/raw/GSE120137/fastq/SRR7872188_2.fastq
GSE120137,SRR7872189,GSM3394701,SINGLE,1,,,single_or_unknown,7620705536,7.097335,/data/mouse_methyl/raw/GSE120137/fastq/SRR7872189.fastq
GSE120137,SRR7872190,GSM3394701,SINGLE,1,2,1,incomplete_paired,1947543912,1.813792,/data/mouse_methyl/raw/GSE120137/fastq/SRR7872190_2.fastq
GSE120137,SRR7872191,GSM3394702,SINGLE,1,,,single_or_unknown,7496161510,6.981344,/data/mouse_methyl/raw/GSE120137/fastq/SRR7872191.fastq
GSE120137,SRR7872192,GSM3394702,SINGLE,1,2,1,incomplete_paired,1915086128,1.783563,/data/mouse_methyl/raw/GSE120137/fastq/SRR7872192_2.fastq
GSE120137,SRR7872193,GSM3394703,SINGLE,1,,,single_or_unknown,5767520188,5.371422,/data/mouse_methyl/raw/GSE120137/fastq/SRR7872193.fastq
GSE120137,SRR7872194,GSM3394703,SINGLE,1,2,1,incomplete_paired,1464541060,1.36396,/data/mouse_methyl/raw/GSE120137/fastq/SRR7872194_2.fastq
GSE120137,SRR7872195,GSM3394704,SINGLE,1,,,single_or_unknown,7673942392,7.146916,/data/mouse_methyl/raw/GSE120137/fastq/SRR7872195.fastq
GSE120137,SRR7872196,GSM3394704,SINGLE,1,2,1,incomplete_paired,1961419628,1.826714,/data/mouse_methyl/raw/GSE120137/fastq/SRR7872196_2.fastq
GSE120137,SRR7872197,GSM3394705,SINGLE,1,,,single_or_unknown,7911498048,7.368157,/data/mouse_methyl/raw/GSE120137/fastq/SRR7872197.fastq
GSE120137,SRR7872198,GSM3394705,SINGLE,1,2,1,incomplete_paired,2023332316,1.884375,/data/mouse_methyl/raw/GSE120137/fastq/SRR7872198_2.fastq
GSE120137,SRR7872200,GSM3394706,SINGLE,1,2,1,incomplete_paired,1988783372,1.852199,/data/mouse_methyl/raw/GSE120137/fastq/SRR7872200_2.fastq
GSE120137,SRR7872201,GSM3394707,SINGLE,1,,,single_or_unknown,7233845232,6.737043,/data/mouse_methyl/raw/GSE120137/fastq/SRR7872201.fastq
GSE120137,SRR7872202,GSM3394707,SINGLE,1,2,1,incomplete_paired,1846713384,1.719886,/data/mouse_methyl/raw/GSE120137/fastq/SRR7872202_2.fastq
GSE120137,SRR7872203,GSM3394708,SINGLE,1,,,single_or_unknown,5375559222,5.00638,/data/mouse_methyl/raw/GSE120137/fastq/SRR7872203.fastq
GSE120137,SRR7872204,GSM3394708,SINGLE,1,2,1,incomplete_paired,1362386008,1.268821,/data/mouse_methyl/raw/GSE120137/fastq/SRR7872204_2.fastq
GSE120137,SRR7872205,GSM3394709,SINGLE,1,,,single_or_unknown,7575892170,7.055599,/data/mouse_methyl/raw/GSE120137/fastq/SRR7872205.fastq
GSE120137,SRR7872206,GSM3394709,SINGLE,1,2,1,incomplete_paired,1935864144,1.802914,/data/mouse_methyl/raw/GSE120137/fastq/SRR7872206_2.fastq
GSE120137,SRR7872207,GSM3394710,SINGLE,1,,,single_or_unknown,6984495738,6.504819,/data/mouse_methyl/raw/GSE120137/fastq/SRR7872207.fastq
GSE120137,SRR7872208,GSM3394710,SINGLE,1,2,1,incomplete_paired,1781726332,1.659362,/data/mouse_methyl/raw/GSE120137/fastq/SRR7872208_2.fastq
GSE120137,SRR7872209,GSM3394711,SINGLE,1,,,single_or_unknown,6961735314,6.483621,/data/mouse_methyl/raw/GSE120137/fastq/SRR7872209.fastq
GSE120137,SRR7872210,GSM3394711,SINGLE,1,2,1,incomplete_paired,1775795276,1.653838,/data/mouse_methyl/raw/GSE120137/fastq/SRR7872210_2.fastq
GSE120137,SRR7872211,GSM3394712,SINGLE,1,,,single_or_unknown,5406652868,5.035338,/data/mouse_methyl/raw/GSE120137/fastq/SRR7872211.fastq
GSE120137,SRR7872212,GSM3394712,SINGLE,1,2,1,incomplete_paired,1370490380,1.276369,/data/mouse_methyl/raw/GSE120137/fastq/SRR7872212_2.fastq
GSE120137,SRR7872213,GSM3394713,SINGLE,1,,,single_or_unknown,6733650002,6.2712,/data/mouse_methyl/raw/GSE120137/fastq/SRR7872213.fastq
GSE120137,SRR7872214,GSM3394713,SINGLE,1,2,1,incomplete_paired,1716347360,1.598473,/data/mouse_methyl/raw/GSE120137/fastq/SRR7872214_2.fastq
GSE120137,SRR7872215,GSM3394714,SINGLE,1,,,single_or_unknown,7993141084,7.444193,/data/mouse_methyl/raw/GSE120137/fastq/SRR7872215.fastq
GSE120137,SRR7872216,GSM3394714,SINGLE,1,2,1,incomplete_paired,2044608696,1.90419,/data/mouse_methyl/raw/GSE120137/fastq/SRR7872216_2.fastq
GSE120137,SRR7872217,GSM3394715,SINGLE,1,,,single_or_unknown,6823771222,6.355132,/data/mouse_methyl/raw/GSE120137/fastq/SRR7872217.fastq
GSE120137,SRR7872218,GSM3394715,SINGLE,1,2,1,incomplete_paired,1739832108,1.620345,/data/mouse_methyl/raw/GSE120137/fastq/SRR7872218_2.fastq
GSE120137,SRR7872219,GSM3394716,SINGLE,1,,,single_or_unknown,7417432574,6.908022,/data/mouse_methyl/raw/GSE120137/fastq/SRR7872219.fastq
GSE120137,SRR7872220,GSM3394716,SINGLE,1,2,1,incomplete_paired,1894565528,1.764452,/data/mouse_methyl/raw/GSE120137/fastq/SRR7872220_2.fastq
GSE120137,SRR7872221,GSM3394717,SINGLE,1,,,single_or_unknown,8967383666,8.351527,/data/mouse_methyl/raw/GSE120137/fastq/SRR7872221.fastq
GSE120137,SRR7872222,GSM3394717,SINGLE,1,2,1,incomplete_paired,2298528328,2.140671,/data/mouse_methyl/raw/GSE120137/fastq/SRR7872222_2.fastq
GSE120137,SRR7872223,GSM3394718,SINGLE,1,,,single_or_unknown,8379248860,7.803784,/data/mouse_methyl/raw/GSE120137/fastq/SRR7872223.fastq
GSE120137,SRR7872224,GSM3394718,SINGLE,1,2,1,incomplete_paired,2145245104,1.997915,/data/mouse_methyl/raw/GSE120137/fastq/SRR7872224_2.fastq
GSE120137,SRR7872225,GSM3394719,SINGLE,1,,,single_or_unknown,7514210622,6.998154,/data/mouse_methyl/raw/GSE120137/fastq/SRR7872225.fastq
GSE120137,SRR7872226,GSM3394719,SINGLE,1,2,1,incomplete_paired,1919783464,1.787938,/data/mouse_methyl/raw/GSE120137/fastq/SRR7872226_2.fastq
GSE120137,SRR7872227,GSM3394720,SINGLE,1,,,single_or_unknown,7546744888,7.028454,/data/mouse_methyl/raw/GSE120137/fastq/SRR7872227.fastq
GSE120137,SRR7872228,GSM3394720,SINGLE,1,2,1,incomplete_paired,1928266876,1.795838,/data/mouse_methyl/raw/GSE120137/fastq/SRR7872228_2.fastq
GSE121141,SRR8032927,GSM3426754,PAIRED,2,1;2,,complete_pair,8170660872,7.609521,/data/mouse_methyl/raw/GSE121141/fastq/SRR8032927_1.fastq;/data/mouse_methyl/raw/GSE121141/fastq/SRR8032927_2.fastq
GSE121141,SRR8032928,GSM3426754,PAIRED,2,1;2,,complete_pair,8279836680,7.711199,/data/mouse_methyl/raw/GSE121141/fastq/SRR8032928_1.fastq;/data/mouse_methyl/raw/GSE121141/fastq/SRR8032928_2.fastq
GSE121141,SRR8032929,GSM3426755,PAIRED,2,1;2,,complete_pair,12333271560,11.486254,/data/mouse_methyl/raw/GSE121141/fastq/SRR8032929_1.fastq;/data/mouse_methyl/raw/GSE121141/fastq/SRR8032929_2.fastq
GSE121141,SRR8032930,GSM3426755,PAIRED,2,1;2,,complete_pair,11994691080,11.170927,/data/mouse_methyl/raw/GSE121141/fastq/SRR8032930_1.fastq;/data/mouse_methyl/raw/GSE121141/fastq/SRR8032930_2.fastq
GSE121141,SRR8032932,GSM3426757,PAIRED,2,1;2,,complete_pair,22229095944,20.702459,/data/mouse_methyl/raw/GSE121141/fastq/SRR8032932_1.fastq;/data/mouse_methyl/raw/GSE121141/fastq/SRR8032932_2.fastq
GSE121141,SRR8032933,GSM3426757,PAIRED,2,1;2,,complete_pair,22492128264,20.947427,/data/mouse_methyl/raw/GSE121141/fastq/SRR8032933_1.fastq;/data/mouse_methyl/raw/GSE121141/fastq/SRR8032933_2.fastq
GSE121141,SRR8032934,GSM3426758,PAIRED,2,1;2,,complete_pair,30477651720,28.384525,/data/mouse_methyl/raw/GSE121141/fastq/SRR8032934_1.fastq;/data/mouse_methyl/raw/GSE121141/fastq/SRR8032934_2.fastq
GSE121141,SRR8032935,GSM3426759,PAIRED,2,1;2,,complete_pair,15846361608,14.758074,/data/mouse_methyl/raw/GSE121141/fastq/SRR8032935_1.fastq;/data/mouse_methyl/raw/GSE121141/fastq/SRR8032935_2.fastq
GSE121141,SRR8032936,GSM3426759,PAIRED,2,1;2,,complete_pair,15519447048,14.453611,/data/mouse_methyl/raw/GSE121141/fastq/SRR8032936_1.fastq;/data/mouse_methyl/raw/GSE121141/fastq/SRR8032936_2.fastq
GSE121141,SRR8032937,GSM3426760,PAIRED,2,1;2,,complete_pair,12467574024,11.611333,/data/mouse_methyl/raw/GSE121141/fastq/SRR8032937_1.fastq;/data/mouse_methyl/raw/GSE121141/fastq/SRR8032937_2.fastq
GSE121141,SRR8032938,GSM3426760,PAIRED,2,1;2,,complete_pair,13148035848,12.245063,/data/mouse_methyl/raw/GSE121141/fastq/SRR8032938_1.fastq;/data/mouse_methyl/raw/GSE121141/fastq/SRR8032938_2.fastq
GSE121141,SRR8032939,GSM3426761,PAIRED,2,1;2,,complete_pair,15856943112,14.767929,/data/mouse_methyl/raw/GSE121141/fastq/SRR8032939_1.fastq;/data/mouse_methyl/raw/GSE121141/fastq/SRR8032939_2.fastq
GSE60012,SRR1534514,GSM1463666,PAIRED,2,1;2,,complete_pair,10727309324,9.990585,/data/mouse_methyl/raw/GSE60012/fastq/SRR1534514_1.fastq;/data/mouse_methyl/raw/GSE60012/fastq/SRR1534514_2.fastq
GSE60012,SRR1534515,GSM1463667,PAIRED,2,1;2,,complete_pair,7203897028,6.709152,/data/mouse_methyl/raw/GSE60012/fastq/SRR1534515_1.fastq;/data/mouse_methyl/raw/GSE60012/fastq/SRR1534515_2.fastq
GSE60012,SRR1534516,GSM1463668,PAIRED,2,1;2,,complete_pair,11976744908,11.154213,/data/mouse_methyl/raw/GSE60012/fastq/SRR1534516_1.fastq;/data/mouse_methyl/raw/GSE60012/fastq/SRR1534516_2.fastq
GSE60012,SRR1534517,GSM1463669,PAIRED,2,1;2,,complete_pair,8444706924,7.864746,/data/mouse_methyl/raw/GSE60012/fastq/SRR1534517_1.fastq;/data/mouse_methyl/raw/GSE60012/fastq/SRR1534517_2.fastq
GSE60012,SRR1534518,GSM1463670,PAIRED,2,1;2,,complete_pair,5432942464,5.059822,/data/mouse_methyl/raw/GSE60012/fastq/SRR1534518_1.fastq;/data/mouse_methyl/raw/GSE60012/fastq/SRR1534518_2.fastq
GSE60012,SRR1534519,GSM1463671,PAIRED,2,1;2,,complete_pair,8268536764,7.700675,/data/mouse_methyl/raw/GSE60012/fastq/SRR1534519_1.fastq;/data/mouse_methyl/raw/GSE60012/fastq/SRR1534519_2.fastq
GSE60012,SRR1534520,GSM1463672,PAIRED,2,1;2,,complete_pair,5396933344,5.026286,/data/mouse_methyl/raw/GSE60012/fastq/SRR1534520_1.fastq;/data/mouse_methyl/raw/GSE60012/fastq/SRR1534520_2.fastq
GSE60012,SRR1534521,GSM1463673,PAIRED,2,1;2,,complete_pair,9785648036,9.113595,/data/mouse_methyl/raw/GSE60012/fastq/SRR1534521_1.fastq;/data/mouse_methyl/raw/GSE60012/fastq/SRR1534521_2.fastq
GSE60012,SRR1534522,GSM1463674,PAIRED,2,1;2,,complete_pair,5198990472,4.841937,/data/mouse_methyl/raw/GSE60012/fastq/SRR1534522_1.fastq;/data/mouse_methyl/raw/GSE60012/fastq/SRR1534522_2.fastq
GSE60012,SRR1534523,GSM1463675,PAIRED,2,1;2,,complete_pair,5372956168,5.003955,/data/mouse_methyl/raw/GSE60012/fastq/SRR1534523_1.fastq;/data/mouse_methyl/raw/GSE60012/fastq/SRR1534523_2.fastq
GSE60012,SRR1534524,GSM1463676,PAIRED,2,1;2,,complete_pair,5576021224,5.193074,/data/mouse_methyl/raw/GSE60012/fastq/SRR1534524_1.fastq;/data/mouse_methyl/raw/GSE60012/fastq/SRR1534524_2.fastq
GSE60012,SRR1534525,GSM1463677,PAIRED,2,1;2,,complete_pair,4184886448,3.897479,/data/mouse_methyl/raw/GSE60012/fastq/SRR1534525_1.fastq;/data/mouse_methyl/raw/GSE60012/fastq/SRR1534525_2.fastq
GSE60012,SRR1534526,GSM1463678,PAIRED,2,1;2,,complete_pair,10007142000,9.319877,/data/mouse_methyl/raw/GSE60012/fastq/SRR1534526_1.fastq;/data/mouse_methyl/raw/GSE60012/fastq/SRR1534526_2.fastq
GSE60012,SRR1534527,GSM1463679,PAIRED,2,1;2,,complete_pair,7873038628,7.332339,/data/mouse_methyl/raw/GSE60012/fastq/SRR1534527_1.fastq;/data/mouse_methyl/raw/GSE60012/fastq/SRR1534527_2.fastq
GSE60012,SRR1534528,GSM1463680,PAIRED,2,1;2,,complete_pair,7032833964,6.549837,/data/mouse_methyl/raw/GSE60012/fastq/SRR1534528_1.fastq;/data/mouse_methyl/raw/GSE60012/fastq/SRR1534528_2.fastq
GSE60012,SRR1534529,GSM1463681,PAIRED,2,1;2,,complete_pair,7983792960,7.435487,/data/mouse_methyl/raw/GSE60012/fastq/SRR1534529_1.fastq;/data/mouse_methyl/raw/GSE60012/fastq/SRR1534529_2.fastq
GSE60012,SRR1534530,GSM1463682,PAIRED,2,1;2,,complete_pair,4263509832,3.970703,/data/mouse_methyl/raw/GSE60012/fastq/SRR1534530_1.fastq;/data/mouse_methyl/raw/GSE60012/fastq/SRR1534530_2.fastq
GSE60012,SRR1534531,GSM1463683,PAIRED,2,1;2,,complete_pair,11864025968,11.049235,/data/mouse_methyl/raw/GSE60012/fastq/SRR1534531_1.fastq;/data/mouse_methyl/raw/GSE60012/fastq/SRR1534531_2.fastq
GSE60012,SRR1534532,GSM1463684,PAIRED,2,1;2,,complete_pair,8921355520,8.30866,/data/mouse_methyl/raw/GSE60012/fastq/SRR1534532_1.fastq;/data/mouse_methyl/raw/GSE60012/fastq/SRR1534532_2.fastq
GSE60012,SRR1534533,GSM1463685,PAIRED,2,1;2,,complete_pair,6413340248,5.972889,/data/mouse_methyl/raw/GSE60012/fastq/SRR1534533_1.fastq;/data/mouse_methyl/raw/GSE60012/fastq/SRR1534533_2.fastq
GSE60012,SRR1534534,GSM1463686,PAIRED,2,1;2,,complete_pair,7081102916,6.594791,/data/mouse_methyl/raw/GSE60012/fastq/SRR1534534_1.fastq;/data/mouse_methyl/raw/GSE60012/fastq/SRR1534534_2.fastq
GSE60012,SRR1534535,GSM1463687,PAIRED,2,1;2,,complete_pair,11136177972,10.371374,/data/mouse_methyl/raw/GSE60012/fastq/SRR1534535_1.fastq;/data/mouse_methyl/raw/GSE60012/fastq/SRR1534535_2.fastq
GSE60012,SRR1534536,GSM1463688,PAIRED,2,1;2,,complete_pair,8380717692,7.805152,/data/mouse_methyl/raw/GSE60012/fastq/SRR1534536_1.fastq;/data/mouse_methyl/raw/GSE60012/fastq/SRR1534536_2.fastq
GSE60012,SRR1534537,GSM1463689,PAIRED,2,1;2,,complete_pair,6823724404,6.355089,/data/mouse_methyl/raw/GSE60012/fastq/SRR1534537_1.fastq;/data/mouse_methyl/raw/GSE60012/fastq/SRR1534537_2.fastq
GSE60012,SRR1534538,GSM1463690,PAIRED,2,1;2,,complete_pair,11579792036,10.784522,/data/mouse_methyl/raw/GSE60012/fastq/SRR1534538_1.fastq;/data/mouse_methyl/raw/GSE60012/fastq/SRR1534538_2.fastq
GSE60012,SRR1534539,GSM1463691,PAIRED,2,1;2,,complete_pair,8293837068,7.724238,/data/mouse_methyl/raw/GSE60012/fastq/SRR1534539_1.fastq;/data/mouse_methyl/raw/GSE60012/fastq/SRR1534539_2.fastq
GSE60012,SRR1534540,GSM1463692,PAIRED,2,1;2,,complete_pair,9306312188,8.667179,/data/mouse_methyl/raw/GSE60012/fastq/SRR1534540_1.fastq;/data/mouse_methyl/raw/GSE60012/fastq/SRR1534540_2.fastq
GSE60012,SRR1534541,GSM1463693,PAIRED,2,1;2,,complete_pair,7849457976,7.310377,/data/mouse_methyl/raw/GSE60012/fastq/SRR1534541_1.fastq;/data/mouse_methyl/raw/GSE60012/fastq/SRR1534541_2.fastq
GSE60012,SRR1534542,GSM1463694,PAIRED,2,1;2,,complete_pair,6892537516,6.419176,/data/mouse_methyl/raw/GSE60012/fastq/SRR1534542_1.fastq;/data/mouse_methyl/raw/GSE60012/fastq/SRR1534542_2.fastq
GSE60012,SRR1534543,GSM1463695,PAIRED,2,1;2,,complete_pair,10267001936,9.561891,/data/mouse_methyl/raw/GSE60012/fastq/SRR1534543_1.fastq;/data/mouse_methyl/raw/GSE60012/fastq/SRR1534543_2.fastq
GSE60012,SRR1534544,GSM1463696,PAIRED,2,1;2,,complete_pair,9856423024,9.179509,/data/mouse_methyl/raw/GSE60012/fastq/SRR1534544_1.fastq;/data/mouse_methyl/raw/GSE60012/fastq/SRR1534544_2.fastq
GSE60012,SRR1534545,GSM1463697,PAIRED,2,1;2,,complete_pair,6144836584,5.722825,/data/mouse_methyl/raw/GSE60012/fastq/SRR1534545_1.fastq;/data/mouse_methyl/raw/GSE60012/fastq/SRR1534545_2.fastq
GSE60012,SRR1534546,GSM1463698,PAIRED,2,1;2,,complete_pair,9310455332,8.671037,/data/mouse_methyl/raw/GSE60012/fastq/SRR1534546_1.fastq;/data/mouse_methyl/raw/GSE60012/fastq/SRR1534546_2.fastq
GSE60012,SRR1534547,GSM1463699,PAIRED,2,1;2,,complete_pair,6833071732,6.363794,/data/mouse_methyl/raw/GSE60012/fastq/SRR1534547_1.fastq;/data/mouse_methyl/raw/GSE60012/fastq/SRR1534547_2.fastq
GSE60012,SRR1534548,GSM1463700,PAIRED,2,1;2,,complete_pair,5465306968,5.089964,/data/mouse_methyl/raw/GSE60012/fastq/SRR1534548_1.fastq;/data/mouse_methyl/raw/GSE60012/fastq/SRR1534548_2.fastq
GSE60012,SRR1534549,GSM1463701,PAIRED,2,1;2,,complete_pair,17658041384,16.445333,/data/mouse_methyl/raw/GSE60012/fastq/SRR1534549_1.fastq;/data/mouse_methyl/raw/GSE60012/fastq/SRR1534549_2.fastq
GSE60012,SRR1534550,GSM1463702,PAIRED,2,1;2,,complete_pair,6648759932,6.19214,/data/mouse_methyl/raw/GSE60012/fastq/SRR1534550_1.fastq;/data/mouse_methyl/raw/GSE60012/fastq/SRR1534550_2.fastq
GSE60012,SRR1534551,GSM1463703,PAIRED,2,1;2,,complete_pair,10552369172,9.82766,/data/mouse_methyl/raw/GSE60012/fastq/SRR1534551_1.fastq;/data/mouse_methyl/raw/GSE60012/fastq/SRR1534551_2.fastq
GSE60012,SRR1534552,GSM1463704,PAIRED,2,1;2,,complete_pair,9796266964,9.123485,/data/mouse_methyl/raw/GSE60012/fastq/SRR1534552_1.fastq;/data/mouse_methyl/raw/GSE60012/fastq/SRR1534552_2.fastq
GSE60012,SRR1534553,GSM1463705,PAIRED,2,1;2,,complete_pair,4023502424,3.747179,/data/mouse_methyl/raw/GSE60012/fastq/SRR1534553_1.fastq;/data/mouse_methyl/raw/GSE60012/fastq/SRR1534553_2.fastq
GSE60012,SRR1534554,GSM1463706,PAIRED,2,1;2,,complete_pair,9683269276,9.018247,/data/mouse_methyl/raw/GSE60012/fastq/SRR1534554_1.fastq;/data/mouse_methyl/raw/GSE60012/fastq/SRR1534554_2.fastq
GSE60012,SRR1534555,GSM1463707,PAIRED,2,1;2,,complete_pair,4246041804,3.954435,/data/mouse_methyl/raw/GSE60012/fastq/SRR1534555_1.fastq;/data/mouse_methyl/raw/GSE60012/fastq/SRR1534555_2.fastq
GSE60012,SRR1534556,GSM1463708,PAIRED,2,1;2,,complete_pair,7560508700,7.041272,/data/mouse_methyl/raw/GSE60012/fastq/SRR1534556_1.fastq;/data/mouse_methyl/raw/GSE60012/fastq/SRR1534556_2.fastq
GSE60012,SRR1534557,GSM1463709,PAIRED,2,1;2,,complete_pair,7292641680,6.791802,/data/mouse_methyl/raw/GSE60012/fastq/SRR1534557_1.fastq;/data/mouse_methyl/raw/GSE60012/fastq/SRR1534557_2.fastq
GSE60012,SRR1534558,GSM1463710,PAIRED,2,1;2,,complete_pair,7652436760,7.126887,/data/mouse_methyl/raw/GSE60012/fastq/SRR1534558_1.fastq;/data/mouse_methyl/raw/GSE60012/fastq/SRR1534558_2.fastq
GSE60012,SRR1534559,GSM1463711,PAIRED,2,1;2,,complete_pair,9959531840,9.275537,/data/mouse_methyl/raw/GSE60012/fastq/SRR1534559_1.fastq;/data/mouse_methyl/raw/GSE60012/fastq/SRR1534559_2.fastq
GSE60012,SRR1534560,GSM1463712,PAIRED,2,1;2,,complete_pair,8071821048,7.517469,/data/mouse_methyl/raw/GSE60012/fastq/SRR1534560_1.fastq;/data/mouse_methyl/raw/GSE60012/fastq/SRR1534560_2.fastq
GSE60012,SRR1534561,GSM1463713,PAIRED,2,1;2,,complete_pair,12760502136,11.884144,/data/mouse_methyl/raw/GSE60012/fastq/SRR1534561_1.fastq;/data/mouse_methyl/raw/GSE60012/fastq/SRR1534561_2.fastq
GSE60012,SRR1534562,GSM1463714,PAIRED,2,1;2,,complete_pair,7428472396,6.918304,/data/mouse_methyl/raw/GSE60012/fastq/SRR1534562_1.fastq;/data/mouse_methyl/raw/GSE60012/fastq/SRR1534562_2.fastq
GSE60012,SRR1534563,GSM1463715,PAIRED,2,1;2,,complete_pair,6673300324,6.214995,/data/mouse_methyl/raw/GSE60012/fastq/SRR1534563_1.fastq;/data/mouse_methyl/raw/GSE60012/fastq/SRR1534563_2.fastq
GSE60012,SRR1534564,GSM1463716,PAIRED,2,1;2,,complete_pair,8146936328,7.587426,/data/mouse_methyl/raw/GSE60012/fastq/SRR1534564_1.fastq;/data/mouse_methyl/raw/GSE60012/fastq/SRR1534564_2.fastq
GSE60012,SRR1534565,GSM1463717,PAIRED,2,1;2,,complete_pair,6073782460,5.656651,/data/mouse_methyl/raw/GSE60012/fastq/SRR1534565_1.fastq;/data/mouse_methyl/raw/GSE60012/fastq/SRR1534565_2.fastq
GSE60012,SRR1534566,GSM1463718,PAIRED,2,1;2,,complete_pair,6218734032,5.791647,/data/mouse_methyl/raw/GSE60012/fastq/SRR1534566_1.fastq;/data/mouse_methyl/raw/GSE60012/fastq/SRR1534566_2.fastq
GSE60012,SRR1534567,GSM1463719,PAIRED,2,1;2,,complete_pair,6963701400,6.485452,/data/mouse_methyl/raw/GSE60012/fastq/SRR1534567_1.fastq;/data/mouse_methyl/raw/GSE60012/fastq/SRR1534567_2.fastq
GSE60012,SRR1534568,GSM1463720,PAIRED,2,1;2,,complete_pair,14693700120,13.684575,/data/mouse_methyl/raw/GSE60012/fastq/SRR1534568_1.fastq;/data/mouse_methyl/raw/GSE60012/fastq/SRR1534568_2.fastq
GSE60012,SRR1534569,GSM1463721,PAIRED,2,1;2,,complete_pair,6457035244,6.013583,/data/mouse_methyl/raw/GSE60012/fastq/SRR1534569_1.fastq;/data/mouse_methyl/raw/GSE60012/fastq/SRR1534569_2.fastq
GSE60012,SRR1534570,GSM1463722,PAIRED,2,1;2,,complete_pair,7893090024,7.351013,/data/mouse_methyl/raw/GSE60012/fastq/SRR1534570_1.fastq;/data/mouse_methyl/raw/GSE60012/fastq/SRR1534570_2.fastq
GSE60012,SRR1534571,GSM1463723,PAIRED,2,1;2,,complete_pair,10109535636,9.415239,/data/mouse_methyl/raw/GSE60012/fastq/SRR1534571_1.fastq;/data/mouse_methyl/raw/GSE60012/fastq/SRR1534571_2.fastq
GSE60012,SRR1534572,GSM1463724,PAIRED,2,1;2,,complete_pair,4784912872,4.456297,/data/mouse_methyl/raw/GSE60012/fastq/SRR1534572_1.fastq;/data/mouse_methyl/raw/GSE60012/fastq/SRR1534572_2.fastq
GSE60012,SRR1534573,GSM1463725,PAIRED,2,1;2,,complete_pair,5751424716,5.356432,/data/mouse_methyl/raw/GSE60012/fastq/SRR1534573_1.fastq;/data/mouse_methyl/raw/GSE60012/fastq/SRR1534573_2.fastq
GSE60012,SRR1534574,GSM1463726,PAIRED,2,1;2,,complete_pair,2285575204,2.128608,/data/mouse_methyl/raw/GSE60012/fastq/SRR1534574_1.fastq;/data/mouse_methyl/raw/GSE60012/fastq/SRR1534574_2.fastq
GSE60012,SRR1534575,GSM1463727,PAIRED,2,1;2,,complete_pair,2259332212,2.104167,/data/mouse_methyl/raw/GSE60012/fastq/SRR1534575_1.fastq;/data/mouse_methyl/raw/GSE60012/fastq/SRR1534575_2.fastq
GSE60012,SRR1534576,GSM1463728,PAIRED,2,1;2,,complete_pair,8555974736,7.968372,/data/mouse_methyl/raw/GSE60012/fastq/SRR1534576_1.fastq;/data/mouse_methyl/raw/GSE60012/fastq/SRR1534576_2.fastq
GSE60012,SRR1534577,GSM1463729,PAIRED,2,1;2,,complete_pair,7748375360,7.216237,/data/mouse_methyl/raw/GSE60012/fastq/SRR1534577_1.fastq;/data/mouse_methyl/raw/GSE60012/fastq/SRR1534577_2.fastq
GSE60012,SRR1534578,GSM1463730,PAIRED,2,1;2,,complete_pair,5452628424,5.078156,/data/mouse_methyl/raw/GSE60012/fastq/SRR1534578_1.fastq;/data/mouse_methyl/raw/GSE60012/fastq/SRR1534578_2.fastq
GSE60012,SRR1534579,GSM1463731,PAIRED,2,1;2,,complete_pair,4860601636,4.526788,/data/mouse_methyl/raw/GSE60012/fastq/SRR1534579_1.fastq;/data/mouse_methyl/raw/GSE60012/fastq/SRR1534579_2.fastq
GSE60012,SRR1534580,GSM1463732,PAIRED,2,1;2,,complete_pair,5987027400,5.575854,/data/mouse_methyl/raw/GSE60012/fastq/SRR1534580_1.fastq;/data/mouse_methyl/raw/GSE60012/fastq/SRR1534580_2.fastq
GSE60012,SRR1534581,GSM1463733,PAIRED,2,1;2,,complete_pair,4549424380,4.236982,/data/mouse_methyl/raw/GSE60012/fastq/SRR1534581_1.fastq;/data/mouse_methyl/raw/GSE60012/fastq/SRR1534581_2.fastq
GSE60012,SRR1534582,GSM1463734,PAIRED,2,1;2,,complete_pair,4564097752,4.250647,/data/mouse_methyl/raw/GSE60012/fastq/SRR1534582_1.fastq;/data/mouse_methyl/raw/GSE60012/fastq/SRR1534582_2.fastq
GSE60012,SRR1534583,GSM1463735,PAIRED,2,1;2,,complete_pair,1290640108,1.202002,/data/mouse_methyl/raw/GSE60012/fastq/SRR1534583_1.fastq;/data/mouse_methyl/raw/GSE60012/fastq/SRR1534583_2.fastq
GSE60012,SRR1534584,GSM1463736,PAIRED,2,1;2,,complete_pair,3047473272,2.838181,/data/mouse_methyl/raw/GSE60012/fastq/SRR1534584_1.fastq;/data/mouse_methyl/raw/GSE60012/fastq/SRR1534584_2.fastq
GSE60012,SRR1534585,GSM1463737,PAIRED,2,1;2,,complete_pair,5366829744,4.99825,/data/mouse_methyl/raw/GSE60012/fastq/SRR1534585_1.fastq;/data/mouse_methyl/raw/GSE60012/fastq/SRR1534585_2.fastq
GSE60012,SRR1534586,GSM1463738,PAIRED,2,1;2,,complete_pair,9669436568,9.005365,/data/mouse_methyl/raw/GSE60012/fastq/SRR1534586_1.fastq;/data/mouse_methyl/raw/GSE60012/fastq/SRR1534586_2.fastq
GSE60012,SRR1534587,GSM1463739,PAIRED,2,1;2,,complete_pair,6629363012,6.174075,/data/mouse_methyl/raw/GSE60012/fastq/SRR1534587_1.fastq;/data/mouse_methyl/raw/GSE60012/fastq/SRR1534587_2.fastq
GSE60012,SRR1534588,GSM1463740,PAIRED,2,1;2,,complete_pair,4683874960,4.362198,/data/mouse_methyl/raw/GSE60012/fastq/SRR1534588_1.fastq;/data/mouse_methyl/raw/GSE60012/fastq/SRR1534588_2.fastq
GSE60012,SRR1534589,GSM1463741,PAIRED,2,1;2,,complete_pair,12479410960,11.622357,/data/mouse_methyl/raw/GSE60012/fastq/SRR1534589_1.fastq;/data/mouse_methyl/raw/GSE60012/fastq/SRR1534589_2.fastq
GSE60012,SRR1534590,GSM1463742,PAIRED,2,1;2,,complete_pair,7868943752,7.328525,/data/mouse_methyl/raw/GSE60012/fastq/SRR1534590_1.fastq;/data/mouse_methyl/raw/GSE60012/fastq/SRR1534590_2.fastq
GSE60012,SRR1534591,GSM1463743,PAIRED,2,1;2,,complete_pair,194181644,0.180846,/data/mouse_methyl/raw/GSE60012/fastq/SRR1534591_1.fastq;/data/mouse_methyl/raw/GSE60012/fastq/SRR1534591_2.fastq
GSE60012,SRR1534592,GSM1463744,PAIRED,2,1;2,,complete_pair,248165192,0.231122,/data/mouse_methyl/raw/GSE60012/fastq/SRR1534592_1.fastq;/data/mouse_methyl/raw/GSE60012/fastq/SRR1534592_2.fastq
GSE60012,SRR1534593,GSM1463745,PAIRED,2,1;2,,complete_pair,8534161132,7.948057,/data/mouse_methyl/raw/GSE60012/fastq/SRR1534593_1.fastq;/data/mouse_methyl/raw/GSE60012/fastq/SRR1534593_2.fastq
GSE60012,SRR1534594,GSM1463746,PAIRED,2,1;2,,complete_pair,7415255864,6.905995,/data/mouse_methyl/raw/GSE60012/fastq/SRR1534594_1.fastq;/data/mouse_methyl/raw/GSE60012/fastq/SRR1534594_2.fastq
GSE60012,SRR1534595,GSM1463747,PAIRED,2,1;2,,complete_pair,7921149744,7.377146,/data/mouse_methyl/raw/GSE60012/fastq/SRR1534595_1.fastq;/data/mouse_methyl/raw/GSE60012/fastq/SRR1534595_2.fastq
GSE60012,SRR1534596,GSM1463748,PAIRED,2,1;2,,complete_pair,5309858284,4.945191,/data/mouse_methyl/raw/GSE60012/fastq/SRR1534596_1.fastq;/data/mouse_methyl/raw/GSE60012/fastq/SRR1534596_2.fastq
GSE60012,SRR1534597,GSM1463749,PAIRED,2,1;2,,complete_pair,4801010908,4.47129,/data/mouse_methyl/raw/GSE60012/fastq/SRR1534597_1.fastq;/data/mouse_methyl/raw/GSE60012/fastq/SRR1534597_2.fastq
GSE60012,SRR1534598,GSM1463750,PAIRED,2,1;2,,complete_pair,14185270312,13.211062,/data/mouse_methyl/raw/GSE60012/fastq/SRR1534598_1.fastq;/data/mouse_methyl/raw/GSE60012/fastq/SRR1534598_2.fastq
GSE60012,SRR1534599,GSM1463751,PAIRED,2,1;2,,complete_pair,6976422820,6.4973,/data/mouse_methyl/raw/GSE60012/fastq/SRR1534599_1.fastq;/data/mouse_methyl/raw/GSE60012/fastq/SRR1534599_2.fastq
GSE60012,SRR1534600,GSM1463752,PAIRED,2,1;2,,complete_pair,9613324932,8.953107,/data/mouse_methyl/raw/GSE60012/fastq/SRR1534600_1.fastq;/data/mouse_methyl/raw/GSE60012/fastq/SRR1534600_2.fastq
GSE60012,SRR1534601,GSM1463753,PAIRED,2,1;2,,complete_pair,8426856480,7.848122,/data/mouse_methyl/raw/GSE60012/fastq/SRR1534601_1.fastq;/data/mouse_methyl/raw/GSE60012/fastq/SRR1534601_2.fastq
GSE60012,SRR1534602,GSM1463754,PAIRED,2,1;2,,complete_pair,6713359724,6.252303,/data/mouse_methyl/raw/GSE60012/fastq/SRR1534602_1.fastq;/data/mouse_methyl/raw/GSE60012/fastq/SRR1534602_2.fastq
GSE60012,SRR1534603,GSM1463755,PAIRED,2,1;2,,complete_pair,9921499628,9.240117,/data/mouse_methyl/raw/GSE60012/fastq/SRR1534603_1.fastq;/data/mouse_methyl/raw/GSE60012/fastq/SRR1534603_2.fastq
GSE60012,SRR1534604,GSM1463756,PAIRED,2,1;2,,complete_pair,8879648252,8.269817,/data/mouse_methyl/raw/GSE60012/fastq/SRR1534604_1.fastq;/data/mouse_methyl/raw/GSE60012/fastq/SRR1534604_2.fastq
GSE60012,SRR1534605,GSM1463757,PAIRED,2,1;2,,complete_pair,6365857032,5.928666,/data/mouse_methyl/raw/GSE60012/fastq/SRR1534605_1.fastq;/data/mouse_methyl/raw/GSE60012/fastq/SRR1534605_2.fastq
GSE60012,SRR1534606,GSM1463758,PAIRED,2,1;2,,complete_pair,8824556232,8.218508,/data/mouse_methyl/raw/GSE60012/fastq/SRR1534606_1.fastq;/data/mouse_methyl/raw/GSE60012/fastq/SRR1534606_2.fastq
GSE60012,SRR1534607,GSM1463759,PAIRED,2,1;2,,complete_pair,14500388480,13.504539,/data/mouse_methyl/raw/GSE60012/fastq/SRR1534607_1.fastq;/data/mouse_methyl/raw/GSE60012/fastq/SRR1534607_2.fastq
GSE60012,SRR1534612,GSM1463764,PAIRED,2,1;2,,complete_pair,3813968772,3.552035,/data/mouse_methyl/raw/GSE60012/fastq/SRR1534612_1.fastq;/data/mouse_methyl/raw/GSE60012/fastq/SRR1534612_2.fastq
GSE60012,SRR1534619,GSM1463771,PAIRED,2,1;2,,complete_pair,8075933276,7.521299,/data/mouse_methyl/raw/GSE60012/fastq/SRR1534619_1.fastq;/data/mouse_methyl/raw/GSE60012/fastq/SRR1534619_2.fastq
GSE60012,SRR1534620,GSM1463772,PAIRED,2,1;2,,complete_pair,6895458496,6.421896,/data/mouse_methyl/raw/GSE60012/fastq/SRR1534620_1.fastq;/data/mouse_methyl/raw/GSE60012/fastq/SRR1534620_2.fastq
GSE60012,SRR1534622,GSM1463774,PAIRED,2,1;2,,complete_pair,1464014760,1.36347,/data/mouse_methyl/raw/GSE60012/fastq/SRR1534622_1.fastq;/data/mouse_methyl/raw/GSE60012/fastq/SRR1534622_2.fastq
GSE60012,SRR1534623,GSM1463775,PAIRED,2,1;2,,complete_pair,3365559400,3.134421,/data/mouse_methyl/raw/GSE60012/fastq/SRR1534623_1.fastq;/data/mouse_methyl/raw/GSE60012/fastq/SRR1534623_2.fastq
GSE60012,SRR1534624,GSM1463776,PAIRED,2,1;2,,complete_pair,5072950512,4.724553,/data/mouse_methyl/raw/GSE60012/fastq/SRR1534624_1.fastq;/data/mouse_methyl/raw/GSE60012/fastq/SRR1534624_2.fastq
GSE60012,SRR1534625,GSM1463777,PAIRED,2,1;2,,complete_pair,3098175348,2.885401,/data/mouse_methyl/raw/GSE60012/fastq/SRR1534625_1.fastq;/data/mouse_methyl/raw/GSE60012/fastq/SRR1534625_2.fastq
GSE60012,SRR1534679,GSM1463836,SINGLE,1,,,single_or_unknown,6326413688,5.891932,/data/mouse_methyl/raw/GSE60012/fastq/SRR1534679.fastq
GSE60012,SRR1534680,GSM1463837,SINGLE,1,,,single_or_unknown,5722139738,5.329158,/data/mouse_methyl/raw/GSE60012/fastq/SRR1534680.fastq
GSE60012,SRR1534681,GSM1463838,SINGLE,1,,,single_or_unknown,6714365134,6.25324,/data/mouse_methyl/raw/GSE60012/fastq/SRR1534681.fastq
GSE60012,SRR1534682,GSM1463839,SINGLE,1,,,single_or_unknown,5540364442,5.159866,/data/mouse_methyl/raw/GSE60012/fastq/SRR1534682.fastq
GSE60012,SRR1534683,GSM1463840,SINGLE,1,,,single_or_unknown,5501648592,5.12381,/data/mouse_methyl/raw/GSE60012/fastq/SRR1534683.fastq
GSE60012,SRR1534684,GSM1463841,SINGLE,1,,,single_or_unknown,6598467618,6.145302,/data/mouse_methyl/raw/GSE60012/fastq/SRR1534684.fastq
GSE60012,SRR1534685,GSM1463842,SINGLE,1,,,single_or_unknown,5596745262,5.212375,/data/mouse_methyl/raw/GSE60012/fastq/SRR1534685.fastq
GSE60012,SRR1534686,GSM1463843,SINGLE,1,,,single_or_unknown,5269978026,4.90805,/data/mouse_methyl/raw/GSE60012/fastq/SRR1534686.fastq
GSE80672,SRR3440565,GSM2132712,PAIRED,2,1;2,,complete_pair,15618938440,14.54627,/data/mouse_methyl/raw/GSE80672/fastq/SRR3440565_1.fastq;/data/mouse_methyl/raw/GSE80672/fastq/SRR3440565_2.fastq
GSE80672,SRR3440566,GSM2132713,PAIRED,2,1;2,,complete_pair,17154205400,15.976099,/data/mouse_methyl/raw/GSE80672/fastq/SRR3440566_1.fastq;/data/mouse_methyl/raw/GSE80672/fastq/SRR3440566_2.fastq
GSE80672,SRR3440567,GSM2132714,PAIRED,2,1;2,,complete_pair,18015741112,16.778466,/data/mouse_methyl/raw/GSE80672/fastq/SRR3440567_1.fastq;/data/mouse_methyl/raw/GSE80672/fastq/SRR3440567_2.fastq
GSE80672,SRR3440568,GSM2132715,PAIRED,2,1;2,,complete_pair,18685647608,17.402365,/data/mouse_methyl/raw/GSE80672/fastq/SRR3440568_1.fastq;/data/mouse_methyl/raw/GSE80672/fastq/SRR3440568_2.fastq
GSE80672,SRR3440569,GSM2132716,PAIRED,2,1;2,,complete_pair,15562433912,14.493646,/data/mouse_methyl/raw/GSE80672/fastq/SRR3440569_1.fastq;/data/mouse_methyl/raw/GSE80672/fastq/SRR3440569_2.fastq
GSE80672,SRR3440570,GSM2132717,PAIRED,2,1;2,,complete_pair,13904395800,12.949478,/data/mouse_methyl/raw/GSE80672/fastq/SRR3440570_1.fastq;/data/mouse_methyl/raw/GSE80672/fastq/SRR3440570_2.fastq
GSE80672,SRR3440571,GSM2132718,PAIRED,2,1;2,,complete_pair,17950631704,16.717829,/data/mouse_methyl/raw/GSE80672/fastq/SRR3440571_1.fastq;/data/mouse_methyl/raw/GSE80672/fastq/SRR3440571_2.fastq
GSE80672,SRR3440572,GSM2132719,PAIRED,2,1;2,,complete_pair,15677937896,14.601217,/data/mouse_methyl/raw/GSE80672/fastq/SRR3440572_1.fastq;/data/mouse_methyl/raw/GSE80672/fastq/SRR3440572_2.fastq
GSE80672,SRR3440573,GSM2132720,PAIRED,2,1;2,,complete_pair,12687315448,11.815983,/data/mouse_methyl/raw/GSE80672/fastq/SRR3440573_1.fastq;/data/mouse_methyl/raw/GSE80672/fastq/SRR3440573_2.fastq
GSE80672,SRR3440574,GSM2132721,PAIRED,2,1;2,,complete_pair,12680888120,11.809997,/data/mouse_methyl/raw/GSE80672/fastq/SRR3440574_1.fastq;/data/mouse_methyl/raw/GSE80672/fastq/SRR3440574_2.fastq
GSE80672,SRR3440575,GSM2132722,PAIRED,2,1;2,,complete_pair,14254913928,13.275923,/data/mouse_methyl/raw/GSE80672/fastq/SRR3440575_1.fastq;/data/mouse_methyl/raw/GSE80672/fastq/SRR3440575_2.fastq
GSE80672,SRR3440576,GSM2132723,PAIRED,2,1;2,,complete_pair,17911678440,16.68155,/data/mouse_methyl/raw/GSE80672/fastq/SRR3440576_1.fastq;/data/mouse_methyl/raw/GSE80672/fastq/SRR3440576_2.fastq
GSE80672,SRR3440577,GSM2132724,PAIRED,2,1;2,,complete_pair,3951191184,3.679834,/data/mouse_methyl/raw/GSE80672/fastq/SRR3440577_1.fastq;/data/mouse_methyl/raw/GSE80672/fastq/SRR3440577_2.fastq
GSE80672,SRR3440578,GSM2132724,PAIRED,2,1;2,,complete_pair,5190007624,4.833571,/data/mouse_methyl/raw/GSE80672/fastq/SRR3440578_1.fastq;/data/mouse_methyl/raw/GSE80672/fastq/SRR3440578_2.fastq
GSE80672,SRR3440579,GSM2132725,PAIRED,2,1;2,,complete_pair,3300360168,3.0737,/data/mouse_methyl/raw/GSE80672/fastq/SRR3440579_1.fastq;/data/mouse_methyl/raw/GSE80672/fastq/SRR3440579_2.fastq
GSE80672,SRR3440580,GSM2132726,PAIRED,2,1;2,,complete_pair,5233420392,4.874003,/data/mouse_methyl/raw/GSE80672/fastq/SRR3440580_1.fastq;/data/mouse_methyl/raw/GSE80672/fastq/SRR3440580_2.fastq
GSE80672,SRR3440581,GSM2132726,PAIRED,2,1;2,,complete_pair,7716718232,7.186754,/data/mouse_methyl/raw/GSE80672/fastq/SRR3440581_1.fastq;/data/mouse_methyl/raw/GSE80672/fastq/SRR3440581_2.fastq
GSE80672,SRR3440582,GSM2132727,PAIRED,2,1;2,,complete_pair,9662283688,8.998703,/data/mouse_methyl/raw/GSE80672/fastq/SRR3440582_1.fastq;/data/mouse_methyl/raw/GSE80672/fastq/SRR3440582_2.fastq
GSE80672,SRR3440583,GSM2132728,PAIRED,2,1;2,,complete_pair,4074721128,3.79488,/data/mouse_methyl/raw/GSE80672/fastq/SRR3440583_1.fastq;/data/mouse_methyl/raw/GSE80672/fastq/SRR3440583_2.fastq
GSE80672,SRR3440584,GSM2132728,PAIRED,2,1;2,,complete_pair,5940412088,5.53244,/data/mouse_methyl/raw/GSE80672/fastq/SRR3440584_1.fastq;/data/mouse_methyl/raw/GSE80672/fastq/SRR3440584_2.fastq
GSE80672,SRR3440585,GSM2132729,PAIRED,2,1;2,,complete_pair,5128483080,4.776272,/data/mouse_methyl/raw/GSE80672/fastq/SRR3440585_1.fastq;/data/mouse_methyl/raw/GSE80672/fastq/SRR3440585_2.fastq
GSE80672,SRR3440586,GSM2132729,PAIRED,2,1;2,,complete_pair,7656446024,7.130621,/data/mouse_methyl/raw/GSE80672/fastq/SRR3440586_1.fastq;/data/mouse_methyl/raw/GSE80672/fastq/SRR3440586_2.fastq
GSE80672,SRR3440587,GSM2132730,PAIRED,2,1;2,,complete_pair,6538112760,6.089092,/data/mouse_methyl/raw/GSE80672/fastq/SRR3440587_1.fastq;/data/mouse_methyl/raw/GSE80672/fastq/SRR3440587_2.fastq
GSE80672,SRR3440588,GSM2132731,PAIRED,2,1;2,,complete_pair,3528870888,3.286517,/data/mouse_methyl/raw/GSE80672/fastq/SRR3440588_1.fastq;/data/mouse_methyl/raw/GSE80672/fastq/SRR3440588_2.fastq
GSE80672,SRR3440589,GSM2132731,PAIRED,2,1;2,,complete_pair,5076136456,4.72752,/data/mouse_methyl/raw/GSE80672/fastq/SRR3440589_1.fastq;/data/mouse_methyl/raw/GSE80672/fastq/SRR3440589_2.fastq
GSE80672,SRR3440590,GSM2132732,PAIRED,2,1;2,,complete_pair,2941235544,2.739239,/data/mouse_methyl/raw/GSE80672/fastq/SRR3440590_1.fastq;/data/mouse_methyl/raw/GSE80672/fastq/SRR3440590_2.fastq
GSE80672,SRR3440591,GSM2132733,PAIRED,2,1;2,,complete_pair,3611993760,3.363931,/data/mouse_methyl/raw/GSE80672/fastq/SRR3440591_1.fastq;/data/mouse_methyl/raw/GSE80672/fastq/SRR3440591_2.fastq
GSE80672,SRR3440592,GSM2132733,PAIRED,2,1;2,,complete_pair,4967787352,4.626613,/data/mouse_methyl/raw/GSE80672/fastq/SRR3440592_1.fastq;/data/mouse_methyl/raw/GSE80672/fastq/SRR3440592_2.fastq
GSE80672,SRR3440593,GSM2132734,PAIRED,2,1;2,,complete_pair,6141142200,5.719384,/data/mouse_methyl/raw/GSE80672/fastq/SRR3440593_1.fastq;/data/mouse_methyl/raw/GSE80672/fastq/SRR3440593_2.fastq
GSE80672,SRR3440594,GSM2132735,PAIRED,2,1;2,,complete_pair,6790357080,6.324013,/data/mouse_methyl/raw/GSE80672/fastq/SRR3440594_1.fastq;/data/mouse_methyl/raw/GSE80672/fastq/SRR3440594_2.fastq
GSE80672,SRR3440595,GSM2132735,PAIRED,2,1;2,,complete_pair,10658346456,9.926359,/data/mouse_methyl/raw/GSE80672/fastq/SRR3440595_1.fastq;/data/mouse_methyl/raw/GSE80672/fastq/SRR3440595_2.fastq
GSE80672,SRR3440596,GSM2132736,PAIRED,2,1;2,,complete_pair,3146657616,2.930553,/data/mouse_methyl/raw/GSE80672/fastq/SRR3440596_1.fastq;/data/mouse_methyl/raw/GSE80672/fastq/SRR3440596_2.fastq
GSE80672,SRR3440597,GSM2132737,PAIRED,2,1;2,,complete_pair,4104605088,3.822711,/data/mouse_methyl/raw/GSE80672/fastq/SRR3440597_1.fastq;/data/mouse_methyl/raw/GSE80672/fastq/SRR3440597_2.fastq
GSE80672,SRR3440598,GSM2132738,PAIRED,2,1;2,,complete_pair,7462050440,6.949576,/data/mouse_methyl/raw/GSE80672/fastq/SRR3440598_1.fastq;/data/mouse_methyl/raw/GSE80672/fastq/SRR3440598_2.fastq
GSE80672,SRR3440599,GSM2132739,PAIRED,2,1;2,,complete_pair,4624458440,4.306863,/data/mouse_methyl/raw/GSE80672/fastq/SRR3440599_1.fastq;/data/mouse_methyl/raw/GSE80672/fastq/SRR3440599_2.fastq
GSE80672,SRR3440600,GSM2132740,PAIRED,2,1;2,,complete_pair,4803799544,4.473887,/data/mouse_methyl/raw/GSE80672/fastq/SRR3440600_1.fastq;/data/mouse_methyl/raw/GSE80672/fastq/SRR3440600_2.fastq
GSE80672,SRR3440601,GSM2132740,PAIRED,2,1;2,,complete_pair,6956341480,6.478598,/data/mouse_methyl/raw/GSE80672/fastq/SRR3440601_1.fastq;/data/mouse_methyl/raw/GSE80672/fastq/SRR3440601_2.fastq
GSE80672,SRR3440602,GSM2132741,PAIRED,2,1;2,,complete_pair,1540037376,1.434272,/data/mouse_methyl/raw/GSE80672/fastq/SRR3440602_1.fastq;/data/mouse_methyl/raw/GSE80672/fastq/SRR3440602_2.fastq
GSE80672,SRR3440603,GSM2132741,PAIRED,2,1;2,,complete_pair,4602604504,4.286509,/data/mouse_methyl/raw/GSE80672/fastq/SRR3440603_1.fastq;/data/mouse_methyl/raw/GSE80672/fastq/SRR3440603_2.fastq
GSE80672,SRR3440604,GSM2132742,PAIRED,2,1;2,,complete_pair,4994900264,4.651863,/data/mouse_methyl/raw/GSE80672/fastq/SRR3440604_1.fastq;/data/mouse_methyl/raw/GSE80672/fastq/SRR3440604_2.fastq
GSE80672,SRR3440605,GSM2132743,PAIRED,2,1;2,,complete_pair,4455695904,4.14969,/data/mouse_methyl/raw/GSE80672/fastq/SRR3440605_1.fastq;/data/mouse_methyl/raw/GSE80672/fastq/SRR3440605_2.fastq
GSE80672,SRR3440606,GSM2132743,PAIRED,2,1;2,,complete_pair,6470134904,6.025783,/data/mouse_methyl/raw/GSE80672/fastq/SRR3440606_1.fastq;/data/mouse_methyl/raw/GSE80672/fastq/SRR3440606_2.fastq
GSE80672,SRR3440607,GSM2132744,PAIRED,2,1;2,,complete_pair,6319360888,5.885363,/data/mouse_methyl/raw/GSE80672/fastq/SRR3440607_1.fastq;/data/mouse_methyl/raw/GSE80672/fastq/SRR3440607_2.fastq
GSE80672,SRR3440608,GSM2132744,PAIRED,2,1;2,,complete_pair,9231212376,8.597236,/data/mouse_methyl/raw/GSE80672/fastq/SRR3440608_1.fastq;/data/mouse_methyl/raw/GSE80672/fastq/SRR3440608_2.fastq
GSE80672,SRR3440609,GSM2132745,PAIRED,2,1;2,,complete_pair,4187084544,3.899526,/data/mouse_methyl/raw/GSE80672/fastq/SRR3440609_1.fastq;/data/mouse_methyl/raw/GSE80672/fastq/SRR3440609_2.fastq
GSE80672,SRR3440610,GSM2132745,PAIRED,2,1;2,,complete_pair,6899919080,6.42605,/data/mouse_methyl/raw/GSE80672/fastq/SRR3440610_1.fastq;/data/mouse_methyl/raw/GSE80672/fastq/SRR3440610_2.fastq
GSE80672,SRR3440611,GSM2132746,PAIRED,2,1;2,,complete_pair,5201360776,4.844145,/data/mouse_methyl/raw/GSE80672/fastq/SRR3440611_1.fastq;/data/mouse_methyl/raw/GSE80672/fastq/SRR3440611_2.fastq
GSE80672,SRR3440612,GSM2132747,PAIRED,2,1;2,,complete_pair,6266595736,5.836222,/data/mouse_methyl/raw/GSE80672/fastq/SRR3440612_1.fastq;/data/mouse_methyl/raw/GSE80672/fastq/SRR3440612_2.fastq
GSE80672,SRR3440613,GSM2132748,PAIRED,2,1;2,,complete_pair,5786404920,5.38901,/data/mouse_methyl/raw/GSE80672/fastq/SRR3440613_1.fastq;/data/mouse_methyl/raw/GSE80672/fastq/SRR3440613_2.fastq
GSE80672,SRR3440614,GSM2132748,PAIRED,2,1;2,,complete_pair,8125917048,7.56785,/data/mouse_methyl/raw/GSE80672/fastq/SRR3440614_1.fastq;/data/mouse_methyl/raw/GSE80672/fastq/SRR3440614_2.fastq
GSE80672,SRR3440615,GSM2132749,PAIRED,2,1;2,,complete_pair,5078484760,4.729708,/data/mouse_methyl/raw/GSE80672/fastq/SRR3440615_1.fastq;/data/mouse_methyl/raw/GSE80672/fastq/SRR3440615_2.fastq
GSE80672,SRR3440616,GSM2132750,PAIRED,2,1;2,,complete_pair,6417484824,5.976748,/data/mouse_methyl/raw/GSE80672/fastq/SRR3440616_1.fastq;/data/mouse_methyl/raw/GSE80672/fastq/SRR3440616_2.fastq
GSE80672,SRR3440617,GSM2132751,PAIRED,2,1;2,,complete_pair,2095236984,1.951342,/data/mouse_methyl/raw/GSE80672/fastq/SRR3440617_1.fastq;/data/mouse_methyl/raw/GSE80672/fastq/SRR3440617_2.fastq
GSE80672,SRR3440618,GSM2132751,PAIRED,2,1;2,,complete_pair,4961352600,4.62062,/data/mouse_methyl/raw/GSE80672/fastq/SRR3440618_1.fastq;/data/mouse_methyl/raw/GSE80672/fastq/SRR3440618_2.fastq
GSE80672,SRR3440619,GSM2132752,PAIRED,2,1;2,,complete_pair,6709281896,6.248506,/data/mouse_methyl/raw/GSE80672/fastq/SRR3440619_1.fastq;/data/mouse_methyl/raw/GSE80672/fastq/SRR3440619_2.fastq
GSE80672,SRR3440620,GSM2132753,PAIRED,2,1;2,,complete_pair,5019541912,4.674813,/data/mouse_methyl/raw/GSE80672/fastq/SRR3440620_1.fastq;/data/mouse_methyl/raw/GSE80672/fastq/SRR3440620_2.fastq
GSE80672,SRR3440621,GSM2132753,PAIRED,2,1;2,,complete_pair,7552275704,7.033605,/data/mouse_methyl/raw/GSE80672/fastq/SRR3440621_1.fastq;/data/mouse_methyl/raw/GSE80672/fastq/SRR3440621_2.fastq
GSE80672,SRR3440622,GSM2132754,PAIRED,2,1;2,,complete_pair,1546569576,1.440355,/data/mouse_methyl/raw/GSE80672/fastq/SRR3440622_1.fastq;/data/mouse_methyl/raw/GSE80672/fastq/SRR3440622_2.fastq
GSE80672,SRR3440623,GSM2132754,PAIRED,2,1;2,,complete_pair,4856920584,4.52336,/data/mouse_methyl/raw/GSE80672/fastq/SRR3440623_1.fastq;/data/mouse_methyl/raw/GSE80672/fastq/SRR3440623_2.fastq
GSE80672,SRR3440624,GSM2132755,PAIRED,2,1;2,,complete_pair,5256152680,4.895174,/data/mouse_methyl/raw/GSE80672/fastq/SRR3440624_1.fastq;/data/mouse_methyl/raw/GSE80672/fastq/SRR3440624_2.fastq
GSE80672,SRR3440625,GSM2132756,PAIRED,2,1;2,,complete_pair,6894890248,6.421367,/data/mouse_methyl/raw/GSE80672/fastq/SRR3440625_1.fastq;/data/mouse_methyl/raw/GSE80672/fastq/SRR3440625_2.fastq
GSE80672,SRR3440626,GSM2132756,PAIRED,2,1;2,,complete_pair,9979119128,9.293779,/data/mouse_methyl/raw/GSE80672/fastq/SRR3440626_1.fastq;/data/mouse_methyl/raw/GSE80672/fastq/SRR3440626_2.fastq
GSE80672,SRR3440627,GSM2132757,PAIRED,2,1;2,,complete_pair,4858500040,4.524831,/data/mouse_methyl/raw/GSE80672/fastq/SRR3440627_1.fastq;/data/mouse_methyl/raw/GSE80672/fastq/SRR3440627_2.fastq
GSE80672,SRR3440628,GSM2132758,PAIRED,2,1;2,,complete_pair,4205348712,3.916536,/data/mouse_methyl/raw/GSE80672/fastq/SRR3440628_1.fastq;/data/mouse_methyl/raw/GSE80672/fastq/SRR3440628_2.fastq
GSE80672,SRR3440629,GSM2132759,PAIRED,2,1;2,,complete_pair,3486087600,3.246672,/data/mouse_methyl/raw/GSE80672/fastq/SRR3440629_1.fastq;/data/mouse_methyl/raw/GSE80672/fastq/SRR3440629_2.fastq
GSE80672,SRR3440630,GSM2132760,PAIRED,2,1;2,,complete_pair,4184230440,3.896868,/data/mouse_methyl/raw/GSE80672/fastq/SRR3440630_1.fastq;/data/mouse_methyl/raw/GSE80672/fastq/SRR3440630_2.fastq
GSE80672,SRR3440631,GSM2132760,PAIRED,2,1;2,,complete_pair,6407311160,5.967274,/data/mouse_methyl/raw/GSE80672/fastq/SRR3440631_1.fastq;/data/mouse_methyl/raw/GSE80672/fastq/SRR3440631_2.fastq
GSE80672,SRR3440632,GSM2132761,PAIRED,2,1;2,,complete_pair,5442960472,5.069152,/data/mouse_methyl/raw/GSE80672/fastq/SRR3440632_1.fastq;/data/mouse_methyl/raw/GSE80672/fastq/SRR3440632_2.fastq
GSE80672,SRR3440633,GSM2132761,PAIRED,2,1;2,,complete_pair,7943778024,7.39822,/data/mouse_methyl/raw/GSE80672/fastq/SRR3440633_1.fastq;/data/mouse_methyl/raw/GSE80672/fastq/SRR3440633_2.fastq
GSE80672,SRR3440634,GSM2132762,PAIRED,2,1;2,,complete_pair,6026913752,5.613001,/data/mouse_methyl/raw/GSE80672/fastq/SRR3440634_1.fastq;/data/mouse_methyl/raw/GSE80672/fastq/SRR3440634_2.fastq
GSE80672,SRR3440635,GSM2132763,PAIRED,2,1;2,,complete_pair,4404250440,4.101778,/data/mouse_methyl/raw/GSE80672/fastq/SRR3440635_1.fastq;/data/mouse_methyl/raw/GSE80672/fastq/SRR3440635_2.fastq
GSE80672,SRR3440636,GSM2132763,PAIRED,2,1;2,,complete_pair,6490074840,6.044353,/data/mouse_methyl/raw/GSE80672/fastq/SRR3440636_1.fastq;/data/mouse_methyl/raw/GSE80672/fastq/SRR3440636_2.fastq
GSE80672,SRR3440637,GSM2132764,PAIRED,2,1;2,,complete_pair,3637778736,3.387945,/data/mouse_methyl/raw/GSE80672/fastq/SRR3440637_1.fastq;/data/mouse_methyl/raw/GSE80672/fastq/SRR3440637_2.fastq
GSE80672,SRR3440638,GSM2132764,PAIRED,2,1;2,,complete_pair,5725418152,5.332211,/data/mouse_methyl/raw/GSE80672/fastq/SRR3440638_1.fastq;/data/mouse_methyl/raw/GSE80672/fastq/SRR3440638_2.fastq
GSE80672,SRR3440639,GSM2132765,PAIRED,2,1;2,,complete_pair,5390712680,5.020492,/data/mouse_methyl/raw/GSE80672/fastq/SRR3440639_1.fastq;/data/mouse_methyl/raw/GSE80672/fastq/SRR3440639_2.fastq
GSE80672,SRR3440640,GSM2132766,PAIRED,2,1;2,,complete_pair,6867699848,6.396044,/data/mouse_methyl/raw/GSE80672/fastq/SRR3440640_1.fastq;/data/mouse_methyl/raw/GSE80672/fastq/SRR3440640_2.fastq
GSE80672,SRR3440641,GSM2132766,PAIRED,2,1;2,,complete_pair,8841657464,8.234435,/data/mouse_methyl/raw/GSE80672/fastq/SRR3440641_1.fastq;/data/mouse_methyl/raw/GSE80672/fastq/SRR3440641_2.fastq
GSE80672,SRR3440642,GSM2132767,PAIRED,2,1;2,,complete_pair,10568679848,9.84285,/data/mouse_methyl/raw/GSE80672/fastq/SRR3440642_1.fastq;/data/mouse_methyl/raw/GSE80672/fastq/SRR3440642_2.fastq
GSE80672,SRR3440643,GSM2132768,PAIRED,2,1;2,,complete_pair,13212761112,12.305343,/data/mouse_methyl/raw/GSE80672/fastq/SRR3440643_1.fastq;/data/mouse_methyl/raw/GSE80672/fastq/SRR3440643_2.fastq
GSE80672,SRR3440644,GSM2132769,PAIRED,2,1;2,,complete_pair,9647391144,8.984833,/data/mouse_methyl/raw/GSE80672/fastq/SRR3440644_1.fastq;/data/mouse_methyl/raw/GSE80672/fastq/SRR3440644_2.fastq
GSE80672,SRR3440645,GSM2132770,PAIRED,2,1;2,,complete_pair,4369697952,4.069598,/data/mouse_methyl/raw/GSE80672/fastq/SRR3440645_1.fastq;/data/mouse_methyl/raw/GSE80672/fastq/SRR3440645_2.fastq
GSE80672,SRR3440646,GSM2132771,PAIRED,2,1;2,,complete_pair,9891092296,9.211798,/data/mouse_methyl/raw/GSE80672/fastq/SRR3440646_1.fastq;/data/mouse_methyl/raw/GSE80672/fastq/SRR3440646_2.fastq
GSE80672,SRR3440647,GSM2132772,PAIRED,2,1;2,,complete_pair,11524079048,10.732635,/data/mouse_methyl/raw/GSE80672/fastq/SRR3440647_1.fastq;/data/mouse_methyl/raw/GSE80672/fastq/SRR3440647_2.fastq
GSE80672,SRR3440648,GSM2132773,PAIRED,2,1;2,,complete_pair,5375519000,5.006342,/data/mouse_methyl/raw/GSE80672/fastq/SRR3440648_1.fastq;/data/mouse_methyl/raw/GSE80672/fastq/SRR3440648_2.fastq
GSE80672,SRR3440649,GSM2132774,PAIRED,2,1;2,,complete_pair,5925577080,5.518624,/data/mouse_methyl/raw/GSE80672/fastq/SRR3440649_1.fastq;/data/mouse_methyl/raw/GSE80672/fastq/SRR3440649_2.fastq
GSE80672,SRR3440650,GSM2132775,PAIRED,2,1;2,,complete_pair,10712466488,9.976762,/data/mouse_methyl/raw/GSE80672/fastq/SRR3440650_1.fastq;/data/mouse_methyl/raw/GSE80672/fastq/SRR3440650_2.fastq
GSE80672,SRR3440651,GSM2132776,PAIRED,2,1;2,,complete_pair,13404782872,12.484177,/data/mouse_methyl/raw/GSE80672/fastq/SRR3440651_1.fastq;/data/mouse_methyl/raw/GSE80672/fastq/SRR3440651_2.fastq
GSE80672,SRR3440652,GSM2132777,PAIRED,2,1;2,,complete_pair,5510759688,5.132295,/data/mouse_methyl/raw/GSE80672/fastq/SRR3440652_1.fastq;/data/mouse_methyl/raw/GSE80672/fastq/SRR3440652_2.fastq
GSE80672,SRR3440653,GSM2132778,PAIRED,2,1;2,,complete_pair,14256098056,13.277026,/data/mouse_methyl/raw/GSE80672/fastq/SRR3440653_1.fastq;/data/mouse_methyl/raw/GSE80672/fastq/SRR3440653_2.fastq
GSE80672,SRR3440654,GSM2132779,PAIRED,2,1;2,,complete_pair,5149057304,4.795433,/data/mouse_methyl/raw/GSE80672/fastq/SRR3440654_1.fastq;/data/mouse_methyl/raw/GSE80672/fastq/SRR3440654_2.fastq
GSE80672,SRR3440655,GSM2132779,PAIRED,2,1;2,,complete_pair,6578396312,6.126609,/data/mouse_methyl/raw/GSE80672/fastq/SRR3440655_1.fastq;/data/mouse_methyl/raw/GSE80672/fastq/SRR3440655_2.fastq
GSE80672,SRR3440656,GSM2132780,PAIRED,2,1;2,,complete_pair,11122463848,10.358602,/data/mouse_methyl/raw/GSE80672/fastq/SRR3440656_1.fastq;/data/mouse_methyl/raw/GSE80672/fastq/SRR3440656_2.fastq
GSE80672,SRR3440657,GSM2132781,PAIRED,2,1;2,,complete_pair,9065691976,8.443084,/data/mouse_methyl/raw/GSE80672/fastq/SRR3440657_1.fastq;/data/mouse_methyl/raw/GSE80672/fastq/SRR3440657_2.fastq
GSE80672,SRR3440658,GSM2132782,PAIRED,2,1;2,,complete_pair,9348867928,8.706812,/data/mouse_methyl/raw/GSE80672/fastq/SRR3440658_1.fastq;/data/mouse_methyl/raw/GSE80672/fastq/SRR3440658_2.fastq
GSE80672,SRR3440659,GSM2132783,PAIRED,2,1;2,,complete_pair,10345584008,9.635076,/data/mouse_methyl/raw/GSE80672/fastq/SRR3440659_1.fastq;/data/mouse_methyl/raw/GSE80672/fastq/SRR3440659_2.fastq
GSE80672,SRR3440660,GSM2132784,PAIRED,2,1;2,,complete_pair,7606808696,7.084393,/data/mouse_methyl/raw/GSE80672/fastq/SRR3440660_1.fastq;/data/mouse_methyl/raw/GSE80672/fastq/SRR3440660_2.fastq
GSE80672,SRR3440661,GSM2132785,PAIRED,2,1;2,,complete_pair,6938270072,6.461768,/data/mouse_methyl/raw/GSE80672/fastq/SRR3440661_1.fastq;/data/mouse_methyl/raw/GSE80672/fastq/SRR3440661_2.fastq
GSE80672,SRR3440662,GSM2132786,PAIRED,2,1;2,,complete_pair,9250790392,8.61547,/data/mouse_methyl/raw/GSE80672/fastq/SRR3440662_1.fastq;/data/mouse_methyl/raw/GSE80672/fastq/SRR3440662_2.fastq
GSE80672,SRR3440663,GSM2132787,PAIRED,2,1;2,,complete_pair,6591608248,6.138914,/data/mouse_methyl/raw/GSE80672/fastq/SRR3440663_1.fastq;/data/mouse_methyl/raw/GSE80672/fastq/SRR3440663_2.fastq
GSE80672,SRR3440664,GSM2132788,PAIRED,2,1;2,,complete_pair,6966709560,6.488254,/data/mouse_methyl/raw/GSE80672/fastq/SRR3440664_1.fastq;/data/mouse_methyl/raw/GSE80672/fastq/SRR3440664_2.fastq
GSE80672,SRR3440665,GSM2132789,PAIRED,2,1;2,,complete_pair,7856800296,7.317215,/data/mouse_methyl/raw/GSE80672/fastq/SRR3440665_1.fastq;/data/mouse_methyl/raw/GSE80672/fastq/SRR3440665_2.fastq
GSE80672,SRR3440666,GSM2132790,PAIRED,2,1;2,,complete_pair,8904734552,8.29318,/data/mouse_methyl/raw/GSE80672/fastq/SRR3440666_1.fastq;/data/mouse_methyl/raw/GSE80672/fastq/SRR3440666_2.fastq
GSE80672,SRR3440667,GSM2132791,PAIRED,2,1;2,,complete_pair,5091460984,4.741793,/data/mouse_methyl/raw/GSE80672/fastq/SRR3440667_1.fastq;/data/mouse_methyl/raw/GSE80672/fastq/SRR3440667_2.fastq
GSE80672,SRR3440668,GSM2132792,PAIRED,2,1;2,,complete_pair,10302149896,9.594625,/data/mouse_methyl/raw/GSE80672/fastq/SRR3440668_1.fastq;/data/mouse_methyl/raw/GSE80672/fastq/SRR3440668_2.fastq
GSE80672,SRR3440669,GSM2132793,PAIRED,2,1;2,,complete_pair,7372586600,6.866256,/data/mouse_methyl/raw/GSE80672/fastq/SRR3440669_1.fastq;/data/mouse_methyl/raw/GSE80672/fastq/SRR3440669_2.fastq
GSE80672,SRR3440670,GSM2132794,PAIRED,2,1;2,,complete_pair,7799267544,7.263634,/data/mouse_methyl/raw/GSE80672/fastq/SRR3440670_1.fastq;/data/mouse_methyl/raw/GSE80672/fastq/SRR3440670_2.fastq
GSE80672,SRR3440686,GSM2132808,PAIRED,2,1;2,,complete_pair,9088806600,8.464611,/data/mouse_methyl/raw/GSE80672/fastq/SRR3440686_1.fastq;/data/mouse_methyl/raw/GSE80672/fastq/SRR3440686_2.fastq
GSE80672,SRR3440687,GSM2132809,PAIRED,2,1;2,,complete_pair,3991979928,3.717821,/data/mouse_methyl/raw/GSE80672/fastq/SRR3440687_1.fastq;/data/mouse_methyl/raw/GSE80672/fastq/SRR3440687_2.fastq
GSE80672,SRR3440688,GSM2132809,PAIRED,2,1;2,,complete_pair,4826990264,4.495485,/data/mouse_methyl/raw/GSE80672/fastq/SRR3440688_1.fastq;/data/mouse_methyl/raw/GSE80672/fastq/SRR3440688_2.fastq
GSE80672,SRR3440696,GSM2132815,PAIRED,2,1;2,,complete_pair,4927047224,4.58867,/data/mouse_methyl/raw/GSE80672/fastq/SRR3440696_1.fastq;/data/mouse_methyl/raw/GSE80672/fastq/SRR3440696_2.fastq
GSE80672,SRR3440698,GSM2132816,PAIRED,2,1;2,,complete_pair,5492896616,5.115659,/data/mouse_methyl/raw/GSE80672/fastq/SRR3440698_1.fastq;/data/mouse_methyl/raw/GSE80672/fastq/SRR3440698_2.fastq
GSE80672,SRR3440700,GSM2132817,PAIRED,2,1;2,,complete_pair,4669717464,4.349013,/data/mouse_methyl/raw/GSE80672/fastq/SRR3440700_1.fastq;/data/mouse_methyl/raw/GSE80672/fastq/SRR3440700_2.fastq
GSE80672,SRR3440701,GSM2132817,PAIRED,2,1;2,,complete_pair,6280721752,5.849378,/data/mouse_methyl/raw/GSE80672/fastq/SRR3440701_1.fastq;/data/mouse_methyl/raw/GSE80672/fastq/SRR3440701_2.fastq
GSE80672,SRR3440702,GSM2132818,PAIRED,2,1;2,,complete_pair,925601544,0.862034,/data/mouse_methyl/raw/GSE80672/fastq/SRR3440702_1.fastq;/data/mouse_methyl/raw/GSE80672/fastq/SRR3440702_2.fastq
GSE80672,SRR3440703,GSM2132818,PAIRED,2,1;2,,complete_pair,4413729768,4.110606,/data/mouse_methyl/raw/GSE80672/fastq/SRR3440703_1.fastq;/data/mouse_methyl/raw/GSE80672/fastq/SRR3440703_2.fastq
GSE80672,SRR3440713,GSM2132827,PAIRED,2,1;2,,complete_pair,6286690648,5.854937,/data/mouse_methyl/raw/GSE80672/fastq/SRR3440713_1.fastq;/data/mouse_methyl/raw/GSE80672/fastq/SRR3440713_2.fastq
GSE80672,SRR3440715,GSM2132828,PAIRED,2,1;2,,complete_pair,5708702088,5.316643,/data/mouse_methyl/raw/GSE80672/fastq/SRR3440715_1.fastq;/data/mouse_methyl/raw/GSE80672/fastq/SRR3440715_2.fastq
GSE80672,SRR3440716,GSM2132829,PAIRED,2,1;2,,complete_pair,4669528152,4.348837,/data/mouse_methyl/raw/GSE80672/fastq/SRR3440716_1.fastq;/data/mouse_methyl/raw/GSE80672/fastq/SRR3440716_2.fastq
GSE80672,SRR3440717,GSM2132829,PAIRED,2,1;2,,complete_pair,5130704248,4.778341,/data/mouse_methyl/raw/GSE80672/fastq/SRR3440717_1.fastq;/data/mouse_methyl/raw/GSE80672/fastq/SRR3440717_2.fastq
GSE80672,SRR3440718,GSM2132830,PAIRED,2,1;2,,complete_pair,5436576296,5.063206,/data/mouse_methyl/raw/GSE80672/fastq/SRR3440718_1.fastq;/data/mouse_methyl/raw/GSE80672/fastq/SRR3440718_2.fastq
GSE80672,SRR3440721,GSM2132832,PAIRED,2,1;2,,complete_pair,9009359592,8.39062,/data/mouse_methyl/raw/GSE80672/fastq/SRR3440721_1.fastq;/data/mouse_methyl/raw/GSE80672/fastq/SRR3440721_2.fastq
GSE80672,SRR3440724,GSM2132834,PAIRED,2,1;2,,complete_pair,8459322392,7.878358,/data/mouse_methyl/raw/GSE80672/fastq/SRR3440724_1.fastq;/data/mouse_methyl/raw/GSE80672/fastq/SRR3440724_2.fastq
GSE80672,SRR3440728,GSM2132837,PAIRED,2,1;2,,complete_pair,6236702072,5.808381,/data/mouse_methyl/raw/GSE80672/fastq/SRR3440728_1.fastq;/data/mouse_methyl/raw/GSE80672/fastq/SRR3440728_2.fastq
GSE80672,SRR3440729,GSM2132837,PAIRED,2,1;2,,complete_pair,6139926520,5.718252,/data/mouse_methyl/raw/GSE80672/fastq/SRR3440729_1.fastq;/data/mouse_methyl/raw/GSE80672/fastq/SRR3440729_2.fastq
GSE80672,SRR3440731,GSM2132839,PAIRED,2,1;2,,complete_pair,9035156136,8.414645,/data/mouse_methyl/raw/GSE80672/fastq/SRR3440731_1.fastq;/data/mouse_methyl/raw/GSE80672/fastq/SRR3440731_2.fastq
GSE80672,SRR3440732,GSM2132839,PAIRED,2,1;2,,complete_pair,10685961416,9.952077,/data/mouse_methyl/raw/GSE80672/fastq/SRR3440732_1.fastq;/data/mouse_methyl/raw/GSE80672/fastq/SRR3440732_2.fastq
GSE80672,SRR3440733,GSM2132840,PAIRED,2,1;2,,complete_pair,9538651816,8.883562,/data/mouse_methyl/raw/GSE80672/fastq/SRR3440733_1.fastq;/data/mouse_methyl/raw/GSE80672/fastq/SRR3440733_2.fastq
GSE80672,SRR3440737,GSM2132844,PAIRED,2,1;2,,complete_pair,8861542648,8.252955,/data/mouse_methyl/raw/GSE80672/fastq/SRR3440737_1.fastq;/data/mouse_methyl/raw/GSE80672/fastq/SRR3440737_2.fastq
GSE80672,SRR3440738,GSM2132845,PAIRED,2,1;2,,complete_pair,8859905656,8.25143,/data/mouse_methyl/raw/GSE80672/fastq/SRR3440738_1.fastq;/data/mouse_methyl/raw/GSE80672/fastq/SRR3440738_2.fastq
GSE80672,SRR3440739,GSM2132846,PAIRED,2,1;2,,complete_pair,10387601528,9.674208,/data/mouse_methyl/raw/GSE80672/fastq/SRR3440739_1.fastq;/data/mouse_methyl/raw/GSE80672/fastq/SRR3440739_2.fastq
GSE80672,SRR3440740,GSM2132847,PAIRED,2,1;2,,complete_pair,9171574456,8.541694,/data/mouse_methyl/raw/GSE80672/fastq/SRR3440740_1.fastq;/data/mouse_methyl/raw/GSE80672/fastq/SRR3440740_2.fastq
GSE80672,SRR3440742,GSM2132848,PAIRED,2,1;2,,complete_pair,8565570968,7.97731,/data/mouse_methyl/raw/GSE80672/fastq/SRR3440742_1.fastq;/data/mouse_methyl/raw/GSE80672/fastq/SRR3440742_2.fastq
GSE80672,SRR3440743,GSM2132848,PAIRED,2,1;2,,complete_pair,9256261880,8.620566,/data/mouse_methyl/raw/GSE80672/fastq/SRR3440743_1.fastq;/data/mouse_methyl/raw/GSE80672/fastq/SRR3440743_2.fastq
GSE80672,SRR3440744,GSM2132849,PAIRED,2,1;2,,complete_pair,8191862584,7.629267,/data/mouse_methyl/raw/GSE80672/fastq/SRR3440744_1.fastq;/data/mouse_methyl/raw/GSE80672/fastq/SRR3440744_2.fastq
GSE80672,SRR3440745,GSM2132849,PAIRED,2,1;2,,complete_pair,7601843896,7.079769,/data/mouse_methyl/raw/GSE80672/fastq/SRR3440745_1.fastq;/data/mouse_methyl/raw/GSE80672/fastq/SRR3440745_2.fastq
GSE80672,SRR3440746,GSM2132850,PAIRED,2,1;2,,complete_pair,8847430088,8.239811,/data/mouse_methyl/raw/GSE80672/fastq/SRR3440746_1.fastq;/data/mouse_methyl/raw/GSE80672/fastq/SRR3440746_2.fastq
GSE80672,SRR3440748,GSM2132851,PAIRED,2,1;2,,complete_pair,279770168,0.260556,/data/mouse_methyl/raw/GSE80672/fastq/SRR3440748_1.fastq;/data/mouse_methyl/raw/GSE80672/fastq/SRR3440748_2.fastq
GSE80672,SRR3440750,GSM2132852,PAIRED,2,1;2,,complete_pair,4981780664,4.639645,/data/mouse_methyl/raw/GSE80672/fastq/SRR3440750_1.fastq;/data/mouse_methyl/raw/GSE80672/fastq/SRR3440750_2.fastq
GSE80672,SRR3440752,GSM2132853,PAIRED,2,1;2,,complete_pair,7275701080,6.776025,/data/mouse_methyl/raw/GSE80672/fastq/SRR3440752_1.fastq;/data/mouse_methyl/raw/GSE80672/fastq/SRR3440752_2.fastq
GSE80672,SRR3440753,GSM2132853,PAIRED,2,1;2,,complete_pair,7833985416,7.295967,/data/mouse_methyl/raw/GSE80672/fastq/SRR3440753_1.fastq;/data/mouse_methyl/raw/GSE80672/fastq/SRR3440753_2.fastq
GSE80672,SRR3440754,GSM2132854,PAIRED,2,1;2,,complete_pair,6872662792,6.400666,/data/mouse_methyl/raw/GSE80672/fastq/SRR3440754_1.fastq;/data/mouse_methyl/raw/GSE80672/fastq/SRR3440754_2.fastq
GSE80672,SRR3440755,GSM2132854,PAIRED,2,1;2,,complete_pair,7409645352,6.90077,/data/mouse_methyl/raw/GSE80672/fastq/SRR3440755_1.fastq;/data/mouse_methyl/raw/GSE80672/fastq/SRR3440755_2.fastq
GSE80672,SRR3440759,GSM2132857,PAIRED,2,1;2,,complete_pair,9826926200,9.152038,/data/mouse_methyl/raw/GSE80672/fastq/SRR3440759_1.fastq;/data/mouse_methyl/raw/GSE80672/fastq/SRR3440759_2.fastq
GSE80672,SRR3440760,GSM2132858,PAIRED,2,1;2,,complete_pair,5230923608,4.871677,/data/mouse_methyl/raw/GSE80672/fastq/SRR3440760_1.fastq;/data/mouse_methyl/raw/GSE80672/fastq/SRR3440760_2.fastq
GSE80672,SRR3440761,GSM2132858,PAIRED,2,1;2,,complete_pair,6420705448,5.979748,/data/mouse_methyl/raw/GSE80672/fastq/SRR3440761_1.fastq;/data/mouse_methyl/raw/GSE80672/fastq/SRR3440761_2.fastq
GSE80672,SRR3440764,GSM2132861,PAIRED,2,1;2,,complete_pair,8567944792,7.97952,/data/mouse_methyl/raw/GSE80672/fastq/SRR3440764_1.fastq;/data/mouse_methyl/raw/GSE80672/fastq/SRR3440764_2.fastq
GSE80672,SRR3440766,GSM2132863,PAIRED,2,1;2,,complete_pair,7881453544,7.340176,/data/mouse_methyl/raw/GSE80672/fastq/SRR3440766_1.fastq;/data/mouse_methyl/raw/GSE80672/fastq/SRR3440766_2.fastq
GSE80672,SRR3440767,GSM2132864,PAIRED,2,1;2,,complete_pair,10980368952,10.226265,/data/mouse_methyl/raw/GSE80672/fastq/SRR3440767_1.fastq;/data/mouse_methyl/raw/GSE80672/fastq/SRR3440767_2.fastq
GSE80672,SRR3440768,GSM2132865,PAIRED,2,1;2,,complete_pair,9887622968,9.208566,/data/mouse_methyl/raw/GSE80672/fastq/SRR3440768_1.fastq;/data/mouse_methyl/raw/GSE80672/fastq/SRR3440768_2.fastq
GSE80672,SRR3440770,GSM2132867,PAIRED,2,1;2,,complete_pair,9164846920,8.535429,/data/mouse_methyl/raw/GSE80672/fastq/SRR3440770_1.fastq;/data/mouse_methyl/raw/GSE80672/fastq/SRR3440770_2.fastq
GSE80672,SRR3440773,GSM2132869,PAIRED,2,1;2,,complete_pair,8711701736,8.113404,/data/mouse_methyl/raw/GSE80672/fastq/SRR3440773_1.fastq;/data/mouse_methyl/raw/GSE80672/fastq/SRR3440773_2.fastq
GSE80672,SRR3440774,GSM2132870,PAIRED,2,1;2,,complete_pair,10154402552,9.457024,/data/mouse_methyl/raw/GSE80672/fastq/SRR3440774_1.fastq;/data/mouse_methyl/raw/GSE80672/fastq/SRR3440774_2.fastq
GSE80672,SRR3440807,GSM2132889,PAIRED,2,1;2,,complete_pair,285031480,0.265456,/data/mouse_methyl/raw/GSE80672/fastq/SRR3440807_1.fastq;/data/mouse_methyl/raw/GSE80672/fastq/SRR3440807_2.fastq
GSE80672,SRR3440809,GSM2132890,PAIRED,2,1;2,,complete_pair,4222945752,3.932925,/data/mouse_methyl/raw/GSE80672/fastq/SRR3440809_1.fastq;/data/mouse_methyl/raw/GSE80672/fastq/SRR3440809_2.fastq
GSE80672,SRR3440810,GSM2132890,PAIRED,2,1;2,,complete_pair,7367944280,6.861933,/data/mouse_methyl/raw/GSE80672/fastq/SRR3440810_1.fastq;/data/mouse_methyl/raw/GSE80672/fastq/SRR3440810_2.fastq
GSE80672,SRR3440812,GSM2132892,PAIRED,2,1;2,,complete_pair,3232725792,3.010711,/data/mouse_methyl/raw/GSE80672/fastq/SRR3440812_1.fastq;/data/mouse_methyl/raw/GSE80672/fastq/SRR3440812_2.fastq
GSE80672,SRR3440813,GSM2132892,PAIRED,2,1;2,,complete_pair,7083522952,6.597045,/data/mouse_methyl/raw/GSE80672/fastq/SRR3440813_1.fastq;/data/mouse_methyl/raw/GSE80672/fastq/SRR3440813_2.fastq
GSE80672,SRR3440814,GSM2132893,PAIRED,2,1;2,,complete_pair,7190916680,6.697063,/data/mouse_methyl/raw/GSE80672/fastq/SRR3440814_1.fastq;/data/mouse_methyl/raw/GSE80672/fastq/SRR3440814_2.fastq
GSE80672,SRR3440815,GSM2132893,PAIRED,2,1;2,,complete_pair,7534115208,7.016692,/data/mouse_methyl/raw/GSE80672/fastq/SRR3440815_1.fastq;/data/mouse_methyl/raw/GSE80672/fastq/SRR3440815_2.fastq
GSE80672,SRR3440816,GSM2132894,PAIRED,2,1;2,,complete_pair,10173833944,9.475121,/data/mouse_methyl/raw/GSE80672/fastq/SRR3440816_1.fastq;/data/mouse_methyl/raw/GSE80672/fastq/SRR3440816_2.fastq
GSE80672,SRR3440818,GSM2132896,PAIRED,2,1;2,,complete_pair,6791407112,6.324991,/data/mouse_methyl/raw/GSE80672/fastq/SRR3440818_1.fastq;/data/mouse_methyl/raw/GSE80672/fastq/SRR3440818_2.fastq
GSE80672,SRR3440819,GSM2132896,PAIRED,2,1;2,,complete_pair,6348986824,5.912955,/data/mouse_methyl/raw/GSE80672/fastq/SRR3440819_1.fastq;/data/mouse_methyl/raw/GSE80672/fastq/SRR3440819_2.fastq
GSE80672,SRR3440820,GSM2132897,PAIRED,2,1;2,,complete_pair,4531182144,4.219992,/data/mouse_methyl/raw/GSE80672/fastq/SRR3440820_1.fastq;/data/mouse_methyl/raw/GSE80672/fastq/SRR3440820_2.fastq
GSE80672,SRR3440821,GSM2132897,PAIRED,2,1;2,,complete_pair,4484249712,4.176283,/data/mouse_methyl/raw/GSE80672/fastq/SRR3440821_1.fastq;/data/mouse_methyl/raw/GSE80672/fastq/SRR3440821_2.fastq
GSE80672,SRR3440822,GSM2132898,PAIRED,2,1;2,,complete_pair,9680308696,9.01549,/data/mouse_methyl/raw/GSE80672/fastq/SRR3440822_1.fastq;/data/mouse_methyl/raw/GSE80672/fastq/SRR3440822_2.fastq
GSE80672,SRR3440824,GSM2132899,PAIRED,2,1;2,,complete_pair,9056386920,8.434418,/data/mouse_methyl/raw/GSE80672/fastq/SRR3440824_1.fastq;/data/mouse_methyl/raw/GSE80672/fastq/SRR3440824_2.fastq
GSE80672,SRR3440826,GSM2132900,PAIRED,2,1;2,,complete_pair,230052024,0.214253,/data/mouse_methyl/raw/GSE80672/fastq/SRR3440826_1.fastq;/data/mouse_methyl/raw/GSE80672/fastq/SRR3440826_2.fastq
GSE80672,SRR3440828,GSM2132901,PAIRED,2,1;2,,complete_pair,7111659448,6.623249,/data/mouse_methyl/raw/GSE80672/fastq/SRR3440828_1.fastq;/data/mouse_methyl/raw/GSE80672/fastq/SRR3440828_2.fastq
GSE80672,SRR3440829,GSM2132901,PAIRED,2,1;2,,complete_pair,8099317784,7.543077,/data/mouse_methyl/raw/GSE80672/fastq/SRR3440829_1.fastq;/data/mouse_methyl/raw/GSE80672/fastq/SRR3440829_2.fastq
GSE80672,SRR3440830,GSM2132902,PAIRED,2,1;2,,complete_pair,6364141064,5.927068,/data/mouse_methyl/raw/GSE80672/fastq/SRR3440830_1.fastq;/data/mouse_methyl/raw/GSE80672/fastq/SRR3440830_2.fastq
GSE80672,SRR3440831,GSM2132902,PAIRED,2,1;2,,complete_pair,6874860760,6.402713,/data/mouse_methyl/raw/GSE80672/fastq/SRR3440831_1.fastq;/data/mouse_methyl/raw/GSE80672/fastq/SRR3440831_2.fastq
GSE80672,SRR3440832,GSM2132903,PAIRED,2,1;2,,complete_pair,11793468632,10.983524,/data/mouse_methyl/raw/GSE80672/fastq/SRR3440832_1.fastq;/data/mouse_methyl/raw/GSE80672/fastq/SRR3440832_2.fastq
GSE80672,SRR3440833,GSM2132904,PAIRED,2,1;2,,complete_pair,5751465720,5.35647,/data/mouse_methyl/raw/GSE80672/fastq/SRR3440833_1.fastq;/data/mouse_methyl/raw/GSE80672/fastq/SRR3440833_2.fastq
GSE80672,SRR3440834,GSM2132904,PAIRED,2,1;2,,complete_pair,8649724328,8.055684,/data/mouse_methyl/raw/GSE80672/fastq/SRR3440834_1.fastq;/data/mouse_methyl/raw/GSE80672/fastq/SRR3440834_2.fastq
GSE80672,SRR3440835,GSM2132905,PAIRED,2,1;2,,complete_pair,5900973944,5.49571,/data/mouse_methyl/raw/GSE80672/fastq/SRR3440835_1.fastq;/data/mouse_methyl/raw/GSE80672/fastq/SRR3440835_2.fastq
GSE80672,SRR3440840,GSM2132908,PAIRED,2,1;2,,complete_pair,6714807672,6.253652,/data/mouse_methyl/raw/GSE80672/fastq/SRR3440840_1.fastq;/data/mouse_methyl/raw/GSE80672/fastq/SRR3440840_2.fastq
GSE80672,SRR3440841,GSM2132908,PAIRED,2,1;2,,complete_pair,7158710904,6.667069,/data/mouse_methyl/raw/GSE80672/fastq/SRR3440841_1.fastq;/data/mouse_methyl/raw/GSE80672/fastq/SRR3440841_2.fastq
GSE80672,SRR3440842,GSM2132909,PAIRED,2,1;2,,complete_pair,4945035576,4.605423,/data/mouse_methyl/raw/GSE80672/fastq/SRR3440842_1.fastq;/data/mouse_methyl/raw/GSE80672/fastq/SRR3440842_2.fastq
GSE80672,SRR3440843,GSM2132909,PAIRED,2,1;2,,complete_pair,4978968824,4.637026,/data/mouse_methyl/raw/GSE80672/fastq/SRR3440843_1.fastq;/data/mouse_methyl/raw/GSE80672/fastq/SRR3440843_2.fastq
GSE80672,SRR3440844,GSM2132910,PAIRED,2,1;2,,complete_pair,10151969800,9.454759,/data/mouse_methyl/raw/GSE80672/fastq/SRR3440844_1.fastq;/data/mouse_methyl/raw/GSE80672/fastq/SRR3440844_2.fastq
GSE80672,SRR3440847,GSM2132912,PAIRED,2,1;2,,complete_pair,12353467912,11.505064,/data/mouse_methyl/raw/GSE80672/fastq/SRR3440847_1.fastq;/data/mouse_methyl/raw/GSE80672/fastq/SRR3440847_2.fastq
GSE80672,SRR3440848,GSM2132913,PAIRED,2,1;2,,complete_pair,5779186936,5.382287,/data/mouse_methyl/raw/GSE80672/fastq/SRR3440848_1.fastq;/data/mouse_methyl/raw/GSE80672/fastq/SRR3440848_2.fastq
GSE80672,SRR3440849,GSM2132913,PAIRED,2,1;2,,complete_pair,5867061112,5.464126,/data/mouse_methyl/raw/GSE80672/fastq/SRR3440849_1.fastq;/data/mouse_methyl/raw/GSE80672/fastq/SRR3440849_2.fastq
GSE80672,SRR3440850,GSM2132914,PAIRED,2,1;2,,complete_pair,5564899672,5.182717,/data/mouse_methyl/raw/GSE80672/fastq/SRR3440850_1.fastq;/data/mouse_methyl/raw/GSE80672/fastq/SRR3440850_2.fastq
GSE80672,SRR3440851,GSM2132914,PAIRED,2,1;2,,complete_pair,9702774184,9.036413,/data/mouse_methyl/raw/GSE80672/fastq/SRR3440851_1.fastq;/data/mouse_methyl/raw/GSE80672/fastq/SRR3440851_2.fastq
GSE80672,SRR3440852,GSM2132915,PAIRED,2,1;2,,complete_pair,6995177816,6.514767,/data/mouse_methyl/raw/GSE80672/fastq/SRR3440852_1.fastq;/data/mouse_methyl/raw/GSE80672/fastq/SRR3440852_2.fastq
GSE80672,SRR3440853,GSM2132916,PAIRED,2,1;2,,complete_pair,8167165720,7.606266,/data/mouse_methyl/raw/GSE80672/fastq/SRR3440853_1.fastq;/data/mouse_methyl/raw/GSE80672/fastq/SRR3440853_2.fastq
GSE80672,SRR3440855,GSM2132917,PAIRED,2,1;2,,complete_pair,5282272632,4.9195,/data/mouse_methyl/raw/GSE80672/fastq/SRR3440855_1.fastq;/data/mouse_methyl/raw/GSE80672/fastq/SRR3440855_2.fastq
GSE80672,SRR3440856,GSM2132917,PAIRED,2,1;2,,complete_pair,5984813640,5.573792,/data/mouse_methyl/raw/GSE80672/fastq/SRR3440856_1.fastq;/data/mouse_methyl/raw/GSE80672/fastq/SRR3440856_2.fastq
GSE80672,SRR3440857,GSM2132918,PAIRED,2,1;2,,complete_pair,5763511160,5.367688,/data/mouse_methyl/raw/GSE80672/fastq/SRR3440857_1.fastq;/data/mouse_methyl/raw/GSE80672/fastq/SRR3440857_2.fastq
GSE80672,SRR3440858,GSM2132918,PAIRED,2,1;2,,complete_pair,6168692200,5.745042,/data/mouse_methyl/raw/GSE80672/fastq/SRR3440858_1.fastq;/data/mouse_methyl/raw/GSE80672/fastq/SRR3440858_2.fastq
GSE80672,SRR3440859,GSM2132919,PAIRED,2,1;2,,complete_pair,5936164168,5.528484,/data/mouse_methyl/raw/GSE80672/fastq/SRR3440859_1.fastq;/data/mouse_methyl/raw/GSE80672/fastq/SRR3440859_2.fastq
GSE80672,SRR3440860,GSM2132919,PAIRED,2,1;2,,complete_pair,8697288040,8.099981,/data/mouse_methyl/raw/GSE80672/fastq/SRR3440860_1.fastq;/data/mouse_methyl/raw/GSE80672/fastq/SRR3440860_2.fastq
GSE80672,SRR3440861,GSM2132920,PAIRED,2,1;2,,complete_pair,8100200312,7.543899,/data/mouse_methyl/raw/GSE80672/fastq/SRR3440861_1.fastq;/data/mouse_methyl/raw/GSE80672/fastq/SRR3440861_2.fastq
GSE80672,SRR3440863,GSM2132921,PAIRED,2,1;2,,complete_pair,217254904,0.202334,/data/mouse_methyl/raw/GSE80672/fastq/SRR3440863_1.fastq;/data/mouse_methyl/raw/GSE80672/fastq/SRR3440863_2.fastq
GSE80672,SRR3440864,GSM2132921,PAIRED,2,1;2,,complete_pair,6992856424,6.512605,/data/mouse_methyl/raw/GSE80672/fastq/SRR3440864_1.fastq;/data/mouse_methyl/raw/GSE80672/fastq/SRR3440864_2.fastq
GSE80672,SRR3440865,GSM2132922,PAIRED,2,1;2,,complete_pair,7804703768,7.268697,/data/mouse_methyl/raw/GSE80672/fastq/SRR3440865_1.fastq;/data/mouse_methyl/raw/GSE80672/fastq/SRR3440865_2.fastq
GSE80672,SRR3440866,GSM2132922,PAIRED,2,1;2,,complete_pair,9250230344,8.614948,/data/mouse_methyl/raw/GSE80672/fastq/SRR3440866_1.fastq;/data/mouse_methyl/raw/GSE80672/fastq/SRR3440866_2.fastq
GSE80672,SRR3440867,GSM2132923,PAIRED,2,1;2,,complete_pair,8923839288,8.310973,/data/mouse_methyl/raw/GSE80672/fastq/SRR3440867_1.fastq;/data/mouse_methyl/raw/GSE80672/fastq/SRR3440867_2.fastq
GSE80672,SRR3440868,GSM2132923,PAIRED,2,1;2,,complete_pair,7936835192,7.391754,/data/mouse_methyl/raw/GSE80672/fastq/SRR3440868_1.fastq;/data/mouse_methyl/raw/GSE80672/fastq/SRR3440868_2.fastq
GSE80672,SRR3440869,GSM2132924,PAIRED,2,1;2,,complete_pair,10395135496,9.681224,/data/mouse_methyl/raw/GSE80672/fastq/SRR3440869_1.fastq;/data/mouse_methyl/raw/GSE80672/fastq/SRR3440869_2.fastq
GSE80672,SRR3440870,GSM2132925,PAIRED,2,1;2,,complete_pair,5512996168,5.134378,/data/mouse_methyl/raw/GSE80672/fastq/SRR3440870_1.fastq;/data/mouse_methyl/raw/GSE80672/fastq/SRR3440870_2.fastq
GSE80672,SRR3440871,GSM2132925,PAIRED,2,1;2,,complete_pair,6472161656,6.02767,/data/mouse_methyl/raw/GSE80672/fastq/SRR3440871_1.fastq;/data/mouse_methyl/raw/GSE80672/fastq/SRR3440871_2.fastq
GSE80672,SRR3440872,GSM2132926,PAIRED,2,1;2,,complete_pair,6550275128,6.100419,/data/mouse_methyl/raw/GSE80672/fastq/SRR3440872_1.fastq;/data/mouse_methyl/raw/GSE80672/fastq/SRR3440872_2.fastq
GSE80672,SRR3440873,GSM2132926,PAIRED,2,1;2,,complete_pair,8597433848,8.006984,/data/mouse_methyl/raw/GSE80672/fastq/SRR3440873_1.fastq;/data/mouse_methyl/raw/GSE80672/fastq/SRR3440873_2.fastq
GSE80672,SRR3440874,GSM2132927,PAIRED,2,1;2,,complete_pair,5462439656,5.087293,/data/mouse_methyl/raw/GSE80672/fastq/SRR3440874_1.fastq;/data/mouse_methyl/raw/GSE80672/fastq/SRR3440874_2.fastq
GSE80672,SRR3440875,GSM2132927,PAIRED,2,1;2,,complete_pair,7979416008,7.43141,/data/mouse_methyl/raw/GSE80672/fastq/SRR3440875_1.fastq;/data/mouse_methyl/raw/GSE80672/fastq/SRR3440875_2.fastq
GSE80672,SRR3440876,GSM2132928,PAIRED,2,1;2,,complete_pair,6659150408,6.201817,/data/mouse_methyl/raw/GSE80672/fastq/SRR3440876_1.fastq;/data/mouse_methyl/raw/GSE80672/fastq/SRR3440876_2.fastq
GSE80672,SRR3440877,GSM2132928,PAIRED,2,1;2,,complete_pair,9141800040,8.513965,/data/mouse_methyl/raw/GSE80672/fastq/SRR3440877_1.fastq;/data/mouse_methyl/raw/GSE80672/fastq/SRR3440877_2.fastq
GSE80672,SRR3440878,GSM2132929,PAIRED,2,1;2,,complete_pair,10801333624,10.059526,/data/mouse_methyl/raw/GSE80672/fastq/SRR3440878_1.fastq;/data/mouse_methyl/raw/GSE80672/fastq/SRR3440878_2.fastq
GSE80672,SRR3440879,GSM2132930,PAIRED,2,1;2,,complete_pair,4801752376,4.47198,/data/mouse_methyl/raw/GSE80672/fastq/SRR3440879_1.fastq;/data/mouse_methyl/raw/GSE80672/fastq/SRR3440879_2.fastq
GSE80672,SRR3440880,GSM2132930,PAIRED,2,1;2,,complete_pair,8370864504,7.795975,/data/mouse_methyl/raw/GSE80672/fastq/SRR3440880_1.fastq;/data/mouse_methyl/raw/GSE80672/fastq/SRR3440880_2.fastq
GSE80672,SRR3440882,GSM2132932,PAIRED,2,1;2,,complete_pair,9260138136,8.624176,/data/mouse_methyl/raw/GSE80672/fastq/SRR3440882_1.fastq;/data/mouse_methyl/raw/GSE80672/fastq/SRR3440882_2.fastq
GSE80672,SRR3440884,GSM2132933,PAIRED,2,1;2,,complete_pair,10353900280,9.642821,/data/mouse_methyl/raw/GSE80672/fastq/SRR3440884_1.fastq;/data/mouse_methyl/raw/GSE80672/fastq/SRR3440884_2.fastq
GSE80672,SRR3440886,GSM2132934,PAIRED,2,1;2,,complete_pair,6920040904,6.44479,/data/mouse_methyl/raw/GSE80672/fastq/SRR3440886_1.fastq;/data/mouse_methyl/raw/GSE80672/fastq/SRR3440886_2.fastq
GSE80672,SRR3440887,GSM2132934,PAIRED,2,1;2,,complete_pair,6742080200,6.279051,/data/mouse_methyl/raw/GSE80672/fastq/SRR3440887_1.fastq;/data/mouse_methyl/raw/GSE80672/fastq/SRR3440887_2.fastq
GSE80672,SRR3440888,GSM2132935,PAIRED,2,1;2,,complete_pair,6298115720,5.865577,/data/mouse_methyl/raw/GSE80672/fastq/SRR3440888_1.fastq;/data/mouse_methyl/raw/GSE80672/fastq/SRR3440888_2.fastq
GSE80672,SRR3440889,GSM2132935,PAIRED,2,1;2,,complete_pair,6653088248,6.196171,/data/mouse_methyl/raw/GSE80672/fastq/SRR3440889_1.fastq;/data/mouse_methyl/raw/GSE80672/fastq/SRR3440889_2.fastq
GSE80672,SRR3440893,GSM2132938,PAIRED,2,1;2,,complete_pair,7616932248,7.093821,/data/mouse_methyl/raw/GSE80672/fastq/SRR3440893_1.fastq;/data/mouse_methyl/raw/GSE80672/fastq/SRR3440893_2.fastq
GSE80672,SRR3440894,GSM2132939,PAIRED,2,1;2,,complete_pair,11735279784,10.929331,/data/mouse_methyl/raw/GSE80672/fastq/SRR3440894_1.fastq;/data/mouse_methyl/raw/GSE80672/fastq/SRR3440894_2.fastq
GSE80672,SRR3440895,GSM2132939,PAIRED,2,1;2,,complete_pair,11329022264,10.550974,/data/mouse_methyl/raw/GSE80672/fastq/SRR3440895_1.fastq;/data/mouse_methyl/raw/GSE80672/fastq/SRR3440895_2.fastq
GSE80672,SRR3440896,GSM2132940,PAIRED,2,1;2,,complete_pair,9940438232,9.257755,/data/mouse_methyl/raw/GSE80672/fastq/SRR3440896_1.fastq;/data/mouse_methyl/raw/GSE80672/fastq/SRR3440896_2.fastq
GSE80672,SRR3440898,GSM2132941,PAIRED,2,1;2,,complete_pair,6043668328,5.628605,/data/mouse_methyl/raw/GSE80672/fastq/SRR3440898_1.fastq;/data/mouse_methyl/raw/GSE80672/fastq/SRR3440898_2.fastq
GSE80672,SRR3440899,GSM2132941,PAIRED,2,1;2,,complete_pair,6216470280,5.789539,/data/mouse_methyl/raw/GSE80672/fastq/SRR3440899_1.fastq;/data/mouse_methyl/raw/GSE80672/fastq/SRR3440899_2.fastq
GSE80672,SRR3440900,GSM2132942,PAIRED,2,1;2,,complete_pair,2947115208,2.744715,/data/mouse_methyl/raw/GSE80672/fastq/SRR3440900_1.fastq;/data/mouse_methyl/raw/GSE80672/fastq/SRR3440900_2.fastq
GSE80672,SRR3440901,GSM2132942,PAIRED,2,1;2,,complete_pair,5898536552,5.49344,/data/mouse_methyl/raw/GSE80672/fastq/SRR3440901_1.fastq;/data/mouse_methyl/raw/GSE80672/fastq/SRR3440901_2.fastq
GSE80672,SRR3440902,GSM2132943,PAIRED,2,1;2,,complete_pair,9366403416,8.723143,/data/mouse_methyl/raw/GSE80672/fastq/SRR3440902_1.fastq;/data/mouse_methyl/raw/GSE80672/fastq/SRR3440902_2.fastq
GSE80672,SRR3440904,GSM2132944,PAIRED,2,1;2,,complete_pair,5877971608,5.474288,/data/mouse_methyl/raw/GSE80672/fastq/SRR3440904_1.fastq;/data/mouse_methyl/raw/GSE80672/fastq/SRR3440904_2.fastq
GSE80672,SRR3440905,GSM2132944,PAIRED,2,1;2,,complete_pair,6586767336,6.134405,/data/mouse_methyl/raw/GSE80672/fastq/SRR3440905_1.fastq;/data/mouse_methyl/raw/GSE80672/fastq/SRR3440905_2.fastq
GSE80672,SRR3440907,GSM2132946,PAIRED,2,1;2,,complete_pair,7230251352,6.733696,/data/mouse_methyl/raw/GSE80672/fastq/SRR3440907_1.fastq;/data/mouse_methyl/raw/GSE80672/fastq/SRR3440907_2.fastq
GSE80672,SRR3440908,GSM2132946,PAIRED,2,1;2,,complete_pair,9971487256,9.286671,/data/mouse_methyl/raw/GSE80672/fastq/SRR3440908_1.fastq;/data/mouse_methyl/raw/GSE80672/fastq/SRR3440908_2.fastq
GSE80672,SRR3440909,GSM2132947,PAIRED,2,1;2,,complete_pair,5567412696,5.185057,/data/mouse_methyl/raw/GSE80672/fastq/SRR3440909_1.fastq;/data/mouse_methyl/raw/GSE80672/fastq/SRR3440909_2.fastq
GSE80672,SRR3440910,GSM2132947,PAIRED,2,1;2,,complete_pair,8891256744,8.280628,/data/mouse_methyl/raw/GSE80672/fastq/SRR3440910_1.fastq;/data/mouse_methyl/raw/GSE80672/fastq/SRR3440910_2.fastq
GSE80672,SRR3440911,GSM2132948,PAIRED,2,1;2,,complete_pair,9301534824,8.662729,/data/mouse_methyl/raw/GSE80672/fastq/SRR3440911_1.fastq;/data/mouse_methyl/raw/GSE80672/fastq/SRR3440911_2.fastq
GSE80672,SRR3440912,GSM2132949,PAIRED,2,1;2,,complete_pair,9422837416,8.775701,/data/mouse_methyl/raw/GSE80672/fastq/SRR3440912_1.fastq;/data/mouse_methyl/raw/GSE80672/fastq/SRR3440912_2.fastq
GSE80672,SRR3440913,GSM2132949,PAIRED,2,1;2,,complete_pair,14353657768,13.367886,/data/mouse_methyl/raw/GSE80672/fastq/SRR3440913_1.fastq;/data/mouse_methyl/raw/GSE80672/fastq/SRR3440913_2.fastq
GSE80672,SRR3440915,GSM2132950,PAIRED,2,1;2,,complete_pair,9132423528,8.505232,/data/mouse_methyl/raw/GSE80672/fastq/SRR3440915_1.fastq;/data/mouse_methyl/raw/GSE80672/fastq/SRR3440915_2.fastq
GSE80672,SRR3440916,GSM2132951,PAIRED,2,1;2,,complete_pair,11278602168,10.504017,/data/mouse_methyl/raw/GSE80672/fastq/SRR3440916_1.fastq;/data/mouse_methyl/raw/GSE80672/fastq/SRR3440916_2.fastq
GSE80672,SRR3440917,GSM2132952,PAIRED,2,1;2,,complete_pair,205020920,0.190941,/data/mouse_methyl/raw/GSE80672/fastq/SRR3440917_1.fastq;/data/mouse_methyl/raw/GSE80672/fastq/SRR3440917_2.fastq
GSE80672,SRR3440918,GSM2132952,PAIRED,2,1;2,,complete_pair,7663395352,7.137093,/data/mouse_methyl/raw/GSE80672/fastq/SRR3440918_1.fastq;/data/mouse_methyl/raw/GSE80672/fastq/SRR3440918_2.fastq
GSE80672,SRR3440919,GSM2132953,PAIRED,2,1;2,,complete_pair,12671738040,11.801476,/data/mouse_methyl/raw/GSE80672/fastq/SRR3440919_1.fastq;/data/mouse_methyl/raw/GSE80672/fastq/SRR3440919_2.fastq
GSE80672,SRR3440920,GSM2132954,PAIRED,2,1;2,,complete_pair,8390069928,7.813862,/data/mouse_methyl/raw/GSE80672/fastq/SRR3440920_1.fastq;/data/mouse_methyl/raw/GSE80672/fastq/SRR3440920_2.fastq
GSE80672,SRR3440921,GSM2132954,PAIRED,2,1;2,,complete_pair,7500364776,6.985259,/data/mouse_methyl/raw/GSE80672/fastq/SRR3440921_1.fastq;/data/mouse_methyl/raw/GSE80672/fastq/SRR3440921_2.fastq
GSE80672,SRR3440922,GSM2132955,PAIRED,2,1;2,,complete_pair,7641961336,7.117131,/data/mouse_methyl/raw/GSE80672/fastq/SRR3440922_1.fastq;/data/mouse_methyl/raw/GSE80672/fastq/SRR3440922_2.fastq
GSE80672,SRR3440923,GSM2132955,PAIRED,2,1;2,,complete_pair,11780131416,10.971102,/data/mouse_methyl/raw/GSE80672/fastq/SRR3440923_1.fastq;/data/mouse_methyl/raw/GSE80672/fastq/SRR3440923_2.fastq
GSE80672,SRR3440924,GSM2132956,PAIRED,2,1;2,,complete_pair,4664044600,4.34373,/data/mouse_methyl/raw/GSE80672/fastq/SRR3440924_1.fastq;/data/mouse_methyl/raw/GSE80672/fastq/SRR3440924_2.fastq
GSE80672,SRR3440925,GSM2132956,PAIRED,2,1;2,,complete_pair,4642796648,4.323941,/data/mouse_methyl/raw/GSE80672/fastq/SRR3440925_1.fastq;/data/mouse_methyl/raw/GSE80672/fastq/SRR3440925_2.fastq
GSE80672,SRR3440926,GSM2132957,PAIRED,2,1;2,,complete_pair,9882795976,9.204071,/data/mouse_methyl/raw/GSE80672/fastq/SRR3440926_1.fastq;/data/mouse_methyl/raw/GSE80672/fastq/SRR3440926_2.fastq
GSE80672,SRR3440927,GSM2132957,PAIRED,2,1;2,,complete_pair,9473542872,8.822924,/data/mouse_methyl/raw/GSE80672/fastq/SRR3440927_1.fastq;/data/mouse_methyl/raw/GSE80672/fastq/SRR3440927_2.fastq
GSE80672,SRR3440928,GSM2132958,PAIRED,2,1;2,,complete_pair,3019624680,2.812245,/data/mouse_methyl/raw/GSE80672/fastq/SRR3440928_1.fastq;/data/mouse_methyl/raw/GSE80672/fastq/SRR3440928_2.fastq
GSE80672,SRR3440929,GSM2132958,PAIRED,2,1;2,,complete_pair,7275705256,6.776029,/data/mouse_methyl/raw/GSE80672/fastq/SRR3440929_1.fastq;/data/mouse_methyl/raw/GSE80672/fastq/SRR3440929_2.fastq
GSE80672,SRR3440930,GSM2132959,PAIRED,2,1;2,,complete_pair,5955028088,5.546052,/data/mouse_methyl/raw/GSE80672/fastq/SRR3440930_1.fastq;/data/mouse_methyl/raw/GSE80672/fastq/SRR3440930_2.fastq
GSE80672,SRR3440931,GSM2132959,PAIRED,2,1;2,,complete_pair,8733633624,8.13383,/data/mouse_methyl/raw/GSE80672/fastq/SRR3440931_1.fastq;/data/mouse_methyl/raw/GSE80672/fastq/SRR3440931_2.fastq
GSE80672,SRR3440932,GSM2132960,PAIRED,2,1;2,,complete_pair,11267190088,10.493388,/data/mouse_methyl/raw/GSE80672/fastq/SRR3440932_1.fastq;/data/mouse_methyl/raw/GSE80672/fastq/SRR3440932_2.fastq
GSE80672,SRR3440933,GSM2132961,PAIRED,2,1;2,,complete_pair,5800659928,5.402286,/data/mouse_methyl/raw/GSE80672/fastq/SRR3440933_1.fastq;/data/mouse_methyl/raw/GSE80672/fastq/SRR3440933_2.fastq
GSE80672,SRR3440934,GSM2132961,PAIRED,2,1;2,,complete_pair,8506607240,7.922395,/data/mouse_methyl/raw/GSE80672/fastq/SRR3440934_1.fastq;/data/mouse_methyl/raw/GSE80672/fastq/SRR3440934_2.fastq
GSE80672,SRR3440935,GSM2132962,PAIRED,2,1;2,,complete_pair,7656489176,7.130661,/data/mouse_methyl/raw/GSE80672/fastq/SRR3440935_1.fastq;/data/mouse_methyl/raw/GSE80672/fastq/SRR3440935_2.fastq
GSE80672,SRR3440936,GSM2132962,PAIRED,2,1;2,,complete_pair,10472922312,9.753669,/data/mouse_methyl/raw/GSE80672/fastq/SRR3440936_1.fastq;/data/mouse_methyl/raw/GSE80672/fastq/SRR3440936_2.fastq
GSE80672,SRR3440937,GSM2132963,PAIRED,2,1;2,,complete_pair,1252401696,1.16639,/data/mouse_methyl/raw/GSE80672/fastq/SRR3440937_1.fastq;/data/mouse_methyl/raw/GSE80672/fastq/SRR3440937_2.fastq
GSE80672,SRR3440938,GSM2132963,PAIRED,2,1;2,,complete_pair,7117755944,6.628927,/data/mouse_methyl/raw/GSE80672/fastq/SRR3440938_1.fastq;/data/mouse_methyl/raw/GSE80672/fastq/SRR3440938_2.fastq
GSE80672,SRR3440939,GSM2132964,PAIRED,2,1;2,,complete_pair,5161440536,4.806966,/data/mouse_methyl/raw/GSE80672/fastq/SRR3440939_1.fastq;/data/mouse_methyl/raw/GSE80672/fastq/SRR3440939_2.fastq
GSE80672,SRR3440940,GSM2132964,PAIRED,2,1;2,,complete_pair,7247857368,6.750093,/data/mouse_methyl/raw/GSE80672/fastq/SRR3440940_1.fastq;/data/mouse_methyl/raw/GSE80672/fastq/SRR3440940_2.fastq
GSE80672,SRR3440941,GSM2132965,PAIRED,2,1;2,,complete_pair,6460827992,6.017115,/data/mouse_methyl/raw/GSE80672/fastq/SRR3440941_1.fastq;/data/mouse_methyl/raw/GSE80672/fastq/SRR3440941_2.fastq
GSE80672,SRR3440942,GSM2132965,PAIRED,2,1;2,,complete_pair,10091603400,9.398538,/data/mouse_methyl/raw/GSE80672/fastq/SRR3440942_1.fastq;/data/mouse_methyl/raw/GSE80672/fastq/SRR3440942_2.fastq
GSE80672,SRR3440943,GSM2132966,PAIRED,2,1;2,,complete_pair,4155627840,3.87023,/data/mouse_methyl/raw/GSE80672/fastq/SRR3440943_1.fastq;/data/mouse_methyl/raw/GSE80672/fastq/SRR3440943_2.fastq
GSE80672,SRR3440944,GSM2132966,PAIRED,2,1;2,,complete_pair,7119312200,6.630376,/data/mouse_methyl/raw/GSE80672/fastq/SRR3440944_1.fastq;/data/mouse_methyl/raw/GSE80672/fastq/SRR3440944_2.fastq
GSE93957,SRR5195621,GSM2465615,PAIRED,2,1;2,,complete_pair,15098690428,14.061751,/data/mouse_methyl/raw/GSE93957/fastq/SRR5195621_1.fastq;/data/mouse_methyl/raw/GSE93957/fastq/SRR5195621_2.fastq
GSE93957,SRR5195622,GSM2465616,PAIRED,2,1;2,,complete_pair,15335040280,14.281869,/data/mouse_methyl/raw/GSE93957/fastq/SRR5195622_1.fastq;/data/mouse_methyl/raw/GSE93957/fastq/SRR5195622_2.fastq
GSE93957,SRR5195623,GSM2465617,PAIRED,2,1;2,,complete_pair,10967765264,10.214527,/data/mouse_methyl/raw/GSE93957/fastq/SRR5195623_1.fastq;/data/mouse_methyl/raw/GSE93957/fastq/SRR5195623_2.fastq
GSE93957,SRR5195624,GSM2465618,PAIRED,2,1;2,,complete_pair,15239692084,14.193069,/data/mouse_methyl/raw/GSE93957/fastq/SRR5195624_1.fastq;/data/mouse_methyl/raw/GSE93957/fastq/SRR5195624_2.fastq
GSE93957,SRR5195625,GSM2465619,PAIRED,2,1;2,,complete_pair,19162662352,17.84662,/data/mouse_methyl/raw/GSE93957/fastq/SRR5195625_1.fastq;/data/mouse_methyl/raw/GSE93957/fastq/SRR5195625_2.fastq
GSE93957,SRR5195626,GSM2465620,PAIRED,2,1;2,,complete_pair,17525473580,16.321869,/data/mouse_methyl/raw/GSE93957/fastq/SRR5195626_1.fastq;/data/mouse_methyl/raw/GSE93957/fastq/SRR5195626_2.fastq
GSE93957,SRR5195627,GSM2465621,PAIRED,2,1;2,,complete_pair,6452447736,6.00931,/data/mouse_methyl/raw/GSE93957/fastq/SRR5195627_1.fastq;/data/mouse_methyl/raw/GSE93957/fastq/SRR5195627_2.fastq
GSE93957,SRR5195628,GSM2465622,PAIRED,2,1;2,,complete_pair,14731845644,13.7201,/data/mouse_methyl/raw/GSE93957/fastq/SRR5195628_1.fastq;/data/mouse_methyl/raw/GSE93957/fastq/SRR5195628_2.fastq
GSE93957,SRR5195629,GSM2465623,PAIRED,2,1;2,,complete_pair,17995791784,16.759887,/data/mouse_methyl/raw/GSE93957/fastq/SRR5195629_1.fastq;/data/mouse_methyl/raw/GSE93957/fastq/SRR5195629_2.fastq
GSE93957,SRR5195630,GSM2465624,PAIRED,2,1;2,,complete_pair,18789291260,17.498891,/data/mouse_methyl/raw/GSE93957/fastq/SRR5195630_1.fastq;/data/mouse_methyl/raw/GSE93957/fastq/SRR5195630_2.fastq
GSE93957,SRR5195631,GSM2465625,PAIRED,2,1;2,,complete_pair,20784437740,19.357016,/data/mouse_methyl/raw/GSE93957/fastq/SRR5195631_1.fastq;/data/mouse_methyl/raw/GSE93957/fastq/SRR5195631_2.fastq
GSE93957,SRR5195632,GSM2465626,PAIRED,2,1;2,,complete_pair,26507370340,24.686912,/data/mouse_methyl/raw/GSE93957/fastq/SRR5195632_1.fastq;/data/mouse_methyl/raw/GSE93957/fastq/SRR5195632_2.fastq
GSE93957,SRR5195633,GSM2465627,PAIRED,2,1;2,,complete_pair,15365709192,14.310432,/data/mouse_methyl/raw/GSE93957/fastq/SRR5195633_1.fastq;/data/mouse_methyl/raw/GSE93957/fastq/SRR5195633_2.fastq
GSE93957,SRR5195634,GSM2465628,PAIRED,2,1;2,,complete_pair,12255906392,11.414202,/data/mouse_methyl/raw/GSE93957/fastq/SRR5195634_1.fastq;/data/mouse_methyl/raw/GSE93957/fastq/SRR5195634_2.fastq
GSE93957,SRR5195635,GSM2465629,PAIRED,2,1;2,,complete_pair,12580910540,11.716886,/data/mouse_methyl/raw/GSE93957/fastq/SRR5195635_1.fastq;/data/mouse_methyl/raw/GSE93957/fastq/SRR5195635_2.fastq
GSE93957,SRR5195636,GSM2465630,PAIRED,2,1;2,,complete_pair,14866673816,13.845669,/data/mouse_methyl/raw/GSE93957/fastq/SRR5195636_1.fastq;/data/mouse_methyl/raw/GSE93957/fastq/SRR5195636_2.fastq
GSE93957,SRR5195637,GSM2465631,PAIRED,2,1;2,,complete_pair,17555124904,16.349484,/data/mouse_methyl/raw/GSE93957/fastq/SRR5195637_1.fastq;/data/mouse_methyl/raw/GSE93957/fastq/SRR5195637_2.fastq
GSE93957,SRR5195638,GSM2465632,PAIRED,2,1;2,,complete_pair,11950080508,11.12938,/data/mouse_methyl/raw/GSE93957/fastq/SRR5195638_1.fastq;/data/mouse_methyl/raw/GSE93957/fastq/SRR5195638_2.fastq
GSE93957,SRR5195639,GSM2465633,PAIRED,2,1;2,,complete_pair,17286213932,16.099041,/data/mouse_methyl/raw/GSE93957/fastq/SRR5195639_1.fastq;/data/mouse_methyl/raw/GSE93957/fastq/SRR5195639_2.fastq
GSE93957,SRR5195640,GSM2465634,PAIRED,2,1;2,,complete_pair,14578206072,13.577012,/data/mouse_methyl/raw/GSE93957/fastq/SRR5195640_1.fastq;/data/mouse_methyl/raw/GSE93957/fastq/SRR5195640_2.fastq
GSE93957,SRR5195641,GSM2465635,PAIRED,2,1;2,,complete_pair,18204815276,16.954555,/data/mouse_methyl/raw/GSE93957/fastq/SRR5195641_1.fastq;/data/mouse_methyl/raw/GSE93957/fastq/SRR5195641_2.fastq
GSE93957,SRR5195642,GSM2465636,PAIRED,2,1;2,,complete_pair,15328349792,14.275638,/data/mouse_methyl/raw/GSE93957/fastq/SRR5195642_1.fastq;/data/mouse_methyl/raw/GSE93957/fastq/SRR5195642_2.fastq
GSE93957,SRR5195643,GSM2465637,PAIRED,2,1;2,,complete_pair,5576801040,5.193801,/data/mouse_methyl/raw/GSE93957/fastq/SRR5195643_1.fastq;/data/mouse_methyl/raw/GSE93957/fastq/SRR5195643_2.fastq
GSE93957,SRR5195644,GSM2465638,PAIRED,2,1;2,,complete_pair,13731843580,12.788776,/data/mouse_methyl/raw/GSE93957/fastq/SRR5195644_1.fastq;/data/mouse_methyl/raw/GSE93957/fastq/SRR5195644_2.fastq
GSE93957,SRR5195645,GSM2465639,PAIRED,2,1;2,,complete_pair,17363776312,16.171277,/data/mouse_methyl/raw/GSE93957/fastq/SRR5195645_1.fastq;/data/mouse_methyl/raw/GSE93957/fastq/SRR5195645_2.fastq
GSE93957,SRR5195646,GSM2465640,PAIRED,2,1;2,,complete_pair,9847577840,9.171272,/data/mouse_methyl/raw/GSE93957/fastq/SRR5195646_1.fastq;/data/mouse_methyl/raw/GSE93957/fastq/SRR5195646_2.fastq
GSE93957,SRR5195647,GSM2465641,PAIRED,2,1;2,,complete_pair,15842286156,14.754279,/data/mouse_methyl/raw/GSE93957/fastq/SRR5195647_1.fastq;/data/mouse_methyl/raw/GSE93957/fastq/SRR5195647_2.fastq
GSE93957,SRR5195648,GSM2465642,PAIRED,2,1;2,,complete_pair,12745684300,11.870344,/data/mouse_methyl/raw/GSE93957/fastq/SRR5195648_1.fastq;/data/mouse_methyl/raw/GSE93957/fastq/SRR5195648_2.fastq
GSE93957,SRR5195649,GSM2465643,PAIRED,2,1;2,,complete_pair,16867427592,15.709016,/data/mouse_methyl/raw/GSE93957/fastq/SRR5195649_1.fastq;/data/mouse_methyl/raw/GSE93957/fastq/SRR5195649_2.fastq
GSE93957,SRR5195650,GSM2465644,PAIRED,2,1;2,,complete_pair,18465548400,17.197382,/data/mouse_methyl/raw/GSE93957/fastq/SRR5195650_1.fastq;/data/mouse_methyl/raw/GSE93957/fastq/SRR5195650_2.fastq
GSE93957,SRR5195651,GSM2465645,PAIRED,2,1;2,,complete_pair,7643950228,7.118983,/data/mouse_methyl/raw/GSE93957/fastq/SRR5195651_1.fastq;/data/mouse_methyl/raw/GSE93957/fastq/SRR5195651_2.fastq
GSE93957,SRR5195652,GSM2465646,PAIRED,2,1;2,,complete_pair,10442898196,9.725707,/data/mouse_methyl/raw/GSE93957/fastq/SRR5195652_1.fastq;/data/mouse_methyl/raw/GSE93957/fastq/SRR5195652_2.fastq
GSE93957,SRR5195653,GSM2465647,PAIRED,2,1;2,,complete_pair,10635605800,9.90518,/data/mouse_methyl/raw/GSE93957/fastq/SRR5195653_1.fastq;/data/mouse_methyl/raw/GSE93957/fastq/SRR5195653_2.fastq
GSE93957,SRR5195654,GSM2465648,PAIRED,2,1;2,,complete_pair,15376668880,14.320639,/data/mouse_methyl/raw/GSE93957/fastq/SRR5195654_1.fastq;/data/mouse_methyl/raw/GSE93957/fastq/SRR5195654_2.fastq
GSE93957,SRR5195655,GSM2465649,PAIRED,2,1;2,,complete_pair,8349597812,7.776169,/data/mouse_methyl/raw/GSE93957/fastq/SRR5195655_1.fastq;/data/mouse_methyl/raw/GSE93957/fastq/SRR5195655_2.fastq
GSE93957,SRR5195656,GSM2465650,PAIRED,2,1;2,,complete_pair,7975862904,7.428101,/data/mouse_methyl/raw/GSE93957/fastq/SRR5195656_1.fastq;/data/mouse_methyl/raw/GSE93957/fastq/SRR5195656_2.fastq
GSE93957,SRR5195657,GSM2465651,PAIRED,2,1;2,,complete_pair,11526589692,10.734973,/data/mouse_methyl/raw/GSE93957/fastq/SRR5195657_1.fastq;/data/mouse_methyl/raw/GSE93957/fastq/SRR5195657_2.fastq
GSE93957,SRR5195658,GSM2465652,PAIRED,2,1;2,,complete_pair,14262174092,13.282685,/data/mouse_methyl/raw/GSE93957/fastq/SRR5195658_1.fastq;/data/mouse_methyl/raw/GSE93957/fastq/SRR5195658_2.fastq
GSE93957,SRR5195659,GSM2465653,PAIRED,2,1;2,,complete_pair,15666653312,14.590708,/data/mouse_methyl/raw/GSE93957/fastq/SRR5195659_1.fastq;/data/mouse_methyl/raw/GSE93957/fastq/SRR5195659_2.fastq
GSE93957,SRR5195660,GSM2465654,PAIRED,2,1;2,,complete_pair,15868291576,14.778498,/data/mouse_methyl/raw/GSE93957/fastq/SRR5195660_1.fastq;/data/mouse_methyl/raw/GSE93957/fastq/SRR5195660_2.fastq
GSE93957,SRR5195661,GSM2465655,PAIRED,2,1;2,,complete_pair,14183948020,13.209831,/data/mouse_methyl/raw/GSE93957/fastq/SRR5195661_1.fastq;/data/mouse_methyl/raw/GSE93957/fastq/SRR5195661_2.fastq
GSE93957,SRR5195662,GSM2465656,PAIRED,2,1;2,,complete_pair,29536013452,27.507556,/data/mouse_methyl/raw/GSE93957/fastq/SRR5195662_1.fastq;/data/mouse_methyl/raw/GSE93957/fastq/SRR5195662_2.fastq
GSE93957,SRR5195663,GSM2465657,PAIRED,2,1;2,,complete_pair,16311791532,15.19154,/data/mouse_methyl/raw/GSE93957/fastq/SRR5195663_1.fastq;/data/mouse_methyl/raw/GSE93957/fastq/SRR5195663_2.fastq
GSE93957,SRR5195664,GSM2465658,PAIRED,2,1;2,,complete_pair,16495169552,15.362324,/data/mouse_methyl/raw/GSE93957/fastq/SRR5195664_1.fastq;/data/mouse_methyl/raw/GSE93957/fastq/SRR5195664_2.fastq
GSE93957,SRR5195665,GSM2465659,PAIRED,2,1;2,,complete_pair,17197854632,16.01675,/data/mouse_methyl/raw/GSE93957/fastq/SRR5195665_1.fastq;/data/mouse_methyl/raw/GSE93957/fastq/SRR5195665_2.fastq
GSE93957,SRR5195666,GSM2465660,PAIRED,2,1;2,,complete_pair,17954848132,16.721755,/data/mouse_methyl/raw/GSE93957/fastq/SRR5195666_1.fastq;/data/mouse_methyl/raw/GSE93957/fastq/SRR5195666_2.fastq
GSE93957,SRR5195667,GSM2465661,PAIRED,2,1;2,,complete_pair,20902480308,19.466952,/data/mouse_methyl/raw/GSE93957/fastq/SRR5195667_1.fastq;/data/mouse_methyl/raw/GSE93957/fastq/SRR5195667_2.fastq
GSE93957,SRR5195668,GSM2465662,PAIRED,2,1;2,,complete_pair,12765102648,11.888428,/data/mouse_methyl/raw/GSE93957/fastq/SRR5195668_1.fastq;/data/mouse_methyl/raw/GSE93957/fastq/SRR5195668_2.fastq
GSE93957,SRR5195669,GSM2465663,PAIRED,2,1;2,,complete_pair,14297493628,13.315579,/data/mouse_methyl/raw/GSE93957/fastq/SRR5195669_1.fastq;/data/mouse_methyl/raw/GSE93957/fastq/SRR5195669_2.fastq
GSE93957,SRR5195670,GSM2465664,PAIRED,2,1;2,,complete_pair,16945227032,15.781472,/data/mouse_methyl/raw/GSE93957/fastq/SRR5195670_1.fastq;/data/mouse_methyl/raw/GSE93957/fastq/SRR5195670_2.fastq
GSE93957,SRR5195671,GSM2465665,PAIRED,2,1;2,,complete_pair,15758951392,14.676667,/data/mouse_methyl/raw/GSE93957/fastq/SRR5195671_1.fastq;/data/mouse_methyl/raw/GSE93957/fastq/SRR5195671_2.fastq
GSE93957,SRR5195672,GSM2465666,PAIRED,2,1;2,,complete_pair,20111362200,18.730166,/data/mouse_methyl/raw/GSE93957/fastq/SRR5195672_1.fastq;/data/mouse_methyl/raw/GSE93957/fastq/SRR5195672_2.fastq
GSE93957,SRR5195673,GSM2465667,PAIRED,2,1;2,,complete_pair,13820316308,12.871173,/data/mouse_methyl/raw/GSE93957/fastq/SRR5195673_1.fastq;/data/mouse_methyl/raw/GSE93957/fastq/SRR5195673_2.fastq
GSE93957,SRR5195674,GSM2465668,PAIRED,2,1;2,,complete_pair,29548207592,27.518913,/data/mouse_methyl/raw/GSE93957/fastq/SRR5195674_1.fastq;/data/mouse_methyl/raw/GSE93957/fastq/SRR5195674_2.fastq
GSE93957,SRR5195675,GSM2465669,PAIRED,2,1;2,,complete_pair,20164240192,18.779412,/data/mouse_methyl/raw/GSE93957/fastq/SRR5195675_1.fastq;/data/mouse_methyl/raw/GSE93957/fastq/SRR5195675_2.fastq
GSE93957,SRR5195676,GSM2465670,PAIRED,2,1;2,,complete_pair,19338116380,18.010024,/data/mouse_methyl/raw/GSE93957/fastq/SRR5195676_1.fastq;/data/mouse_methyl/raw/GSE93957/fastq/SRR5195676_2.fastq
GSE93957,SRR5195677,GSM2465671,PAIRED,2,1;2,,complete_pair,6707672112,6.247006,/data/mouse_methyl/raw/GSE93957/fastq/SRR5195677_1.fastq;/data/mouse_methyl/raw/GSE93957/fastq/SRR5195677_2.fastq
GSE93957,SRR5195678,GSM2465672,PAIRED,2,1;2,,complete_pair,14124232672,13.154217,/data/mouse_methyl/raw/GSE93957/fastq/SRR5195678_1.fastq;/data/mouse_methyl/raw/GSE93957/fastq/SRR5195678_2.fastq
GSE93957,SRR5195679,GSM2465673,PAIRED,2,1;2,,complete_pair,12246151004,11.405117,/data/mouse_methyl/raw/GSE93957/fastq/SRR5195679_1.fastq;/data/mouse_methyl/raw/GSE93957/fastq/SRR5195679_2.fastq
