dataset,run_accession,mate,file_name,local_path,size_bytes,size_gib,mtime_utc,is_gzip,raw_root
GSE121141,SRR8032927,1.0,SRR8032927_1.fastq,/data/mouse_methyl/raw/GSE121141/fastq/SRR8032927_1.fastq,4085330436,3.80476,2026-04-23T23:48:36.704504+00:00,False,/data/mouse_methyl/raw
GSE121141,SRR8032927,2.0,SRR8032927_2.fastq,/data/mouse_methyl/raw/GSE121141/fastq/SRR8032927_2.fastq,4085330436,3.80476,2026-04-23T23:48:36.703504+00:00,False,/data/mouse_methyl/raw
GSE121141,SRR8032928,1.0,SRR8032928_1.fastq,/data/mouse_methyl/raw/GSE121141/fastq/SRR8032928_1.fastq,4139918340,3.855599,2026-04-24T00:51:35.728059+00:00,False,/data/mouse_methyl/raw
GSE121141,SRR8032928,2.0,SRR8032928_2.fastq,/data/mouse_methyl/raw/GSE121141/fastq/SRR8032928_2.fastq,4139918340,3.855599,2026-04-24T00:51:36.515094+00:00,False,/data/mouse_methyl/raw
GSE121141,SRR8032929,1.0,SRR8032929_1.fastq,/data/mouse_methyl/raw/GSE121141/fastq/SRR8032929_1.fastq,6166635780,5.743127,2026-04-24T02:13:33.618866+00:00,False,/data/mouse_methyl/raw
GSE121141,SRR8032929,2.0,SRR8032929_2.fastq,/data/mouse_methyl/raw/GSE121141/fastq/SRR8032929_2.fastq,6166635780,5.743127,2026-04-24T02:13:33.602865+00:00,False,/data/mouse_methyl/raw
GSE121141,SRR8032930,1.0,SRR8032930_1.fastq,/data/mouse_methyl/raw/GSE121141/fastq/SRR8032930_1.fastq,5997345540,5.585463,2026-04-26T09:46:36.963997+00:00,False,/data/mouse_methyl/raw
GSE121141,SRR8032930,2.0,SRR8032930_2.fastq,/data/mouse_methyl/raw/GSE121141/fastq/SRR8032930_2.fastq,5997345540,5.585463,2026-04-26T09:46:37.190007+00:00,False,/data/mouse_methyl/raw
GSE121141,SRR8032932,1.0,SRR8032932_1.fastq,/data/mouse_methyl/raw/GSE121141/fastq/SRR8032932_1.fastq,11114547972,10.351229,2026-05-03T19:19:51.358039+00:00,False,/data/mouse_methyl/raw
GSE121141,SRR8032932,2.0,SRR8032932_2.fastq,/data/mouse_methyl/raw/GSE121141/fastq/SRR8032932_2.fastq,11114547972,10.351229,2026-05-03T19:19:51.516048+00:00,False,/data/mouse_methyl/raw
GSE121141,SRR8032933,1.0,SRR8032933_1.fastq,/data/mouse_methyl/raw/GSE121141/fastq/SRR8032933_1.fastq,11246064132,10.473713,2026-05-04T12:05:18.456447+00:00,False,/data/mouse_methyl/raw
GSE121141,SRR8032933,2.0,SRR8032933_2.fastq,/data/mouse_methyl/raw/GSE121141/fastq/SRR8032933_2.fastq,11246064132,10.473713,2026-05-04T12:05:18.116427+00:00,False,/data/mouse_methyl/raw
GSE121141,SRR8032934,1.0,SRR8032934_1.fastq,/data/mouse_methyl/raw/GSE121141/fastq/SRR8032934_1.fastq,15238825860,14.192263,2026-05-05T05:55:00.274451+00:00,False,/data/mouse_methyl/raw
GSE121141,SRR8032934,2.0,SRR8032934_2.fastq,/data/mouse_methyl/raw/GSE121141/fastq/SRR8032934_2.fastq,15238825860,14.192263,2026-05-05T05:55:00.630475+00:00,False,/data/mouse_methyl/raw
GSE121141,SRR8032935,1.0,SRR8032935_1.fastq,/data/mouse_methyl/raw/GSE121141/fastq/SRR8032935_1.fastq,7923180804,7.379037,2026-05-05T06:45:09.602760+00:00,False,/data/mouse_methyl/raw
GSE121141,SRR8032935,2.0,SRR8032935_2.fastq,/data/mouse_methyl/raw/GSE121141/fastq/SRR8032935_2.fastq,7923180804,7.379037,2026-05-05T06:45:09.586759+00:00,False,/data/mouse_methyl/raw
GSE121141,SRR8032936,1.0,SRR8032936_1.fastq,/data/mouse_methyl/raw/GSE121141/fastq/SRR8032936_1.fastq,7759723524,7.226806,2026-05-05T08:43:00.995190+00:00,False,/data/mouse_methyl/raw
GSE121141,SRR8032936,2.0,SRR8032936_2.fastq,/data/mouse_methyl/raw/GSE121141/fastq/SRR8032936_2.fastq,7759723524,7.226806,2026-05-05T08:43:00.996190+00:00,False,/data/mouse_methyl/raw
GSE121141,SRR8032937,1.0,SRR8032937_1.fastq,/data/mouse_methyl/raw/GSE121141/fastq/SRR8032937_1.fastq,6233787012,5.805667,2026-05-05T10:21:58.644389+00:00,False,/data/mouse_methyl/raw
GSE121141,SRR8032937,2.0,SRR8032937_2.fastq,/data/mouse_methyl/raw/GSE121141/fastq/SRR8032937_2.fastq,6233787012,5.805667,2026-05-05T10:21:58.612387+00:00,False,/data/mouse_methyl/raw
GSE121141,SRR8032938,1.0,SRR8032938_1.fastq,/data/mouse_methyl/raw/GSE121141/fastq/SRR8032938_1.fastq,6574017924,6.122531,2026-05-05T12:03:47.583522+00:00,False,/data/mouse_methyl/raw
GSE121141,SRR8032938,2.0,SRR8032938_2.fastq,/data/mouse_methyl/raw/GSE121141/fastq/SRR8032938_2.fastq,6574017924,6.122531,2026-05-05T12:03:47.573522+00:00,False,/data/mouse_methyl/raw
GSE121141,SRR8032939,1.0,SRR8032939_1.fastq,/data/mouse_methyl/raw/GSE121141/fastq/SRR8032939_1.fastq,7928471556,7.383965,2026-05-05T14:15:45.682804+00:00,False,/data/mouse_methyl/raw
GSE121141,SRR8032939,2.0,SRR8032939_2.fastq,/data/mouse_methyl/raw/GSE121141/fastq/SRR8032939_2.fastq,7928471556,7.383965,2026-05-05T14:15:45.659803+00:00,False,/data/mouse_methyl/raw
GSE80672,SRR3440565,1.0,SRR3440565_1.fastq,/data/mouse_methyl/raw/GSE80672/fastq/SRR3440565_1.fastq,7809469220,7.273135,2026-04-23T20:29:07.276161+00:00,False,/data/mouse_methyl/raw
GSE80672,SRR3440565,2.0,SRR3440565_2.fastq,/data/mouse_methyl/raw/GSE80672/fastq/SRR3440565_2.fastq,7809469220,7.273135,2026-04-23T20:29:07.267161+00:00,False,/data/mouse_methyl/raw
GSE80672,SRR3440566,1.0,SRR3440566_1.fastq,/data/mouse_methyl/raw/GSE80672/fastq/SRR3440566_1.fastq,8577102700,7.988049,2026-04-23T22:03:21.975673+00:00,False,/data/mouse_methyl/raw
GSE80672,SRR3440566,2.0,SRR3440566_2.fastq,/data/mouse_methyl/raw/GSE80672/fastq/SRR3440566_2.fastq,8577102700,7.988049,2026-04-23T22:03:21.978673+00:00,False,/data/mouse_methyl/raw
GSE80672,SRR3440567,1.0,SRR3440567_1.fastq,/data/mouse_methyl/raw/GSE80672/fastq/SRR3440567_1.fastq,9007870556,8.389233,2026-04-24T00:36:42.878658+00:00,False,/data/mouse_methyl/raw
GSE80672,SRR3440567,2.0,SRR3440567_2.fastq,/data/mouse_methyl/raw/GSE80672/fastq/SRR3440567_2.fastq,9007870556,8.389233,2026-04-24T00:36:42.820656+00:00,False,/data/mouse_methyl/raw
GSE80672,SRR3440568,1.0,SRR3440568_1.fastq,/data/mouse_methyl/raw/GSE80672/fastq/SRR3440568_1.fastq,9342823804,8.701183,2026-04-24T02:38:28.120491+00:00,False,/data/mouse_methyl/raw
GSE80672,SRR3440568,2.0,SRR3440568_2.fastq,/data/mouse_methyl/raw/GSE80672/fastq/SRR3440568_2.fastq,9342823804,8.701183,2026-04-24T02:38:28.121491+00:00,False,/data/mouse_methyl/raw
GSE80672,SRR3440569,1.0,SRR3440569_1.fastq,/data/mouse_methyl/raw/GSE80672/fastq/SRR3440569_1.fastq,7781216956,7.246823,2026-04-26T10:19:49.414225+00:00,False,/data/mouse_methyl/raw
GSE80672,SRR3440569,2.0,SRR3440569_2.fastq,/data/mouse_methyl/raw/GSE80672/fastq/SRR3440569_2.fastq,7781216956,7.246823,2026-04-26T10:19:49.636236+00:00,False,/data/mouse_methyl/raw
GSE80672,SRR3440570,1.0,SRR3440570_1.fastq,/data/mouse_methyl/raw/GSE80672/fastq/SRR3440570_1.fastq,6952197900,6.474739,2026-05-03T03:06:12.757196+00:00,False,/data/mouse_methyl/raw
GSE80672,SRR3440570,2.0,SRR3440570_2.fastq,/data/mouse_methyl/raw/GSE80672/fastq/SRR3440570_2.fastq,6952197900,6.474739,2026-05-03T03:06:12.744195+00:00,False,/data/mouse_methyl/raw
GSE80672,SRR3440571,1.0,SRR3440571_1.fastq,/data/mouse_methyl/raw/GSE80672/fastq/SRR3440571_1.fastq,8975315852,8.358914,2026-05-03T05:23:29.145195+00:00,False,/data/mouse_methyl/raw
GSE80672,SRR3440571,2.0,SRR3440571_2.fastq,/data/mouse_methyl/raw/GSE80672/fastq/SRR3440571_2.fastq,8975315852,8.358914,2026-05-03T05:23:30.507267+00:00,False,/data/mouse_methyl/raw
GSE80672,SRR3440572,1.0,SRR3440572_1.fastq,/data/mouse_methyl/raw/GSE80672/fastq/SRR3440572_1.fastq,7838968948,7.300609,2026-05-03T07:32:03.174219+00:00,False,/data/mouse_methyl/raw
GSE80672,SRR3440572,2.0,SRR3440572_2.fastq,/data/mouse_methyl/raw/GSE80672/fastq/SRR3440572_2.fastq,7838968948,7.300609,2026-05-03T07:32:03.176219+00:00,False,/data/mouse_methyl/raw
GSE80672,SRR3440573,1.0,SRR3440573_1.fastq,/data/mouse_methyl/raw/GSE80672/fastq/SRR3440573_1.fastq,6343657724,5.907992,2026-05-03T09:12:47.682815+00:00,False,/data/mouse_methyl/raw
GSE80672,SRR3440573,2.0,SRR3440573_2.fastq,/data/mouse_methyl/raw/GSE80672/fastq/SRR3440573_2.fastq,6343657724,5.907992,2026-05-03T09:12:47.754818+00:00,False,/data/mouse_methyl/raw
GSE80672,SRR3440574,1.0,SRR3440574_1.fastq,/data/mouse_methyl/raw/GSE80672/fastq/SRR3440574_1.fastq,6340444060,5.904999,2026-05-03T10:52:31.338429+00:00,False,/data/mouse_methyl/raw
GSE80672,SRR3440574,2.0,SRR3440574_2.fastq,/data/mouse_methyl/raw/GSE80672/fastq/SRR3440574_2.fastq,6340444060,5.904999,2026-05-03T10:52:31.338429+00:00,False,/data/mouse_methyl/raw
GSE80672,SRR3440575,1.0,SRR3440575_1.fastq,/data/mouse_methyl/raw/GSE80672/fastq/SRR3440575_1.fastq,7127456964,6.637962,2026-05-03T12:48:42.059318+00:00,False,/data/mouse_methyl/raw
GSE80672,SRR3440575,2.0,SRR3440575_2.fastq,/data/mouse_methyl/raw/GSE80672/fastq/SRR3440575_2.fastq,7127456964,6.637962,2026-05-03T12:48:42.053318+00:00,False,/data/mouse_methyl/raw
GSE80672,SRR3440576,1.0,SRR3440576_1.fastq,/data/mouse_methyl/raw/GSE80672/fastq/SRR3440576_1.fastq,8955839220,8.340775,2026-05-08T09:25:34.941620+00:00,False,/data/mouse_methyl/raw
GSE80672,SRR3440576,2.0,SRR3440576_2.fastq,/data/mouse_methyl/raw/GSE80672/fastq/SRR3440576_2.fastq,8955839220,8.340775,2026-05-08T09:25:34.948620+00:00,False,/data/mouse_methyl/raw
GSE80672,SRR3440577,1.0,SRR3440577_1.fastq,/data/mouse_methyl/raw/GSE80672/fastq/SRR3440577_1.fastq,1975595592,1.839917,2026-05-03T14:49:55.332712+00:00,False,/data/mouse_methyl/raw
GSE80672,SRR3440577,2.0,SRR3440577_2.fastq,/data/mouse_methyl/raw/GSE80672/fastq/SRR3440577_2.fastq,1975595592,1.839917,2026-05-03T14:49:55.332712+00:00,False,/data/mouse_methyl/raw
GSE80672,SRR3440578,1.0,SRR3440578_1.fastq,/data/mouse_methyl/raw/GSE80672/fastq/SRR3440578_1.fastq,2595003812,2.416786,2026-05-03T15:27:03.358707+00:00,False,/data/mouse_methyl/raw
GSE80672,SRR3440578,2.0,SRR3440578_2.fastq,/data/mouse_methyl/raw/GSE80672/fastq/SRR3440578_2.fastq,2595003812,2.416786,2026-05-03T15:27:03.353707+00:00,False,/data/mouse_methyl/raw
GSE80672,SRR3440579,1.0,SRR3440579_1.fastq,/data/mouse_methyl/raw/GSE80672/fastq/SRR3440579_1.fastq,1650180084,1.53685,2026-05-03T15:48:19.334451+00:00,False,/data/mouse_methyl/raw
GSE80672,SRR3440579,2.0,SRR3440579_2.fastq,/data/mouse_methyl/raw/GSE80672/fastq/SRR3440579_2.fastq,1650180084,1.53685,2026-05-03T15:48:19.324450+00:00,False,/data/mouse_methyl/raw
GSE80672,SRR3440580,1.0,SRR3440580_1.fastq,/data/mouse_methyl/raw/GSE80672/fastq/SRR3440580_1.fastq,2616710196,2.437001,2026-05-03T16:27:05.087101+00:00,False,/data/mouse_methyl/raw
GSE80672,SRR3440580,2.0,SRR3440580_2.fastq,/data/mouse_methyl/raw/GSE80672/fastq/SRR3440580_2.fastq,2616710196,2.437001,2026-05-03T16:27:05.079101+00:00,False,/data/mouse_methyl/raw
GSE80672,SRR3440581,1.0,SRR3440581_1.fastq,/data/mouse_methyl/raw/GSE80672/fastq/SRR3440581_1.fastq,3858359116,3.593377,2026-05-03T17:32:10.945201+00:00,False,/data/mouse_methyl/raw
GSE80672,SRR3440581,2.0,SRR3440581_2.fastq,/data/mouse_methyl/raw/GSE80672/fastq/SRR3440581_2.fastq,3858359116,3.593377,2026-05-03T17:32:10.954201+00:00,False,/data/mouse_methyl/raw
GSE80672,SRR3440582,1.0,SRR3440582_1.fastq,/data/mouse_methyl/raw/GSE80672/fastq/SRR3440582_1.fastq,4831141844,4.499351,2026-05-03T18:37:08.008189+00:00,False,/data/mouse_methyl/raw
GSE80672,SRR3440582,2.0,SRR3440582_2.fastq,/data/mouse_methyl/raw/GSE80672/fastq/SRR3440582_2.fastq,4831141844,4.499351,2026-05-03T18:37:07.995189+00:00,False,/data/mouse_methyl/raw
GSE80672,SRR3440583,1.0,SRR3440583_1.fastq,/data/mouse_methyl/raw/GSE80672/fastq/SRR3440583_1.fastq,2037360564,1.89744,2026-05-03T19:03:05.030961+00:00,False,/data/mouse_methyl/raw
GSE80672,SRR3440583,2.0,SRR3440583_2.fastq,/data/mouse_methyl/raw/GSE80672/fastq/SRR3440583_2.fastq,2037360564,1.89744,2026-05-03T19:03:05.030961+00:00,False,/data/mouse_methyl/raw
GSE80672,SRR3440584,1.0,SRR3440584_1.fastq,/data/mouse_methyl/raw/GSE80672/fastq/SRR3440584_1.fastq,2970206044,2.76622,2026-05-03T19:37:19.462011+00:00,False,/data/mouse_methyl/raw
GSE80672,SRR3440584,2.0,SRR3440584_2.fastq,/data/mouse_methyl/raw/GSE80672/fastq/SRR3440584_2.fastq,2970206044,2.76622,2026-05-03T19:37:19.462011+00:00,False,/data/mouse_methyl/raw
GSE80672,SRR3440585,1.0,SRR3440585_1.fastq,/data/mouse_methyl/raw/GSE80672/fastq/SRR3440585_1.fastq,2564241540,2.388136,2026-05-03T20:10:23.341820+00:00,False,/data/mouse_methyl/raw
GSE80672,SRR3440585,2.0,SRR3440585_2.fastq,/data/mouse_methyl/raw/GSE80672/fastq/SRR3440585_2.fastq,2564241540,2.388136,2026-05-03T20:10:23.343820+00:00,False,/data/mouse_methyl/raw
GSE80672,SRR3440586,1.0,SRR3440586_1.fastq,/data/mouse_methyl/raw/GSE80672/fastq/SRR3440586_1.fastq,3828223012,3.565311,2026-05-03T20:59:40.393505+00:00,False,/data/mouse_methyl/raw
GSE80672,SRR3440586,2.0,SRR3440586_2.fastq,/data/mouse_methyl/raw/GSE80672/fastq/SRR3440586_2.fastq,3828223012,3.565311,2026-05-03T20:59:40.385504+00:00,False,/data/mouse_methyl/raw
GSE80672,SRR3440587,1.0,SRR3440587_1.fastq,/data/mouse_methyl/raw/GSE80672/fastq/SRR3440587_1.fastq,3269056380,3.044546,2026-05-03T21:43:29.416233+00:00,False,/data/mouse_methyl/raw
GSE80672,SRR3440587,2.0,SRR3440587_2.fastq,/data/mouse_methyl/raw/GSE80672/fastq/SRR3440587_2.fastq,3269056380,3.044546,2026-05-03T21:43:30.020264+00:00,False,/data/mouse_methyl/raw
GSE80672,SRR3440588,1.0,SRR3440588_1.fastq,/data/mouse_methyl/raw/GSE80672/fastq/SRR3440588_1.fastq,1764435444,1.643259,2026-04-26T10:04:45.022878+00:00,False,/data/mouse_methyl/raw
GSE80672,SRR3440588,2.0,SRR3440588_2.fastq,/data/mouse_methyl/raw/GSE80672/fastq/SRR3440588_2.fastq,1764435444,1.643259,2026-04-26T10:04:45.020878+00:00,False,/data/mouse_methyl/raw
GSE80672,SRR3440589,1.0,SRR3440589_1.fastq,/data/mouse_methyl/raw/GSE80672/fastq/SRR3440589_1.fastq,2538068228,2.36376,2026-05-03T22:14:47.954864+00:00,False,/data/mouse_methyl/raw
GSE80672,SRR3440589,2.0,SRR3440589_2.fastq,/data/mouse_methyl/raw/GSE80672/fastq/SRR3440589_2.fastq,2538068228,2.36376,2026-05-03T22:14:47.953864+00:00,False,/data/mouse_methyl/raw
GSE80672,SRR3440590,1.0,SRR3440590_1.fastq,/data/mouse_methyl/raw/GSE80672/fastq/SRR3440590_1.fastq,1470617772,1.36962,2026-04-26T10:21:07.476056+00:00,False,/data/mouse_methyl/raw
GSE80672,SRR3440590,2.0,SRR3440590_2.fastq,/data/mouse_methyl/raw/GSE80672/fastq/SRR3440590_2.fastq,1470617772,1.36962,2026-04-26T10:21:07.498057+00:00,False,/data/mouse_methyl/raw
GSE80672,SRR3440591,1.0,SRR3440591_1.fastq,/data/mouse_methyl/raw/GSE80672/fastq/SRR3440591_1.fastq,1805996880,1.681966,2026-04-26T10:34:39.766458+00:00,False,/data/mouse_methyl/raw
GSE80672,SRR3440591,2.0,SRR3440591_2.fastq,/data/mouse_methyl/raw/GSE80672/fastq/SRR3440591_2.fastq,1805996880,1.681966,2026-04-26T10:34:39.795459+00:00,False,/data/mouse_methyl/raw
GSE80672,SRR3440592,1.0,SRR3440592_1.fastq,/data/mouse_methyl/raw/GSE80672/fastq/SRR3440592_1.fastq,2483893676,2.313306,2026-04-26T10:49:25.522935+00:00,False,/data/mouse_methyl/raw
GSE80672,SRR3440592,2.0,SRR3440592_2.fastq,/data/mouse_methyl/raw/GSE80672/fastq/SRR3440592_2.fastq,2483893676,2.313306,2026-04-26T10:49:25.529935+00:00,False,/data/mouse_methyl/raw
GSE80672,SRR3440593,1.0,SRR3440593_1.fastq,/data/mouse_methyl/raw/GSE80672/fastq/SRR3440593_1.fastq,3070571100,2.859692,2026-05-03T22:53:43.365486+00:00,False,/data/mouse_methyl/raw
GSE80672,SRR3440593,2.0,SRR3440593_2.fastq,/data/mouse_methyl/raw/GSE80672/fastq/SRR3440593_2.fastq,3070571100,2.859692,2026-05-03T22:53:43.369486+00:00,False,/data/mouse_methyl/raw
GSE80672,SRR3440594,1.0,SRR3440594_1.fastq,/data/mouse_methyl/raw/GSE80672/fastq/SRR3440594_1.fastq,3395178540,3.162006,2026-05-03T23:37:52.097240+00:00,False,/data/mouse_methyl/raw
GSE80672,SRR3440594,2.0,SRR3440594_2.fastq,/data/mouse_methyl/raw/GSE80672/fastq/SRR3440594_2.fastq,3395178540,3.162006,2026-05-03T23:37:52.109241+00:00,False,/data/mouse_methyl/raw
GSE80672,SRR3440595,1.0,SRR3440595_1.fastq,/data/mouse_methyl/raw/GSE80672/fastq/SRR3440595_1.fastq,5329173228,4.963179,2026-05-04T00:46:29.747595+00:00,False,/data/mouse_methyl/raw
GSE80672,SRR3440595,2.0,SRR3440595_2.fastq,/data/mouse_methyl/raw/GSE80672/fastq/SRR3440595_2.fastq,5329173228,4.963179,2026-05-04T00:46:29.753595+00:00,False,/data/mouse_methyl/raw
GSE80672,SRR3440596,1.0,SRR3440596_1.fastq,/data/mouse_methyl/raw/GSE80672/fastq/SRR3440596_1.fastq,1573328808,1.465277,2026-04-26T10:30:01.345283+00:00,False,/data/mouse_methyl/raw
GSE80672,SRR3440596,2.0,SRR3440596_2.fastq,/data/mouse_methyl/raw/GSE80672/fastq/SRR3440596_2.fastq,1573328808,1.465277,2026-04-26T10:30:01.345283+00:00,False,/data/mouse_methyl/raw
GSE80672,SRR3440597,1.0,SRR3440597_1.fastq,/data/mouse_methyl/raw/GSE80672/fastq/SRR3440597_1.fastq,2052302544,1.911356,2026-04-26T10:41:23.340502+00:00,False,/data/mouse_methyl/raw
GSE80672,SRR3440597,2.0,SRR3440597_2.fastq,/data/mouse_methyl/raw/GSE80672/fastq/SRR3440597_2.fastq,2052302544,1.911356,2026-04-26T10:41:23.361503+00:00,False,/data/mouse_methyl/raw
GSE80672,SRR3440598,1.0,SRR3440598_1.fastq,/data/mouse_methyl/raw/GSE80672/fastq/SRR3440598_1.fastq,3731025220,3.474788,2026-05-04T01:35:22.234537+00:00,False,/data/mouse_methyl/raw
GSE80672,SRR3440598,2.0,SRR3440598_2.fastq,/data/mouse_methyl/raw/GSE80672/fastq/SRR3440598_2.fastq,3731025220,3.474788,2026-05-04T01:35:22.237537+00:00,False,/data/mouse_methyl/raw
GSE80672,SRR3440599,1.0,SRR3440599_1.fastq,/data/mouse_methyl/raw/GSE80672/fastq/SRR3440599_1.fastq,2312229220,2.153431,2026-04-26T12:43:22.724598+00:00,False,/data/mouse_methyl/raw
GSE80672,SRR3440599,2.0,SRR3440599_2.fastq,/data/mouse_methyl/raw/GSE80672/fastq/SRR3440599_2.fastq,2312229220,2.153431,2026-04-26T12:43:22.741599+00:00,False,/data/mouse_methyl/raw
GSE80672,SRR3440600,1.0,SRR3440600_1.fastq,/data/mouse_methyl/raw/GSE80672/fastq/SRR3440600_1.fastq,2401899772,2.236943,2026-04-26T16:34:15.001328+00:00,False,/data/mouse_methyl/raw
GSE80672,SRR3440600,2.0,SRR3440600_2.fastq,/data/mouse_methyl/raw/GSE80672/fastq/SRR3440600_2.fastq,2401899772,2.236943,2026-04-26T16:34:15.025329+00:00,False,/data/mouse_methyl/raw
GSE80672,SRR3440601,1.0,SRR3440601_1.fastq,/data/mouse_methyl/raw/GSE80672/fastq/SRR3440601_1.fastq,3478170740,3.239299,2026-05-04T02:16:10.975857+00:00,False,/data/mouse_methyl/raw
GSE80672,SRR3440601,2.0,SRR3440601_2.fastq,/data/mouse_methyl/raw/GSE80672/fastq/SRR3440601_2.fastq,3478170740,3.239299,2026-05-04T02:16:10.974857+00:00,False,/data/mouse_methyl/raw
GSE80672,SRR3440602,1.0,SRR3440602_1.fastq,/data/mouse_methyl/raw/GSE80672/fastq/SRR3440602_1.fastq,770018688,0.717136,2026-04-26T11:21:45.831812+00:00,False,/data/mouse_methyl/raw
GSE80672,SRR3440602,2.0,SRR3440602_2.fastq,/data/mouse_methyl/raw/GSE80672/fastq/SRR3440602_2.fastq,770018688,0.717136,2026-04-26T11:21:45.830812+00:00,False,/data/mouse_methyl/raw
GSE80672,SRR3440603,1.0,SRR3440603_1.fastq,/data/mouse_methyl/raw/GSE80672/fastq/SRR3440603_1.fastq,2301302252,2.143255,2026-04-26T16:34:56.029340+00:00,False,/data/mouse_methyl/raw
GSE80672,SRR3440603,2.0,SRR3440603_2.fastq,/data/mouse_methyl/raw/GSE80672/fastq/SRR3440603_2.fastq,2301302252,2.143255,2026-04-26T16:34:55.973337+00:00,False,/data/mouse_methyl/raw
GSE80672,SRR3440604,1.0,SRR3440604_1.fastq,/data/mouse_methyl/raw/GSE80672/fastq/SRR3440604_1.fastq,2497450132,2.325932,2026-04-26T16:41:10.864533+00:00,False,/data/mouse_methyl/raw
GSE80672,SRR3440604,2.0,SRR3440604_2.fastq,/data/mouse_methyl/raw/GSE80672/fastq/SRR3440604_2.fastq,2497450132,2.325932,2026-04-26T16:41:10.868533+00:00,False,/data/mouse_methyl/raw
GSE80672,SRR3440605,1.0,SRR3440605_1.fastq,/data/mouse_methyl/raw/GSE80672/fastq/SRR3440605_1.fastq,2227847952,2.074845,2026-05-04T02:46:21.660039+00:00,False,/data/mouse_methyl/raw
GSE80672,SRR3440605,2.0,SRR3440605_2.fastq,/data/mouse_methyl/raw/GSE80672/fastq/SRR3440605_2.fastq,2227847952,2.074845,2026-05-04T02:46:21.657039+00:00,False,/data/mouse_methyl/raw
GSE80672,SRR3440606,1.0,SRR3440606_1.fastq,/data/mouse_methyl/raw/GSE80672/fastq/SRR3440606_1.fastq,3235067452,3.012891,2026-05-04T03:24:20.672680+00:00,False,/data/mouse_methyl/raw
GSE80672,SRR3440606,2.0,SRR3440606_2.fastq,/data/mouse_methyl/raw/GSE80672/fastq/SRR3440606_2.fastq,3235067452,3.012891,2026-05-04T03:24:20.685680+00:00,False,/data/mouse_methyl/raw
GSE80672,SRR3440607,1.0,SRR3440607_1.fastq,/data/mouse_methyl/raw/GSE80672/fastq/SRR3440607_1.fastq,3159680444,2.942682,2026-05-04T04:07:20.461071+00:00,False,/data/mouse_methyl/raw
GSE80672,SRR3440607,2.0,SRR3440607_2.fastq,/data/mouse_methyl/raw/GSE80672/fastq/SRR3440607_2.fastq,3159680444,2.942682,2026-05-04T04:07:20.453070+00:00,False,/data/mouse_methyl/raw
GSE80672,SRR3440608,1.0,SRR3440608_1.fastq,/data/mouse_methyl/raw/GSE80672/fastq/SRR3440608_1.fastq,4615606188,4.298618,2026-05-04T05:05:30.162098+00:00,False,/data/mouse_methyl/raw
GSE80672,SRR3440608,2.0,SRR3440608_2.fastq,/data/mouse_methyl/raw/GSE80672/fastq/SRR3440608_2.fastq,4615606188,4.298618,2026-05-04T05:05:30.187099+00:00,False,/data/mouse_methyl/raw
GSE80672,SRR3440609,1.0,SRR3440609_1.fastq,/data/mouse_methyl/raw/GSE80672/fastq/SRR3440609_1.fastq,2093542272,1.949763,2026-05-04T05:31:53.793363+00:00,False,/data/mouse_methyl/raw
GSE80672,SRR3440609,2.0,SRR3440609_2.fastq,/data/mouse_methyl/raw/GSE80672/fastq/SRR3440609_2.fastq,2093542272,1.949763,2026-05-04T05:31:53.852367+00:00,False,/data/mouse_methyl/raw
GSE80672,SRR3440610,1.0,SRR3440610_1.fastq,/data/mouse_methyl/raw/GSE80672/fastq/SRR3440610_1.fastq,3449959540,3.213025,2026-05-04T06:11:56.902840+00:00,False,/data/mouse_methyl/raw
GSE80672,SRR3440610,2.0,SRR3440610_2.fastq,/data/mouse_methyl/raw/GSE80672/fastq/SRR3440610_2.fastq,3449959540,3.213025,2026-05-04T06:11:56.888839+00:00,False,/data/mouse_methyl/raw
GSE80672,SRR3440611,1.0,SRR3440611_1.fastq,/data/mouse_methyl/raw/GSE80672/fastq/SRR3440611_1.fastq,2600680388,2.422072,2026-04-26T17:27:14.648326+00:00,False,/data/mouse_methyl/raw
GSE80672,SRR3440611,2.0,SRR3440611_2.fastq,/data/mouse_methyl/raw/GSE80672/fastq/SRR3440611_2.fastq,2600680388,2.422072,2026-04-26T17:27:14.659326+00:00,False,/data/mouse_methyl/raw
GSE80672,SRR3440612,1.0,SRR3440612_1.fastq,/data/mouse_methyl/raw/GSE80672/fastq/SRR3440612_1.fastq,3133297868,2.918111,2026-04-26T18:22:15.098373+00:00,False,/data/mouse_methyl/raw
GSE80672,SRR3440612,2.0,SRR3440612_2.fastq,/data/mouse_methyl/raw/GSE80672/fastq/SRR3440612_2.fastq,3133297868,2.918111,2026-04-26T18:22:15.117374+00:00,False,/data/mouse_methyl/raw
GSE80672,SRR3440613,1.0,SRR3440613_1.fastq,/data/mouse_methyl/raw/GSE80672/fastq/SRR3440613_1.fastq,2893202460,2.694505,2026-04-26T20:00:04.665356+00:00,False,/data/mouse_methyl/raw
GSE80672,SRR3440613,2.0,SRR3440613_2.fastq,/data/mouse_methyl/raw/GSE80672/fastq/SRR3440613_2.fastq,2893202460,2.694505,2026-04-26T20:00:04.693357+00:00,False,/data/mouse_methyl/raw
GSE80672,SRR3440614,1.0,SRR3440614_1.fastq,/data/mouse_methyl/raw/GSE80672/fastq/SRR3440614_1.fastq,4062958524,3.783925,2026-04-26T20:23:09.359233+00:00,False,/data/mouse_methyl/raw
GSE80672,SRR3440614,2.0,SRR3440614_2.fastq,/data/mouse_methyl/raw/GSE80672/fastq/SRR3440614_2.fastq,4062958524,3.783925,2026-04-26T20:23:09.368234+00:00,False,/data/mouse_methyl/raw
GSE80672,SRR3440615,1.0,SRR3440615_1.fastq,/data/mouse_methyl/raw/GSE80672/fastq/SRR3440615_1.fastq,2539242380,2.364854,2026-04-26T19:50:42.483230+00:00,False,/data/mouse_methyl/raw
GSE80672,SRR3440615,2.0,SRR3440615_2.fastq,/data/mouse_methyl/raw/GSE80672/fastq/SRR3440615_2.fastq,2539242380,2.364854,2026-04-26T19:50:42.501231+00:00,False,/data/mouse_methyl/raw
GSE80672,SRR3440616,1.0,SRR3440616_1.fastq,/data/mouse_methyl/raw/GSE80672/fastq/SRR3440616_1.fastq,3208742412,2.988374,2026-04-26T20:10:43.609316+00:00,False,/data/mouse_methyl/raw
GSE80672,SRR3440616,2.0,SRR3440616_2.fastq,/data/mouse_methyl/raw/GSE80672/fastq/SRR3440616_2.fastq,3208742412,2.988374,2026-04-26T20:10:43.640319+00:00,False,/data/mouse_methyl/raw
GSE80672,SRR3440617,1.0,SRR3440617_1.fastq,/data/mouse_methyl/raw/GSE80672/fastq/SRR3440617_1.fastq,1047618492,0.975671,2026-04-26T19:19:50.719466+00:00,False,/data/mouse_methyl/raw
GSE80672,SRR3440617,2.0,SRR3440617_2.fastq,/data/mouse_methyl/raw/GSE80672/fastq/SRR3440617_2.fastq,1047618492,0.975671,2026-04-26T19:19:50.711466+00:00,False,/data/mouse_methyl/raw
GSE80672,SRR3440618,1.0,SRR3440618_1.fastq,/data/mouse_methyl/raw/GSE80672/fastq/SRR3440618_1.fastq,2480676300,2.31031,2026-04-26T19:53:08.359413+00:00,False,/data/mouse_methyl/raw
GSE80672,SRR3440618,2.0,SRR3440618_2.fastq,/data/mouse_methyl/raw/GSE80672/fastq/SRR3440618_2.fastq,2480676300,2.31031,2026-04-26T19:53:08.359413+00:00,False,/data/mouse_methyl/raw
GSE80672,SRR3440619,1.0,SRR3440619_1.fastq,/data/mouse_methyl/raw/GSE80672/fastq/SRR3440619_1.fastq,3354640948,3.124253,2026-04-26T20:41:27.009230+00:00,False,/data/mouse_methyl/raw
GSE80672,SRR3440619,2.0,SRR3440619_2.fastq,/data/mouse_methyl/raw/GSE80672/fastq/SRR3440619_2.fastq,3354640948,3.124253,2026-04-26T20:41:27.025231+00:00,False,/data/mouse_methyl/raw
GSE80672,SRR3440620,1.0,SRR3440620_1.fastq,/data/mouse_methyl/raw/GSE80672/fastq/SRR3440620_1.fastq,2509770956,2.337406,2026-04-26T20:17:30.374721+00:00,False,/data/mouse_methyl/raw
GSE80672,SRR3440620,2.0,SRR3440620_2.fastq,/data/mouse_methyl/raw/GSE80672/fastq/SRR3440620_2.fastq,2509770956,2.337406,2026-04-26T20:17:30.370720+00:00,False,/data/mouse_methyl/raw
GSE80672,SRR3440621,1.0,SRR3440621_1.fastq,/data/mouse_methyl/raw/GSE80672/fastq/SRR3440621_1.fastq,3776137852,3.516802,2026-04-26T20:47:55.228150+00:00,False,/data/mouse_methyl/raw
GSE80672,SRR3440621,2.0,SRR3440621_2.fastq,/data/mouse_methyl/raw/GSE80672/fastq/SRR3440621_2.fastq,3776137852,3.516802,2026-04-26T20:47:55.293153+00:00,False,/data/mouse_methyl/raw
GSE80672,SRR3440622,1.0,SRR3440622_1.fastq,/data/mouse_methyl/raw/GSE80672/fastq/SRR3440622_1.fastq,773284788,0.720178,2026-04-26T21:17:12.424841+00:00,False,/data/mouse_methyl/raw
GSE80672,SRR3440622,2.0,SRR3440622_2.fastq,/data/mouse_methyl/raw/GSE80672/fastq/SRR3440622_2.fastq,773284788,0.720178,2026-04-26T21:17:12.413841+00:00,False,/data/mouse_methyl/raw
GSE80672,SRR3440623,1.0,SRR3440623_1.fastq,/data/mouse_methyl/raw/GSE80672/fastq/SRR3440623_1.fastq,2428460292,2.26168,2026-04-26T22:14:12.010960+00:00,False,/data/mouse_methyl/raw
GSE80672,SRR3440623,2.0,SRR3440623_2.fastq,/data/mouse_methyl/raw/GSE80672/fastq/SRR3440623_2.fastq,2428460292,2.26168,2026-04-26T22:14:11.612941+00:00,False,/data/mouse_methyl/raw
GSE80672,SRR3440624,1.0,SRR3440624_1.fastq,/data/mouse_methyl/raw/GSE80672/fastq/SRR3440624_1.fastq,2628076340,2.447587,2026-04-26T22:34:37.411114+00:00,False,/data/mouse_methyl/raw
GSE80672,SRR3440624,2.0,SRR3440624_2.fastq,/data/mouse_methyl/raw/GSE80672/fastq/SRR3440624_2.fastq,2628076340,2.447587,2026-04-26T22:34:37.396113+00:00,False,/data/mouse_methyl/raw
GSE80672,SRR3440625,1.0,SRR3440625_1.fastq,/data/mouse_methyl/raw/GSE80672/fastq/SRR3440625_1.fastq,3447445124,3.210683,2026-04-26T23:11:36.786249+00:00,False,/data/mouse_methyl/raw
GSE80672,SRR3440625,2.0,SRR3440625_2.fastq,/data/mouse_methyl/raw/GSE80672/fastq/SRR3440625_2.fastq,3447445124,3.210683,2026-04-26T23:11:36.821250+00:00,False,/data/mouse_methyl/raw
GSE80672,SRR3440626,1.0,SRR3440626_1.fastq,/data/mouse_methyl/raw/GSE80672/fastq/SRR3440626_1.fastq,4989559564,4.646889,2026-05-04T07:13:35.216422+00:00,False,/data/mouse_methyl/raw
GSE80672,SRR3440626,2.0,SRR3440626_2.fastq,/data/mouse_methyl/raw/GSE80672/fastq/SRR3440626_2.fastq,4989559564,4.646889,2026-05-04T07:13:35.217422+00:00,False,/data/mouse_methyl/raw
GSE80672,SRR3440627,1.0,SRR3440627_1.fastq,/data/mouse_methyl/raw/GSE80672/fastq/SRR3440627_1.fastq,2429250020,2.262415,2026-04-26T22:52:49.358348+00:00,False,/data/mouse_methyl/raw
GSE80672,SRR3440627,2.0,SRR3440627_2.fastq,/data/mouse_methyl/raw/GSE80672/fastq/SRR3440627_2.fastq,2429250020,2.262415,2026-04-26T22:52:49.367348+00:00,False,/data/mouse_methyl/raw
GSE80672,SRR3440628,1.0,SRR3440628_1.fastq,/data/mouse_methyl/raw/GSE80672/fastq/SRR3440628_1.fastq,2102674356,1.958268,2026-04-26T22:46:28.718940+00:00,False,/data/mouse_methyl/raw
GSE80672,SRR3440628,2.0,SRR3440628_2.fastq,/data/mouse_methyl/raw/GSE80672/fastq/SRR3440628_2.fastq,2102674356,1.958268,2026-04-26T22:46:28.703940+00:00,False,/data/mouse_methyl/raw
GSE80672,SRR3440629,1.0,SRR3440629_1.fastq,/data/mouse_methyl/raw/GSE80672/fastq/SRR3440629_1.fastq,1743043800,1.623336,2026-04-26T22:31:00.102806+00:00,False,/data/mouse_methyl/raw
GSE80672,SRR3440629,2.0,SRR3440629_2.fastq,/data/mouse_methyl/raw/GSE80672/fastq/SRR3440629_2.fastq,1743043800,1.623336,2026-04-26T22:31:00.059804+00:00,False,/data/mouse_methyl/raw
GSE80672,SRR3440630,1.0,SRR3440630_1.fastq,/data/mouse_methyl/raw/GSE80672/fastq/SRR3440630_1.fastq,2092115220,1.948434,2026-04-26T22:53:02.565954+00:00,False,/data/mouse_methyl/raw
GSE80672,SRR3440630,2.0,SRR3440630_2.fastq,/data/mouse_methyl/raw/GSE80672/fastq/SRR3440630_2.fastq,2092115220,1.948434,2026-04-26T22:53:02.586955+00:00,False,/data/mouse_methyl/raw
GSE80672,SRR3440631,1.0,SRR3440631_1.fastq,/data/mouse_methyl/raw/GSE80672/fastq/SRR3440631_1.fastq,3203655580,2.983637,2026-04-26T23:22:46.671853+00:00,False,/data/mouse_methyl/raw
GSE80672,SRR3440631,2.0,SRR3440631_2.fastq,/data/mouse_methyl/raw/GSE80672/fastq/SRR3440631_2.fastq,3203655580,2.983637,2026-04-26T23:22:46.683854+00:00,False,/data/mouse_methyl/raw
GSE80672,SRR3440632,1.0,SRR3440632_1.fastq,/data/mouse_methyl/raw/GSE80672/fastq/SRR3440632_1.fastq,2721480236,2.534576,2026-04-27T01:03:27.719725+00:00,False,/data/mouse_methyl/raw
GSE80672,SRR3440632,2.0,SRR3440632_2.fastq,/data/mouse_methyl/raw/GSE80672/fastq/SRR3440632_2.fastq,2721480236,2.534576,2026-04-27T01:03:27.740726+00:00,False,/data/mouse_methyl/raw
GSE80672,SRR3440633,1.0,SRR3440633_1.fastq,/data/mouse_methyl/raw/GSE80672/fastq/SRR3440633_1.fastq,3971889012,3.69911,2026-05-04T08:18:55.452076+00:00,False,/data/mouse_methyl/raw
GSE80672,SRR3440633,2.0,SRR3440633_2.fastq,/data/mouse_methyl/raw/GSE80672/fastq/SRR3440633_2.fastq,3971889012,3.69911,2026-05-04T08:18:55.452076+00:00,False,/data/mouse_methyl/raw
GSE80672,SRR3440634,1.0,SRR3440634_1.fastq,/data/mouse_methyl/raw/GSE80672/fastq/SRR3440634_1.fastq,3013456876,2.8065,2026-04-27T01:38:27.871602+00:00,False,/data/mouse_methyl/raw
GSE80672,SRR3440634,2.0,SRR3440634_2.fastq,/data/mouse_methyl/raw/GSE80672/fastq/SRR3440634_2.fastq,3013456876,2.8065,2026-04-27T01:38:27.837600+00:00,False,/data/mouse_methyl/raw
GSE80672,SRR3440635,1.0,SRR3440635_1.fastq,/data/mouse_methyl/raw/GSE80672/fastq/SRR3440635_1.fastq,2202125220,2.050889,2026-04-27T01:09:55.893460+00:00,False,/data/mouse_methyl/raw
GSE80672,SRR3440635,2.0,SRR3440635_2.fastq,/data/mouse_methyl/raw/GSE80672/fastq/SRR3440635_2.fastq,2202125220,2.050889,2026-04-27T01:09:55.901460+00:00,False,/data/mouse_methyl/raw
GSE80672,SRR3440636,1.0,SRR3440636_1.fastq,/data/mouse_methyl/raw/GSE80672/fastq/SRR3440636_1.fastq,3245037420,3.022177,2026-04-27T01:54:05.284450+00:00,False,/data/mouse_methyl/raw
GSE80672,SRR3440636,2.0,SRR3440636_2.fastq,/data/mouse_methyl/raw/GSE80672/fastq/SRR3440636_2.fastq,3245037420,3.022177,2026-04-27T01:54:05.278450+00:00,False,/data/mouse_methyl/raw
GSE80672,SRR3440637,1.0,SRR3440637_1.fastq,/data/mouse_methyl/raw/GSE80672/fastq/SRR3440637_1.fastq,1818889368,1.693973,2026-04-27T01:02:56.090362+00:00,False,/data/mouse_methyl/raw
GSE80672,SRR3440637,2.0,SRR3440637_2.fastq,/data/mouse_methyl/raw/GSE80672/fastq/SRR3440637_2.fastq,1818889368,1.693973,2026-04-27T01:02:56.103362+00:00,False,/data/mouse_methyl/raw
GSE80672,SRR3440638,1.0,SRR3440638_1.fastq,/data/mouse_methyl/raw/GSE80672/fastq/SRR3440638_1.fastq,2862709076,2.666106,2026-04-27T01:56:28.183021+00:00,False,/data/mouse_methyl/raw
GSE80672,SRR3440638,2.0,SRR3440638_2.fastq,/data/mouse_methyl/raw/GSE80672/fastq/SRR3440638_2.fastq,2862709076,2.666106,2026-04-27T01:56:28.184021+00:00,False,/data/mouse_methyl/raw
GSE80672,SRR3440639,1.0,SRR3440639_1.fastq,/data/mouse_methyl/raw/GSE80672/fastq/SRR3440639_1.fastq,2695356340,2.510246,2026-04-27T01:56:02.632668+00:00,False,/data/mouse_methyl/raw
GSE80672,SRR3440639,2.0,SRR3440639_2.fastq,/data/mouse_methyl/raw/GSE80672/fastq/SRR3440639_2.fastq,2695356340,2.510246,2026-04-27T01:56:02.589666+00:00,False,/data/mouse_methyl/raw
GSE80672,SRR3440640,1.0,SRR3440640_1.fastq,/data/mouse_methyl/raw/GSE80672/fastq/SRR3440640_1.fastq,3433849924,3.198022,2026-05-04T09:01:58.880787+00:00,False,/data/mouse_methyl/raw
GSE80672,SRR3440640,2.0,SRR3440640_2.fastq,/data/mouse_methyl/raw/GSE80672/fastq/SRR3440640_2.fastq,3433849924,3.198022,2026-05-04T09:01:58.870787+00:00,False,/data/mouse_methyl/raw
GSE80672,SRR3440641,1.0,SRR3440641_1.fastq,/data/mouse_methyl/raw/GSE80672/fastq/SRR3440641_1.fastq,4420828732,4.117218,2026-05-04T09:51:37.708933+00:00,False,/data/mouse_methyl/raw
GSE80672,SRR3440641,2.0,SRR3440641_2.fastq,/data/mouse_methyl/raw/GSE80672/fastq/SRR3440641_2.fastq,4420828732,4.117218,2026-05-04T09:51:37.680932+00:00,False,/data/mouse_methyl/raw
GSE80672,SRR3440642,1.0,SRR3440642_1.fastq,/data/mouse_methyl/raw/GSE80672/fastq/SRR3440642_1.fastq,5284339924,4.921425,2026-05-04T11:04:08.334134+00:00,False,/data/mouse_methyl/raw
GSE80672,SRR3440642,2.0,SRR3440642_2.fastq,/data/mouse_methyl/raw/GSE80672/fastq/SRR3440642_2.fastq,5284339924,4.921425,2026-05-04T11:04:08.333134+00:00,False,/data/mouse_methyl/raw
GSE80672,SRR3440643,1.0,SRR3440643_1.fastq,/data/mouse_methyl/raw/GSE80672/fastq/SRR3440643_1.fastq,6606380556,6.152671,2026-05-04T12:31:55.881417+00:00,False,/data/mouse_methyl/raw
GSE80672,SRR3440643,2.0,SRR3440643_2.fastq,/data/mouse_methyl/raw/GSE80672/fastq/SRR3440643_2.fastq,6606380556,6.152671,2026-05-04T12:31:55.882417+00:00,False,/data/mouse_methyl/raw
GSE80672,SRR3440644,1.0,SRR3440644_1.fastq,/data/mouse_methyl/raw/GSE80672/fastq/SRR3440644_1.fastq,4823695572,4.492417,2026-05-04T13:43:16.518622+00:00,False,/data/mouse_methyl/raw
GSE80672,SRR3440644,2.0,SRR3440644_2.fastq,/data/mouse_methyl/raw/GSE80672/fastq/SRR3440644_2.fastq,4823695572,4.492417,2026-05-04T13:43:16.449617+00:00,False,/data/mouse_methyl/raw
GSE80672,SRR3440645,1.0,SRR3440645_1.fastq,/data/mouse_methyl/raw/GSE80672/fastq/SRR3440645_1.fastq,2184848976,2.034799,2026-04-27T03:45:18.527360+00:00,False,/data/mouse_methyl/raw
GSE80672,SRR3440645,2.0,SRR3440645_2.fastq,/data/mouse_methyl/raw/GSE80672/fastq/SRR3440645_2.fastq,2184848976,2.034799,2026-04-27T03:45:18.547361+00:00,False,/data/mouse_methyl/raw
GSE80672,SRR3440646,1.0,SRR3440646_1.fastq,/data/mouse_methyl/raw/GSE80672/fastq/SRR3440646_1.fastq,4945546148,4.605899,2026-05-04T15:49:42.146369+00:00,False,/data/mouse_methyl/raw
GSE80672,SRR3440646,2.0,SRR3440646_2.fastq,/data/mouse_methyl/raw/GSE80672/fastq/SRR3440646_2.fastq,4945546148,4.605899,2026-05-04T15:49:42.133368+00:00,False,/data/mouse_methyl/raw
GSE80672,SRR3440647,1.0,SRR3440647_1.fastq,/data/mouse_methyl/raw/GSE80672/fastq/SRR3440647_1.fastq,5762039524,5.366317,2026-05-04T17:18:46.513510+00:00,False,/data/mouse_methyl/raw
GSE80672,SRR3440647,2.0,SRR3440647_2.fastq,/data/mouse_methyl/raw/GSE80672/fastq/SRR3440647_2.fastq,5762039524,5.366317,2026-05-04T17:18:46.577511+00:00,False,/data/mouse_methyl/raw
GSE80672,SRR3440648,1.0,SRR3440648_1.fastq,/data/mouse_methyl/raw/GSE80672/fastq/SRR3440648_1.fastq,2687759500,2.503171,2026-05-04T18:00:31.273172+00:00,False,/data/mouse_methyl/raw
GSE80672,SRR3440648,2.0,SRR3440648_2.fastq,/data/mouse_methyl/raw/GSE80672/fastq/SRR3440648_2.fastq,2687759500,2.503171,2026-05-04T18:00:31.242171+00:00,False,/data/mouse_methyl/raw
GSE80672,SRR3440649,1.0,SRR3440649_1.fastq,/data/mouse_methyl/raw/GSE80672/fastq/SRR3440649_1.fastq,2962788540,2.759312,2026-05-04T18:42:44.420720+00:00,False,/data/mouse_methyl/raw
GSE80672,SRR3440649,2.0,SRR3440649_2.fastq,/data/mouse_methyl/raw/GSE80672/fastq/SRR3440649_2.fastq,2962788540,2.759312,2026-05-04T18:42:44.415720+00:00,False,/data/mouse_methyl/raw
GSE80672,SRR3440650,1.0,SRR3440650_1.fastq,/data/mouse_methyl/raw/GSE80672/fastq/SRR3440650_1.fastq,5356233244,4.988381,2026-05-04T20:02:31.488027+00:00,False,/data/mouse_methyl/raw
GSE80672,SRR3440650,2.0,SRR3440650_2.fastq,/data/mouse_methyl/raw/GSE80672/fastq/SRR3440650_2.fastq,5356233244,4.988381,2026-05-04T20:02:31.490027+00:00,False,/data/mouse_methyl/raw
GSE80672,SRR3440651,1.0,SRR3440651_1.fastq,/data/mouse_methyl/raw/GSE80672/fastq/SRR3440651_1.fastq,6702391436,6.242088,2026-05-04T21:37:30.537893+00:00,False,/data/mouse_methyl/raw
GSE80672,SRR3440651,2.0,SRR3440651_2.fastq,/data/mouse_methyl/raw/GSE80672/fastq/SRR3440651_2.fastq,6702391436,6.242088,2026-05-04T21:37:30.545893+00:00,False,/data/mouse_methyl/raw
GSE80672,SRR3440652,1.0,SRR3440652_1.fastq,/data/mouse_methyl/raw/GSE80672/fastq/SRR3440652_1.fastq,2755379844,2.566147,2026-05-04T22:20:14.875152+00:00,False,/data/mouse_methyl/raw
GSE80672,SRR3440652,2.0,SRR3440652_2.fastq,/data/mouse_methyl/raw/GSE80672/fastq/SRR3440652_2.fastq,2755379844,2.566147,2026-05-04T22:20:14.364105+00:00,False,/data/mouse_methyl/raw
GSE80672,SRR3440653,1.0,SRR3440653_1.fastq,/data/mouse_methyl/raw/GSE80672/fastq/SRR3440653_1.fastq,7128049028,6.638513,2026-05-05T00:14:15.915169+00:00,False,/data/mouse_methyl/raw
GSE80672,SRR3440653,2.0,SRR3440653_2.fastq,/data/mouse_methyl/raw/GSE80672/fastq/SRR3440653_2.fastq,7128049028,6.638513,2026-05-05T00:14:15.929170+00:00,False,/data/mouse_methyl/raw
GSE80672,SRR3440654,1.0,SRR3440654_1.fastq,/data/mouse_methyl/raw/GSE80672/fastq/SRR3440654_1.fastq,2574528652,2.397717,2026-05-05T00:51:38.685397+00:00,False,/data/mouse_methyl/raw
GSE80672,SRR3440654,2.0,SRR3440654_2.fastq,/data/mouse_methyl/raw/GSE80672/fastq/SRR3440654_2.fastq,2574528652,2.397717,2026-05-05T00:51:38.692398+00:00,False,/data/mouse_methyl/raw
GSE80672,SRR3440655,1.0,SRR3440655_1.fastq,/data/mouse_methyl/raw/GSE80672/fastq/SRR3440655_1.fastq,3289198156,3.063304,2026-05-05T01:37:49.169900+00:00,False,/data/mouse_methyl/raw
GSE80672,SRR3440655,2.0,SRR3440655_2.fastq,/data/mouse_methyl/raw/GSE80672/fastq/SRR3440655_2.fastq,3289198156,3.063304,2026-05-05T01:37:49.211902+00:00,False,/data/mouse_methyl/raw
GSE80672,SRR3440656,1.0,SRR3440656_1.fastq,/data/mouse_methyl/raw/GSE80672/fastq/SRR3440656_1.fastq,5561231924,5.179301,2026-05-05T02:58:24.875497+00:00,False,/data/mouse_methyl/raw
GSE80672,SRR3440656,2.0,SRR3440656_2.fastq,/data/mouse_methyl/raw/GSE80672/fastq/SRR3440656_2.fastq,5561231924,5.179301,2026-05-05T02:58:24.887497+00:00,False,/data/mouse_methyl/raw
GSE80672,SRR3440657,1.0,SRR3440657_1.fastq,/data/mouse_methyl/raw/GSE80672/fastq/SRR3440657_1.fastq,4532845988,4.221542,2026-05-05T04:07:14.033503+00:00,False,/data/mouse_methyl/raw
GSE80672,SRR3440657,2.0,SRR3440657_2.fastq,/data/mouse_methyl/raw/GSE80672/fastq/SRR3440657_2.fastq,4532845988,4.221542,2026-05-05T04:07:14.006502+00:00,False,/data/mouse_methyl/raw
GSE80672,SRR3440658,1.0,SRR3440658_1.fastq,/data/mouse_methyl/raw/GSE80672/fastq/SRR3440658_1.fastq,4674433964,4.353406,2026-05-08T10:03:15.362855+00:00,False,/data/mouse_methyl/raw
GSE80672,SRR3440658,2.0,SRR3440658_2.fastq,/data/mouse_methyl/raw/GSE80672/fastq/SRR3440658_2.fastq,4674433964,4.353406,2026-05-08T10:03:15.362855+00:00,False,/data/mouse_methyl/raw
GSE80672,SRR3440659,1.0,SRR3440659_1.fastq,/data/mouse_methyl/raw/GSE80672/fastq/SRR3440659_1.fastq,5172792004,4.817538,2026-05-05T06:37:42.210197+00:00,False,/data/mouse_methyl/raw
GSE80672,SRR3440659,2.0,SRR3440659_2.fastq,/data/mouse_methyl/raw/GSE80672/fastq/SRR3440659_2.fastq,5172792004,4.817538,2026-05-05T06:37:42.184196+00:00,False,/data/mouse_methyl/raw
GSE80672,SRR3440660,1.0,SRR3440660_1.fastq,/data/mouse_methyl/raw/GSE80672/fastq/SRR3440660_1.fastq,3803404348,3.542196,2026-05-05T07:40:16.647791+00:00,False,/data/mouse_methyl/raw
GSE80672,SRR3440660,2.0,SRR3440660_2.fastq,/data/mouse_methyl/raw/GSE80672/fastq/SRR3440660_2.fastq,3803404348,3.542196,2026-05-05T07:40:16.627790+00:00,False,/data/mouse_methyl/raw
GSE80672,SRR3440661,1.0,SRR3440661_1.fastq,/data/mouse_methyl/raw/GSE80672/fastq/SRR3440661_1.fastq,3469135036,3.230884,2026-05-05T08:32:11.309723+00:00,False,/data/mouse_methyl/raw
GSE80672,SRR3440661,2.0,SRR3440661_2.fastq,/data/mouse_methyl/raw/GSE80672/fastq/SRR3440661_2.fastq,3469135036,3.230884,2026-05-05T08:32:11.332724+00:00,False,/data/mouse_methyl/raw
GSE80672,SRR3440662,1.0,SRR3440662_1.fastq,/data/mouse_methyl/raw/GSE80672/fastq/SRR3440662_1.fastq,4625395196,4.307735,2026-05-05T09:44:48.802025+00:00,False,/data/mouse_methyl/raw
GSE80672,SRR3440662,2.0,SRR3440662_2.fastq,/data/mouse_methyl/raw/GSE80672/fastq/SRR3440662_2.fastq,4625395196,4.307735,2026-05-05T09:44:48.785023+00:00,False,/data/mouse_methyl/raw
GSE80672,SRR3440663,1.0,SRR3440663_1.fastq,/data/mouse_methyl/raw/GSE80672/fastq/SRR3440663_1.fastq,3295804124,3.069457,2026-05-05T10:28:45.072714+00:00,False,/data/mouse_methyl/raw
GSE80672,SRR3440663,2.0,SRR3440663_2.fastq,/data/mouse_methyl/raw/GSE80672/fastq/SRR3440663_2.fastq,3295804124,3.069457,2026-05-05T10:28:45.073714+00:00,False,/data/mouse_methyl/raw
GSE80672,SRR3440664,1.0,SRR3440664_1.fastq,/data/mouse_methyl/raw/GSE80672/fastq/SRR3440664_1.fastq,3483354780,3.244127,2026-05-05T11:19:54.534025+00:00,False,/data/mouse_methyl/raw
GSE80672,SRR3440664,2.0,SRR3440664_2.fastq,/data/mouse_methyl/raw/GSE80672/fastq/SRR3440664_2.fastq,3483354780,3.244127,2026-05-05T11:19:54.581028+00:00,False,/data/mouse_methyl/raw
GSE80672,SRR3440665,1.0,SRR3440665_1.fastq,/data/mouse_methyl/raw/GSE80672/fastq/SRR3440665_1.fastq,3928400148,3.658608,2026-05-05T12:10:37.143746+00:00,False,/data/mouse_methyl/raw
GSE80672,SRR3440665,2.0,SRR3440665_2.fastq,/data/mouse_methyl/raw/GSE80672/fastq/SRR3440665_2.fastq,3928400148,3.658608,2026-05-05T12:10:37.163747+00:00,False,/data/mouse_methyl/raw
GSE80672,SRR3440666,1.0,SRR3440666_1.fastq,/data/mouse_methyl/raw/GSE80672/fastq/SRR3440666_1.fastq,4452367276,4.14659,2026-05-05T13:22:22.265553+00:00,False,/data/mouse_methyl/raw
GSE80672,SRR3440666,2.0,SRR3440666_2.fastq,/data/mouse_methyl/raw/GSE80672/fastq/SRR3440666_2.fastq,4452367276,4.14659,2026-05-05T13:22:22.268553+00:00,False,/data/mouse_methyl/raw
GSE80672,SRR3440667,1.0,SRR3440667_1.fastq,/data/mouse_methyl/raw/GSE80672/fastq/SRR3440667_1.fastq,2545730492,2.370896,2026-04-27T06:55:49.498365+00:00,False,/data/mouse_methyl/raw
GSE80672,SRR3440667,2.0,SRR3440667_2.fastq,/data/mouse_methyl/raw/GSE80672/fastq/SRR3440667_2.fastq,2545730492,2.370896,2026-04-27T06:55:49.554368+00:00,False,/data/mouse_methyl/raw
GSE80672,SRR3440668,1.0,SRR3440668_1.fastq,/data/mouse_methyl/raw/GSE80672/fastq/SRR3440668_1.fastq,5151074948,4.797312,2026-05-05T15:04:18.271872+00:00,False,/data/mouse_methyl/raw
GSE80672,SRR3440668,2.0,SRR3440668_2.fastq,/data/mouse_methyl/raw/GSE80672/fastq/SRR3440668_2.fastq,5151074948,4.797312,2026-05-05T15:04:18.288873+00:00,False,/data/mouse_methyl/raw
GSE80672,SRR3440669,1.0,SRR3440669_1.fastq,/data/mouse_methyl/raw/GSE80672/fastq/SRR3440669_1.fastq,3686293300,3.433128,2026-04-27T07:25:20.304209+00:00,False,/data/mouse_methyl/raw
GSE80672,SRR3440669,2.0,SRR3440669_2.fastq,/data/mouse_methyl/raw/GSE80672/fastq/SRR3440669_2.fastq,3686293300,3.433128,2026-04-27T07:25:20.279207+00:00,False,/data/mouse_methyl/raw
GSE80672,SRR3440670,1.0,SRR3440670_1.fastq,/data/mouse_methyl/raw/GSE80672/fastq/SRR3440670_1.fastq,3899633772,3.631817,2026-05-05T16:04:15.209347+00:00,False,/data/mouse_methyl/raw
GSE80672,SRR3440670,2.0,SRR3440670_2.fastq,/data/mouse_methyl/raw/GSE80672/fastq/SRR3440670_2.fastq,3899633772,3.631817,2026-05-05T16:04:15.214347+00:00,False,/data/mouse_methyl/raw
GSE80672,SRR3440686,1.0,SRR3440686_1.fastq,/data/mouse_methyl/raw/GSE80672/fastq/SRR3440686_1.fastq,4544403300,4.232305,2026-04-27T10:46:52.240930+00:00,False,/data/mouse_methyl/raw
GSE80672,SRR3440686,2.0,SRR3440686_2.fastq,/data/mouse_methyl/raw/GSE80672/fastq/SRR3440686_2.fastq,4544403300,4.232305,2026-04-27T10:46:52.210929+00:00,False,/data/mouse_methyl/raw
GSE80672,SRR3440687,1.0,SRR3440687_1.fastq,/data/mouse_methyl/raw/GSE80672/fastq/SRR3440687_1.fastq,1995989964,1.858911,2026-04-27T09:37:15.366814+00:00,False,/data/mouse_methyl/raw
GSE80672,SRR3440687,2.0,SRR3440687_2.fastq,/data/mouse_methyl/raw/GSE80672/fastq/SRR3440687_2.fastq,1995989964,1.858911,2026-04-27T09:37:15.365814+00:00,False,/data/mouse_methyl/raw
GSE80672,SRR3440688,1.0,SRR3440688_1.fastq,/data/mouse_methyl/raw/GSE80672/fastq/SRR3440688_1.fastq,2413495132,2.247743,2026-04-27T09:54:59.575514+00:00,False,/data/mouse_methyl/raw
GSE80672,SRR3440688,2.0,SRR3440688_2.fastq,/data/mouse_methyl/raw/GSE80672/fastq/SRR3440688_2.fastq,2413495132,2.247743,2026-04-27T09:54:59.356504+00:00,False,/data/mouse_methyl/raw
GSE80672,SRR3440696,1.0,SRR3440696_1.fastq,/data/mouse_methyl/raw/GSE80672/fastq/SRR3440696_1.fastq,2463523612,2.294335,2026-04-27T11:33:24.716207+00:00,False,/data/mouse_methyl/raw
GSE80672,SRR3440696,2.0,SRR3440696_2.fastq,/data/mouse_methyl/raw/GSE80672/fastq/SRR3440696_2.fastq,2463523612,2.294335,2026-04-27T11:33:24.725207+00:00,False,/data/mouse_methyl/raw
GSE80672,SRR3440698,1.0,SRR3440698_1.fastq,/data/mouse_methyl/raw/GSE80672/fastq/SRR3440698_1.fastq,2746448308,2.557829,2026-04-27T11:48:10.424984+00:00,False,/data/mouse_methyl/raw
GSE80672,SRR3440698,2.0,SRR3440698_2.fastq,/data/mouse_methyl/raw/GSE80672/fastq/SRR3440698_2.fastq,2746448308,2.557829,2026-04-27T11:48:10.434984+00:00,False,/data/mouse_methyl/raw
GSE80672,SRR3440700,1.0,SRR3440700_1.fastq,/data/mouse_methyl/raw/GSE80672/fastq/SRR3440700_1.fastq,2334858732,2.174507,2026-04-27T12:52:48.357634+00:00,False,/data/mouse_methyl/raw
GSE80672,SRR3440700,2.0,SRR3440700_2.fastq,/data/mouse_methyl/raw/GSE80672/fastq/SRR3440700_2.fastq,2334858732,2.174507,2026-04-27T12:52:48.379634+00:00,False,/data/mouse_methyl/raw
GSE80672,SRR3440701,1.0,SRR3440701_1.fastq,/data/mouse_methyl/raw/GSE80672/fastq/SRR3440701_1.fastq,3140360876,2.924689,2026-04-27T16:40:47.125215+00:00,False,/data/mouse_methyl/raw
GSE80672,SRR3440701,2.0,SRR3440701_2.fastq,/data/mouse_methyl/raw/GSE80672/fastq/SRR3440701_2.fastq,3140360876,2.924689,2026-04-27T16:40:47.124214+00:00,False,/data/mouse_methyl/raw
GSE80672,SRR3440702,1.0,SRR3440702_1.fastq,/data/mouse_methyl/raw/GSE80672/fastq/SRR3440702_1.fastq,462800772,0.431017,2026-04-27T11:13:02.752962+00:00,False,/data/mouse_methyl/raw
GSE80672,SRR3440702,2.0,SRR3440702_2.fastq,/data/mouse_methyl/raw/GSE80672/fastq/SRR3440702_2.fastq,462800772,0.431017,2026-04-27T11:13:02.758963+00:00,False,/data/mouse_methyl/raw
GSE80672,SRR3440703,1.0,SRR3440703_1.fastq,/data/mouse_methyl/raw/GSE80672/fastq/SRR3440703_1.fastq,2206864884,2.055303,2026-04-27T16:31:34.103755+00:00,False,/data/mouse_methyl/raw
GSE80672,SRR3440703,2.0,SRR3440703_2.fastq,/data/mouse_methyl/raw/GSE80672/fastq/SRR3440703_2.fastq,2206864884,2.055303,2026-04-27T16:31:34.113755+00:00,False,/data/mouse_methyl/raw
GSE80672,SRR3440713,1.0,SRR3440713_1.fastq,/data/mouse_methyl/raw/GSE80672/fastq/SRR3440713_1.fastq,3143345324,2.927468,2026-04-27T18:17:12.915279+00:00,False,/data/mouse_methyl/raw
GSE80672,SRR3440713,2.0,SRR3440713_2.fastq,/data/mouse_methyl/raw/GSE80672/fastq/SRR3440713_2.fastq,3143345324,2.927468,2026-04-27T18:17:12.890278+00:00,False,/data/mouse_methyl/raw
GSE80672,SRR3440715,1.0,SRR3440715_1.fastq,/data/mouse_methyl/raw/GSE80672/fastq/SRR3440715_1.fastq,2854351044,2.658322,2026-04-27T18:21:06.946829+00:00,False,/data/mouse_methyl/raw
GSE80672,SRR3440715,2.0,SRR3440715_2.fastq,/data/mouse_methyl/raw/GSE80672/fastq/SRR3440715_2.fastq,2854351044,2.658322,2026-04-27T18:21:06.958830+00:00,False,/data/mouse_methyl/raw
GSE80672,SRR3440716,1.0,SRR3440716_1.fastq,/data/mouse_methyl/raw/GSE80672/fastq/SRR3440716_1.fastq,2334764076,2.174418,2026-04-27T18:02:50.148139+00:00,False,/data/mouse_methyl/raw
GSE80672,SRR3440716,2.0,SRR3440716_2.fastq,/data/mouse_methyl/raw/GSE80672/fastq/SRR3440716_2.fastq,2334764076,2.174418,2026-04-27T18:02:50.168140+00:00,False,/data/mouse_methyl/raw
GSE80672,SRR3440717,1.0,SRR3440717_1.fastq,/data/mouse_methyl/raw/GSE80672/fastq/SRR3440717_1.fastq,2565352124,2.38917,2026-04-27T18:04:30.359608+00:00,False,/data/mouse_methyl/raw
GSE80672,SRR3440717,2.0,SRR3440717_2.fastq,/data/mouse_methyl/raw/GSE80672/fastq/SRR3440717_2.fastq,2565352124,2.38917,2026-04-27T18:04:30.402610+00:00,False,/data/mouse_methyl/raw
GSE80672,SRR3440718,1.0,SRR3440718_1.fastq,/data/mouse_methyl/raw/GSE80672/fastq/SRR3440718_1.fastq,2718288148,2.531603,2026-04-27T18:23:21.443057+00:00,False,/data/mouse_methyl/raw
GSE80672,SRR3440718,2.0,SRR3440718_2.fastq,/data/mouse_methyl/raw/GSE80672/fastq/SRR3440718_2.fastq,2718288148,2.531603,2026-04-27T18:23:21.513061+00:00,False,/data/mouse_methyl/raw
GSE80672,SRR3440721,1.0,SRR3440721_1.fastq,/data/mouse_methyl/raw/GSE80672/fastq/SRR3440721_1.fastq,4504679796,4.19531,2026-04-27T20:34:01.152717+00:00,False,/data/mouse_methyl/raw
GSE80672,SRR3440721,2.0,SRR3440721_2.fastq,/data/mouse_methyl/raw/GSE80672/fastq/SRR3440721_2.fastq,4504679796,4.19531,2026-04-27T20:34:01.169718+00:00,False,/data/mouse_methyl/raw
GSE80672,SRR3440724,1.0,SRR3440724_1.fastq,/data/mouse_methyl/raw/GSE80672/fastq/SRR3440724_1.fastq,4229661196,3.939179,2026-04-27T20:41:51.399409+00:00,False,/data/mouse_methyl/raw
GSE80672,SRR3440724,2.0,SRR3440724_2.fastq,/data/mouse_methyl/raw/GSE80672/fastq/SRR3440724_2.fastq,4229661196,3.939179,2026-04-27T20:41:51.444411+00:00,False,/data/mouse_methyl/raw
GSE80672,SRR3440728,1.0,SRR3440728_1.fastq,/data/mouse_methyl/raw/GSE80672/fastq/SRR3440728_1.fastq,3118351036,2.904191,2026-04-27T20:29:06.344800+00:00,False,/data/mouse_methyl/raw
GSE80672,SRR3440728,2.0,SRR3440728_2.fastq,/data/mouse_methyl/raw/GSE80672/fastq/SRR3440728_2.fastq,3118351036,2.904191,2026-04-27T20:29:06.344800+00:00,False,/data/mouse_methyl/raw
GSE80672,SRR3440729,1.0,SRR3440729_1.fastq,/data/mouse_methyl/raw/GSE80672/fastq/SRR3440729_1.fastq,3069963260,2.859126,2026-04-27T20:27:51.865287+00:00,False,/data/mouse_methyl/raw
GSE80672,SRR3440729,2.0,SRR3440729_2.fastq,/data/mouse_methyl/raw/GSE80672/fastq/SRR3440729_2.fastq,3069963260,2.859126,2026-04-27T20:27:51.840286+00:00,False,/data/mouse_methyl/raw
GSE80672,SRR3440731,1.0,SRR3440731_1.fastq,/data/mouse_methyl/raw/GSE80672/fastq/SRR3440731_1.fastq,4517578068,4.207322,2026-04-27T21:32:41.958211+00:00,False,/data/mouse_methyl/raw
GSE80672,SRR3440731,2.0,SRR3440731_2.fastq,/data/mouse_methyl/raw/GSE80672/fastq/SRR3440731_2.fastq,4517578068,4.207322,2026-04-27T21:32:41.936210+00:00,False,/data/mouse_methyl/raw
GSE80672,SRR3440732,1.0,SRR3440732_1.fastq,/data/mouse_methyl/raw/GSE80672/fastq/SRR3440732_1.fastq,5342980708,4.976039,2026-04-27T22:38:15.932222+00:00,False,/data/mouse_methyl/raw
GSE80672,SRR3440732,2.0,SRR3440732_2.fastq,/data/mouse_methyl/raw/GSE80672/fastq/SRR3440732_2.fastq,5342980708,4.976039,2026-04-27T22:38:15.926221+00:00,False,/data/mouse_methyl/raw
GSE80672,SRR3440733,1.0,SRR3440733_1.fastq,/data/mouse_methyl/raw/GSE80672/fastq/SRR3440733_1.fastq,4769325908,4.441781,2026-04-27T22:33:06.550385+00:00,False,/data/mouse_methyl/raw
GSE80672,SRR3440733,2.0,SRR3440733_2.fastq,/data/mouse_methyl/raw/GSE80672/fastq/SRR3440733_2.fastq,4769325908,4.441781,2026-04-27T22:33:06.548385+00:00,False,/data/mouse_methyl/raw
GSE80672,SRR3440737,1.0,SRR3440737_1.fastq,/data/mouse_methyl/raw/GSE80672/fastq/SRR3440737_1.fastq,4430771324,4.126477,2026-04-27T22:38:27.149759+00:00,False,/data/mouse_methyl/raw
GSE80672,SRR3440737,2.0,SRR3440737_2.fastq,/data/mouse_methyl/raw/GSE80672/fastq/SRR3440737_2.fastq,4430771324,4.126477,2026-04-27T22:38:27.151759+00:00,False,/data/mouse_methyl/raw
GSE80672,SRR3440738,1.0,SRR3440738_1.fastq,/data/mouse_methyl/raw/GSE80672/fastq/SRR3440738_1.fastq,4429952828,4.125715,2026-04-27T22:50:53.352388+00:00,False,/data/mouse_methyl/raw
GSE80672,SRR3440738,2.0,SRR3440738_2.fastq,/data/mouse_methyl/raw/GSE80672/fastq/SRR3440738_2.fastq,4429952828,4.125715,2026-04-27T22:50:53.322387+00:00,False,/data/mouse_methyl/raw
GSE80672,SRR3440739,1.0,SRR3440739_1.fastq,/data/mouse_methyl/raw/GSE80672/fastq/SRR3440739_1.fastq,5193800764,4.837104,2026-04-28T00:48:35.251277+00:00,False,/data/mouse_methyl/raw
GSE80672,SRR3440739,2.0,SRR3440739_2.fastq,/data/mouse_methyl/raw/GSE80672/fastq/SRR3440739_2.fastq,5193800764,4.837104,2026-04-28T00:48:35.231276+00:00,False,/data/mouse_methyl/raw
GSE80672,SRR3440740,1.0,SRR3440740_1.fastq,/data/mouse_methyl/raw/GSE80672/fastq/SRR3440740_1.fastq,4585787228,4.270847,2026-04-28T00:50:59.422163+00:00,False,/data/mouse_methyl/raw
GSE80672,SRR3440740,2.0,SRR3440740_2.fastq,/data/mouse_methyl/raw/GSE80672/fastq/SRR3440740_2.fastq,4585787228,4.270847,2026-04-28T00:50:59.427164+00:00,False,/data/mouse_methyl/raw
GSE80672,SRR3440742,1.0,SRR3440742_1.fastq,/data/mouse_methyl/raw/GSE80672/fastq/SRR3440742_1.fastq,4282785484,3.988655,2026-04-28T01:32:51.623075+00:00,False,/data/mouse_methyl/raw
GSE80672,SRR3440742,2.0,SRR3440742_2.fastq,/data/mouse_methyl/raw/GSE80672/fastq/SRR3440742_2.fastq,4282785484,3.988655,2026-04-28T01:32:51.623075+00:00,False,/data/mouse_methyl/raw
GSE80672,SRR3440743,1.0,SRR3440743_1.fastq,/data/mouse_methyl/raw/GSE80672/fastq/SRR3440743_1.fastq,4628130940,4.310283,2026-04-28T01:40:50.216561+00:00,False,/data/mouse_methyl/raw
GSE80672,SRR3440743,2.0,SRR3440743_2.fastq,/data/mouse_methyl/raw/GSE80672/fastq/SRR3440743_2.fastq,4628130940,4.310283,2026-04-28T01:40:50.241562+00:00,False,/data/mouse_methyl/raw
GSE80672,SRR3440744,1.0,SRR3440744_1.fastq,/data/mouse_methyl/raw/GSE80672/fastq/SRR3440744_1.fastq,4095931292,3.814633,2026-04-28T03:38:17.408682+00:00,False,/data/mouse_methyl/raw
GSE80672,SRR3440744,2.0,SRR3440744_2.fastq,/data/mouse_methyl/raw/GSE80672/fastq/SRR3440744_2.fastq,4095931292,3.814633,2026-04-28T03:38:17.415683+00:00,False,/data/mouse_methyl/raw
GSE80672,SRR3440745,1.0,SRR3440745_1.fastq,/data/mouse_methyl/raw/GSE80672/fastq/SRR3440745_1.fastq,3800921948,3.539884,2026-04-28T03:35:38.759186+00:00,False,/data/mouse_methyl/raw
GSE80672,SRR3440745,2.0,SRR3440745_2.fastq,/data/mouse_methyl/raw/GSE80672/fastq/SRR3440745_2.fastq,3800921948,3.539884,2026-04-28T03:35:38.751186+00:00,False,/data/mouse_methyl/raw
GSE80672,SRR3440746,1.0,SRR3440746_1.fastq,/data/mouse_methyl/raw/GSE80672/fastq/SRR3440746_1.fastq,4423715044,4.119906,2026-04-28T03:54:55.197962+00:00,False,/data/mouse_methyl/raw
GSE80672,SRR3440746,2.0,SRR3440746_2.fastq,/data/mouse_methyl/raw/GSE80672/fastq/SRR3440746_2.fastq,4423715044,4.119906,2026-04-28T03:54:55.157960+00:00,False,/data/mouse_methyl/raw
GSE80672,SRR3440748,1.0,SRR3440748_1.fastq,/data/mouse_methyl/raw/GSE80672/fastq/SRR3440748_1.fastq,139885084,0.130278,2026-04-28T02:01:12.053396+00:00,False,/data/mouse_methyl/raw
GSE80672,SRR3440748,2.0,SRR3440748_2.fastq,/data/mouse_methyl/raw/GSE80672/fastq/SRR3440748_2.fastq,139885084,0.130278,2026-04-28T02:01:12.063396+00:00,False,/data/mouse_methyl/raw
GSE80672,SRR3440750,1.0,SRR3440750_1.fastq,/data/mouse_methyl/raw/GSE80672/fastq/SRR3440750_1.fastq,2490890332,2.319822,2026-04-28T03:15:40.827759+00:00,False,/data/mouse_methyl/raw
GSE80672,SRR3440750,2.0,SRR3440750_2.fastq,/data/mouse_methyl/raw/GSE80672/fastq/SRR3440750_2.fastq,2490890332,2.319822,2026-04-28T03:15:40.789757+00:00,False,/data/mouse_methyl/raw
GSE80672,SRR3440752,1.0,SRR3440752_1.fastq,/data/mouse_methyl/raw/GSE80672/fastq/SRR3440752_1.fastq,3637850540,3.388012,2026-04-28T03:45:19.552667+00:00,False,/data/mouse_methyl/raw
GSE80672,SRR3440752,2.0,SRR3440752_2.fastq,/data/mouse_methyl/raw/GSE80672/fastq/SRR3440752_2.fastq,3637850540,3.388012,2026-04-28T03:45:19.548666+00:00,False,/data/mouse_methyl/raw
GSE80672,SRR3440753,1.0,SRR3440753_1.fastq,/data/mouse_methyl/raw/GSE80672/fastq/SRR3440753_1.fastq,3916992708,3.647984,2026-04-28T05:35:18.536197+00:00,False,/data/mouse_methyl/raw
GSE80672,SRR3440753,2.0,SRR3440753_2.fastq,/data/mouse_methyl/raw/GSE80672/fastq/SRR3440753_2.fastq,3916992708,3.647984,2026-04-28T05:35:18.552198+00:00,False,/data/mouse_methyl/raw
GSE80672,SRR3440754,1.0,SRR3440754_1.fastq,/data/mouse_methyl/raw/GSE80672/fastq/SRR3440754_1.fastq,3436331396,3.200333,2026-04-28T05:37:49.675014+00:00,False,/data/mouse_methyl/raw
GSE80672,SRR3440754,2.0,SRR3440754_2.fastq,/data/mouse_methyl/raw/GSE80672/fastq/SRR3440754_2.fastq,3436331396,3.200333,2026-04-28T05:37:49.677015+00:00,False,/data/mouse_methyl/raw
GSE80672,SRR3440755,1.0,SRR3440755_1.fastq,/data/mouse_methyl/raw/GSE80672/fastq/SRR3440755_1.fastq,3704822676,3.450385,2026-04-28T05:56:37.421394+00:00,False,/data/mouse_methyl/raw
GSE80672,SRR3440755,2.0,SRR3440755_2.fastq,/data/mouse_methyl/raw/GSE80672/fastq/SRR3440755_2.fastq,3704822676,3.450385,2026-04-28T05:56:37.434395+00:00,False,/data/mouse_methyl/raw
GSE80672,SRR3440759,1.0,SRR3440759_1.fastq,/data/mouse_methyl/raw/GSE80672/fastq/SRR3440759_1.fastq,4913463100,4.576019,2026-04-28T06:37:57.603094+00:00,False,/data/mouse_methyl/raw
GSE80672,SRR3440759,2.0,SRR3440759_2.fastq,/data/mouse_methyl/raw/GSE80672/fastq/SRR3440759_2.fastq,4913463100,4.576019,2026-04-28T06:37:57.560091+00:00,False,/data/mouse_methyl/raw
GSE80672,SRR3440760,1.0,SRR3440760_1.fastq,/data/mouse_methyl/raw/GSE80672/fastq/SRR3440760_1.fastq,2615461804,2.435839,2026-04-28T06:26:09.602229+00:00,False,/data/mouse_methyl/raw
GSE80672,SRR3440760,2.0,SRR3440760_2.fastq,/data/mouse_methyl/raw/GSE80672/fastq/SRR3440760_2.fastq,2615461804,2.435839,2026-04-28T06:26:09.520221+00:00,False,/data/mouse_methyl/raw
GSE80672,SRR3440761,1.0,SRR3440761_1.fastq,/data/mouse_methyl/raw/GSE80672/fastq/SRR3440761_1.fastq,3210352724,2.989874,2026-04-28T06:46:12.790508+00:00,False,/data/mouse_methyl/raw
GSE80672,SRR3440761,2.0,SRR3440761_2.fastq,/data/mouse_methyl/raw/GSE80672/fastq/SRR3440761_2.fastq,3210352724,2.989874,2026-04-28T06:46:12.796508+00:00,False,/data/mouse_methyl/raw
GSE80672,SRR3440764,1.0,SRR3440764_1.fastq,/data/mouse_methyl/raw/GSE80672/fastq/SRR3440764_1.fastq,4283972396,3.98976,2026-04-28T09:04:27.776213+00:00,False,/data/mouse_methyl/raw
GSE80672,SRR3440764,2.0,SRR3440764_2.fastq,/data/mouse_methyl/raw/GSE80672/fastq/SRR3440764_2.fastq,4283972396,3.98976,2026-04-28T09:04:27.780214+00:00,False,/data/mouse_methyl/raw
GSE80672,SRR3440766,1.0,SRR3440766_1.fastq,/data/mouse_methyl/raw/GSE80672/fastq/SRR3440766_1.fastq,3940726772,3.670088,2026-04-28T09:00:18.287085+00:00,False,/data/mouse_methyl/raw
GSE80672,SRR3440766,2.0,SRR3440766_2.fastq,/data/mouse_methyl/raw/GSE80672/fastq/SRR3440766_2.fastq,3940726772,3.670088,2026-04-28T09:00:18.143078+00:00,False,/data/mouse_methyl/raw
GSE80672,SRR3440767,1.0,SRR3440767_1.fastq,/data/mouse_methyl/raw/GSE80672/fastq/SRR3440767_1.fastq,5490184476,5.113133,2026-04-28T09:51:34.631807+00:00,False,/data/mouse_methyl/raw
GSE80672,SRR3440767,2.0,SRR3440767_2.fastq,/data/mouse_methyl/raw/GSE80672/fastq/SRR3440767_2.fastq,5490184476,5.113133,2026-04-28T09:51:34.696810+00:00,False,/data/mouse_methyl/raw
GSE80672,SRR3440768,1.0,SRR3440768_1.fastq,/data/mouse_methyl/raw/GSE80672/fastq/SRR3440768_1.fastq,4943811484,4.604283,2026-04-28T09:41:47.100397+00:00,False,/data/mouse_methyl/raw
GSE80672,SRR3440768,2.0,SRR3440768_2.fastq,/data/mouse_methyl/raw/GSE80672/fastq/SRR3440768_2.fastq,4943811484,4.604283,2026-04-28T09:41:47.103397+00:00,False,/data/mouse_methyl/raw
GSE80672,SRR3440770,1.0,SRR3440770_1.fastq,/data/mouse_methyl/raw/GSE80672/fastq/SRR3440770_1.fastq,4582423460,4.267714,2026-04-28T09:46:32.613209+00:00,False,/data/mouse_methyl/raw
GSE80672,SRR3440770,2.0,SRR3440770_2.fastq,/data/mouse_methyl/raw/GSE80672/fastq/SRR3440770_2.fastq,4582423460,4.267714,2026-04-28T09:46:32.609209+00:00,False,/data/mouse_methyl/raw
GSE80672,SRR3440773,1.0,SRR3440773_1.fastq,/data/mouse_methyl/raw/GSE80672/fastq/SRR3440773_1.fastq,4355850868,4.056702,2026-04-28T10:45:36.445125+00:00,False,/data/mouse_methyl/raw
GSE80672,SRR3440773,2.0,SRR3440773_2.fastq,/data/mouse_methyl/raw/GSE80672/fastq/SRR3440773_2.fastq,4355850868,4.056702,2026-04-28T10:45:36.430124+00:00,False,/data/mouse_methyl/raw
GSE80672,SRR3440774,1.0,SRR3440774_1.fastq,/data/mouse_methyl/raw/GSE80672/fastq/SRR3440774_1.fastq,5077201276,4.728512,2026-04-28T11:03:40.441784+00:00,False,/data/mouse_methyl/raw
GSE80672,SRR3440774,2.0,SRR3440774_2.fastq,/data/mouse_methyl/raw/GSE80672/fastq/SRR3440774_2.fastq,5077201276,4.728512,2026-04-28T11:03:40.452784+00:00,False,/data/mouse_methyl/raw
GSE80672,SRR3440807,1.0,SRR3440807_1.fastq,/data/mouse_methyl/raw/GSE80672/fastq/SRR3440807_1.fastq,142515740,0.132728,2026-04-28T16:57:17.970625+00:00,False,/data/mouse_methyl/raw
GSE80672,SRR3440807,2.0,SRR3440807_2.fastq,/data/mouse_methyl/raw/GSE80672/fastq/SRR3440807_2.fastq,142515740,0.132728,2026-04-28T16:57:17.971625+00:00,False,/data/mouse_methyl/raw
GSE80672,SRR3440809,1.0,SRR3440809_1.fastq,/data/mouse_methyl/raw/GSE80672/fastq/SRR3440809_1.fastq,2111472876,1.966462,2026-04-28T17:44:43.850132+00:00,False,/data/mouse_methyl/raw
GSE80672,SRR3440809,2.0,SRR3440809_2.fastq,/data/mouse_methyl/raw/GSE80672/fastq/SRR3440809_2.fastq,2111472876,1.966462,2026-04-28T17:44:43.827132+00:00,False,/data/mouse_methyl/raw
GSE80672,SRR3440810,1.0,SRR3440810_1.fastq,/data/mouse_methyl/raw/GSE80672/fastq/SRR3440810_1.fastq,3683972140,3.430966,2026-04-28T18:33:21.930925+00:00,False,/data/mouse_methyl/raw
GSE80672,SRR3440810,2.0,SRR3440810_2.fastq,/data/mouse_methyl/raw/GSE80672/fastq/SRR3440810_2.fastq,3683972140,3.430966,2026-04-28T18:33:21.916924+00:00,False,/data/mouse_methyl/raw
GSE80672,SRR3440812,1.0,SRR3440812_1.fastq,/data/mouse_methyl/raw/GSE80672/fastq/SRR3440812_1.fastq,1616362896,1.505355,2026-04-28T17:46:47.126953+00:00,False,/data/mouse_methyl/raw
GSE80672,SRR3440812,2.0,SRR3440812_2.fastq,/data/mouse_methyl/raw/GSE80672/fastq/SRR3440812_2.fastq,1616362896,1.505355,2026-04-28T17:46:47.114952+00:00,False,/data/mouse_methyl/raw
GSE80672,SRR3440813,1.0,SRR3440813_1.fastq,/data/mouse_methyl/raw/GSE80672/fastq/SRR3440813_1.fastq,3541761476,3.298522,2026-04-28T18:28:15.066265+00:00,False,/data/mouse_methyl/raw
GSE80672,SRR3440813,2.0,SRR3440813_2.fastq,/data/mouse_methyl/raw/GSE80672/fastq/SRR3440813_2.fastq,3541761476,3.298522,2026-04-28T18:28:15.074265+00:00,False,/data/mouse_methyl/raw
GSE80672,SRR3440814,1.0,SRR3440814_1.fastq,/data/mouse_methyl/raw/GSE80672/fastq/SRR3440814_1.fastq,3595458340,3.348532,2026-04-28T18:37:29.852732+00:00,False,/data/mouse_methyl/raw
GSE80672,SRR3440814,2.0,SRR3440814_2.fastq,/data/mouse_methyl/raw/GSE80672/fastq/SRR3440814_2.fastq,3595458340,3.348532,2026-04-28T18:37:29.382710+00:00,False,/data/mouse_methyl/raw
GSE80672,SRR3440815,1.0,SRR3440815_1.fastq,/data/mouse_methyl/raw/GSE80672/fastq/SRR3440815_1.fastq,3767057604,3.508346,2026-04-28T18:52:03.748763+00:00,False,/data/mouse_methyl/raw
GSE80672,SRR3440815,2.0,SRR3440815_2.fastq,/data/mouse_methyl/raw/GSE80672/fastq/SRR3440815_2.fastq,3767057604,3.508346,2026-04-28T18:52:03.737762+00:00,False,/data/mouse_methyl/raw
GSE80672,SRR3440816,1.0,SRR3440816_1.fastq,/data/mouse_methyl/raw/GSE80672/fastq/SRR3440816_1.fastq,5086916972,4.737561,2026-04-28T19:29:11.509830+00:00,False,/data/mouse_methyl/raw
GSE80672,SRR3440816,2.0,SRR3440816_2.fastq,/data/mouse_methyl/raw/GSE80672/fastq/SRR3440816_2.fastq,5086916972,4.737561,2026-04-28T19:29:11.510830+00:00,False,/data/mouse_methyl/raw
GSE80672,SRR3440818,1.0,SRR3440818_1.fastq,/data/mouse_methyl/raw/GSE80672/fastq/SRR3440818_1.fastq,3395703556,3.162495,2026-04-28T21:01:51.739409+00:00,False,/data/mouse_methyl/raw
GSE80672,SRR3440818,2.0,SRR3440818_2.fastq,/data/mouse_methyl/raw/GSE80672/fastq/SRR3440818_2.fastq,3395703556,3.162495,2026-04-28T21:01:51.763411+00:00,False,/data/mouse_methyl/raw
GSE80672,SRR3440819,1.0,SRR3440819_1.fastq,/data/mouse_methyl/raw/GSE80672/fastq/SRR3440819_1.fastq,3174493412,2.956477,2026-04-28T21:24:02.287902+00:00,False,/data/mouse_methyl/raw
GSE80672,SRR3440819,2.0,SRR3440819_2.fastq,/data/mouse_methyl/raw/GSE80672/fastq/SRR3440819_2.fastq,3174493412,2.956477,2026-04-28T21:24:02.321903+00:00,False,/data/mouse_methyl/raw
GSE80672,SRR3440820,1.0,SRR3440820_1.fastq,/data/mouse_methyl/raw/GSE80672/fastq/SRR3440820_1.fastq,2265591072,2.109996,2026-04-28T21:07:06.553911+00:00,False,/data/mouse_methyl/raw
GSE80672,SRR3440820,2.0,SRR3440820_2.fastq,/data/mouse_methyl/raw/GSE80672/fastq/SRR3440820_2.fastq,2265591072,2.109996,2026-04-28T21:07:06.534910+00:00,False,/data/mouse_methyl/raw
GSE80672,SRR3440821,1.0,SRR3440821_1.fastq,/data/mouse_methyl/raw/GSE80672/fastq/SRR3440821_1.fastq,2242124856,2.088141,2026-04-28T22:03:00.019201+00:00,False,/data/mouse_methyl/raw
GSE80672,SRR3440821,2.0,SRR3440821_2.fastq,/data/mouse_methyl/raw/GSE80672/fastq/SRR3440821_2.fastq,2242124856,2.088141,2026-04-28T22:03:00.021201+00:00,False,/data/mouse_methyl/raw
GSE80672,SRR3440822,1.0,SRR3440822_1.fastq,/data/mouse_methyl/raw/GSE80672/fastq/SRR3440822_1.fastq,4840154348,4.507745,2026-04-28T23:22:20.492523+00:00,False,/data/mouse_methyl/raw
GSE80672,SRR3440822,2.0,SRR3440822_2.fastq,/data/mouse_methyl/raw/GSE80672/fastq/SRR3440822_2.fastq,4840154348,4.507745,2026-04-28T23:22:20.502524+00:00,False,/data/mouse_methyl/raw
GSE80672,SRR3440824,1.0,SRR3440824_1.fastq,/data/mouse_methyl/raw/GSE80672/fastq/SRR3440824_1.fastq,4528193460,4.217209,2026-04-28T23:56:27.606441+00:00,False,/data/mouse_methyl/raw
GSE80672,SRR3440824,2.0,SRR3440824_2.fastq,/data/mouse_methyl/raw/GSE80672/fastq/SRR3440824_2.fastq,4528193460,4.217209,2026-04-28T23:56:27.557439+00:00,False,/data/mouse_methyl/raw
GSE80672,SRR3440826,1.0,SRR3440826_1.fastq,/data/mouse_methyl/raw/GSE80672/fastq/SRR3440826_1.fastq,115026012,0.107126,2026-04-29T00:11:09.637333+00:00,False,/data/mouse_methyl/raw
GSE80672,SRR3440826,2.0,SRR3440826_2.fastq,/data/mouse_methyl/raw/GSE80672/fastq/SRR3440826_2.fastq,115026012,0.107126,2026-04-29T00:11:09.644334+00:00,False,/data/mouse_methyl/raw
GSE80672,SRR3440828,1.0,SRR3440828_1.fastq,/data/mouse_methyl/raw/GSE80672/fastq/SRR3440828_1.fastq,3555829724,3.311624,2026-04-29T01:46:25.959316+00:00,False,/data/mouse_methyl/raw
GSE80672,SRR3440828,2.0,SRR3440828_2.fastq,/data/mouse_methyl/raw/GSE80672/fastq/SRR3440828_2.fastq,3555829724,3.311624,2026-04-29T01:46:26.023319+00:00,False,/data/mouse_methyl/raw
GSE80672,SRR3440829,1.0,SRR3440829_1.fastq,/data/mouse_methyl/raw/GSE80672/fastq/SRR3440829_1.fastq,4049658892,3.771539,2026-04-29T05:38:22.279372+00:00,False,/data/mouse_methyl/raw
GSE80672,SRR3440829,2.0,SRR3440829_2.fastq,/data/mouse_methyl/raw/GSE80672/fastq/SRR3440829_2.fastq,4049658892,3.771539,2026-04-29T05:38:22.334375+00:00,False,/data/mouse_methyl/raw
GSE80672,SRR3440830,1.0,SRR3440830_1.fastq,/data/mouse_methyl/raw/GSE80672/fastq/SRR3440830_1.fastq,3182070532,2.963534,2026-04-29T02:08:32.686123+00:00,False,/data/mouse_methyl/raw
GSE80672,SRR3440830,2.0,SRR3440830_2.fastq,/data/mouse_methyl/raw/GSE80672/fastq/SRR3440830_2.fastq,3182070532,2.963534,2026-04-29T02:08:32.702124+00:00,False,/data/mouse_methyl/raw
GSE80672,SRR3440831,1.0,SRR3440831_1.fastq,/data/mouse_methyl/raw/GSE80672/fastq/SRR3440831_1.fastq,3437430380,3.201357,2026-04-29T02:28:53.130501+00:00,False,/data/mouse_methyl/raw
GSE80672,SRR3440831,2.0,SRR3440831_2.fastq,/data/mouse_methyl/raw/GSE80672/fastq/SRR3440831_2.fastq,3437430380,3.201357,2026-04-29T02:28:53.136502+00:00,False,/data/mouse_methyl/raw
GSE80672,SRR3440832,1.0,SRR3440832_1.fastq,/data/mouse_methyl/raw/GSE80672/fastq/SRR3440832_1.fastq,5896734316,5.491762,2026-04-29T07:01:33.073855+00:00,False,/data/mouse_methyl/raw
GSE80672,SRR3440832,2.0,SRR3440832_2.fastq,/data/mouse_methyl/raw/GSE80672/fastq/SRR3440832_2.fastq,5896734316,5.491762,2026-04-29T07:01:33.070855+00:00,False,/data/mouse_methyl/raw
GSE80672,SRR3440833,1.0,SRR3440833_1.fastq,/data/mouse_methyl/raw/GSE80672/fastq/SRR3440833_1.fastq,2875732860,2.678235,2026-04-29T01:40:02.505467+00:00,False,/data/mouse_methyl/raw
GSE80672,SRR3440833,2.0,SRR3440833_2.fastq,/data/mouse_methyl/raw/GSE80672/fastq/SRR3440833_2.fastq,2875732860,2.678235,2026-04-29T01:40:02.519468+00:00,False,/data/mouse_methyl/raw
GSE80672,SRR3440834,1.0,SRR3440834_1.fastq,/data/mouse_methyl/raw/GSE80672/fastq/SRR3440834_1.fastq,4324862164,4.027842,2026-04-29T06:32:05.270597+00:00,False,/data/mouse_methyl/raw
GSE80672,SRR3440834,2.0,SRR3440834_2.fastq,/data/mouse_methyl/raw/GSE80672/fastq/SRR3440834_2.fastq,4324862164,4.027842,2026-04-29T06:32:05.279598+00:00,False,/data/mouse_methyl/raw
GSE80672,SRR3440835,1.0,SRR3440835_1.fastq,/data/mouse_methyl/raw/GSE80672/fastq/SRR3440835_1.fastq,2950486972,2.747855,2026-04-29T02:42:59.392502+00:00,False,/data/mouse_methyl/raw
GSE80672,SRR3440835,2.0,SRR3440835_2.fastq,/data/mouse_methyl/raw/GSE80672/fastq/SRR3440835_2.fastq,2950486972,2.747855,2026-04-29T02:42:59.376501+00:00,False,/data/mouse_methyl/raw
GSE80672,SRR3440840,1.0,SRR3440840_1.fastq,/data/mouse_methyl/raw/GSE80672/fastq/SRR3440840_1.fastq,3357403836,3.126826,2026-04-29T07:54:50.360576+00:00,False,/data/mouse_methyl/raw
GSE80672,SRR3440840,2.0,SRR3440840_2.fastq,/data/mouse_methyl/raw/GSE80672/fastq/SRR3440840_2.fastq,3357403836,3.126826,2026-04-29T07:54:50.387578+00:00,False,/data/mouse_methyl/raw
GSE80672,SRR3440841,1.0,SRR3440841_1.fastq,/data/mouse_methyl/raw/GSE80672/fastq/SRR3440841_1.fastq,3579355452,3.333535,2026-04-29T08:02:22.721166+00:00,False,/data/mouse_methyl/raw
GSE80672,SRR3440841,2.0,SRR3440841_2.fastq,/data/mouse_methyl/raw/GSE80672/fastq/SRR3440841_2.fastq,3579355452,3.333535,2026-04-29T08:02:22.724167+00:00,False,/data/mouse_methyl/raw
GSE80672,SRR3440842,1.0,SRR3440842_1.fastq,/data/mouse_methyl/raw/GSE80672/fastq/SRR3440842_1.fastq,2472517788,2.302712,2026-04-29T07:51:17.777394+00:00,False,/data/mouse_methyl/raw
GSE80672,SRR3440842,2.0,SRR3440842_2.fastq,/data/mouse_methyl/raw/GSE80672/fastq/SRR3440842_2.fastq,2472517788,2.302712,2026-04-29T07:51:17.802395+00:00,False,/data/mouse_methyl/raw
GSE80672,SRR3440843,1.0,SRR3440843_1.fastq,/data/mouse_methyl/raw/GSE80672/fastq/SRR3440843_1.fastq,2489484412,2.318513,2026-04-29T08:08:06.518014+00:00,False,/data/mouse_methyl/raw
GSE80672,SRR3440843,2.0,SRR3440843_2.fastq,/data/mouse_methyl/raw/GSE80672/fastq/SRR3440843_2.fastq,2489484412,2.318513,2026-04-29T08:08:06.506013+00:00,False,/data/mouse_methyl/raw
GSE80672,SRR3440844,1.0,SRR3440844_1.fastq,/data/mouse_methyl/raw/GSE80672/fastq/SRR3440844_1.fastq,5075984900,4.727379,2026-04-29T09:18:35.210905+00:00,False,/data/mouse_methyl/raw
GSE80672,SRR3440844,2.0,SRR3440844_2.fastq,/data/mouse_methyl/raw/GSE80672/fastq/SRR3440844_2.fastq,5075984900,4.727379,2026-04-29T09:18:35.157902+00:00,False,/data/mouse_methyl/raw
GSE80672,SRR3440847,1.0,SRR3440847_1.fastq,/data/mouse_methyl/raw/GSE80672/fastq/SRR3440847_1.fastq,6176733956,5.752532,2026-04-29T18:47:31.310891+00:00,False,/data/mouse_methyl/raw
GSE80672,SRR3440847,2.0,SRR3440847_2.fastq,/data/mouse_methyl/raw/GSE80672/fastq/SRR3440847_2.fastq,6176733956,5.752532,2026-04-29T18:47:31.369894+00:00,False,/data/mouse_methyl/raw
GSE80672,SRR3440848,1.0,SRR3440848_1.fastq,/data/mouse_methyl/raw/GSE80672/fastq/SRR3440848_1.fastq,2889593468,2.691144,2026-04-29T10:49:06.908856+00:00,False,/data/mouse_methyl/raw
GSE80672,SRR3440848,2.0,SRR3440848_2.fastq,/data/mouse_methyl/raw/GSE80672/fastq/SRR3440848_2.fastq,2889593468,2.691144,2026-04-29T10:49:06.901856+00:00,False,/data/mouse_methyl/raw
GSE80672,SRR3440849,1.0,SRR3440849_1.fastq,/data/mouse_methyl/raw/GSE80672/fastq/SRR3440849_1.fastq,2933530556,2.732063,2026-04-29T10:37:50.450240+00:00,False,/data/mouse_methyl/raw
GSE80672,SRR3440849,2.0,SRR3440849_2.fastq,/data/mouse_methyl/raw/GSE80672/fastq/SRR3440849_2.fastq,2933530556,2.732063,2026-04-29T10:37:50.462240+00:00,False,/data/mouse_methyl/raw
GSE80672,SRR3440850,1.0,SRR3440850_1.fastq,/data/mouse_methyl/raw/GSE80672/fastq/SRR3440850_1.fastq,2782449836,2.591358,2026-04-29T10:47:45.690169+00:00,False,/data/mouse_methyl/raw
GSE80672,SRR3440850,2.0,SRR3440850_2.fastq,/data/mouse_methyl/raw/GSE80672/fastq/SRR3440850_2.fastq,2782449836,2.591358,2026-04-29T10:47:45.696170+00:00,False,/data/mouse_methyl/raw
GSE80672,SRR3440851,1.0,SRR3440851_1.fastq,/data/mouse_methyl/raw/GSE80672/fastq/SRR3440851_1.fastq,4851387092,4.518206,2026-04-29T16:57:09.594223+00:00,False,/data/mouse_methyl/raw
GSE80672,SRR3440851,2.0,SRR3440851_2.fastq,/data/mouse_methyl/raw/GSE80672/fastq/SRR3440851_2.fastq,4851387092,4.518206,2026-04-29T16:57:09.575222+00:00,False,/data/mouse_methyl/raw
GSE80672,SRR3440852,1.0,SRR3440852_1.fastq,/data/mouse_methyl/raw/GSE80672/fastq/SRR3440852_1.fastq,3497588908,3.257384,2026-04-29T16:43:28.632843+00:00,False,/data/mouse_methyl/raw
GSE80672,SRR3440852,2.0,SRR3440852_2.fastq,/data/mouse_methyl/raw/GSE80672/fastq/SRR3440852_2.fastq,3497588908,3.257384,2026-04-29T16:43:28.655844+00:00,False,/data/mouse_methyl/raw
GSE80672,SRR3440853,1.0,SRR3440853_1.fastq,/data/mouse_methyl/raw/GSE80672/fastq/SRR3440853_1.fastq,4083582860,3.803133,2026-04-29T18:28:17.658016+00:00,False,/data/mouse_methyl/raw
GSE80672,SRR3440853,2.0,SRR3440853_2.fastq,/data/mouse_methyl/raw/GSE80672/fastq/SRR3440853_2.fastq,4083582860,3.803133,2026-04-29T18:28:17.672016+00:00,False,/data/mouse_methyl/raw
GSE80672,SRR3440855,1.0,SRR3440855_1.fastq,/data/mouse_methyl/raw/GSE80672/fastq/SRR3440855_1.fastq,2641136316,2.45975,2026-04-29T18:00:40.185879+00:00,False,/data/mouse_methyl/raw
GSE80672,SRR3440855,2.0,SRR3440855_2.fastq,/data/mouse_methyl/raw/GSE80672/fastq/SRR3440855_2.fastq,2641136316,2.45975,2026-04-29T18:00:40.169879+00:00,False,/data/mouse_methyl/raw
GSE80672,SRR3440856,1.0,SRR3440856_1.fastq,/data/mouse_methyl/raw/GSE80672/fastq/SRR3440856_1.fastq,2992406820,2.786896,2026-04-29T18:09:22.584666+00:00,False,/data/mouse_methyl/raw
GSE80672,SRR3440856,2.0,SRR3440856_2.fastq,/data/mouse_methyl/raw/GSE80672/fastq/SRR3440856_2.fastq,2992406820,2.786896,2026-04-29T18:09:22.572665+00:00,False,/data/mouse_methyl/raw
GSE80672,SRR3440857,1.0,SRR3440857_1.fastq,/data/mouse_methyl/raw/GSE80672/fastq/SRR3440857_1.fastq,2881755580,2.683844,2026-04-29T18:22:51.325468+00:00,False,/data/mouse_methyl/raw
GSE80672,SRR3440857,2.0,SRR3440857_2.fastq,/data/mouse_methyl/raw/GSE80672/fastq/SRR3440857_2.fastq,2881755580,2.683844,2026-04-29T18:22:51.334468+00:00,False,/data/mouse_methyl/raw
GSE80672,SRR3440858,1.0,SRR3440858_1.fastq,/data/mouse_methyl/raw/GSE80672/fastq/SRR3440858_1.fastq,3084346100,2.872521,2026-04-29T18:24:14.308411+00:00,False,/data/mouse_methyl/raw
GSE80672,SRR3440858,2.0,SRR3440858_2.fastq,/data/mouse_methyl/raw/GSE80672/fastq/SRR3440858_2.fastq,3084346100,2.872521,2026-04-29T18:24:14.307411+00:00,False,/data/mouse_methyl/raw
GSE80672,SRR3440859,1.0,SRR3440859_1.fastq,/data/mouse_methyl/raw/GSE80672/fastq/SRR3440859_1.fastq,2968082084,2.764242,2026-04-29T18:20:16.788152+00:00,False,/data/mouse_methyl/raw
GSE80672,SRR3440859,2.0,SRR3440859_2.fastq,/data/mouse_methyl/raw/GSE80672/fastq/SRR3440859_2.fastq,2968082084,2.764242,2026-04-29T18:20:16.796153+00:00,False,/data/mouse_methyl/raw
GSE80672,SRR3440860,1.0,SRR3440860_1.fastq,/data/mouse_methyl/raw/GSE80672/fastq/SRR3440860_1.fastq,4348644020,4.04999,2026-04-29T20:08:32.067187+00:00,False,/data/mouse_methyl/raw
GSE80672,SRR3440860,2.0,SRR3440860_2.fastq,/data/mouse_methyl/raw/GSE80672/fastq/SRR3440860_2.fastq,4348644020,4.04999,2026-04-29T20:08:32.027185+00:00,False,/data/mouse_methyl/raw
GSE80672,SRR3440861,1.0,SRR3440861_1.fastq,/data/mouse_methyl/raw/GSE80672/fastq/SRR3440861_1.fastq,4050100156,3.77195,2026-04-29T20:00:19.492176+00:00,False,/data/mouse_methyl/raw
GSE80672,SRR3440861,2.0,SRR3440861_2.fastq,/data/mouse_methyl/raw/GSE80672/fastq/SRR3440861_2.fastq,4050100156,3.77195,2026-04-29T20:00:19.491176+00:00,False,/data/mouse_methyl/raw
GSE80672,SRR3440863,1.0,SRR3440863_1.fastq,/data/mouse_methyl/raw/GSE80672/fastq/SRR3440863_1.fastq,108627452,0.101167,2026-04-29T18:36:41.326157+00:00,False,/data/mouse_methyl/raw
GSE80672,SRR3440863,2.0,SRR3440863_2.fastq,/data/mouse_methyl/raw/GSE80672/fastq/SRR3440863_2.fastq,108627452,0.101167,2026-04-29T18:36:41.330158+00:00,False,/data/mouse_methyl/raw
GSE80672,SRR3440864,1.0,SRR3440864_1.fastq,/data/mouse_methyl/raw/GSE80672/fastq/SRR3440864_1.fastq,3496428212,3.256303,2026-04-29T20:37:57.250877+00:00,False,/data/mouse_methyl/raw
GSE80672,SRR3440864,2.0,SRR3440864_2.fastq,/data/mouse_methyl/raw/GSE80672/fastq/SRR3440864_2.fastq,3496428212,3.256303,2026-04-29T20:37:57.252877+00:00,False,/data/mouse_methyl/raw
GSE80672,SRR3440865,1.0,SRR3440865_1.fastq,/data/mouse_methyl/raw/GSE80672/fastq/SRR3440865_1.fastq,3902351884,3.634348,2026-04-29T20:17:43.448262+00:00,False,/data/mouse_methyl/raw
GSE80672,SRR3440865,2.0,SRR3440865_2.fastq,/data/mouse_methyl/raw/GSE80672/fastq/SRR3440865_2.fastq,3902351884,3.634348,2026-04-29T20:17:43.442261+00:00,False,/data/mouse_methyl/raw
GSE80672,SRR3440866,1.0,SRR3440866_1.fastq,/data/mouse_methyl/raw/GSE80672/fastq/SRR3440866_1.fastq,4625115172,4.307474,2026-04-29T20:54:50.235383+00:00,False,/data/mouse_methyl/raw
GSE80672,SRR3440866,2.0,SRR3440866_2.fastq,/data/mouse_methyl/raw/GSE80672/fastq/SRR3440866_2.fastq,4625115172,4.307474,2026-04-29T20:54:50.299386+00:00,False,/data/mouse_methyl/raw
GSE80672,SRR3440867,1.0,SRR3440867_1.fastq,/data/mouse_methyl/raw/GSE80672/fastq/SRR3440867_1.fastq,4461919644,4.155486,2026-04-29T20:46:04.712064+00:00,False,/data/mouse_methyl/raw
GSE80672,SRR3440867,2.0,SRR3440867_2.fastq,/data/mouse_methyl/raw/GSE80672/fastq/SRR3440867_2.fastq,4461919644,4.155486,2026-04-29T20:46:04.823070+00:00,False,/data/mouse_methyl/raw
GSE80672,SRR3440868,1.0,SRR3440868_1.fastq,/data/mouse_methyl/raw/GSE80672/fastq/SRR3440868_1.fastq,3968417596,3.695877,2026-04-29T20:33:37.271772+00:00,False,/data/mouse_methyl/raw
GSE80672,SRR3440868,2.0,SRR3440868_2.fastq,/data/mouse_methyl/raw/GSE80672/fastq/SRR3440868_2.fastq,3968417596,3.695877,2026-04-29T20:33:37.203768+00:00,False,/data/mouse_methyl/raw
GSE80672,SRR3440869,1.0,SRR3440869_1.fastq,/data/mouse_methyl/raw/GSE80672/fastq/SRR3440869_1.fastq,5197567748,4.840612,2026-04-29T21:09:20.606803+00:00,False,/data/mouse_methyl/raw
GSE80672,SRR3440869,2.0,SRR3440869_2.fastq,/data/mouse_methyl/raw/GSE80672/fastq/SRR3440869_2.fastq,5197567748,4.840612,2026-04-29T21:09:20.602803+00:00,False,/data/mouse_methyl/raw
GSE80672,SRR3440870,1.0,SRR3440870_1.fastq,/data/mouse_methyl/raw/GSE80672/fastq/SRR3440870_1.fastq,2756498084,2.567189,2026-04-29T22:25:03.241575+00:00,False,/data/mouse_methyl/raw
GSE80672,SRR3440870,2.0,SRR3440870_2.fastq,/data/mouse_methyl/raw/GSE80672/fastq/SRR3440870_2.fastq,2756498084,2.567189,2026-04-29T22:25:03.241575+00:00,False,/data/mouse_methyl/raw
GSE80672,SRR3440871,1.0,SRR3440871_1.fastq,/data/mouse_methyl/raw/GSE80672/fastq/SRR3440871_1.fastq,3236080828,3.013835,2026-04-29T22:45:46.994119+00:00,False,/data/mouse_methyl/raw
GSE80672,SRR3440871,2.0,SRR3440871_2.fastq,/data/mouse_methyl/raw/GSE80672/fastq/SRR3440871_2.fastq,3236080828,3.013835,2026-04-29T22:45:46.961118+00:00,False,/data/mouse_methyl/raw
GSE80672,SRR3440872,1.0,SRR3440872_1.fastq,/data/mouse_methyl/raw/GSE80672/fastq/SRR3440872_1.fastq,3275137564,3.05021,2026-04-29T22:54:50.166783+00:00,False,/data/mouse_methyl/raw
GSE80672,SRR3440872,2.0,SRR3440872_2.fastq,/data/mouse_methyl/raw/GSE80672/fastq/SRR3440872_2.fastq,3275137564,3.05021,2026-04-29T22:54:50.166783+00:00,False,/data/mouse_methyl/raw
GSE80672,SRR3440873,1.0,SRR3440873_1.fastq,/data/mouse_methyl/raw/GSE80672/fastq/SRR3440873_1.fastq,4298716924,4.003492,2026-04-29T23:15:45.324075+00:00,False,/data/mouse_methyl/raw
GSE80672,SRR3440873,2.0,SRR3440873_2.fastq,/data/mouse_methyl/raw/GSE80672/fastq/SRR3440873_2.fastq,4298716924,4.003492,2026-04-29T23:15:45.308074+00:00,False,/data/mouse_methyl/raw
GSE80672,SRR3440874,1.0,SRR3440874_1.fastq,/data/mouse_methyl/raw/GSE80672/fastq/SRR3440874_1.fastq,2731219828,2.543647,2026-04-29T22:48:59.319808+00:00,False,/data/mouse_methyl/raw
GSE80672,SRR3440874,2.0,SRR3440874_2.fastq,/data/mouse_methyl/raw/GSE80672/fastq/SRR3440874_2.fastq,2731219828,2.543647,2026-04-29T22:48:59.321808+00:00,False,/data/mouse_methyl/raw
GSE80672,SRR3440875,1.0,SRR3440875_1.fastq,/data/mouse_methyl/raw/GSE80672/fastq/SRR3440875_1.fastq,3989708004,3.715705,2026-04-29T23:29:37.870380+00:00,False,/data/mouse_methyl/raw
GSE80672,SRR3440875,2.0,SRR3440875_2.fastq,/data/mouse_methyl/raw/GSE80672/fastq/SRR3440875_2.fastq,3989708004,3.715705,2026-04-29T23:29:37.813377+00:00,False,/data/mouse_methyl/raw
GSE80672,SRR3440876,1.0,SRR3440876_1.fastq,/data/mouse_methyl/raw/GSE80672/fastq/SRR3440876_1.fastq,3329575204,3.100909,2026-04-30T00:51:41.528469+00:00,False,/data/mouse_methyl/raw
GSE80672,SRR3440876,2.0,SRR3440876_2.fastq,/data/mouse_methyl/raw/GSE80672/fastq/SRR3440876_2.fastq,3329575204,3.100909,2026-04-30T00:51:41.561471+00:00,False,/data/mouse_methyl/raw
GSE80672,SRR3440877,1.0,SRR3440877_1.fastq,/data/mouse_methyl/raw/GSE80672/fastq/SRR3440877_1.fastq,4570900020,4.256982,2026-04-30T01:40:25.136020+00:00,False,/data/mouse_methyl/raw
GSE80672,SRR3440877,2.0,SRR3440877_2.fastq,/data/mouse_methyl/raw/GSE80672/fastq/SRR3440877_2.fastq,4570900020,4.256982,2026-04-30T01:40:25.220024+00:00,False,/data/mouse_methyl/raw
GSE80672,SRR3440878,1.0,SRR3440878_1.fastq,/data/mouse_methyl/raw/GSE80672/fastq/SRR3440878_1.fastq,5400666812,5.029763,2026-04-30T02:32:56.384463+00:00,False,/data/mouse_methyl/raw
GSE80672,SRR3440878,2.0,SRR3440878_2.fastq,/data/mouse_methyl/raw/GSE80672/fastq/SRR3440878_2.fastq,5400666812,5.029763,2026-04-30T02:32:56.352462+00:00,False,/data/mouse_methyl/raw
GSE80672,SRR3440879,1.0,SRR3440879_1.fastq,/data/mouse_methyl/raw/GSE80672/fastq/SRR3440879_1.fastq,2400876188,2.23599,2026-04-30T01:03:59.122436+00:00,False,/data/mouse_methyl/raw
GSE80672,SRR3440879,2.0,SRR3440879_2.fastq,/data/mouse_methyl/raw/GSE80672/fastq/SRR3440879_2.fastq,2400876188,2.23599,2026-04-30T01:03:59.079434+00:00,False,/data/mouse_methyl/raw
GSE80672,SRR3440880,1.0,SRR3440880_1.fastq,/data/mouse_methyl/raw/GSE80672/fastq/SRR3440880_1.fastq,4185432252,3.897988,2026-04-30T03:12:13.600182+00:00,False,/data/mouse_methyl/raw
GSE80672,SRR3440880,2.0,SRR3440880_2.fastq,/data/mouse_methyl/raw/GSE80672/fastq/SRR3440880_2.fastq,4185432252,3.897988,2026-04-30T03:12:13.718188+00:00,False,/data/mouse_methyl/raw
GSE80672,SRR3440882,1.0,SRR3440882_1.fastq,/data/mouse_methyl/raw/GSE80672/fastq/SRR3440882_1.fastq,4630069068,4.312088,2026-04-30T05:33:20.680323+00:00,False,/data/mouse_methyl/raw
GSE80672,SRR3440882,2.0,SRR3440882_2.fastq,/data/mouse_methyl/raw/GSE80672/fastq/SRR3440882_2.fastq,4630069068,4.312088,2026-04-30T05:33:20.649324+00:00,False,/data/mouse_methyl/raw
GSE80672,SRR3440884,1.0,SRR3440884_1.fastq,/data/mouse_methyl/raw/GSE80672/fastq/SRR3440884_1.fastq,5176950140,4.821411,2026-04-30T05:53:13.421621+00:00,False,/data/mouse_methyl/raw
GSE80672,SRR3440884,2.0,SRR3440884_2.fastq,/data/mouse_methyl/raw/GSE80672/fastq/SRR3440884_2.fastq,5176950140,4.821411,2026-04-30T05:53:13.416621+00:00,False,/data/mouse_methyl/raw
GSE80672,SRR3440886,1.0,SRR3440886_1.fastq,/data/mouse_methyl/raw/GSE80672/fastq/SRR3440886_1.fastq,3460020452,3.222395,2026-04-30T05:15:55.155942+00:00,False,/data/mouse_methyl/raw
GSE80672,SRR3440886,2.0,SRR3440886_2.fastq,/data/mouse_methyl/raw/GSE80672/fastq/SRR3440886_2.fastq,3460020452,3.222395,2026-04-30T05:15:55.138942+00:00,False,/data/mouse_methyl/raw
GSE80672,SRR3440887,1.0,SRR3440887_1.fastq,/data/mouse_methyl/raw/GSE80672/fastq/SRR3440887_1.fastq,3371040100,3.139526,2026-04-30T05:19:14.962105+00:00,False,/data/mouse_methyl/raw
GSE80672,SRR3440887,2.0,SRR3440887_2.fastq,/data/mouse_methyl/raw/GSE80672/fastq/SRR3440887_2.fastq,3371040100,3.139526,2026-04-30T05:19:14.424078+00:00,False,/data/mouse_methyl/raw
GSE80672,SRR3440888,1.0,SRR3440888_1.fastq,/data/mouse_methyl/raw/GSE80672/fastq/SRR3440888_1.fastq,3149057860,2.932789,2026-04-30T05:21:47.827857+00:00,False,/data/mouse_methyl/raw
GSE80672,SRR3440888,2.0,SRR3440888_2.fastq,/data/mouse_methyl/raw/GSE80672/fastq/SRR3440888_2.fastq,3149057860,2.932789,2026-04-30T05:21:47.801856+00:00,False,/data/mouse_methyl/raw
GSE80672,SRR3440889,1.0,SRR3440889_1.fastq,/data/mouse_methyl/raw/GSE80672/fastq/SRR3440889_1.fastq,3326544124,3.098086,2026-04-30T05:23:07.215878+00:00,False,/data/mouse_methyl/raw
GSE80672,SRR3440889,2.0,SRR3440889_2.fastq,/data/mouse_methyl/raw/GSE80672/fastq/SRR3440889_2.fastq,3326544124,3.098086,2026-04-30T05:23:07.208877+00:00,False,/data/mouse_methyl/raw
GSE80672,SRR3440893,1.0,SRR3440893_1.fastq,/data/mouse_methyl/raw/GSE80672/fastq/SRR3440893_1.fastq,3808466124,3.54691,2026-04-30T07:05:30.538510+00:00,False,/data/mouse_methyl/raw
GSE80672,SRR3440893,2.0,SRR3440893_2.fastq,/data/mouse_methyl/raw/GSE80672/fastq/SRR3440893_2.fastq,3808466124,3.54691,2026-04-30T07:05:30.530509+00:00,False,/data/mouse_methyl/raw
GSE80672,SRR3440894,1.0,SRR3440894_1.fastq,/data/mouse_methyl/raw/GSE80672/fastq/SRR3440894_1.fastq,5867639892,5.464665,2026-04-30T07:56:50.006112+00:00,False,/data/mouse_methyl/raw
GSE80672,SRR3440894,2.0,SRR3440894_2.fastq,/data/mouse_methyl/raw/GSE80672/fastq/SRR3440894_2.fastq,5867639892,5.464665,2026-04-30T07:56:49.974110+00:00,False,/data/mouse_methyl/raw
GSE80672,SRR3440895,1.0,SRR3440895_1.fastq,/data/mouse_methyl/raw/GSE80672/fastq/SRR3440895_1.fastq,5664511132,5.275487,2026-04-30T08:13:19.903711+00:00,False,/data/mouse_methyl/raw
GSE80672,SRR3440895,2.0,SRR3440895_2.fastq,/data/mouse_methyl/raw/GSE80672/fastq/SRR3440895_2.fastq,5664511132,5.275487,2026-04-30T08:13:19.902711+00:00,False,/data/mouse_methyl/raw
GSE80672,SRR3440896,1.0,SRR3440896_1.fastq,/data/mouse_methyl/raw/GSE80672/fastq/SRR3440896_1.fastq,4970219116,4.628877,2026-04-30T08:06:33.588583+00:00,False,/data/mouse_methyl/raw
GSE80672,SRR3440896,2.0,SRR3440896_2.fastq,/data/mouse_methyl/raw/GSE80672/fastq/SRR3440896_2.fastq,4970219116,4.628877,2026-04-30T08:06:33.593583+00:00,False,/data/mouse_methyl/raw
GSE80672,SRR3440898,1.0,SRR3440898_1.fastq,/data/mouse_methyl/raw/GSE80672/fastq/SRR3440898_1.fastq,3021834164,2.814302,2026-04-30T07:24:12.208764+00:00,False,/data/mouse_methyl/raw
GSE80672,SRR3440898,2.0,SRR3440898_2.fastq,/data/mouse_methyl/raw/GSE80672/fastq/SRR3440898_2.fastq,3021834164,2.814302,2026-04-30T07:24:12.209764+00:00,False,/data/mouse_methyl/raw
GSE80672,SRR3440899,1.0,SRR3440899_1.fastq,/data/mouse_methyl/raw/GSE80672/fastq/SRR3440899_1.fastq,3108235140,2.89477,2026-04-30T08:32:45.127284+00:00,False,/data/mouse_methyl/raw
GSE80672,SRR3440899,2.0,SRR3440899_2.fastq,/data/mouse_methyl/raw/GSE80672/fastq/SRR3440899_2.fastq,3108235140,2.89477,2026-04-30T08:32:45.102283+00:00,False,/data/mouse_methyl/raw
GSE80672,SRR3440900,1.0,SRR3440900_1.fastq,/data/mouse_methyl/raw/GSE80672/fastq/SRR3440900_1.fastq,1473557604,1.372357,2026-04-30T09:13:13.865072+00:00,False,/data/mouse_methyl/raw
GSE80672,SRR3440900,2.0,SRR3440900_2.fastq,/data/mouse_methyl/raw/GSE80672/fastq/SRR3440900_2.fastq,1473557604,1.372357,2026-04-30T09:13:13.862072+00:00,False,/data/mouse_methyl/raw
GSE80672,SRR3440901,1.0,SRR3440901_1.fastq,/data/mouse_methyl/raw/GSE80672/fastq/SRR3440901_1.fastq,2949268276,2.74672,2026-04-30T09:54:17.622127+00:00,False,/data/mouse_methyl/raw
GSE80672,SRR3440901,2.0,SRR3440901_2.fastq,/data/mouse_methyl/raw/GSE80672/fastq/SRR3440901_2.fastq,2949268276,2.74672,2026-04-30T09:54:17.599126+00:00,False,/data/mouse_methyl/raw
GSE80672,SRR3440902,1.0,SRR3440902_1.fastq,/data/mouse_methyl/raw/GSE80672/fastq/SRR3440902_1.fastq,4683201708,4.361571,2026-04-30T10:46:18.139115+00:00,False,/data/mouse_methyl/raw
GSE80672,SRR3440902,2.0,SRR3440902_2.fastq,/data/mouse_methyl/raw/GSE80672/fastq/SRR3440902_2.fastq,4683201708,4.361571,2026-04-30T10:46:18.138115+00:00,False,/data/mouse_methyl/raw
GSE80672,SRR3440904,1.0,SRR3440904_1.fastq,/data/mouse_methyl/raw/GSE80672/fastq/SRR3440904_1.fastq,2938985804,2.737144,2026-04-30T10:56:29.605177+00:00,False,/data/mouse_methyl/raw
GSE80672,SRR3440904,2.0,SRR3440904_2.fastq,/data/mouse_methyl/raw/GSE80672/fastq/SRR3440904_2.fastq,2938985804,2.737144,2026-04-30T10:56:29.604177+00:00,False,/data/mouse_methyl/raw
GSE80672,SRR3440905,1.0,SRR3440905_1.fastq,/data/mouse_methyl/raw/GSE80672/fastq/SRR3440905_1.fastq,3293383668,3.067203,2026-04-30T12:11:15.113359+00:00,False,/data/mouse_methyl/raw
GSE80672,SRR3440905,2.0,SRR3440905_2.fastq,/data/mouse_methyl/raw/GSE80672/fastq/SRR3440905_2.fastq,3293383668,3.067203,2026-04-30T12:11:15.125360+00:00,False,/data/mouse_methyl/raw
GSE80672,SRR3440907,1.0,SRR3440907_1.fastq,/data/mouse_methyl/raw/GSE80672/fastq/SRR3440907_1.fastq,3615125676,3.366848,2026-04-30T12:39:02.150847+00:00,False,/data/mouse_methyl/raw
GSE80672,SRR3440907,2.0,SRR3440907_2.fastq,/data/mouse_methyl/raw/GSE80672/fastq/SRR3440907_2.fastq,3615125676,3.366848,2026-04-30T12:39:02.151847+00:00,False,/data/mouse_methyl/raw
GSE80672,SRR3440908,1.0,SRR3440908_1.fastq,/data/mouse_methyl/raw/GSE80672/fastq/SRR3440908_1.fastq,4985743628,4.643336,2026-04-30T13:29:56.267359+00:00,False,/data/mouse_methyl/raw
GSE80672,SRR3440908,2.0,SRR3440908_2.fastq,/data/mouse_methyl/raw/GSE80672/fastq/SRR3440908_2.fastq,4985743628,4.643336,2026-04-30T13:29:56.279360+00:00,False,/data/mouse_methyl/raw
GSE80672,SRR3440909,1.0,SRR3440909_1.fastq,/data/mouse_methyl/raw/GSE80672/fastq/SRR3440909_1.fastq,2783706348,2.592529,2026-04-30T12:40:09.917694+00:00,False,/data/mouse_methyl/raw
GSE80672,SRR3440909,2.0,SRR3440909_2.fastq,/data/mouse_methyl/raw/GSE80672/fastq/SRR3440909_2.fastq,2783706348,2.592529,2026-04-30T12:40:09.891693+00:00,False,/data/mouse_methyl/raw
GSE80672,SRR3440910,1.0,SRR3440910_1.fastq,/data/mouse_methyl/raw/GSE80672/fastq/SRR3440910_1.fastq,4445628372,4.140314,2026-04-30T13:16:00.256312+00:00,False,/data/mouse_methyl/raw
GSE80672,SRR3440910,2.0,SRR3440910_2.fastq,/data/mouse_methyl/raw/GSE80672/fastq/SRR3440910_2.fastq,4445628372,4.140314,2026-04-30T13:16:00.255312+00:00,False,/data/mouse_methyl/raw
GSE80672,SRR3440911,1.0,SRR3440911_1.fastq,/data/mouse_methyl/raw/GSE80672/fastq/SRR3440911_1.fastq,4650767412,4.331365,2026-04-30T13:26:17.216154+00:00,False,/data/mouse_methyl/raw
GSE80672,SRR3440911,2.0,SRR3440911_2.fastq,/data/mouse_methyl/raw/GSE80672/fastq/SRR3440911_2.fastq,4650767412,4.331365,2026-04-30T13:26:17.206154+00:00,False,/data/mouse_methyl/raw
GSE80672,SRR3440912,1.0,SRR3440912_1.fastq,/data/mouse_methyl/raw/GSE80672/fastq/SRR3440912_1.fastq,4711418708,4.387851,2026-04-30T15:30:20.616871+00:00,False,/data/mouse_methyl/raw
GSE80672,SRR3440912,2.0,SRR3440912_2.fastq,/data/mouse_methyl/raw/GSE80672/fastq/SRR3440912_2.fastq,4711418708,4.387851,2026-04-30T15:30:20.648873+00:00,False,/data/mouse_methyl/raw
GSE80672,SRR3440913,1.0,SRR3440913_1.fastq,/data/mouse_methyl/raw/GSE80672/fastq/SRR3440913_1.fastq,7176828884,6.683943,2026-04-30T19:36:00.500052+00:00,False,/data/mouse_methyl/raw
GSE80672,SRR3440913,2.0,SRR3440913_2.fastq,/data/mouse_methyl/raw/GSE80672/fastq/SRR3440913_2.fastq,7176828884,6.683943,2026-04-30T19:36:00.526054+00:00,False,/data/mouse_methyl/raw
GSE80672,SRR3440915,1.0,SRR3440915_1.fastq,/data/mouse_methyl/raw/GSE80672/fastq/SRR3440915_1.fastq,4566211764,4.252616,2026-04-30T17:03:48.992627+00:00,False,/data/mouse_methyl/raw
GSE80672,SRR3440915,2.0,SRR3440915_2.fastq,/data/mouse_methyl/raw/GSE80672/fastq/SRR3440915_2.fastq,4566211764,4.252616,2026-04-30T17:03:48.997627+00:00,False,/data/mouse_methyl/raw
GSE80672,SRR3440916,1.0,SRR3440916_1.fastq,/data/mouse_methyl/raw/GSE80672/fastq/SRR3440916_1.fastq,5639301084,5.252008,2026-04-30T19:08:05.771234+00:00,False,/data/mouse_methyl/raw
GSE80672,SRR3440916,2.0,SRR3440916_2.fastq,/data/mouse_methyl/raw/GSE80672/fastq/SRR3440916_2.fastq,5639301084,5.252008,2026-04-30T19:08:05.760234+00:00,False,/data/mouse_methyl/raw
GSE80672,SRR3440917,1.0,SRR3440917_1.fastq,/data/mouse_methyl/raw/GSE80672/fastq/SRR3440917_1.fastq,102510460,0.09547,2026-04-30T19:11:01.322367+00:00,False,/data/mouse_methyl/raw
GSE80672,SRR3440917,2.0,SRR3440917_2.fastq,/data/mouse_methyl/raw/GSE80672/fastq/SRR3440917_2.fastq,102510460,0.09547,2026-04-30T19:11:01.328367+00:00,False,/data/mouse_methyl/raw
GSE80672,SRR3440918,1.0,SRR3440918_1.fastq,/data/mouse_methyl/raw/GSE80672/fastq/SRR3440918_1.fastq,3831697676,3.568547,2026-04-30T21:31:09.976932+00:00,False,/data/mouse_methyl/raw
GSE80672,SRR3440918,2.0,SRR3440918_2.fastq,/data/mouse_methyl/raw/GSE80672/fastq/SRR3440918_2.fastq,3831697676,3.568547,2026-04-30T21:31:09.981932+00:00,False,/data/mouse_methyl/raw
GSE80672,SRR3440919,1.0,SRR3440919_1.fastq,/data/mouse_methyl/raw/GSE80672/fastq/SRR3440919_1.fastq,6335869020,5.900738,2026-04-30T22:13:21.639854+00:00,False,/data/mouse_methyl/raw
GSE80672,SRR3440919,2.0,SRR3440919_2.fastq,/data/mouse_methyl/raw/GSE80672/fastq/SRR3440919_2.fastq,6335869020,5.900738,2026-04-30T22:13:21.634854+00:00,False,/data/mouse_methyl/raw
GSE80672,SRR3440920,1.0,SRR3440920_1.fastq,/data/mouse_methyl/raw/GSE80672/fastq/SRR3440920_1.fastq,4195034964,3.906931,2026-04-30T21:41:50.825718+00:00,False,/data/mouse_methyl/raw
GSE80672,SRR3440920,2.0,SRR3440920_2.fastq,/data/mouse_methyl/raw/GSE80672/fastq/SRR3440920_2.fastq,4195034964,3.906931,2026-04-30T21:41:50.824718+00:00,False,/data/mouse_methyl/raw
GSE80672,SRR3440921,1.0,SRR3440921_1.fastq,/data/mouse_methyl/raw/GSE80672/fastq/SRR3440921_1.fastq,3750182388,3.49263,2026-04-30T23:07:08.621281+00:00,False,/data/mouse_methyl/raw
GSE80672,SRR3440921,2.0,SRR3440921_2.fastq,/data/mouse_methyl/raw/GSE80672/fastq/SRR3440921_2.fastq,3750182388,3.49263,2026-04-30T23:07:08.613281+00:00,False,/data/mouse_methyl/raw
GSE80672,SRR3440922,1.0,SRR3440922_1.fastq,/data/mouse_methyl/raw/GSE80672/fastq/SRR3440922_1.fastq,3820980668,3.558566,2026-05-01T00:35:13.076188+00:00,False,/data/mouse_methyl/raw
GSE80672,SRR3440922,2.0,SRR3440922_2.fastq,/data/mouse_methyl/raw/GSE80672/fastq/SRR3440922_2.fastq,3820980668,3.558566,2026-05-01T00:35:13.092189+00:00,False,/data/mouse_methyl/raw
GSE80672,SRR3440923,1.0,SRR3440923_1.fastq,/data/mouse_methyl/raw/GSE80672/fastq/SRR3440923_1.fastq,5890065708,5.485551,2026-05-01T01:51:11.922937+00:00,False,/data/mouse_methyl/raw
GSE80672,SRR3440923,2.0,SRR3440923_2.fastq,/data/mouse_methyl/raw/GSE80672/fastq/SRR3440923_2.fastq,5890065708,5.485551,2026-05-01T01:51:11.917937+00:00,False,/data/mouse_methyl/raw
GSE80672,SRR3440924,1.0,SRR3440924_1.fastq,/data/mouse_methyl/raw/GSE80672/fastq/SRR3440924_1.fastq,2332022300,2.171865,2026-05-01T00:13:03.464069+00:00,False,/data/mouse_methyl/raw
GSE80672,SRR3440924,2.0,SRR3440924_2.fastq,/data/mouse_methyl/raw/GSE80672/fastq/SRR3440924_2.fastq,2332022300,2.171865,2026-05-01T00:13:03.433068+00:00,False,/data/mouse_methyl/raw
GSE80672,SRR3440925,1.0,SRR3440925_1.fastq,/data/mouse_methyl/raw/GSE80672/fastq/SRR3440925_1.fastq,2321398324,2.161971,2026-05-01T00:17:10.752260+00:00,False,/data/mouse_methyl/raw
GSE80672,SRR3440925,2.0,SRR3440925_2.fastq,/data/mouse_methyl/raw/GSE80672/fastq/SRR3440925_2.fastq,2321398324,2.161971,2026-05-01T00:17:10.750260+00:00,False,/data/mouse_methyl/raw
GSE80672,SRR3440926,1.0,SRR3440926_1.fastq,/data/mouse_methyl/raw/GSE80672/fastq/SRR3440926_1.fastq,4941397988,4.602035,2026-05-01T01:32:11.860255+00:00,False,/data/mouse_methyl/raw
GSE80672,SRR3440926,2.0,SRR3440926_2.fastq,/data/mouse_methyl/raw/GSE80672/fastq/SRR3440926_2.fastq,4941397988,4.602035,2026-05-01T01:32:11.857254+00:00,False,/data/mouse_methyl/raw
GSE80672,SRR3440927,1.0,SRR3440927_1.fastq,/data/mouse_methyl/raw/GSE80672/fastq/SRR3440927_1.fastq,4736771436,4.411462,2026-05-01T01:45:51.580126+00:00,False,/data/mouse_methyl/raw
GSE80672,SRR3440927,2.0,SRR3440927_2.fastq,/data/mouse_methyl/raw/GSE80672/fastq/SRR3440927_2.fastq,4736771436,4.411462,2026-05-01T01:45:51.583127+00:00,False,/data/mouse_methyl/raw
GSE80672,SRR3440928,1.0,SRR3440928_1.fastq,/data/mouse_methyl/raw/GSE80672/fastq/SRR3440928_1.fastq,1509812340,1.406122,2026-05-01T00:15:44.960049+00:00,False,/data/mouse_methyl/raw
GSE80672,SRR3440928,2.0,SRR3440928_2.fastq,/data/mouse_methyl/raw/GSE80672/fastq/SRR3440928_2.fastq,1509812340,1.406122,2026-05-01T00:15:44.953048+00:00,False,/data/mouse_methyl/raw
GSE80672,SRR3440929,1.0,SRR3440929_1.fastq,/data/mouse_methyl/raw/GSE80672/fastq/SRR3440929_1.fastq,3637852628,3.388014,2026-05-01T01:41:07.111454+00:00,False,/data/mouse_methyl/raw
GSE80672,SRR3440929,2.0,SRR3440929_2.fastq,/data/mouse_methyl/raw/GSE80672/fastq/SRR3440929_2.fastq,3637852628,3.388014,2026-05-01T01:41:07.105454+00:00,False,/data/mouse_methyl/raw
GSE80672,SRR3440930,1.0,SRR3440930_1.fastq,/data/mouse_methyl/raw/GSE80672/fastq/SRR3440930_1.fastq,2977514044,2.773026,2026-05-01T02:50:51.425738+00:00,False,/data/mouse_methyl/raw
GSE80672,SRR3440930,2.0,SRR3440930_2.fastq,/data/mouse_methyl/raw/GSE80672/fastq/SRR3440930_2.fastq,2977514044,2.773026,2026-05-01T02:50:51.411738+00:00,False,/data/mouse_methyl/raw
GSE80672,SRR3440931,1.0,SRR3440931_1.fastq,/data/mouse_methyl/raw/GSE80672/fastq/SRR3440931_1.fastq,4366816812,4.066915,2026-05-01T03:36:13.928728+00:00,False,/data/mouse_methyl/raw
GSE80672,SRR3440931,2.0,SRR3440931_2.fastq,/data/mouse_methyl/raw/GSE80672/fastq/SRR3440931_2.fastq,4366816812,4.066915,2026-05-01T03:36:13.911727+00:00,False,/data/mouse_methyl/raw
GSE80672,SRR3440932,1.0,SRR3440932_1.fastq,/data/mouse_methyl/raw/GSE80672/fastq/SRR3440932_1.fastq,5633595044,5.246694,2026-05-01T04:26:46.080345+00:00,False,/data/mouse_methyl/raw
GSE80672,SRR3440932,2.0,SRR3440932_2.fastq,/data/mouse_methyl/raw/GSE80672/fastq/SRR3440932_2.fastq,5633595044,5.246694,2026-05-01T04:26:46.106346+00:00,False,/data/mouse_methyl/raw
GSE80672,SRR3440933,1.0,SRR3440933_1.fastq,/data/mouse_methyl/raw/GSE80672/fastq/SRR3440933_1.fastq,2900329964,2.701143,2026-05-01T03:19:35.888109+00:00,False,/data/mouse_methyl/raw
GSE80672,SRR3440933,2.0,SRR3440933_2.fastq,/data/mouse_methyl/raw/GSE80672/fastq/SRR3440933_2.fastq,2900329964,2.701143,2026-05-01T03:19:35.884109+00:00,False,/data/mouse_methyl/raw
GSE80672,SRR3440934,1.0,SRR3440934_1.fastq,/data/mouse_methyl/raw/GSE80672/fastq/SRR3440934_1.fastq,4253303620,3.961198,2026-05-01T05:00:10.489846+00:00,False,/data/mouse_methyl/raw
GSE80672,SRR3440934,2.0,SRR3440934_2.fastq,/data/mouse_methyl/raw/GSE80672/fastq/SRR3440934_2.fastq,4253303620,3.961198,2026-05-01T05:00:10.491846+00:00,False,/data/mouse_methyl/raw
GSE80672,SRR3440935,1.0,SRR3440935_1.fastq,/data/mouse_methyl/raw/GSE80672/fastq/SRR3440935_1.fastq,3828244588,3.565331,2026-05-01T06:25:26.070219+00:00,False,/data/mouse_methyl/raw
GSE80672,SRR3440935,2.0,SRR3440935_2.fastq,/data/mouse_methyl/raw/GSE80672/fastq/SRR3440935_2.fastq,3828244588,3.565331,2026-05-01T06:25:26.066219+00:00,False,/data/mouse_methyl/raw
GSE80672,SRR3440936,1.0,SRR3440936_1.fastq,/data/mouse_methyl/raw/GSE80672/fastq/SRR3440936_1.fastq,5236461156,4.876834,2026-05-01T07:14:54.966065+00:00,False,/data/mouse_methyl/raw
GSE80672,SRR3440936,2.0,SRR3440936_2.fastq,/data/mouse_methyl/raw/GSE80672/fastq/SRR3440936_2.fastq,5236461156,4.876834,2026-05-01T07:14:55.005066+00:00,False,/data/mouse_methyl/raw
GSE80672,SRR3440937,1.0,SRR3440937_1.fastq,/data/mouse_methyl/raw/GSE80672/fastq/SRR3440937_1.fastq,626200848,0.583195,2026-05-01T07:33:09.055957+00:00,False,/data/mouse_methyl/raw
GSE80672,SRR3440937,2.0,SRR3440937_2.fastq,/data/mouse_methyl/raw/GSE80672/fastq/SRR3440937_2.fastq,626200848,0.583195,2026-05-01T07:33:09.052957+00:00,False,/data/mouse_methyl/raw
GSE80672,SRR3440938,1.0,SRR3440938_1.fastq,/data/mouse_methyl/raw/GSE80672/fastq/SRR3440938_1.fastq,3558877972,3.314463,2026-05-01T08:52:34.627302+00:00,False,/data/mouse_methyl/raw
GSE80672,SRR3440938,2.0,SRR3440938_2.fastq,/data/mouse_methyl/raw/GSE80672/fastq/SRR3440938_2.fastq,3558877972,3.314463,2026-05-01T08:52:34.719306+00:00,False,/data/mouse_methyl/raw
GSE80672,SRR3440939,1.0,SRR3440939_1.fastq,/data/mouse_methyl/raw/GSE80672/fastq/SRR3440939_1.fastq,2580720268,2.403483,2026-05-01T08:35:26.291341+00:00,False,/data/mouse_methyl/raw
GSE80672,SRR3440939,2.0,SRR3440939_2.fastq,/data/mouse_methyl/raw/GSE80672/fastq/SRR3440939_2.fastq,2580720268,2.403483,2026-05-01T08:35:26.260339+00:00,False,/data/mouse_methyl/raw
GSE80672,SRR3440940,1.0,SRR3440940_1.fastq,/data/mouse_methyl/raw/GSE80672/fastq/SRR3440940_1.fastq,3623928684,3.375047,2026-05-01T09:02:05.221737+00:00,False,/data/mouse_methyl/raw
GSE80672,SRR3440940,2.0,SRR3440940_2.fastq,/data/mouse_methyl/raw/GSE80672/fastq/SRR3440940_2.fastq,3623928684,3.375047,2026-05-01T09:02:05.261739+00:00,False,/data/mouse_methyl/raw
GSE80672,SRR3440941,1.0,SRR3440941_1.fastq,/data/mouse_methyl/raw/GSE80672/fastq/SRR3440941_1.fastq,3230413996,3.008557,2026-05-01T09:02:12.288093+00:00,False,/data/mouse_methyl/raw
GSE80672,SRR3440941,2.0,SRR3440941_2.fastq,/data/mouse_methyl/raw/GSE80672/fastq/SRR3440941_2.fastq,3230413996,3.008557,2026-05-01T09:02:12.315095+00:00,False,/data/mouse_methyl/raw
GSE80672,SRR3440942,1.0,SRR3440942_1.fastq,/data/mouse_methyl/raw/GSE80672/fastq/SRR3440942_1.fastq,5045801700,4.699269,2026-05-01T11:09:29.536789+00:00,False,/data/mouse_methyl/raw
GSE80672,SRR3440942,2.0,SRR3440942_2.fastq,/data/mouse_methyl/raw/GSE80672/fastq/SRR3440942_2.fastq,5045801700,4.699269,2026-05-01T11:09:29.485784+00:00,False,/data/mouse_methyl/raw
GSE80672,SRR3440943,1.0,SRR3440943_1.fastq,/data/mouse_methyl/raw/GSE80672/fastq/SRR3440943_1.fastq,2077813920,1.935115,2026-05-01T08:48:48.478141+00:00,False,/data/mouse_methyl/raw
GSE80672,SRR3440943,2.0,SRR3440943_2.fastq,/data/mouse_methyl/raw/GSE80672/fastq/SRR3440943_2.fastq,2077813920,1.935115,2026-05-01T08:48:48.465140+00:00,False,/data/mouse_methyl/raw
GSE80672,SRR3440944,1.0,SRR3440944_1.fastq,/data/mouse_methyl/raw/GSE80672/fastq/SRR3440944_1.fastq,3559656100,3.315188,2026-05-01T09:13:06.194711+00:00,False,/data/mouse_methyl/raw
GSE80672,SRR3440944,2.0,SRR3440944_2.fastq,/data/mouse_methyl/raw/GSE80672/fastq/SRR3440944_2.fastq,3559656100,3.315188,2026-05-01T09:13:06.188711+00:00,False,/data/mouse_methyl/raw
GSE93957,SRR5195621,1.0,SRR5195621_1.fastq,/data/mouse_methyl/raw/GSE93957/fastq/SRR5195621_1.fastq,7549345214,7.030876,2026-04-23T23:35:02.143417+00:00,False,/data/mouse_methyl/raw
GSE93957,SRR5195621,2.0,SRR5195621_2.fastq,/data/mouse_methyl/raw/GSE93957/fastq/SRR5195621_2.fastq,7549345214,7.030876,2026-04-23T23:35:02.143417+00:00,False,/data/mouse_methyl/raw
GSE93957,SRR5195622,1.0,SRR5195622_1.fastq,/data/mouse_methyl/raw/GSE93957/fastq/SRR5195622_1.fastq,7667520140,7.140935,2026-04-24T00:36:07.076030+00:00,False,/data/mouse_methyl/raw
GSE93957,SRR5195622,2.0,SRR5195622_2.fastq,/data/mouse_methyl/raw/GSE93957/fastq/SRR5195622_2.fastq,7667520140,7.140935,2026-04-24T00:36:07.074029+00:00,False,/data/mouse_methyl/raw
GSE93957,SRR5195623,1.0,SRR5195623_1.fastq,/data/mouse_methyl/raw/GSE93957/fastq/SRR5195623_1.fastq,5483882632,5.107264,2026-04-24T01:16:26.626711+00:00,False,/data/mouse_methyl/raw
GSE93957,SRR5195623,2.0,SRR5195623_2.fastq,/data/mouse_methyl/raw/GSE93957/fastq/SRR5195623_2.fastq,5483882632,5.107264,2026-04-24T01:16:26.627711+00:00,False,/data/mouse_methyl/raw
GSE93957,SRR5195624,1.0,SRR5195624_1.fastq,/data/mouse_methyl/raw/GSE93957/fastq/SRR5195624_1.fastq,7619846042,7.096535,2026-04-24T02:13:40.868201+00:00,False,/data/mouse_methyl/raw
GSE93957,SRR5195624,2.0,SRR5195624_2.fastq,/data/mouse_methyl/raw/GSE93957/fastq/SRR5195624_2.fastq,7619846042,7.096535,2026-04-24T02:13:40.863200+00:00,False,/data/mouse_methyl/raw
GSE93957,SRR5195625,1.0,SRR5195625_1.fastq,/data/mouse_methyl/raw/GSE93957/fastq/SRR5195625_1.fastq,9581331176,8.92331,2026-04-26T09:34:36.111054+00:00,False,/data/mouse_methyl/raw
GSE93957,SRR5195625,2.0,SRR5195625_2.fastq,/data/mouse_methyl/raw/GSE93957/fastq/SRR5195625_2.fastq,9581331176,8.92331,2026-04-26T09:34:36.480073+00:00,False,/data/mouse_methyl/raw
GSE93957,SRR5195626,1.0,SRR5195626_1.fastq,/data/mouse_methyl/raw/GSE93957/fastq/SRR5195626_1.fastq,8762736790,8.160935,2026-05-03T02:39:34.209107+00:00,False,/data/mouse_methyl/raw
GSE93957,SRR5195626,2.0,SRR5195626_2.fastq,/data/mouse_methyl/raw/GSE93957/fastq/SRR5195626_2.fastq,8762736790,8.160935,2026-05-03T02:39:34.137104+00:00,False,/data/mouse_methyl/raw
GSE93957,SRR5195627,1.0,SRR5195627_1.fastq,/data/mouse_methyl/raw/GSE93957/fastq/SRR5195627_1.fastq,3226223868,3.004655,2026-05-03T03:09:41.210713+00:00,False,/data/mouse_methyl/raw
GSE93957,SRR5195627,2.0,SRR5195627_2.fastq,/data/mouse_methyl/raw/GSE93957/fastq/SRR5195627_2.fastq,3226223868,3.004655,2026-05-03T03:09:41.221713+00:00,False,/data/mouse_methyl/raw
GSE93957,SRR5195628,1.0,SRR5195628_1.fastq,/data/mouse_methyl/raw/GSE93957/fastq/SRR5195628_1.fastq,7365922822,6.86005,2026-05-03T04:14:20.043989+00:00,False,/data/mouse_methyl/raw
GSE93957,SRR5195628,2.0,SRR5195628_2.fastq,/data/mouse_methyl/raw/GSE93957/fastq/SRR5195628_2.fastq,7365922822,6.86005,2026-05-03T04:14:20.218998+00:00,False,/data/mouse_methyl/raw
GSE93957,SRR5195629,1.0,SRR5195629_1.fastq,/data/mouse_methyl/raw/GSE93957/fastq/SRR5195629_1.fastq,8997895892,8.379944,2026-05-03T05:33:52.859005+00:00,False,/data/mouse_methyl/raw
GSE93957,SRR5195629,2.0,SRR5195629_2.fastq,/data/mouse_methyl/raw/GSE93957/fastq/SRR5195629_2.fastq,8997895892,8.379944,2026-05-03T05:33:52.855005+00:00,False,/data/mouse_methyl/raw
GSE93957,SRR5195630,1.0,SRR5195630_1.fastq,/data/mouse_methyl/raw/GSE93957/fastq/SRR5195630_1.fastq,9394645630,8.749446,2026-05-03T07:02:18.296783+00:00,False,/data/mouse_methyl/raw
GSE93957,SRR5195630,2.0,SRR5195630_2.fastq,/data/mouse_methyl/raw/GSE93957/fastq/SRR5195630_2.fastq,9394645630,8.749446,2026-05-03T07:02:18.285783+00:00,False,/data/mouse_methyl/raw
GSE93957,SRR5195631,1.0,SRR5195631_1.fastq,/data/mouse_methyl/raw/GSE93957/fastq/SRR5195631_1.fastq,10392218870,9.678508,2026-05-08T08:52:36.008667+00:00,False,/data/mouse_methyl/raw
GSE93957,SRR5195631,2.0,SRR5195631_2.fastq,/data/mouse_methyl/raw/GSE93957/fastq/SRR5195631_2.fastq,10392218870,9.678508,2026-05-08T08:52:36.036672+00:00,False,/data/mouse_methyl/raw
GSE93957,SRR5195632,1.0,SRR5195632_1.fastq,/data/mouse_methyl/raw/GSE93957/fastq/SRR5195632_1.fastq,13253685170,12.343456,2026-05-08T09:41:22.114495+00:00,False,/data/mouse_methyl/raw
GSE93957,SRR5195632,2.0,SRR5195632_2.fastq,/data/mouse_methyl/raw/GSE93957/fastq/SRR5195632_2.fastq,13253685170,12.343456,2026-05-08T09:41:22.082494+00:00,False,/data/mouse_methyl/raw
GSE93957,SRR5195633,1.0,SRR5195633_1.fastq,/data/mouse_methyl/raw/GSE93957/fastq/SRR5195633_1.fastq,7682854596,7.155216,2026-05-03T10:27:28.374394+00:00,False,/data/mouse_methyl/raw
GSE93957,SRR5195633,2.0,SRR5195633_2.fastq,/data/mouse_methyl/raw/GSE93957/fastq/SRR5195633_2.fastq,7682854596,7.155216,2026-05-03T10:27:28.362394+00:00,False,/data/mouse_methyl/raw
GSE93957,SRR5195634,1.0,SRR5195634_1.fastq,/data/mouse_methyl/raw/GSE93957/fastq/SRR5195634_1.fastq,6127953196,5.707101,2026-05-03T11:22:27.670278+00:00,False,/data/mouse_methyl/raw
GSE93957,SRR5195634,2.0,SRR5195634_2.fastq,/data/mouse_methyl/raw/GSE93957/fastq/SRR5195634_2.fastq,6127953196,5.707101,2026-05-03T11:22:27.708283+00:00,False,/data/mouse_methyl/raw
GSE93957,SRR5195635,1.0,SRR5195635_1.fastq,/data/mouse_methyl/raw/GSE93957/fastq/SRR5195635_1.fastq,6290455270,5.858443,2026-05-03T12:15:55.114215+00:00,False,/data/mouse_methyl/raw
GSE93957,SRR5195635,2.0,SRR5195635_2.fastq,/data/mouse_methyl/raw/GSE93957/fastq/SRR5195635_2.fastq,6290455270,5.858443,2026-05-03T12:15:55.115216+00:00,False,/data/mouse_methyl/raw
GSE93957,SRR5195636,1.0,SRR5195636_1.fastq,/data/mouse_methyl/raw/GSE93957/fastq/SRR5195636_1.fastq,7433336908,6.922834,2026-05-03T13:19:15.983359+00:00,False,/data/mouse_methyl/raw
GSE93957,SRR5195636,2.0,SRR5195636_2.fastq,/data/mouse_methyl/raw/GSE93957/fastq/SRR5195636_2.fastq,7433336908,6.922834,2026-05-03T13:19:16.028361+00:00,False,/data/mouse_methyl/raw
GSE93957,SRR5195637,1.0,SRR5195637_1.fastq,/data/mouse_methyl/raw/GSE93957/fastq/SRR5195637_1.fastq,8777562452,8.174742,2026-05-03T14:37:18.939373+00:00,False,/data/mouse_methyl/raw
GSE93957,SRR5195637,2.0,SRR5195637_2.fastq,/data/mouse_methyl/raw/GSE93957/fastq/SRR5195637_2.fastq,8777562452,8.174742,2026-05-03T14:37:18.937373+00:00,False,/data/mouse_methyl/raw
GSE93957,SRR5195638,1.0,SRR5195638_1.fastq,/data/mouse_methyl/raw/GSE93957/fastq/SRR5195638_1.fastq,5975040254,5.56469,2026-05-08T10:03:41.585538+00:00,False,/data/mouse_methyl/raw
GSE93957,SRR5195638,2.0,SRR5195638_2.fastq,/data/mouse_methyl/raw/GSE93957/fastq/SRR5195638_2.fastq,5975040254,5.56469,2026-05-08T10:03:41.662543+00:00,False,/data/mouse_methyl/raw
GSE93957,SRR5195639,1.0,SRR5195639_1.fastq,/data/mouse_methyl/raw/GSE93957/fastq/SRR5195639_1.fastq,8643106966,8.049521,2026-05-03T17:07:47.987065+00:00,False,/data/mouse_methyl/raw
GSE93957,SRR5195639,2.0,SRR5195639_2.fastq,/data/mouse_methyl/raw/GSE93957/fastq/SRR5195639_2.fastq,8643106966,8.049521,2026-05-03T17:07:47.996065+00:00,False,/data/mouse_methyl/raw
GSE93957,SRR5195640,1.0,SRR5195640_1.fastq,/data/mouse_methyl/raw/GSE93957/fastq/SRR5195640_1.fastq,7289103036,6.788506,2026-05-03T18:11:12.965015+00:00,False,/data/mouse_methyl/raw
GSE93957,SRR5195640,2.0,SRR5195640_2.fastq,/data/mouse_methyl/raw/GSE93957/fastq/SRR5195640_2.fastq,7289103036,6.788506,2026-05-03T18:11:13.008017+00:00,False,/data/mouse_methyl/raw
GSE93957,SRR5195641,1.0,SRR5195641_1.fastq,/data/mouse_methyl/raw/GSE93957/fastq/SRR5195641_1.fastq,9102407638,8.477278,2026-05-03T19:37:07.838803+00:00,False,/data/mouse_methyl/raw
GSE93957,SRR5195641,2.0,SRR5195641_2.fastq,/data/mouse_methyl/raw/GSE93957/fastq/SRR5195641_2.fastq,9102407638,8.477278,2026-05-03T19:37:07.800803+00:00,False,/data/mouse_methyl/raw
GSE93957,SRR5195642,1.0,SRR5195642_1.fastq,/data/mouse_methyl/raw/GSE93957/fastq/SRR5195642_1.fastq,7664174896,7.137819,2026-05-03T20:36:14.933616+00:00,False,/data/mouse_methyl/raw
GSE93957,SRR5195642,2.0,SRR5195642_2.fastq,/data/mouse_methyl/raw/GSE93957/fastq/SRR5195642_2.fastq,7664174896,7.137819,2026-05-03T20:36:14.924616+00:00,False,/data/mouse_methyl/raw
GSE93957,SRR5195643,1.0,SRR5195643_1.fastq,/data/mouse_methyl/raw/GSE93957/fastq/SRR5195643_1.fastq,2788400520,2.5969,2026-05-03T21:00:47.456451+00:00,False,/data/mouse_methyl/raw
GSE93957,SRR5195643,2.0,SRR5195643_2.fastq,/data/mouse_methyl/raw/GSE93957/fastq/SRR5195643_2.fastq,2788400520,2.5969,2026-05-03T21:00:47.456451+00:00,False,/data/mouse_methyl/raw
GSE93957,SRR5195644,1.0,SRR5195644_1.fastq,/data/mouse_methyl/raw/GSE93957/fastq/SRR5195644_1.fastq,6865921790,6.394388,2026-05-03T21:54:15.823553+00:00,False,/data/mouse_methyl/raw
GSE93957,SRR5195644,2.0,SRR5195644_2.fastq,/data/mouse_methyl/raw/GSE93957/fastq/SRR5195644_2.fastq,6865921790,6.394388,2026-05-03T21:54:15.834553+00:00,False,/data/mouse_methyl/raw
GSE93957,SRR5195645,1.0,SRR5195645_1.fastq,/data/mouse_methyl/raw/GSE93957/fastq/SRR5195645_1.fastq,8681888156,8.085638,2026-05-03T23:03:52.419875+00:00,False,/data/mouse_methyl/raw
GSE93957,SRR5195645,2.0,SRR5195645_2.fastq,/data/mouse_methyl/raw/GSE93957/fastq/SRR5195645_2.fastq,8681888156,8.085638,2026-05-03T23:03:52.424875+00:00,False,/data/mouse_methyl/raw
GSE93957,SRR5195646,1.0,SRR5195646_1.fastq,/data/mouse_methyl/raw/GSE93957/fastq/SRR5195646_1.fastq,4923788920,4.585636,2026-05-03T23:42:20.868777+00:00,False,/data/mouse_methyl/raw
GSE93957,SRR5195646,2.0,SRR5195646_2.fastq,/data/mouse_methyl/raw/GSE93957/fastq/SRR5195646_2.fastq,4923788920,4.585636,2026-05-03T23:42:20.880778+00:00,False,/data/mouse_methyl/raw
GSE93957,SRR5195647,1.0,SRR5195647_1.fastq,/data/mouse_methyl/raw/GSE93957/fastq/SRR5195647_1.fastq,7921143078,7.377139,2026-05-04T00:47:51.162255+00:00,False,/data/mouse_methyl/raw
GSE93957,SRR5195647,2.0,SRR5195647_2.fastq,/data/mouse_methyl/raw/GSE93957/fastq/SRR5195647_2.fastq,7921143078,7.377139,2026-05-04T00:47:51.182256+00:00,False,/data/mouse_methyl/raw
GSE93957,SRR5195648,1.0,SRR5195648_1.fastq,/data/mouse_methyl/raw/GSE93957/fastq/SRR5195648_1.fastq,6372842150,5.935172,2026-05-04T01:42:26.675829+00:00,False,/data/mouse_methyl/raw
GSE93957,SRR5195648,2.0,SRR5195648_2.fastq,/data/mouse_methyl/raw/GSE93957/fastq/SRR5195648_2.fastq,6372842150,5.935172,2026-05-04T01:42:26.676829+00:00,False,/data/mouse_methyl/raw
GSE93957,SRR5195649,1.0,SRR5195649_1.fastq,/data/mouse_methyl/raw/GSE93957/fastq/SRR5195649_1.fastq,8433713796,7.854508,2026-05-04T02:50:01.901114+00:00,False,/data/mouse_methyl/raw
GSE93957,SRR5195649,2.0,SRR5195649_2.fastq,/data/mouse_methyl/raw/GSE93957/fastq/SRR5195649_2.fastq,8433713796,7.854508,2026-05-04T02:50:01.914114+00:00,False,/data/mouse_methyl/raw
GSE93957,SRR5195650,1.0,SRR5195650_1.fastq,/data/mouse_methyl/raw/GSE93957/fastq/SRR5195650_1.fastq,9232774200,8.598691,2026-05-04T04:06:54.932409+00:00,False,/data/mouse_methyl/raw
GSE93957,SRR5195650,2.0,SRR5195650_2.fastq,/data/mouse_methyl/raw/GSE93957/fastq/SRR5195650_2.fastq,9232774200,8.598691,2026-05-04T04:06:55.004417+00:00,False,/data/mouse_methyl/raw
GSE93957,SRR5195651,1.0,SRR5195651_1.fastq,/data/mouse_methyl/raw/GSE93957/fastq/SRR5195651_1.fastq,3821975114,3.559492,2026-05-04T04:38:12.518926+00:00,False,/data/mouse_methyl/raw
GSE93957,SRR5195651,2.0,SRR5195651_2.fastq,/data/mouse_methyl/raw/GSE93957/fastq/SRR5195651_2.fastq,3821975114,3.559492,2026-05-04T04:38:12.431926+00:00,False,/data/mouse_methyl/raw
GSE93957,SRR5195652,1.0,SRR5195652_1.fastq,/data/mouse_methyl/raw/GSE93957/fastq/SRR5195652_1.fastq,5221449098,4.862853,2026-05-04T05:19:27.769024+00:00,False,/data/mouse_methyl/raw
GSE93957,SRR5195652,2.0,SRR5195652_2.fastq,/data/mouse_methyl/raw/GSE93957/fastq/SRR5195652_2.fastq,5221449098,4.862853,2026-05-04T05:19:27.787026+00:00,False,/data/mouse_methyl/raw
GSE93957,SRR5195653,1.0,SRR5195653_1.fastq,/data/mouse_methyl/raw/GSE93957/fastq/SRR5195653_1.fastq,5317802900,4.95259,2026-05-04T06:02:52.392391+00:00,False,/data/mouse_methyl/raw
GSE93957,SRR5195653,2.0,SRR5195653_2.fastq,/data/mouse_methyl/raw/GSE93957/fastq/SRR5195653_2.fastq,5317802900,4.95259,2026-05-04T06:02:52.392391+00:00,False,/data/mouse_methyl/raw
GSE93957,SRR5195654,1.0,SRR5195654_1.fastq,/data/mouse_methyl/raw/GSE93957/fastq/SRR5195654_1.fastq,7688334440,7.160319,2026-05-04T07:08:42.649841+00:00,False,/data/mouse_methyl/raw
GSE93957,SRR5195654,2.0,SRR5195654_2.fastq,/data/mouse_methyl/raw/GSE93957/fastq/SRR5195654_2.fastq,7688334440,7.160319,2026-05-04T07:08:42.655841+00:00,False,/data/mouse_methyl/raw
GSE93957,SRR5195655,1.0,SRR5195655_1.fastq,/data/mouse_methyl/raw/GSE93957/fastq/SRR5195655_1.fastq,4174798906,3.888084,2026-05-04T07:51:26.336745+00:00,False,/data/mouse_methyl/raw
GSE93957,SRR5195655,2.0,SRR5195655_2.fastq,/data/mouse_methyl/raw/GSE93957/fastq/SRR5195655_2.fastq,4174798906,3.888084,2026-05-04T07:51:26.352745+00:00,False,/data/mouse_methyl/raw
GSE93957,SRR5195656,1.0,SRR5195656_1.fastq,/data/mouse_methyl/raw/GSE93957/fastq/SRR5195656_1.fastq,3987931452,3.714051,2026-05-04T08:29:51.332844+00:00,False,/data/mouse_methyl/raw
GSE93957,SRR5195656,2.0,SRR5195656_2.fastq,/data/mouse_methyl/raw/GSE93957/fastq/SRR5195656_2.fastq,3987931452,3.714051,2026-05-04T08:29:51.339844+00:00,False,/data/mouse_methyl/raw
GSE93957,SRR5195657,1.0,SRR5195657_1.fastq,/data/mouse_methyl/raw/GSE93957/fastq/SRR5195657_1.fastq,5763294846,5.367487,2026-05-04T09:15:37.111060+00:00,False,/data/mouse_methyl/raw
GSE93957,SRR5195657,2.0,SRR5195657_2.fastq,/data/mouse_methyl/raw/GSE93957/fastq/SRR5195657_2.fastq,5763294846,5.367487,2026-05-04T09:15:37.026055+00:00,False,/data/mouse_methyl/raw
GSE93957,SRR5195658,1.0,SRR5195658_1.fastq,/data/mouse_methyl/raw/GSE93957/fastq/SRR5195658_1.fastq,7131087046,6.641342,2026-05-04T10:15:24.705256+00:00,False,/data/mouse_methyl/raw
GSE93957,SRR5195658,2.0,SRR5195658_2.fastq,/data/mouse_methyl/raw/GSE93957/fastq/SRR5195658_2.fastq,7131087046,6.641342,2026-05-04T10:15:24.695255+00:00,False,/data/mouse_methyl/raw
GSE93957,SRR5195659,1.0,SRR5195659_1.fastq,/data/mouse_methyl/raw/GSE93957/fastq/SRR5195659_1.fastq,7833326656,7.295354,2026-05-04T11:20:21.262626+00:00,False,/data/mouse_methyl/raw
GSE93957,SRR5195659,2.0,SRR5195659_2.fastq,/data/mouse_methyl/raw/GSE93957/fastq/SRR5195659_2.fastq,7833326656,7.295354,2026-05-04T11:20:21.262626+00:00,False,/data/mouse_methyl/raw
GSE93957,SRR5195660,1.0,SRR5195660_1.fastq,/data/mouse_methyl/raw/GSE93957/fastq/SRR5195660_1.fastq,7934145788,7.389249,2026-05-04T12:23:54.459320+00:00,False,/data/mouse_methyl/raw
GSE93957,SRR5195660,2.0,SRR5195660_2.fastq,/data/mouse_methyl/raw/GSE93957/fastq/SRR5195660_2.fastq,7934145788,7.389249,2026-05-04T12:23:54.460320+00:00,False,/data/mouse_methyl/raw
GSE93957,SRR5195661,1.0,SRR5195661_1.fastq,/data/mouse_methyl/raw/GSE93957/fastq/SRR5195661_1.fastq,7091974010,6.604915,2026-05-04T13:18:24.906766+00:00,False,/data/mouse_methyl/raw
GSE93957,SRR5195661,2.0,SRR5195661_2.fastq,/data/mouse_methyl/raw/GSE93957/fastq/SRR5195661_2.fastq,7091974010,6.604915,2026-05-04T13:18:24.944767+00:00,False,/data/mouse_methyl/raw
GSE93957,SRR5195662,1.0,SRR5195662_1.fastq,/data/mouse_methyl/raw/GSE93957/fastq/SRR5195662_1.fastq,14768006726,13.753778,2026-05-04T18:51:28.846840+00:00,False,/data/mouse_methyl/raw
GSE93957,SRR5195662,2.0,SRR5195662_2.fastq,/data/mouse_methyl/raw/GSE93957/fastq/SRR5195662_2.fastq,14768006726,13.753778,2026-05-04T18:51:28.856840+00:00,False,/data/mouse_methyl/raw
GSE93957,SRR5195663,1.0,SRR5195663_1.fastq,/data/mouse_methyl/raw/GSE93957/fastq/SRR5195663_1.fastq,8155895766,7.59577,2026-05-04T19:59:39.271057+00:00,False,/data/mouse_methyl/raw
GSE93957,SRR5195663,2.0,SRR5195663_2.fastq,/data/mouse_methyl/raw/GSE93957/fastq/SRR5195663_2.fastq,8155895766,7.59577,2026-05-04T19:59:39.278057+00:00,False,/data/mouse_methyl/raw
GSE93957,SRR5195664,1.0,SRR5195664_1.fastq,/data/mouse_methyl/raw/GSE93957/fastq/SRR5195664_1.fastq,8247584776,7.681162,2026-05-04T21:06:20.716769+00:00,False,/data/mouse_methyl/raw
GSE93957,SRR5195664,2.0,SRR5195664_2.fastq,/data/mouse_methyl/raw/GSE93957/fastq/SRR5195664_2.fastq,8247584776,7.681162,2026-05-04T21:06:20.730770+00:00,False,/data/mouse_methyl/raw
GSE93957,SRR5195665,1.0,SRR5195665_1.fastq,/data/mouse_methyl/raw/GSE93957/fastq/SRR5195665_1.fastq,8598927316,8.008375,2026-05-04T22:16:19.234934+00:00,False,/data/mouse_methyl/raw
GSE93957,SRR5195665,2.0,SRR5195665_2.fastq,/data/mouse_methyl/raw/GSE93957/fastq/SRR5195665_2.fastq,8598927316,8.008375,2026-05-04T22:16:19.254936+00:00,False,/data/mouse_methyl/raw
GSE93957,SRR5195666,1.0,SRR5195666_1.fastq,/data/mouse_methyl/raw/GSE93957/fastq/SRR5195666_1.fastq,8977424066,8.360878,2026-05-04T23:28:03.483718+00:00,False,/data/mouse_methyl/raw
GSE93957,SRR5195666,2.0,SRR5195666_2.fastq,/data/mouse_methyl/raw/GSE93957/fastq/SRR5195666_2.fastq,8977424066,8.360878,2026-05-04T23:28:03.503718+00:00,False,/data/mouse_methyl/raw
GSE93957,SRR5195667,1.0,SRR5195667_1.fastq,/data/mouse_methyl/raw/GSE93957/fastq/SRR5195667_1.fastq,10451240154,9.733476,2026-05-05T00:58:02.764192+00:00,False,/data/mouse_methyl/raw
GSE93957,SRR5195667,2.0,SRR5195667_2.fastq,/data/mouse_methyl/raw/GSE93957/fastq/SRR5195667_2.fastq,10451240154,9.733476,2026-05-05T00:58:02.785193+00:00,False,/data/mouse_methyl/raw
GSE93957,SRR5195668,1.0,SRR5195668_1.fastq,/data/mouse_methyl/raw/GSE93957/fastq/SRR5195668_1.fastq,6382551324,5.944214,2026-05-05T01:51:34.383829+00:00,False,/data/mouse_methyl/raw
GSE93957,SRR5195668,2.0,SRR5195668_2.fastq,/data/mouse_methyl/raw/GSE93957/fastq/SRR5195668_2.fastq,6382551324,5.944214,2026-05-05T01:51:34.391829+00:00,False,/data/mouse_methyl/raw
GSE93957,SRR5195669,1.0,SRR5195669_1.fastq,/data/mouse_methyl/raw/GSE93957/fastq/SRR5195669_1.fastq,7148746814,6.657789,2026-05-05T02:51:22.213278+00:00,False,/data/mouse_methyl/raw
GSE93957,SRR5195669,2.0,SRR5195669_2.fastq,/data/mouse_methyl/raw/GSE93957/fastq/SRR5195669_2.fastq,7148746814,6.657789,2026-05-05T02:51:22.217278+00:00,False,/data/mouse_methyl/raw
GSE93957,SRR5195670,1.0,SRR5195670_1.fastq,/data/mouse_methyl/raw/GSE93957/fastq/SRR5195670_1.fastq,8472613516,7.890736,2026-05-05T04:01:51.282588+00:00,False,/data/mouse_methyl/raw
GSE93957,SRR5195670,2.0,SRR5195670_2.fastq,/data/mouse_methyl/raw/GSE93957/fastq/SRR5195670_2.fastq,8472613516,7.890736,2026-05-05T04:01:51.191587+00:00,False,/data/mouse_methyl/raw
GSE93957,SRR5195671,1.0,SRR5195671_1.fastq,/data/mouse_methyl/raw/GSE93957/fastq/SRR5195671_1.fastq,7879475696,7.338334,2026-05-05T05:01:11.667118+00:00,False,/data/mouse_methyl/raw
GSE93957,SRR5195671,2.0,SRR5195671_2.fastq,/data/mouse_methyl/raw/GSE93957/fastq/SRR5195671_2.fastq,7879475696,7.338334,2026-05-05T05:01:11.667118+00:00,False,/data/mouse_methyl/raw
GSE93957,SRR5195672,1.0,SRR5195672_1.fastq,/data/mouse_methyl/raw/GSE93957/fastq/SRR5195672_1.fastq,10055681100,9.365083,2026-05-05T06:19:15.864700+00:00,False,/data/mouse_methyl/raw
GSE93957,SRR5195672,2.0,SRR5195672_2.fastq,/data/mouse_methyl/raw/GSE93957/fastq/SRR5195672_2.fastq,10055681100,9.365083,2026-05-05T06:19:15.881700+00:00,False,/data/mouse_methyl/raw
GSE93957,SRR5195673,1.0,SRR5195673_1.fastq,/data/mouse_methyl/raw/GSE93957/fastq/SRR5195673_1.fastq,6910158154,6.435586,2026-05-05T07:15:59.142944+00:00,False,/data/mouse_methyl/raw
GSE93957,SRR5195673,2.0,SRR5195673_2.fastq,/data/mouse_methyl/raw/GSE93957/fastq/SRR5195673_2.fastq,6910158154,6.435586,2026-05-05T07:15:59.125943+00:00,False,/data/mouse_methyl/raw
GSE93957,SRR5195674,1.0,SRR5195674_1.fastq,/data/mouse_methyl/raw/GSE93957/fastq/SRR5195674_1.fastq,14774103796,13.759456,2026-05-05T09:10:04.226749+00:00,False,/data/mouse_methyl/raw
GSE93957,SRR5195674,2.0,SRR5195674_2.fastq,/data/mouse_methyl/raw/GSE93957/fastq/SRR5195674_2.fastq,14774103796,13.759456,2026-05-05T09:10:04.499750+00:00,False,/data/mouse_methyl/raw
GSE93957,SRR5195675,1.0,SRR5195675_1.fastq,/data/mouse_methyl/raw/GSE93957/fastq/SRR5195675_1.fastq,10082120096,9.389706,2026-05-05T10:34:20.250625+00:00,False,/data/mouse_methyl/raw
GSE93957,SRR5195675,2.0,SRR5195675_2.fastq,/data/mouse_methyl/raw/GSE93957/fastq/SRR5195675_2.fastq,10082120096,9.389706,2026-05-05T10:34:20.240624+00:00,False,/data/mouse_methyl/raw
GSE93957,SRR5195676,1.0,SRR5195676_1.fastq,/data/mouse_methyl/raw/GSE93957/fastq/SRR5195676_1.fastq,9669058190,9.005012,2026-05-05T11:53:55.864243+00:00,False,/data/mouse_methyl/raw
GSE93957,SRR5195676,2.0,SRR5195676_2.fastq,/data/mouse_methyl/raw/GSE93957/fastq/SRR5195676_2.fastq,9669058190,9.005012,2026-05-05T11:53:55.727237+00:00,False,/data/mouse_methyl/raw
GSE93957,SRR5195677,1.0,SRR5195677_1.fastq,/data/mouse_methyl/raw/GSE93957/fastq/SRR5195677_1.fastq,3353836056,3.123503,2026-05-05T12:30:58.160291+00:00,False,/data/mouse_methyl/raw
GSE93957,SRR5195677,2.0,SRR5195677_2.fastq,/data/mouse_methyl/raw/GSE93957/fastq/SRR5195677_2.fastq,3353836056,3.123503,2026-05-05T12:30:58.161291+00:00,False,/data/mouse_methyl/raw
GSE93957,SRR5195678,1.0,SRR5195678_1.fastq,/data/mouse_methyl/raw/GSE93957/fastq/SRR5195678_1.fastq,7062116336,6.577108,2026-05-05T13:28:09.458207+00:00,False,/data/mouse_methyl/raw
GSE93957,SRR5195678,2.0,SRR5195678_2.fastq,/data/mouse_methyl/raw/GSE93957/fastq/SRR5195678_2.fastq,7062116336,6.577108,2026-05-05T13:28:09.455206+00:00,False,/data/mouse_methyl/raw
GSE93957,SRR5195679,1.0,SRR5195679_1.fastq,/data/mouse_methyl/raw/GSE93957/fastq/SRR5195679_1.fastq,6123075502,5.702558,2026-05-05T14:20:33.055545+00:00,False,/data/mouse_methyl/raw
GSE93957,SRR5195679,2.0,SRR5195679_2.fastq,/data/mouse_methyl/raw/GSE93957/fastq/SRR5195679_2.fastq,6123075502,5.702558,2026-05-05T14:20:33.073546+00:00,False,/data/mouse_methyl/raw
GSE60012,SRR1534514,1.0,SRR1534514_1.fastq,/data/mouse_methyl/raw/GSE60012/fastq/SRR1534514_1.fastq,5363654662,4.995293,2026-05-03T02:24:31.624650+00:00,False,/data/mouse_methyl/raw
GSE60012,SRR1534514,2.0,SRR1534514_2.fastq,/data/mouse_methyl/raw/GSE60012/fastq/SRR1534514_2.fastq,5363654662,4.995293,2026-05-03T02:24:31.631651+00:00,False,/data/mouse_methyl/raw
GSE60012,SRR1534515,1.0,SRR1534515_1.fastq,/data/mouse_methyl/raw/GSE60012/fastq/SRR1534515_1.fastq,3601948514,3.354576,2026-05-03T03:09:39.979640+00:00,False,/data/mouse_methyl/raw
GSE60012,SRR1534515,2.0,SRR1534515_2.fastq,/data/mouse_methyl/raw/GSE60012/fastq/SRR1534515_2.fastq,3601948514,3.354576,2026-05-03T03:09:39.981640+00:00,False,/data/mouse_methyl/raw
GSE60012,SRR1534516,1.0,SRR1534516_1.fastq,/data/mouse_methyl/raw/GSE60012/fastq/SRR1534516_1.fastq,5988372454,5.577106,2026-05-03T04:34:22.605008+00:00,False,/data/mouse_methyl/raw
GSE60012,SRR1534516,2.0,SRR1534516_2.fastq,/data/mouse_methyl/raw/GSE60012/fastq/SRR1534516_2.fastq,5988372454,5.577106,2026-05-03T04:34:22.690011+00:00,False,/data/mouse_methyl/raw
GSE60012,SRR1534517,1.0,SRR1534517_1.fastq,/data/mouse_methyl/raw/GSE60012/fastq/SRR1534517_1.fastq,4222353462,3.932373,2026-05-03T05:30:06.146622+00:00,False,/data/mouse_methyl/raw
GSE60012,SRR1534517,2.0,SRR1534517_2.fastq,/data/mouse_methyl/raw/GSE60012/fastq/SRR1534517_2.fastq,4222353462,3.932373,2026-05-03T05:30:06.153622+00:00,False,/data/mouse_methyl/raw
GSE60012,SRR1534518,1.0,SRR1534518_1.fastq,/data/mouse_methyl/raw/GSE60012/fastq/SRR1534518_1.fastq,2716471232,2.529911,2026-05-03T06:01:24.010328+00:00,False,/data/mouse_methyl/raw
GSE60012,SRR1534518,2.0,SRR1534518_2.fastq,/data/mouse_methyl/raw/GSE60012/fastq/SRR1534518_2.fastq,2716471232,2.529911,2026-05-03T06:01:24.008327+00:00,False,/data/mouse_methyl/raw
GSE60012,SRR1534519,1.0,SRR1534519_1.fastq,/data/mouse_methyl/raw/GSE60012/fastq/SRR1534519_1.fastq,4134268382,3.850337,2026-05-03T07:04:05.286025+00:00,False,/data/mouse_methyl/raw
GSE60012,SRR1534519,2.0,SRR1534519_2.fastq,/data/mouse_methyl/raw/GSE60012/fastq/SRR1534519_2.fastq,4134268382,3.850337,2026-05-03T07:04:05.283025+00:00,False,/data/mouse_methyl/raw
GSE60012,SRR1534520,1.0,SRR1534520_1.fastq,/data/mouse_methyl/raw/GSE60012/fastq/SRR1534520_1.fastq,2698466672,2.513143,2026-05-03T07:43:47.233354+00:00,False,/data/mouse_methyl/raw
GSE60012,SRR1534520,2.0,SRR1534520_2.fastq,/data/mouse_methyl/raw/GSE60012/fastq/SRR1534520_2.fastq,2698466672,2.513143,2026-05-03T07:43:47.242355+00:00,False,/data/mouse_methyl/raw
GSE60012,SRR1534521,1.0,SRR1534521_1.fastq,/data/mouse_methyl/raw/GSE60012/fastq/SRR1534521_1.fastq,4892824018,4.556797,2026-05-03T08:58:22.438610+00:00,False,/data/mouse_methyl/raw
GSE60012,SRR1534521,2.0,SRR1534521_2.fastq,/data/mouse_methyl/raw/GSE60012/fastq/SRR1534521_2.fastq,4892824018,4.556797,2026-05-03T08:58:22.432610+00:00,False,/data/mouse_methyl/raw
GSE60012,SRR1534522,1.0,SRR1534522_1.fastq,/data/mouse_methyl/raw/GSE60012/fastq/SRR1534522_1.fastq,2599495236,2.420969,2026-05-03T09:39:44.152504+00:00,False,/data/mouse_methyl/raw
GSE60012,SRR1534522,2.0,SRR1534522_2.fastq,/data/mouse_methyl/raw/GSE60012/fastq/SRR1534522_2.fastq,2599495236,2.420969,2026-05-03T09:39:44.152504+00:00,False,/data/mouse_methyl/raw
GSE60012,SRR1534523,1.0,SRR1534523_1.fastq,/data/mouse_methyl/raw/GSE60012/fastq/SRR1534523_1.fastq,2686478084,2.501978,2026-05-03T10:20:49.857425+00:00,False,/data/mouse_methyl/raw
GSE60012,SRR1534523,2.0,SRR1534523_2.fastq,/data/mouse_methyl/raw/GSE60012/fastq/SRR1534523_2.fastq,2686478084,2.501978,2026-05-03T10:20:49.857425+00:00,False,/data/mouse_methyl/raw
GSE60012,SRR1534524,1.0,SRR1534524_1.fastq,/data/mouse_methyl/raw/GSE60012/fastq/SRR1534524_1.fastq,2788010612,2.596537,2026-05-03T11:05:31.023115+00:00,False,/data/mouse_methyl/raw
GSE60012,SRR1534524,2.0,SRR1534524_2.fastq,/data/mouse_methyl/raw/GSE60012/fastq/SRR1534524_2.fastq,2788010612,2.596537,2026-05-03T11:05:31.024115+00:00,False,/data/mouse_methyl/raw
GSE60012,SRR1534525,1.0,SRR1534525_1.fastq,/data/mouse_methyl/raw/GSE60012/fastq/SRR1534525_1.fastq,2092443224,1.94874,2026-05-03T11:34:24.541255+00:00,False,/data/mouse_methyl/raw
GSE60012,SRR1534525,2.0,SRR1534525_2.fastq,/data/mouse_methyl/raw/GSE60012/fastq/SRR1534525_2.fastq,2092443224,1.94874,2026-05-03T11:34:24.513253+00:00,False,/data/mouse_methyl/raw
GSE60012,SRR1534526,1.0,SRR1534526_1.fastq,/data/mouse_methyl/raw/GSE60012/fastq/SRR1534526_1.fastq,5003571000,4.659939,2026-05-03T12:33:43.678411+00:00,False,/data/mouse_methyl/raw
GSE60012,SRR1534526,2.0,SRR1534526_2.fastq,/data/mouse_methyl/raw/GSE60012/fastq/SRR1534526_2.fastq,5003571000,4.659939,2026-05-03T12:33:43.647411+00:00,False,/data/mouse_methyl/raw
GSE60012,SRR1534527,1.0,SRR1534527_1.fastq,/data/mouse_methyl/raw/GSE60012/fastq/SRR1534527_1.fastq,3936519314,3.666169,2026-05-03T13:14:28.744755+00:00,False,/data/mouse_methyl/raw
GSE60012,SRR1534527,2.0,SRR1534527_2.fastq,/data/mouse_methyl/raw/GSE60012/fastq/SRR1534527_2.fastq,3936519314,3.666169,2026-05-03T13:14:28.776757+00:00,False,/data/mouse_methyl/raw
GSE60012,SRR1534528,1.0,SRR1534528_1.fastq,/data/mouse_methyl/raw/GSE60012/fastq/SRR1534528_1.fastq,3516416982,3.274919,2026-05-03T13:58:59.659714+00:00,False,/data/mouse_methyl/raw
GSE60012,SRR1534528,2.0,SRR1534528_2.fastq,/data/mouse_methyl/raw/GSE60012/fastq/SRR1534528_2.fastq,3516416982,3.274919,2026-05-03T13:58:59.670714+00:00,False,/data/mouse_methyl/raw
GSE60012,SRR1534529,1.0,SRR1534529_1.fastq,/data/mouse_methyl/raw/GSE60012/fastq/SRR1534529_1.fastq,3991896480,3.717743,2026-05-03T14:58:00.483910+00:00,False,/data/mouse_methyl/raw
GSE60012,SRR1534529,2.0,SRR1534529_2.fastq,/data/mouse_methyl/raw/GSE60012/fastq/SRR1534529_2.fastq,3991896480,3.717743,2026-05-03T14:58:00.501911+00:00,False,/data/mouse_methyl/raw
GSE60012,SRR1534530,1.0,SRR1534530_1.fastq,/data/mouse_methyl/raw/GSE60012/fastq/SRR1534530_1.fastq,2131754916,1.985351,2026-05-03T15:27:43.617674+00:00,False,/data/mouse_methyl/raw
GSE60012,SRR1534530,2.0,SRR1534530_2.fastq,/data/mouse_methyl/raw/GSE60012/fastq/SRR1534530_2.fastq,2131754916,1.985351,2026-05-03T15:27:43.636675+00:00,False,/data/mouse_methyl/raw
GSE60012,SRR1534531,1.0,SRR1534531_1.fastq,/data/mouse_methyl/raw/GSE60012/fastq/SRR1534531_1.fastq,5932012984,5.524618,2026-05-03T17:09:38.191720+00:00,False,/data/mouse_methyl/raw
GSE60012,SRR1534531,2.0,SRR1534531_2.fastq,/data/mouse_methyl/raw/GSE60012/fastq/SRR1534531_2.fastq,5932012984,5.524618,2026-05-03T17:09:38.191720+00:00,False,/data/mouse_methyl/raw
GSE60012,SRR1534532,1.0,SRR1534532_1.fastq,/data/mouse_methyl/raw/GSE60012/fastq/SRR1534532_1.fastq,4460677760,4.15433,2026-05-03T18:09:51.386059+00:00,False,/data/mouse_methyl/raw
GSE60012,SRR1534532,2.0,SRR1534532_2.fastq,/data/mouse_methyl/raw/GSE60012/fastq/SRR1534532_2.fastq,4460677760,4.15433,2026-05-03T18:09:51.386059+00:00,False,/data/mouse_methyl/raw
GSE60012,SRR1534533,1.0,SRR1534533_1.fastq,/data/mouse_methyl/raw/GSE60012/fastq/SRR1534533_1.fastq,3206670124,2.986444,2026-05-03T18:48:37.330744+00:00,False,/data/mouse_methyl/raw
GSE60012,SRR1534533,2.0,SRR1534533_2.fastq,/data/mouse_methyl/raw/GSE60012/fastq/SRR1534533_2.fastq,3206670124,2.986444,2026-05-03T18:48:37.337744+00:00,False,/data/mouse_methyl/raw
GSE60012,SRR1534534,1.0,SRR1534534_1.fastq,/data/mouse_methyl/raw/GSE60012/fastq/SRR1534534_1.fastq,3540551458,3.297395,2026-05-03T19:32:38.051541+00:00,False,/data/mouse_methyl/raw
GSE60012,SRR1534534,2.0,SRR1534534_2.fastq,/data/mouse_methyl/raw/GSE60012/fastq/SRR1534534_2.fastq,3540551458,3.297395,2026-05-03T19:32:38.052541+00:00,False,/data/mouse_methyl/raw
GSE60012,SRR1534535,1.0,SRR1534535_1.fastq,/data/mouse_methyl/raw/GSE60012/fastq/SRR1534535_1.fastq,5568088986,5.185687,2026-05-03T20:33:39.780543+00:00,False,/data/mouse_methyl/raw
GSE60012,SRR1534535,2.0,SRR1534535_2.fastq,/data/mouse_methyl/raw/GSE60012/fastq/SRR1534535_2.fastq,5568088986,5.185687,2026-05-03T20:33:39.776543+00:00,False,/data/mouse_methyl/raw
GSE60012,SRR1534536,1.0,SRR1534536_1.fastq,/data/mouse_methyl/raw/GSE60012/fastq/SRR1534536_1.fastq,4190358846,3.902576,2026-05-03T21:19:27.905025+00:00,False,/data/mouse_methyl/raw
GSE60012,SRR1534536,2.0,SRR1534536_2.fastq,/data/mouse_methyl/raw/GSE60012/fastq/SRR1534536_2.fastq,4190358846,3.902576,2026-05-03T21:19:27.894024+00:00,False,/data/mouse_methyl/raw
GSE60012,SRR1534537,1.0,SRR1534537_1.fastq,/data/mouse_methyl/raw/GSE60012/fastq/SRR1534537_1.fastq,3411862202,3.177544,2026-04-26T18:19:14.266228+00:00,False,/data/mouse_methyl/raw
GSE60012,SRR1534537,2.0,SRR1534537_2.fastq,/data/mouse_methyl/raw/GSE60012/fastq/SRR1534537_2.fastq,3411862202,3.177544,2026-04-26T18:19:14.201225+00:00,False,/data/mouse_methyl/raw
GSE60012,SRR1534538,1.0,SRR1534538_1.fastq,/data/mouse_methyl/raw/GSE60012/fastq/SRR1534538_1.fastq,5789896018,5.392261,2026-05-03T22:29:43.374430+00:00,False,/data/mouse_methyl/raw
GSE60012,SRR1534538,2.0,SRR1534538_2.fastq,/data/mouse_methyl/raw/GSE60012/fastq/SRR1534538_2.fastq,5789896018,5.392261,2026-05-03T22:29:43.365430+00:00,False,/data/mouse_methyl/raw
GSE60012,SRR1534539,1.0,SRR1534539_1.fastq,/data/mouse_methyl/raw/GSE60012/fastq/SRR1534539_1.fastq,4146918534,3.862119,2026-04-26T18:39:20.883349+00:00,False,/data/mouse_methyl/raw
GSE60012,SRR1534539,2.0,SRR1534539_2.fastq,/data/mouse_methyl/raw/GSE60012/fastq/SRR1534539_2.fastq,4146918534,3.862119,2026-04-26T18:39:20.864348+00:00,False,/data/mouse_methyl/raw
GSE60012,SRR1534540,1.0,SRR1534540_1.fastq,/data/mouse_methyl/raw/GSE60012/fastq/SRR1534540_1.fastq,4653156094,4.333589,2026-05-03T23:23:05.249323+00:00,False,/data/mouse_methyl/raw
GSE60012,SRR1534540,2.0,SRR1534540_2.fastq,/data/mouse_methyl/raw/GSE60012/fastq/SRR1534540_2.fastq,4653156094,4.333589,2026-05-03T23:23:05.245323+00:00,False,/data/mouse_methyl/raw
GSE60012,SRR1534541,1.0,SRR1534541_1.fastq,/data/mouse_methyl/raw/GSE60012/fastq/SRR1534541_1.fastq,3924728988,3.655189,2026-04-26T18:37:41.731740+00:00,False,/data/mouse_methyl/raw
GSE60012,SRR1534541,2.0,SRR1534541_2.fastq,/data/mouse_methyl/raw/GSE60012/fastq/SRR1534541_2.fastq,3924728988,3.655189,2026-04-26T18:37:41.671738+00:00,False,/data/mouse_methyl/raw
GSE60012,SRR1534542,1.0,SRR1534542_1.fastq,/data/mouse_methyl/raw/GSE60012/fastq/SRR1534542_1.fastq,3446268758,3.209588,2026-04-26T18:25:19.442629+00:00,False,/data/mouse_methyl/raw
GSE60012,SRR1534542,2.0,SRR1534542_2.fastq,/data/mouse_methyl/raw/GSE60012/fastq/SRR1534542_2.fastq,3446268758,3.209588,2026-04-26T18:25:19.424628+00:00,False,/data/mouse_methyl/raw
GSE60012,SRR1534543,1.0,SRR1534543_1.fastq,/data/mouse_methyl/raw/GSE60012/fastq/SRR1534543_1.fastq,5133500968,4.780945,2026-05-04T00:35:33.322817+00:00,False,/data/mouse_methyl/raw
GSE60012,SRR1534543,2.0,SRR1534543_2.fastq,/data/mouse_methyl/raw/GSE60012/fastq/SRR1534543_2.fastq,5133500968,4.780945,2026-05-04T00:35:33.291816+00:00,False,/data/mouse_methyl/raw
GSE60012,SRR1534544,1.0,SRR1534544_1.fastq,/data/mouse_methyl/raw/GSE60012/fastq/SRR1534544_1.fastq,4928211512,4.589755,2026-05-04T01:47:45.236049+00:00,False,/data/mouse_methyl/raw
GSE60012,SRR1534544,2.0,SRR1534544_2.fastq,/data/mouse_methyl/raw/GSE60012/fastq/SRR1534544_2.fastq,4928211512,4.589755,2026-05-04T01:47:45.257042+00:00,False,/data/mouse_methyl/raw
GSE60012,SRR1534545,1.0,SRR1534545_1.fastq,/data/mouse_methyl/raw/GSE60012/fastq/SRR1534545_1.fastq,3072418292,2.861413,2026-05-04T02:32:26.344888+00:00,False,/data/mouse_methyl/raw
GSE60012,SRR1534545,2.0,SRR1534545_2.fastq,/data/mouse_methyl/raw/GSE60012/fastq/SRR1534545_2.fastq,3072418292,2.861413,2026-05-04T02:32:26.320888+00:00,False,/data/mouse_methyl/raw
GSE60012,SRR1534546,1.0,SRR1534546_1.fastq,/data/mouse_methyl/raw/GSE60012/fastq/SRR1534546_1.fastq,4655227666,4.335519,2026-05-04T03:38:13.363597+00:00,False,/data/mouse_methyl/raw
GSE60012,SRR1534546,2.0,SRR1534546_2.fastq,/data/mouse_methyl/raw/GSE60012/fastq/SRR1534546_2.fastq,4655227666,4.335519,2026-05-04T03:38:13.396598+00:00,False,/data/mouse_methyl/raw
GSE60012,SRR1534547,1.0,SRR1534547_1.fastq,/data/mouse_methyl/raw/GSE60012/fastq/SRR1534547_1.fastq,3416535866,3.181897,2026-05-04T04:29:59.969421+00:00,False,/data/mouse_methyl/raw
GSE60012,SRR1534547,2.0,SRR1534547_2.fastq,/data/mouse_methyl/raw/GSE60012/fastq/SRR1534547_2.fastq,3416535866,3.181897,2026-05-04T04:29:59.939420+00:00,False,/data/mouse_methyl/raw
GSE60012,SRR1534548,1.0,SRR1534548_1.fastq,/data/mouse_methyl/raw/GSE60012/fastq/SRR1534548_1.fastq,2732653484,2.544982,2026-04-26T20:30:42.783061+00:00,False,/data/mouse_methyl/raw
GSE60012,SRR1534548,2.0,SRR1534548_2.fastq,/data/mouse_methyl/raw/GSE60012/fastq/SRR1534548_2.fastq,2732653484,2.544982,2026-04-26T20:30:42.764060+00:00,False,/data/mouse_methyl/raw
GSE60012,SRR1534549,1.0,SRR1534549_1.fastq,/data/mouse_methyl/raw/GSE60012/fastq/SRR1534549_1.fastq,8829020692,8.222666,2026-05-04T06:14:56.616903+00:00,False,/data/mouse_methyl/raw
GSE60012,SRR1534549,2.0,SRR1534549_2.fastq,/data/mouse_methyl/raw/GSE60012/fastq/SRR1534549_2.fastq,8829020692,8.222666,2026-05-04T06:14:56.608903+00:00,False,/data/mouse_methyl/raw
GSE60012,SRR1534550,1.0,SRR1534550_1.fastq,/data/mouse_methyl/raw/GSE60012/fastq/SRR1534550_1.fastq,3324379966,3.09607,2026-05-04T06:53:44.545977+00:00,False,/data/mouse_methyl/raw
GSE60012,SRR1534550,2.0,SRR1534550_2.fastq,/data/mouse_methyl/raw/GSE60012/fastq/SRR1534550_2.fastq,3324379966,3.09607,2026-05-04T06:53:44.563978+00:00,False,/data/mouse_methyl/raw
GSE60012,SRR1534551,1.0,SRR1534551_1.fastq,/data/mouse_methyl/raw/GSE60012/fastq/SRR1534551_1.fastq,5276184586,4.91383,2026-05-04T07:59:09.386959+00:00,False,/data/mouse_methyl/raw
GSE60012,SRR1534551,2.0,SRR1534551_2.fastq,/data/mouse_methyl/raw/GSE60012/fastq/SRR1534551_2.fastq,5276184586,4.91383,2026-05-04T07:59:09.419961+00:00,False,/data/mouse_methyl/raw
GSE60012,SRR1534552,1.0,SRR1534552_1.fastq,/data/mouse_methyl/raw/GSE60012/fastq/SRR1534552_1.fastq,4898133482,4.561742,2026-05-04T08:54:26.503178+00:00,False,/data/mouse_methyl/raw
GSE60012,SRR1534552,2.0,SRR1534552_2.fastq,/data/mouse_methyl/raw/GSE60012/fastq/SRR1534552_2.fastq,4898133482,4.561742,2026-05-04T08:54:26.504178+00:00,False,/data/mouse_methyl/raw
GSE60012,SRR1534553,1.0,SRR1534553_1.fastq,/data/mouse_methyl/raw/GSE60012/fastq/SRR1534553_1.fastq,2011751212,1.873589,2026-04-26T20:01:07.269079+00:00,False,/data/mouse_methyl/raw
GSE60012,SRR1534553,2.0,SRR1534553_2.fastq,/data/mouse_methyl/raw/GSE60012/fastq/SRR1534553_2.fastq,2011751212,1.873589,2026-04-26T20:01:07.283080+00:00,False,/data/mouse_methyl/raw
GSE60012,SRR1534554,1.0,SRR1534554_1.fastq,/data/mouse_methyl/raw/GSE60012/fastq/SRR1534554_1.fastq,4841634638,4.509124,2026-05-04T09:56:11.393243+00:00,False,/data/mouse_methyl/raw
GSE60012,SRR1534554,2.0,SRR1534554_2.fastq,/data/mouse_methyl/raw/GSE60012/fastq/SRR1534554_2.fastq,4841634638,4.509124,2026-05-04T09:56:11.407243+00:00,False,/data/mouse_methyl/raw
GSE60012,SRR1534555,1.0,SRR1534555_1.fastq,/data/mouse_methyl/raw/GSE60012/fastq/SRR1534555_1.fastq,2123020902,1.977217,2026-04-26T21:15:11.092149+00:00,False,/data/mouse_methyl/raw
GSE60012,SRR1534555,2.0,SRR1534555_2.fastq,/data/mouse_methyl/raw/GSE60012/fastq/SRR1534555_2.fastq,2123020902,1.977217,2026-04-26T21:15:11.086149+00:00,False,/data/mouse_methyl/raw
GSE60012,SRR1534556,1.0,SRR1534556_1.fastq,/data/mouse_methyl/raw/GSE60012/fastq/SRR1534556_1.fastq,3780254350,3.520636,2026-05-04T10:46:07.380270+00:00,False,/data/mouse_methyl/raw
GSE60012,SRR1534556,2.0,SRR1534556_2.fastq,/data/mouse_methyl/raw/GSE60012/fastq/SRR1534556_2.fastq,3780254350,3.520636,2026-05-04T10:46:07.393271+00:00,False,/data/mouse_methyl/raw
GSE60012,SRR1534557,1.0,SRR1534557_1.fastq,/data/mouse_methyl/raw/GSE60012/fastq/SRR1534557_1.fastq,3646320840,3.395901,2026-05-04T11:33:54.568241+00:00,False,/data/mouse_methyl/raw
GSE60012,SRR1534557,2.0,SRR1534557_2.fastq,/data/mouse_methyl/raw/GSE60012/fastq/SRR1534557_2.fastq,3646320840,3.395901,2026-05-04T11:33:54.570241+00:00,False,/data/mouse_methyl/raw
GSE60012,SRR1534558,1.0,SRR1534558_1.fastq,/data/mouse_methyl/raw/GSE60012/fastq/SRR1534558_1.fastq,3826218380,3.563444,2026-05-04T12:21:59.712294+00:00,False,/data/mouse_methyl/raw
GSE60012,SRR1534558,2.0,SRR1534558_2.fastq,/data/mouse_methyl/raw/GSE60012/fastq/SRR1534558_2.fastq,3826218380,3.563444,2026-05-04T12:21:59.674292+00:00,False,/data/mouse_methyl/raw
GSE60012,SRR1534559,1.0,SRR1534559_1.fastq,/data/mouse_methyl/raw/GSE60012/fastq/SRR1534559_1.fastq,4979765920,4.637768,2026-05-04T13:20:15.560519+00:00,False,/data/mouse_methyl/raw
GSE60012,SRR1534559,2.0,SRR1534559_2.fastq,/data/mouse_methyl/raw/GSE60012/fastq/SRR1534559_2.fastq,4979765920,4.637768,2026-05-04T13:20:15.547518+00:00,False,/data/mouse_methyl/raw
GSE60012,SRR1534560,1.0,SRR1534560_1.fastq,/data/mouse_methyl/raw/GSE60012/fastq/SRR1534560_1.fastq,4035910524,3.758735,2026-05-04T14:13:42.458372+00:00,False,/data/mouse_methyl/raw
GSE60012,SRR1534560,2.0,SRR1534560_2.fastq,/data/mouse_methyl/raw/GSE60012/fastq/SRR1534560_2.fastq,4035910524,3.758735,2026-05-04T14:13:42.473373+00:00,False,/data/mouse_methyl/raw
GSE60012,SRR1534561,1.0,SRR1534561_1.fastq,/data/mouse_methyl/raw/GSE60012/fastq/SRR1534561_1.fastq,6380251068,5.942072,2026-05-04T15:55:28.259586+00:00,False,/data/mouse_methyl/raw
GSE60012,SRR1534561,2.0,SRR1534561_2.fastq,/data/mouse_methyl/raw/GSE60012/fastq/SRR1534561_2.fastq,6380251068,5.942072,2026-05-04T15:55:28.256586+00:00,False,/data/mouse_methyl/raw
GSE60012,SRR1534562,1.0,SRR1534562_1.fastq,/data/mouse_methyl/raw/GSE60012/fastq/SRR1534562_1.fastq,3714236198,3.459152,2026-04-26T23:22:45.707806+00:00,False,/data/mouse_methyl/raw
GSE60012,SRR1534562,2.0,SRR1534562_2.fastq,/data/mouse_methyl/raw/GSE60012/fastq/SRR1534562_2.fastq,3714236198,3.459152,2026-04-26T23:22:45.746808+00:00,False,/data/mouse_methyl/raw
GSE60012,SRR1534563,1.0,SRR1534563_1.fastq,/data/mouse_methyl/raw/GSE60012/fastq/SRR1534563_1.fastq,3336650162,3.107498,2026-04-26T23:14:41.965686+00:00,False,/data/mouse_methyl/raw
GSE60012,SRR1534563,2.0,SRR1534563_2.fastq,/data/mouse_methyl/raw/GSE60012/fastq/SRR1534563_2.fastq,3336650162,3.107498,2026-04-26T23:14:41.972686+00:00,False,/data/mouse_methyl/raw
GSE60012,SRR1534564,1.0,SRR1534564_1.fastq,/data/mouse_methyl/raw/GSE60012/fastq/SRR1534564_1.fastq,4073468164,3.793713,2026-04-26T23:31:24.340255+00:00,False,/data/mouse_methyl/raw
GSE60012,SRR1534564,2.0,SRR1534564_2.fastq,/data/mouse_methyl/raw/GSE60012/fastq/SRR1534564_2.fastq,4073468164,3.793713,2026-04-26T23:31:24.341255+00:00,False,/data/mouse_methyl/raw
GSE60012,SRR1534565,1.0,SRR1534565_1.fastq,/data/mouse_methyl/raw/GSE60012/fastq/SRR1534565_1.fastq,3036891230,2.828325,2026-04-26T23:08:53.145752+00:00,False,/data/mouse_methyl/raw
GSE60012,SRR1534565,2.0,SRR1534565_2.fastq,/data/mouse_methyl/raw/GSE60012/fastq/SRR1534565_2.fastq,3036891230,2.828325,2026-04-26T23:08:53.152753+00:00,False,/data/mouse_methyl/raw
GSE60012,SRR1534566,1.0,SRR1534566_1.fastq,/data/mouse_methyl/raw/GSE60012/fastq/SRR1534566_1.fastq,3109367016,2.895824,2026-04-26T23:20:42.978737+00:00,False,/data/mouse_methyl/raw
GSE60012,SRR1534566,2.0,SRR1534566_2.fastq,/data/mouse_methyl/raw/GSE60012/fastq/SRR1534566_2.fastq,3109367016,2.895824,2026-04-26T23:20:42.996737+00:00,False,/data/mouse_methyl/raw
GSE60012,SRR1534567,1.0,SRR1534567_1.fastq,/data/mouse_methyl/raw/GSE60012/fastq/SRR1534567_1.fastq,3481850700,3.242726,2026-04-26T23:30:12.608748+00:00,False,/data/mouse_methyl/raw
GSE60012,SRR1534567,2.0,SRR1534567_2.fastq,/data/mouse_methyl/raw/GSE60012/fastq/SRR1534567_2.fastq,3481850700,3.242726,2026-04-26T23:30:12.573746+00:00,False,/data/mouse_methyl/raw
GSE60012,SRR1534568,1.0,SRR1534568_1.fastq,/data/mouse_methyl/raw/GSE60012/fastq/SRR1534568_1.fastq,7346850060,6.842287,2026-05-04T17:17:12.243424+00:00,False,/data/mouse_methyl/raw
GSE60012,SRR1534568,2.0,SRR1534568_2.fastq,/data/mouse_methyl/raw/GSE60012/fastq/SRR1534568_2.fastq,7346850060,6.842287,2026-05-04T17:17:12.234425+00:00,False,/data/mouse_methyl/raw
GSE60012,SRR1534569,1.0,SRR1534569_1.fastq,/data/mouse_methyl/raw/GSE60012/fastq/SRR1534569_1.fastq,3228517622,3.006791,2026-04-26T23:46:28.673258+00:00,False,/data/mouse_methyl/raw
GSE60012,SRR1534569,2.0,SRR1534569_2.fastq,/data/mouse_methyl/raw/GSE60012/fastq/SRR1534569_2.fastq,3228517622,3.006791,2026-04-26T23:46:28.705260+00:00,False,/data/mouse_methyl/raw
GSE60012,SRR1534570,1.0,SRR1534570_1.fastq,/data/mouse_methyl/raw/GSE60012/fastq/SRR1534570_1.fastq,3946545012,3.675506,2026-05-04T18:01:10.919036+00:00,False,/data/mouse_methyl/raw
GSE60012,SRR1534570,2.0,SRR1534570_2.fastq,/data/mouse_methyl/raw/GSE60012/fastq/SRR1534570_2.fastq,3946545012,3.675506,2026-05-04T18:01:10.276006+00:00,False,/data/mouse_methyl/raw
GSE60012,SRR1534571,1.0,SRR1534571_1.fastq,/data/mouse_methyl/raw/GSE60012/fastq/SRR1534571_1.fastq,5054767818,4.707619,2026-05-04T18:59:44.363602+00:00,False,/data/mouse_methyl/raw
GSE60012,SRR1534571,2.0,SRR1534571_2.fastq,/data/mouse_methyl/raw/GSE60012/fastq/SRR1534571_2.fastq,5054767818,4.707619,2026-05-04T18:59:44.372603+00:00,False,/data/mouse_methyl/raw
GSE60012,SRR1534572,1.0,SRR1534572_1.fastq,/data/mouse_methyl/raw/GSE60012/fastq/SRR1534572_1.fastq,2392456436,2.228149,2026-04-27T00:51:55.996939+00:00,False,/data/mouse_methyl/raw
GSE60012,SRR1534572,2.0,SRR1534572_2.fastq,/data/mouse_methyl/raw/GSE60012/fastq/SRR1534572_2.fastq,2392456436,2.228149,2026-04-27T00:51:56.017940+00:00,False,/data/mouse_methyl/raw
GSE60012,SRR1534573,1.0,SRR1534573_1.fastq,/data/mouse_methyl/raw/GSE60012/fastq/SRR1534573_1.fastq,2875712358,2.678216,2026-04-27T01:49:38.642249+00:00,False,/data/mouse_methyl/raw
GSE60012,SRR1534573,2.0,SRR1534573_2.fastq,/data/mouse_methyl/raw/GSE60012/fastq/SRR1534573_2.fastq,2875712358,2.678216,2026-04-27T01:49:38.609247+00:00,False,/data/mouse_methyl/raw
GSE60012,SRR1534574,1.0,SRR1534574_1.fastq,/data/mouse_methyl/raw/GSE60012/fastq/SRR1534574_1.fastq,1142787602,1.064304,2026-04-27T00:37:06.264890+00:00,False,/data/mouse_methyl/raw
GSE60012,SRR1534574,2.0,SRR1534574_2.fastq,/data/mouse_methyl/raw/GSE60012/fastq/SRR1534574_2.fastq,1142787602,1.064304,2026-04-27T00:37:06.236889+00:00,False,/data/mouse_methyl/raw
GSE60012,SRR1534575,1.0,SRR1534575_1.fastq,/data/mouse_methyl/raw/GSE60012/fastq/SRR1534575_1.fastq,1129666106,1.052084,2026-04-27T01:16:59.946968+00:00,False,/data/mouse_methyl/raw
GSE60012,SRR1534575,2.0,SRR1534575_2.fastq,/data/mouse_methyl/raw/GSE60012/fastq/SRR1534575_2.fastq,1129666106,1.052084,2026-04-27T01:16:59.949968+00:00,False,/data/mouse_methyl/raw
GSE60012,SRR1534576,1.0,SRR1534576_1.fastq,/data/mouse_methyl/raw/GSE60012/fastq/SRR1534576_1.fastq,4277987368,3.984186,2026-05-04T19:51:09.305875+00:00,False,/data/mouse_methyl/raw
GSE60012,SRR1534576,2.0,SRR1534576_2.fastq,/data/mouse_methyl/raw/GSE60012/fastq/SRR1534576_2.fastq,4277987368,3.984186,2026-05-04T19:51:09.220870+00:00,False,/data/mouse_methyl/raw
GSE60012,SRR1534577,1.0,SRR1534577_1.fastq,/data/mouse_methyl/raw/GSE60012/fastq/SRR1534577_1.fastq,3874187680,3.608118,2026-05-04T20:35:41.752962+00:00,False,/data/mouse_methyl/raw
GSE60012,SRR1534577,2.0,SRR1534577_2.fastq,/data/mouse_methyl/raw/GSE60012/fastq/SRR1534577_2.fastq,3874187680,3.608118,2026-05-04T20:35:41.765964+00:00,False,/data/mouse_methyl/raw
GSE60012,SRR1534578,1.0,SRR1534578_1.fastq,/data/mouse_methyl/raw/GSE60012/fastq/SRR1534578_1.fastq,2726314212,2.539078,2026-04-27T03:38:00.718790+00:00,False,/data/mouse_methyl/raw
GSE60012,SRR1534578,2.0,SRR1534578_2.fastq,/data/mouse_methyl/raw/GSE60012/fastq/SRR1534578_2.fastq,2726314212,2.539078,2026-04-27T03:38:00.695789+00:00,False,/data/mouse_methyl/raw
GSE60012,SRR1534579,1.0,SRR1534579_1.fastq,/data/mouse_methyl/raw/GSE60012/fastq/SRR1534579_1.fastq,2430300818,2.263394,2026-04-27T03:31:34.255667+00:00,False,/data/mouse_methyl/raw
GSE60012,SRR1534579,2.0,SRR1534579_2.fastq,/data/mouse_methyl/raw/GSE60012/fastq/SRR1534579_2.fastq,2430300818,2.263394,2026-04-27T03:31:34.282668+00:00,False,/data/mouse_methyl/raw
GSE60012,SRR1534580,1.0,SRR1534580_1.fastq,/data/mouse_methyl/raw/GSE60012/fastq/SRR1534580_1.fastq,2993513700,2.787927,2026-04-27T04:07:25.209378+00:00,False,/data/mouse_methyl/raw
GSE60012,SRR1534580,2.0,SRR1534580_2.fastq,/data/mouse_methyl/raw/GSE60012/fastq/SRR1534580_2.fastq,2993513700,2.787927,2026-04-27T04:07:25.223379+00:00,False,/data/mouse_methyl/raw
GSE60012,SRR1534581,1.0,SRR1534581_1.fastq,/data/mouse_methyl/raw/GSE60012/fastq/SRR1534581_1.fastq,2274712190,2.118491,2026-05-04T21:10:53.902550+00:00,False,/data/mouse_methyl/raw
GSE60012,SRR1534581,2.0,SRR1534581_2.fastq,/data/mouse_methyl/raw/GSE60012/fastq/SRR1534581_2.fastq,2274712190,2.118491,2026-05-04T21:10:53.900550+00:00,False,/data/mouse_methyl/raw
GSE60012,SRR1534582,1.0,SRR1534582_1.fastq,/data/mouse_methyl/raw/GSE60012/fastq/SRR1534582_1.fastq,2282048876,2.125324,2026-05-04T21:47:44.320305+00:00,False,/data/mouse_methyl/raw
GSE60012,SRR1534582,2.0,SRR1534582_2.fastq,/data/mouse_methyl/raw/GSE60012/fastq/SRR1534582_2.fastq,2282048876,2.125324,2026-05-04T21:47:44.313304+00:00,False,/data/mouse_methyl/raw
GSE60012,SRR1534583,1.0,SRR1534583_1.fastq,/data/mouse_methyl/raw/GSE60012/fastq/SRR1534583_1.fastq,645320054,0.601001,2026-04-27T03:03:25.448399+00:00,False,/data/mouse_methyl/raw
GSE60012,SRR1534583,2.0,SRR1534583_2.fastq,/data/mouse_methyl/raw/GSE60012/fastq/SRR1534583_2.fastq,645320054,0.601001,2026-04-27T03:03:25.448399+00:00,False,/data/mouse_methyl/raw
GSE60012,SRR1534584,1.0,SRR1534584_1.fastq,/data/mouse_methyl/raw/GSE60012/fastq/SRR1534584_1.fastq,1523736636,1.41909,2026-04-27T03:28:05.495564+00:00,False,/data/mouse_methyl/raw
GSE60012,SRR1534584,2.0,SRR1534584_2.fastq,/data/mouse_methyl/raw/GSE60012/fastq/SRR1534584_2.fastq,1523736636,1.41909,2026-04-27T03:28:05.531566+00:00,False,/data/mouse_methyl/raw
GSE60012,SRR1534585,1.0,SRR1534585_1.fastq,/data/mouse_methyl/raw/GSE60012/fastq/SRR1534585_1.fastq,2683414872,2.499125,2026-04-27T04:19:39.839913+00:00,False,/data/mouse_methyl/raw
GSE60012,SRR1534585,2.0,SRR1534585_2.fastq,/data/mouse_methyl/raw/GSE60012/fastq/SRR1534585_2.fastq,2683414872,2.499125,2026-04-27T04:19:39.853914+00:00,False,/data/mouse_methyl/raw
GSE60012,SRR1534586,1.0,SRR1534586_1.fastq,/data/mouse_methyl/raw/GSE60012/fastq/SRR1534586_1.fastq,4834718284,4.502682,2026-05-04T23:02:43.279222+00:00,False,/data/mouse_methyl/raw
GSE60012,SRR1534586,2.0,SRR1534586_2.fastq,/data/mouse_methyl/raw/GSE60012/fastq/SRR1534586_2.fastq,4834718284,4.502682,2026-05-04T23:02:43.376226+00:00,False,/data/mouse_methyl/raw
GSE60012,SRR1534587,1.0,SRR1534587_1.fastq,/data/mouse_methyl/raw/GSE60012/fastq/SRR1534587_1.fastq,3314681506,3.087038,2026-05-05T00:01:06.793909+00:00,False,/data/mouse_methyl/raw
GSE60012,SRR1534587,2.0,SRR1534587_2.fastq,/data/mouse_methyl/raw/GSE60012/fastq/SRR1534587_2.fastq,3314681506,3.087038,2026-05-05T00:01:06.795909+00:00,False,/data/mouse_methyl/raw
GSE60012,SRR1534588,1.0,SRR1534588_1.fastq,/data/mouse_methyl/raw/GSE60012/fastq/SRR1534588_1.fastq,2341937480,2.181099,2026-05-05T00:37:06.039841+00:00,False,/data/mouse_methyl/raw
GSE60012,SRR1534588,2.0,SRR1534588_2.fastq,/data/mouse_methyl/raw/GSE60012/fastq/SRR1534588_2.fastq,2341937480,2.181099,2026-05-05T00:37:06.075844+00:00,False,/data/mouse_methyl/raw
GSE60012,SRR1534589,1.0,SRR1534589_1.fastq,/data/mouse_methyl/raw/GSE60012/fastq/SRR1534589_1.fastq,6239705480,5.811179,2026-05-05T02:00:16.513492+00:00,False,/data/mouse_methyl/raw
GSE60012,SRR1534589,2.0,SRR1534589_2.fastq,/data/mouse_methyl/raw/GSE60012/fastq/SRR1534589_2.fastq,6239705480,5.811179,2026-05-05T02:00:16.522492+00:00,False,/data/mouse_methyl/raw
GSE60012,SRR1534590,1.0,SRR1534590_1.fastq,/data/mouse_methyl/raw/GSE60012/fastq/SRR1534590_1.fastq,3934471876,3.664262,2026-05-05T02:42:41.042747+00:00,False,/data/mouse_methyl/raw
GSE60012,SRR1534590,2.0,SRR1534590_2.fastq,/data/mouse_methyl/raw/GSE60012/fastq/SRR1534590_2.fastq,3934471876,3.664262,2026-05-05T02:42:40.995744+00:00,False,/data/mouse_methyl/raw
GSE60012,SRR1534591,1.0,SRR1534591_1.fastq,/data/mouse_methyl/raw/GSE60012/fastq/SRR1534591_1.fastq,97090822,0.090423,2026-04-27T04:50:30.987116+00:00,False,/data/mouse_methyl/raw
GSE60012,SRR1534591,2.0,SRR1534591_2.fastq,/data/mouse_methyl/raw/GSE60012/fastq/SRR1534591_2.fastq,97090822,0.090423,2026-04-27T04:50:30.987116+00:00,False,/data/mouse_methyl/raw
GSE60012,SRR1534592,1.0,SRR1534592_1.fastq,/data/mouse_methyl/raw/GSE60012/fastq/SRR1534592_1.fastq,124082596,0.115561,2026-04-27T04:57:12.985583+00:00,False,/data/mouse_methyl/raw
GSE60012,SRR1534592,2.0,SRR1534592_2.fastq,/data/mouse_methyl/raw/GSE60012/fastq/SRR1534592_2.fastq,124082596,0.115561,2026-04-27T04:57:12.985583+00:00,False,/data/mouse_methyl/raw
GSE60012,SRR1534593,1.0,SRR1534593_1.fastq,/data/mouse_methyl/raw/GSE60012/fastq/SRR1534593_1.fastq,4267080566,3.974028,2026-05-05T03:31:08.208510+00:00,False,/data/mouse_methyl/raw
GSE60012,SRR1534593,2.0,SRR1534593_2.fastq,/data/mouse_methyl/raw/GSE60012/fastq/SRR1534593_2.fastq,4267080566,3.974028,2026-05-05T03:31:08.195508+00:00,False,/data/mouse_methyl/raw
GSE60012,SRR1534594,1.0,SRR1534594_1.fastq,/data/mouse_methyl/raw/GSE60012/fastq/SRR1534594_1.fastq,3707627932,3.452998,2026-04-27T06:51:10.822784+00:00,False,/data/mouse_methyl/raw
GSE60012,SRR1534594,2.0,SRR1534594_2.fastq,/data/mouse_methyl/raw/GSE60012/fastq/SRR1534594_2.fastq,3707627932,3.452998,2026-04-27T06:51:10.800784+00:00,False,/data/mouse_methyl/raw
GSE60012,SRR1534595,1.0,SRR1534595_1.fastq,/data/mouse_methyl/raw/GSE60012/fastq/SRR1534595_1.fastq,3960574872,3.688573,2026-05-05T04:23:58.629886+00:00,False,/data/mouse_methyl/raw
GSE60012,SRR1534595,2.0,SRR1534595_2.fastq,/data/mouse_methyl/raw/GSE60012/fastq/SRR1534595_2.fastq,3960574872,3.688573,2026-05-05T04:23:58.643887+00:00,False,/data/mouse_methyl/raw
GSE60012,SRR1534596,1.0,SRR1534596_1.fastq,/data/mouse_methyl/raw/GSE60012/fastq/SRR1534596_1.fastq,2654929142,2.472595,2026-05-05T05:00:35.237712+00:00,False,/data/mouse_methyl/raw
GSE60012,SRR1534596,2.0,SRR1534596_2.fastq,/data/mouse_methyl/raw/GSE60012/fastq/SRR1534596_2.fastq,2654929142,2.472595,2026-05-05T05:00:35.236712+00:00,False,/data/mouse_methyl/raw
GSE60012,SRR1534597,1.0,SRR1534597_1.fastq,/data/mouse_methyl/raw/GSE60012/fastq/SRR1534597_1.fastq,2400505454,2.235645,2026-05-05T05:38:30.223221+00:00,False,/data/mouse_methyl/raw
GSE60012,SRR1534597,2.0,SRR1534597_2.fastq,/data/mouse_methyl/raw/GSE60012/fastq/SRR1534597_2.fastq,2400505454,2.235645,2026-05-05T05:38:30.268223+00:00,False,/data/mouse_methyl/raw
GSE60012,SRR1534598,1.0,SRR1534598_1.fastq,/data/mouse_methyl/raw/GSE60012/fastq/SRR1534598_1.fastq,7092635156,6.605531,2026-05-05T07:11:02.852874+00:00,False,/data/mouse_methyl/raw
GSE60012,SRR1534598,2.0,SRR1534598_2.fastq,/data/mouse_methyl/raw/GSE60012/fastq/SRR1534598_2.fastq,7092635156,6.605531,2026-05-05T07:11:02.852874+00:00,False,/data/mouse_methyl/raw
GSE60012,SRR1534599,1.0,SRR1534599_1.fastq,/data/mouse_methyl/raw/GSE60012/fastq/SRR1534599_1.fastq,3488211410,3.24865,2026-05-05T07:53:24.371577+00:00,False,/data/mouse_methyl/raw
GSE60012,SRR1534599,2.0,SRR1534599_2.fastq,/data/mouse_methyl/raw/GSE60012/fastq/SRR1534599_2.fastq,3488211410,3.24865,2026-05-05T07:53:24.342576+00:00,False,/data/mouse_methyl/raw
GSE60012,SRR1534600,1.0,SRR1534600_1.fastq,/data/mouse_methyl/raw/GSE60012/fastq/SRR1534600_1.fastq,4806662466,4.476553,2026-05-05T08:45:22.771126+00:00,False,/data/mouse_methyl/raw
GSE60012,SRR1534600,2.0,SRR1534600_2.fastq,/data/mouse_methyl/raw/GSE60012/fastq/SRR1534600_2.fastq,4806662466,4.476553,2026-05-05T08:45:22.788126+00:00,False,/data/mouse_methyl/raw
GSE60012,SRR1534601,1.0,SRR1534601_1.fastq,/data/mouse_methyl/raw/GSE60012/fastq/SRR1534601_1.fastq,4213428240,3.924061,2026-05-05T09:34:50.850881+00:00,False,/data/mouse_methyl/raw
GSE60012,SRR1534601,2.0,SRR1534601_2.fastq,/data/mouse_methyl/raw/GSE60012/fastq/SRR1534601_2.fastq,4213428240,3.924061,2026-05-05T09:34:50.818880+00:00,False,/data/mouse_methyl/raw
GSE60012,SRR1534602,1.0,SRR1534602_1.fastq,/data/mouse_methyl/raw/GSE60012/fastq/SRR1534602_1.fastq,3356679862,3.126152,2026-05-05T10:11:26.849108+00:00,False,/data/mouse_methyl/raw
GSE60012,SRR1534602,2.0,SRR1534602_2.fastq,/data/mouse_methyl/raw/GSE60012/fastq/SRR1534602_2.fastq,3356679862,3.126152,2026-05-05T10:11:26.897110+00:00,False,/data/mouse_methyl/raw
GSE60012,SRR1534603,1.0,SRR1534603_1.fastq,/data/mouse_methyl/raw/GSE60012/fastq/SRR1534603_1.fastq,4960749814,4.620058,2026-05-05T11:07:56.351503+00:00,False,/data/mouse_methyl/raw
GSE60012,SRR1534603,2.0,SRR1534603_2.fastq,/data/mouse_methyl/raw/GSE60012/fastq/SRR1534603_2.fastq,4960749814,4.620058,2026-05-05T11:07:56.353503+00:00,False,/data/mouse_methyl/raw
GSE60012,SRR1534604,1.0,SRR1534604_1.fastq,/data/mouse_methyl/raw/GSE60012/fastq/SRR1534604_1.fastq,4439824126,4.134908,2026-05-05T11:56:22.161077+00:00,False,/data/mouse_methyl/raw
GSE60012,SRR1534604,2.0,SRR1534604_2.fastq,/data/mouse_methyl/raw/GSE60012/fastq/SRR1534604_2.fastq,4439824126,4.134908,2026-05-05T11:56:22.162077+00:00,False,/data/mouse_methyl/raw
GSE60012,SRR1534605,1.0,SRR1534605_1.fastq,/data/mouse_methyl/raw/GSE60012/fastq/SRR1534605_1.fastq,3182928516,2.964333,2026-04-27T08:14:51.160079+00:00,False,/data/mouse_methyl/raw
GSE60012,SRR1534605,2.0,SRR1534605_2.fastq,/data/mouse_methyl/raw/GSE60012/fastq/SRR1534605_2.fastq,3182928516,2.964333,2026-04-27T08:14:51.140078+00:00,False,/data/mouse_methyl/raw
GSE60012,SRR1534606,1.0,SRR1534606_1.fastq,/data/mouse_methyl/raw/GSE60012/fastq/SRR1534606_1.fastq,4412278116,4.109254,2026-05-05T13:03:01.685590+00:00,False,/data/mouse_methyl/raw
GSE60012,SRR1534606,2.0,SRR1534606_2.fastq,/data/mouse_methyl/raw/GSE60012/fastq/SRR1534606_2.fastq,4412278116,4.109254,2026-05-05T13:03:01.694591+00:00,False,/data/mouse_methyl/raw
GSE60012,SRR1534607,1.0,SRR1534607_1.fastq,/data/mouse_methyl/raw/GSE60012/fastq/SRR1534607_1.fastq,7250194240,6.75227,2026-05-05T15:43:08.072450+00:00,False,/data/mouse_methyl/raw
GSE60012,SRR1534607,2.0,SRR1534607_2.fastq,/data/mouse_methyl/raw/GSE60012/fastq/SRR1534607_2.fastq,7250194240,6.75227,2026-05-05T15:43:08.058449+00:00,False,/data/mouse_methyl/raw
GSE60012,SRR1534612,1.0,SRR1534612_1.fastq,/data/mouse_methyl/raw/GSE60012/fastq/SRR1534612_1.fastq,1906984386,1.776018,2026-04-27T08:57:57.166025+00:00,False,/data/mouse_methyl/raw
GSE60012,SRR1534612,2.0,SRR1534612_2.fastq,/data/mouse_methyl/raw/GSE60012/fastq/SRR1534612_2.fastq,1906984386,1.776018,2026-04-27T08:57:57.185025+00:00,False,/data/mouse_methyl/raw
GSE60012,SRR1534619,1.0,SRR1534619_1.fastq,/data/mouse_methyl/raw/GSE60012/fastq/SRR1534619_1.fastq,4037966638,3.760649,2026-04-27T10:18:39.253116+00:00,False,/data/mouse_methyl/raw
GSE60012,SRR1534619,2.0,SRR1534619_2.fastq,/data/mouse_methyl/raw/GSE60012/fastq/SRR1534619_2.fastq,4037966638,3.760649,2026-04-27T10:18:39.336120+00:00,False,/data/mouse_methyl/raw
GSE60012,SRR1534620,1.0,SRR1534620_1.fastq,/data/mouse_methyl/raw/GSE60012/fastq/SRR1534620_1.fastq,3447729248,3.210948,2026-04-27T10:26:56.253770+00:00,False,/data/mouse_methyl/raw
GSE60012,SRR1534620,2.0,SRR1534620_2.fastq,/data/mouse_methyl/raw/GSE60012/fastq/SRR1534620_2.fastq,3447729248,3.210948,2026-04-27T10:26:56.285772+00:00,False,/data/mouse_methyl/raw
GSE60012,SRR1534622,1.0,SRR1534622_1.fastq,/data/mouse_methyl/raw/GSE60012/fastq/SRR1534622_1.fastq,732007380,0.681735,2026-04-27T08:59:47.195076+00:00,False,/data/mouse_methyl/raw
GSE60012,SRR1534622,2.0,SRR1534622_2.fastq,/data/mouse_methyl/raw/GSE60012/fastq/SRR1534622_2.fastq,732007380,0.681735,2026-04-27T08:59:47.193076+00:00,False,/data/mouse_methyl/raw
GSE60012,SRR1534623,1.0,SRR1534623_1.fastq,/data/mouse_methyl/raw/GSE60012/fastq/SRR1534623_1.fastq,1682779700,1.567211,2026-04-27T10:00:27.434608+00:00,False,/data/mouse_methyl/raw
GSE60012,SRR1534623,2.0,SRR1534623_2.fastq,/data/mouse_methyl/raw/GSE60012/fastq/SRR1534623_2.fastq,1682779700,1.567211,2026-04-27T10:00:27.434608+00:00,False,/data/mouse_methyl/raw
GSE60012,SRR1534624,1.0,SRR1534624_1.fastq,/data/mouse_methyl/raw/GSE60012/fastq/SRR1534624_1.fastq,2536475256,2.362277,2026-04-27T10:30:17.849231+00:00,False,/data/mouse_methyl/raw
GSE60012,SRR1534624,2.0,SRR1534624_2.fastq,/data/mouse_methyl/raw/GSE60012/fastq/SRR1534624_2.fastq,2536475256,2.362277,2026-04-27T10:30:17.853231+00:00,False,/data/mouse_methyl/raw
GSE60012,SRR1534625,1.0,SRR1534625_1.fastq,/data/mouse_methyl/raw/GSE60012/fastq/SRR1534625_1.fastq,1549087674,1.4427,2026-04-27T09:54:36.480465+00:00,False,/data/mouse_methyl/raw
GSE60012,SRR1534625,2.0,SRR1534625_2.fastq,/data/mouse_methyl/raw/GSE60012/fastq/SRR1534625_2.fastq,1549087674,1.4427,2026-04-27T09:54:36.458464+00:00,False,/data/mouse_methyl/raw
GSE60012,SRR1534679,,SRR1534679.fastq,/data/mouse_methyl/raw/GSE60012/fastq/SRR1534679.fastq,6326413688,5.891932,2026-04-27T17:36:45.012718+00:00,False,/data/mouse_methyl/raw
GSE60012,SRR1534680,,SRR1534680.fastq,/data/mouse_methyl/raw/GSE60012/fastq/SRR1534680.fastq,5722139738,5.329158,2026-04-27T17:51:27.593170+00:00,False,/data/mouse_methyl/raw
GSE60012,SRR1534681,,SRR1534681.fastq,/data/mouse_methyl/raw/GSE60012/fastq/SRR1534681.fastq,6714365134,6.25324,2026-04-27T17:58:25.849544+00:00,False,/data/mouse_methyl/raw
GSE60012,SRR1534682,,SRR1534682.fastq,/data/mouse_methyl/raw/GSE60012/fastq/SRR1534682.fastq,5540364442,5.159866,2026-04-27T18:54:43.426317+00:00,False,/data/mouse_methyl/raw
GSE60012,SRR1534683,,SRR1534683.fastq,/data/mouse_methyl/raw/GSE60012/fastq/SRR1534683.fastq,5501648592,5.12381,2026-04-27T18:59:44.026563+00:00,False,/data/mouse_methyl/raw
GSE60012,SRR1534684,,SRR1534684.fastq,/data/mouse_methyl/raw/GSE60012/fastq/SRR1534684.fastq,6598467618,6.145302,2026-04-27T19:16:36.550395+00:00,False,/data/mouse_methyl/raw
GSE60012,SRR1534685,,SRR1534685.fastq,/data/mouse_methyl/raw/GSE60012/fastq/SRR1534685.fastq,5596745262,5.212375,2026-04-27T19:07:14.822422+00:00,False,/data/mouse_methyl/raw
GSE60012,SRR1534686,,SRR1534686.fastq,/data/mouse_methyl/raw/GSE60012/fastq/SRR1534686.fastq,5269978026,4.90805,2026-04-27T19:09:33.383484+00:00,False,/data/mouse_methyl/raw
GSE120137,SRR7871490,,SRR7871490.fastq,/data/mouse_methyl/raw/GSE120137/fastq/SRR7871490.fastq,8024252570,7.473168,2026-04-23T19:59:08.372061+00:00,False,/data/mouse_methyl/raw
GSE120137,SRR7871491,,SRR7871491.fastq,/data/mouse_methyl/raw/GSE120137/fastq/SRR7871491.fastq,12490088148,11.632301,2026-04-23T21:01:48.092677+00:00,False,/data/mouse_methyl/raw
GSE120137,SRR7871492,,SRR7871492.fastq,/data/mouse_methyl/raw/GSE120137/fastq/SRR7871492.fastq,12304089170,11.459076,2026-04-23T22:01:54.481662+00:00,False,/data/mouse_methyl/raw
GSE120137,SRR7871493,,SRR7871493.fastq,/data/mouse_methyl/raw/GSE120137/fastq/SRR7871493.fastq,10441757298,9.724644,2026-04-23T23:47:11.049925+00:00,False,/data/mouse_methyl/raw
GSE120137,SRR7871494,,SRR7871494.fastq,/data/mouse_methyl/raw/GSE120137/fastq/SRR7871494.fastq,7829593914,7.291878,2026-04-24T00:42:48.683249+00:00,False,/data/mouse_methyl/raw
GSE120137,SRR7871495,,SRR7871495.fastq,/data/mouse_methyl/raw/GSE120137/fastq/SRR7871495.fastq,14455973226,13.463174,2026-04-24T02:48:17.009007+00:00,False,/data/mouse_methyl/raw
GSE120137,SRR7871496,,SRR7871496.fastq,/data/mouse_methyl/raw/GSE120137/fastq/SRR7871496.fastq,13488596046,12.562234,2026-04-26T09:46:39.684125+00:00,False,/data/mouse_methyl/raw
GSE120137,SRR7871497,,SRR7871497.fastq,/data/mouse_methyl/raw/GSE120137/fastq/SRR7871497.fastq,13030886924,12.135959,2026-05-03T02:52:33.255842+00:00,False,/data/mouse_methyl/raw
GSE120137,SRR7871498,,SRR7871498.fastq,/data/mouse_methyl/raw/GSE120137/fastq/SRR7871498.fastq,12420434598,11.567431,2026-05-03T04:29:23.945193+00:00,False,/data/mouse_methyl/raw
GSE120137,SRR7871499,,SRR7871499.fastq,/data/mouse_methyl/raw/GSE120137/fastq/SRR7871499.fastq,12526771710,11.666465,2026-05-03T05:58:14.829870+00:00,False,/data/mouse_methyl/raw
GSE120137,SRR7871500,,SRR7871500.fastq,/data/mouse_methyl/raw/GSE120137/fastq/SRR7871500.fastq,15386497132,14.329792,2026-05-03T07:54:32.396715+00:00,False,/data/mouse_methyl/raw
GSE120137,SRR7871501,,SRR7871501.fastq,/data/mouse_methyl/raw/GSE120137/fastq/SRR7871501.fastq,9784933638,9.11293,2026-05-03T09:08:28.192318+00:00,False,/data/mouse_methyl/raw
GSE120137,SRR7871502,,SRR7871502.fastq,/data/mouse_methyl/raw/GSE120137/fastq/SRR7871502.fastq,10509492294,9.787727,2026-05-03T10:28:52.120298+00:00,False,/data/mouse_methyl/raw
GSE120137,SRR7871503,,SRR7871503.fastq,/data/mouse_methyl/raw/GSE120137/fastq/SRR7871503.fastq,10851467230,10.106216,2026-05-03T11:52:45.733398+00:00,False,/data/mouse_methyl/raw
GSE120137,SRR7871504,,SRR7871504.fastq,/data/mouse_methyl/raw/GSE120137/fastq/SRR7871504.fastq,8476702902,7.894545,2026-05-03T12:54:46.565843+00:00,False,/data/mouse_methyl/raw
GSE120137,SRR7871505,,SRR7871505.fastq,/data/mouse_methyl/raw/GSE120137/fastq/SRR7871505.fastq,12005359262,11.180862,2026-05-03T14:30:47.969753+00:00,False,/data/mouse_methyl/raw
GSE120137,SRR7871506,,SRR7871506.fastq,/data/mouse_methyl/raw/GSE120137/fastq/SRR7871506.fastq,10661525434,9.929319,2026-05-03T15:59:54.546350+00:00,False,/data/mouse_methyl/raw
GSE120137,SRR7871507,,SRR7871507.fastq,/data/mouse_methyl/raw/GSE120137/fastq/SRR7871507.fastq,10481354538,9.761522,2026-05-03T17:53:21.130265+00:00,False,/data/mouse_methyl/raw
GSE120137,SRR7871508,,SRR7871508.fastq,/data/mouse_methyl/raw/GSE120137/fastq/SRR7871508.fastq,10680700692,9.947178,2026-05-03T19:17:13.511191+00:00,False,/data/mouse_methyl/raw
GSE120137,SRR7871509,,SRR7871509.fastq,/data/mouse_methyl/raw/GSE120137/fastq/SRR7871509.fastq,10033185038,9.344132,2026-05-03T20:31:04.234459+00:00,False,/data/mouse_methyl/raw
GSE120137,SRR7871510,,SRR7871510.fastq,/data/mouse_methyl/raw/GSE120137/fastq/SRR7871510.fastq,10493837860,9.773148,2026-05-03T21:42:54.788476+00:00,False,/data/mouse_methyl/raw
GSE120137,SRR7871511,,SRR7871511.fastq,/data/mouse_methyl/raw/GSE120137/fastq/SRR7871511.fastq,10145035536,9.448301,2026-05-03T23:01:17.688917+00:00,False,/data/mouse_methyl/raw
GSE120137,SRR7871512,,SRR7871512.fastq,/data/mouse_methyl/raw/GSE120137/fastq/SRR7871512.fastq,7459219324,6.946939,2026-05-03T23:55:34.102218+00:00,False,/data/mouse_methyl/raw
GSE120137,SRR7871513,,SRR7871513.fastq,/data/mouse_methyl/raw/GSE120137/fastq/SRR7871513.fastq,11084144396,10.322914,2026-05-04T01:17:25.068329+00:00,False,/data/mouse_methyl/raw
GSE120137,SRR7871514,,SRR7871514.fastq,/data/mouse_methyl/raw/GSE120137/fastq/SRR7871514.fastq,9349223110,8.707143,2026-05-04T02:22:29.368473+00:00,False,/data/mouse_methyl/raw
GSE120137,SRR7871515,,SRR7871515.fastq,/data/mouse_methyl/raw/GSE120137/fastq/SRR7871515.fastq,10915651314,10.165992,2026-05-04T03:40:14.691364+00:00,False,/data/mouse_methyl/raw
GSE120137,SRR7871516,,SRR7871516.fastq,/data/mouse_methyl/raw/GSE120137/fastq/SRR7871516.fastq,7990976800,7.442177,2026-05-04T04:37:43.996955+00:00,False,/data/mouse_methyl/raw
GSE120137,SRR7871517,,SRR7871517.fastq,/data/mouse_methyl/raw/GSE120137/fastq/SRR7871517.fastq,8806255756,8.201465,2026-05-04T05:40:53.629428+00:00,False,/data/mouse_methyl/raw
GSE120137,SRR7871518,,SRR7871518.fastq,/data/mouse_methyl/raw/GSE120137/fastq/SRR7871518.fastq,9363059682,8.720029,2026-05-04T06:52:08.508232+00:00,False,/data/mouse_methyl/raw
GSE120137,SRR7871519,,SRR7871519.fastq,/data/mouse_methyl/raw/GSE120137/fastq/SRR7871519.fastq,8359740870,7.785615,2026-05-04T07:59:49.573824+00:00,False,/data/mouse_methyl/raw
GSE120137,SRR7871520,,SRR7871520.fastq,/data/mouse_methyl/raw/GSE120137/fastq/SRR7871520.fastq,9745170646,9.075897,2026-05-04T09:28:18.798994+00:00,False,/data/mouse_methyl/raw
GSE120137,SRR7871521,,SRR7871521.fastq,/data/mouse_methyl/raw/GSE120137/fastq/SRR7871521.fastq,10889275684,10.141428,2026-05-04T10:49:05.764107+00:00,False,/data/mouse_methyl/raw
GSE120137,SRR7871522,,SRR7871522.fastq,/data/mouse_methyl/raw/GSE120137/fastq/SRR7871522.fastq,6042333498,5.627362,2026-05-04T11:35:57.683129+00:00,False,/data/mouse_methyl/raw
GSE120137,SRR7871523,,SRR7871523.fastq,/data/mouse_methyl/raw/GSE120137/fastq/SRR7871523.fastq,11118482636,10.354894,2026-05-04T12:58:19.500173+00:00,False,/data/mouse_methyl/raw
GSE120137,SRR7871524,,SRR7871524.fastq,/data/mouse_methyl/raw/GSE120137/fastq/SRR7871524.fastq,5929007968,5.521819,2026-05-04T13:45:04.422469+00:00,False,/data/mouse_methyl/raw
GSE120137,SRR7871525,,SRR7871525.fastq,/data/mouse_methyl/raw/GSE120137/fastq/SRR7871525.fastq,7051839834,6.567538,2026-05-04T14:49:02.929331+00:00,False,/data/mouse_methyl/raw
GSE120137,SRR7871526,,SRR7871526.fastq,/data/mouse_methyl/raw/GSE120137/fastq/SRR7871526.fastq,7030480096,6.547645,2026-05-08T08:43:20.866174+00:00,False,/data/mouse_methyl/raw
GSE120137,SRR7871527,,SRR7871527.fastq,/data/mouse_methyl/raw/GSE120137/fastq/SRR7871527.fastq,13777654540,12.831441,2026-05-04T17:40:04.966036+00:00,False,/data/mouse_methyl/raw
GSE120137,SRR7871528,,SRR7871528.fastq,/data/mouse_methyl/raw/GSE120137/fastq/SRR7871528.fastq,7244973962,6.747408,2026-05-04T18:35:03.418343+00:00,False,/data/mouse_methyl/raw
GSE120137,SRR7871529,,SRR7871529.fastq,/data/mouse_methyl/raw/GSE120137/fastq/SRR7871529.fastq,11499216310,10.70948,2026-05-04T20:00:09.689283+00:00,False,/data/mouse_methyl/raw
GSE120137,SRR7871530,,SRR7871530.fastq,/data/mouse_methyl/raw/GSE120137/fastq/SRR7871530.fastq,9247507574,8.612413,2026-05-04T21:06:54.832553+00:00,False,/data/mouse_methyl/raw
GSE120137,SRR7871531,,SRR7871531.fastq,/data/mouse_methyl/raw/GSE120137/fastq/SRR7871531.fastq,9018503606,8.399136,2026-05-04T22:15:55.068268+00:00,False,/data/mouse_methyl/raw
GSE120137,SRR7871532,,SRR7871532.fastq,/data/mouse_methyl/raw/GSE120137/fastq/SRR7871532.fastq,8793532622,8.189615,2026-05-04T23:27:06.202043+00:00,False,/data/mouse_methyl/raw
GSE120137,SRR7871533,,SRR7871533.fastq,/data/mouse_methyl/raw/GSE120137/fastq/SRR7871533.fastq,9008136872,8.389481,2026-05-05T00:30:30.637241+00:00,False,/data/mouse_methyl/raw
GSE120137,SRR7871534,,SRR7871534.fastq,/data/mouse_methyl/raw/GSE120137/fastq/SRR7871534.fastq,5430456012,5.057506,2026-05-05T01:17:47.374224+00:00,False,/data/mouse_methyl/raw
GSE120137,SRR7871535,,SRR7871535.fastq,/data/mouse_methyl/raw/GSE120137/fastq/SRR7871535.fastq,8676539100,8.080657,2026-05-05T02:23:47.834402+00:00,False,/data/mouse_methyl/raw
GSE120137,SRR7871536,,SRR7871536.fastq,/data/mouse_methyl/raw/GSE120137/fastq/SRR7871536.fastq,8619668694,8.027692,2026-05-05T03:29:30.539864+00:00,False,/data/mouse_methyl/raw
GSE120137,SRR7871537,,SRR7871537.fastq,/data/mouse_methyl/raw/GSE120137/fastq/SRR7871537.fastq,9984243374,9.298551,2026-05-05T04:39:57.315156+00:00,False,/data/mouse_methyl/raw
GSE120137,SRR7871538,,SRR7871538.fastq,/data/mouse_methyl/raw/GSE120137/fastq/SRR7871538.fastq,13111864848,12.211376,2026-05-05T06:16:36.021576+00:00,False,/data/mouse_methyl/raw
GSE120137,SRR7871539,,SRR7871539.fastq,/data/mouse_methyl/raw/GSE120137/fastq/SRR7871539.fastq,13191627032,12.28566,2026-05-05T07:52:15.654307+00:00,False,/data/mouse_methyl/raw
GSE120137,SRR7871540,,SRR7871540.fastq,/data/mouse_methyl/raw/GSE120137/fastq/SRR7871540.fastq,12175951866,11.339739,2026-05-05T09:24:04.031689+00:00,False,/data/mouse_methyl/raw
GSE120137,SRR7871541,,SRR7871541.fastq,/data/mouse_methyl/raw/GSE120137/fastq/SRR7871541.fastq,11217153858,10.446789,2026-05-05T10:48:28.942584+00:00,False,/data/mouse_methyl/raw
GSE120137,SRR7871542,,SRR7871542.fastq,/data/mouse_methyl/raw/GSE120137/fastq/SRR7871542.fastq,8578787016,7.989618,2026-05-05T11:49:16.251771+00:00,False,/data/mouse_methyl/raw
GSE120137,SRR7871543,,SRR7871543.fastq,/data/mouse_methyl/raw/GSE120137/fastq/SRR7871543.fastq,13626185364,12.690374,2026-05-05T13:40:49.724456+00:00,False,/data/mouse_methyl/raw
GSE120137,SRR7871544,,SRR7871544.fastq,/data/mouse_methyl/raw/GSE120137/fastq/SRR7871544.fastq,10823863194,10.080508,2026-05-08T09:34:17.617028+00:00,False,/data/mouse_methyl/raw
GSE120137,SRR7871545,,SRR7871545.fastq,/data/mouse_methyl/raw/GSE120137/fastq/SRR7871545.fastq,13432650770,12.510131,2026-05-08T10:26:32.547820+00:00,False,/data/mouse_methyl/raw
GSE120137,SRR7871561,,SRR7871561.fastq,/data/mouse_methyl/raw/GSE120137/fastq/SRR7871561.fastq,5747974336,5.353218,2026-04-26T18:02:49.264265+00:00,False,/data/mouse_methyl/raw
GSE120137,SRR7871577,,SRR7871577.fastq,/data/mouse_methyl/raw/GSE120137/fastq/SRR7871577.fastq,7095578180,6.608272,2026-04-26T20:04:07.351936+00:00,False,/data/mouse_methyl/raw
GSE120137,SRR7871582,,SRR7871582.fastq,/data/mouse_methyl/raw/GSE120137/fastq/SRR7871582.fastq,8127593190,7.569411,2026-04-26T21:02:41.525253+00:00,False,/data/mouse_methyl/raw
GSE120137,SRR7871618,,SRR7871618.fastq,/data/mouse_methyl/raw/GSE120137/fastq/SRR7871618.fastq,4054937428,3.776455,2026-04-27T01:16:46.610605+00:00,False,/data/mouse_methyl/raw
GSE120137,SRR7871619,,SRR7871619.fastq,/data/mouse_methyl/raw/GSE120137/fastq/SRR7871619.fastq,3540403286,3.297258,2026-04-27T01:05:35.606237+00:00,False,/data/mouse_methyl/raw
GSE120137,SRR7871620,,SRR7871620.fastq,/data/mouse_methyl/raw/GSE120137/fastq/SRR7871620.fastq,4702478934,4.379525,2026-04-27T01:40:21.376956+00:00,False,/data/mouse_methyl/raw
GSE120137,SRR7871621,,SRR7871621.fastq,/data/mouse_methyl/raw/GSE120137/fastq/SRR7871621.fastq,3757225730,3.499189,2026-04-27T01:40:36.137776+00:00,False,/data/mouse_methyl/raw
GSE120137,SRR7871622,,SRR7871622.fastq,/data/mouse_methyl/raw/GSE120137/fastq/SRR7871622.fastq,3030354272,2.822237,2026-04-27T01:23:27.634651+00:00,False,/data/mouse_methyl/raw
GSE120137,SRR7871623,,SRR7871623.fastq,/data/mouse_methyl/raw/GSE120137/fastq/SRR7871623.fastq,2862067828,2.665508,2026-04-27T01:32:14.175828+00:00,False,/data/mouse_methyl/raw
GSE120137,SRR7871624,,SRR7871624.fastq,/data/mouse_methyl/raw/GSE120137/fastq/SRR7871624.fastq,3118402120,2.904238,2026-04-27T01:38:42.071402+00:00,False,/data/mouse_methyl/raw
GSE120137,SRR7871625,,SRR7871625.fastq,/data/mouse_methyl/raw/GSE120137/fastq/SRR7871625.fastq,2983971074,2.77904,2026-04-27T02:43:30.543403+00:00,False,/data/mouse_methyl/raw
GSE120137,SRR7871627,,SRR7871627.fastq,/data/mouse_methyl/raw/GSE120137/fastq/SRR7871627.fastq,4375065436,4.074597,2026-04-27T03:32:53.662565+00:00,False,/data/mouse_methyl/raw
GSE120137,SRR7871628,,SRR7871628.fastq,/data/mouse_methyl/raw/GSE120137/fastq/SRR7871628.fastq,5492196510,5.115007,2026-04-27T04:00:24.209630+00:00,False,/data/mouse_methyl/raw
GSE120137,SRR7871629,,SRR7871629.fastq,/data/mouse_methyl/raw/GSE120137/fastq/SRR7871629.fastq,5403135934,5.032062,2026-04-27T04:01:30.702088+00:00,False,/data/mouse_methyl/raw
GSE120137,SRR7871630,,SRR7871630.fastq,/data/mouse_methyl/raw/GSE120137/fastq/SRR7871630.fastq,4916830390,4.579155,2026-04-27T03:54:46.278838+00:00,False,/data/mouse_methyl/raw
GSE120137,SRR7871631,,SRR7871631.fastq,/data/mouse_methyl/raw/GSE120137/fastq/SRR7871631.fastq,3918429746,3.649322,2026-04-27T03:42:11.169101+00:00,False,/data/mouse_methyl/raw
GSE120137,SRR7871632,,SRR7871632.fastq,/data/mouse_methyl/raw/GSE120137/fastq/SRR7871632.fastq,3953645194,3.682119,2026-04-27T03:45:44.885897+00:00,False,/data/mouse_methyl/raw
GSE120137,SRR7871633,,SRR7871633.fastq,/data/mouse_methyl/raw/GSE120137/fastq/SRR7871633.fastq,3978606184,3.705366,2026-04-27T04:36:53.442944+00:00,False,/data/mouse_methyl/raw
GSE120137,SRR7871638,,SRR7871638.fastq,/data/mouse_methyl/raw/GSE120137/fastq/SRR7871638.fastq,4996352470,4.653216,2026-04-27T06:33:42.803286+00:00,False,/data/mouse_methyl/raw
GSE120137,SRR7871639,,SRR7871639.fastq,/data/mouse_methyl/raw/GSE120137/fastq/SRR7871639.fastq,3635230646,3.385572,2026-04-27T06:14:46.613718+00:00,False,/data/mouse_methyl/raw
GSE120137,SRR7871640,,SRR7871640.fastq,/data/mouse_methyl/raw/GSE120137/fastq/SRR7871640.fastq,3838406502,3.574795,2026-04-27T06:21:10.588286+00:00,False,/data/mouse_methyl/raw
GSE120137,SRR7871641,,SRR7871641.fastq,/data/mouse_methyl/raw/GSE120137/fastq/SRR7871641.fastq,4507728764,4.19815,2026-04-27T06:29:03.228722+00:00,False,/data/mouse_methyl/raw
GSE120137,SRR7871642,,SRR7871642.fastq,/data/mouse_methyl/raw/GSE120137/fastq/SRR7871642.fastq,3069716016,2.858896,2026-04-27T06:20:12.874929+00:00,False,/data/mouse_methyl/raw
GSE120137,SRR7871643,,SRR7871643.fastq,/data/mouse_methyl/raw/GSE120137/fastq/SRR7871643.fastq,3399668642,3.166188,2026-04-27T06:25:40.852377+00:00,False,/data/mouse_methyl/raw
GSE120137,SRR7871644,,SRR7871644.fastq,/data/mouse_methyl/raw/GSE120137/fastq/SRR7871644.fastq,4630571838,4.312556,2026-04-27T07:00:51.366399+00:00,False,/data/mouse_methyl/raw
GSE120137,SRR7871645,,SRR7871645.fastq,/data/mouse_methyl/raw/GSE120137/fastq/SRR7871645.fastq,3948178604,3.677028,2026-04-27T07:00:23.052531+00:00,False,/data/mouse_methyl/raw
GSE120137,SRR7871646,,SRR7871646.fastq,/data/mouse_methyl/raw/GSE120137/fastq/SRR7871646.fastq,3497990920,3.257758,2026-04-27T08:16:32.446639+00:00,False,/data/mouse_methyl/raw
GSE120137,SRR7871647,,SRR7871647.fastq,/data/mouse_methyl/raw/GSE120137/fastq/SRR7871647.fastq,3282066674,3.056663,2026-04-27T08:12:07.356855+00:00,False,/data/mouse_methyl/raw
GSE120137,SRR7871648,,SRR7871648.fastq,/data/mouse_methyl/raw/GSE120137/fastq/SRR7871648.fastq,3862733972,3.597451,2026-04-27T08:34:29.239193+00:00,False,/data/mouse_methyl/raw
GSE120137,SRR7871649,,SRR7871649.fastq,/data/mouse_methyl/raw/GSE120137/fastq/SRR7871649.fastq,3378910990,3.146856,2026-04-27T08:31:28.094551+00:00,False,/data/mouse_methyl/raw
GSE120137,SRR7871650,,SRR7871650.fastq,/data/mouse_methyl/raw/GSE120137/fastq/SRR7871650.fastq,3782716982,3.52293,2026-04-27T08:40:20.508307+00:00,False,/data/mouse_methyl/raw
GSE120137,SRR7871651,,SRR7871651.fastq,/data/mouse_methyl/raw/GSE120137/fastq/SRR7871651.fastq,4983810366,4.641535,2026-04-27T09:10:01.516568+00:00,False,/data/mouse_methyl/raw
GSE120137,SRR7871652,,SRR7871652.fastq,/data/mouse_methyl/raw/GSE120137/fastq/SRR7871652.fastq,2895945006,2.697059,2026-04-27T08:24:54.025879+00:00,False,/data/mouse_methyl/raw
GSE120137,SRR7871653,,SRR7871653.fastq,/data/mouse_methyl/raw/GSE120137/fastq/SRR7871653.fastq,4242537862,3.951171,2026-04-27T09:54:56.301365+00:00,False,/data/mouse_methyl/raw
GSE120137,SRR7871654,,SRR7871654.fastq,/data/mouse_methyl/raw/GSE120137/fastq/SRR7871654.fastq,3637153642,3.387363,2026-04-27T11:22:15.448265+00:00,False,/data/mouse_methyl/raw
GSE120137,SRR7871655,,SRR7871655.fastq,/data/mouse_methyl/raw/GSE120137/fastq/SRR7871655.fastq,2690931020,2.506125,2026-04-27T11:02:51.706718+00:00,False,/data/mouse_methyl/raw
GSE120137,SRR7871656,,SRR7871656.fastq,/data/mouse_methyl/raw/GSE120137/fastq/SRR7871656.fastq,2753666424,2.564552,2026-04-27T11:09:02.343139+00:00,False,/data/mouse_methyl/raw
GSE120137,SRR7871657,,SRR7871657.fastq,/data/mouse_methyl/raw/GSE120137/fastq/SRR7871657.fastq,2302037402,2.143939,2026-04-27T11:05:59.343073+00:00,False,/data/mouse_methyl/raw
GSE120137,SRR7871658,,SRR7871658.fastq,/data/mouse_methyl/raw/GSE120137/fastq/SRR7871658.fastq,2827853966,2.633644,2026-04-27T11:30:35.953748+00:00,False,/data/mouse_methyl/raw
GSE120137,SRR7871659,,SRR7871659.fastq,/data/mouse_methyl/raw/GSE120137/fastq/SRR7871659.fastq,3861998280,3.596766,2026-04-27T12:30:39.118447+00:00,False,/data/mouse_methyl/raw
GSE120137,SRR7871675,,SRR7871675.fastq,/data/mouse_methyl/raw/GSE120137/fastq/SRR7871675.fastq,4794739342,4.465449,2026-04-27T17:26:20.274397+00:00,False,/data/mouse_methyl/raw
GSE120137,SRR7871676,,SRR7871676.fastq,/data/mouse_methyl/raw/GSE120137/fastq/SRR7871676.fastq,6468681834,6.024429,2026-04-27T17:51:44.484837+00:00,False,/data/mouse_methyl/raw
GSE120137,SRR7871677,,SRR7871677.fastq,/data/mouse_methyl/raw/GSE120137/fastq/SRR7871677.fastq,3450654286,3.213672,2026-04-27T17:15:08.706101+00:00,False,/data/mouse_methyl/raw
GSE120137,SRR7871678,,SRR7871678.fastq,/data/mouse_methyl/raw/GSE120137/fastq/SRR7871678.fastq,6576152842,6.12452,2026-04-27T18:03:08.574958+00:00,False,/data/mouse_methyl/raw
GSE120137,SRR7871679,,SRR7871679.fastq,/data/mouse_methyl/raw/GSE120137/fastq/SRR7871679.fastq,5966937994,5.557144,2026-04-27T17:58:38.954111+00:00,False,/data/mouse_methyl/raw
GSE120137,SRR7871681,,SRR7871681.fastq,/data/mouse_methyl/raw/GSE120137/fastq/SRR7871681.fastq,6892680774,6.419309,2026-04-27T18:15:13.471801+00:00,False,/data/mouse_methyl/raw
GSE120137,SRR7871682,,SRR7871682.fastq,/data/mouse_methyl/raw/GSE120137/fastq/SRR7871682.fastq,3934027482,3.663849,2026-04-27T17:29:08.412948+00:00,False,/data/mouse_methyl/raw
GSE120137,SRR7871683,,SRR7871683.fastq,/data/mouse_methyl/raw/GSE120137/fastq/SRR7871683.fastq,3160247340,2.94321,2026-04-27T17:20:15.598271+00:00,False,/data/mouse_methyl/raw
GSE120137,SRR7871687,,SRR7871687.fastq,/data/mouse_methyl/raw/GSE120137/fastq/SRR7871687.fastq,4205887366,3.917038,2026-04-27T19:05:53.840923+00:00,False,/data/mouse_methyl/raw
GSE120137,SRR7871688,,SRR7871688.fastq,/data/mouse_methyl/raw/GSE120137/fastq/SRR7871688.fastq,4112902078,3.830439,2026-04-27T19:30:02.739434+00:00,False,/data/mouse_methyl/raw
GSE120137,SRR7871689,,SRR7871689.fastq,/data/mouse_methyl/raw/GSE120137/fastq/SRR7871689.fastq,4290966704,3.996274,2026-04-27T19:36:58.195748+00:00,False,/data/mouse_methyl/raw
GSE120137,SRR7871691,,SRR7871691.fastq,/data/mouse_methyl/raw/GSE120137/fastq/SRR7871691.fastq,6423480382,5.982332,2026-04-27T20:49:33.702746+00:00,False,/data/mouse_methyl/raw
GSE120137,SRR7871693,,SRR7871693.fastq,/data/mouse_methyl/raw/GSE120137/fastq/SRR7871693.fastq,5988472898,5.5772,2026-04-27T20:56:32.033242+00:00,False,/data/mouse_methyl/raw
GSE120137,SRR7871694,,SRR7871694.fastq,/data/mouse_methyl/raw/GSE120137/fastq/SRR7871694.fastq,4644620252,4.32564,2026-04-27T20:46:31.707309+00:00,False,/data/mouse_methyl/raw
GSE120137,SRR7871695,,SRR7871695.fastq,/data/mouse_methyl/raw/GSE120137/fastq/SRR7871695.fastq,5229881094,4.870706,2026-04-27T20:48:20.849365+00:00,False,/data/mouse_methyl/raw
GSE120137,SRR7871696,,SRR7871696.fastq,/data/mouse_methyl/raw/GSE120137/fastq/SRR7871696.fastq,6529366478,6.080946,2026-04-27T21:13:24.701125+00:00,False,/data/mouse_methyl/raw
GSE120137,SRR7871697,,SRR7871697.fastq,/data/mouse_methyl/raw/GSE120137/fastq/SRR7871697.fastq,8972008844,8.355834,2026-04-27T21:41:18.853513+00:00,False,/data/mouse_methyl/raw
GSE120137,SRR7871698,,SRR7871698.fastq,/data/mouse_methyl/raw/GSE120137/fastq/SRR7871698.fastq,6568885404,6.117751,2026-04-27T21:43:32.606022+00:00,False,/data/mouse_methyl/raw
GSE120137,SRR7871699,,SRR7871699.fastq,/data/mouse_methyl/raw/GSE120137/fastq/SRR7871699.fastq,7521865886,7.005284,2026-04-27T23:21:13.017047+00:00,False,/data/mouse_methyl/raw
GSE120137,SRR7871700,,SRR7871700.fastq,/data/mouse_methyl/raw/GSE120137/fastq/SRR7871700.fastq,6549073430,6.0993,2026-04-27T23:49:42.770621+00:00,False,/data/mouse_methyl/raw
GSE120137,SRR7871701,,SRR7871701.fastq,/data/mouse_methyl/raw/GSE120137/fastq/SRR7871701.fastq,6296917416,5.864461,2026-04-28T01:20:15.270455+00:00,False,/data/mouse_methyl/raw
GSE120137,SRR7871702,,SRR7871702.fastq,/data/mouse_methyl/raw/GSE120137/fastq/SRR7871702.fastq,6690512332,6.231025,2026-04-28T01:45:50.498827+00:00,False,/data/mouse_methyl/raw
GSE120137,SRR7871703,,SRR7871703.fastq,/data/mouse_methyl/raw/GSE120137/fastq/SRR7871703.fastq,6461752686,6.017976,2026-04-28T01:55:42.839916+00:00,False,/data/mouse_methyl/raw
GSE120137,SRR7871704,,SRR7871704.fastq,/data/mouse_methyl/raw/GSE120137/fastq/SRR7871704.fastq,6375870732,5.937992,2026-04-28T01:52:00.127452+00:00,False,/data/mouse_methyl/raw
GSE120137,SRR7871705,,SRR7871705.fastq,/data/mouse_methyl/raw/GSE120137/fastq/SRR7871705.fastq,3618474918,3.369967,2026-04-28T01:11:09.432706+00:00,False,/data/mouse_methyl/raw
GSE120137,SRR7871706,,SRR7871706.fastq,/data/mouse_methyl/raw/GSE120137/fastq/SRR7871706.fastq,4333570426,4.035952,2026-04-28T01:26:00.986050+00:00,False,/data/mouse_methyl/raw
GSE120137,SRR7871707,,SRR7871707.fastq,/data/mouse_methyl/raw/GSE120137/fastq/SRR7871707.fastq,3579344832,3.333525,2026-04-28T01:19:52.382445+00:00,False,/data/mouse_methyl/raw
GSE120137,SRR7871708,,SRR7871708.fastq,/data/mouse_methyl/raw/GSE120137/fastq/SRR7871708.fastq,3491477454,3.251692,2026-04-28T01:16:27.403569+00:00,False,/data/mouse_methyl/raw
GSE120137,SRR7871709,,SRR7871709.fastq,/data/mouse_methyl/raw/GSE120137/fastq/SRR7871709.fastq,3970287304,3.697618,2026-04-28T01:30:14.014731+00:00,False,/data/mouse_methyl/raw
GSE120137,SRR7871710,,SRR7871710.fastq,/data/mouse_methyl/raw/GSE120137/fastq/SRR7871710.fastq,3632553552,3.383079,2026-04-28T01:26:09.936460+00:00,False,/data/mouse_methyl/raw
GSE120137,SRR7871711,,SRR7871711.fastq,/data/mouse_methyl/raw/GSE120137/fastq/SRR7871711.fastq,3620371926,3.371734,2026-04-28T02:16:38.389463+00:00,False,/data/mouse_methyl/raw
GSE120137,SRR7871712,,SRR7871712.fastq,/data/mouse_methyl/raw/GSE120137/fastq/SRR7871712.fastq,2850229474,2.654483,2026-04-28T02:11:40.755838+00:00,False,/data/mouse_methyl/raw
GSE120137,SRR7871713,,SRR7871713.fastq,/data/mouse_methyl/raw/GSE120137/fastq/SRR7871713.fastq,3890932204,3.623713,2026-04-28T02:50:39.139846+00:00,False,/data/mouse_methyl/raw
GSE120137,SRR7871714,,SRR7871714.fastq,/data/mouse_methyl/raw/GSE120137/fastq/SRR7871714.fastq,8283155824,7.71429,2026-04-28T04:14:29.978972+00:00,False,/data/mouse_methyl/raw
GSE120137,SRR7871715,,SRR7871715.fastq,/data/mouse_methyl/raw/GSE120137/fastq/SRR7871715.fastq,7922816118,7.378698,2026-04-28T04:20:00.504504+00:00,False,/data/mouse_methyl/raw
GSE120137,SRR7871717,,SRR7871717.fastq,/data/mouse_methyl/raw/GSE120137/fastq/SRR7871717.fastq,6260602774,5.830641,2026-04-28T03:55:47.406439+00:00,False,/data/mouse_methyl/raw
GSE120137,SRR7871718,,SRR7871718.fastq,/data/mouse_methyl/raw/GSE120137/fastq/SRR7871718.fastq,6080711356,5.663104,2026-04-28T03:47:49.630780+00:00,False,/data/mouse_methyl/raw
GSE120137,SRR7871719,,SRR7871719.fastq,/data/mouse_methyl/raw/GSE120137/fastq/SRR7871719.fastq,4405465316,4.102909,2026-04-28T03:28:03.542764+00:00,False,/data/mouse_methyl/raw
GSE120137,SRR7871720,,SRR7871720.fastq,/data/mouse_methyl/raw/GSE120137/fastq/SRR7871720.fastq,8536637420,7.950363,2026-04-28T05:32:38.788123+00:00,False,/data/mouse_methyl/raw
GSE120137,SRR7871722,,SRR7871722.fastq,/data/mouse_methyl/raw/GSE120137/fastq/SRR7871722.fastq,5592912454,5.208806,2026-04-28T05:07:26.717571+00:00,False,/data/mouse_methyl/raw
GSE120137,SRR7871723,,SRR7871723.fastq,/data/mouse_methyl/raw/GSE120137/fastq/SRR7871723.fastq,3013876638,2.806891,2026-04-28T04:38:21.060208+00:00,False,/data/mouse_methyl/raw
GSE120137,SRR7871724,,SRR7871724.fastq,/data/mouse_methyl/raw/GSE120137/fastq/SRR7871724.fastq,6270734636,5.840077,2026-04-28T05:52:07.160680+00:00,False,/data/mouse_methyl/raw
GSE120137,SRR7871725,,SRR7871725.fastq,/data/mouse_methyl/raw/GSE120137/fastq/SRR7871725.fastq,2459000840,2.290123,2026-04-28T04:53:04.765124+00:00,False,/data/mouse_methyl/raw
GSE120137,SRR7871726,,SRR7871726.fastq,/data/mouse_methyl/raw/GSE120137/fastq/SRR7871726.fastq,6320871662,5.88677,2026-04-28T05:58:32.698970+00:00,False,/data/mouse_methyl/raw
GSE120137,SRR7871728,,SRR7871728.fastq,/data/mouse_methyl/raw/GSE120137/fastq/SRR7871728.fastq,5259626724,4.898409,2026-04-28T06:23:12.376287+00:00,False,/data/mouse_methyl/raw
GSE120137,SRR7871729,,SRR7871729.fastq,/data/mouse_methyl/raw/GSE120137/fastq/SRR7871729.fastq,4393331466,4.091609,2026-04-28T07:26:44.839798+00:00,False,/data/mouse_methyl/raw
GSE120137,SRR7871730,,SRR7871730.fastq,/data/mouse_methyl/raw/GSE120137/fastq/SRR7871730.fastq,4639261208,4.320649,2026-04-28T07:28:59.097627+00:00,False,/data/mouse_methyl/raw
GSE120137,SRR7871731,,SRR7871731.fastq,/data/mouse_methyl/raw/GSE120137/fastq/SRR7871731.fastq,2371607500,2.208732,2026-04-28T07:03:55.404378+00:00,False,/data/mouse_methyl/raw
GSE120137,SRR7871732,,SRR7871732.fastq,/data/mouse_methyl/raw/GSE120137/fastq/SRR7871732.fastq,4149768410,3.864773,2026-04-28T07:44:12.425419+00:00,False,/data/mouse_methyl/raw
GSE120137,SRR7871733,,SRR7871733.fastq,/data/mouse_methyl/raw/GSE120137/fastq/SRR7871733.fastq,4268675526,3.975514,2026-04-28T07:40:50.308682+00:00,False,/data/mouse_methyl/raw
GSE120137,SRR7871734,,SRR7871734.fastq,/data/mouse_methyl/raw/GSE120137/fastq/SRR7871734.fastq,4766003176,4.438686,2026-04-28T07:57:10.427372+00:00,False,/data/mouse_methyl/raw
GSE120137,SRR7871735,,SRR7871735.fastq,/data/mouse_methyl/raw/GSE120137/fastq/SRR7871735.fastq,4166289908,3.88016,2026-04-28T07:58:48.707192+00:00,False,/data/mouse_methyl/raw
GSE120137,SRR7871736,,SRR7871736.fastq,/data/mouse_methyl/raw/GSE120137/fastq/SRR7871736.fastq,2387901250,2.223906,2026-04-28T07:46:41.291636+00:00,False,/data/mouse_methyl/raw
GSE120137,SRR7871737,,SRR7871737.fastq,/data/mouse_methyl/raw/GSE120137/fastq/SRR7871737.fastq,3344850650,3.115135,2026-04-28T08:01:55.549605+00:00,False,/data/mouse_methyl/raw
GSE120137,SRR7871738,,SRR7871738.fastq,/data/mouse_methyl/raw/GSE120137/fastq/SRR7871738.fastq,3862564352,3.597293,2026-04-28T08:55:52.820208+00:00,False,/data/mouse_methyl/raw
GSE120137,SRR7871739,,SRR7871739.fastq,/data/mouse_methyl/raw/GSE120137/fastq/SRR7871739.fastq,3866091644,3.600578,2026-04-28T09:00:17.614052+00:00,False,/data/mouse_methyl/raw
GSE120137,SRR7871740,,SRR7871740.fastq,/data/mouse_methyl/raw/GSE120137/fastq/SRR7871740.fastq,3566476552,3.32154,2026-04-28T08:58:08.640791+00:00,False,/data/mouse_methyl/raw
GSE120137,SRR7871741,,SRR7871741.fastq,/data/mouse_methyl/raw/GSE120137/fastq/SRR7871741.fastq,4418701950,4.115237,2026-04-28T09:20:46.287821+00:00,False,/data/mouse_methyl/raw
GSE120137,SRR7871742,,SRR7871742.fastq,/data/mouse_methyl/raw/GSE120137/fastq/SRR7871742.fastq,3312340352,3.084857,2026-04-28T08:59:33.312901+00:00,False,/data/mouse_methyl/raw
GSE120137,SRR7871743,,SRR7871743.fastq,/data/mouse_methyl/raw/GSE120137/fastq/SRR7871743.fastq,3351522010,3.121348,2026-04-28T09:07:07.240974+00:00,False,/data/mouse_methyl/raw
GSE120137,SRR7871744,,SRR7871744.fastq,/data/mouse_methyl/raw/GSE120137/fastq/SRR7871744.fastq,3619598540,3.371014,2026-04-28T09:24:15.497293+00:00,False,/data/mouse_methyl/raw
GSE120137,SRR7871745,,SRR7871745.fastq,/data/mouse_methyl/raw/GSE120137/fastq/SRR7871745.fastq,2549176862,2.374106,2026-04-28T09:11:13.231424+00:00,False,/data/mouse_methyl/raw
GSE120137,SRR7871746,,SRR7871746.fastq,/data/mouse_methyl/raw/GSE120137/fastq/SRR7871746.fastq,4090607588,3.809675,2026-04-28T09:31:14.849684+00:00,False,/data/mouse_methyl/raw
GSE120137,SRR7871747,,SRR7871747.fastq,/data/mouse_methyl/raw/GSE120137/fastq/SRR7871747.fastq,4006378178,3.73123,2026-04-28T10:29:50.726395+00:00,False,/data/mouse_methyl/raw
GSE120137,SRR7871748,,SRR7871748.fastq,/data/mouse_methyl/raw/GSE120137/fastq/SRR7871748.fastq,4544046712,4.231973,2026-04-28T10:39:00.065673+00:00,False,/data/mouse_methyl/raw
GSE120137,SRR7871749,,SRR7871749.fastq,/data/mouse_methyl/raw/GSE120137/fastq/SRR7871749.fastq,4122757440,3.839617,2026-04-28T10:34:08.670201+00:00,False,/data/mouse_methyl/raw
GSE120137,SRR7871750,,SRR7871750.fastq,/data/mouse_methyl/raw/GSE120137/fastq/SRR7871750.fastq,5393341496,5.022941,2026-04-28T11:03:55.596505+00:00,False,/data/mouse_methyl/raw
GSE120137,SRR7871751,,SRR7871751.fastq,/data/mouse_methyl/raw/GSE120137/fastq/SRR7871751.fastq,4766376420,4.439034,2026-04-28T11:14:04.353373+00:00,False,/data/mouse_methyl/raw
GSE120137,SRR7871752,,SRR7871752.fastq,/data/mouse_methyl/raw/GSE120137/fastq/SRR7871752.fastq,3126418632,2.911704,2026-04-28T10:41:18.174090+00:00,False,/data/mouse_methyl/raw
GSE120137,SRR7871753,,SRR7871753.fastq,/data/mouse_methyl/raw/GSE120137/fastq/SRR7871753.fastq,3537760286,3.294796,2026-04-28T10:53:35.609786+00:00,False,/data/mouse_methyl/raw
GSE120137,SRR7871754,,SRR7871754.fastq,/data/mouse_methyl/raw/GSE120137/fastq/SRR7871754.fastq,3373668326,3.141973,2026-04-28T10:51:49.569631+00:00,False,/data/mouse_methyl/raw
GSE120137,SRR7871755,,SRR7871755.fastq,/data/mouse_methyl/raw/GSE120137/fastq/SRR7871755.fastq,4215270214,3.925776,2026-04-28T11:12:27.345782+00:00,False,/data/mouse_methyl/raw
GSE120137,SRR7871794,,SRR7871794.fastq,/data/mouse_methyl/raw/GSE120137/fastq/SRR7871794.fastq,4754555980,4.428025,2026-04-28T18:03:23.017944+00:00,False,/data/mouse_methyl/raw
GSE120137,SRR7871795,,SRR7871795.fastq,/data/mouse_methyl/raw/GSE120137/fastq/SRR7871795.fastq,5786877768,5.38945,2026-04-28T18:13:30.659608+00:00,False,/data/mouse_methyl/raw
GSE120137,SRR7871796,,SRR7871796.fastq,/data/mouse_methyl/raw/GSE120137/fastq/SRR7871796.fastq,5726578832,5.333292,2026-04-28T17:45:33.204463+00:00,False,/data/mouse_methyl/raw
GSE120137,SRR7871797,,SRR7871797.fastq,/data/mouse_methyl/raw/GSE120137/fastq/SRR7871797.fastq,5636497840,5.249398,2026-04-28T18:20:31.039902+00:00,False,/data/mouse_methyl/raw
GSE120137,SRR7871798,,SRR7871798.fastq,/data/mouse_methyl/raw/GSE120137/fastq/SRR7871798.fastq,5833002108,5.432407,2026-04-28T18:25:58.898734+00:00,False,/data/mouse_methyl/raw
GSE120137,SRR7871799,,SRR7871799.fastq,/data/mouse_methyl/raw/GSE120137/fastq/SRR7871799.fastq,5985088832,5.574048,2026-04-28T18:40:52.879385+00:00,False,/data/mouse_methyl/raw
GSE120137,SRR7871800,,SRR7871800.fastq,/data/mouse_methyl/raw/GSE120137/fastq/SRR7871800.fastq,6818276562,6.350015,2026-04-28T18:58:34.093048+00:00,False,/data/mouse_methyl/raw
GSE120137,SRR7871801,,SRR7871801.fastq,/data/mouse_methyl/raw/GSE120137/fastq/SRR7871801.fastq,6936676490,6.460283,2026-04-28T19:02:31.532823+00:00,False,/data/mouse_methyl/raw
GSE120137,SRR7871802,,SRR7871802.fastq,/data/mouse_methyl/raw/GSE120137/fastq/SRR7871802.fastq,6612110166,6.158007,2026-04-28T19:05:30.066001+00:00,False,/data/mouse_methyl/raw
GSE120137,SRR7871803,,SRR7871803.fastq,/data/mouse_methyl/raw/GSE120137/fastq/SRR7871803.fastq,9223087532,8.58967,2026-04-28T21:17:58.999643+00:00,False,/data/mouse_methyl/raw
GSE120137,SRR7871805,,SRR7871805.fastq,/data/mouse_methyl/raw/GSE120137/fastq/SRR7871805.fastq,3464873028,3.226914,2026-04-28T20:13:12.161336+00:00,False,/data/mouse_methyl/raw
GSE120137,SRR7871806,,SRR7871806.fastq,/data/mouse_methyl/raw/GSE120137/fastq/SRR7871806.fastq,3569339000,3.324206,2026-04-28T20:28:27.761685+00:00,False,/data/mouse_methyl/raw
GSE120137,SRR7871807,,SRR7871807.fastq,/data/mouse_methyl/raw/GSE120137/fastq/SRR7871807.fastq,4084952576,3.804409,2026-04-28T20:31:31.841801+00:00,False,/data/mouse_methyl/raw
GSE120137,SRR7871808,,SRR7871808.fastq,/data/mouse_methyl/raw/GSE120137/fastq/SRR7871808.fastq,4990444090,4.647713,2026-04-28T21:02:35.856779+00:00,False,/data/mouse_methyl/raw
GSE120137,SRR7871809,,SRR7871809.fastq,/data/mouse_methyl/raw/GSE120137/fastq/SRR7871809.fastq,4207163554,3.918226,2026-04-28T22:03:26.250424+00:00,False,/data/mouse_methyl/raw
GSE120137,SRR7871810,,SRR7871810.fastq,/data/mouse_methyl/raw/GSE120137/fastq/SRR7871810.fastq,4557530076,4.244531,2026-04-28T22:19:38.257556+00:00,False,/data/mouse_methyl/raw
GSE120137,SRR7871811,,SRR7871811.fastq,/data/mouse_methyl/raw/GSE120137/fastq/SRR7871811.fastq,4720163566,4.395995,2026-04-28T22:31:05.741517+00:00,False,/data/mouse_methyl/raw
GSE120137,SRR7871812,,SRR7871812.fastq,/data/mouse_methyl/raw/GSE120137/fastq/SRR7871812.fastq,5421099384,5.048792,2026-04-28T22:46:36.422131+00:00,False,/data/mouse_methyl/raw
GSE120137,SRR7871813,,SRR7871813.fastq,/data/mouse_methyl/raw/GSE120137/fastq/SRR7871813.fastq,4934882190,4.595967,2026-04-28T22:49:07.679970+00:00,False,/data/mouse_methyl/raw
GSE120137,SRR7871814,,SRR7871814.fastq,/data/mouse_methyl/raw/GSE120137/fastq/SRR7871814.fastq,5584494816,5.200966,2026-04-28T23:06:05.199057+00:00,False,/data/mouse_methyl/raw
GSE120137,SRR7871815,,SRR7871815.fastq,/data/mouse_methyl/raw/GSE120137/fastq/SRR7871815.fastq,5818924948,5.419296,2026-04-28T23:16:10.995430+00:00,False,/data/mouse_methyl/raw
GSE120137,SRR7871816,,SRR7871816.fastq,/data/mouse_methyl/raw/GSE120137/fastq/SRR7871816.fastq,5107040076,4.756302,2026-04-29T00:31:10.434122+00:00,False,/data/mouse_methyl/raw
GSE120137,SRR7871817,,SRR7871817.fastq,/data/mouse_methyl/raw/GSE120137/fastq/SRR7871817.fastq,5824295942,5.424298,2026-04-29T00:44:22.900373+00:00,False,/data/mouse_methyl/raw
GSE120137,SRR7871818,,SRR7871818.fastq,/data/mouse_methyl/raw/GSE120137/fastq/SRR7871818.fastq,5710959972,5.318746,2026-04-29T00:52:23.768453+00:00,False,/data/mouse_methyl/raw
GSE120137,SRR7871819,,SRR7871819.fastq,/data/mouse_methyl/raw/GSE120137/fastq/SRR7871819.fastq,5988783534,5.577489,2026-04-29T00:55:51.225695+00:00,False,/data/mouse_methyl/raw
GSE120137,SRR7871820,,SRR7871820.fastq,/data/mouse_methyl/raw/GSE120137/fastq/SRR7871820.fastq,6116230998,5.696184,2026-04-29T01:10:17.928348+00:00,False,/data/mouse_methyl/raw
GSE120137,SRR7871821,,SRR7871821.fastq,/data/mouse_methyl/raw/GSE120137/fastq/SRR7871821.fastq,4242758922,3.951377,2026-04-29T00:33:20.289196+00:00,False,/data/mouse_methyl/raw
GSE120137,SRR7871822,,SRR7871822.fastq,/data/mouse_methyl/raw/GSE120137/fastq/SRR7871822.fastq,4794164994,4.464914,2026-04-29T00:52:48.657685+00:00,False,/data/mouse_methyl/raw
GSE120137,SRR7871823,,SRR7871823.fastq,/data/mouse_methyl/raw/GSE120137/fastq/SRR7871823.fastq,4298237232,4.003045,2026-04-29T00:49:16.518148+00:00,False,/data/mouse_methyl/raw
GSE120137,SRR7871824,,SRR7871824.fastq,/data/mouse_methyl/raw/GSE120137/fastq/SRR7871824.fastq,5368130338,4.999461,2026-04-29T01:14:16.660931+00:00,False,/data/mouse_methyl/raw
GSE120137,SRR7871825,,SRR7871825.fastq,/data/mouse_methyl/raw/GSE120137/fastq/SRR7871825.fastq,3730621170,3.474412,2026-04-29T04:07:23.343403+00:00,False,/data/mouse_methyl/raw
GSE120137,SRR7871843,,SRR7871843.fastq,/data/mouse_methyl/raw/GSE120137/fastq/SRR7871843.fastq,5221579750,4.862975,2026-04-29T06:07:00.747279+00:00,False,/data/mouse_methyl/raw
GSE120137,SRR7871844,,SRR7871844.fastq,/data/mouse_methyl/raw/GSE120137/fastq/SRR7871844.fastq,4955136310,4.61483,2026-04-29T06:06:49.834771+00:00,False,/data/mouse_methyl/raw
GSE120137,SRR7871845,,SRR7871845.fastq,/data/mouse_methyl/raw/GSE120137/fastq/SRR7871845.fastq,6741758956,6.278752,2026-04-29T06:40:13.777556+00:00,False,/data/mouse_methyl/raw
GSE120137,SRR7871846,,SRR7871846.fastq,/data/mouse_methyl/raw/GSE120137/fastq/SRR7871846.fastq,5569686690,5.187175,2026-04-29T06:19:38.414224+00:00,False,/data/mouse_methyl/raw
GSE120137,SRR7871847,,SRR7871847.fastq,/data/mouse_methyl/raw/GSE120137/fastq/SRR7871847.fastq,6682367110,6.223439,2026-04-29T06:54:08.696974+00:00,False,/data/mouse_methyl/raw
GSE120137,SRR7871848,,SRR7871848.fastq,/data/mouse_methyl/raw/GSE120137/fastq/SRR7871848.fastq,6686616404,6.227397,2026-04-29T06:49:43.904606+00:00,False,/data/mouse_methyl/raw
GSE120137,SRR7871849,,SRR7871849.fastq,/data/mouse_methyl/raw/GSE120137/fastq/SRR7871849.fastq,7305617520,6.803887,2026-04-29T06:40:12.523498+00:00,False,/data/mouse_methyl/raw
GSE120137,SRR7871850,2.0,SRR7871850_2.fastq,/data/mouse_methyl/raw/GSE120137/fastq/SRR7871850_2.fastq,1865434556,1.737321,2026-04-29T05:15:59.321239+00:00,False,/data/mouse_methyl/raw
GSE120137,SRR7871851,,SRR7871851.fastq,/data/mouse_methyl/raw/GSE120137/fastq/SRR7871851.fastq,7424911122,6.914987,2026-04-29T06:45:17.226794+00:00,False,/data/mouse_methyl/raw
GSE120137,SRR7871852,2.0,SRR7871852_2.fastq,/data/mouse_methyl/raw/GSE120137/fastq/SRR7871852_2.fastq,1896533316,1.766284,2026-04-29T06:52:08.793563+00:00,False,/data/mouse_methyl/raw
GSE120137,SRR7871853,,SRR7871853.fastq,/data/mouse_methyl/raw/GSE120137/fastq/SRR7871853.fastq,6861198354,6.389989,2026-04-29T08:15:49.785916+00:00,False,/data/mouse_methyl/raw
GSE120137,SRR7871854,2.0,SRR7871854_2.fastq,/data/mouse_methyl/raw/GSE120137/fastq/SRR7871854_2.fastq,1749607844,1.629449,2026-04-29T07:00:05.167409+00:00,False,/data/mouse_methyl/raw
GSE120137,SRR7871855,,SRR7871855.fastq,/data/mouse_methyl/raw/GSE120137/fastq/SRR7871855.fastq,7607017594,7.084587,2026-04-29T08:29:01.798192+00:00,False,/data/mouse_methyl/raw
GSE120137,SRR7871856,2.0,SRR7871856_2.fastq,/data/mouse_methyl/raw/GSE120137/fastq/SRR7871856_2.fastq,1943993172,1.810485,2026-04-29T07:07:14.040878+00:00,False,/data/mouse_methyl/raw
GSE120137,SRR7871857,,SRR7871857.fastq,/data/mouse_methyl/raw/GSE120137/fastq/SRR7871857.fastq,6462009526,6.018215,2026-04-29T08:16:28.769627+00:00,False,/data/mouse_methyl/raw
GSE120137,SRR7871858,2.0,SRR7871858_2.fastq,/data/mouse_methyl/raw/GSE120137/fastq/SRR7871858_2.fastq,1645564124,1.532551,2026-04-29T07:13:48.420302+00:00,False,/data/mouse_methyl/raw
GSE120137,SRR7871859,,SRR7871859.fastq,/data/mouse_methyl/raw/GSE120137/fastq/SRR7871859.fastq,7256554726,6.758193,2026-04-29T08:33:04.844133+00:00,False,/data/mouse_methyl/raw
GSE120137,SRR7871860,2.0,SRR7871860_2.fastq,/data/mouse_methyl/raw/GSE120137/fastq/SRR7871860_2.fastq,1852655848,1.72542,2026-04-29T07:15:46.896106+00:00,False,/data/mouse_methyl/raw
GSE120137,SRR7871861,,SRR7871861.fastq,/data/mouse_methyl/raw/GSE120137/fastq/SRR7871861.fastq,6975599396,6.496533,2026-04-29T08:39:46.032238+00:00,False,/data/mouse_methyl/raw
GSE120137,SRR7871862,2.0,SRR7871862_2.fastq,/data/mouse_methyl/raw/GSE120137/fastq/SRR7871862_2.fastq,1779424124,1.657218,2026-04-29T07:25:17.177957+00:00,False,/data/mouse_methyl/raw
GSE120137,SRR7871863,,SRR7871863.fastq,/data/mouse_methyl/raw/GSE120137/fastq/SRR7871863.fastq,7863889096,7.323817,2026-04-29T08:55:03.679732+00:00,False,/data/mouse_methyl/raw
GSE120137,SRR7871864,2.0,SRR7871864_2.fastq,/data/mouse_methyl/raw/GSE120137/fastq/SRR7871864_2.fastq,2010944884,1.872838,2026-04-29T07:31:55.197218+00:00,False,/data/mouse_methyl/raw
GSE120137,SRR7871865,,SRR7871865.fastq,/data/mouse_methyl/raw/GSE120137/fastq/SRR7871865.fastq,8424783566,7.846191,2026-04-29T09:10:09.179446+00:00,False,/data/mouse_methyl/raw
GSE120137,SRR7871866,2.0,SRR7871866_2.fastq,/data/mouse_methyl/raw/GSE120137/fastq/SRR7871866_2.fastq,2157127916,2.008982,2026-04-29T07:39:38.606039+00:00,False,/data/mouse_methyl/raw
GSE120137,SRR7871867,,SRR7871867.fastq,/data/mouse_methyl/raw/GSE120137/fastq/SRR7871867.fastq,7234027328,6.737213,2026-04-29T09:13:32.196791+00:00,False,/data/mouse_methyl/raw
GSE120137,SRR7871868,2.0,SRR7871868_2.fastq,/data/mouse_methyl/raw/GSE120137/fastq/SRR7871868_2.fastq,1846775576,1.719944,2026-04-29T07:46:35.873913+00:00,False,/data/mouse_methyl/raw
GSE120137,SRR7871869,,SRR7871869.fastq,/data/mouse_methyl/raw/GSE120137/fastq/SRR7871869.fastq,8049908812,7.497062,2026-04-29T09:30:44.674033+00:00,False,/data/mouse_methyl/raw
GSE120137,SRR7871870,2.0,SRR7871870_2.fastq,/data/mouse_methyl/raw/GSE120137/fastq/SRR7871870_2.fastq,2059429344,1.917993,2026-04-29T09:36:49.824451+00:00,False,/data/mouse_methyl/raw
GSE120137,SRR7871871,,SRR7871871.fastq,/data/mouse_methyl/raw/GSE120137/fastq/SRR7871871.fastq,6708394402,6.247679,2026-04-29T10:54:37.879125+00:00,False,/data/mouse_methyl/raw
GSE120137,SRR7871872,2.0,SRR7871872_2.fastq,/data/mouse_methyl/raw/GSE120137/fastq/SRR7871872_2.fastq,1709778836,1.592356,2026-04-29T09:44:16.074509+00:00,False,/data/mouse_methyl/raw
GSE120137,SRR7871873,,SRR7871873.fastq,/data/mouse_methyl/raw/GSE120137/fastq/SRR7871873.fastq,6748817082,6.285326,2026-04-29T10:51:05.264031+00:00,False,/data/mouse_methyl/raw
GSE120137,SRR7871874,2.0,SRR7871874_2.fastq,/data/mouse_methyl/raw/GSE120137/fastq/SRR7871874_2.fastq,1720321944,1.602175,2026-04-29T10:00:41.397069+00:00,False,/data/mouse_methyl/raw
GSE120137,SRR7871876,2.0,SRR7871876_2.fastq,/data/mouse_methyl/raw/GSE120137/fastq/SRR7871876_2.fastq,1737098236,1.617799,2026-04-29T10:07:10.595823+00:00,False,/data/mouse_methyl/raw
GSE120137,SRR7871877,,SRR7871877.fastq,/data/mouse_methyl/raw/GSE120137/fastq/SRR7871877.fastq,6769572384,6.304656,2026-04-29T16:32:54.708976+00:00,False,/data/mouse_methyl/raw
GSE120137,SRR7871878,2.0,SRR7871878_2.fastq,/data/mouse_methyl/raw/GSE120137/fastq/SRR7871878_2.fastq,1725734488,1.607215,2026-04-29T10:12:43.027810+00:00,False,/data/mouse_methyl/raw
GSE120137,SRR7871879,,SRR7871879.fastq,/data/mouse_methyl/raw/GSE120137/fastq/SRR7871879.fastq,6815402832,6.347339,2026-04-29T16:37:43.871485+00:00,False,/data/mouse_methyl/raw
GSE120137,SRR7871880,2.0,SRR7871880_2.fastq,/data/mouse_methyl/raw/GSE120137/fastq/SRR7871880_2.fastq,1737683540,1.618344,2026-04-29T10:16:46.538124+00:00,False,/data/mouse_methyl/raw
GSE120137,SRR7871881,,SRR7871881.fastq,/data/mouse_methyl/raw/GSE120137/fastq/SRR7871881.fastq,7415314240,6.90605,2026-04-29T16:42:49.083065+00:00,False,/data/mouse_methyl/raw
GSE120137,SRR7871882,2.0,SRR7871882_2.fastq,/data/mouse_methyl/raw/GSE120137/fastq/SRR7871882_2.fastq,1894034872,1.763957,2026-04-29T10:25:05.434530+00:00,False,/data/mouse_methyl/raw
GSE120137,SRR7871883,,SRR7871883.fastq,/data/mouse_methyl/raw/GSE120137/fastq/SRR7871883.fastq,7617846110,7.094672,2026-04-29T16:41:38.150885+00:00,False,/data/mouse_methyl/raw
GSE120137,SRR7871884,2.0,SRR7871884_2.fastq,/data/mouse_methyl/raw/GSE120137/fastq/SRR7871884_2.fastq,1946825576,1.813123,2026-04-29T10:27:56.412426+00:00,False,/data/mouse_methyl/raw
GSE120137,SRR7871885,,SRR7871885.fastq,/data/mouse_methyl/raw/GSE120137/fastq/SRR7871885.fastq,6487962524,6.042386,2026-04-29T16:35:00.943380+00:00,False,/data/mouse_methyl/raw
GSE120137,SRR7871886,2.0,SRR7871886_2.fastq,/data/mouse_methyl/raw/GSE120137/fastq/SRR7871886_2.fastq,1652336612,1.538858,2026-04-29T10:34:37.000138+00:00,False,/data/mouse_methyl/raw
GSE120137,SRR7871888,2.0,SRR7871888_2.fastq,/data/mouse_methyl/raw/GSE120137/fastq/SRR7871888_2.fastq,1609089528,1.498581,2026-04-29T10:43:21.292859+00:00,False,/data/mouse_methyl/raw
GSE120137,SRR7871890,2.0,SRR7871890_2.fastq,/data/mouse_methyl/raw/GSE120137/fastq/SRR7871890_2.fastq,1510552376,1.406812,2026-04-29T12:50:35.086154+00:00,False,/data/mouse_methyl/raw
GSE120137,SRR7871892,2.0,SRR7871892_2.fastq,/data/mouse_methyl/raw/GSE120137/fastq/SRR7871892_2.fastq,1830341800,1.704639,2026-04-29T13:46:58.380803+00:00,False,/data/mouse_methyl/raw
GSE120137,SRR7871894,2.0,SRR7871894_2.fastq,/data/mouse_methyl/raw/GSE120137/fastq/SRR7871894_2.fastq,1575218348,1.467036,2026-04-29T13:49:00.635494+00:00,False,/data/mouse_methyl/raw
GSE120137,SRR7871896,2.0,SRR7871896_2.fastq,/data/mouse_methyl/raw/GSE120137/fastq/SRR7871896_2.fastq,1835067748,1.70904,2026-04-29T15:07:36.695693+00:00,False,/data/mouse_methyl/raw
GSE120137,SRR7871898,2.0,SRR7871898_2.fastq,/data/mouse_methyl/raw/GSE120137/fastq/SRR7871898_2.fastq,1819066556,1.694138,2026-04-29T15:58:42.541539+00:00,False,/data/mouse_methyl/raw
GSE120137,SRR7871900,2.0,SRR7871900_2.fastq,/data/mouse_methyl/raw/GSE120137/fastq/SRR7871900_2.fastq,1835495180,1.709438,2026-04-29T16:06:04.451631+00:00,False,/data/mouse_methyl/raw
GSE120137,SRR7871901,,SRR7871901.fastq,/data/mouse_methyl/raw/GSE120137/fastq/SRR7871901.fastq,6724144384,6.262347,2026-04-29T17:21:44.872073+00:00,False,/data/mouse_methyl/raw
GSE120137,SRR7871902,2.0,SRR7871902_2.fastq,/data/mouse_methyl/raw/GSE120137/fastq/SRR7871902_2.fastq,1713906692,1.5962,2026-04-29T16:14:57.316318+00:00,False,/data/mouse_methyl/raw
GSE120137,SRR7871903,,SRR7871903.fastq,/data/mouse_methyl/raw/GSE120137/fastq/SRR7871903.fastq,7059210206,6.574402,2026-04-29T17:32:46.539546+00:00,False,/data/mouse_methyl/raw
GSE120137,SRR7871904,2.0,SRR7871904_2.fastq,/data/mouse_methyl/raw/GSE120137/fastq/SRR7871904_2.fastq,1801238244,1.677534,2026-04-29T16:25:18.932346+00:00,False,/data/mouse_methyl/raw
GSE120137,SRR7871905,,SRR7871905.fastq,/data/mouse_methyl/raw/GSE120137/fastq/SRR7871905.fastq,6864811318,6.393354,2026-04-29T17:40:53.644442+00:00,False,/data/mouse_methyl/raw
GSE120137,SRR7871906,2.0,SRR7871906_2.fastq,/data/mouse_methyl/raw/GSE120137/fastq/SRR7871906_2.fastq,1750570992,1.630346,2026-04-29T17:46:43.013996+00:00,False,/data/mouse_methyl/raw
GSE120137,SRR7871907,,SRR7871907.fastq,/data/mouse_methyl/raw/GSE120137/fastq/SRR7871907.fastq,6057850814,5.641813,2026-04-29T18:51:15.767226+00:00,False,/data/mouse_methyl/raw
GSE120137,SRR7871908,2.0,SRR7871908_2.fastq,/data/mouse_methyl/raw/GSE120137/fastq/SRR7871908_2.fastq,1540244180,1.434464,2026-04-29T18:10:16.257300+00:00,False,/data/mouse_methyl/raw
GSE120137,SRR7871909,,SRR7871909.fastq,/data/mouse_methyl/raw/GSE120137/fastq/SRR7871909.fastq,5921850988,5.515154,2026-04-29T19:17:45.555523+00:00,False,/data/mouse_methyl/raw
GSE120137,SRR7871910,2.0,SRR7871910_2.fastq,/data/mouse_methyl/raw/GSE120137/fastq/SRR7871910_2.fastq,1504798696,1.401453,2026-04-29T18:15:35.470963+00:00,False,/data/mouse_methyl/raw
GSE120137,SRR7871911,,SRR7871911.fastq,/data/mouse_methyl/raw/GSE120137/fastq/SRR7871911.fastq,6975536584,6.496475,2026-04-29T19:28:17.335879+00:00,False,/data/mouse_methyl/raw
GSE120137,SRR7871912,2.0,SRR7871912_2.fastq,/data/mouse_methyl/raw/GSE120137/fastq/SRR7871912_2.fastq,1779432404,1.657226,2026-04-29T18:22:17.862881+00:00,False,/data/mouse_methyl/raw
GSE120137,SRR7871913,,SRR7871913.fastq,/data/mouse_methyl/raw/GSE120137/fastq/SRR7871913.fastq,7637154872,7.112655,2026-04-29T19:43:51.588496+00:00,False,/data/mouse_methyl/raw
GSE120137,SRR7871914,2.0,SRR7871914_2.fastq,/data/mouse_methyl/raw/GSE120137/fastq/SRR7871914_2.fastq,1951872604,1.817823,2026-04-29T18:27:04.436518+00:00,False,/data/mouse_methyl/raw
GSE120137,SRR7871915,,SRR7871915.fastq,/data/mouse_methyl/raw/GSE120137/fastq/SRR7871915.fastq,7058211558,6.573472,2026-04-29T19:40:00.421201+00:00,False,/data/mouse_methyl/raw
GSE120137,SRR7871916,2.0,SRR7871916_2.fastq,/data/mouse_methyl/raw/GSE120137/fastq/SRR7871916_2.fastq,1800977516,1.677291,2026-04-29T18:33:05.923819+00:00,False,/data/mouse_methyl/raw
GSE120137,SRR7871917,,SRR7871917.fastq,/data/mouse_methyl/raw/GSE120137/fastq/SRR7871917.fastq,7509889674,6.99413,2026-04-29T19:56:14.776690+00:00,False,/data/mouse_methyl/raw
GSE120137,SRR7871918,2.0,SRR7871918_2.fastq,/data/mouse_methyl/raw/GSE120137/fastq/SRR7871918_2.fastq,1918703016,1.786931,2026-04-29T18:37:50.696490+00:00,False,/data/mouse_methyl/raw
GSE120137,SRR7871919,,SRR7871919.fastq,/data/mouse_methyl/raw/GSE120137/fastq/SRR7871919.fastq,6899430830,6.425596,2026-04-29T19:47:24.142027+00:00,False,/data/mouse_methyl/raw
GSE120137,SRR7871920,2.0,SRR7871920_2.fastq,/data/mouse_methyl/raw/GSE120137/fastq/SRR7871920_2.fastq,1759596652,1.638752,2026-04-29T18:44:16.614047+00:00,False,/data/mouse_methyl/raw
GSE120137,SRR7871921,,SRR7871921.fastq,/data/mouse_methyl/raw/GSE120137/fastq/SRR7871921.fastq,7118400486,6.629527,2026-04-29T19:59:39.639177+00:00,False,/data/mouse_methyl/raw
GSE120137,SRR7871922,2.0,SRR7871922_2.fastq,/data/mouse_methyl/raw/GSE120137/fastq/SRR7871922_2.fastq,1816650728,1.691888,2026-04-29T18:50:57.848396+00:00,False,/data/mouse_methyl/raw
GSE120137,SRR7871923,,SRR7871923.fastq,/data/mouse_methyl/raw/GSE120137/fastq/SRR7871923.fastq,7496646724,6.981796,2026-04-29T20:10:35.463068+00:00,False,/data/mouse_methyl/raw
GSE120137,SRR7871924,2.0,SRR7871924_2.fastq,/data/mouse_methyl/raw/GSE120137/fastq/SRR7871924_2.fastq,1915234248,1.783701,2026-04-29T20:17:14.083884+00:00,False,/data/mouse_methyl/raw
GSE120137,SRR7871925,,SRR7871925.fastq,/data/mouse_methyl/raw/GSE120137/fastq/SRR7871925.fastq,2885939564,2.687741,2026-04-29T20:43:27.506061+00:00,False,/data/mouse_methyl/raw
GSE120137,SRR7871926,2.0,SRR7871926_2.fastq,/data/mouse_methyl/raw/GSE120137/fastq/SRR7871926_2.fastq,719683384,0.670257,2026-04-29T20:20:37.895435+00:00,False,/data/mouse_methyl/raw
GSE120137,SRR7871927,,SRR7871927.fastq,/data/mouse_methyl/raw/GSE120137/fastq/SRR7871927.fastq,2240778336,2.086887,2026-04-29T20:44:38.871705+00:00,False,/data/mouse_methyl/raw
GSE120137,SRR7871928,2.0,SRR7871928_2.fastq,/data/mouse_methyl/raw/GSE120137/fastq/SRR7871928_2.fastq,557929704,0.519613,2026-04-29T20:24:47.521097+00:00,False,/data/mouse_methyl/raw
GSE120137,SRR7871929,,SRR7871929.fastq,/data/mouse_methyl/raw/GSE120137/fastq/SRR7871929.fastq,6383290322,5.944902,2026-04-29T21:29:45.193207+00:00,False,/data/mouse_methyl/raw
GSE120137,SRR7871930,2.0,SRR7871930_2.fastq,/data/mouse_methyl/raw/GSE120137/fastq/SRR7871930_2.fastq,1625047480,1.513443,2026-04-29T20:32:51.429206+00:00,False,/data/mouse_methyl/raw
GSE120137,SRR7871931,,SRR7871931.fastq,/data/mouse_methyl/raw/GSE120137/fastq/SRR7871931.fastq,9164047670,8.534684,2026-04-29T22:05:59.601356+00:00,False,/data/mouse_methyl/raw
GSE120137,SRR7871932,2.0,SRR7871932_2.fastq,/data/mouse_methyl/raw/GSE120137/fastq/SRR7871932_2.fastq,2349805356,2.188427,2026-04-29T20:56:12.053444+00:00,False,/data/mouse_methyl/raw
GSE120137,SRR7871933,,SRR7871933.fastq,/data/mouse_methyl/raw/GSE120137/fastq/SRR7871933.fastq,9833004794,9.157699,2026-04-29T22:46:23.647546+00:00,False,/data/mouse_methyl/raw
GSE120137,SRR7871934,2.0,SRR7871934_2.fastq,/data/mouse_methyl/raw/GSE120137/fastq/SRR7871934_2.fastq,2524165228,2.350812,2026-04-29T21:04:51.624017+00:00,False,/data/mouse_methyl/raw
GSE120137,SRR7871935,,SRR7871935.fastq,/data/mouse_methyl/raw/GSE120137/fastq/SRR7871935.fastq,6858253868,6.387247,2026-04-29T22:22:42.315876+00:00,False,/data/mouse_methyl/raw
GSE120137,SRR7871936,2.0,SRR7871936_2.fastq,/data/mouse_methyl/raw/GSE120137/fastq/SRR7871936_2.fastq,1748844980,1.628739,2026-04-29T21:07:47.537959+00:00,False,/data/mouse_methyl/raw
GSE120137,SRR7871937,,SRR7871937.fastq,/data/mouse_methyl/raw/GSE120137/fastq/SRR7871937.fastq,8201673898,7.638404,2026-04-29T22:51:49.861968+00:00,False,/data/mouse_methyl/raw
GSE120137,SRR7871938,2.0,SRR7871938_2.fastq,/data/mouse_methyl/raw/GSE120137/fastq/SRR7871938_2.fastq,2098979500,1.954827,2026-04-29T21:18:43.541570+00:00,False,/data/mouse_methyl/raw
GSE120137,SRR7871939,,SRR7871939.fastq,/data/mouse_methyl/raw/GSE120137/fastq/SRR7871939.fastq,6830353792,6.361263,2026-04-29T22:38:15.742738+00:00,False,/data/mouse_methyl/raw
GSE120137,SRR7871940,2.0,SRR7871940_2.fastq,/data/mouse_methyl/raw/GSE120137/fastq/SRR7871940_2.fastq,1741567964,1.621962,2026-04-29T22:44:07.417355+00:00,False,/data/mouse_methyl/raw
GSE120137,SRR7871941,,SRR7871941.fastq,/data/mouse_methyl/raw/GSE120137/fastq/SRR7871941.fastq,4976465092,4.634694,2026-04-29T23:38:17.743180+00:00,False,/data/mouse_methyl/raw
GSE120137,SRR7871942,2.0,SRR7871942_2.fastq,/data/mouse_methyl/raw/GSE120137/fastq/SRR7871942_2.fastq,1258382768,1.17196,2026-04-29T22:57:01.458590+00:00,False,/data/mouse_methyl/raw
GSE120137,SRR7871943,,SRR7871943.fastq,/data/mouse_methyl/raw/GSE120137/fastq/SRR7871943.fastq,9450904936,8.801841,2026-04-30T00:33:54.917093+00:00,False,/data/mouse_methyl/raw
GSE120137,SRR7871944,2.0,SRR7871944_2.fastq,/data/mouse_methyl/raw/GSE120137/fastq/SRR7871944_2.fastq,2424576516,2.258063,2026-04-30T00:41:46.992952+00:00,False,/data/mouse_methyl/raw
GSE120137,SRR7871945,,SRR7871945.fastq,/data/mouse_methyl/raw/GSE120137/fastq/SRR7871945.fastq,8320687294,7.749244,2026-04-30T02:28:32.937462+00:00,False,/data/mouse_methyl/raw
GSE120137,SRR7871946,2.0,SRR7871946_2.fastq,/data/mouse_methyl/raw/GSE120137/fastq/SRR7871946_2.fastq,2130016528,1.983732,2026-04-30T00:49:19.355505+00:00,False,/data/mouse_methyl/raw
GSE120137,SRR7871947,,SRR7871947.fastq,/data/mouse_methyl/raw/GSE120137/fastq/SRR7871947.fastq,7573718594,7.053575,2026-04-30T02:06:49.987321+00:00,False,/data/mouse_methyl/raw
GSE120137,SRR7871948,2.0,SRR7871948_2.fastq,/data/mouse_methyl/raw/GSE120137/fastq/SRR7871948_2.fastq,1935331004,1.802417,2026-04-30T00:54:20.883234+00:00,False,/data/mouse_methyl/raw
GSE120137,SRR7871949,,SRR7871949.fastq,/data/mouse_methyl/raw/GSE120137/fastq/SRR7871949.fastq,7348123734,6.843474,2026-04-30T02:25:45.604099+00:00,False,/data/mouse_methyl/raw
GSE120137,SRR7871950,2.0,SRR7871950_2.fastq,/data/mouse_methyl/raw/GSE120137/fastq/SRR7871950_2.fastq,1876533252,1.747658,2026-04-30T01:00:52.125766+00:00,False,/data/mouse_methyl/raw
GSE120137,SRR7871951,,SRR7871951.fastq,/data/mouse_methyl/raw/GSE120137/fastq/SRR7871951.fastq,7179919728,6.686821,2026-04-30T02:30:24.833005+00:00,False,/data/mouse_methyl/raw
GSE120137,SRR7871952,2.0,SRR7871952_2.fastq,/data/mouse_methyl/raw/GSE120137/fastq/SRR7871952_2.fastq,1832696080,1.706831,2026-04-30T01:03:20.481821+00:00,False,/data/mouse_methyl/raw
GSE120137,SRR7871953,,SRR7871953.fastq,/data/mouse_methyl/raw/GSE120137/fastq/SRR7871953.fastq,6463054846,6.019189,2026-04-30T02:46:59.146723+00:00,False,/data/mouse_methyl/raw
GSE120137,SRR7871954,2.0,SRR7871954_2.fastq,/data/mouse_methyl/raw/GSE120137/fastq/SRR7871954_2.fastq,1645855212,1.532822,2026-04-30T01:11:10.380183+00:00,False,/data/mouse_methyl/raw
GSE120137,SRR7871955,,SRR7871955.fastq,/data/mouse_methyl/raw/GSE120137/fastq/SRR7871955.fastq,6434754864,5.992832,2026-04-30T02:42:30.157402+00:00,False,/data/mouse_methyl/raw
GSE120137,SRR7871956,2.0,SRR7871956_2.fastq,/data/mouse_methyl/raw/GSE120137/fastq/SRR7871956_2.fastq,1638480676,1.525954,2026-04-30T01:14:21.965792+00:00,False,/data/mouse_methyl/raw
GSE120137,SRR7871957,,SRR7871957.fastq,/data/mouse_methyl/raw/GSE120137/fastq/SRR7871957.fastq,5328013046,4.962099,2026-04-30T02:21:58.677558+00:00,False,/data/mouse_methyl/raw
GSE120137,SRR7871958,2.0,SRR7871958_2.fastq,/data/mouse_methyl/raw/GSE120137/fastq/SRR7871958_2.fastq,1350019460,1.257304,2026-04-30T01:19:30.936869+00:00,False,/data/mouse_methyl/raw
GSE120137,SRR7871959,,SRR7871959.fastq,/data/mouse_methyl/raw/GSE120137/fastq/SRR7871959.fastq,8976707690,8.360211,2026-04-30T03:18:05.032459+00:00,False,/data/mouse_methyl/raw
GSE120137,SRR7871960,2.0,SRR7871960_2.fastq,/data/mouse_methyl/raw/GSE120137/fastq/SRR7871960_2.fastq,2301007452,2.14298,2026-04-30T01:29:22.086149+00:00,False,/data/mouse_methyl/raw
GSE120137,SRR7871961,,SRR7871961.fastq,/data/mouse_methyl/raw/GSE120137/fastq/SRR7871961.fastq,6078765210,5.661291,2026-04-30T02:53:51.815528+00:00,False,/data/mouse_methyl/raw
GSE120137,SRR7871962,2.0,SRR7871962_2.fastq,/data/mouse_methyl/raw/GSE120137/fastq/SRR7871962_2.fastq,1545688280,1.439534,2026-04-30T02:58:58.855093+00:00,False,/data/mouse_methyl/raw
GSE120137,SRR7871963,,SRR7871963.fastq,/data/mouse_methyl/raw/GSE120137/fastq/SRR7871963.fastq,6389414838,5.950606,2026-04-30T04:11:39.674872+00:00,False,/data/mouse_methyl/raw
GSE120137,SRR7871964,2.0,SRR7871964_2.fastq,/data/mouse_methyl/raw/GSE120137/fastq/SRR7871964_2.fastq,1626652604,1.514938,2026-04-30T03:24:47.403712+00:00,False,/data/mouse_methyl/raw
GSE120137,SRR7871965,,SRR7871965.fastq,/data/mouse_methyl/raw/GSE120137/fastq/SRR7871965.fastq,6401179830,5.961563,2026-04-30T04:36:44.245038+00:00,False,/data/mouse_methyl/raw
GSE120137,SRR7871966,2.0,SRR7871966_2.fastq,/data/mouse_methyl/raw/GSE120137/fastq/SRR7871966_2.fastq,1629728900,1.517803,2026-04-30T03:34:51.130099+00:00,False,/data/mouse_methyl/raw
GSE120137,SRR7871967,,SRR7871967.fastq,/data/mouse_methyl/raw/GSE120137/fastq/SRR7871967.fastq,6361197266,5.924327,2026-04-30T04:41:48.261298+00:00,False,/data/mouse_methyl/raw
GSE120137,SRR7871968,2.0,SRR7871968_2.fastq,/data/mouse_methyl/raw/GSE120137/fastq/SRR7871968_2.fastq,1619306128,1.508096,2026-04-30T03:40:08.234664+00:00,False,/data/mouse_methyl/raw
GSE120137,SRR7871969,,SRR7871969.fastq,/data/mouse_methyl/raw/GSE120137/fastq/SRR7871969.fastq,5968847030,5.558922,2026-04-30T04:42:50.536557+00:00,False,/data/mouse_methyl/raw
GSE120137,SRR7871970,2.0,SRR7871970_2.fastq,/data/mouse_methyl/raw/GSE120137/fastq/SRR7871970_2.fastq,1517024116,1.412839,2026-04-30T04:46:43.949629+00:00,False,/data/mouse_methyl/raw
GSE120137,SRR7871971,,SRR7871971.fastq,/data/mouse_methyl/raw/GSE120137/fastq/SRR7871971.fastq,6384245768,5.945792,2026-04-30T06:02:29.925633+00:00,False,/data/mouse_methyl/raw
GSE120137,SRR7871972,2.0,SRR7871972_2.fastq,/data/mouse_methyl/raw/GSE120137/fastq/SRR7871972_2.fastq,1625289900,1.513669,2026-04-30T04:52:51.341323+00:00,False,/data/mouse_methyl/raw
GSE120137,SRR7871973,,SRR7871973.fastq,/data/mouse_methyl/raw/GSE120137/fastq/SRR7871973.fastq,6264182522,5.833975,2026-04-30T06:08:25.014406+00:00,False,/data/mouse_methyl/raw
GSE120137,SRR7871974,2.0,SRR7871974_2.fastq,/data/mouse_methyl/raw/GSE120137/fastq/SRR7871974_2.fastq,1594000148,1.484528,2026-04-30T05:04:36.812918+00:00,False,/data/mouse_methyl/raw
GSE120137,SRR7871975,,SRR7871975.fastq,/data/mouse_methyl/raw/GSE120137/fastq/SRR7871975.fastq,7690039814,7.161908,2026-04-30T05:50:32.197335+00:00,False,/data/mouse_methyl/raw
GSE120137,SRR7871976,2.0,SRR7871976_2.fastq,/data/mouse_methyl/raw/GSE120137/fastq/SRR7871976_2.fastq,1965629824,1.830635,2026-04-30T05:57:27.991521+00:00,False,/data/mouse_methyl/raw
GSE120137,SRR7871977,,SRR7871977.fastq,/data/mouse_methyl/raw/GSE120137/fastq/SRR7871977.fastq,7547680826,7.029326,2026-04-30T07:19:29.718219+00:00,False,/data/mouse_methyl/raw
GSE120137,SRR7871978,2.0,SRR7871978_2.fastq,/data/mouse_methyl/raw/GSE120137/fastq/SRR7871978_2.fastq,1928523004,1.796077,2026-04-30T06:04:28.496102+00:00,False,/data/mouse_methyl/raw
GSE120137,SRR7871979,,SRR7871979.fastq,/data/mouse_methyl/raw/GSE120137/fastq/SRR7871979.fastq,5587972340,5.204205,2026-04-30T07:03:49.446970+00:00,False,/data/mouse_methyl/raw
GSE120137,SRR7871980,2.0,SRR7871980_2.fastq,/data/mouse_methyl/raw/GSE120137/fastq/SRR7871980_2.fastq,1417759520,1.320391,2026-04-30T06:09:52.715723+00:00,False,/data/mouse_methyl/raw
GSE120137,SRR7871981,,SRR7871981.fastq,/data/mouse_methyl/raw/GSE120137/fastq/SRR7871981.fastq,6717733484,6.256377,2026-04-30T07:22:18.845363+00:00,False,/data/mouse_methyl/raw
GSE120137,SRR7871982,2.0,SRR7871982_2.fastq,/data/mouse_methyl/raw/GSE120137/fastq/SRR7871982_2.fastq,1712208004,1.594618,2026-04-30T06:17:18.388302+00:00,False,/data/mouse_methyl/raw
GSE120137,SRR7871983,,SRR7871983.fastq,/data/mouse_methyl/raw/GSE120137/fastq/SRR7871983.fastq,6608663386,6.154797,2026-04-30T07:29:22.350818+00:00,False,/data/mouse_methyl/raw
GSE120137,SRR7871984,2.0,SRR7871984_2.fastq,/data/mouse_methyl/raw/GSE120137/fastq/SRR7871984_2.fastq,1683786904,1.568149,2026-04-30T06:25:45.196947+00:00,False,/data/mouse_methyl/raw
GSE120137,SRR7871985,,SRR7871985.fastq,/data/mouse_methyl/raw/GSE120137/fastq/SRR7871985.fastq,7210538652,6.715337,2026-04-30T07:43:42.731871+00:00,False,/data/mouse_methyl/raw
GSE120137,SRR7871986,2.0,SRR7871986_2.fastq,/data/mouse_methyl/raw/GSE120137/fastq/SRR7871986_2.fastq,1840658772,1.714247,2026-04-30T07:49:13.795085+00:00,False,/data/mouse_methyl/raw
GSE120137,SRR7871987,,SRR7871987.fastq,/data/mouse_methyl/raw/GSE120137/fastq/SRR7871987.fastq,6247223752,5.818181,2026-04-30T08:55:48.840255+00:00,False,/data/mouse_methyl/raw
GSE120137,SRR7871988,2.0,SRR7871988_2.fastq,/data/mouse_methyl/raw/GSE120137/fastq/SRR7871988_2.fastq,1589586816,1.480418,2026-04-30T07:57:06.124069+00:00,False,/data/mouse_methyl/raw
GSE120137,SRR7871989,,SRR7871989.fastq,/data/mouse_methyl/raw/GSE120137/fastq/SRR7871989.fastq,5874493228,5.471048,2026-04-30T09:02:00.425765+00:00,False,/data/mouse_methyl/raw
GSE120137,SRR7871990,2.0,SRR7871990_2.fastq,/data/mouse_methyl/raw/GSE120137/fastq/SRR7871990_2.fastq,1492437024,1.38994,2026-04-30T08:11:35.198327+00:00,False,/data/mouse_methyl/raw
GSE120137,SRR7871991,,SRR7871991.fastq,/data/mouse_methyl/raw/GSE120137/fastq/SRR7871991.fastq,7427098096,6.917024,2026-04-30T09:26:22.445290+00:00,False,/data/mouse_methyl/raw
GSE120137,SRR7871992,2.0,SRR7871992_2.fastq,/data/mouse_methyl/raw/GSE120137/fastq/SRR7871992_2.fastq,1897100588,1.766813,2026-04-30T08:18:28.520424+00:00,False,/data/mouse_methyl/raw
GSE120137,SRR7871993,,SRR7871993.fastq,/data/mouse_methyl/raw/GSE120137/fastq/SRR7871993.fastq,6862335256,6.391048,2026-04-30T09:30:28.259150+00:00,False,/data/mouse_methyl/raw
GSE120137,SRR7871994,2.0,SRR7871994_2.fastq,/data/mouse_methyl/raw/GSE120137/fastq/SRR7871994_2.fastq,1749899024,1.62972,2026-04-30T08:24:34.953341+00:00,False,/data/mouse_methyl/raw
GSE120137,SRR7871995,,SRR7871995.fastq,/data/mouse_methyl/raw/GSE120137/fastq/SRR7871995.fastq,5731590282,5.337959,2026-04-30T09:26:50.402639+00:00,False,/data/mouse_methyl/raw
GSE120137,SRR7871996,2.0,SRR7871996_2.fastq,/data/mouse_methyl/raw/GSE120137/fastq/SRR7871996_2.fastq,1455191468,1.355253,2026-04-30T08:28:47.168202+00:00,False,/data/mouse_methyl/raw
GSE120137,SRR7871997,,SRR7871997.fastq,/data/mouse_methyl/raw/GSE120137/fastq/SRR7871997.fastq,7083205750,6.596749,2026-04-30T09:43:28.291037+00:00,False,/data/mouse_methyl/raw
GSE120137,SRR7871998,2.0,SRR7871998_2.fastq,/data/mouse_methyl/raw/GSE120137/fastq/SRR7871998_2.fastq,1807474096,1.683341,2026-04-30T08:35:44.222192+00:00,False,/data/mouse_methyl/raw
GSE120137,SRR7871999,,SRR7871999.fastq,/data/mouse_methyl/raw/GSE120137/fastq/SRR7871999.fastq,6514093228,6.066722,2026-04-30T09:47:53.620252+00:00,False,/data/mouse_methyl/raw
GSE120137,SRR7872000,2.0,SRR7872000_2.fastq,/data/mouse_methyl/raw/GSE120137/fastq/SRR7872000_2.fastq,1659141300,1.545196,2026-04-30T08:42:49.133600+00:00,False,/data/mouse_methyl/raw
GSE120137,SRR7872001,,SRR7872001.fastq,/data/mouse_methyl/raw/GSE120137/fastq/SRR7872001.fastq,5698519690,5.30716,2026-04-30T09:43:26.717966+00:00,False,/data/mouse_methyl/raw
GSE120137,SRR7872002,2.0,SRR7872002_2.fastq,/data/mouse_methyl/raw/GSE120137/fastq/SRR7872002_2.fastq,1446574564,1.347228,2026-04-30T09:48:34.759158+00:00,False,/data/mouse_methyl/raw
GSE120137,SRR7872003,,SRR7872003.fastq,/data/mouse_methyl/raw/GSE120137/fastq/SRR7872003.fastq,6835424566,6.365985,2026-04-30T11:02:26.234353+00:00,False,/data/mouse_methyl/raw
GSE120137,SRR7872004,2.0,SRR7872004_2.fastq,/data/mouse_methyl/raw/GSE120137/fastq/SRR7872004_2.fastq,1742886692,1.62319,2026-04-30T09:56:35.177564+00:00,False,/data/mouse_methyl/raw
GSE120137,SRR7872005,,SRR7872005.fastq,/data/mouse_methyl/raw/GSE120137/fastq/SRR7872005.fastq,7127359502,6.637871,2026-04-30T11:11:40.742716+00:00,False,/data/mouse_methyl/raw
GSE120137,SRR7872006,2.0,SRR7872006_2.fastq,/data/mouse_methyl/raw/GSE120137/fastq/SRR7872006_2.fastq,1818975752,1.694053,2026-04-30T10:13:47.227081+00:00,False,/data/mouse_methyl/raw
GSE120137,SRR7872007,,SRR7872007.fastq,/data/mouse_methyl/raw/GSE120137/fastq/SRR7872007.fastq,6655336952,6.198266,2026-04-30T11:23:37.824715+00:00,False,/data/mouse_methyl/raw
GSE120137,SRR7872008,2.0,SRR7872008_2.fastq,/data/mouse_methyl/raw/GSE120137/fastq/SRR7872008_2.fastq,1695956572,1.579483,2026-04-30T10:28:18.119113+00:00,False,/data/mouse_methyl/raw
GSE120137,SRR7872009,,SRR7872009.fastq,/data/mouse_methyl/raw/GSE120137/fastq/SRR7872009.fastq,7026716924,6.54414,2026-04-30T11:49:15.947719+00:00,False,/data/mouse_methyl/raw
GSE120137,SRR7872010,2.0,SRR7872010_2.fastq,/data/mouse_methyl/raw/GSE120137/fastq/SRR7872010_2.fastq,1792746552,1.669625,2026-04-30T10:34:27.951542+00:00,False,/data/mouse_methyl/raw
GSE120137,SRR7872011,,SRR7872011.fastq,/data/mouse_methyl/raw/GSE120137/fastq/SRR7872011.fastq,7326215476,6.82307,2026-04-30T11:54:23.922313+00:00,False,/data/mouse_methyl/raw
GSE120137,SRR7872012,2.0,SRR7872012_2.fastq,/data/mouse_methyl/raw/GSE120137/fastq/SRR7872012_2.fastq,1870807908,1.742326,2026-04-30T10:41:48.033758+00:00,False,/data/mouse_methyl/raw
GSE120137,SRR7872013,,SRR7872013.fastq,/data/mouse_methyl/raw/GSE120137/fastq/SRR7872013.fastq,7520676824,7.004176,2026-04-30T11:58:45.885345+00:00,False,/data/mouse_methyl/raw
GSE120137,SRR7872014,2.0,SRR7872014_2.fastq,/data/mouse_methyl/raw/GSE120137/fastq/SRR7872014_2.fastq,1921489696,1.789527,2026-04-30T10:49:06.434427+00:00,False,/data/mouse_methyl/raw
GSE120137,SRR7872015,,SRR7872015.fastq,/data/mouse_methyl/raw/GSE120137/fastq/SRR7872015.fastq,4827132082,4.495617,2026-04-30T11:39:42.057453+00:00,False,/data/mouse_methyl/raw
GSE120137,SRR7872016,2.0,SRR7872016_2.fastq,/data/mouse_methyl/raw/GSE120137/fastq/SRR7872016_2.fastq,1219461524,1.135712,2026-04-30T11:43:32.905271+00:00,False,/data/mouse_methyl/raw
GSE120137,SRR7872017,,SRR7872017.fastq,/data/mouse_methyl/raw/GSE120137/fastq/SRR7872017.fastq,5256130636,4.895153,2026-04-30T12:43:47.469022+00:00,False,/data/mouse_methyl/raw
GSE120137,SRR7872018,2.0,SRR7872018_2.fastq,/data/mouse_methyl/raw/GSE120137/fastq/SRR7872018_2.fastq,1331273724,1.239845,2026-04-30T12:04:30.626090+00:00,False,/data/mouse_methyl/raw
GSE120137,SRR7872019,,SRR7872019.fastq,/data/mouse_methyl/raw/GSE120137/fastq/SRR7872019.fastq,5867683162,5.464706,2026-04-30T13:10:53.910875+00:00,False,/data/mouse_methyl/raw
GSE120137,SRR7872020,2.0,SRR7872020_2.fastq,/data/mouse_methyl/raw/GSE120137/fastq/SRR7872020_2.fastq,1490662436,1.388288,2026-04-30T12:10:13.445293+00:00,False,/data/mouse_methyl/raw
GSE120137,SRR7872021,,SRR7872021.fastq,/data/mouse_methyl/raw/GSE120137/fastq/SRR7872021.fastq,5561813436,5.179842,2026-04-30T13:05:24.970184+00:00,False,/data/mouse_methyl/raw
GSE120137,SRR7872022,2.0,SRR7872022_2.fastq,/data/mouse_methyl/raw/GSE120137/fastq/SRR7872022_2.fastq,1410943332,1.314043,2026-04-30T12:16:51.566997+00:00,False,/data/mouse_methyl/raw
GSE120137,SRR7872023,,SRR7872023.fastq,/data/mouse_methyl/raw/GSE120137/fastq/SRR7872023.fastq,5313222600,4.948324,2026-04-30T13:16:51.820732+00:00,False,/data/mouse_methyl/raw
GSE120137,SRR7872024,2.0,SRR7872024_2.fastq,/data/mouse_methyl/raw/GSE120137/fastq/SRR7872024_2.fastq,1346151504,1.253701,2026-04-30T12:22:55.979850+00:00,False,/data/mouse_methyl/raw
GSE120137,SRR7872025,,SRR7872025.fastq,/data/mouse_methyl/raw/GSE120137/fastq/SRR7872025.fastq,7223226420,6.727154,2026-04-30T13:42:31.361205+00:00,False,/data/mouse_methyl/raw
GSE120137,SRR7872026,2.0,SRR7872026_2.fastq,/data/mouse_methyl/raw/GSE120137/fastq/SRR7872026_2.fastq,1843952648,1.717315,2026-04-30T13:57:10.825657+00:00,False,/data/mouse_methyl/raw
GSE120137,SRR7872028,2.0,SRR7872028_2.fastq,/data/mouse_methyl/raw/GSE120137/fastq/SRR7872028_2.fastq,1799804240,1.676198,2026-04-30T14:16:43.834939+00:00,False,/data/mouse_methyl/raw
GSE120137,SRR7872029,,SRR7872029.fastq,/data/mouse_methyl/raw/GSE120137/fastq/SRR7872029.fastq,6751728282,6.288037,2026-04-30T15:54:52.969352+00:00,False,/data/mouse_methyl/raw
GSE120137,SRR7872030,2.0,SRR7872030_2.fastq,/data/mouse_methyl/raw/GSE120137/fastq/SRR7872030_2.fastq,1721072664,1.602874,2026-04-30T14:08:27.187136+00:00,False,/data/mouse_methyl/raw
GSE120137,SRR7872031,,SRR7872031.fastq,/data/mouse_methyl/raw/GSE120137/fastq/SRR7872031.fastq,6624362338,6.169418,2026-04-30T15:14:15.594154+00:00,False,/data/mouse_methyl/raw
GSE120137,SRR7872032,2.0,SRR7872032_2.fastq,/data/mouse_methyl/raw/GSE120137/fastq/SRR7872032_2.fastq,1687877592,1.571959,2026-04-30T14:29:00.790530+00:00,False,/data/mouse_methyl/raw
GSE120137,SRR7872033,,SRR7872033.fastq,/data/mouse_methyl/raw/GSE120137/fastq/SRR7872033.fastq,5980480044,5.569756,2026-04-30T15:30:55.420426+00:00,False,/data/mouse_methyl/raw
GSE120137,SRR7872034,2.0,SRR7872034_2.fastq,/data/mouse_methyl/raw/GSE120137/fastq/SRR7872034_2.fastq,1520058644,1.415665,2026-04-30T14:42:38.843650+00:00,False,/data/mouse_methyl/raw
GSE120137,SRR7872036,2.0,SRR7872036_2.fastq,/data/mouse_methyl/raw/GSE120137/fastq/SRR7872036_2.fastq,1500247180,1.397214,2026-04-30T15:41:02.263848+00:00,False,/data/mouse_methyl/raw
GSE120137,SRR7872037,,SRR7872037.fastq,/data/mouse_methyl/raw/GSE120137/fastq/SRR7872037.fastq,5959275746,5.550008,2026-04-30T16:40:31.759723+00:00,False,/data/mouse_methyl/raw
GSE120137,SRR7872038,2.0,SRR7872038_2.fastq,/data/mouse_methyl/raw/GSE120137/fastq/SRR7872038_2.fastq,1514532296,1.410518,2026-04-30T15:51:05.310308+00:00,False,/data/mouse_methyl/raw
GSE120137,SRR7872039,,SRR7872039.fastq,/data/mouse_methyl/raw/GSE120137/fastq/SRR7872039.fastq,4147183428,3.862366,2026-04-30T16:37:52.740553+00:00,False,/data/mouse_methyl/raw
GSE120137,SRR7872040,2.0,SRR7872040_2.fastq,/data/mouse_methyl/raw/GSE120137/fastq/SRR7872040_2.fastq,1042244776,0.970666,2026-04-30T16:42:10.829225+00:00,False,/data/mouse_methyl/raw
GSE120137,SRR7872041,,SRR7872041.fastq,/data/mouse_methyl/raw/GSE120137/fastq/SRR7872041.fastq,7732889394,7.201814,2026-04-30T18:24:30.964325+00:00,False,/data/mouse_methyl/raw
GSE120137,SRR7872042,2.0,SRR7872042_2.fastq,/data/mouse_methyl/raw/GSE120137/fastq/SRR7872042_2.fastq,1976803408,1.841042,2026-04-30T17:16:06.586270+00:00,False,/data/mouse_methyl/raw
GSE120137,SRR7872043,,SRR7872043.fastq,/data/mouse_methyl/raw/GSE120137/fastq/SRR7872043.fastq,6465480516,6.021448,2026-04-30T18:06:58.952080+00:00,False,/data/mouse_methyl/raw
GSE120137,SRR7872044,2.0,SRR7872044_2.fastq,/data/mouse_methyl/raw/GSE120137/fastq/SRR7872044_2.fastq,1646472072,1.533397,2026-04-30T17:12:26.391022+00:00,False,/data/mouse_methyl/raw
GSE120137,SRR7872045,,SRR7872045.fastq,/data/mouse_methyl/raw/GSE120137/fastq/SRR7872045.fastq,6400081616,5.96054,2026-04-30T18:20:35.330463+00:00,False,/data/mouse_methyl/raw
GSE120137,SRR7872046,2.0,SRR7872046_2.fastq,/data/mouse_methyl/raw/GSE120137/fastq/SRR7872046_2.fastq,1629430268,1.517525,2026-04-30T17:17:51.100725+00:00,False,/data/mouse_methyl/raw
GSE120137,SRR7872047,,SRR7872047.fastq,/data/mouse_methyl/raw/GSE120137/fastq/SRR7872047.fastq,4640337754,4.321651,2026-04-30T18:08:39.565857+00:00,False,/data/mouse_methyl/raw
GSE120137,SRR7872048,2.0,SRR7872048_2.fastq,/data/mouse_methyl/raw/GSE120137/fastq/SRR7872048_2.fastq,1170778068,1.090372,2026-04-30T17:22:52.324724+00:00,False,/data/mouse_methyl/raw
GSE120137,SRR7872049,,SRR7872049.fastq,/data/mouse_methyl/raw/GSE120137/fastq/SRR7872049.fastq,5952928926,5.544097,2026-04-30T18:22:42.077893+00:00,False,/data/mouse_methyl/raw
GSE120137,SRR7872050,2.0,SRR7872050_2.fastq,/data/mouse_methyl/raw/GSE120137/fastq/SRR7872050_2.fastq,1512887796,1.408987,2026-04-30T17:29:28.033018+00:00,False,/data/mouse_methyl/raw
GSE120137,SRR7872051,,SRR7872051.fastq,/data/mouse_methyl/raw/GSE120137/fastq/SRR7872051.fastq,5649205822,5.261233,2026-04-30T18:28:42.958658+00:00,False,/data/mouse_methyl/raw
GSE120137,SRR7872052,2.0,SRR7872052_2.fastq,/data/mouse_methyl/raw/GSE120137/fastq/SRR7872052_2.fastq,1433724464,1.33526,2026-04-30T17:35:51.743684+00:00,False,/data/mouse_methyl/raw
GSE120137,SRR7872053,,SRR7872053.fastq,/data/mouse_methyl/raw/GSE120137/fastq/SRR7872053.fastq,5443429256,5.069589,2026-04-30T18:55:18.469410+00:00,False,/data/mouse_methyl/raw
GSE120137,SRR7872054,2.0,SRR7872054_2.fastq,/data/mouse_methyl/raw/GSE120137/fastq/SRR7872054_2.fastq,1380093800,1.285313,2026-04-30T17:44:58.493758+00:00,False,/data/mouse_methyl/raw
GSE120137,SRR7872055,,SRR7872055.fastq,/data/mouse_methyl/raw/GSE120137/fastq/SRR7872055.fastq,7243662738,6.746187,2026-04-30T19:05:44.331841+00:00,False,/data/mouse_methyl/raw
GSE120137,SRR7872056,2.0,SRR7872056_2.fastq,/data/mouse_methyl/raw/GSE120137/fastq/SRR7872056_2.fastq,1849288096,1.722284,2026-04-30T17:55:16.289735+00:00,False,/data/mouse_methyl/raw
GSE120137,SRR7872057,,SRR7872057.fastq,/data/mouse_methyl/raw/GSE120137/fastq/SRR7872057.fastq,7124233454,6.634959,2026-04-30T19:14:43.719427+00:00,False,/data/mouse_methyl/raw
GSE120137,SRR7872058,2.0,SRR7872058_2.fastq,/data/mouse_methyl/raw/GSE120137/fastq/SRR7872058_2.fastq,1818159712,1.693293,2026-04-30T19:21:41.398860+00:00,False,/data/mouse_methyl/raw
GSE120137,SRR7872059,,SRR7872059.fastq,/data/mouse_methyl/raw/GSE120137/fastq/SRR7872059.fastq,6768278050,6.30345,2026-04-30T20:33:02.034835+00:00,False,/data/mouse_methyl/raw
GSE120137,SRR7872060,2.0,SRR7872060_2.fastq,/data/mouse_methyl/raw/GSE120137/fastq/SRR7872060_2.fastq,1725397768,1.606902,2026-04-30T19:32:06.274202+00:00,False,/data/mouse_methyl/raw
GSE120137,SRR7872061,,SRR7872061.fastq,/data/mouse_methyl/raw/GSE120137/fastq/SRR7872061.fastq,6236768486,5.808443,2026-04-30T20:37:19.626444+00:00,False,/data/mouse_methyl/raw
GSE120137,SRR7872062,2.0,SRR7872062_2.fastq,/data/mouse_methyl/raw/GSE120137/fastq/SRR7872062_2.fastq,1586862328,1.477881,2026-04-30T19:40:19.971210+00:00,False,/data/mouse_methyl/raw
GSE120137,SRR7872063,,SRR7872063.fastq,/data/mouse_methyl/raw/GSE120137/fastq/SRR7872063.fastq,6660529140,6.203101,2026-04-30T20:53:55.974306+00:00,False,/data/mouse_methyl/raw
GSE120137,SRR7872064,2.0,SRR7872064_2.fastq,/data/mouse_methyl/raw/GSE120137/fastq/SRR7872064_2.fastq,1697306396,1.58074,2026-04-30T19:50:36.622564+00:00,False,/data/mouse_methyl/raw
GSE120137,SRR7872065,,SRR7872065.fastq,/data/mouse_methyl/raw/GSE120137/fastq/SRR7872065.fastq,6670223702,6.21213,2026-04-30T20:59:09.151828+00:00,False,/data/mouse_methyl/raw
GSE120137,SRR7872066,2.0,SRR7872066_2.fastq,/data/mouse_methyl/raw/GSE120137/fastq/SRR7872066_2.fastq,1699832072,1.583092,2026-04-30T19:57:56.413887+00:00,False,/data/mouse_methyl/raw
GSE120137,SRR7872067,,SRR7872067.fastq,/data/mouse_methyl/raw/GSE120137/fastq/SRR7872067.fastq,6598585094,6.145411,2026-04-30T21:06:55.311364+00:00,False,/data/mouse_methyl/raw
GSE120137,SRR7872068,2.0,SRR7872068_2.fastq,/data/mouse_methyl/raw/GSE120137/fastq/SRR7872068_2.fastq,1681163156,1.565705,2026-04-30T20:00:54.511574+00:00,False,/data/mouse_methyl/raw
GSE120137,SRR7872069,,SRR7872069.fastq,/data/mouse_methyl/raw/GSE120137/fastq/SRR7872069.fastq,5049331936,4.702557,2026-04-30T20:57:18.002941+00:00,False,/data/mouse_methyl/raw
GSE120137,SRR7872070,2.0,SRR7872070_2.fastq,/data/mouse_methyl/raw/GSE120137/fastq/SRR7872070_2.fastq,1277375892,1.189649,2026-04-30T20:09:32.539987+00:00,False,/data/mouse_methyl/raw
GSE120137,SRR7872071,,SRR7872071.fastq,/data/mouse_methyl/raw/GSE120137/fastq/SRR7872071.fastq,5305643428,4.941265,2026-04-30T21:02:31.330713+00:00,False,/data/mouse_methyl/raw
GSE120137,SRR7872072,2.0,SRR7872072_2.fastq,/data/mouse_methyl/raw/GSE120137/fastq/SRR7872072_2.fastq,1344174884,1.25186,2026-04-30T20:14:54.402949+00:00,False,/data/mouse_methyl/raw
GSE120137,SRR7872073,,SRR7872073.fastq,/data/mouse_methyl/raw/GSE120137/fastq/SRR7872073.fastq,7333274214,6.829644,2026-04-30T21:34:05.395488+00:00,False,/data/mouse_methyl/raw
GSE120137,SRR7872074,2.0,SRR7872074_2.fastq,/data/mouse_methyl/raw/GSE120137/fastq/SRR7872074_2.fastq,1872651496,1.744043,2026-04-30T21:41:14.737031+00:00,False,/data/mouse_methyl/raw
GSE120137,SRR7872075,,SRR7872075.fastq,/data/mouse_methyl/raw/GSE120137/fastq/SRR7872075.fastq,6268132492,5.837653,2026-04-30T22:49:29.440674+00:00,False,/data/mouse_methyl/raw
GSE120137,SRR7872076,2.0,SRR7872076_2.fastq,/data/mouse_methyl/raw/GSE120137/fastq/SRR7872076_2.fastq,1595035056,1.485492,2026-04-30T21:50:15.796710+00:00,False,/data/mouse_methyl/raw
GSE120137,SRR7872077,,SRR7872077.fastq,/data/mouse_methyl/raw/GSE120137/fastq/SRR7872077.fastq,6220944238,5.793706,2026-04-30T22:53:31.042460+00:00,False,/data/mouse_methyl/raw
GSE120137,SRR7872078,2.0,SRR7872078_2.fastq,/data/mouse_methyl/raw/GSE120137/fastq/SRR7872078_2.fastq,1582738704,1.47404,2026-04-30T21:56:39.474213+00:00,False,/data/mouse_methyl/raw
GSE120137,SRR7872079,,SRR7872079.fastq,/data/mouse_methyl/raw/GSE120137/fastq/SRR7872079.fastq,5645122314,5.25743,2026-04-30T22:58:25.214977+00:00,False,/data/mouse_methyl/raw
GSE120137,SRR7872080,2.0,SRR7872080_2.fastq,/data/mouse_methyl/raw/GSE120137/fastq/SRR7872080_2.fastq,1432662416,1.334271,2026-04-30T22:03:08.778090+00:00,False,/data/mouse_methyl/raw
GSE120137,SRR7872081,,SRR7872081.fastq,/data/mouse_methyl/raw/GSE120137/fastq/SRR7872081.fastq,5507349336,5.129119,2026-04-30T22:59:16.322735+00:00,False,/data/mouse_methyl/raw
GSE120137,SRR7872082,2.0,SRR7872082_2.fastq,/data/mouse_methyl/raw/GSE120137/fastq/SRR7872082_2.fastq,1396752332,1.300827,2026-04-30T22:08:12.687792+00:00,False,/data/mouse_methyl/raw
GSE120137,SRR7872083,,SRR7872083.fastq,/data/mouse_methyl/raw/GSE120137/fastq/SRR7872083.fastq,6993477778,6.513184,2026-04-30T23:21:15.458080+00:00,False,/data/mouse_methyl/raw
GSE120137,SRR7872084,2.0,SRR7872084_2.fastq,/data/mouse_methyl/raw/GSE120137/fastq/SRR7872084_2.fastq,1784086132,1.66156,2026-04-30T22:13:32.440156+00:00,False,/data/mouse_methyl/raw
GSE120137,SRR7872085,,SRR7872085.fastq,/data/mouse_methyl/raw/GSE120137/fastq/SRR7872085.fastq,6941235770,6.46453,2026-04-30T23:25:47.546449+00:00,False,/data/mouse_methyl/raw
GSE120137,SRR7872086,2.0,SRR7872086_2.fastq,/data/mouse_methyl/raw/GSE120137/fastq/SRR7872086_2.fastq,1770472524,1.648881,2026-04-30T22:21:42.088140+00:00,False,/data/mouse_methyl/raw
GSE120137,SRR7872087,,SRR7872087.fastq,/data/mouse_methyl/raw/GSE120137/fastq/SRR7872087.fastq,4313686116,4.017433,2026-04-30T23:05:24.509980+00:00,False,/data/mouse_methyl/raw
GSE120137,SRR7872088,2.0,SRR7872088_2.fastq,/data/mouse_methyl/raw/GSE120137/fastq/SRR7872088_2.fastq,1085625628,1.011068,2026-04-30T22:26:49.444581+00:00,False,/data/mouse_methyl/raw
GSE120137,SRR7872089,,SRR7872089.fastq,/data/mouse_methyl/raw/GSE120137/fastq/SRR7872089.fastq,6459913320,6.016263,2026-04-30T23:35:48.147921+00:00,False,/data/mouse_methyl/raw
GSE120137,SRR7872090,2.0,SRR7872090_2.fastq,/data/mouse_methyl/raw/GSE120137/fastq/SRR7872090_2.fastq,1644998140,1.532024,2026-04-30T22:33:50.747051+00:00,False,/data/mouse_methyl/raw
GSE120137,SRR7872091,,SRR7872091.fastq,/data/mouse_methyl/raw/GSE120137/fastq/SRR7872091.fastq,5842089570,5.44087,2026-04-30T23:33:30.844351+00:00,False,/data/mouse_methyl/raw
GSE120137,SRR7872092,2.0,SRR7872092_2.fastq,/data/mouse_methyl/raw/GSE120137/fastq/SRR7872092_2.fastq,1483978084,1.382062,2026-04-30T23:40:04.969521+00:00,False,/data/mouse_methyl/raw
GSE120137,SRR7872093,,SRR7872093.fastq,/data/mouse_methyl/raw/GSE120137/fastq/SRR7872093.fastq,6050500652,5.634968,2026-05-01T00:39:50.361971+00:00,False,/data/mouse_methyl/raw
GSE120137,SRR7872094,2.0,SRR7872094_2.fastq,/data/mouse_methyl/raw/GSE120137/fastq/SRR7872094_2.fastq,1538295712,1.43265,2026-04-30T23:47:50.683235+00:00,False,/data/mouse_methyl/raw
GSE120137,SRR7872095,,SRR7872095.fastq,/data/mouse_methyl/raw/GSE120137/fastq/SRR7872095.fastq,6445507544,6.002847,2026-05-01T00:55:09.165521+00:00,False,/data/mouse_methyl/raw
GSE120137,SRR7872096,2.0,SRR7872096_2.fastq,/data/mouse_methyl/raw/GSE120137/fastq/SRR7872096_2.fastq,1641249048,1.528532,2026-04-30T23:56:24.641796+00:00,False,/data/mouse_methyl/raw
GSE120137,SRR7872097,,SRR7872097.fastq,/data/mouse_methyl/raw/GSE120137/fastq/SRR7872097.fastq,4941954240,4.602554,2026-05-01T00:20:43.302125+00:00,False,/data/mouse_methyl/raw
GSE120137,SRR7872098,2.0,SRR7872098_2.fastq,/data/mouse_methyl/raw/GSE120137/fastq/SRR7872098_2.fastq,1249373116,1.163569,2026-05-01T00:02:02.018010+00:00,False,/data/mouse_methyl/raw
GSE120137,SRR7872099,,SRR7872099.fastq,/data/mouse_methyl/raw/GSE120137/fastq/SRR7872099.fastq,6537888202,6.088883,2026-05-01T01:14:58.867399+00:00,False,/data/mouse_methyl/raw
GSE120137,SRR7872100,2.0,SRR7872100_2.fastq,/data/mouse_methyl/raw/GSE120137/fastq/SRR7872100_2.fastq,1665325172,1.550955,2026-05-01T00:27:22.393677+00:00,False,/data/mouse_methyl/raw
GSE120137,SRR7872101,,SRR7872101.fastq,/data/mouse_methyl/raw/GSE120137/fastq/SRR7872101.fastq,6614608364,6.160334,2026-05-01T01:41:54.708530+00:00,False,/data/mouse_methyl/raw
GSE120137,SRR7872102,2.0,SRR7872102_2.fastq,/data/mouse_methyl/raw/GSE120137/fastq/SRR7872102_2.fastq,1685322476,1.569579,2026-05-01T01:46:51.176848+00:00,False,/data/mouse_methyl/raw
GSE120137,SRR7872103,,SRR7872103.fastq,/data/mouse_methyl/raw/GSE120137/fastq/SRR7872103.fastq,6354097788,5.917715,2026-05-01T02:50:19.712527+00:00,False,/data/mouse_methyl/raw
GSE120137,SRR7872104,2.0,SRR7872104_2.fastq,/data/mouse_methyl/raw/GSE120137/fastq/SRR7872104_2.fastq,1617419760,1.50634,2026-05-01T02:04:26.931277+00:00,False,/data/mouse_methyl/raw
GSE120137,SRR7872105,,SRR7872105.fastq,/data/mouse_methyl/raw/GSE120137/fastq/SRR7872105.fastq,6964219832,6.485935,2026-05-01T03:15:18.880229+00:00,False,/data/mouse_methyl/raw
GSE120137,SRR7872106,2.0,SRR7872106_2.fastq,/data/mouse_methyl/raw/GSE120137/fastq/SRR7872106_2.fastq,1776441852,1.65444,2026-05-01T02:12:21.965085+00:00,False,/data/mouse_methyl/raw
GSE120137,SRR7872107,,SRR7872107.fastq,/data/mouse_methyl/raw/GSE120137/fastq/SRR7872107.fastq,5625343040,5.239009,2026-05-01T03:04:41.635453+00:00,False,/data/mouse_methyl/raw
GSE120137,SRR7872108,2.0,SRR7872108_2.fastq,/data/mouse_methyl/raw/GSE120137/fastq/SRR7872108_2.fastq,1427489348,1.329453,2026-05-01T02:15:13.230788+00:00,False,/data/mouse_methyl/raw
GSE120137,SRR7872109,,SRR7872109.fastq,/data/mouse_methyl/raw/GSE120137/fastq/SRR7872109.fastq,5392062050,5.021749,2026-05-01T03:13:30.043162+00:00,False,/data/mouse_methyl/raw
GSE120137,SRR7872110,2.0,SRR7872110_2.fastq,/data/mouse_methyl/raw/GSE120137/fastq/SRR7872110_2.fastq,1366681948,1.272822,2026-05-01T02:21:53.313872+00:00,False,/data/mouse_methyl/raw
GSE120137,SRR7872111,,SRR7872111.fastq,/data/mouse_methyl/raw/GSE120137/fastq/SRR7872111.fastq,6898331500,6.424572,2026-05-01T03:29:39.153737+00:00,False,/data/mouse_methyl/raw
GSE120137,SRR7872112,2.0,SRR7872112_2.fastq,/data/mouse_methyl/raw/GSE120137/fastq/SRR7872112_2.fastq,1759283208,1.63846,2026-05-01T02:28:21.629182+00:00,False,/data/mouse_methyl/raw
GSE120137,SRR7872113,,SRR7872113.fastq,/data/mouse_methyl/raw/GSE120137/fastq/SRR7872113.fastq,4821351450,4.490233,2026-05-01T03:15:31.202801+00:00,False,/data/mouse_methyl/raw
GSE120137,SRR7872114,2.0,SRR7872114_2.fastq,/data/mouse_methyl/raw/GSE120137/fastq/SRR7872114_2.fastq,1217952356,1.134307,2026-05-01T02:29:48.854506+00:00,False,/data/mouse_methyl/raw
GSE120137,SRR7872115,,SRR7872115.fastq,/data/mouse_methyl/raw/GSE120137/fastq/SRR7872115.fastq,6813497086,6.345564,2026-05-01T03:43:33.654735+00:00,False,/data/mouse_methyl/raw
GSE120137,SRR7872116,2.0,SRR7872116_2.fastq,/data/mouse_methyl/raw/GSE120137/fastq/SRR7872116_2.fastq,1737169904,1.617866,2026-05-01T02:39:22.022427+00:00,False,/data/mouse_methyl/raw
GSE120137,SRR7872117,,SRR7872117.fastq,/data/mouse_methyl/raw/GSE120137/fastq/SRR7872117.fastq,6436836024,5.994771,2026-05-01T03:47:40.855238+00:00,False,/data/mouse_methyl/raw
GSE120137,SRR7872118,2.0,SRR7872118_2.fastq,/data/mouse_methyl/raw/GSE120137/fastq/SRR7872118_2.fastq,1639002592,1.52644,2026-05-01T03:52:18.758252+00:00,False,/data/mouse_methyl/raw
GSE120137,SRR7872119,,SRR7872119.fastq,/data/mouse_methyl/raw/GSE120137/fastq/SRR7872119.fastq,7418126470,6.908669,2026-05-01T05:11:05.546464+00:00,False,/data/mouse_methyl/raw
GSE120137,SRR7872120,2.0,SRR7872120_2.fastq,/data/mouse_methyl/raw/GSE120137/fastq/SRR7872120_2.fastq,1894757808,1.764631,2026-05-01T04:05:45.823948+00:00,False,/data/mouse_methyl/raw
GSE120137,SRR7872121,,SRR7872121.fastq,/data/mouse_methyl/raw/GSE120137/fastq/SRR7872121.fastq,7958442306,7.411877,2026-05-01T05:23:32.851828+00:00,False,/data/mouse_methyl/raw
GSE120137,SRR7872122,2.0,SRR7872122_2.fastq,/data/mouse_methyl/raw/GSE120137/fastq/SRR7872122_2.fastq,2035580736,1.895782,2026-05-01T04:13:08.145684+00:00,False,/data/mouse_methyl/raw
GSE120137,SRR7872123,,SRR7872123.fastq,/data/mouse_methyl/raw/GSE120137/fastq/SRR7872123.fastq,6495863954,6.049745,2026-05-01T05:10:33.076701+00:00,False,/data/mouse_methyl/raw
GSE120137,SRR7872124,2.0,SRR7872124_2.fastq,/data/mouse_methyl/raw/GSE120137/fastq/SRR7872124_2.fastq,1654385176,1.540766,2026-05-01T04:19:52.344575+00:00,False,/data/mouse_methyl/raw
GSE120137,SRR7872125,,SRR7872125.fastq,/data/mouse_methyl/raw/GSE120137/fastq/SRR7872125.fastq,5694412608,5.303335,2026-05-01T05:14:50.889535+00:00,False,/data/mouse_methyl/raw
GSE120137,SRR7872126,2.0,SRR7872126_2.fastq,/data/mouse_methyl/raw/GSE120137/fastq/SRR7872126_2.fastq,1445499912,1.346227,2026-05-01T04:24:51.519322+00:00,False,/data/mouse_methyl/raw
GSE120137,SRR7872127,,SRR7872127.fastq,/data/mouse_methyl/raw/GSE120137/fastq/SRR7872127.fastq,6333401048,5.898439,2026-05-01T05:26:45.107754+00:00,False,/data/mouse_methyl/raw
GSE120137,SRR7872128,2.0,SRR7872128_2.fastq,/data/mouse_methyl/raw/GSE120137/fastq/SRR7872128_2.fastq,1612042636,1.501332,2026-05-01T04:31:09.533503+00:00,False,/data/mouse_methyl/raw
GSE120137,SRR7872129,,SRR7872129.fastq,/data/mouse_methyl/raw/GSE120137/fastq/SRR7872129.fastq,5236225704,4.876615,2026-05-01T05:27:30.695101+00:00,False,/data/mouse_methyl/raw
GSE120137,SRR7872130,2.0,SRR7872130_2.fastq,/data/mouse_methyl/raw/GSE120137/fastq/SRR7872130_2.fastq,1326079220,1.235008,2026-05-01T04:36:58.465192+00:00,False,/data/mouse_methyl/raw
GSE120137,SRR7872131,,SRR7872131.fastq,/data/mouse_methyl/raw/GSE120137/fastq/SRR7872131.fastq,4725087002,4.40058,2026-05-01T05:29:11.652184+00:00,False,/data/mouse_methyl/raw
GSE120137,SRR7872132,2.0,SRR7872132_2.fastq,/data/mouse_methyl/raw/GSE120137/fastq/SRR7872132_2.fastq,1192863496,1.110941,2026-05-01T04:40:26.249328+00:00,False,/data/mouse_methyl/raw
GSE120137,SRR7872133,,SRR7872133.fastq,/data/mouse_methyl/raw/GSE120137/fastq/SRR7872133.fastq,6113741856,5.693866,2026-05-01T05:44:22.377412+00:00,False,/data/mouse_methyl/raw
GSE120137,SRR7872134,2.0,SRR7872134_2.fastq,/data/mouse_methyl/raw/GSE120137/fastq/SRR7872134_2.fastq,1554791588,1.448013,2026-05-01T04:47:36.213724+00:00,False,/data/mouse_methyl/raw
GSE120137,SRR7872135,,SRR7872135.fastq,/data/mouse_methyl/raw/GSE120137/fastq/SRR7872135.fastq,8802967190,8.198402,2026-05-01T06:28:04.543889+00:00,False,/data/mouse_methyl/raw
GSE120137,SRR7872136,2.0,SRR7872136_2.fastq,/data/mouse_methyl/raw/GSE120137/fastq/SRR7872136_2.fastq,2255702972,2.100787,2026-05-01T06:36:13.849597+00:00,False,/data/mouse_methyl/raw
GSE120137,SRR7872137,,SRR7872137.fastq,/data/mouse_methyl/raw/GSE120137/fastq/SRR7872137.fastq,6303401362,5.8705,2026-05-01T07:44:51.364324+00:00,False,/data/mouse_methyl/raw
GSE120137,SRR7872138,2.0,SRR7872138_2.fastq,/data/mouse_methyl/raw/GSE120137/fastq/SRR7872138_2.fastq,1604232480,1.494058,2026-05-01T06:48:13.997045+00:00,False,/data/mouse_methyl/raw
GSE120137,SRR7872139,,SRR7872139.fastq,/data/mouse_methyl/raw/GSE120137/fastq/SRR7872139.fastq,8240253240,7.674334,2026-05-01T08:23:29.513484+00:00,False,/data/mouse_methyl/raw
GSE120137,SRR7872140,2.0,SRR7872140_2.fastq,/data/mouse_methyl/raw/GSE120137/fastq/SRR7872140_2.fastq,2109040528,1.964197,2026-05-01T06:57:01.224890+00:00,False,/data/mouse_methyl/raw
GSE120137,SRR7872141,,SRR7872141.fastq,/data/mouse_methyl/raw/GSE120137/fastq/SRR7872141.fastq,6684583550,6.225504,2026-05-01T08:10:24.803144+00:00,False,/data/mouse_methyl/raw
GSE120137,SRR7872142,2.0,SRR7872142_2.fastq,/data/mouse_methyl/raw/GSE120137/fastq/SRR7872142_2.fastq,1703580888,1.586583,2026-05-01T07:05:30.601161+00:00,False,/data/mouse_methyl/raw
GSE120137,SRR7872143,,SRR7872143.fastq,/data/mouse_methyl/raw/GSE120137/fastq/SRR7872143.fastq,7218218796,6.72249,2026-05-01T08:23:31.730632+00:00,False,/data/mouse_methyl/raw
GSE120137,SRR7872144,2.0,SRR7872144_2.fastq,/data/mouse_methyl/raw/GSE120137/fastq/SRR7872144_2.fastq,1842662992,1.716114,2026-05-01T07:12:11.797071+00:00,False,/data/mouse_methyl/raw
GSE120137,SRR7872145,,SRR7872145.fastq,/data/mouse_methyl/raw/GSE120137/fastq/SRR7872145.fastq,6608470354,6.154618,2026-05-01T08:30:10.592040+00:00,False,/data/mouse_methyl/raw
GSE120137,SRR7872146,2.0,SRR7872146_2.fastq,/data/mouse_methyl/raw/GSE120137/fastq/SRR7872146_2.fastq,1683743572,1.568108,2026-05-01T07:15:33.943151+00:00,False,/data/mouse_methyl/raw
GSE120137,SRR7872147,,SRR7872147.fastq,/data/mouse_methyl/raw/GSE120137/fastq/SRR7872147.fastq,7441828398,6.930743,2026-05-01T08:30:14.063237+00:00,False,/data/mouse_methyl/raw
GSE120137,SRR7872148,2.0,SRR7872148_2.fastq,/data/mouse_methyl/raw/GSE120137/fastq/SRR7872148_2.fastq,1900939656,1.770388,2026-05-01T07:22:52.991719+00:00,False,/data/mouse_methyl/raw
GSE120137,SRR7872149,,SRR7872149.fastq,/data/mouse_methyl/raw/GSE120137/fastq/SRR7872149.fastq,7766385294,7.23301,2026-05-01T08:48:34.409444+00:00,False,/data/mouse_methyl/raw
GSE120137,SRR7872150,2.0,SRR7872150_2.fastq,/data/mouse_methyl/raw/GSE120137/fastq/SRR7872150_2.fastq,1985536140,1.849175,2026-05-01T07:34:04.245229+00:00,False,/data/mouse_methyl/raw
GSE120137,SRR7872151,,SRR7872151.fastq,/data/mouse_methyl/raw/GSE120137/fastq/SRR7872151.fastq,5904493900,5.498988,2026-05-01T08:37:35.871152+00:00,False,/data/mouse_methyl/raw
GSE120137,SRR7872152,2.0,SRR7872152_2.fastq,/data/mouse_methyl/raw/GSE120137/fastq/SRR7872152_2.fastq,1500256840,1.397223,2026-05-01T07:39:54.619846+00:00,False,/data/mouse_methyl/raw
GSE120137,SRR7872153,,SRR7872153.fastq,/data/mouse_methyl/raw/GSE120137/fastq/SRR7872153.fastq,7596326566,7.07463,2026-05-01T09:09:30.065995+00:00,False,/data/mouse_methyl/raw
GSE120137,SRR7872154,2.0,SRR7872154_2.fastq,/data/mouse_methyl/raw/GSE120137/fastq/SRR7872154_2.fastq,1941207596,1.80789,2026-05-01T09:15:41.900410+00:00,False,/data/mouse_methyl/raw
GSE120137,SRR7872155,,SRR7872155.fastq,/data/mouse_methyl/raw/GSE120137/fastq/SRR7872155.fastq,7127610824,6.638105,2026-05-01T10:33:43.563377+00:00,False,/data/mouse_methyl/raw
GSE120137,SRR7872156,2.0,SRR7872156_2.fastq,/data/mouse_methyl/raw/GSE120137/fastq/SRR7872156_2.fastq,1819049996,1.694122,2026-05-01T09:24:49.341390+00:00,False,/data/mouse_methyl/raw
GSE120137,SRR7872157,,SRR7872157.fastq,/data/mouse_methyl/raw/GSE120137/fastq/SRR7872157.fastq,7014621506,6.532875,2026-05-01T10:44:33.947479+00:00,False,/data/mouse_methyl/raw
GSE120137,SRR7872158,2.0,SRR7872158_2.fastq,/data/mouse_methyl/raw/GSE120137/fastq/SRR7872158_2.fastq,1789597852,1.666693,2026-05-01T09:31:59.028692+00:00,False,/data/mouse_methyl/raw
GSE120137,SRR7872159,,SRR7872159.fastq,/data/mouse_methyl/raw/GSE120137/fastq/SRR7872159.fastq,6018550718,5.605212,2026-05-01T10:47:37.866390+00:00,False,/data/mouse_methyl/raw
GSE120137,SRR7872160,2.0,SRR7872160_2.fastq,/data/mouse_methyl/raw/GSE120137/fastq/SRR7872160_2.fastq,1529978912,1.424904,2026-05-01T09:38:08.658499+00:00,False,/data/mouse_methyl/raw
GSE120137,SRR7872161,,SRR7872161.fastq,/data/mouse_methyl/raw/GSE120137/fastq/SRR7872161.fastq,6093360404,5.674884,2026-05-01T10:35:44.478617+00:00,False,/data/mouse_methyl/raw
GSE120137,SRR7872162,2.0,SRR7872162_2.fastq,/data/mouse_methyl/raw/GSE120137/fastq/SRR7872162_2.fastq,1549475092,1.443061,2026-05-01T09:44:28.478255+00:00,False,/data/mouse_methyl/raw
GSE120137,SRR7872163,,SRR7872163.fastq,/data/mouse_methyl/raw/GSE120137/fastq/SRR7872163.fastq,5920265986,5.513677,2026-05-01T10:42:46.759924+00:00,False,/data/mouse_methyl/raw
GSE120137,SRR7872164,2.0,SRR7872164_2.fastq,/data/mouse_methyl/raw/GSE120137/fastq/SRR7872164_2.fastq,1504362616,1.401047,2026-05-01T09:52:05.458919+00:00,False,/data/mouse_methyl/raw
GSE120137,SRR7872165,,SRR7872165.fastq,/data/mouse_methyl/raw/GSE120137/fastq/SRR7872165.fastq,6871118334,6.399228,2026-05-01T10:57:37.547670+00:00,False,/data/mouse_methyl/raw
GSE120137,SRR7872166,2.0,SRR7872166_2.fastq,/data/mouse_methyl/raw/GSE120137/fastq/SRR7872166_2.fastq,1752184120,1.631849,2026-05-01T10:01:06.229658+00:00,False,/data/mouse_methyl/raw
GSE120137,SRR7872167,,SRR7872167.fastq,/data/mouse_methyl/raw/GSE120137/fastq/SRR7872167.fastq,7538938836,7.021184,2026-05-01T11:17:13.577931+00:00,False,/data/mouse_methyl/raw
GSE120137,SRR7872168,2.0,SRR7872168_2.fastq,/data/mouse_methyl/raw/GSE120137/fastq/SRR7872168_2.fastq,1926239104,1.79395,2026-05-01T11:22:26.957245+00:00,False,/data/mouse_methyl/raw
GSE120137,SRR7872169,,SRR7872169.fastq,/data/mouse_methyl/raw/GSE120137/fastq/SRR7872169.fastq,7432380202,6.921943,2026-05-01T12:19:29.101274+00:00,False,/data/mouse_methyl/raw
GSE120137,SRR7872170,2.0,SRR7872170_2.fastq,/data/mouse_methyl/raw/GSE120137/fastq/SRR7872170_2.fastq,1898467800,1.768086,2026-05-01T11:29:20.331234+00:00,False,/data/mouse_methyl/raw
GSE120137,SRR7872171,,SRR7872171.fastq,/data/mouse_methyl/raw/GSE120137/fastq/SRR7872171.fastq,7975738432,7.427985,2026-05-01T12:29:09.711612+00:00,False,/data/mouse_methyl/raw
GSE120137,SRR7872172,2.0,SRR7872172_2.fastq,/data/mouse_methyl/raw/GSE120137/fastq/SRR7872172_2.fastq,2040083124,1.899975,2026-05-01T11:35:35.215879+00:00,False,/data/mouse_methyl/raw
GSE120137,SRR7872173,,SRR7872173.fastq,/data/mouse_methyl/raw/GSE120137/fastq/SRR7872173.fastq,7934394514,7.389481,2026-05-01T12:34:43.960150+00:00,False,/data/mouse_methyl/raw
GSE120137,SRR7872174,2.0,SRR7872174_2.fastq,/data/mouse_methyl/raw/GSE120137/fastq/SRR7872174_2.fastq,2029311948,1.889944,2026-05-01T11:38:19.731311+00:00,False,/data/mouse_methyl/raw
GSE120137,SRR7872175,,SRR7872175.fastq,/data/mouse_methyl/raw/GSE120137/fastq/SRR7872175.fastq,6876265074,6.404021,2026-05-01T12:36:06.168199+00:00,False,/data/mouse_methyl/raw
GSE120137,SRR7872176,2.0,SRR7872176_2.fastq,/data/mouse_methyl/raw/GSE120137/fastq/SRR7872176_2.fastq,1753528608,1.633101,2026-05-01T11:44:27.624408+00:00,False,/data/mouse_methyl/raw
GSE120137,SRR7872177,,SRR7872177.fastq,/data/mouse_methyl/raw/GSE120137/fastq/SRR7872177.fastq,6868378890,6.396676,2026-05-01T12:38:36.971611+00:00,False,/data/mouse_methyl/raw
GSE120137,SRR7872178,2.0,SRR7872178_2.fastq,/data/mouse_methyl/raw/GSE120137/fastq/SRR7872178_2.fastq,1751472592,1.631186,2026-05-01T11:50:43.004885+00:00,False,/data/mouse_methyl/raw
GSE120137,SRR7872179,,SRR7872179.fastq,/data/mouse_methyl/raw/GSE120137/fastq/SRR7872179.fastq,6760618172,6.296316,2026-05-01T12:43:49.408928+00:00,False,/data/mouse_methyl/raw
GSE120137,SRR7872180,2.0,SRR7872180_2.fastq,/data/mouse_methyl/raw/GSE120137/fastq/SRR7872180_2.fastq,1723383612,1.605026,2026-05-01T11:54:16.120662+00:00,False,/data/mouse_methyl/raw
GSE120137,SRR7872181,,SRR7872181.fastq,/data/mouse_methyl/raw/GSE120137/fastq/SRR7872181.fastq,7664929640,7.138522,2026-05-01T12:53:46.892868+00:00,False,/data/mouse_methyl/raw
GSE120137,SRR7872182,2.0,SRR7872182_2.fastq,/data/mouse_methyl/raw/GSE120137/fastq/SRR7872182_2.fastq,1959077768,1.824533,2026-05-01T12:01:21.911671+00:00,False,/data/mouse_methyl/raw
GSE120137,SRR7872183,,SRR7872183.fastq,/data/mouse_methyl/raw/GSE120137/fastq/SRR7872183.fastq,6820864962,6.352426,2026-05-01T12:53:46.047822+00:00,False,/data/mouse_methyl/raw
GSE120137,SRR7872184,2.0,SRR7872184_2.fastq,/data/mouse_methyl/raw/GSE120137/fastq/SRR7872184_2.fastq,1739077708,1.619642,2026-05-01T12:57:14.948958+00:00,False,/data/mouse_methyl/raw
GSE120137,SRR7872185,,SRR7872185.fastq,/data/mouse_methyl/raw/GSE120137/fastq/SRR7872185.fastq,8246299942,7.679965,2026-05-01T13:56:14.509190+00:00,False,/data/mouse_methyl/raw
GSE120137,SRR7872186,2.0,SRR7872186_2.fastq,/data/mouse_methyl/raw/GSE120137/fastq/SRR7872186_2.fastq,2110588612,1.965639,2026-05-01T13:05:36.126756+00:00,False,/data/mouse_methyl/raw
GSE120137,SRR7872188,2.0,SRR7872188_2.fastq,/data/mouse_methyl/raw/GSE120137/fastq/SRR7872188_2.fastq,1610862736,1.500233,2026-05-01T13:11:04.953320+00:00,False,/data/mouse_methyl/raw
GSE120137,SRR7872189,,SRR7872189.fastq,/data/mouse_methyl/raw/GSE120137/fastq/SRR7872189.fastq,7620705536,7.097335,2026-05-01T14:28:42.011505+00:00,False,/data/mouse_methyl/raw
GSE120137,SRR7872190,2.0,SRR7872190_2.fastq,/data/mouse_methyl/raw/GSE120137/fastq/SRR7872190_2.fastq,1947543912,1.813792,2026-05-01T13:17:55.044800+00:00,False,/data/mouse_methyl/raw
GSE120137,SRR7872191,,SRR7872191.fastq,/data/mouse_methyl/raw/GSE120137/fastq/SRR7872191.fastq,7496161510,6.981344,2026-05-01T14:34:29.867070+00:00,False,/data/mouse_methyl/raw
GSE120137,SRR7872192,2.0,SRR7872192_2.fastq,/data/mouse_methyl/raw/GSE120137/fastq/SRR7872192_2.fastq,1915086128,1.783563,2026-05-01T14:44:21.729705+00:00,False,/data/mouse_methyl/raw
GSE120137,SRR7872193,,SRR7872193.fastq,/data/mouse_methyl/raw/GSE120137/fastq/SRR7872193.fastq,5767520188,5.371422,2026-05-01T15:29:29.466022+00:00,False,/data/mouse_methyl/raw
GSE120137,SRR7872194,2.0,SRR7872194_2.fastq,/data/mouse_methyl/raw/GSE120137/fastq/SRR7872194_2.fastq,1464541060,1.36396,2026-05-01T14:50:27.543968+00:00,False,/data/mouse_methyl/raw
GSE120137,SRR7872195,,SRR7872195.fastq,/data/mouse_methyl/raw/GSE120137/fastq/SRR7872195.fastq,7673942392,7.146916,2026-05-01T16:15:26.694443+00:00,False,/data/mouse_methyl/raw
GSE120137,SRR7872196,2.0,SRR7872196_2.fastq,/data/mouse_methyl/raw/GSE120137/fastq/SRR7872196_2.fastq,1961419628,1.826714,2026-05-01T14:59:44.084115+00:00,False,/data/mouse_methyl/raw
GSE120137,SRR7872197,,SRR7872197.fastq,/data/mouse_methyl/raw/GSE120137/fastq/SRR7872197.fastq,7911498048,7.368157,2026-05-01T16:15:56.611854+00:00,False,/data/mouse_methyl/raw
GSE120137,SRR7872198,2.0,SRR7872198_2.fastq,/data/mouse_methyl/raw/GSE120137/fastq/SRR7872198_2.fastq,2023332316,1.884375,2026-05-01T15:04:00.014843+00:00,False,/data/mouse_methyl/raw
GSE120137,SRR7872200,2.0,SRR7872200_2.fastq,/data/mouse_methyl/raw/GSE120137/fastq/SRR7872200_2.fastq,1988783372,1.852199,2026-05-01T15:10:47.710767+00:00,False,/data/mouse_methyl/raw
GSE120137,SRR7872201,,SRR7872201.fastq,/data/mouse_methyl/raw/GSE120137/fastq/SRR7872201.fastq,7233845232,6.737043,2026-05-01T16:01:44.608790+00:00,False,/data/mouse_methyl/raw
GSE120137,SRR7872202,2.0,SRR7872202_2.fastq,/data/mouse_methyl/raw/GSE120137/fastq/SRR7872202_2.fastq,1846713384,1.719886,2026-05-01T15:36:01.975716+00:00,False,/data/mouse_methyl/raw
GSE120137,SRR7872203,,SRR7872203.fastq,/data/mouse_methyl/raw/GSE120137/fastq/SRR7872203.fastq,5375559222,5.00638,2026-05-01T16:26:59.166922+00:00,False,/data/mouse_methyl/raw
GSE120137,SRR7872204,2.0,SRR7872204_2.fastq,/data/mouse_methyl/raw/GSE120137/fastq/SRR7872204_2.fastq,1362386008,1.268821,2026-05-01T16:34:00.195466+00:00,False,/data/mouse_methyl/raw
GSE120137,SRR7872205,,SRR7872205.fastq,/data/mouse_methyl/raw/GSE120137/fastq/SRR7872205.fastq,7575892170,7.055599,2026-05-01T17:29:47.273253+00:00,False,/data/mouse_methyl/raw
GSE120137,SRR7872206,2.0,SRR7872206_2.fastq,/data/mouse_methyl/raw/GSE120137/fastq/SRR7872206_2.fastq,1935864144,1.802914,2026-05-01T16:44:57.019169+00:00,False,/data/mouse_methyl/raw
GSE120137,SRR7872207,,SRR7872207.fastq,/data/mouse_methyl/raw/GSE120137/fastq/SRR7872207.fastq,6984495738,6.504819,2026-05-01T17:50:50.337865+00:00,False,/data/mouse_methyl/raw
GSE120137,SRR7872208,2.0,SRR7872208_2.fastq,/data/mouse_methyl/raw/GSE120137/fastq/SRR7872208_2.fastq,1781726332,1.659362,2026-05-01T16:52:09.689806+00:00,False,/data/mouse_methyl/raw
GSE120137,SRR7872209,,SRR7872209.fastq,/data/mouse_methyl/raw/GSE120137/fastq/SRR7872209.fastq,6961735314,6.483621,2026-05-01T17:55:33.706416+00:00,False,/data/mouse_methyl/raw
GSE120137,SRR7872210,2.0,SRR7872210_2.fastq,/data/mouse_methyl/raw/GSE120137/fastq/SRR7872210_2.fastq,1775795276,1.653838,2026-05-01T18:00:38.737521+00:00,False,/data/mouse_methyl/raw
GSE120137,SRR7872211,,SRR7872211.fastq,/data/mouse_methyl/raw/GSE120137/fastq/SRR7872211.fastq,5406652868,5.035338,2026-05-01T18:38:07.158982+00:00,False,/data/mouse_methyl/raw
GSE120137,SRR7872212,2.0,SRR7872212_2.fastq,/data/mouse_methyl/raw/GSE120137/fastq/SRR7872212_2.fastq,1370490380,1.276369,2026-05-01T18:05:37.901659+00:00,False,/data/mouse_methyl/raw
GSE120137,SRR7872213,,SRR7872213.fastq,/data/mouse_methyl/raw/GSE120137/fastq/SRR7872213.fastq,6733650002,6.2712,2026-05-01T18:55:02.733176+00:00,False,/data/mouse_methyl/raw
GSE120137,SRR7872214,2.0,SRR7872214_2.fastq,/data/mouse_methyl/raw/GSE120137/fastq/SRR7872214_2.fastq,1716347360,1.598473,2026-05-01T18:12:28.353142+00:00,False,/data/mouse_methyl/raw
GSE120137,SRR7872215,,SRR7872215.fastq,/data/mouse_methyl/raw/GSE120137/fastq/SRR7872215.fastq,7993141084,7.444193,2026-05-01T19:11:00.284183+00:00,False,/data/mouse_methyl/raw
GSE120137,SRR7872216,2.0,SRR7872216_2.fastq,/data/mouse_methyl/raw/GSE120137/fastq/SRR7872216_2.fastq,2044608696,1.90419,2026-05-01T18:18:17.170652+00:00,False,/data/mouse_methyl/raw
GSE120137,SRR7872217,,SRR7872217.fastq,/data/mouse_methyl/raw/GSE120137/fastq/SRR7872217.fastq,6823771222,6.355132,2026-05-01T19:07:15.442338+00:00,False,/data/mouse_methyl/raw
GSE120137,SRR7872218,2.0,SRR7872218_2.fastq,/data/mouse_methyl/raw/GSE120137/fastq/SRR7872218_2.fastq,1739832108,1.620345,2026-05-01T18:23:56.503345+00:00,False,/data/mouse_methyl/raw
GSE120137,SRR7872219,,SRR7872219.fastq,/data/mouse_methyl/raw/GSE120137/fastq/SRR7872219.fastq,7417432574,6.908022,2026-05-01T19:30:14.877832+00:00,False,/data/mouse_methyl/raw
GSE120137,SRR7872220,2.0,SRR7872220_2.fastq,/data/mouse_methyl/raw/GSE120137/fastq/SRR7872220_2.fastq,1894565528,1.764452,2026-05-01T18:29:34.972291+00:00,False,/data/mouse_methyl/raw
GSE120137,SRR7872221,,SRR7872221.fastq,/data/mouse_methyl/raw/GSE120137/fastq/SRR7872221.fastq,8967383666,8.351527,2026-05-01T19:45:52.088342+00:00,False,/data/mouse_methyl/raw
GSE120137,SRR7872222,2.0,SRR7872222_2.fastq,/data/mouse_methyl/raw/GSE120137/fastq/SRR7872222_2.fastq,2298528328,2.140671,2026-05-01T18:35:26.026060+00:00,False,/data/mouse_methyl/raw
GSE120137,SRR7872223,,SRR7872223.fastq,/data/mouse_methyl/raw/GSE120137/fastq/SRR7872223.fastq,8379248860,7.803784,2026-05-01T19:52:49.974591+00:00,False,/data/mouse_methyl/raw
GSE120137,SRR7872224,2.0,SRR7872224_2.fastq,/data/mouse_methyl/raw/GSE120137/fastq/SRR7872224_2.fastq,2145245104,1.997915,2026-05-01T19:57:35.358100+00:00,False,/data/mouse_methyl/raw
GSE120137,SRR7872225,,SRR7872225.fastq,/data/mouse_methyl/raw/GSE120137/fastq/SRR7872225.fastq,7514210622,6.998154,2026-05-01T21:06:55.612727+00:00,False,/data/mouse_methyl/raw
GSE120137,SRR7872226,2.0,SRR7872226_2.fastq,/data/mouse_methyl/raw/GSE120137/fastq/SRR7872226_2.fastq,1919783464,1.787938,2026-05-01T20:03:44.418278+00:00,False,/data/mouse_methyl/raw
GSE120137,SRR7872227,,SRR7872227.fastq,/data/mouse_methyl/raw/GSE120137/fastq/SRR7872227.fastq,7546744888,7.028454,2026-05-01T21:07:56.203503+00:00,False,/data/mouse_methyl/raw
GSE120137,SRR7872228,2.0,SRR7872228_2.fastq,/data/mouse_methyl/raw/GSE120137/fastq/SRR7872228_2.fastq,1928266876,1.795838,2026-05-01T20:10:54.066889+00:00,False,/data/mouse_methyl/raw
