dataset,run_accession,local_fastq_files,local_fastq_count,local_size_bytes,mates_present,sample_id,library_layout,library_strategy,library_selection,sample_accession,experiment_accession,experiment_title,biosample,bioproject,run_total_bases,metadata_status
GSE120137,SRR7871490,/data/mouse_methyl/raw/GSE120137/fastq/SRR7871490.fastq,1,8024252570,,GSM3394172,SINGLE,Bisulfite-Seq,RANDOM,SRS3796267,SRX4710569,GSM3394172: Mouse_Adipose_SH001; Mus musculus; Bisulfite-Seq,SAMN10085156,PRJNA491712,2564932976,mapped
GSE120137,SRR7871491,/data/mouse_methyl/raw/GSE120137/fastq/SRR7871491.fastq,1,12490088148,,GSM3394173,SINGLE,Bisulfite-Seq,RANDOM,SRS3796268,SRX4710570,GSM3394173: Mouse_Adipose_SH002; Mus musculus; Bisulfite-Seq,SAMN10085155,PRJNA491712,3988558276,mapped
GSE120137,SRR7871492,/data/mouse_methyl/raw/GSE120137/fastq/SRR7871492.fastq,1,12304089170,,GSM3394174,SINGLE,Bisulfite-Seq,RANDOM,SRS3796269,SRX4710571,GSM3394174: Mouse_Adipose_SH003; Mus musculus; Bisulfite-Seq,SAMN10085154,PRJNA491712,3929241784,mapped
GSE120137,SRR7871493,/data/mouse_methyl/raw/GSE120137/fastq/SRR7871493.fastq,1,10441757298,,GSM3394175,SINGLE,Bisulfite-Seq,RANDOM,SRS3796270,SRX4710572,GSM3394175: Mouse_Adipose_SH004; Mus musculus; Bisulfite-Seq,SAMN10085153,PRJNA491712,3335595599,mapped
GSE120137,SRR7871494,/data/mouse_methyl/raw/GSE120137/fastq/SRR7871494.fastq,1,7829593914,,GSM3394176,SINGLE,Bisulfite-Seq,RANDOM,SRS3796271,SRX4710573,GSM3394176: Mouse_Adipose_SH005; Mus musculus; Bisulfite-Seq,SAMN10085152,PRJNA491712,2502848377,mapped
GSE120137,SRR7871495,/data/mouse_methyl/raw/GSE120137/fastq/SRR7871495.fastq,1,14455973226,,GSM3394177,SINGLE,Bisulfite-Seq,RANDOM,SRS3796272,SRX4710574,GSM3394177: Mouse_Adipose_SH006; Mus musculus; Bisulfite-Seq,SAMN10085151,PRJNA491712,4614987142,mapped
GSE120137,SRR7871496,/data/mouse_methyl/raw/GSE120137/fastq/SRR7871496.fastq,1,13488596046,,GSM3394178,SINGLE,Bisulfite-Seq,RANDOM,SRS3796273,SRX4710575,GSM3394178: Mouse_Adipose_SH007; Mus musculus; Bisulfite-Seq,SAMN10085150,PRJNA491712,4306731910,mapped
GSE120137,SRR7871497,/data/mouse_methyl/raw/GSE120137/fastq/SRR7871497.fastq,1,13030886924,,GSM3394179,SINGLE,Bisulfite-Seq,RANDOM,SRS3796274,SRX4710576,GSM3394179: Mouse_Adipose_SH008; Mus musculus; Bisulfite-Seq,SAMN10085149,PRJNA491712,4160938309,mapped
GSE120137,SRR7871498,/data/mouse_methyl/raw/GSE120137/fastq/SRR7871498.fastq,1,12420434598,,GSM3394180,SINGLE,Bisulfite-Seq,RANDOM,SRS3796275,SRX4710577,GSM3394180: Mouse_Adipose_SH009; Mus musculus; Bisulfite-Seq,SAMN10085186,PRJNA491712,3966098199,mapped
GSE120137,SRR7871499,/data/mouse_methyl/raw/GSE120137/fastq/SRR7871499.fastq,1,12526771710,,GSM3394181,SINGLE,Bisulfite-Seq,RANDOM,SRS3796276,SRX4710578,GSM3394181: Mouse_Adipose_SH010; Mus musculus; Bisulfite-Seq,SAMN10085185,PRJNA491712,4000050561,mapped
GSE120137,SRR7871500,/data/mouse_methyl/raw/GSE120137/fastq/SRR7871500.fastq,1,15386497132,,GSM3394182,SINGLE,Bisulfite-Seq,RANDOM,SRS3796277,SRX4710579,GSM3394182: Mouse_Adipose_SH011; Mus musculus; Bisulfite-Seq,SAMN10085184,PRJNA491712,4910696962,mapped
GSE120137,SRR7871501,/data/mouse_methyl/raw/GSE120137/fastq/SRR7871501.fastq,1,9784933638,,GSM3394183,SINGLE,Bisulfite-Seq,RANDOM,SRS3796278,SRX4710580,GSM3394183: Mouse_Adipose_SH012; Mus musculus; Bisulfite-Seq,SAMN10085183,PRJNA491712,3125605186,mapped
GSE120137,SRR7871502,/data/mouse_methyl/raw/GSE120137/fastq/SRR7871502.fastq,1,10509492294,,GSM3394184,SINGLE,Bisulfite-Seq,RANDOM,SRS3796279,SRX4710581,GSM3394184: Mouse_Adipose_SH013; Mus musculus; Bisulfite-Seq,SAMN10085182,PRJNA491712,3357014063,mapped
GSE120137,SRR7871503,/data/mouse_methyl/raw/GSE120137/fastq/SRR7871503.fastq,1,10851467230,,GSM3394185,SINGLE,Bisulfite-Seq,RANDOM,SRS3796280,SRX4710582,GSM3394185: Mouse_Adipose_SH014; Mus musculus; Bisulfite-Seq,SAMN10085181,PRJNA491712,3465970439,mapped
GSE120137,SRR7871504,/data/mouse_methyl/raw/GSE120137/fastq/SRR7871504.fastq,1,8476702902,,GSM3394186,SINGLE,Bisulfite-Seq,RANDOM,SRS3796281,SRX4710583,GSM3394186: Mouse_Adipose_SH015; Mus musculus; Bisulfite-Seq,SAMN10085180,PRJNA491712,2708994831,mapped
GSE120137,SRR7871505,/data/mouse_methyl/raw/GSE120137/fastq/SRR7871505.fastq,1,12005359262,,GSM3394187,SINGLE,Bisulfite-Seq,RANDOM,SRS3796282,SRX4710584,GSM3394187: Mouse_Adipose_SH016; Mus musculus; Bisulfite-Seq,SAMN10085179,PRJNA491712,3833659323,mapped
GSE120137,SRR7871506,/data/mouse_methyl/raw/GSE120137/fastq/SRR7871506.fastq,1,10661525434,,GSM3394188,SINGLE,Bisulfite-Seq,RANDOM,SRS3796284,SRX4710585,GSM3394188: Mouse_Adipose_SH017; Mus musculus; Bisulfite-Seq,SAMN10085178,PRJNA491712,3405404779,mapped
GSE120137,SRR7871507,/data/mouse_methyl/raw/GSE120137/fastq/SRR7871507.fastq,1,10481354538,,GSM3394189,SINGLE,Bisulfite-Seq,RANDOM,SRS3796283,SRX4710586,GSM3394189: Mouse_Adipose_SH018; Mus musculus; Bisulfite-Seq,SAMN10085177,PRJNA491712,3348063443,mapped
GSE120137,SRR7871508,/data/mouse_methyl/raw/GSE120137/fastq/SRR7871508.fastq,1,10680700692,,GSM3394190,SINGLE,Bisulfite-Seq,RANDOM,SRS3796285,SRX4710587,GSM3394190: Mouse_Adipose_SH019; Mus musculus; Bisulfite-Seq,SAMN10085176,PRJNA491712,3411551437,mapped
GSE120137,SRR7871509,/data/mouse_methyl/raw/GSE120137/fastq/SRR7871509.fastq,1,10033185038,,GSM3394191,SINGLE,Bisulfite-Seq,RANDOM,SRS3796287,SRX4710588,GSM3394191: Mouse_Adipose_SH020; Mus musculus; Bisulfite-Seq,SAMN10085175,PRJNA491712,3205236111,mapped
GSE120137,SRR7871510,/data/mouse_methyl/raw/GSE120137/fastq/SRR7871510.fastq,1,10493837860,,GSM3394192,SINGLE,Bisulfite-Seq,RANDOM,SRS3796288,SRX4710589,GSM3394192: Mouse_Adipose_SH021; Mus musculus; Bisulfite-Seq,SAMN10085174,PRJNA491712,3352016987,mapped
GSE120137,SRR7871511,/data/mouse_methyl/raw/GSE120137/fastq/SRR7871511.fastq,1,10145035536,,GSM3394193,SINGLE,Bisulfite-Seq,RANDOM,SRS3796286,SRX4710590,GSM3394193: Mouse_Adipose_SH022; Mus musculus; Bisulfite-Seq,SAMN10085173,PRJNA491712,3240829925,mapped
GSE120137,SRR7871512,/data/mouse_methyl/raw/GSE120137/fastq/SRR7871512.fastq,1,7459219324,,GSM3394194,SINGLE,Bisulfite-Seq,RANDOM,SRS3796289,SRX4710591,GSM3394194: Mouse_Adipose_SH023; Mus musculus; Bisulfite-Seq,SAMN10085172,PRJNA491712,2384693325,mapped
GSE120137,SRR7871513,/data/mouse_methyl/raw/GSE120137/fastq/SRR7871513.fastq,1,11084144396,,GSM3394195,SINGLE,Bisulfite-Seq,RANDOM,SRS3796290,SRX4710592,GSM3394195: Mouse_Adipose_SH024; Mus musculus; Bisulfite-Seq,SAMN10085171,PRJNA491712,3540057575,mapped
GSE120137,SRR7871514,/data/mouse_methyl/raw/GSE120137/fastq/SRR7871514.fastq,1,9349223110,,GSM3394196,SINGLE,Bisulfite-Seq,RANDOM,SRS3796291,SRX4710593,GSM3394196: Mouse_Adipose_SH025; Mus musculus; Bisulfite-Seq,SAMN10085170,PRJNA491712,2987133479,mapped
GSE120137,SRR7871515,/data/mouse_methyl/raw/GSE120137/fastq/SRR7871515.fastq,1,10915651314,,GSM3394197,SINGLE,Bisulfite-Seq,RANDOM,SRS3796292,SRX4710594,GSM3394197: Mouse_Adipose_SH026; Mus musculus; Bisulfite-Seq,SAMN10085169,PRJNA491712,3486497073,mapped
GSE120137,SRR7871516,/data/mouse_methyl/raw/GSE120137/fastq/SRR7871516.fastq,1,7990976800,,GSM3394198,SINGLE,Bisulfite-Seq,RANDOM,SRS3796293,SRX4710595,GSM3394198: Mouse_Adipose_SH027; Mus musculus; Bisulfite-Seq,SAMN10085222,PRJNA491712,2554668245,mapped
GSE120137,SRR7871517,/data/mouse_methyl/raw/GSE120137/fastq/SRR7871517.fastq,1,8806255756,,GSM3394199,SINGLE,Bisulfite-Seq,RANDOM,SRS3796294,SRX4710596,GSM3394199: Mouse_Adipose_SH028; Mus musculus; Bisulfite-Seq,SAMN10085221,PRJNA491712,2814673555,mapped
GSE120137,SRR7871518,/data/mouse_methyl/raw/GSE120137/fastq/SRR7871518.fastq,1,9363059682,,GSM3394200,SINGLE,Bisulfite-Seq,RANDOM,SRS3796295,SRX4710597,GSM3394200: Mouse_Adipose_SH029; Mus musculus; Bisulfite-Seq,SAMN10085220,PRJNA491712,2992135807,mapped
GSE120137,SRR7871519,/data/mouse_methyl/raw/GSE120137/fastq/SRR7871519.fastq,1,8359740870,,GSM3394201,SINGLE,Bisulfite-Seq,RANDOM,SRS3796296,SRX4710598,GSM3394201: Mouse_Adipose_SH030; Mus musculus; Bisulfite-Seq,SAMN10085219,PRJNA491712,2672299309,mapped
GSE120137,SRR7871520,/data/mouse_methyl/raw/GSE120137/fastq/SRR7871520.fastq,1,9745170646,,GSM3394202,SINGLE,Bisulfite-Seq,RANDOM,SRS3796297,SRX4710599,GSM3394202: Mouse_Adipose_SH031; Mus musculus; Bisulfite-Seq,SAMN10085168,PRJNA491712,3112929888,mapped
GSE120137,SRR7871521,/data/mouse_methyl/raw/GSE120137/fastq/SRR7871521.fastq,1,10889275684,,GSM3394203,SINGLE,Bisulfite-Seq,RANDOM,SRS3796298,SRX4710600,GSM3394203: Mouse_Adipose_SH032; Mus musculus; Bisulfite-Seq,SAMN10085167,PRJNA491712,3477272541,mapped
GSE120137,SRR7871522,/data/mouse_methyl/raw/GSE120137/fastq/SRR7871522.fastq,1,6042333498,,GSM3394204,SINGLE,Bisulfite-Seq,RANDOM,SRS3796299,SRX4710601,GSM3394204: Mouse_Adipose_SH033; Mus musculus; Bisulfite-Seq,SAMN10085223,PRJNA491712,1932699034,mapped
GSE120137,SRR7871523,/data/mouse_methyl/raw/GSE120137/fastq/SRR7871523.fastq,1,11118482636,,GSM3394205,SINGLE,Bisulfite-Seq,RANDOM,SRS3796300,SRX4710602,GSM3394205: Mouse_Adipose_SH034; Mus musculus; Bisulfite-Seq,SAMN10085218,PRJNA491712,3550487138,mapped
GSE120137,SRR7871524,/data/mouse_methyl/raw/GSE120137/fastq/SRR7871524.fastq,1,5929007968,,GSM3394206,SINGLE,Bisulfite-Seq,RANDOM,SRS3796301,SRX4710603,GSM3394206: Mouse_Adipose_SH035; Mus musculus; Bisulfite-Seq,SAMN10085217,PRJNA491712,1897353175,mapped
GSE120137,SRR7871525,/data/mouse_methyl/raw/GSE120137/fastq/SRR7871525.fastq,1,7051839834,,GSM3394207,SINGLE,Bisulfite-Seq,RANDOM,SRS3796302,SRX4710604,GSM3394207: Mouse_Adipose_SH036; Mus musculus; Bisulfite-Seq,SAMN10085216,PRJNA491712,2255277480,mapped
GSE120137,SRR7871526,/data/mouse_methyl/raw/GSE120137/fastq/SRR7871526.fastq,1,7030480096,,GSM3394208,SINGLE,Bisulfite-Seq,RANDOM,SRS3796303,SRX4710605,GSM3394208: Mouse_Adipose_SH037; Mus musculus; Bisulfite-Seq,SAMN10085215,PRJNA491712,2248485634,mapped
GSE120137,SRR7871527,/data/mouse_methyl/raw/GSE120137/fastq/SRR7871527.fastq,1,13777654540,,GSM3394209,SINGLE,Bisulfite-Seq,RANDOM,SRS3796304,SRX4710606,GSM3394209: Mouse_Adipose_SH038; Mus musculus; Bisulfite-Seq,SAMN10085214,PRJNA491712,4398041263,mapped
GSE120137,SRR7871528,/data/mouse_methyl/raw/GSE120137/fastq/SRR7871528.fastq,1,7244973962,,GSM3394210,SINGLE,Bisulfite-Seq,RANDOM,SRS3796305,SRX4710607,GSM3394210: Mouse_Adipose_SH039; Mus musculus; Bisulfite-Seq,SAMN10085213,PRJNA491712,2316903741,mapped
GSE120137,SRR7871529,/data/mouse_methyl/raw/GSE120137/fastq/SRR7871529.fastq,1,11499216310,,GSM3394211,SINGLE,Bisulfite-Seq,RANDOM,SRS3796306,SRX4710608,GSM3394211: Mouse_Adipose_SH040; Mus musculus; Bisulfite-Seq,SAMN10085212,PRJNA491712,3671929437,mapped
GSE120137,SRR7871530,/data/mouse_methyl/raw/GSE120137/fastq/SRR7871530.fastq,1,9247507574,,GSM3394212,SINGLE,Bisulfite-Seq,RANDOM,SRS3796307,SRX4710609,GSM3394212: Mouse_Adipose_SH041; Mus musculus; Bisulfite-Seq,SAMN10085211,PRJNA491712,2954933568,mapped
GSE120137,SRR7871531,/data/mouse_methyl/raw/GSE120137/fastq/SRR7871531.fastq,1,9018503606,,GSM3394213,SINGLE,Bisulfite-Seq,RANDOM,SRS3796308,SRX4710610,GSM3394213: Mouse_Adipose_SH042; Mus musculus; Bisulfite-Seq,SAMN10085210,PRJNA491712,2882027930,mapped
GSE120137,SRR7871532,/data/mouse_methyl/raw/GSE120137/fastq/SRR7871532.fastq,1,8793532622,,GSM3394214,SINGLE,Bisulfite-Seq,RANDOM,SRS3796309,SRX4710611,GSM3394214: Mouse_Adipose_SH043; Mus musculus; Bisulfite-Seq,SAMN10085209,PRJNA491712,2810275005,mapped
GSE120137,SRR7871533,/data/mouse_methyl/raw/GSE120137/fastq/SRR7871533.fastq,1,9008136872,,GSM3394215,SINGLE,Bisulfite-Seq,RANDOM,SRS3796311,SRX4710612,GSM3394215: Mouse_Adipose_SH044; Mus musculus; Bisulfite-Seq,SAMN10085208,PRJNA491712,2878710282,mapped
GSE120137,SRR7871534,/data/mouse_methyl/raw/GSE120137/fastq/SRR7871534.fastq,1,5430456012,,GSM3394216,SINGLE,Bisulfite-Seq,RANDOM,SRS3796310,SRX4710613,GSM3394216: Mouse_Adipose_SH045; Mus musculus; Bisulfite-Seq,SAMN10085252,PRJNA491712,1738236361,mapped
GSE120137,SRR7871535,/data/mouse_methyl/raw/GSE120137/fastq/SRR7871535.fastq,1,8676539100,,GSM3394217,SINGLE,Bisulfite-Seq,RANDOM,SRS3796312,SRX4710614,GSM3394217: Mouse_Adipose_SH046; Mus musculus; Bisulfite-Seq,SAMN10085251,PRJNA491712,2772943486,mapped
GSE120137,SRR7871536,/data/mouse_methyl/raw/GSE120137/fastq/SRR7871536.fastq,1,8619668694,,GSM3394218,SINGLE,Bisulfite-Seq,RANDOM,SRS3796313,SRX4710615,GSM3394218: Mouse_Adipose_SH047; Mus musculus; Bisulfite-Seq,SAMN10085250,PRJNA491712,2754844488,mapped
GSE120137,SRR7871537,/data/mouse_methyl/raw/GSE120137/fastq/SRR7871537.fastq,1,9984243374,,GSM3394219,SINGLE,Bisulfite-Seq,RANDOM,SRS3796314,SRX4710616,GSM3394219: Mouse_Adipose_SH048; Mus musculus; Bisulfite-Seq,SAMN10085249,PRJNA491712,3189851185,mapped
GSE120137,SRR7871538,/data/mouse_methyl/raw/GSE120137/fastq/SRR7871538.fastq,1,13111864848,,GSM3394220,SINGLE,Bisulfite-Seq,RANDOM,SRS3796315,SRX4710617,GSM3394220: Mouse_Adipose_SH049; Mus musculus; Bisulfite-Seq,SAMN10085248,PRJNA491712,4186185986,mapped
GSE120137,SRR7871539,/data/mouse_methyl/raw/GSE120137/fastq/SRR7871539.fastq,1,13191627032,,GSM3394221,SINGLE,Bisulfite-Seq,RANDOM,SRS3796316,SRX4710618,GSM3394221: Mouse_Adipose_SH050; Mus musculus; Bisulfite-Seq,SAMN10085247,PRJNA491712,4211576174,mapped
GSE120137,SRR7871540,/data/mouse_methyl/raw/GSE120137/fastq/SRR7871540.fastq,1,12175951866,,GSM3394222,SINGLE,Bisulfite-Seq,RANDOM,SRS3796317,SRX4710619,GSM3394222: Mouse_Adipose_SH051; Mus musculus; Bisulfite-Seq,SAMN10085246,PRJNA491712,3887873699,mapped
GSE120137,SRR7871541,/data/mouse_methyl/raw/GSE120137/fastq/SRR7871541.fastq,1,11217153858,,GSM3394223,SINGLE,Bisulfite-Seq,RANDOM,SRS3796318,SRX4710620,GSM3394223: Mouse_Adipose_SH052; Mus musculus; Bisulfite-Seq,SAMN10085245,PRJNA491712,3582162152,mapped
GSE120137,SRR7871542,/data/mouse_methyl/raw/GSE120137/fastq/SRR7871542.fastq,1,8578787016,,GSM3394224,SINGLE,Bisulfite-Seq,RANDOM,SRS3796319,SRX4710621,GSM3394224: Mouse_Adipose_SH053; Mus musculus; Bisulfite-Seq,SAMN10085244,PRJNA491712,2741412296,mapped
GSE120137,SRR7871543,/data/mouse_methyl/raw/GSE120137/fastq/SRR7871543.fastq,1,13626185364,,GSM3394225,SINGLE,Bisulfite-Seq,RANDOM,SRS3796321,SRX4710622,GSM3394225: Mouse_Adipose_SH054; Mus musculus; Bisulfite-Seq,SAMN10085243,PRJNA491712,4350006572,mapped
GSE120137,SRR7871544,/data/mouse_methyl/raw/GSE120137/fastq/SRR7871544.fastq,1,10823863194,,GSM3394226,SINGLE,Bisulfite-Seq,RANDOM,SRS3796320,SRX4710623,GSM3394226: Mouse_Adipose_SH055; Mus musculus; Bisulfite-Seq,SAMN10085242,PRJNA491712,3456901245,mapped
GSE120137,SRR7871545,/data/mouse_methyl/raw/GSE120137/fastq/SRR7871545.fastq,1,13432650770,,GSM3394227,SINGLE,Bisulfite-Seq,RANDOM,SRS3796322,SRX4710624,GSM3394227: Mouse_Adipose_SH056; Mus musculus; Bisulfite-Seq,SAMN10085241,PRJNA491712,4288342133,mapped
GSE120137,SRR7871561,/data/mouse_methyl/raw/GSE120137/fastq/SRR7871561.fastq,1,5747974336,,GSM3394243,SINGLE,Bisulfite-Seq,RANDOM,SRS3796337,SRX4710640,GSM3394243: Mouse_Blood_SH019; Mus musculus; Bisulfite-Seq,SAMN10085195,PRJNA491712,1839164146,mapped
GSE120137,SRR7871577,/data/mouse_methyl/raw/GSE120137/fastq/SRR7871577.fastq,1,7095578180,,GSM3394259,SINGLE,Bisulfite-Seq,RANDOM,SRS3796353,SRX4710656,GSM3394259: Mouse_Blood_SH059; Mus musculus; Bisulfite-Seq,SAMN10085325,PRJNA491712,2268598471,mapped
GSE120137,SRR7871582,/data/mouse_methyl/raw/GSE120137/fastq/SRR7871582.fastq,1,8127593190,,GSM3394264,SINGLE,Bisulfite-Seq,RANDOM,SRS3796359,SRX4710661,GSM3394264: Mouse_Blood_SH065; Mus musculus; Bisulfite-Seq,SAMN10085320,PRJNA491712,2597436998,mapped
GSE120137,SRR7871618,/data/mouse_methyl/raw/GSE120137/fastq/SRR7871618.fastq,1,4054937428,,GSM3394300,SINGLE,Bisulfite-Seq,RANDOM,SRS3796394,SRX4710697,GSM3394300: Mouse_Kidney_SH001; Mus musculus; Bisulfite-Seq,SAMN10084997,PRJNA491712,1299326721,mapped
GSE120137,SRR7871619,/data/mouse_methyl/raw/GSE120137/fastq/SRR7871619.fastq,1,3540403286,,GSM3394301,SINGLE,Bisulfite-Seq,RANDOM,SRS3796395,SRX4710698,GSM3394301: Mouse_Kidney_SH002; Mus musculus; Bisulfite-Seq,SAMN10084996,PRJNA491712,1135386248,mapped
GSE120137,SRR7871620,/data/mouse_methyl/raw/GSE120137/fastq/SRR7871620.fastq,1,4702478934,,GSM3394302,SINGLE,Bisulfite-Seq,RANDOM,SRS3796396,SRX4710699,GSM3394302: Mouse_Kidney_SH003; Mus musculus; Bisulfite-Seq,SAMN10084995,PRJNA491712,1505741835,mapped
GSE120137,SRR7871621,/data/mouse_methyl/raw/GSE120137/fastq/SRR7871621.fastq,1,3757225730,,GSM3394303,SINGLE,Bisulfite-Seq,RANDOM,SRS3796398,SRX4710700,GSM3394303: Mouse_Kidney_SH004; Mus musculus; Bisulfite-Seq,SAMN10084994,PRJNA491712,1204484489,mapped
GSE120137,SRR7871622,/data/mouse_methyl/raw/GSE120137/fastq/SRR7871622.fastq,1,3030354272,,GSM3394304,SINGLE,Bisulfite-Seq,RANDOM,SRS3796397,SRX4710701,GSM3394304: Mouse_Kidney_SH005; Mus musculus; Bisulfite-Seq,SAMN10084993,PRJNA491712,972613234,mapped
GSE120137,SRR7871623,/data/mouse_methyl/raw/GSE120137/fastq/SRR7871623.fastq,1,2862067828,,GSM3394305,SINGLE,Bisulfite-Seq,RANDOM,SRS3796399,SRX4710702,GSM3394305: Mouse_Kidney_SH006; Mus musculus; Bisulfite-Seq,SAMN10084992,PRJNA491712,918650752,mapped
GSE120137,SRR7871624,/data/mouse_methyl/raw/GSE120137/fastq/SRR7871624.fastq,1,3118402120,,GSM3394306,SINGLE,Bisulfite-Seq,RANDOM,SRS3796401,SRX4710703,GSM3394306: Mouse_Kidney_SH007; Mus musculus; Bisulfite-Seq,SAMN10084991,PRJNA491712,1000845966,mapped
GSE120137,SRR7871625,/data/mouse_methyl/raw/GSE120137/fastq/SRR7871625.fastq,1,2983971074,,GSM3394307,SINGLE,Bisulfite-Seq,RANDOM,SRS3796403,SRX4710704,GSM3394307: Mouse_Kidney_SH008; Mus musculus; Bisulfite-Seq,SAMN10084990,PRJNA491712,957755124,mapped
GSE120137,SRR7871627,/data/mouse_methyl/raw/GSE120137/fastq/SRR7871627.fastq,1,4375065436,,GSM3394309,SINGLE,Bisulfite-Seq,RANDOM,SRS3796400,SRX4710706,GSM3394309: Mouse_Kidney_SH010; Mus musculus; Bisulfite-Seq,SAMN10085037,PRJNA491712,1401574980,mapped
GSE120137,SRR7871628,/data/mouse_methyl/raw/GSE120137/fastq/SRR7871628.fastq,1,5492196510,,GSM3394310,SINGLE,Bisulfite-Seq,RANDOM,SRS3796404,SRX4710707,GSM3394310: Mouse_Kidney_SH011; Mus musculus; Bisulfite-Seq,SAMN10085036,PRJNA491712,1757607151,mapped
GSE120137,SRR7871629,/data/mouse_methyl/raw/GSE120137/fastq/SRR7871629.fastq,1,5403135934,,GSM3394311,SINGLE,Bisulfite-Seq,RANDOM,SRS3796406,SRX4710708,GSM3394311: Mouse_Kidney_SH012; Mus musculus; Bisulfite-Seq,SAMN10085035,PRJNA491712,1729222313,mapped
GSE120137,SRR7871630,/data/mouse_methyl/raw/GSE120137/fastq/SRR7871630.fastq,1,4916830390,,GSM3394312,SINGLE,Bisulfite-Seq,RANDOM,SRS3796405,SRX4710709,GSM3394312: Mouse_Kidney_SH013; Mus musculus; Bisulfite-Seq,SAMN10085034,PRJNA491712,1574208927,mapped
GSE120137,SRR7871631,/data/mouse_methyl/raw/GSE120137/fastq/SRR7871631.fastq,1,3918429746,,GSM3394313,SINGLE,Bisulfite-Seq,RANDOM,SRS3796407,SRX4710710,GSM3394313: Mouse_Kidney_SH014; Mus musculus; Bisulfite-Seq,SAMN10085033,PRJNA491712,1256002872,mapped
GSE120137,SRR7871632,/data/mouse_methyl/raw/GSE120137/fastq/SRR7871632.fastq,1,3953645194,,GSM3394314,SINGLE,Bisulfite-Seq,RANDOM,SRS3796408,SRX4710711,GSM3394314: Mouse_Kidney_SH015; Mus musculus; Bisulfite-Seq,SAMN10085032,PRJNA491712,1267228719,mapped
GSE120137,SRR7871633,/data/mouse_methyl/raw/GSE120137/fastq/SRR7871633.fastq,1,3978606184,,GSM3394315,SINGLE,Bisulfite-Seq,RANDOM,SRS3796409,SRX4710712,GSM3394315: Mouse_Kidney_SH016; Mus musculus; Bisulfite-Seq,SAMN10085031,PRJNA491712,1275196003,mapped
GSE120137,SRR7871638,/data/mouse_methyl/raw/GSE120137/fastq/SRR7871638.fastq,1,4996352470,,GSM3394320,SINGLE,Bisulfite-Seq,RANDOM,SRS3796414,SRX4710717,GSM3394320: Mouse_Kidney_SH021; Mus musculus; Bisulfite-Seq,SAMN10084989,PRJNA491712,1599514073,mapped
GSE120137,SRR7871639,/data/mouse_methyl/raw/GSE120137/fastq/SRR7871639.fastq,1,3635230646,,GSM3394321,SINGLE,Bisulfite-Seq,RANDOM,SRS3796416,SRX4710718,GSM3394321: Mouse_Kidney_SH022; Mus musculus; Bisulfite-Seq,SAMN10084988,PRJNA491712,1165700994,mapped
GSE120137,SRR7871640,/data/mouse_methyl/raw/GSE120137/fastq/SRR7871640.fastq,1,3838406502,,GSM3394322,SINGLE,Bisulfite-Seq,RANDOM,SRS3796415,SRX4710719,GSM3394322: Mouse_Kidney_SH023; Mus musculus; Bisulfite-Seq,SAMN10084987,PRJNA491712,1230467547,mapped
GSE120137,SRR7871641,/data/mouse_methyl/raw/GSE120137/fastq/SRR7871641.fastq,1,4507728764,,GSM3394323,SINGLE,Bisulfite-Seq,RANDOM,SRS3796417,SRX4710720,GSM3394323: Mouse_Kidney_SH024; Mus musculus; Bisulfite-Seq,SAMN10084986,PRJNA491712,1443809645,mapped
GSE120137,SRR7871642,/data/mouse_methyl/raw/GSE120137/fastq/SRR7871642.fastq,1,3069716016,,GSM3394324,SINGLE,Bisulfite-Seq,RANDOM,SRS3796418,SRX4710721,GSM3394324: Mouse_Kidney_SH025; Mus musculus; Bisulfite-Seq,SAMN10084979,PRJNA491712,985436901,mapped
GSE120137,SRR7871643,/data/mouse_methyl/raw/GSE120137/fastq/SRR7871643.fastq,1,3399668642,,GSM3394325,SINGLE,Bisulfite-Seq,RANDOM,SRS3796419,SRX4710722,GSM3394325: Mouse_Kidney_SH026; Mus musculus; Bisulfite-Seq,SAMN10084978,PRJNA491712,1090626785,mapped
GSE120137,SRR7871644,/data/mouse_methyl/raw/GSE120137/fastq/SRR7871644.fastq,1,4630571838,,GSM3394326,SINGLE,Bisulfite-Seq,RANDOM,SRS3796421,SRX4710723,GSM3394326: Mouse_Kidney_SH027; Mus musculus; Bisulfite-Seq,SAMN10084985,PRJNA491712,1482820289,mapped
GSE120137,SRR7871645,/data/mouse_methyl/raw/GSE120137/fastq/SRR7871645.fastq,1,3948178604,,GSM3394327,SINGLE,Bisulfite-Seq,RANDOM,SRS3796422,SRX4710724,GSM3394327: Mouse_Kidney_SH029; Mus musculus; Bisulfite-Seq,SAMN10084984,PRJNA491712,1265536565,mapped
GSE120137,SRR7871646,/data/mouse_methyl/raw/GSE120137/fastq/SRR7871646.fastq,1,3497990920,,GSM3394328,SINGLE,Bisulfite-Seq,RANDOM,SRS3796424,SRX4710725,GSM3394328: Mouse_Kidney_SH030; Mus musculus; Bisulfite-Seq,SAMN10084983,PRJNA491712,1121997890,mapped
GSE120137,SRR7871647,/data/mouse_methyl/raw/GSE120137/fastq/SRR7871647.fastq,1,3282066674,,GSM3394329,SINGLE,Bisulfite-Seq,RANDOM,SRS3796420,SRX4710726,GSM3394329: Mouse_Kidney_SH031; Mus musculus; Bisulfite-Seq,SAMN10084982,PRJNA491712,1053185277,mapped
GSE120137,SRR7871648,/data/mouse_methyl/raw/GSE120137/fastq/SRR7871648.fastq,1,3862733972,,GSM3394330,SINGLE,Bisulfite-Seq,RANDOM,SRS3796423,SRX4710727,GSM3394330: Mouse_Kidney_SH032; Mus musculus; Bisulfite-Seq,SAMN10084981,PRJNA491712,1238199804,mapped
GSE120137,SRR7871649,/data/mouse_methyl/raw/GSE120137/fastq/SRR7871649.fastq,1,3378910990,,GSM3394331,SINGLE,Bisulfite-Seq,RANDOM,SRS3796425,SRX4710728,GSM3394331: Mouse_Kidney_SH033; Mus musculus; Bisulfite-Seq,SAMN10084980,PRJNA491712,1084185611,mapped
GSE120137,SRR7871650,/data/mouse_methyl/raw/GSE120137/fastq/SRR7871650.fastq,1,3782716982,,GSM3394332,SINGLE,Bisulfite-Seq,RANDOM,SRS3796429,SRX4710729,GSM3394332: Mouse_Kidney_SH034; Mus musculus; Bisulfite-Seq,SAMN10084977,PRJNA491712,1212665489,mapped
GSE120137,SRR7871651,/data/mouse_methyl/raw/GSE120137/fastq/SRR7871651.fastq,1,4983810366,,GSM3394333,SINGLE,Bisulfite-Seq,RANDOM,SRS3796428,SRX4710730,GSM3394333: Mouse_Kidney_SH035; Mus musculus; Bisulfite-Seq,SAMN10084976,PRJNA491712,1595327825,mapped
GSE120137,SRR7871652,/data/mouse_methyl/raw/GSE120137/fastq/SRR7871652.fastq,1,2895945006,,GSM3394334,SINGLE,Bisulfite-Seq,RANDOM,SRS3796426,SRX4710731,GSM3394334: Mouse_Kidney_SH036; Mus musculus; Bisulfite-Seq,SAMN10084975,PRJNA491712,929526028,mapped
GSE120137,SRR7871653,/data/mouse_methyl/raw/GSE120137/fastq/SRR7871653.fastq,1,4242537862,,GSM3394335,SINGLE,Bisulfite-Seq,RANDOM,SRS3796427,SRX4710732,GSM3394335: Mouse_Kidney_SH037; Mus musculus; Bisulfite-Seq,SAMN10084974,PRJNA491712,1359482523,mapped
GSE120137,SRR7871654,/data/mouse_methyl/raw/GSE120137/fastq/SRR7871654.fastq,1,3637153642,,GSM3394336,SINGLE,Bisulfite-Seq,RANDOM,SRS3796430,SRX4710733,GSM3394336: Mouse_Kidney_SH038; Mus musculus; Bisulfite-Seq,SAMN10084973,PRJNA491712,1166260433,mapped
GSE120137,SRR7871655,/data/mouse_methyl/raw/GSE120137/fastq/SRR7871655.fastq,1,2690931020,,GSM3394337,SINGLE,Bisulfite-Seq,RANDOM,SRS3796431,SRX4710734,GSM3394337: Mouse_Kidney_SH039; Mus musculus; Bisulfite-Seq,SAMN10084972,PRJNA491712,863889461,mapped
GSE120137,SRR7871656,/data/mouse_methyl/raw/GSE120137/fastq/SRR7871656.fastq,1,2753666424,,GSM3394338,SINGLE,Bisulfite-Seq,RANDOM,SRS3796432,SRX4710735,GSM3394338: Mouse_Kidney_SH040; Mus musculus; Bisulfite-Seq,SAMN10084971,PRJNA491712,883866352,mapped
GSE120137,SRR7871657,/data/mouse_methyl/raw/GSE120137/fastq/SRR7871657.fastq,1,2302037402,,GSM3394339,SINGLE,Bisulfite-Seq,RANDOM,SRS3796433,SRX4710736,GSM3394339: Mouse_Kidney_SH041; Mus musculus; Bisulfite-Seq,SAMN10084970,PRJNA491712,739041442,mapped
GSE120137,SRR7871658,/data/mouse_methyl/raw/GSE120137/fastq/SRR7871658.fastq,1,2827853966,,GSM3394340,SINGLE,Bisulfite-Seq,RANDOM,SRS3796434,SRX4710737,GSM3394340: Mouse_Kidney_SH042; Mus musculus; Bisulfite-Seq,SAMN10084969,PRJNA491712,907535500,mapped
GSE120137,SRR7871659,/data/mouse_methyl/raw/GSE120137/fastq/SRR7871659.fastq,1,3861998280,,GSM3394341,SINGLE,Bisulfite-Seq,RANDOM,SRS3796435,SRX4710738,GSM3394341: Mouse_Kidney_SH043; Mus musculus; Bisulfite-Seq,SAMN10084968,PRJNA491712,1237572392,mapped
GSE120137,SRR7871675,/data/mouse_methyl/raw/GSE120137/fastq/SRR7871675.fastq,1,4794739342,,GSM3394357,SINGLE,Bisulfite-Seq,RANDOM,SRS3796452,SRX4710754,GSM3394357: Mouse_Liver_SH004; Mus musculus; Bisulfite-Seq,SAMN10085136,PRJNA491712,1535315746,mapped
GSE120137,SRR7871676,/data/mouse_methyl/raw/GSE120137/fastq/SRR7871676.fastq,1,6468681834,,GSM3394358,SINGLE,Bisulfite-Seq,RANDOM,SRS3796451,SRX4710755,GSM3394358: Mouse_Liver_SH005; Mus musculus; Bisulfite-Seq,SAMN10085135,PRJNA491712,2068856528,mapped
GSE120137,SRR7871677,/data/mouse_methyl/raw/GSE120137/fastq/SRR7871677.fastq,1,3450654286,,GSM3394359,SINGLE,Bisulfite-Seq,RANDOM,SRS3796453,SRX4710756,GSM3394359: Mouse_Liver_SH006; Mus musculus; Bisulfite-Seq,SAMN10085134,PRJNA491712,1106902430,mapped
GSE120137,SRR7871678,/data/mouse_methyl/raw/GSE120137/fastq/SRR7871678.fastq,1,6576152842,,GSM3394360,SINGLE,Bisulfite-Seq,RANDOM,SRS3796454,SRX4710757,GSM3394360: Mouse_Liver_SH007; Mus musculus; Bisulfite-Seq,SAMN10085133,PRJNA491712,2103100174,mapped
GSE120137,SRR7871679,/data/mouse_methyl/raw/GSE120137/fastq/SRR7871679.fastq,1,5966937994,,GSM3394361,SINGLE,Bisulfite-Seq,RANDOM,SRS3796455,SRX4710758,GSM3394361: Mouse_Liver_SH008; Mus musculus; Bisulfite-Seq,SAMN10085130,PRJNA491712,1908918685,mapped
GSE120137,SRR7871681,/data/mouse_methyl/raw/GSE120137/fastq/SRR7871681.fastq,1,6892680774,,GSM3394363,SINGLE,Bisulfite-Seq,RANDOM,SRS3796457,SRX4710760,GSM3394363: Mouse_Liver_SH010; Mus musculus; Bisulfite-Seq,SAMN10085128,PRJNA491712,2204023212,mapped
GSE120137,SRR7871682,/data/mouse_methyl/raw/GSE120137/fastq/SRR7871682.fastq,1,3934027482,,GSM3394364,SINGLE,Bisulfite-Seq,RANDOM,SRS3796458,SRX4710761,GSM3394364: Mouse_Liver_SH011; Mus musculus; Bisulfite-Seq,SAMN10085127,PRJNA491712,1260999948,mapped
GSE120137,SRR7871683,/data/mouse_methyl/raw/GSE120137/fastq/SRR7871683.fastq,1,3160247340,,GSM3394365,SINGLE,Bisulfite-Seq,RANDOM,SRS3796459,SRX4710762,GSM3394365: Mouse_Liver_SH012; Mus musculus; Bisulfite-Seq,SAMN10085126,PRJNA491712,1014366432,mapped
GSE120137,SRR7871687,/data/mouse_methyl/raw/GSE120137/fastq/SRR7871687.fastq,1,4205887366,,GSM3394369,SINGLE,Bisulfite-Seq,RANDOM,SRS3796462,SRX4710766,GSM3394369: Mouse_Liver_SH016; Mus musculus; Bisulfite-Seq,SAMN10085122,PRJNA491712,1347593712,mapped
GSE120137,SRR7871688,/data/mouse_methyl/raw/GSE120137/fastq/SRR7871688.fastq,1,4112902078,,GSM3394370,SINGLE,Bisulfite-Seq,RANDOM,SRS3796464,SRX4710767,GSM3394370: Mouse_Liver_SH017; Mus musculus; Bisulfite-Seq,SAMN10085121,PRJNA491712,1317964150,mapped
GSE120137,SRR7871689,/data/mouse_methyl/raw/GSE120137/fastq/SRR7871689.fastq,1,4290966704,,GSM3394371,SINGLE,Bisulfite-Seq,RANDOM,SRS3796466,SRX4710768,GSM3394371: Mouse_Liver_SH018; Mus musculus; Bisulfite-Seq,SAMN10085165,PRJNA491712,1374722716,mapped
GSE120137,SRR7871691,/data/mouse_methyl/raw/GSE120137/fastq/SRR7871691.fastq,1,6423480382,,GSM3394373,SINGLE,Bisulfite-Seq,RANDOM,SRS3796467,SRX4710770,GSM3394373: Mouse_Liver_SH020; Mus musculus; Bisulfite-Seq,SAMN10085163,PRJNA491712,2054398782,mapped
GSE120137,SRR7871693,/data/mouse_methyl/raw/GSE120137/fastq/SRR7871693.fastq,1,5988472898,,GSM3394375,SINGLE,Bisulfite-Seq,RANDOM,SRS3796469,SRX4710772,GSM3394375: Mouse_Liver_SH022; Mus musculus; Bisulfite-Seq,SAMN10085161,PRJNA491712,1915738104,mapped
GSE120137,SRR7871694,/data/mouse_methyl/raw/GSE120137/fastq/SRR7871694.fastq,1,4644620252,,GSM3394376,SINGLE,Bisulfite-Seq,RANDOM,SRS3796470,SRX4710773,GSM3394376: Mouse_Liver_SH023; Mus musculus; Bisulfite-Seq,SAMN10085160,PRJNA491712,1487419324,mapped
GSE120137,SRR7871695,/data/mouse_methyl/raw/GSE120137/fastq/SRR7871695.fastq,1,5229881094,,GSM3394377,SINGLE,Bisulfite-Seq,RANDOM,SRS3796471,SRX4710774,GSM3394377: Mouse_Liver_SH024; Mus musculus; Bisulfite-Seq,SAMN10085159,PRJNA491712,1673954406,mapped
GSE120137,SRR7871696,/data/mouse_methyl/raw/GSE120137/fastq/SRR7871696.fastq,1,6529366478,,GSM3394378,SINGLE,Bisulfite-Seq,RANDOM,SRS3796472,SRX4710775,GSM3394378: Mouse_Liver_SH025; Mus musculus; Bisulfite-Seq,SAMN10085158,PRJNA491712,1815680673,mapped
GSE120137,SRR7871697,/data/mouse_methyl/raw/GSE120137/fastq/SRR7871697.fastq,1,8972008844,,GSM3394379,SINGLE,Bisulfite-Seq,RANDOM,SRS3796473,SRX4710776,GSM3394379: Mouse_Liver_SH026; Mus musculus; Bisulfite-Seq,SAMN10085157,PRJNA491712,2496902574,mapped
GSE120137,SRR7871698,/data/mouse_methyl/raw/GSE120137/fastq/SRR7871698.fastq,1,6568885404,,GSM3394380,SINGLE,Bisulfite-Seq,RANDOM,SRS3796474,SRX4710777,GSM3394380: Mouse_Liver_SH027; Mus musculus; Bisulfite-Seq,SAMN10085236,PRJNA491712,2100763539,mapped
GSE120137,SRR7871699,/data/mouse_methyl/raw/GSE120137/fastq/SRR7871699.fastq,1,7521865886,,GSM3394381,SINGLE,Bisulfite-Seq,RANDOM,SRS3796475,SRX4710778,GSM3394381: Mouse_Liver_SH028; Mus musculus; Bisulfite-Seq,SAMN10085235,PRJNA491712,2404439936,mapped
GSE120137,SRR7871700,/data/mouse_methyl/raw/GSE120137/fastq/SRR7871700.fastq,1,6549073430,,GSM3394382,SINGLE,Bisulfite-Seq,RANDOM,SRS3796476,SRX4710779,GSM3394382: Mouse_Liver_SH029; Mus musculus; Bisulfite-Seq,SAMN10085272,PRJNA491712,2094397509,mapped
GSE120137,SRR7871701,/data/mouse_methyl/raw/GSE120137/fastq/SRR7871701.fastq,1,6296917416,,GSM3394383,SINGLE,Bisulfite-Seq,RANDOM,SRS3796479,SRX4710780,GSM3394383: Mouse_Liver_SH030; Mus musculus; Bisulfite-Seq,SAMN10085271,PRJNA491712,2014006155,mapped
GSE120137,SRR7871702,/data/mouse_methyl/raw/GSE120137/fastq/SRR7871702.fastq,1,6690512332,,GSM3394384,SINGLE,Bisulfite-Seq,RANDOM,SRS3796478,SRX4710781,GSM3394384: Mouse_Liver_SH031; Mus musculus; Bisulfite-Seq,SAMN10085270,PRJNA491712,2139480879,mapped
GSE120137,SRR7871703,/data/mouse_methyl/raw/GSE120137/fastq/SRR7871703.fastq,1,6461752686,,GSM3394385,SINGLE,Bisulfite-Seq,RANDOM,SRS3796477,SRX4710782,GSM3394385: Mouse_Liver_SH032; Mus musculus; Bisulfite-Seq,SAMN10085269,PRJNA491712,2066570494,mapped
GSE120137,SRR7871704,/data/mouse_methyl/raw/GSE120137/fastq/SRR7871704.fastq,1,6375870732,,GSM3394386,SINGLE,Bisulfite-Seq,RANDOM,SRS3796480,SRX4710783,GSM3394386: Mouse_Liver_SH033; Mus musculus; Bisulfite-Seq,SAMN10085234,PRJNA491712,2039206867,mapped
GSE120137,SRR7871705,/data/mouse_methyl/raw/GSE120137/fastq/SRR7871705.fastq,1,3618474918,,GSM3394387,SINGLE,Bisulfite-Seq,RANDOM,SRS3796481,SRX4710784,GSM3394387: Mouse_Liver_SH034; Mus musculus; Bisulfite-Seq,SAMN10085233,PRJNA491712,1160378900,mapped
GSE120137,SRR7871706,/data/mouse_methyl/raw/GSE120137/fastq/SRR7871706.fastq,1,4333570426,,GSM3394388,SINGLE,Bisulfite-Seq,RANDOM,SRS3796482,SRX4710785,GSM3394388: Mouse_Liver_SH035; Mus musculus; Bisulfite-Seq,SAMN10085273,PRJNA491712,1388294793,mapped
GSE120137,SRR7871707,/data/mouse_methyl/raw/GSE120137/fastq/SRR7871707.fastq,1,3579344832,,GSM3394389,SINGLE,Bisulfite-Seq,RANDOM,SRS3796484,SRX4710786,GSM3394389: Mouse_Liver_SH036; Mus musculus; Bisulfite-Seq,SAMN10085268,PRJNA491712,1147903077,mapped
GSE120137,SRR7871708,/data/mouse_methyl/raw/GSE120137/fastq/SRR7871708.fastq,1,3491477454,,GSM3394390,SINGLE,Bisulfite-Seq,RANDOM,SRS3796485,SRX4710787,GSM3394390: Mouse_Liver_SH037; Mus musculus; Bisulfite-Seq,SAMN10085267,PRJNA491712,1119811442,mapped
GSE120137,SRR7871709,/data/mouse_methyl/raw/GSE120137/fastq/SRR7871709.fastq,1,3970287304,,GSM3394391,SINGLE,Bisulfite-Seq,RANDOM,SRS3796486,SRX4710788,GSM3394391: Mouse_Liver_SH038; Mus musculus; Bisulfite-Seq,SAMN10085266,PRJNA491712,1272394364,mapped
GSE120137,SRR7871710,/data/mouse_methyl/raw/GSE120137/fastq/SRR7871710.fastq,1,3632553552,,GSM3394392,SINGLE,Bisulfite-Seq,RANDOM,SRS3796488,SRX4710789,GSM3394392: Mouse_Liver_SH039; Mus musculus; Bisulfite-Seq,SAMN10085265,PRJNA491712,1164765431,mapped
GSE120137,SRR7871711,/data/mouse_methyl/raw/GSE120137/fastq/SRR7871711.fastq,1,3620371926,,GSM3394393,SINGLE,Bisulfite-Seq,RANDOM,SRS3796487,SRX4710790,GSM3394393: Mouse_Liver_SH040; Mus musculus; Bisulfite-Seq,SAMN10085264,PRJNA491712,1160886425,mapped
GSE120137,SRR7871712,/data/mouse_methyl/raw/GSE120137/fastq/SRR7871712.fastq,1,2850229474,,GSM3394394,SINGLE,Bisulfite-Seq,RANDOM,SRS3796490,SRX4710791,GSM3394394: Mouse_Liver_SH041; Mus musculus; Bisulfite-Seq,SAMN10085263,PRJNA491712,914836790,mapped
GSE120137,SRR7871713,/data/mouse_methyl/raw/GSE120137/fastq/SRR7871713.fastq,1,3890932204,,GSM3394395,SINGLE,Bisulfite-Seq,RANDOM,SRS3796489,SRX4710792,GSM3394395: Mouse_Liver_SH042; Mus musculus; Bisulfite-Seq,SAMN10085262,PRJNA491712,1247107095,mapped
GSE120137,SRR7871714,/data/mouse_methyl/raw/GSE120137/fastq/SRR7871714.fastq,1,8283155824,,GSM3394396,SINGLE,Bisulfite-Seq,RANDOM,SRS3796492,SRX4710793,GSM3394396: Mouse_Liver_SH043; Mus musculus; Bisulfite-Seq,SAMN10085261,PRJNA491712,2646912757,mapped
GSE120137,SRR7871715,/data/mouse_methyl/raw/GSE120137/fastq/SRR7871715.fastq,1,7922816118,,GSM3394397,SINGLE,Bisulfite-Seq,RANDOM,SRS3796491,SRX4710794,GSM3394397: Mouse_Liver_SH044; Mus musculus; Bisulfite-Seq,SAMN10085260,PRJNA491712,2532060607,mapped
GSE120137,SRR7871717,/data/mouse_methyl/raw/GSE120137/fastq/SRR7871717.fastq,1,6260602774,,GSM3394399,SINGLE,Bisulfite-Seq,RANDOM,SRS3796494,SRX4710796,GSM3394399: Mouse_Liver_SH046; Mus musculus; Bisulfite-Seq,SAMN10085258,PRJNA491712,2002261269,mapped
GSE120137,SRR7871718,/data/mouse_methyl/raw/GSE120137/fastq/SRR7871718.fastq,1,6080711356,,GSM3394400,SINGLE,Bisulfite-Seq,RANDOM,SRS3796495,SRX4710797,GSM3394400: Mouse_Liver_SH047; Mus musculus; Bisulfite-Seq,SAMN10085257,PRJNA491712,1944927508,mapped
GSE120137,SRR7871719,/data/mouse_methyl/raw/GSE120137/fastq/SRR7871719.fastq,1,4405465316,,GSM3394401,SINGLE,Bisulfite-Seq,RANDOM,SRS3796498,SRX4710798,GSM3394401: Mouse_Liver_SH048; Mus musculus; Bisulfite-Seq,SAMN10085256,PRJNA491712,1411079383,mapped
GSE120137,SRR7871720,/data/mouse_methyl/raw/GSE120137/fastq/SRR7871720.fastq,1,8536637420,,GSM3394402,SINGLE,Bisulfite-Seq,RANDOM,SRS3796496,SRX4710799,GSM3394402: Mouse_Liver_SH049; Mus musculus; Bisulfite-Seq,SAMN10085255,PRJNA491712,2727789214,mapped
GSE120137,SRR7871722,/data/mouse_methyl/raw/GSE120137/fastq/SRR7871722.fastq,1,5592912454,,GSM3394404,SINGLE,Bisulfite-Seq,RANDOM,SRS3796499,SRX4710801,GSM3394404: Mouse_Liver_SH051; Mus musculus; Bisulfite-Seq,SAMN10085253,PRJNA491712,1789675863,mapped
GSE120137,SRR7871723,/data/mouse_methyl/raw/GSE120137/fastq/SRR7871723.fastq,1,3013876638,,GSM3394405,SINGLE,Bisulfite-Seq,RANDOM,SRS3796500,SRX4710802,GSM3394405: Mouse_Liver_SH052; Mus musculus; Bisulfite-Seq,SAMN10085293,PRJNA491712,967368506,mapped
GSE120137,SRR7871724,/data/mouse_methyl/raw/GSE120137/fastq/SRR7871724.fastq,1,6270734636,,GSM3394406,SINGLE,Bisulfite-Seq,RANDOM,SRS3796503,SRX4710803,GSM3394406: Mouse_Liver_SH053; Mus musculus; Bisulfite-Seq,SAMN10085292,PRJNA491712,2005609318,mapped
GSE120137,SRR7871725,/data/mouse_methyl/raw/GSE120137/fastq/SRR7871725.fastq,1,2459000840,,GSM3394407,SINGLE,Bisulfite-Seq,RANDOM,SRS3796504,SRX4710804,GSM3394407: Mouse_Liver_SH054; Mus musculus; Bisulfite-Seq,SAMN10085291,PRJNA491712,789386508,mapped
GSE120137,SRR7871726,/data/mouse_methyl/raw/GSE120137/fastq/SRR7871726.fastq,1,6320871662,,GSM3394408,SINGLE,Bisulfite-Seq,RANDOM,SRS3796505,SRX4710805,GSM3394408: Mouse_Liver_SH055; Mus musculus; Bisulfite-Seq,SAMN10085290,PRJNA491712,2021593881,mapped
GSE120137,SRR7871728,/data/mouse_methyl/raw/GSE120137/fastq/SRR7871728.fastq,1,5259626724,,GSM3394410,SINGLE,Bisulfite-Seq,RANDOM,SRS3796506,SRX4710807,GSM3394410: Mouse_Liver_SH057; Mus musculus; Bisulfite-Seq,SAMN10085288,PRJNA491712,1683382958,mapped
GSE120137,SRR7871729,/data/mouse_methyl/raw/GSE120137/fastq/SRR7871729.fastq,1,4393331466,,GSM3394411,SINGLE,Bisulfite-Seq,RANDOM,SRS3796502,SRX4710808,GSM3394411: Mouse_Liver_SH058; Mus musculus; Bisulfite-Seq,SAMN10085287,PRJNA491712,1407285217,mapped
GSE120137,SRR7871730,/data/mouse_methyl/raw/GSE120137/fastq/SRR7871730.fastq,1,4639261208,,GSM3394412,SINGLE,Bisulfite-Seq,RANDOM,SRS3796507,SRX4710809,GSM3394412: Mouse_Liver_SH059; Mus musculus; Bisulfite-Seq,SAMN10085283,PRJNA491712,1485663641,mapped
GSE120137,SRR7871731,/data/mouse_methyl/raw/GSE120137/fastq/SRR7871731.fastq,1,2371607500,,GSM3394413,SINGLE,Bisulfite-Seq,RANDOM,SRS3796508,SRX4710810,GSM3394413: Mouse_Liver_SH060; Mus musculus; Bisulfite-Seq,SAMN10085282,PRJNA491712,761384359,mapped
GSE120137,SRR7871732,/data/mouse_methyl/raw/GSE120137/fastq/SRR7871732.fastq,1,4149768410,,GSM3394414,SINGLE,Bisulfite-Seq,RANDOM,SRS3796509,SRX4710811,GSM3394414: Mouse_Lung_SH001; Mus musculus; Bisulfite-Seq,SAMN10085281,PRJNA491712,1329591876,mapped
GSE120137,SRR7871733,/data/mouse_methyl/raw/GSE120137/fastq/SRR7871733.fastq,1,4268675526,,GSM3394415,SINGLE,Bisulfite-Seq,RANDOM,SRS3796510,SRX4710812,GSM3394415: Mouse_Lung_SH002; Mus musculus; Bisulfite-Seq,SAMN10085280,PRJNA491712,1367584541,mapped
GSE120137,SRR7871734,/data/mouse_methyl/raw/GSE120137/fastq/SRR7871734.fastq,1,4766003176,,GSM3394416,SINGLE,Bisulfite-Seq,RANDOM,SRS3796511,SRX4710813,GSM3394416: Mouse_Lung_SH003; Mus musculus; Bisulfite-Seq,SAMN10085286,PRJNA491712,1526089194,mapped
GSE120137,SRR7871735,/data/mouse_methyl/raw/GSE120137/fastq/SRR7871735.fastq,1,4166289908,,GSM3394417,SINGLE,Bisulfite-Seq,RANDOM,SRS3796512,SRX4710814,GSM3394417: Mouse_Lung_SH004; Mus musculus; Bisulfite-Seq,SAMN10085285,PRJNA491712,1334981236,mapped
GSE120137,SRR7871736,/data/mouse_methyl/raw/GSE120137/fastq/SRR7871736.fastq,1,2387901250,,GSM3394418,SINGLE,Bisulfite-Seq,RANDOM,SRS3796514,SRX4710815,GSM3394418: Mouse_Lung_SH005; Mus musculus; Bisulfite-Seq,SAMN10085284,PRJNA491712,766539500,mapped
GSE120137,SRR7871737,/data/mouse_methyl/raw/GSE120137/fastq/SRR7871737.fastq,1,3344850650,,GSM3394419,SINGLE,Bisulfite-Seq,RANDOM,SRS3796513,SRX4710816,GSM3394419: Mouse_Lung_SH006; Mus musculus; Bisulfite-Seq,SAMN10085279,PRJNA491712,1073028141,mapped
GSE120137,SRR7871738,/data/mouse_methyl/raw/GSE120137/fastq/SRR7871738.fastq,1,3862564352,,GSM3394420,SINGLE,Bisulfite-Seq,RANDOM,SRS3796516,SRX4710817,GSM3394420: Mouse_Lung_SH007; Mus musculus; Bisulfite-Seq,SAMN10085278,PRJNA491712,1238072039,mapped
GSE120137,SRR7871739,/data/mouse_methyl/raw/GSE120137/fastq/SRR7871739.fastq,1,3866091644,,GSM3394421,SINGLE,Bisulfite-Seq,RANDOM,SRS3796517,SRX4710818,GSM3394421: Mouse_Lung_SH008; Mus musculus; Bisulfite-Seq,SAMN10085277,PRJNA491712,1239248992,mapped
GSE120137,SRR7871740,/data/mouse_methyl/raw/GSE120137/fastq/SRR7871740.fastq,1,3566476552,,GSM3394422,SINGLE,Bisulfite-Seq,RANDOM,SRS3796518,SRX4710819,GSM3394422: Mouse_Lung_SH009; Mus musculus; Bisulfite-Seq,SAMN10085276,PRJNA491712,1143737534,mapped
GSE120137,SRR7871741,/data/mouse_methyl/raw/GSE120137/fastq/SRR7871741.fastq,1,4418701950,,GSM3394423,SINGLE,Bisulfite-Seq,RANDOM,SRS3796515,SRX4710820,GSM3394423: Mouse_Lung_SH010; Mus musculus; Bisulfite-Seq,SAMN10085275,PRJNA491712,1415287548,mapped
GSE120137,SRR7871742,/data/mouse_methyl/raw/GSE120137/fastq/SRR7871742.fastq,1,3312340352,,GSM3394424,SINGLE,Bisulfite-Seq,RANDOM,SRS3796519,SRX4710821,GSM3394424: Mouse_Lung_SH011; Mus musculus; Bisulfite-Seq,SAMN10085274,PRJNA491712,1062734322,mapped
GSE120137,SRR7871743,/data/mouse_methyl/raw/GSE120137/fastq/SRR7871743.fastq,1,3351522010,,GSM3394425,SINGLE,Bisulfite-Seq,RANDOM,SRS3796520,SRX4710822,GSM3394425: Mouse_Lung_SH012; Mus musculus; Bisulfite-Seq,SAMN10085318,PRJNA491712,1075235193,mapped
GSE120137,SRR7871744,/data/mouse_methyl/raw/GSE120137/fastq/SRR7871744.fastq,1,3619598540,,GSM3394426,SINGLE,Bisulfite-Seq,RANDOM,SRS3796521,SRX4710823,GSM3394426: Mouse_Lung_SH013; Mus musculus; Bisulfite-Seq,SAMN10085317,PRJNA491712,1160567568,mapped
GSE120137,SRR7871745,/data/mouse_methyl/raw/GSE120137/fastq/SRR7871745.fastq,1,2549176862,,GSM3394427,SINGLE,Bisulfite-Seq,RANDOM,SRS3796524,SRX4710824,GSM3394427: Mouse_Lung_SH014; Mus musculus; Bisulfite-Seq,SAMN10085316,PRJNA491712,818265539,mapped
GSE120137,SRR7871746,/data/mouse_methyl/raw/GSE120137/fastq/SRR7871746.fastq,1,4090607588,,GSM3394428,SINGLE,Bisulfite-Seq,RANDOM,SRS3796523,SRX4710825,GSM3394428: Mouse_Lung_SH015; Mus musculus; Bisulfite-Seq,SAMN10085315,PRJNA491712,1310651447,mapped
GSE120137,SRR7871747,/data/mouse_methyl/raw/GSE120137/fastq/SRR7871747.fastq,1,4006378178,,GSM3394429,SINGLE,Bisulfite-Seq,RANDOM,SRS3796522,SRX4710826,GSM3394429: Mouse_Lung_SH016; Mus musculus; Bisulfite-Seq,SAMN10085314,PRJNA491712,1283880084,mapped
GSE120137,SRR7871748,/data/mouse_methyl/raw/GSE120137/fastq/SRR7871748.fastq,1,4544046712,,GSM3394430,SINGLE,Bisulfite-Seq,RANDOM,SRS3796526,SRX4710827,GSM3394430: Mouse_Lung_SH017; Mus musculus; Bisulfite-Seq,SAMN10085313,PRJNA491712,1455540593,mapped
GSE120137,SRR7871749,/data/mouse_methyl/raw/GSE120137/fastq/SRR7871749.fastq,1,4122757440,,GSM3394431,SINGLE,Bisulfite-Seq,RANDOM,SRS3796525,SRX4710828,GSM3394431: Mouse_Lung_SH018; Mus musculus; Bisulfite-Seq,SAMN10085312,PRJNA491712,1321351185,mapped
GSE120137,SRR7871750,/data/mouse_methyl/raw/GSE120137/fastq/SRR7871750.fastq,1,5393341496,,GSM3394432,SINGLE,Bisulfite-Seq,RANDOM,SRS3796527,SRX4710829,GSM3394432: Mouse_Lung_SH019; Mus musculus; Bisulfite-Seq,SAMN10085311,PRJNA491712,1726390980,mapped
GSE120137,SRR7871751,/data/mouse_methyl/raw/GSE120137/fastq/SRR7871751.fastq,1,4766376420,,GSM3394433,SINGLE,Bisulfite-Seq,RANDOM,SRS3796529,SRX4710830,GSM3394433: Mouse_Lung_SH020; Mus musculus; Bisulfite-Seq,SAMN10085310,PRJNA491712,1526464914,mapped
GSE120137,SRR7871752,/data/mouse_methyl/raw/GSE120137/fastq/SRR7871752.fastq,1,3126418632,,GSM3394434,SINGLE,Bisulfite-Seq,RANDOM,SRS3796531,SRX4710831,GSM3394434: Mouse_Lung_SH021; Mus musculus; Bisulfite-Seq,SAMN10085309,PRJNA491712,1003606700,mapped
GSE120137,SRR7871753,/data/mouse_methyl/raw/GSE120137/fastq/SRR7871753.fastq,1,3537760286,,GSM3394435,SINGLE,Bisulfite-Seq,RANDOM,SRS3796528,SRX4710832,GSM3394435: Mouse_Lung_SH022; Mus musculus; Bisulfite-Seq,SAMN10085308,PRJNA491712,1134793479,mapped
GSE120137,SRR7871754,/data/mouse_methyl/raw/GSE120137/fastq/SRR7871754.fastq,1,3373668326,,GSM3394436,SINGLE,Bisulfite-Seq,RANDOM,SRS3796530,SRX4710833,GSM3394436: Mouse_Lung_SH023; Mus musculus; Bisulfite-Seq,SAMN10085307,PRJNA491712,1082475479,mapped
GSE120137,SRR7871755,/data/mouse_methyl/raw/GSE120137/fastq/SRR7871755.fastq,1,4215270214,,GSM3394437,SINGLE,Bisulfite-Seq,RANDOM,SRS3796532,SRX4710834,GSM3394437: Mouse_Lung_SH024; Mus musculus; Bisulfite-Seq,SAMN10085306,PRJNA491712,1350780969,mapped
GSE120137,SRR7871794,/data/mouse_methyl/raw/GSE120137/fastq/SRR7871794.fastq,1,4754555980,,GSM3394476,SINGLE,Bisulfite-Seq,RANDOM,SRS3796570,SRX4710873,GSM3394476: Mouse_Muscle_SH006; Mus musculus; Bisulfite-Seq,SAMN10085391,PRJNA491712,1522521874,mapped
GSE120137,SRR7871795,/data/mouse_methyl/raw/GSE120137/fastq/SRR7871795.fastq,1,5786877768,,GSM3394477,SINGLE,Bisulfite-Seq,RANDOM,SRS3796572,SRX4710874,GSM3394477: Mouse_Muscle_SH007; Mus musculus; Bisulfite-Seq,SAMN10085390,PRJNA491712,1851666532,mapped
GSE120137,SRR7871796,/data/mouse_methyl/raw/GSE120137/fastq/SRR7871796.fastq,1,5726578832,,GSM3394478,SINGLE,Bisulfite-Seq,RANDOM,SRS3796573,SRX4710875,GSM3394478: Mouse_Muscle_SH008; Mus musculus; Bisulfite-Seq,SAMN10085384,PRJNA491712,1832427244,mapped
GSE120137,SRR7871797,/data/mouse_methyl/raw/GSE120137/fastq/SRR7871797.fastq,1,5636497840,,GSM3394479,SINGLE,Bisulfite-Seq,RANDOM,SRS3796574,SRX4710876,GSM3394479: Mouse_Muscle_SH009; Mus musculus; Bisulfite-Seq,SAMN10085383,PRJNA491712,1803734760,mapped
GSE120137,SRR7871798,/data/mouse_methyl/raw/GSE120137/fastq/SRR7871798.fastq,1,5833002108,,GSM3394480,SINGLE,Bisulfite-Seq,RANDOM,SRS3796575,SRX4710877,GSM3394480: Mouse_Muscle_SH010; Mus musculus; Bisulfite-Seq,SAMN10085382,PRJNA491712,1866283757,mapped
GSE120137,SRR7871799,/data/mouse_methyl/raw/GSE120137/fastq/SRR7871799.fastq,1,5985088832,,GSM3394481,SINGLE,Bisulfite-Seq,RANDOM,SRS3796578,SRX4710878,GSM3394481: Mouse_Muscle_SH011; Mus musculus; Bisulfite-Seq,SAMN10085381,PRJNA491712,1914678917,mapped
GSE120137,SRR7871800,/data/mouse_methyl/raw/GSE120137/fastq/SRR7871800.fastq,1,6818276562,,GSM3394482,SINGLE,Bisulfite-Seq,RANDOM,SRS3796577,SRX4710879,GSM3394482: Mouse_Muscle_SH012; Mus musculus; Bisulfite-Seq,SAMN10085380,PRJNA491712,2180280435,mapped
GSE120137,SRR7871801,/data/mouse_methyl/raw/GSE120137/fastq/SRR7871801.fastq,1,6936676490,,GSM3394483,SINGLE,Bisulfite-Seq,RANDOM,SRS3796576,SRX4710880,GSM3394483: Mouse_Muscle_SH013; Mus musculus; Bisulfite-Seq,SAMN10085379,PRJNA491712,2218106652,mapped
GSE120137,SRR7871802,/data/mouse_methyl/raw/GSE120137/fastq/SRR7871802.fastq,1,6612110166,,GSM3394484,SINGLE,Bisulfite-Seq,RANDOM,SRS3796579,SRX4710881,GSM3394484: Mouse_Muscle_SH014; Mus musculus; Bisulfite-Seq,SAMN10085378,PRJNA491712,2114769512,mapped
GSE120137,SRR7871803,/data/mouse_methyl/raw/GSE120137/fastq/SRR7871803.fastq,1,9223087532,,GSM3394485,SINGLE,Bisulfite-Seq,RANDOM,SRS3796580,SRX4710882,GSM3394485: Mouse_Muscle_SH015; Mus musculus; Bisulfite-Seq,SAMN10085377,PRJNA491712,2946939014,mapped
GSE120137,SRR7871805,/data/mouse_methyl/raw/GSE120137/fastq/SRR7871805.fastq,1,3464873028,,GSM3394487,SINGLE,Bisulfite-Seq,RANDOM,SRS3796583,SRX4710884,GSM3394487: Mouse_Muscle_SH017; Mus musculus; Bisulfite-Seq,SAMN10085375,PRJNA491712,1111607717,mapped
GSE120137,SRR7871806,/data/mouse_methyl/raw/GSE120137/fastq/SRR7871806.fastq,1,3569339000,,GSM3394488,SINGLE,Bisulfite-Seq,RANDOM,SRS3796587,SRX4710885,GSM3394488: Mouse_Muscle_SH018; Mus musculus; Bisulfite-Seq,SAMN10085374,PRJNA491712,1144938121,mapped
GSE120137,SRR7871807,/data/mouse_methyl/raw/GSE120137/fastq/SRR7871807.fastq,1,4084952576,,GSM3394489,SINGLE,Bisulfite-Seq,RANDOM,SRS3796582,SRX4710886,GSM3394489: Mouse_Muscle_SH019; Mus musculus; Bisulfite-Seq,SAMN10085373,PRJNA491712,1309271585,mapped
GSE120137,SRR7871808,/data/mouse_methyl/raw/GSE120137/fastq/SRR7871808.fastq,1,4990444090,,GSM3394490,SINGLE,Bisulfite-Seq,RANDOM,SRS3796585,SRX4710887,GSM3394490: Mouse_Muscle_SH020; Mus musculus; Bisulfite-Seq,SAMN10085372,PRJNA491712,1597916960,mapped
GSE120137,SRR7871809,/data/mouse_methyl/raw/GSE120137/fastq/SRR7871809.fastq,1,4207163554,,GSM3394491,SINGLE,Bisulfite-Seq,RANDOM,SRS3796586,SRX4710888,GSM3394491: Mouse_Muscle_SH021; Mus musculus; Bisulfite-Seq,SAMN10085418,PRJNA491712,1348279098,mapped
GSE120137,SRR7871810,/data/mouse_methyl/raw/GSE120137/fastq/SRR7871810.fastq,1,4557530076,,GSM3394492,SINGLE,Bisulfite-Seq,RANDOM,SRS3796584,SRX4710889,GSM3394492: Mouse_Muscle_SH022; Mus musculus; Bisulfite-Seq,SAMN10085417,PRJNA491712,1459981967,mapped
GSE120137,SRR7871811,/data/mouse_methyl/raw/GSE120137/fastq/SRR7871811.fastq,1,4720163566,,GSM3394493,SINGLE,Bisulfite-Seq,RANDOM,SRS3796588,SRX4710890,GSM3394493: Mouse_Muscle_SH023; Mus musculus; Bisulfite-Seq,SAMN10085416,PRJNA491712,1511747497,mapped
GSE120137,SRR7871812,/data/mouse_methyl/raw/GSE120137/fastq/SRR7871812.fastq,1,5421099384,,GSM3394494,SINGLE,Bisulfite-Seq,RANDOM,SRS3796590,SRX4710891,GSM3394494: Mouse_Muscle_SH024; Mus musculus; Bisulfite-Seq,SAMN10085415,PRJNA491712,1735206159,mapped
GSE120137,SRR7871813,/data/mouse_methyl/raw/GSE120137/fastq/SRR7871813.fastq,1,4934882190,,GSM3394495,SINGLE,Bisulfite-Seq,RANDOM,SRS3796592,SRX4710892,GSM3394495: Mouse_Muscle_SH025; Mus musculus; Bisulfite-Seq,SAMN10085414,PRJNA491712,1580214690,mapped
GSE120137,SRR7871814,/data/mouse_methyl/raw/GSE120137/fastq/SRR7871814.fastq,1,5584494816,,GSM3394496,SINGLE,Bisulfite-Seq,RANDOM,SRS3796591,SRX4710893,GSM3394496: Mouse_Muscle_SH026; Mus musculus; Bisulfite-Seq,SAMN10085413,PRJNA491712,1787317917,mapped
GSE120137,SRR7871815,/data/mouse_methyl/raw/GSE120137/fastq/SRR7871815.fastq,1,5818924948,,GSM3394497,SINGLE,Bisulfite-Seq,RANDOM,SRS3796589,SRX4710894,GSM3394497: Mouse_Muscle_SH027; Mus musculus; Bisulfite-Seq,SAMN10085412,PRJNA491712,1862205276,mapped
GSE120137,SRR7871816,/data/mouse_methyl/raw/GSE120137/fastq/SRR7871816.fastq,1,5107040076,,GSM3394498,SINGLE,Bisulfite-Seq,RANDOM,SRS3796596,SRX4710895,GSM3394498: Mouse_Muscle_SH028; Mus musculus; Bisulfite-Seq,SAMN10085411,PRJNA491712,1635083243,mapped
GSE120137,SRR7871817,/data/mouse_methyl/raw/GSE120137/fastq/SRR7871817.fastq,1,5824295942,,GSM3394499,SINGLE,Bisulfite-Seq,RANDOM,SRS3796593,SRX4710896,GSM3394499: Mouse_Muscle_SH029; Mus musculus; Bisulfite-Seq,SAMN10085410,PRJNA491712,1863732093,mapped
GSE120137,SRR7871818,/data/mouse_methyl/raw/GSE120137/fastq/SRR7871818.fastq,1,5710959972,,GSM3394500,SINGLE,Bisulfite-Seq,RANDOM,SRS3796595,SRX4710897,GSM3394500: Mouse_Muscle_SH030; Mus musculus; Bisulfite-Seq,SAMN10085408,PRJNA491712,1827632875,mapped
GSE120137,SRR7871819,/data/mouse_methyl/raw/GSE120137/fastq/SRR7871819.fastq,1,5988783534,,GSM3394501,SINGLE,Bisulfite-Seq,RANDOM,SRS3796594,SRX4710898,GSM3394501: Mouse_Muscle_SH031; Mus musculus; Bisulfite-Seq,SAMN10085407,PRJNA491712,1916252093,mapped
GSE120137,SRR7871820,/data/mouse_methyl/raw/GSE120137/fastq/SRR7871820.fastq,1,6116230998,,GSM3394502,SINGLE,Bisulfite-Seq,RANDOM,SRS3796597,SRX4710899,GSM3394502: Mouse_Muscle_SH032; Mus musculus; Bisulfite-Seq,SAMN10085406,PRJNA491712,1956642902,mapped
GSE120137,SRR7871821,/data/mouse_methyl/raw/GSE120137/fastq/SRR7871821.fastq,1,4242758922,,GSM3394503,SINGLE,Bisulfite-Seq,RANDOM,SRS3796598,SRX4710900,GSM3394503: Mouse_Muscle_SH033; Mus musculus; Bisulfite-Seq,SAMN10085405,PRJNA491712,1359426872,mapped
GSE120137,SRR7871822,/data/mouse_methyl/raw/GSE120137/fastq/SRR7871822.fastq,1,4794164994,,GSM3394504,SINGLE,Bisulfite-Seq,RANDOM,SRS3796599,SRX4710901,GSM3394504: Mouse_Muscle_SH034; Mus musculus; Bisulfite-Seq,SAMN10085404,PRJNA491712,1535232522,mapped
GSE120137,SRR7871823,/data/mouse_methyl/raw/GSE120137/fastq/SRR7871823.fastq,1,4298237232,,GSM3394505,SINGLE,Bisulfite-Seq,RANDOM,SRS3796600,SRX4710902,GSM3394505: Mouse_Muscle_SH035; Mus musculus; Bisulfite-Seq,SAMN10085403,PRJNA491712,1377143484,mapped
GSE120137,SRR7871824,/data/mouse_methyl/raw/GSE120137/fastq/SRR7871824.fastq,1,5368130338,,GSM3394506,SINGLE,Bisulfite-Seq,RANDOM,SRS3796601,SRX4710903,GSM3394506: Mouse_Muscle_SH036; Mus musculus; Bisulfite-Seq,SAMN10085409,PRJNA491712,1718156551,mapped
GSE120137,SRR7871825,/data/mouse_methyl/raw/GSE120137/fastq/SRR7871825.fastq,1,3730621170,,GSM3394507,SINGLE,Bisulfite-Seq,RANDOM,SRS3796602,SRX4710904,GSM3394507: Mouse_Muscle_SH037; Mus musculus; Bisulfite-Seq,SAMN10085402,PRJNA491712,1196229456,mapped
GSE120137,SRR7871843,/data/mouse_methyl/raw/GSE120137/fastq/SRR7871843.fastq,1,5221579750,,GSM3394525,SINGLE,Bisulfite-Seq,RANDOM,SRS3796620,SRX4710922,GSM3394525: Mouse_Muscle_SH055; Mus musculus; Bisulfite-Seq,SAMN10085433,PRJNA491712,1671504146,mapped
GSE120137,SRR7871844,/data/mouse_methyl/raw/GSE120137/fastq/SRR7871844.fastq,1,4955136310,,GSM3394526,SINGLE,Bisulfite-Seq,RANDOM,SRS3796621,SRX4710923,GSM3394526: Mouse_Muscle_SH056; Mus musculus; Bisulfite-Seq,SAMN10085432,PRJNA491712,1586565469,mapped
GSE120137,SRR7871845,/data/mouse_methyl/raw/GSE120137/fastq/SRR7871845.fastq,1,6741758956,,GSM3394527,SINGLE,Bisulfite-Seq,RANDOM,SRS3796622,SRX4710924,GSM3394527: Mouse_Muscle_SH057; Mus musculus; Bisulfite-Seq,SAMN10085431,PRJNA491712,2156077603,mapped
GSE120137,SRR7871846,/data/mouse_methyl/raw/GSE120137/fastq/SRR7871846.fastq,1,5569686690,,GSM3394528,SINGLE,Bisulfite-Seq,RANDOM,SRS3796629,SRX4710925,GSM3394528: Mouse_Muscle_SH058; Mus musculus; Bisulfite-Seq,SAMN10085430,PRJNA491712,1782491632,mapped
GSE120137,SRR7871847,/data/mouse_methyl/raw/GSE120137/fastq/SRR7871847.fastq,1,6682367110,,GSM3394529,SINGLE,Bisulfite-Seq,RANDOM,SRS3796626,SRX4710926,GSM3394529: Mouse_Muscle_SH059; Mus musculus; Bisulfite-Seq,SAMN10085521,PRJNA491712,2137293724,mapped
GSE120137,SRR7871848,/data/mouse_methyl/raw/GSE120137/fastq/SRR7871848.fastq,1,6686616404,,GSM3394530,SINGLE,Bisulfite-Seq,RANDOM,SRS3796624,SRX4710927,GSM3394530: Mouse_Muscle_SH060; Mus musculus; Bisulfite-Seq,SAMN10085520,PRJNA491712,2138486635,mapped
GSE120137,SRR7871849,/data/mouse_methyl/raw/GSE120137/fastq/SRR7871849.fastq,1,7305617520,,GSM3394531,SINGLE,Bisulfite-Seq,RANDOM,SRS3796630,SRX4710928,GSM3394531: GES15-03314-DO-0809; Mus musculus; Bisulfite-Seq,SAMN10085519,PRJNA491712,2075955400,mapped
GSE120137,SRR7871850,/data/mouse_methyl/raw/GSE120137/fastq/SRR7871850_2.fastq,1,1865434556,2,GSM3394531,SINGLE,Bisulfite-Seq,RANDOM,SRS3796630,SRX4710928,GSM3394531: GES15-03314-DO-0809; Mus musculus; Bisulfite-Seq,SAMN10085519,PRJNA491712,124557324,mapped
GSE120137,SRR7871851,/data/mouse_methyl/raw/GSE120137/fastq/SRR7871851.fastq,1,7424911122,,GSM3394532,SINGLE,Bisulfite-Seq,RANDOM,SRS3796628,SRX4710929,GSM3394532: GES15-03315-DO-1248; Mus musculus; Bisulfite-Seq,SAMN10085518,PRJNA491712,2109758400,mapped
GSE120137,SRR7871852,/data/mouse_methyl/raw/GSE120137/fastq/SRR7871852_2.fastq,1,1896533316,2,GSM3394532,SINGLE,Bisulfite-Seq,RANDOM,SRS3796628,SRX4710929,GSM3394532: GES15-03315-DO-1248; Mus musculus; Bisulfite-Seq,SAMN10085518,PRJNA491712,126585504,mapped
GSE120137,SRR7871853,/data/mouse_methyl/raw/GSE120137/fastq/SRR7871853.fastq,1,6861198354,,GSM3394533,SINGLE,Bisulfite-Seq,RANDOM,SRS3796631,SRX4710930,GSM3394533: GES15-03316-DO-0758; Mus musculus; Bisulfite-Seq,SAMN10085517,PRJNA491712,1950056800,mapped
GSE120137,SRR7871854,/data/mouse_methyl/raw/GSE120137/fastq/SRR7871854_2.fastq,1,1749607844,2,GSM3394533,SINGLE,Bisulfite-Seq,RANDOM,SRS3796631,SRX4710930,GSM3394533: GES15-03316-DO-0758; Mus musculus; Bisulfite-Seq,SAMN10085517,PRJNA491712,117003408,mapped
GSE120137,SRR7871855,/data/mouse_methyl/raw/GSE120137/fastq/SRR7871855.fastq,1,7607017594,,GSM3394534,SINGLE,Bisulfite-Seq,RANDOM,SRS3796625,SRX4710931,GSM3394534: GES15-03317-DO-0744; Mus musculus; Bisulfite-Seq,SAMN10085516,PRJNA491712,2161345200,mapped
GSE120137,SRR7871856,/data/mouse_methyl/raw/GSE120137/fastq/SRR7871856_2.fastq,1,1943993172,2,GSM3394534,SINGLE,Bisulfite-Seq,RANDOM,SRS3796625,SRX4710931,GSM3394534: GES15-03317-DO-0744; Mus musculus; Bisulfite-Seq,SAMN10085516,PRJNA491712,129680712,mapped
GSE120137,SRR7871857,/data/mouse_methyl/raw/GSE120137/fastq/SRR7871857.fastq,1,6462009526,,GSM3394535,SINGLE,Bisulfite-Seq,RANDOM,SRS3796623,SRX4710932,GSM3394535: GES15-03318-DO-1119; Mus musculus; Bisulfite-Seq,SAMN10085515,PRJNA491712,1836965800,mapped
GSE120137,SRR7871858,/data/mouse_methyl/raw/GSE120137/fastq/SRR7871858_2.fastq,1,1645564124,2,GSM3394535,SINGLE,Bisulfite-Seq,RANDOM,SRS3796623,SRX4710932,GSM3394535: GES15-03318-DO-1119; Mus musculus; Bisulfite-Seq,SAMN10085515,PRJNA491712,110217948,mapped
GSE120137,SRR7871859,/data/mouse_methyl/raw/GSE120137/fastq/SRR7871859.fastq,1,7256554726,,GSM3394536,SINGLE,Bisulfite-Seq,RANDOM,SRS3796627,SRX4710933,GSM3394536: GES15-03319-DO-0821; Mus musculus; Bisulfite-Seq,SAMN10085514,PRJNA491712,2062065500,mapped
GSE120137,SRR7871860,/data/mouse_methyl/raw/GSE120137/fastq/SRR7871860_2.fastq,1,1852655848,2,GSM3394536,SINGLE,Bisulfite-Seq,RANDOM,SRS3796627,SRX4710933,GSM3394536: GES15-03319-DO-0821; Mus musculus; Bisulfite-Seq,SAMN10085514,PRJNA491712,123723930,mapped
GSE120137,SRR7871861,/data/mouse_methyl/raw/GSE120137/fastq/SRR7871861.fastq,1,6975599396,,GSM3394537,SINGLE,Bisulfite-Seq,RANDOM,SRS3796633,SRX4710934,GSM3394537: GES15-03320-DO-1297; Mus musculus; Bisulfite-Seq,SAMN10085513,PRJNA491712,1982465800,mapped
GSE120137,SRR7871862,/data/mouse_methyl/raw/GSE120137/fastq/SRR7871862_2.fastq,1,1779424124,2,GSM3394537,SINGLE,Bisulfite-Seq,RANDOM,SRS3796633,SRX4710934,GSM3394537: GES15-03320-DO-1297; Mus musculus; Bisulfite-Seq,SAMN10085513,PRJNA491712,118947948,mapped
GSE120137,SRR7871863,/data/mouse_methyl/raw/GSE120137/fastq/SRR7871863.fastq,1,7863889096,,GSM3394538,SINGLE,Bisulfite-Seq,RANDOM,SRS3796632,SRX4710935,GSM3394538: GES15-03321-DO-1208; Mus musculus; Bisulfite-Seq,SAMN10085512,PRJNA491712,2234118800,mapped
GSE120137,SRR7871864,/data/mouse_methyl/raw/GSE120137/fastq/SRR7871864_2.fastq,1,2010944884,2,GSM3394538,SINGLE,Bisulfite-Seq,RANDOM,SRS3796632,SRX4710935,GSM3394538: GES15-03321-DO-1208; Mus musculus; Bisulfite-Seq,SAMN10085512,PRJNA491712,134047128,mapped
GSE120137,SRR7871865,/data/mouse_methyl/raw/GSE120137/fastq/SRR7871865.fastq,1,8424783566,,GSM3394539,SINGLE,Bisulfite-Seq,RANDOM,SRS3796635,SRX4710936,GSM3394539: GES15-03322-DO-1067; Mus musculus; Bisulfite-Seq,SAMN10085511,PRJNA491712,2393013400,mapped
GSE120137,SRR7871866,/data/mouse_methyl/raw/GSE120137/fastq/SRR7871866_2.fastq,1,2157127916,2,GSM3394539,SINGLE,Bisulfite-Seq,RANDOM,SRS3796635,SRX4710936,GSM3394539: GES15-03322-DO-1067; Mus musculus; Bisulfite-Seq,SAMN10085511,PRJNA491712,143580804,mapped
GSE120137,SRR7871867,/data/mouse_methyl/raw/GSE120137/fastq/SRR7871867.fastq,1,7234027328,,GSM3394540,SINGLE,Bisulfite-Seq,RANDOM,SRS3796634,SRX4710937,GSM3394540: GES15-03323-DO-0712; Mus musculus; Bisulfite-Seq,SAMN10085510,PRJNA491712,2055673900,mapped
GSE120137,SRR7871868,/data/mouse_methyl/raw/GSE120137/fastq/SRR7871868_2.fastq,1,1846775576,2,GSM3394540,SINGLE,Bisulfite-Seq,RANDOM,SRS3796634,SRX4710937,GSM3394540: GES15-03323-DO-0712; Mus musculus; Bisulfite-Seq,SAMN10085510,PRJNA491712,123340434,mapped
GSE120137,SRR7871869,/data/mouse_methyl/raw/GSE120137/fastq/SRR7871869.fastq,1,8049908812,,GSM3394541,SINGLE,Bisulfite-Seq,RANDOM,SRS3796636,SRX4710938,GSM3394541: GES15-03324-DO-1222; Mus musculus; Bisulfite-Seq,SAMN10085509,PRJNA491712,2286819300,mapped
GSE120137,SRR7871870,/data/mouse_methyl/raw/GSE120137/fastq/SRR7871870_2.fastq,1,2059429344,2,GSM3394541,SINGLE,Bisulfite-Seq,RANDOM,SRS3796636,SRX4710938,GSM3394541: GES15-03324-DO-1222; Mus musculus; Bisulfite-Seq,SAMN10085509,PRJNA491712,137209158,mapped
GSE120137,SRR7871871,/data/mouse_methyl/raw/GSE120137/fastq/SRR7871871.fastq,1,6708394402,,GSM3394542,SINGLE,Bisulfite-Seq,RANDOM,SRS3796639,SRX4710939,GSM3394542: GES15-03325-DO-1243; Mus musculus; Bisulfite-Seq,SAMN10085508,PRJNA491712,1906764400,mapped
GSE120137,SRR7871872,/data/mouse_methyl/raw/GSE120137/fastq/SRR7871872_2.fastq,1,1709778836,2,GSM3394542,SINGLE,Bisulfite-Seq,RANDOM,SRS3796639,SRX4710939,GSM3394542: GES15-03325-DO-1243; Mus musculus; Bisulfite-Seq,SAMN10085508,PRJNA491712,114405864,mapped
GSE120137,SRR7871873,/data/mouse_methyl/raw/GSE120137/fastq/SRR7871873.fastq,1,6748817082,,GSM3394543,SINGLE,Bisulfite-Seq,RANDOM,SRS3796637,SRX4710940,GSM3394543: GES15-03326-DO-1249; Mus musculus; Bisulfite-Seq,SAMN10085507,PRJNA491712,1918224300,mapped
GSE120137,SRR7871874,/data/mouse_methyl/raw/GSE120137/fastq/SRR7871874_2.fastq,1,1720321944,2,GSM3394543,SINGLE,Bisulfite-Seq,RANDOM,SRS3796637,SRX4710940,GSM3394543: GES15-03326-DO-1249; Mus musculus; Bisulfite-Seq,SAMN10085507,PRJNA491712,115093458,mapped
GSE120137,SRR7871876,/data/mouse_methyl/raw/GSE120137/fastq/SRR7871876_2.fastq,1,1737098236,2,GSM3394544,SINGLE,Bisulfite-Seq,RANDOM,SRS3796638,SRX4710941,GSM3394544: GES15-03327-DO-1251; Mus musculus; Bisulfite-Seq,SAMN10085506,PRJNA491712,116187564,mapped
GSE120137,SRR7871877,/data/mouse_methyl/raw/GSE120137/fastq/SRR7871877.fastq,1,6769572384,,GSM3394545,SINGLE,Bisulfite-Seq,RANDOM,SRS3796640,SRX4710942,GSM3394545: GES15-03328-DO-0674; Mus musculus; Bisulfite-Seq,SAMN10085505,PRJNA491712,1924107500,mapped
GSE120137,SRR7871878,/data/mouse_methyl/raw/GSE120137/fastq/SRR7871878_2.fastq,1,1725734488,2,GSM3394545,SINGLE,Bisulfite-Seq,RANDOM,SRS3796640,SRX4710942,GSM3394545: GES15-03328-DO-0674; Mus musculus; Bisulfite-Seq,SAMN10085505,PRJNA491712,115446450,mapped
GSE120137,SRR7871879,/data/mouse_methyl/raw/GSE120137/fastq/SRR7871879.fastq,1,6815402832,,GSM3394546,SINGLE,Bisulfite-Seq,RANDOM,SRS3796642,SRX4710943,GSM3394546: GES15-03329-DO-0686; Mus musculus; Bisulfite-Seq,SAMN10085504,PRJNA491712,1937095600,mapped
GSE120137,SRR7871880,/data/mouse_methyl/raw/GSE120137/fastq/SRR7871880_2.fastq,1,1737683540,2,GSM3394546,SINGLE,Bisulfite-Seq,RANDOM,SRS3796642,SRX4710943,GSM3394546: GES15-03329-DO-0686; Mus musculus; Bisulfite-Seq,SAMN10085504,PRJNA491712,116225736,mapped
GSE120137,SRR7871881,/data/mouse_methyl/raw/GSE120137/fastq/SRR7871881.fastq,1,7415314240,,GSM3394547,SINGLE,Bisulfite-Seq,RANDOM,SRS3796641,SRX4710944,GSM3394547: GES15-03330-DO-0721; Mus musculus; Bisulfite-Seq,SAMN10085503,PRJNA491712,2107042700,mapped
GSE120137,SRR7871882,/data/mouse_methyl/raw/GSE120137/fastq/SRR7871882_2.fastq,1,1894034872,2,GSM3394547,SINGLE,Bisulfite-Seq,RANDOM,SRS3796641,SRX4710944,GSM3394547: GES15-03330-DO-0721; Mus musculus; Bisulfite-Seq,SAMN10085503,PRJNA491712,126422562,mapped
GSE120137,SRR7871883,/data/mouse_methyl/raw/GSE120137/fastq/SRR7871883.fastq,1,7617846110,,GSM3394548,SINGLE,Bisulfite-Seq,RANDOM,SRS3796644,SRX4710945,GSM3394548: GES15-03331-DO-1209; Mus musculus; Bisulfite-Seq,SAMN10085502,PRJNA491712,2164423900,mapped
GSE120137,SRR7871884,/data/mouse_methyl/raw/GSE120137/fastq/SRR7871884_2.fastq,1,1946825576,2,GSM3394548,SINGLE,Bisulfite-Seq,RANDOM,SRS3796644,SRX4710945,GSM3394548: GES15-03331-DO-1209; Mus musculus; Bisulfite-Seq,SAMN10085502,PRJNA491712,129865434,mapped
GSE120137,SRR7871885,/data/mouse_methyl/raw/GSE120137/fastq/SRR7871885.fastq,1,6487962524,,GSM3394549,SINGLE,Bisulfite-Seq,RANDOM,SRS3796643,SRX4710946,GSM3394549: GES15-03332-DO-0923; Mus musculus; Bisulfite-Seq,SAMN10085501,PRJNA491712,1844327200,mapped
GSE120137,SRR7871886,/data/mouse_methyl/raw/GSE120137/fastq/SRR7871886_2.fastq,1,1652336612,2,GSM3394549,SINGLE,Bisulfite-Seq,RANDOM,SRS3796643,SRX4710946,GSM3394549: GES15-03332-DO-0923; Mus musculus; Bisulfite-Seq,SAMN10085501,PRJNA491712,110659632,mapped
GSE120137,SRR7871888,/data/mouse_methyl/raw/GSE120137/fastq/SRR7871888_2.fastq,1,1609089528,2,GSM3394550,SINGLE,Bisulfite-Seq,RANDOM,SRS3796645,SRX4710947,GSM3394550: GES15-03333-DO-0945; Mus musculus; Bisulfite-Seq,SAMN10085500,PRJNA491712,107839170,mapped
GSE120137,SRR7871890,/data/mouse_methyl/raw/GSE120137/fastq/SRR7871890_2.fastq,1,1510552376,2,GSM3394551,SINGLE,Bisulfite-Seq,RANDOM,SRS3796646,SRX4710948,GSM3394551: GES15-03334-DO-0673; Mus musculus; Bisulfite-Seq,SAMN10085499,PRJNA491712,101412834,mapped
GSE120137,SRR7871892,/data/mouse_methyl/raw/GSE120137/fastq/SRR7871892_2.fastq,1,1830341800,2,GSM3394552,SINGLE,Bisulfite-Seq,RANDOM,SRS3796647,SRX4710949,GSM3394552: GES15-03335-DO-0766; Mus musculus; Bisulfite-Seq,SAMN10085498,PRJNA491712,122268666,mapped
GSE120137,SRR7871894,/data/mouse_methyl/raw/GSE120137/fastq/SRR7871894_2.fastq,1,1575218348,2,GSM3394553,SINGLE,Bisulfite-Seq,RANDOM,SRS3796649,SRX4710950,GSM3394553: GES15-03336-DO-0817; Mus musculus; Bisulfite-Seq,SAMN10085527,PRJNA491712,105630180,mapped
GSE120137,SRR7871896,/data/mouse_methyl/raw/GSE120137/fastq/SRR7871896_2.fastq,1,1835067748,2,GSM3394554,SINGLE,Bisulfite-Seq,RANDOM,SRS3796648,SRX4710951,GSM3394554: GES15-03337-DO-0980; Mus musculus; Bisulfite-Seq,SAMN10085526,PRJNA491712,122576880,mapped
GSE120137,SRR7871898,/data/mouse_methyl/raw/GSE120137/fastq/SRR7871898_2.fastq,1,1819066556,2,GSM3394555,SINGLE,Bisulfite-Seq,RANDOM,SRS3796651,SRX4710952,GSM3394555: GES15-03338-DO-1160; Mus musculus; Bisulfite-Seq,SAMN10085525,PRJNA491712,121533324,mapped
GSE120137,SRR7871900,/data/mouse_methyl/raw/GSE120137/fastq/SRR7871900_2.fastq,1,1835495180,2,GSM3394556,SINGLE,Bisulfite-Seq,RANDOM,SRS3796650,SRX4710953,GSM3394556: GES15-03339-DO-1124; Mus musculus; Bisulfite-Seq,SAMN10085524,PRJNA491712,122604756,mapped
GSE120137,SRR7871901,/data/mouse_methyl/raw/GSE120137/fastq/SRR7871901.fastq,1,6724144384,,GSM3394557,SINGLE,Bisulfite-Seq,RANDOM,SRS3796652,SRX4710954,GSM3394557: GES15-03340-DO-0911; Mus musculus; Bisulfite-Seq,SAMN10085523,PRJNA491712,1911251200,mapped
GSE120137,SRR7871902,/data/mouse_methyl/raw/GSE120137/fastq/SRR7871902_2.fastq,1,1713906692,2,GSM3394557,SINGLE,Bisulfite-Seq,RANDOM,SRS3796652,SRX4710954,GSM3394557: GES15-03340-DO-0911; Mus musculus; Bisulfite-Seq,SAMN10085523,PRJNA491712,114675072,mapped
GSE120137,SRR7871903,/data/mouse_methyl/raw/GSE120137/fastq/SRR7871903.fastq,1,7059210206,,GSM3394558,SINGLE,Bisulfite-Seq,RANDOM,SRS3796653,SRX4710955,GSM3394558: GES15-03341-DO-0818; Mus musculus; Bisulfite-Seq,SAMN10085522,PRJNA491712,2006176800,mapped
GSE120137,SRR7871904,/data/mouse_methyl/raw/GSE120137/fastq/SRR7871904_2.fastq,1,1801238244,2,GSM3394558,SINGLE,Bisulfite-Seq,RANDOM,SRS3796653,SRX4710955,GSM3394558: GES15-03341-DO-0818; Mus musculus; Bisulfite-Seq,SAMN10085522,PRJNA491712,120370608,mapped
GSE120137,SRR7871905,/data/mouse_methyl/raw/GSE120137/fastq/SRR7871905.fastq,1,6864811318,,GSM3394559,SINGLE,Bisulfite-Seq,RANDOM,SRS3796654,SRX4710956,GSM3394559: GES15-03342-DO-0819; Mus musculus; Bisulfite-Seq,SAMN10085448,PRJNA491712,1951103700,mapped
GSE120137,SRR7871906,/data/mouse_methyl/raw/GSE120137/fastq/SRR7871906_2.fastq,1,1750570992,2,GSM3394559,SINGLE,Bisulfite-Seq,RANDOM,SRS3796654,SRX4710956,GSM3394559: GES15-03342-DO-0819; Mus musculus; Bisulfite-Seq,SAMN10085448,PRJNA491712,117066222,mapped
GSE120137,SRR7871907,/data/mouse_methyl/raw/GSE120137/fastq/SRR7871907.fastq,1,6057850814,,GSM3394560,SINGLE,Bisulfite-Seq,RANDOM,SRS3796655,SRX4710957,GSM3394560: GES15-03343-DO-0979; Mus musculus; Bisulfite-Seq,SAMN10085447,PRJNA491712,1722487600,mapped
GSE120137,SRR7871908,/data/mouse_methyl/raw/GSE120137/fastq/SRR7871908_2.fastq,1,1540244180,2,GSM3394560,SINGLE,Bisulfite-Seq,RANDOM,SRS3796655,SRX4710957,GSM3394560: GES15-03343-DO-0979; Mus musculus; Bisulfite-Seq,SAMN10085447,PRJNA491712,103349256,mapped
GSE120137,SRR7871909,/data/mouse_methyl/raw/GSE120137/fastq/SRR7871909.fastq,1,5921850988,,GSM3394561,SINGLE,Bisulfite-Seq,RANDOM,SRS3796656,SRX4710958,GSM3394561: GES15-03344-DO-1148; Mus musculus; Bisulfite-Seq,SAMN10085446,PRJNA491712,1683959900,mapped
GSE120137,SRR7871910,/data/mouse_methyl/raw/GSE120137/fastq/SRR7871910_2.fastq,1,1504798696,2,GSM3394561,SINGLE,Bisulfite-Seq,RANDOM,SRS3796656,SRX4710958,GSM3394561: GES15-03344-DO-1148; Mus musculus; Bisulfite-Seq,SAMN10085446,PRJNA491712,101037594,mapped
GSE120137,SRR7871911,/data/mouse_methyl/raw/GSE120137/fastq/SRR7871911.fastq,1,6975536584,,GSM3394562,SINGLE,Bisulfite-Seq,RANDOM,SRS3796658,SRX4710959,GSM3394562: GES15-03345-DO-1037; Mus musculus; Bisulfite-Seq,SAMN10085445,PRJNA491712,1982474800,mapped
GSE120137,SRR7871912,/data/mouse_methyl/raw/GSE120137/fastq/SRR7871912_2.fastq,1,1779432404,2,GSM3394562,SINGLE,Bisulfite-Seq,RANDOM,SRS3796658,SRX4710959,GSM3394562: GES15-03345-DO-1037; Mus musculus; Bisulfite-Seq,SAMN10085445,PRJNA491712,118948488,mapped
GSE120137,SRR7871913,/data/mouse_methyl/raw/GSE120137/fastq/SRR7871913.fastq,1,7637154872,,GSM3394563,SINGLE,Bisulfite-Seq,RANDOM,SRS3796657,SRX4710960,GSM3394563: GES15-03346-DO-1299; Mus musculus; Bisulfite-Seq,SAMN10085444,PRJNA491712,2169909800,mapped
GSE120137,SRR7871914,/data/mouse_methyl/raw/GSE120137/fastq/SRR7871914_2.fastq,1,1951872604,2,GSM3394563,SINGLE,Bisulfite-Seq,RANDOM,SRS3796657,SRX4710960,GSM3394563: GES15-03346-DO-1299; Mus musculus; Bisulfite-Seq,SAMN10085444,PRJNA491712,130194588,mapped
GSE120137,SRR7871915,/data/mouse_methyl/raw/GSE120137/fastq/SRR7871915.fastq,1,7058211558,,GSM3394564,SINGLE,Bisulfite-Seq,RANDOM,SRS3796659,SRX4710961,GSM3394564: GES15-03347-DO-0909; Mus musculus; Bisulfite-Seq,SAMN10085497,PRJNA491712,2005893400,mapped
GSE120137,SRR7871916,/data/mouse_methyl/raw/GSE120137/fastq/SRR7871916_2.fastq,1,1800977516,2,GSM3394564,SINGLE,Bisulfite-Seq,RANDOM,SRS3796659,SRX4710961,GSM3394564: GES15-03347-DO-0909; Mus musculus; Bisulfite-Seq,SAMN10085497,PRJNA491712,120353604,mapped
GSE120137,SRR7871917,/data/mouse_methyl/raw/GSE120137/fastq/SRR7871917.fastq,1,7509889674,,GSM3394565,SINGLE,Bisulfite-Seq,RANDOM,SRS3796660,SRX4710962,GSM3394565: GES15-03348-DO-0669; Mus musculus; Bisulfite-Seq,SAMN10085490,PRJNA491712,2133855900,mapped
GSE120137,SRR7871918,/data/mouse_methyl/raw/GSE120137/fastq/SRR7871918_2.fastq,1,1918703016,2,GSM3394565,SINGLE,Bisulfite-Seq,RANDOM,SRS3796660,SRX4710962,GSM3394565: GES15-03348-DO-0669; Mus musculus; Bisulfite-Seq,SAMN10085490,PRJNA491712,128031354,mapped
GSE120137,SRR7871919,/data/mouse_methyl/raw/GSE120137/fastq/SRR7871919.fastq,1,6899430830,,GSM3394566,SINGLE,Bisulfite-Seq,RANDOM,SRS3796661,SRX4710963,GSM3394566: GES15-03349-DO-1015; Mus musculus; Bisulfite-Seq,SAMN10085496,PRJNA491712,1960914200,mapped
GSE120137,SRR7871920,/data/mouse_methyl/raw/GSE120137/fastq/SRR7871920_2.fastq,1,1759596652,2,GSM3394566,SINGLE,Bisulfite-Seq,RANDOM,SRS3796661,SRX4710963,GSM3394566: GES15-03349-DO-1015; Mus musculus; Bisulfite-Seq,SAMN10085496,PRJNA491712,117654852,mapped
GSE120137,SRR7871921,/data/mouse_methyl/raw/GSE120137/fastq/SRR7871921.fastq,1,7118400486,,GSM3394567,SINGLE,Bisulfite-Seq,RANDOM,SRS3796664,SRX4710964,GSM3394567: GES15-03350-DO-1263; Mus musculus; Bisulfite-Seq,SAMN10085495,PRJNA491712,2022929500,mapped
GSE120137,SRR7871922,/data/mouse_methyl/raw/GSE120137/fastq/SRR7871922_2.fastq,1,1816650728,2,GSM3394567,SINGLE,Bisulfite-Seq,RANDOM,SRS3796664,SRX4710964,GSM3394567: GES15-03350-DO-1263; Mus musculus; Bisulfite-Seq,SAMN10085495,PRJNA491712,121375770,mapped
GSE120137,SRR7871923,/data/mouse_methyl/raw/GSE120137/fastq/SRR7871923.fastq,1,7496646724,,GSM3394568,SINGLE,Bisulfite-Seq,RANDOM,SRS3796663,SRX4710965,GSM3394568: GES15-03351-DO-1267; Mus musculus; Bisulfite-Seq,SAMN10085494,PRJNA491712,2130085500,mapped
GSE120137,SRR7871924,/data/mouse_methyl/raw/GSE120137/fastq/SRR7871924_2.fastq,1,1915234248,2,GSM3394568,SINGLE,Bisulfite-Seq,RANDOM,SRS3796663,SRX4710965,GSM3394568: GES15-03351-DO-1267; Mus musculus; Bisulfite-Seq,SAMN10085494,PRJNA491712,127805130,mapped
GSE120137,SRR7871925,/data/mouse_methyl/raw/GSE120137/fastq/SRR7871925.fastq,1,2885939564,,GSM3394569,SINGLE,Bisulfite-Seq,RANDOM,SRS3796662,SRX4710966,GSM3394569: GES15-03352-DO-1316; Mus musculus; Bisulfite-Seq,SAMN10085493,PRJNA491712,822872500,mapped
GSE120137,SRR7871926,/data/mouse_methyl/raw/GSE120137/fastq/SRR7871926_2.fastq,1,719683384,2,GSM3394569,SINGLE,Bisulfite-Seq,RANDOM,SRS3796662,SRX4710966,GSM3394569: GES15-03352-DO-1316; Mus musculus; Bisulfite-Seq,SAMN10085493,PRJNA491712,49372350,mapped
GSE120137,SRR7871927,/data/mouse_methyl/raw/GSE120137/fastq/SRR7871927.fastq,1,2240778336,,GSM3394570,SINGLE,Bisulfite-Seq,RANDOM,SRS3796665,SRX4710967,GSM3394570: GES15-03353-DO-0951; Mus musculus; Bisulfite-Seq,SAMN10085492,PRJNA491712,639061500,mapped
GSE120137,SRR7871928,/data/mouse_methyl/raw/GSE120137/fastq/SRR7871928_2.fastq,1,557929704,2,GSM3394570,SINGLE,Bisulfite-Seq,RANDOM,SRS3796665,SRX4710967,GSM3394570: GES15-03353-DO-0951; Mus musculus; Bisulfite-Seq,SAMN10085492,PRJNA491712,38343690,mapped
GSE120137,SRR7871929,/data/mouse_methyl/raw/GSE120137/fastq/SRR7871929.fastq,1,6383290322,,GSM3394571,SINGLE,Bisulfite-Seq,RANDOM,SRS3796666,SRX4710968,GSM3394571: GES15-03354-DO-1025; Mus musculus; Bisulfite-Seq,SAMN10085491,PRJNA491712,1814665100,mapped
GSE120137,SRR7871930,/data/mouse_methyl/raw/GSE120137/fastq/SRR7871930_2.fastq,1,1625047480,2,GSM3394571,SINGLE,Bisulfite-Seq,RANDOM,SRS3796666,SRX4710968,GSM3394571: GES15-03354-DO-1025; Mus musculus; Bisulfite-Seq,SAMN10085491,PRJNA491712,108879906,mapped
GSE120137,SRR7871931,/data/mouse_methyl/raw/GSE120137/fastq/SRR7871931.fastq,1,9164047670,,GSM3394572,SINGLE,Bisulfite-Seq,RANDOM,SRS3796667,SRX4710969,GSM3394572: GES15-03355-DO-1182; Mus musculus; Bisulfite-Seq,SAMN10085489,PRJNA491712,2602445400,mapped
GSE120137,SRR7871932,/data/mouse_methyl/raw/GSE120137/fastq/SRR7871932_2.fastq,1,2349805356,2,GSM3394572,SINGLE,Bisulfite-Seq,RANDOM,SRS3796667,SRX4710969,GSM3394572: GES15-03355-DO-1182; Mus musculus; Bisulfite-Seq,SAMN10085489,PRJNA491712,156146724,mapped
GSE120137,SRR7871933,/data/mouse_methyl/raw/GSE120137/fastq/SRR7871933.fastq,1,9833004794,,GSM3394573,SINGLE,Bisulfite-Seq,RANDOM,SRS3796668,SRX4710970,GSM3394573: GES15-03356-DO-0950; Mus musculus; Bisulfite-Seq,SAMN10085488,PRJNA491712,2791967000,mapped
GSE120137,SRR7871934,/data/mouse_methyl/raw/GSE120137/fastq/SRR7871934_2.fastq,1,2524165228,2,GSM3394573,SINGLE,Bisulfite-Seq,RANDOM,SRS3796668,SRX4710970,GSM3394573: GES15-03356-DO-0950; Mus musculus; Bisulfite-Seq,SAMN10085488,PRJNA491712,167518020,mapped
GSE120137,SRR7871935,/data/mouse_methyl/raw/GSE120137/fastq/SRR7871935.fastq,1,6858253868,,GSM3394574,SINGLE,Bisulfite-Seq,RANDOM,SRS3796669,SRX4710971,GSM3394574: GES15-03357-DO-1033; Mus musculus; Bisulfite-Seq,SAMN10085487,PRJNA491712,1949227600,mapped
GSE120137,SRR7871936,/data/mouse_methyl/raw/GSE120137/fastq/SRR7871936_2.fastq,1,1748844980,2,GSM3394574,SINGLE,Bisulfite-Seq,RANDOM,SRS3796669,SRX4710971,GSM3394574: GES15-03357-DO-1033; Mus musculus; Bisulfite-Seq,SAMN10085487,PRJNA491712,116953656,mapped
GSE120137,SRR7871937,/data/mouse_methyl/raw/GSE120137/fastq/SRR7871937.fastq,1,8201673898,,GSM3394575,SINGLE,Bisulfite-Seq,RANDOM,SRS3796670,SRX4710972,GSM3394575: GES15-03358-DO-1035; Mus musculus; Bisulfite-Seq,SAMN10085486,PRJNA491712,2329808600,mapped
GSE120137,SRR7871938,/data/mouse_methyl/raw/GSE120137/fastq/SRR7871938_2.fastq,1,2098979500,2,GSM3394575,SINGLE,Bisulfite-Seq,RANDOM,SRS3796670,SRX4710972,GSM3394575: GES15-03358-DO-1035; Mus musculus; Bisulfite-Seq,SAMN10085486,PRJNA491712,139788516,mapped
GSE120137,SRR7871939,/data/mouse_methyl/raw/GSE120137/fastq/SRR7871939.fastq,1,6830353792,,GSM3394576,SINGLE,Bisulfite-Seq,RANDOM,SRS3796671,SRX4710973,GSM3394576: GES15-03359-DO-1195; Mus musculus; Bisulfite-Seq,SAMN10085485,PRJNA491712,1941317800,mapped
GSE120137,SRR7871940,/data/mouse_methyl/raw/GSE120137/fastq/SRR7871940_2.fastq,1,1741567964,2,GSM3394576,SINGLE,Bisulfite-Seq,RANDOM,SRS3796671,SRX4710973,GSM3394576: GES15-03359-DO-1195; Mus musculus; Bisulfite-Seq,SAMN10085485,PRJNA491712,116479068,mapped
GSE120137,SRR7871941,/data/mouse_methyl/raw/GSE120137/fastq/SRR7871941.fastq,1,4976465092,,GSM3394577,SINGLE,Bisulfite-Seq,RANDOM,SRS3796675,SRX4710974,GSM3394577: GES15-03360-DO-1300; Mus musculus; Bisulfite-Seq,SAMN10085484,PRJNA491712,1416116500,mapped
GSE120137,SRR7871942,/data/mouse_methyl/raw/GSE120137/fastq/SRR7871942_2.fastq,1,1258382768,2,GSM3394577,SINGLE,Bisulfite-Seq,RANDOM,SRS3796675,SRX4710974,GSM3394577: GES15-03360-DO-1300; Mus musculus; Bisulfite-Seq,SAMN10085484,PRJNA491712,84966990,mapped
GSE120137,SRR7871943,/data/mouse_methyl/raw/GSE120137/fastq/SRR7871943.fastq,1,9450904936,,GSM3394578,SINGLE,Bisulfite-Seq,RANDOM,SRS3796674,SRX4710975,GSM3394578: GES15-03361-DO-0836; Mus musculus; Bisulfite-Seq,SAMN10085483,PRJNA491712,2683718400,mapped
GSE120137,SRR7871944,/data/mouse_methyl/raw/GSE120137/fastq/SRR7871944_2.fastq,1,2424576516,2,GSM3394578,SINGLE,Bisulfite-Seq,RANDOM,SRS3796674,SRX4710975,GSM3394578: GES15-03361-DO-0836; Mus musculus; Bisulfite-Seq,SAMN10085483,PRJNA491712,161023104,mapped
GSE120137,SRR7871945,/data/mouse_methyl/raw/GSE120137/fastq/SRR7871945.fastq,1,8320687294,,GSM3394579,SINGLE,Bisulfite-Seq,RANDOM,SRS3796672,SRX4710976,GSM3394579: GES15-04906-790; Mus musculus; Bisulfite-Seq,SAMN10085482,PRJNA491712,2363544500,mapped
GSE120137,SRR7871946,/data/mouse_methyl/raw/GSE120137/fastq/SRR7871946_2.fastq,1,2130016528,2,GSM3394579,SINGLE,Bisulfite-Seq,RANDOM,SRS3796672,SRX4710976,GSM3394579: GES15-04906-790; Mus musculus; Bisulfite-Seq,SAMN10085482,PRJNA491712,141812670,mapped
GSE120137,SRR7871947,/data/mouse_methyl/raw/GSE120137/fastq/SRR7871947.fastq,1,7573718594,,GSM3394580,SINGLE,Bisulfite-Seq,RANDOM,SRS3796673,SRX4710977,GSM3394580: GES15-04907-1061; Mus musculus; Bisulfite-Seq,SAMN10085481,PRJNA491712,2151929800,mapped
GSE120137,SRR7871948,/data/mouse_methyl/raw/GSE120137/fastq/SRR7871948_2.fastq,1,1935331004,2,GSM3394580,SINGLE,Bisulfite-Seq,RANDOM,SRS3796673,SRX4710977,GSM3394580: GES15-04907-1061; Mus musculus; Bisulfite-Seq,SAMN10085481,PRJNA491712,129115788,mapped
GSE120137,SRR7871949,/data/mouse_methyl/raw/GSE120137/fastq/SRR7871949.fastq,1,7348123734,,GSM3394581,SINGLE,Bisulfite-Seq,RANDOM,SRS3796676,SRX4710978,GSM3394581: GES15-04908-676; Mus musculus; Bisulfite-Seq,SAMN10085480,PRJNA491712,2088019200,mapped
GSE120137,SRR7871950,/data/mouse_methyl/raw/GSE120137/fastq/SRR7871950_2.fastq,1,1876533252,2,GSM3394581,SINGLE,Bisulfite-Seq,RANDOM,SRS3796676,SRX4710978,GSM3394581: GES15-04908-676; Mus musculus; Bisulfite-Seq,SAMN10085480,PRJNA491712,125281152,mapped
GSE120137,SRR7871951,/data/mouse_methyl/raw/GSE120137/fastq/SRR7871951.fastq,1,7179919728,,GSM3394582,SINGLE,Bisulfite-Seq,RANDOM,SRS3796677,SRX4710979,GSM3394582: GES15-04909-735; Mus musculus; Bisulfite-Seq,SAMN10085479,PRJNA491712,2040370100,mapped
GSE120137,SRR7871952,/data/mouse_methyl/raw/GSE120137/fastq/SRR7871952_2.fastq,1,1832696080,2,GSM3394582,SINGLE,Bisulfite-Seq,RANDOM,SRS3796677,SRX4710979,GSM3394582: GES15-04909-735; Mus musculus; Bisulfite-Seq,SAMN10085479,PRJNA491712,122422206,mapped
GSE120137,SRR7871953,/data/mouse_methyl/raw/GSE120137/fastq/SRR7871953.fastq,1,6463054846,,GSM3394583,SINGLE,Bisulfite-Seq,RANDOM,SRS3796678,SRX4710980,GSM3394583: GES15-04910-683; Mus musculus; Bisulfite-Seq,SAMN10085478,PRJNA491712,1837282200,mapped
GSE120137,SRR7871954,/data/mouse_methyl/raw/GSE120137/fastq/SRR7871954_2.fastq,1,1645855212,2,GSM3394583,SINGLE,Bisulfite-Seq,RANDOM,SRS3796678,SRX4710980,GSM3394583: GES15-04910-683; Mus musculus; Bisulfite-Seq,SAMN10085478,PRJNA491712,110236932,mapped
GSE120137,SRR7871955,/data/mouse_methyl/raw/GSE120137/fastq/SRR7871955.fastq,1,6434754864,,GSM3394584,SINGLE,Bisulfite-Seq,RANDOM,SRS3796679,SRX4710981,GSM3394584: GES15-04911-787; Mus musculus; Bisulfite-Seq,SAMN10085477,PRJNA491712,1829266400,mapped
GSE120137,SRR7871956,/data/mouse_methyl/raw/GSE120137/fastq/SRR7871956_2.fastq,1,1638480676,2,GSM3394584,SINGLE,Bisulfite-Seq,RANDOM,SRS3796679,SRX4710981,GSM3394584: GES15-04911-787; Mus musculus; Bisulfite-Seq,SAMN10085477,PRJNA491712,109755984,mapped
GSE120137,SRR7871957,/data/mouse_methyl/raw/GSE120137/fastq/SRR7871957.fastq,1,5328013046,,GSM3394585,SINGLE,Bisulfite-Seq,RANDOM,SRS3796680,SRX4710982,GSM3394585: GES15-04912-801; Mus musculus; Bisulfite-Seq,SAMN10085476,PRJNA491712,1515721600,mapped
GSE120137,SRR7871958,/data/mouse_methyl/raw/GSE120137/fastq/SRR7871958_2.fastq,1,1350019460,2,GSM3394585,SINGLE,Bisulfite-Seq,RANDOM,SRS3796680,SRX4710982,GSM3394585: GES15-04912-801; Mus musculus; Bisulfite-Seq,SAMN10085476,PRJNA491712,90943296,mapped
GSE120137,SRR7871959,/data/mouse_methyl/raw/GSE120137/fastq/SRR7871959.fastq,1,8976707690,,GSM3394586,SINGLE,Bisulfite-Seq,RANDOM,SRS3796681,SRX4710983,GSM3394586: GES15-04913-831; Mus musculus; Bisulfite-Seq,SAMN10085475,PRJNA491712,2549404200,mapped
GSE120137,SRR7871960,/data/mouse_methyl/raw/GSE120137/fastq/SRR7871960_2.fastq,1,2301007452,2,GSM3394586,SINGLE,Bisulfite-Seq,RANDOM,SRS3796681,SRX4710983,GSM3394586: GES15-04913-831; Mus musculus; Bisulfite-Seq,SAMN10085475,PRJNA491712,152964252,mapped
GSE120137,SRR7871961,/data/mouse_methyl/raw/GSE120137/fastq/SRR7871961.fastq,1,6078765210,,GSM3394587,SINGLE,Bisulfite-Seq,RANDOM,SRS3796682,SRX4710984,GSM3394587: GES15-04914-1097; Mus musculus; Bisulfite-Seq,SAMN10085474,PRJNA491712,1728405100,mapped
GSE120137,SRR7871962,/data/mouse_methyl/raw/GSE120137/fastq/SRR7871962_2.fastq,1,1545688280,2,GSM3394587,SINGLE,Bisulfite-Seq,RANDOM,SRS3796682,SRX4710984,GSM3394587: GES15-04914-1097; Mus musculus; Bisulfite-Seq,SAMN10085474,PRJNA491712,103704306,mapped
GSE120137,SRR7871963,/data/mouse_methyl/raw/GSE120137/fastq/SRR7871963.fastq,1,6389414838,,GSM3394588,SINGLE,Bisulfite-Seq,RANDOM,SRS3796683,SRX4710985,GSM3394588: GES15-04915-1099; Mus musculus; Bisulfite-Seq,SAMN10085473,PRJNA491712,1816409800,mapped
GSE120137,SRR7871964,/data/mouse_methyl/raw/GSE120137/fastq/SRR7871964_2.fastq,1,1626652604,2,GSM3394588,SINGLE,Bisulfite-Seq,RANDOM,SRS3796683,SRX4710985,GSM3394588: GES15-04915-1099; Mus musculus; Bisulfite-Seq,SAMN10085473,PRJNA491712,108984588,mapped
GSE120137,SRR7871965,/data/mouse_methyl/raw/GSE120137/fastq/SRR7871965.fastq,1,6401179830,,GSM3394589,SINGLE,Bisulfite-Seq,RANDOM,SRS3796684,SRX4710986,GSM3394589: GES15-04916-670; Mus musculus; Bisulfite-Seq,SAMN10085429,PRJNA491712,1819753600,mapped
GSE120137,SRR7871966,/data/mouse_methyl/raw/GSE120137/fastq/SRR7871966_2.fastq,1,1629728900,2,GSM3394589,SINGLE,Bisulfite-Seq,RANDOM,SRS3796684,SRX4710986,GSM3394589: GES15-04916-670; Mus musculus; Bisulfite-Seq,SAMN10085429,PRJNA491712,109185216,mapped
GSE120137,SRR7871967,/data/mouse_methyl/raw/GSE120137/fastq/SRR7871967.fastq,1,6361197266,,GSM3394590,SINGLE,Bisulfite-Seq,RANDOM,SRS3796685,SRX4710987,GSM3394590: GES15-04917-774; Mus musculus; Bisulfite-Seq,SAMN10085428,PRJNA491712,1808424500,mapped
GSE120137,SRR7871968,/data/mouse_methyl/raw/GSE120137/fastq/SRR7871968_2.fastq,1,1619306128,2,GSM3394590,SINGLE,Bisulfite-Seq,RANDOM,SRS3796685,SRX4710987,GSM3394590: GES15-04917-774; Mus musculus; Bisulfite-Seq,SAMN10085428,PRJNA491712,108505470,mapped
GSE120137,SRR7871969,/data/mouse_methyl/raw/GSE120137/fastq/SRR7871969.fastq,1,5968847030,,GSM3394591,SINGLE,Bisulfite-Seq,RANDOM,SRS3796686,SRX4710988,GSM3394591: GES15-04918-1210; Mus musculus; Bisulfite-Seq,SAMN10085427,PRJNA491712,1697248400,mapped
GSE120137,SRR7871970,/data/mouse_methyl/raw/GSE120137/fastq/SRR7871970_2.fastq,1,1517024116,2,GSM3394591,SINGLE,Bisulfite-Seq,RANDOM,SRS3796686,SRX4710988,GSM3394591: GES15-04918-1210; Mus musculus; Bisulfite-Seq,SAMN10085427,PRJNA491712,101834904,mapped
GSE120137,SRR7871971,/data/mouse_methyl/raw/GSE120137/fastq/SRR7871971.fastq,1,6384245768,,GSM3394592,SINGLE,Bisulfite-Seq,RANDOM,SRS3796687,SRX4710989,GSM3394592: GES15-04919-710; Mus musculus; Bisulfite-Seq,SAMN10085426,PRJNA491712,1814928600,mapped
GSE120137,SRR7871972,/data/mouse_methyl/raw/GSE120137/fastq/SRR7871972_2.fastq,1,1625289900,2,GSM3394592,SINGLE,Bisulfite-Seq,RANDOM,SRS3796687,SRX4710989,GSM3394592: GES15-04919-710; Mus musculus; Bisulfite-Seq,SAMN10085426,PRJNA491712,108895716,mapped
GSE120137,SRR7871973,/data/mouse_methyl/raw/GSE120137/fastq/SRR7871973.fastq,1,6264182522,,GSM3394593,SINGLE,Bisulfite-Seq,RANDOM,SRS3796688,SRX4710990,GSM3394593: GES15-04920-779; Mus musculus; Bisulfite-Seq,SAMN10085424,PRJNA491712,1780918000,mapped
GSE120137,SRR7871974,/data/mouse_methyl/raw/GSE120137/fastq/SRR7871974_2.fastq,1,1594000148,2,GSM3394593,SINGLE,Bisulfite-Seq,RANDOM,SRS3796688,SRX4710990,GSM3394593: GES15-04920-779; Mus musculus; Bisulfite-Seq,SAMN10085424,PRJNA491712,106855080,mapped
GSE120137,SRR7871975,/data/mouse_methyl/raw/GSE120137/fastq/SRR7871975.fastq,1,7690039814,,GSM3394594,SINGLE,Bisulfite-Seq,RANDOM,SRS3796689,SRX4710991,GSM3394594: GES15-04921-816; Mus musculus; Bisulfite-Seq,SAMN10085423,PRJNA491712,2184863300,mapped
GSE120137,SRR7871976,/data/mouse_methyl/raw/GSE120137/fastq/SRR7871976_2.fastq,1,1965629824,2,GSM3394594,SINGLE,Bisulfite-Seq,RANDOM,SRS3796689,SRX4710991,GSM3394594: GES15-04921-816; Mus musculus; Bisulfite-Seq,SAMN10085423,PRJNA491712,131091798,mapped
GSE120137,SRR7871977,/data/mouse_methyl/raw/GSE120137/fastq/SRR7871977.fastq,1,7547680826,,GSM3394595,SINGLE,Bisulfite-Seq,RANDOM,SRS3796690,SRX4710992,GSM3394595: GES15-04922-1006; Mus musculus; Bisulfite-Seq,SAMN10085422,PRJNA491712,2144529800,mapped
GSE120137,SRR7871978,/data/mouse_methyl/raw/GSE120137/fastq/SRR7871978_2.fastq,1,1928523004,2,GSM3394595,SINGLE,Bisulfite-Seq,RANDOM,SRS3796690,SRX4710992,GSM3394595: GES15-04922-1006; Mus musculus; Bisulfite-Seq,SAMN10085422,PRJNA491712,128671788,mapped
GSE120137,SRR7871979,/data/mouse_methyl/raw/GSE120137/fastq/SRR7871979.fastq,1,5587972340,,GSM3394596,SINGLE,Bisulfite-Seq,RANDOM,SRS3796691,SRX4710993,GSM3394596: GES15-04923-1107; Mus musculus; Bisulfite-Seq,SAMN10085425,PRJNA491712,1589352100,mapped
GSE120137,SRR7871980,/data/mouse_methyl/raw/GSE120137/fastq/SRR7871980_2.fastq,1,1417759520,2,GSM3394596,SINGLE,Bisulfite-Seq,RANDOM,SRS3796691,SRX4710993,GSM3394596: GES15-04923-1107; Mus musculus; Bisulfite-Seq,SAMN10085425,PRJNA491712,95361126,mapped
GSE120137,SRR7871981,/data/mouse_methyl/raw/GSE120137/fastq/SRR7871981.fastq,1,6717733484,,GSM3394597,SINGLE,Bisulfite-Seq,RANDOM,SRS3796692,SRX4710994,GSM3394597: GES15-04924-789; Mus musculus; Bisulfite-Seq,SAMN10085421,PRJNA491712,1909404800,mapped
GSE120137,SRR7871982,/data/mouse_methyl/raw/GSE120137/fastq/SRR7871982_2.fastq,1,1712208004,2,GSM3394597,SINGLE,Bisulfite-Seq,RANDOM,SRS3796692,SRX4710994,GSM3394597: GES15-04924-789; Mus musculus; Bisulfite-Seq,SAMN10085421,PRJNA491712,114564288,mapped
GSE120137,SRR7871983,/data/mouse_methyl/raw/GSE120137/fastq/SRR7871983.fastq,1,6608663386,,GSM3394598,SINGLE,Bisulfite-Seq,RANDOM,SRS3796693,SRX4710995,GSM3394598: GES15-04925-1098; Mus musculus; Bisulfite-Seq,SAMN10085420,PRJNA491712,1878512300,mapped
GSE120137,SRR7871984,/data/mouse_methyl/raw/GSE120137/fastq/SRR7871984_2.fastq,1,1683786904,2,GSM3394598,SINGLE,Bisulfite-Seq,RANDOM,SRS3796693,SRX4710995,GSM3394598: GES15-04925-1098; Mus musculus; Bisulfite-Seq,SAMN10085420,PRJNA491712,112710738,mapped
GSE120137,SRR7871985,/data/mouse_methyl/raw/GSE120137/fastq/SRR7871985.fastq,1,7210538652,,GSM3394599,SINGLE,Bisulfite-Seq,RANDOM,SRS3796694,SRX4710996,GSM3394599: GES15-04926-1121; Mus musculus; Bisulfite-Seq,SAMN10085419,PRJNA491712,2049025200,mapped
GSE120137,SRR7871986,/data/mouse_methyl/raw/GSE120137/fastq/SRR7871986_2.fastq,1,1840658772,2,GSM3394599,SINGLE,Bisulfite-Seq,RANDOM,SRS3796694,SRX4710996,GSM3394599: GES15-04926-1121; Mus musculus; Bisulfite-Seq,SAMN10085419,PRJNA491712,122941512,mapped
GSE120137,SRR7871987,/data/mouse_methyl/raw/GSE120137/fastq/SRR7871987.fastq,1,6247223752,,GSM3394600,SINGLE,Bisulfite-Seq,RANDOM,SRS3796695,SRX4710997,GSM3394600: GES15-04927-1140; Mus musculus; Bisulfite-Seq,SAMN10085472,PRJNA491712,1776120900,mapped
GSE120137,SRR7871988,/data/mouse_methyl/raw/GSE120137/fastq/SRR7871988_2.fastq,1,1589586816,2,GSM3394600,SINGLE,Bisulfite-Seq,RANDOM,SRS3796695,SRX4710997,GSM3394600: GES15-04927-1140; Mus musculus; Bisulfite-Seq,SAMN10085472,PRJNA491712,106567254,mapped
GSE120137,SRR7871989,/data/mouse_methyl/raw/GSE120137/fastq/SRR7871989.fastq,1,5874493228,,GSM3394601,SINGLE,Bisulfite-Seq,RANDOM,SRS3796696,SRX4710998,GSM3394601: GES15-04928-1250; Mus musculus; Bisulfite-Seq,SAMN10085471,PRJNA491712,1670523300,mapped
GSE120137,SRR7871990,/data/mouse_methyl/raw/GSE120137/fastq/SRR7871990_2.fastq,1,1492437024,2,GSM3394601,SINGLE,Bisulfite-Seq,RANDOM,SRS3796696,SRX4710998,GSM3394601: GES15-04928-1250; Mus musculus; Bisulfite-Seq,SAMN10085471,PRJNA491712,100231398,mapped
GSE120137,SRR7871991,/data/mouse_methyl/raw/GSE120137/fastq/SRR7871991.fastq,1,7427098096,,GSM3394602,SINGLE,Bisulfite-Seq,RANDOM,SRS3796699,SRX4710999,GSM3394602: GES15-04929-1307; Mus musculus; Bisulfite-Seq,SAMN10085470,PRJNA491712,2110375000,mapped
GSE120137,SRR7871992,/data/mouse_methyl/raw/GSE120137/fastq/SRR7871992_2.fastq,1,1897100588,2,GSM3394602,SINGLE,Bisulfite-Seq,RANDOM,SRS3796699,SRX4710999,GSM3394602: GES15-04929-1307; Mus musculus; Bisulfite-Seq,SAMN10085470,PRJNA491712,126622500,mapped
GSE120137,SRR7871993,/data/mouse_methyl/raw/GSE120137/fastq/SRR7871993.fastq,1,6862335256,,GSM3394603,SINGLE,Bisulfite-Seq,RANDOM,SRS3796697,SRX4711000,GSM3394603: GES15-04930-682; Mus musculus; Bisulfite-Seq,SAMN10085468,PRJNA491712,1950373300,mapped
GSE120137,SRR7871994,/data/mouse_methyl/raw/GSE120137/fastq/SRR7871994_2.fastq,1,1749899024,2,GSM3394603,SINGLE,Bisulfite-Seq,RANDOM,SRS3796697,SRX4711000,GSM3394603: GES15-04930-682; Mus musculus; Bisulfite-Seq,SAMN10085468,PRJNA491712,117022398,mapped
GSE120137,SRR7871995,/data/mouse_methyl/raw/GSE120137/fastq/SRR7871995.fastq,1,5731590282,,GSM3394604,SINGLE,Bisulfite-Seq,RANDOM,SRS3796698,SRX4711001,GSM3394604: GES15-04931-711; Mus musculus; Bisulfite-Seq,SAMN10085467,PRJNA491712,1630039000,mapped
GSE120137,SRR7871996,/data/mouse_methyl/raw/GSE120137/fastq/SRR7871996_2.fastq,1,1455191468,2,GSM3394604,SINGLE,Bisulfite-Seq,RANDOM,SRS3796698,SRX4711001,GSM3394604: GES15-04931-711; Mus musculus; Bisulfite-Seq,SAMN10085467,PRJNA491712,97802340,mapped
GSE120137,SRR7871997,/data/mouse_methyl/raw/GSE120137/fastq/SRR7871997.fastq,1,7083205750,,GSM3394605,SINGLE,Bisulfite-Seq,RANDOM,SRS3796700,SRX4711002,GSM3394605: GES15-04932-685; Mus musculus; Bisulfite-Seq,SAMN10085466,PRJNA491712,2012954900,mapped
GSE120137,SRR7871998,/data/mouse_methyl/raw/GSE120137/fastq/SRR7871998_2.fastq,1,1807474096,2,GSM3394605,SINGLE,Bisulfite-Seq,RANDOM,SRS3796700,SRX4711002,GSM3394605: GES15-04932-685; Mus musculus; Bisulfite-Seq,SAMN10085466,PRJNA491712,120777294,mapped
GSE120137,SRR7871999,/data/mouse_methyl/raw/GSE120137/fastq/SRR7871999.fastq,1,6514093228,,GSM3394606,SINGLE,Bisulfite-Seq,RANDOM,SRS3796702,SRX4711003,GSM3394606: GES15-04933-692; Mus musculus; Bisulfite-Seq,SAMN10085464,PRJNA491712,1851723600,mapped
GSE120137,SRR7872000,/data/mouse_methyl/raw/GSE120137/fastq/SRR7872000_2.fastq,1,1659141300,2,GSM3394606,SINGLE,Bisulfite-Seq,RANDOM,SRS3796702,SRX4711003,GSM3394606: GES15-04933-692; Mus musculus; Bisulfite-Seq,SAMN10085464,PRJNA491712,111103416,mapped
GSE120137,SRR7872001,/data/mouse_methyl/raw/GSE120137/fastq/SRR7872001.fastq,1,5698519690,,GSM3394607,SINGLE,Bisulfite-Seq,RANDOM,SRS3796701,SRX4711004,GSM3394607: GES15-04934-693; Mus musculus; Bisulfite-Seq,SAMN10085463,PRJNA491712,1620672800,mapped
GSE120137,SRR7872002,/data/mouse_methyl/raw/GSE120137/fastq/SRR7872002_2.fastq,1,1446574564,2,GSM3394607,SINGLE,Bisulfite-Seq,RANDOM,SRS3796701,SRX4711004,GSM3394607: GES15-04934-693; Mus musculus; Bisulfite-Seq,SAMN10085463,PRJNA491712,97240368,mapped
GSE120137,SRR7872003,/data/mouse_methyl/raw/GSE120137/fastq/SRR7872003.fastq,1,6835424566,,GSM3394608,SINGLE,Bisulfite-Seq,RANDOM,SRS3796703,SRX4711005,GSM3394608: GES15-04935-709; Mus musculus; Bisulfite-Seq,SAMN10085462,PRJNA491712,1942751200,mapped
GSE120137,SRR7872004,/data/mouse_methyl/raw/GSE120137/fastq/SRR7872004_2.fastq,1,1742886692,2,GSM3394608,SINGLE,Bisulfite-Seq,RANDOM,SRS3796703,SRX4711005,GSM3394608: GES15-04935-709; Mus musculus; Bisulfite-Seq,SAMN10085462,PRJNA491712,116565072,mapped
GSE120137,SRR7872005,/data/mouse_methyl/raw/GSE120137/fastq/SRR7872005.fastq,1,7127359502,,GSM3394609,SINGLE,Bisulfite-Seq,RANDOM,SRS3796705,SRX4711006,GSM3394609: GES15-04936-936; Mus musculus; Bisulfite-Seq,SAMN10085460,PRJNA491712,2025456700,mapped
GSE120137,SRR7872006,/data/mouse_methyl/raw/GSE120137/fastq/SRR7872006_2.fastq,1,1818975752,2,GSM3394609,SINGLE,Bisulfite-Seq,RANDOM,SRS3796705,SRX4711006,GSM3394609: GES15-04936-936; Mus musculus; Bisulfite-Seq,SAMN10085460,PRJNA491712,121527402,mapped
GSE120137,SRR7872007,/data/mouse_methyl/raw/GSE120137/fastq/SRR7872007.fastq,1,6655336952,,GSM3394610,SINGLE,Bisulfite-Seq,RANDOM,SRS3796707,SRX4711007,GSM3394610: GES15-04937-937; Mus musculus; Bisulfite-Seq,SAMN10085459,PRJNA491712,1891740200,mapped
GSE120137,SRR7872008,/data/mouse_methyl/raw/GSE120137/fastq/SRR7872008_2.fastq,1,1695956572,2,GSM3394610,SINGLE,Bisulfite-Seq,RANDOM,SRS3796707,SRX4711007,GSM3394610: GES15-04937-937; Mus musculus; Bisulfite-Seq,SAMN10085459,PRJNA491712,113504412,mapped
GSE120137,SRR7872009,/data/mouse_methyl/raw/GSE120137/fastq/SRR7872009.fastq,1,7026716924,,GSM3394611,SINGLE,Bisulfite-Seq,RANDOM,SRS3796708,SRX4711008,GSM3394611: GES15-04938-941; Mus musculus; Bisulfite-Seq,SAMN10085457,PRJNA491712,1996946700,mapped
GSE120137,SRR7872010,/data/mouse_methyl/raw/GSE120137/fastq/SRR7872010_2.fastq,1,1792746552,2,GSM3394611,SINGLE,Bisulfite-Seq,RANDOM,SRS3796708,SRX4711008,GSM3394611: GES15-04938-941; Mus musculus; Bisulfite-Seq,SAMN10085457,PRJNA491712,119816802,mapped
GSE120137,SRR7872011,/data/mouse_methyl/raw/GSE120137/fastq/SRR7872011.fastq,1,7326215476,,GSM3394612,SINGLE,Bisulfite-Seq,RANDOM,SRS3796704,SRX4711009,GSM3394612: GES15-04939-1058; Mus musculus; Bisulfite-Seq,SAMN10085456,PRJNA491712,2081796000,mapped
GSE120137,SRR7872012,/data/mouse_methyl/raw/GSE120137/fastq/SRR7872012_2.fastq,1,1870807908,2,GSM3394612,SINGLE,Bisulfite-Seq,RANDOM,SRS3796704,SRX4711009,GSM3394612: GES15-04939-1058; Mus musculus; Bisulfite-Seq,SAMN10085456,PRJNA491712,124907760,mapped
GSE120137,SRR7872013,/data/mouse_methyl/raw/GSE120137/fastq/SRR7872013.fastq,1,7520676824,,GSM3394613,SINGLE,Bisulfite-Seq,RANDOM,SRS3796709,SRX4711010,GSM3394613: GES15-04940-788; Mus musculus; Bisulfite-Seq,SAMN10085454,PRJNA491712,2136884900,mapped
GSE120137,SRR7872014,/data/mouse_methyl/raw/GSE120137/fastq/SRR7872014_2.fastq,1,1921489696,2,GSM3394613,SINGLE,Bisulfite-Seq,RANDOM,SRS3796709,SRX4711010,GSM3394613: GES15-04940-788; Mus musculus; Bisulfite-Seq,SAMN10085454,PRJNA491712,128213094,mapped
GSE120137,SRR7872015,/data/mouse_methyl/raw/GSE120137/fastq/SRR7872015.fastq,1,4827132082,,GSM3394614,SINGLE,Bisulfite-Seq,RANDOM,SRS3796706,SRX4711011,GSM3394614: GES15-04941-803; Mus musculus; Bisulfite-Seq,SAMN10085453,PRJNA491712,1373810800,mapped
GSE120137,SRR7872016,/data/mouse_methyl/raw/GSE120137/fastq/SRR7872016_2.fastq,1,1219461524,2,GSM3394614,SINGLE,Bisulfite-Seq,RANDOM,SRS3796706,SRX4711011,GSM3394614: GES15-04941-803; Mus musculus; Bisulfite-Seq,SAMN10085453,PRJNA491712,82428648,mapped
GSE120137,SRR7872017,/data/mouse_methyl/raw/GSE120137/fastq/SRR7872017.fastq,1,5256130636,,GSM3394615,SINGLE,Bisulfite-Seq,RANDOM,SRS3796710,SRX4711012,GSM3394615: GES15-04942-1078; Mus musculus; Bisulfite-Seq,SAMN10085452,PRJNA491712,1495345800,mapped
GSE120137,SRR7872018,/data/mouse_methyl/raw/GSE120137/fastq/SRR7872018_2.fastq,1,1331273724,2,GSM3394615,SINGLE,Bisulfite-Seq,RANDOM,SRS3796710,SRX4711012,GSM3394615: GES15-04942-1078; Mus musculus; Bisulfite-Seq,SAMN10085452,PRJNA491712,89720748,mapped
GSE120137,SRR7872019,/data/mouse_methyl/raw/GSE120137/fastq/SRR7872019.fastq,1,5867683162,,GSM3394616,SINGLE,Bisulfite-Seq,RANDOM,SRS3796711,SRX4711013,GSM3394616: GES15-04943-1100; Mus musculus; Bisulfite-Seq,SAMN10085451,PRJNA491712,1668594400,mapped
GSE120137,SRR7872020,/data/mouse_methyl/raw/GSE120137/fastq/SRR7872020_2.fastq,1,1490662436,2,GSM3394616,SINGLE,Bisulfite-Seq,RANDOM,SRS3796711,SRX4711013,GSM3394616: GES15-04943-1100; Mus musculus; Bisulfite-Seq,SAMN10085451,PRJNA491712,100115664,mapped
GSE120137,SRR7872021,/data/mouse_methyl/raw/GSE120137/fastq/SRR7872021.fastq,1,5561813436,,GSM3394617,SINGLE,Bisulfite-Seq,RANDOM,SRS3796712,SRX4711014,GSM3394617: GES15-04944-1118; Mus musculus; Bisulfite-Seq,SAMN10085450,PRJNA491712,1581943200,mapped
GSE120137,SRR7872022,/data/mouse_methyl/raw/GSE120137/fastq/SRR7872022_2.fastq,1,1410943332,2,GSM3394617,SINGLE,Bisulfite-Seq,RANDOM,SRS3796712,SRX4711014,GSM3394617: GES15-04944-1118; Mus musculus; Bisulfite-Seq,SAMN10085450,PRJNA491712,94916592,mapped
GSE120137,SRR7872023,/data/mouse_methyl/raw/GSE120137/fastq/SRR7872023.fastq,1,5313222600,,GSM3394618,SINGLE,Bisulfite-Seq,RANDOM,SRS3796713,SRX4711015,GSM3394618: GES15-04945-1172; Mus musculus; Bisulfite-Seq,SAMN10085449,PRJNA491712,1511517300,mapped
GSE120137,SRR7872024,/data/mouse_methyl/raw/GSE120137/fastq/SRR7872024_2.fastq,1,1346151504,2,GSM3394618,SINGLE,Bisulfite-Seq,RANDOM,SRS3796713,SRX4711015,GSM3394618: GES15-04945-1172; Mus musculus; Bisulfite-Seq,SAMN10085449,PRJNA491712,90691038,mapped
GSE120137,SRR7872025,/data/mouse_methyl/raw/GSE120137/fastq/SRR7872025.fastq,1,7223226420,,GSM3394619,SINGLE,Bisulfite-Seq,RANDOM,SRS3796714,SRX4711016,GSM3394619: GES15-04946-1174; Mus musculus; Bisulfite-Seq,SAMN10085026,PRJNA491712,2052605500,mapped
GSE120137,SRR7872026,/data/mouse_methyl/raw/GSE120137/fastq/SRR7872026_2.fastq,1,1843952648,2,GSM3394619,SINGLE,Bisulfite-Seq,RANDOM,SRS3796714,SRX4711016,GSM3394619: GES15-04946-1174; Mus musculus; Bisulfite-Seq,SAMN10085026,PRJNA491712,123156330,mapped
GSE120137,SRR7872028,/data/mouse_methyl/raw/GSE120137/fastq/SRR7872028_2.fastq,1,1799804240,2,GSM3394620,SINGLE,Bisulfite-Seq,RANDOM,SRS3796718,SRX4711017,GSM3394620: GES15-04947-1191; Mus musculus; Bisulfite-Seq,SAMN10085025,PRJNA491712,120277086,mapped
GSE120137,SRR7872029,/data/mouse_methyl/raw/GSE120137/fastq/SRR7872029.fastq,1,6751728282,,GSM3394621,SINGLE,Bisulfite-Seq,RANDOM,SRS3796717,SRX4711018,GSM3394621: GES15-04948-1197; Mus musculus; Bisulfite-Seq,SAMN10085024,PRJNA491712,1919040300,mapped
GSE120137,SRR7872030,/data/mouse_methyl/raw/GSE120137/fastq/SRR7872030_2.fastq,1,1721072664,2,GSM3394621,SINGLE,Bisulfite-Seq,RANDOM,SRS3796717,SRX4711018,GSM3394621: GES15-04948-1197; Mus musculus; Bisulfite-Seq,SAMN10085024,PRJNA491712,115142418,mapped
GSE120137,SRR7872031,/data/mouse_methyl/raw/GSE120137/fastq/SRR7872031.fastq,1,6624362338,,GSM3394622,SINGLE,Bisulfite-Seq,RANDOM,SRS3796720,SRX4711019,GSM3394622: GES15-04949-1201; Mus musculus; Bisulfite-Seq,SAMN10085023,PRJNA491712,1882958700,mapped
GSE120137,SRR7872032,/data/mouse_methyl/raw/GSE120137/fastq/SRR7872032_2.fastq,1,1687877592,2,GSM3394622,SINGLE,Bisulfite-Seq,RANDOM,SRS3796720,SRX4711019,GSM3394622: GES15-04949-1201; Mus musculus; Bisulfite-Seq,SAMN10085023,PRJNA491712,112977522,mapped
GSE120137,SRR7872033,/data/mouse_methyl/raw/GSE120137/fastq/SRR7872033.fastq,1,5980480044,,GSM3394623,SINGLE,Bisulfite-Seq,RANDOM,SRS3796715,SRX4711020,GSM3394623: GES15-04950-1224; Mus musculus; Bisulfite-Seq,SAMN10085018,PRJNA491712,1700546800,mapped
GSE120137,SRR7872034,/data/mouse_methyl/raw/GSE120137/fastq/SRR7872034_2.fastq,1,1520058644,2,GSM3394623,SINGLE,Bisulfite-Seq,RANDOM,SRS3796715,SRX4711020,GSM3394623: GES15-04950-1224; Mus musculus; Bisulfite-Seq,SAMN10085018,PRJNA491712,102032808,mapped
GSE120137,SRR7872036,/data/mouse_methyl/raw/GSE120137/fastq/SRR7872036_2.fastq,1,1500247180,2,GSM3394624,SINGLE,Bisulfite-Seq,RANDOM,SRS3796719,SRX4711021,GSM3394624: GES15-04952-1242; Mus musculus; Bisulfite-Seq,SAMN10085017,PRJNA491712,100740756,mapped
GSE120137,SRR7872037,/data/mouse_methyl/raw/GSE120137/fastq/SRR7872037.fastq,1,5959275746,,GSM3394625,SINGLE,Bisulfite-Seq,RANDOM,SRS3796716,SRX4711022,GSM3394625: GES15-04953-1247; Mus musculus; Bisulfite-Seq,SAMN10085016,PRJNA491712,1694539900,mapped
GSE120137,SRR7872038,/data/mouse_methyl/raw/GSE120137/fastq/SRR7872038_2.fastq,1,1514532296,2,GSM3394625,SINGLE,Bisulfite-Seq,RANDOM,SRS3796716,SRX4711022,GSM3394625: GES15-04953-1247; Mus musculus; Bisulfite-Seq,SAMN10085016,PRJNA491712,101672394,mapped
GSE120137,SRR7872039,/data/mouse_methyl/raw/GSE120137/fastq/SRR7872039.fastq,1,4147183428,,GSM3394626,SINGLE,Bisulfite-Seq,RANDOM,SRS3796721,SRX4711023,GSM3394626: GES15-04954-1265; Mus musculus; Bisulfite-Seq,SAMN10085022,PRJNA491712,1181183900,mapped
GSE120137,SRR7872040,/data/mouse_methyl/raw/GSE120137/fastq/SRR7872040_2.fastq,1,1042244776,2,GSM3394626,SINGLE,Bisulfite-Seq,RANDOM,SRS3796721,SRX4711023,GSM3394626: GES15-04954-1265; Mus musculus; Bisulfite-Seq,SAMN10085022,PRJNA491712,70871034,mapped
GSE120137,SRR7872041,/data/mouse_methyl/raw/GSE120137/fastq/SRR7872041.fastq,1,7732889394,,GSM3394627,SINGLE,Bisulfite-Seq,RANDOM,SRS3796722,SRX4711024,GSM3394627: GES15-04955-1309; Mus musculus; Bisulfite-Seq,SAMN10085021,PRJNA491712,2197008500,mapped
GSE120137,SRR7872042,/data/mouse_methyl/raw/GSE120137/fastq/SRR7872042_2.fastq,1,1976803408,2,GSM3394627,SINGLE,Bisulfite-Seq,RANDOM,SRS3796722,SRX4711024,GSM3394627: GES15-04955-1309; Mus musculus; Bisulfite-Seq,SAMN10085021,PRJNA491712,131820510,mapped
GSE120137,SRR7872043,/data/mouse_methyl/raw/GSE120137/fastq/SRR7872043.fastq,1,6465480516,,GSM3394628,SINGLE,Bisulfite-Seq,RANDOM,SRS3796723,SRX4711025,GSM3394628: GES15-04956-1318; Mus musculus; Bisulfite-Seq,SAMN10085020,PRJNA491712,1837952700,mapped
GSE120137,SRR7872044,/data/mouse_methyl/raw/GSE120137/fastq/SRR7872044_2.fastq,1,1646472072,2,GSM3394628,SINGLE,Bisulfite-Seq,RANDOM,SRS3796723,SRX4711025,GSM3394628: GES15-04956-1318; Mus musculus; Bisulfite-Seq,SAMN10085020,PRJNA491712,110277162,mapped
GSE120137,SRR7872045,/data/mouse_methyl/raw/GSE120137/fastq/SRR7872045.fastq,1,6400081616,,GSM3394629,SINGLE,Bisulfite-Seq,RANDOM,SRS3796724,SRX4711026,GSM3394629: GES15-04957-677; Mus musculus; Bisulfite-Seq,SAMN10085019,PRJNA491712,1819429000,mapped
GSE120137,SRR7872046,/data/mouse_methyl/raw/GSE120137/fastq/SRR7872046_2.fastq,1,1629430268,2,GSM3394629,SINGLE,Bisulfite-Seq,RANDOM,SRS3796724,SRX4711026,GSM3394629: GES15-04957-677; Mus musculus; Bisulfite-Seq,SAMN10085019,PRJNA491712,109165740,mapped
GSE120137,SRR7872047,/data/mouse_methyl/raw/GSE120137/fastq/SRR7872047.fastq,1,4640337754,,GSM3394630,SINGLE,Bisulfite-Seq,RANDOM,SRS3796725,SRX4711027,GSM3394630: GES15-04958-704; Mus musculus; Bisulfite-Seq,SAMN10085015,PRJNA491712,1320894000,mapped
GSE120137,SRR7872048,/data/mouse_methyl/raw/GSE120137/fastq/SRR7872048_2.fastq,1,1170778068,2,GSM3394630,SINGLE,Bisulfite-Seq,RANDOM,SRS3796725,SRX4711027,GSM3394630: GES15-04958-704; Mus musculus; Bisulfite-Seq,SAMN10085015,PRJNA491712,79253640,mapped
GSE120137,SRR7872049,/data/mouse_methyl/raw/GSE120137/fastq/SRR7872049.fastq,1,5952928926,,GSM3394631,SINGLE,Bisulfite-Seq,RANDOM,SRS3796726,SRX4711028,GSM3394631: GES15-04959-719; Mus musculus; Bisulfite-Seq,SAMN10085062,PRJNA491712,1692752400,mapped
GSE120137,SRR7872050,/data/mouse_methyl/raw/GSE120137/fastq/SRR7872050_2.fastq,1,1512887796,2,GSM3394631,SINGLE,Bisulfite-Seq,RANDOM,SRS3796726,SRX4711028,GSM3394631: GES15-04959-719; Mus musculus; Bisulfite-Seq,SAMN10085062,PRJNA491712,101565144,mapped
GSE120137,SRR7872051,/data/mouse_methyl/raw/GSE120137/fastq/SRR7872051.fastq,1,5649205822,,GSM3394632,SINGLE,Bisulfite-Seq,RANDOM,SRS3796727,SRX4711029,GSM3394632: GES15-04960-746; Mus musculus; Bisulfite-Seq,SAMN10085060,PRJNA491712,1606705300,mapped
GSE120137,SRR7872052,/data/mouse_methyl/raw/GSE120137/fastq/SRR7872052_2.fastq,1,1433724464,2,GSM3394632,SINGLE,Bisulfite-Seq,RANDOM,SRS3796727,SRX4711029,GSM3394632: GES15-04960-746; Mus musculus; Bisulfite-Seq,SAMN10085060,PRJNA491712,96402318,mapped
GSE120137,SRR7872053,/data/mouse_methyl/raw/GSE120137/fastq/SRR7872053.fastq,1,5443429256,,GSM3394633,SINGLE,Bisulfite-Seq,RANDOM,SRS3796729,SRX4711030,GSM3394633: GES15-04961-756; Mus musculus; Bisulfite-Seq,SAMN10085058,PRJNA491712,1548411100,mapped
GSE120137,SRR7872054,/data/mouse_methyl/raw/GSE120137/fastq/SRR7872054_2.fastq,1,1380093800,2,GSM3394633,SINGLE,Bisulfite-Seq,RANDOM,SRS3796729,SRX4711030,GSM3394633: GES15-04961-756; Mus musculus; Bisulfite-Seq,SAMN10085058,PRJNA491712,92904666,mapped
GSE120137,SRR7872055,/data/mouse_methyl/raw/GSE120137/fastq/SRR7872055.fastq,1,7243662738,,GSM3394634,SINGLE,Bisulfite-Seq,RANDOM,SRS3796728,SRX4711031,GSM3394634: GES15-04962-760; Mus musculus; Bisulfite-Seq,SAMN10085056,PRJNA491712,2058404900,mapped
GSE120137,SRR7872056,/data/mouse_methyl/raw/GSE120137/fastq/SRR7872056_2.fastq,1,1849288096,2,GSM3394634,SINGLE,Bisulfite-Seq,RANDOM,SRS3796728,SRX4711031,GSM3394634: GES15-04962-760; Mus musculus; Bisulfite-Seq,SAMN10085056,PRJNA491712,123504294,mapped
GSE120137,SRR7872057,/data/mouse_methyl/raw/GSE120137/fastq/SRR7872057.fastq,1,7124233454,,GSM3394635,SINGLE,Bisulfite-Seq,RANDOM,SRS3796730,SRX4711032,GSM3394635: GES15-04963-823; Mus musculus; Bisulfite-Seq,SAMN10085054,PRJNA491712,2024569700,mapped
GSE120137,SRR7872058,/data/mouse_methyl/raw/GSE120137/fastq/SRR7872058_2.fastq,1,1818159712,2,GSM3394635,SINGLE,Bisulfite-Seq,RANDOM,SRS3796730,SRX4711032,GSM3394635: GES15-04963-823; Mus musculus; Bisulfite-Seq,SAMN10085054,PRJNA491712,121474182,mapped
GSE120137,SRR7872059,/data/mouse_methyl/raw/GSE120137/fastq/SRR7872059.fastq,1,6768278050,,GSM3394636,SINGLE,Bisulfite-Seq,RANDOM,SRS3796732,SRX4711033,GSM3394636: GES15-04964-907; Mus musculus; Bisulfite-Seq,SAMN10085052,PRJNA491712,1923741500,mapped
GSE120137,SRR7872060,/data/mouse_methyl/raw/GSE120137/fastq/SRR7872060_2.fastq,1,1725397768,2,GSM3394636,SINGLE,Bisulfite-Seq,RANDOM,SRS3796732,SRX4711033,GSM3394636: GES15-04964-907; Mus musculus; Bisulfite-Seq,SAMN10085052,PRJNA491712,115424490,mapped
GSE120137,SRR7872061,/data/mouse_methyl/raw/GSE120137/fastq/SRR7872061.fastq,1,6236768486,,GSM3394637,SINGLE,Bisulfite-Seq,RANDOM,SRS3796731,SRX4711034,GSM3394637: GES15-04965-989; Mus musculus; Bisulfite-Seq,SAMN10085050,PRJNA491712,1773159500,mapped
GSE120137,SRR7872062,/data/mouse_methyl/raw/GSE120137/fastq/SRR7872062_2.fastq,1,1586862328,2,GSM3394637,SINGLE,Bisulfite-Seq,RANDOM,SRS3796731,SRX4711034,GSM3394637: GES15-04965-989; Mus musculus; Bisulfite-Seq,SAMN10085050,PRJNA491712,106389570,mapped
GSE120137,SRR7872063,/data/mouse_methyl/raw/GSE120137/fastq/SRR7872063.fastq,1,6660529140,,GSM3394638,SINGLE,Bisulfite-Seq,RANDOM,SRS3796733,SRX4711035,GSM3394638: GES15-04966-1023; Mus musculus; Bisulfite-Seq,SAMN10085117,PRJNA491712,1893207400,mapped
GSE120137,SRR7872064,/data/mouse_methyl/raw/GSE120137/fastq/SRR7872064_2.fastq,1,1697306396,2,GSM3394638,SINGLE,Bisulfite-Seq,RANDOM,SRS3796733,SRX4711035,GSM3394638: GES15-04966-1023; Mus musculus; Bisulfite-Seq,SAMN10085117,PRJNA491712,113592444,mapped
GSE120137,SRR7872065,/data/mouse_methyl/raw/GSE120137/fastq/SRR7872065.fastq,1,6670223702,,GSM3394639,SINGLE,Bisulfite-Seq,RANDOM,SRS3796734,SRX4711036,GSM3394639: GES15-04967-1114; Mus musculus; Bisulfite-Seq,SAMN10085115,PRJNA491712,1895952700,mapped
GSE120137,SRR7872066,/data/mouse_methyl/raw/GSE120137/fastq/SRR7872066_2.fastq,1,1699832072,2,GSM3394639,SINGLE,Bisulfite-Seq,RANDOM,SRS3796734,SRX4711036,GSM3394639: GES15-04967-1114; Mus musculus; Bisulfite-Seq,SAMN10085115,PRJNA491712,113757162,mapped
GSE120137,SRR7872067,/data/mouse_methyl/raw/GSE120137/fastq/SRR7872067.fastq,1,6598585094,,GSM3394640,SINGLE,Bisulfite-Seq,RANDOM,SRS3796735,SRX4711037,GSM3394640: GES15-04968-1163; Mus musculus; Bisulfite-Seq,SAMN10085112,PRJNA491712,1875660400,mapped
GSE120137,SRR7872068,/data/mouse_methyl/raw/GSE120137/fastq/SRR7872068_2.fastq,1,1681163156,2,GSM3394640,SINGLE,Bisulfite-Seq,RANDOM,SRS3796735,SRX4711037,GSM3394640: GES15-04968-1163; Mus musculus; Bisulfite-Seq,SAMN10085112,PRJNA491712,112539624,mapped
GSE120137,SRR7872069,/data/mouse_methyl/raw/GSE120137/fastq/SRR7872069.fastq,1,5049331936,,GSM3394641,SINGLE,Bisulfite-Seq,RANDOM,SRS3796736,SRX4711038,GSM3394641: GES15-04969-1213; Mus musculus; Bisulfite-Seq,SAMN10085108,PRJNA491712,1436761200,mapped
GSE120137,SRR7872070,/data/mouse_methyl/raw/GSE120137/fastq/SRR7872070_2.fastq,1,1277375892,2,GSM3394641,SINGLE,Bisulfite-Seq,RANDOM,SRS3796736,SRX4711038,GSM3394641: GES15-04969-1213; Mus musculus; Bisulfite-Seq,SAMN10085108,PRJNA491712,86205672,mapped
GSE120137,SRR7872071,/data/mouse_methyl/raw/GSE120137/fastq/SRR7872071.fastq,1,5305643428,,GSM3394642,SINGLE,Bisulfite-Seq,RANDOM,SRS3796737,SRX4711039,GSM3394642: GES15-04970-1215; Mus musculus; Bisulfite-Seq,SAMN10085106,PRJNA491712,1509368800,mapped
GSE120137,SRR7872072,/data/mouse_methyl/raw/GSE120137/fastq/SRR7872072_2.fastq,1,1344174884,2,GSM3394642,SINGLE,Bisulfite-Seq,RANDOM,SRS3796737,SRX4711039,GSM3394642: GES15-04970-1215; Mus musculus; Bisulfite-Seq,SAMN10085106,PRJNA491712,90562128,mapped
GSE120137,SRR7872073,/data/mouse_methyl/raw/GSE120137/fastq/SRR7872073.fastq,1,7333274214,,GSM3394643,SINGLE,Bisulfite-Seq,RANDOM,SRS3796738,SRX4711040,GSM3394643: GES15-04971-1279; Mus musculus; Bisulfite-Seq,SAMN10085047,PRJNA491712,2083799900,mapped
GSE120137,SRR7872074,/data/mouse_methyl/raw/GSE120137/fastq/SRR7872074_2.fastq,1,1872651496,2,GSM3394643,SINGLE,Bisulfite-Seq,RANDOM,SRS3796738,SRX4711040,GSM3394643: GES15-04971-1279; Mus musculus; Bisulfite-Seq,SAMN10085047,PRJNA491712,125027994,mapped
GSE120137,SRR7872075,/data/mouse_methyl/raw/GSE120137/fastq/SRR7872075.fastq,1,6268132492,,GSM3394644,SINGLE,Bisulfite-Seq,RANDOM,SRS3796739,SRX4711041,GSM3394644: GES15-04972-765; Mus musculus; Bisulfite-Seq,SAMN10085120,PRJNA491712,1782042900,mapped
GSE120137,SRR7872076,/data/mouse_methyl/raw/GSE120137/fastq/SRR7872076_2.fastq,1,1595035056,2,GSM3394644,SINGLE,Bisulfite-Seq,RANDOM,SRS3796739,SRX4711041,GSM3394644: GES15-04972-765; Mus musculus; Bisulfite-Seq,SAMN10085120,PRJNA491712,106922574,mapped
GSE120137,SRR7872077,/data/mouse_methyl/raw/GSE120137/fastq/SRR7872077.fastq,1,6220944238,,GSM3394645,SINGLE,Bisulfite-Seq,RANDOM,SRS3796740,SRX4711042,GSM3394645: GES15-04973-767; Mus musculus; Bisulfite-Seq,SAMN10085105,PRJNA491712,1768677300,mapped
GSE120137,SRR7872078,/data/mouse_methyl/raw/GSE120137/fastq/SRR7872078_2.fastq,1,1582738704,2,GSM3394645,SINGLE,Bisulfite-Seq,RANDOM,SRS3796740,SRX4711042,GSM3394645: GES15-04973-767; Mus musculus; Bisulfite-Seq,SAMN10085105,PRJNA491712,106120638,mapped
GSE120137,SRR7872079,/data/mouse_methyl/raw/GSE120137/fastq/SRR7872079.fastq,1,5645122314,,GSM3394646,SINGLE,Bisulfite-Seq,RANDOM,SRS3796741,SRX4711043,GSM3394646: GES15-04974-781; Mus musculus; Bisulfite-Seq,SAMN10085102,PRJNA491712,1605550900,mapped
GSE120137,SRR7872080,/data/mouse_methyl/raw/GSE120137/fastq/SRR7872080_2.fastq,1,1432662416,2,GSM3394646,SINGLE,Bisulfite-Seq,RANDOM,SRS3796741,SRX4711043,GSM3394646: GES15-04974-781; Mus musculus; Bisulfite-Seq,SAMN10085102,PRJNA491712,96333054,mapped
GSE120137,SRR7872081,/data/mouse_methyl/raw/GSE120137/fastq/SRR7872081.fastq,1,5507349336,,GSM3394647,SINGLE,Bisulfite-Seq,RANDOM,SRS3796745,SRX4711044,GSM3394647: GES15-04975-795; Mus musculus; Bisulfite-Seq,SAMN10085099,PRJNA491712,1566518200,mapped
GSE120137,SRR7872082,/data/mouse_methyl/raw/GSE120137/fastq/SRR7872082_2.fastq,1,1396752332,2,GSM3394647,SINGLE,Bisulfite-Seq,RANDOM,SRS3796745,SRX4711044,GSM3394647: GES15-04975-795; Mus musculus; Bisulfite-Seq,SAMN10085099,PRJNA491712,93991092,mapped
GSE120137,SRR7872083,/data/mouse_methyl/raw/GSE120137/fastq/SRR7872083.fastq,1,6993477778,,GSM3394648,SINGLE,Bisulfite-Seq,RANDOM,SRS3796742,SRX4711045,GSM3394648: GES15-04976-929; Mus musculus; Bisulfite-Seq,SAMN10085096,PRJNA491712,1987533200,mapped
GSE120137,SRR7872084,/data/mouse_methyl/raw/GSE120137/fastq/SRR7872084_2.fastq,1,1784086132,2,GSM3394648,SINGLE,Bisulfite-Seq,RANDOM,SRS3796742,SRX4711045,GSM3394648: GES15-04976-929; Mus musculus; Bisulfite-Seq,SAMN10085096,PRJNA491712,119251992,mapped
GSE120137,SRR7872085,/data/mouse_methyl/raw/GSE120137/fastq/SRR7872085.fastq,1,6941235770,,GSM3394649,SINGLE,Bisulfite-Seq,RANDOM,SRS3796743,SRX4711046,GSM3394649: GES15-04977-969; Mus musculus; Bisulfite-Seq,SAMN10085093,PRJNA491712,1972735800,mapped
GSE120137,SRR7872086,/data/mouse_methyl/raw/GSE120137/fastq/SRR7872086_2.fastq,1,1770472524,2,GSM3394649,SINGLE,Bisulfite-Seq,RANDOM,SRS3796743,SRX4711046,GSM3394649: GES15-04977-969; Mus musculus; Bisulfite-Seq,SAMN10085093,PRJNA491712,118364148,mapped
GSE120137,SRR7872087,/data/mouse_methyl/raw/GSE120137/fastq/SRR7872087.fastq,1,4313686116,,GSM3394650,SINGLE,Bisulfite-Seq,RANDOM,SRS3796744,SRX4711047,GSM3394650: GES15-04978-972; Mus musculus; Bisulfite-Seq,SAMN10085090,PRJNA491712,1228337000,mapped
GSE120137,SRR7872088,/data/mouse_methyl/raw/GSE120137/fastq/SRR7872088_2.fastq,1,1085625628,2,GSM3394650,SINGLE,Bisulfite-Seq,RANDOM,SRS3796744,SRX4711047,GSM3394650: GES15-04978-972; Mus musculus; Bisulfite-Seq,SAMN10085090,PRJNA491712,73700220,mapped
GSE120137,SRR7872089,/data/mouse_methyl/raw/GSE120137/fastq/SRR7872089.fastq,1,6459913320,,GSM3394651,SINGLE,Bisulfite-Seq,RANDOM,SRS3796746,SRX4711048,GSM3394651: GES15-04979-1057; Mus musculus; Bisulfite-Seq,SAMN10085088,PRJNA491712,1836350600,mapped
GSE120137,SRR7872090,/data/mouse_methyl/raw/GSE120137/fastq/SRR7872090_2.fastq,1,1644998140,2,GSM3394651,SINGLE,Bisulfite-Seq,RANDOM,SRS3796746,SRX4711048,GSM3394651: GES15-04979-1057; Mus musculus; Bisulfite-Seq,SAMN10085088,PRJNA491712,110181036,mapped
GSE120137,SRR7872091,/data/mouse_methyl/raw/GSE120137/fastq/SRR7872091.fastq,1,5842089570,,GSM3394652,SINGLE,Bisulfite-Seq,RANDOM,SRS3796747,SRX4711049,GSM3394652: GES15-04980-1135; Mus musculus; Bisulfite-Seq,SAMN10085044,PRJNA491712,1661328800,mapped
GSE120137,SRR7872092,/data/mouse_methyl/raw/GSE120137/fastq/SRR7872092_2.fastq,1,1483978084,2,GSM3394652,SINGLE,Bisulfite-Seq,RANDOM,SRS3796747,SRX4711049,GSM3394652: GES15-04980-1135; Mus musculus; Bisulfite-Seq,SAMN10085044,PRJNA491712,99679728,mapped
GSE120137,SRR7872093,/data/mouse_methyl/raw/GSE120137/fastq/SRR7872093.fastq,1,6050500652,,GSM3394653,SINGLE,Bisulfite-Seq,RANDOM,SRS3796749,SRX4711050,GSM3394653: GES15-04981-1159; Mus musculus; Bisulfite-Seq,SAMN10085042,PRJNA491712,1720369700,mapped
GSE120137,SRR7872094,/data/mouse_methyl/raw/GSE120137/fastq/SRR7872094_2.fastq,1,1538295712,2,GSM3394653,SINGLE,Bisulfite-Seq,RANDOM,SRS3796749,SRX4711050,GSM3394653: GES15-04981-1159; Mus musculus; Bisulfite-Seq,SAMN10085042,PRJNA491712,103222182,mapped
GSE120137,SRR7872095,/data/mouse_methyl/raw/GSE120137/fastq/SRR7872095.fastq,1,6445507544,,GSM3394654,SINGLE,Bisulfite-Seq,RANDOM,SRS3796748,SRX4711051,GSM3394654: GES15-04982-804; Mus musculus; Bisulfite-Seq,SAMN10085040,PRJNA491712,1832275500,mapped
GSE120137,SRR7872096,/data/mouse_methyl/raw/GSE120137/fastq/SRR7872096_2.fastq,1,1641249048,2,GSM3394654,SINGLE,Bisulfite-Seq,RANDOM,SRS3796748,SRX4711051,GSM3394654: GES15-04982-804; Mus musculus; Bisulfite-Seq,SAMN10085040,PRJNA491712,109936530,mapped
GSE120137,SRR7872097,/data/mouse_methyl/raw/GSE120137/fastq/SRR7872097.fastq,1,4941954240,,GSM3394655,SINGLE,Bisulfite-Seq,RANDOM,SRS3796750,SRX4711052,GSM3394655: GES15-04983-1042; Mus musculus; Bisulfite-Seq,SAMN10085086,PRJNA491712,1406323400,mapped
GSE120137,SRR7872098,/data/mouse_methyl/raw/GSE120137/fastq/SRR7872098_2.fastq,1,1249373116,2,GSM3394655,SINGLE,Bisulfite-Seq,RANDOM,SRS3796750,SRX4711052,GSM3394655: GES15-04983-1042; Mus musculus; Bisulfite-Seq,SAMN10085086,PRJNA491712,84379404,mapped
GSE120137,SRR7872099,/data/mouse_methyl/raw/GSE120137/fastq/SRR7872099.fastq,1,6537888202,,GSM3394656,SINGLE,Bisulfite-Seq,RANDOM,SRS3796751,SRX4711053,GSM3394656: GES15-04984-1076; Mus musculus; Bisulfite-Seq,SAMN10085084,PRJNA491712,1858445200,mapped
GSE120137,SRR7872100,/data/mouse_methyl/raw/GSE120137/fastq/SRR7872100_2.fastq,1,1665325172,2,GSM3394656,SINGLE,Bisulfite-Seq,RANDOM,SRS3796751,SRX4711053,GSM3394656: GES15-04984-1076; Mus musculus; Bisulfite-Seq,SAMN10085084,PRJNA491712,111506712,mapped
GSE120137,SRR7872101,/data/mouse_methyl/raw/GSE120137/fastq/SRR7872101.fastq,1,6614608364,,GSM3394657,SINGLE,Bisulfite-Seq,RANDOM,SRS3796753,SRX4711054,GSM3394657: GES15-04985-1138; Mus musculus; Bisulfite-Seq,SAMN10085147,PRJNA491712,1880181400,mapped
GSE120137,SRR7872102,/data/mouse_methyl/raw/GSE120137/fastq/SRR7872102_2.fastq,1,1685322476,2,GSM3394657,SINGLE,Bisulfite-Seq,RANDOM,SRS3796753,SRX4711054,GSM3394657: GES15-04985-1138; Mus musculus; Bisulfite-Seq,SAMN10085147,PRJNA491712,112810884,mapped
GSE120137,SRR7872103,/data/mouse_methyl/raw/GSE120137/fastq/SRR7872103.fastq,1,6354097788,,GSM3394658,SINGLE,Bisulfite-Seq,RANDOM,SRS3796752,SRX4711055,GSM3394658: GES15-04986-1153; Mus musculus; Bisulfite-Seq,SAMN10085045,PRJNA491712,1806374100,mapped
GSE120137,SRR7872104,/data/mouse_methyl/raw/GSE120137/fastq/SRR7872104_2.fastq,1,1617419760,2,GSM3394658,SINGLE,Bisulfite-Seq,RANDOM,SRS3796752,SRX4711055,GSM3394658: GES15-04986-1153; Mus musculus; Bisulfite-Seq,SAMN10085045,PRJNA491712,108382446,mapped
GSE120137,SRR7872105,/data/mouse_methyl/raw/GSE120137/fastq/SRR7872105.fastq,1,6964219832,,GSM3394659,SINGLE,Bisulfite-Seq,RANDOM,SRS3796754,SRX4711056,GSM3394659: GES15-04987-1193; Mus musculus; Bisulfite-Seq,SAMN10085081,PRJNA491712,1979224200,mapped
GSE120137,SRR7872106,/data/mouse_methyl/raw/GSE120137/fastq/SRR7872106_2.fastq,1,1776441852,2,GSM3394659,SINGLE,Bisulfite-Seq,RANDOM,SRS3796754,SRX4711056,GSM3394659: GES15-04987-1193; Mus musculus; Bisulfite-Seq,SAMN10085081,PRJNA491712,118753452,mapped
GSE120137,SRR7872107,/data/mouse_methyl/raw/GSE120137/fastq/SRR7872107.fastq,1,5625343040,,GSM3394660,SINGLE,Bisulfite-Seq,RANDOM,SRS3796755,SRX4711057,GSM3394660: GES15-04988-1196; Mus musculus; Bisulfite-Seq,SAMN10085079,PRJNA491712,1599928000,mapped
GSE120137,SRR7872108,/data/mouse_methyl/raw/GSE120137/fastq/SRR7872108_2.fastq,1,1427489348,2,GSM3394660,SINGLE,Bisulfite-Seq,RANDOM,SRS3796755,SRX4711057,GSM3394660: GES15-04988-1196; Mus musculus; Bisulfite-Seq,SAMN10085079,PRJNA491712,95995680,mapped
GSE120137,SRR7872109,/data/mouse_methyl/raw/GSE120137/fastq/SRR7872109.fastq,1,5392062050,,GSM3394661,SINGLE,Bisulfite-Seq,RANDOM,SRS3796756,SRX4711058,GSM3394661: GES15-04989-1218; Mus musculus; Bisulfite-Seq,SAMN10085077,PRJNA491712,1533833000,mapped
GSE120137,SRR7872110,/data/mouse_methyl/raw/GSE120137/fastq/SRR7872110_2.fastq,1,1366681948,2,GSM3394661,SINGLE,Bisulfite-Seq,RANDOM,SRS3796756,SRX4711058,GSM3394661: GES15-04989-1218; Mus musculus; Bisulfite-Seq,SAMN10085077,PRJNA491712,92029980,mapped
GSE120137,SRR7872111,/data/mouse_methyl/raw/GSE120137/fastq/SRR7872111.fastq,1,6898331500,,GSM3394662,SINGLE,Bisulfite-Seq,RANDOM,SRS3796757,SRX4711059,GSM3394662: GES15-04990-1252; Mus musculus; Bisulfite-Seq,SAMN10085075,PRJNA491712,1960573500,mapped
GSE120137,SRR7872112,/data/mouse_methyl/raw/GSE120137/fastq/SRR7872112_2.fastq,1,1759283208,2,GSM3394662,SINGLE,Bisulfite-Seq,RANDOM,SRS3796757,SRX4711059,GSM3394662: GES15-04990-1252; Mus musculus; Bisulfite-Seq,SAMN10085075,PRJNA491712,117634410,mapped
GSE120137,SRR7872113,/data/mouse_methyl/raw/GSE120137/fastq/SRR7872113.fastq,1,4821351450,,GSM3394663,SINGLE,Bisulfite-Seq,RANDOM,SRS3796758,SRX4711060,GSM3394663: GES15-04991-661; Mus musculus; Bisulfite-Seq,SAMN10085073,PRJNA491712,1372170400,mapped
GSE120137,SRR7872114,/data/mouse_methyl/raw/GSE120137/fastq/SRR7872114_2.fastq,1,1217952356,2,GSM3394663,SINGLE,Bisulfite-Seq,RANDOM,SRS3796758,SRX4711060,GSM3394663: GES15-04991-661; Mus musculus; Bisulfite-Seq,SAMN10085073,PRJNA491712,82330224,mapped
GSE120137,SRR7872115,/data/mouse_methyl/raw/GSE120137/fastq/SRR7872115.fastq,1,6813497086,,GSM3394664,SINGLE,Bisulfite-Seq,RANDOM,SRS3796759,SRX4711061,GSM3394664: GES15-04992-723; Mus musculus; Bisulfite-Seq,SAMN10085071,PRJNA491712,1936537300,mapped
GSE120137,SRR7872116,/data/mouse_methyl/raw/GSE120137/fastq/SRR7872116_2.fastq,1,1737169904,2,GSM3394664,SINGLE,Bisulfite-Seq,RANDOM,SRS3796759,SRX4711061,GSM3394664: GES15-04992-723; Mus musculus; Bisulfite-Seq,SAMN10085071,PRJNA491712,116192238,mapped
GSE120137,SRR7872117,/data/mouse_methyl/raw/GSE120137/fastq/SRR7872117.fastq,1,6436836024,,GSM3394665,SINGLE,Bisulfite-Seq,RANDOM,SRS3796760,SRX4711062,GSM3394665: GES15-04993-828; Mus musculus; Bisulfite-Seq,SAMN10085069,PRJNA491712,1829833700,mapped
GSE120137,SRR7872118,/data/mouse_methyl/raw/GSE120137/fastq/SRR7872118_2.fastq,1,1639002592,2,GSM3394665,SINGLE,Bisulfite-Seq,RANDOM,SRS3796760,SRX4711062,GSM3394665: GES15-04993-828; Mus musculus; Bisulfite-Seq,SAMN10085069,PRJNA491712,109790022,mapped
GSE120137,SRR7872119,/data/mouse_methyl/raw/GSE120137/fastq/SRR7872119.fastq,1,7418126470,,GSM3394666,SINGLE,Bisulfite-Seq,RANDOM,SRS3796761,SRX4711063,GSM3394666: GES15-04994-959; Mus musculus; Bisulfite-Seq,SAMN10085237,PRJNA491712,2107828500,mapped
GSE120137,SRR7872120,/data/mouse_methyl/raw/GSE120137/fastq/SRR7872120_2.fastq,1,1894757808,2,GSM3394666,SINGLE,Bisulfite-Seq,RANDOM,SRS3796761,SRX4711063,GSM3394666: GES15-04994-959; Mus musculus; Bisulfite-Seq,SAMN10085237,PRJNA491712,126469710,mapped
GSE120137,SRR7872121,/data/mouse_methyl/raw/GSE120137/fastq/SRR7872121.fastq,1,7958442306,,GSM3394667,SINGLE,Bisulfite-Seq,RANDOM,SRS3796762,SRX4711064,GSM3394667: GES15-04995-960; Mus musculus; Bisulfite-Seq,SAMN10085533,PRJNA491712,2260896900,mapped
GSE120137,SRR7872122,/data/mouse_methyl/raw/GSE120137/fastq/SRR7872122_2.fastq,1,2035580736,2,GSM3394667,SINGLE,Bisulfite-Seq,RANDOM,SRS3796762,SRX4711064,GSM3394667: GES15-04995-960; Mus musculus; Bisulfite-Seq,SAMN10085533,PRJNA491712,135653814,mapped
GSE120137,SRR7872123,/data/mouse_methyl/raw/GSE120137/fastq/SRR7872123.fastq,1,6495863954,,GSM3394668,SINGLE,Bisulfite-Seq,RANDOM,SRS3796763,SRX4711065,GSM3394668: GES15-04996-982; Mus musculus; Bisulfite-Seq,SAMN10085531,PRJNA491712,1846553900,mapped
GSE120137,SRR7872124,/data/mouse_methyl/raw/GSE120137/fastq/SRR7872124_2.fastq,1,1654385176,2,GSM3394668,SINGLE,Bisulfite-Seq,RANDOM,SRS3796763,SRX4711065,GSM3394668: GES15-04996-982; Mus musculus; Bisulfite-Seq,SAMN10085531,PRJNA491712,110793234,mapped
GSE120137,SRR7872125,/data/mouse_methyl/raw/GSE120137/fastq/SRR7872125.fastq,1,5694412608,,GSM3394669,SINGLE,Bisulfite-Seq,RANDOM,SRS3796764,SRX4711066,GSM3394669: GES15-04997-1181; Mus musculus; Bisulfite-Seq,SAMN10085529,PRJNA491712,1619504700,mapped
GSE120137,SRR7872126,/data/mouse_methyl/raw/GSE120137/fastq/SRR7872126_2.fastq,1,1445499912,2,GSM3394669,SINGLE,Bisulfite-Seq,RANDOM,SRS3796764,SRX4711066,GSM3394669: GES15-04997-1181; Mus musculus; Bisulfite-Seq,SAMN10085529,PRJNA491712,97170282,mapped
GSE120137,SRR7872127,/data/mouse_methyl/raw/GSE120137/fastq/SRR7872127.fastq,1,6333401048,,GSM3394670,SINGLE,Bisulfite-Seq,RANDOM,SRS3796765,SRX4711067,GSM3394670: GES15-04998-1285; Mus musculus; Bisulfite-Seq,SAMN10085570,PRJNA491712,1800529400,mapped
GSE120137,SRR7872128,/data/mouse_methyl/raw/GSE120137/fastq/SRR7872128_2.fastq,1,1612042636,2,GSM3394670,SINGLE,Bisulfite-Seq,RANDOM,SRS3796765,SRX4711067,GSM3394670: GES15-04998-1285; Mus musculus; Bisulfite-Seq,SAMN10085570,PRJNA491712,108031764,mapped
GSE120137,SRR7872129,/data/mouse_methyl/raw/GSE120137/fastq/SRR7872129.fastq,1,5236225704,,GSM3394671,SINGLE,Bisulfite-Seq,RANDOM,SRS3796766,SRX4711068,GSM3394671: GES15-04999-701; Mus musculus; Bisulfite-Seq,SAMN10085568,PRJNA491712,1489699600,mapped
GSE120137,SRR7872130,/data/mouse_methyl/raw/GSE120137/fastq/SRR7872130_2.fastq,1,1326079220,2,GSM3394671,SINGLE,Bisulfite-Seq,RANDOM,SRS3796766,SRX4711068,GSM3394671: GES15-04999-701; Mus musculus; Bisulfite-Seq,SAMN10085568,PRJNA491712,89381976,mapped
GSE120137,SRR7872131,/data/mouse_methyl/raw/GSE120137/fastq/SRR7872131.fastq,1,4725087002,,GSM3394672,SINGLE,Bisulfite-Seq,RANDOM,SRS3796767,SRX4711069,GSM3394672: GES15-05000-763; Mus musculus; Bisulfite-Seq,SAMN10085065,PRJNA491712,1344899900,mapped
GSE120137,SRR7872132,/data/mouse_methyl/raw/GSE120137/fastq/SRR7872132_2.fastq,1,1192863496,2,GSM3394672,SINGLE,Bisulfite-Seq,RANDOM,SRS3796767,SRX4711069,GSM3394672: GES15-05000-763; Mus musculus; Bisulfite-Seq,SAMN10085065,PRJNA491712,80693994,mapped
GSE120137,SRR7872133,/data/mouse_methyl/raw/GSE120137/fastq/SRR7872133.fastq,1,6113741856,,GSM3394673,SINGLE,Bisulfite-Seq,RANDOM,SRS3796768,SRX4711070,GSM3394673: GES15-05001-776; Mus musculus; Bisulfite-Seq,SAMN10085238,PRJNA491712,1738300000,mapped
GSE120137,SRR7872134,/data/mouse_methyl/raw/GSE120137/fastq/SRR7872134_2.fastq,1,1554791588,2,GSM3394673,SINGLE,Bisulfite-Seq,RANDOM,SRS3796768,SRX4711070,GSM3394673: GES15-05001-776; Mus musculus; Bisulfite-Seq,SAMN10085238,PRJNA491712,104298000,mapped
GSE120137,SRR7872135,/data/mouse_methyl/raw/GSE120137/fastq/SRR7872135.fastq,1,8802967190,,GSM3394674,SINGLE,Bisulfite-Seq,RANDOM,SRS3796769,SRX4711071,GSM3394674: GES15-05002-777; Mus musculus; Bisulfite-Seq,SAMN10085567,PRJNA491712,2500160200,mapped
GSE120137,SRR7872136,/data/mouse_methyl/raw/GSE120137/fastq/SRR7872136_2.fastq,1,2255702972,2,GSM3394674,SINGLE,Bisulfite-Seq,RANDOM,SRS3796769,SRX4711071,GSM3394674: GES15-05002-777; Mus musculus; Bisulfite-Seq,SAMN10085567,PRJNA491712,150009612,mapped
GSE120137,SRR7872137,/data/mouse_methyl/raw/GSE120137/fastq/SRR7872137.fastq,1,6303401362,,GSM3394675,SINGLE,Bisulfite-Seq,RANDOM,SRS3796770,SRX4711072,GSM3394675: GES15-05003-938; Mus musculus; Bisulfite-Seq,SAMN10085565,PRJNA491712,1792040100,mapped
GSE120137,SRR7872138,/data/mouse_methyl/raw/GSE120137/fastq/SRR7872138_2.fastq,1,1604232480,2,GSM3394675,SINGLE,Bisulfite-Seq,RANDOM,SRS3796770,SRX4711072,GSM3394675: GES15-05003-938; Mus musculus; Bisulfite-Seq,SAMN10085565,PRJNA491712,107522406,mapped
GSE120137,SRR7872139,/data/mouse_methyl/raw/GSE120137/fastq/SRR7872139.fastq,1,8240253240,,GSM3394676,SINGLE,Bisulfite-Seq,RANDOM,SRS3796771,SRX4711073,GSM3394676: GES15-05004-940; Mus musculus; Bisulfite-Seq,SAMN10085562,PRJNA491712,2340744500,mapped
GSE120137,SRR7872140,/data/mouse_methyl/raw/GSE120137/fastq/SRR7872140_2.fastq,1,2109040528,2,GSM3394676,SINGLE,Bisulfite-Seq,RANDOM,SRS3796771,SRX4711073,GSM3394676: GES15-05004-940; Mus musculus; Bisulfite-Seq,SAMN10085562,PRJNA491712,140444670,mapped
GSE120137,SRR7872141,/data/mouse_methyl/raw/GSE120137/fastq/SRR7872141.fastq,1,6684583550,,GSM3394677,SINGLE,Bisulfite-Seq,RANDOM,SRS3796772,SRX4711074,GSM3394677: GES15-05005-952; Mus musculus; Bisulfite-Seq,SAMN10085561,PRJNA491712,1900027500,mapped
GSE120137,SRR7872142,/data/mouse_methyl/raw/GSE120137/fastq/SRR7872142_2.fastq,1,1703580888,2,GSM3394677,SINGLE,Bisulfite-Seq,RANDOM,SRS3796772,SRX4711074,GSM3394677: GES15-05005-952; Mus musculus; Bisulfite-Seq,SAMN10085561,PRJNA491712,114001650,mapped
GSE120137,SRR7872143,/data/mouse_methyl/raw/GSE120137/fastq/SRR7872143.fastq,1,7218218796,,GSM3394678,SINGLE,Bisulfite-Seq,RANDOM,SRS3796773,SRX4711075,GSM3394678: GES15-05006-1007; Mus musculus; Bisulfite-Seq,SAMN10085560,PRJNA491712,2051203700,mapped
GSE120137,SRR7872144,/data/mouse_methyl/raw/GSE120137/fastq/SRR7872144_2.fastq,1,1842662992,2,GSM3394678,SINGLE,Bisulfite-Seq,RANDOM,SRS3796773,SRX4711075,GSM3394678: GES15-05006-1007; Mus musculus; Bisulfite-Seq,SAMN10085560,PRJNA491712,123072222,mapped
GSE120137,SRR7872145,/data/mouse_methyl/raw/GSE120137/fastq/SRR7872145.fastq,1,6608470354,,GSM3394679,SINGLE,Bisulfite-Seq,RANDOM,SRS3796775,SRX4711076,GSM3394679: GES15-05007-1131; Mus musculus; Bisulfite-Seq,SAMN10085559,PRJNA491712,1878465200,mapped
GSE120137,SRR7872146,/data/mouse_methyl/raw/GSE120137/fastq/SRR7872146_2.fastq,1,1683743572,2,GSM3394679,SINGLE,Bisulfite-Seq,RANDOM,SRS3796775,SRX4711076,GSM3394679: GES15-05007-1131; Mus musculus; Bisulfite-Seq,SAMN10085559,PRJNA491712,112707912,mapped
GSE120137,SRR7872147,/data/mouse_methyl/raw/GSE120137/fastq/SRR7872147.fastq,1,7441828398,,GSM3394680,SINGLE,Bisulfite-Seq,RANDOM,SRS3796774,SRX4711077,GSM3394680: GES15-05008-1149; Mus musculus; Bisulfite-Seq,SAMN10085558,PRJNA491712,2114547900,mapped
GSE120137,SRR7872148,/data/mouse_methyl/raw/GSE120137/fastq/SRR7872148_2.fastq,1,1900939656,2,GSM3394680,SINGLE,Bisulfite-Seq,RANDOM,SRS3796774,SRX4711077,GSM3394680: GES15-05008-1149; Mus musculus; Bisulfite-Seq,SAMN10085558,PRJNA491712,126872874,mapped
GSE120137,SRR7872149,/data/mouse_methyl/raw/GSE120137/fastq/SRR7872149.fastq,1,7766385294,,GSM3394681,SINGLE,Bisulfite-Seq,RANDOM,SRS3796776,SRX4711078,GSM3394681: GES15-05009-1157; Mus musculus; Bisulfite-Seq,SAMN10085557,PRJNA491712,2206500600,mapped
GSE120137,SRR7872150,/data/mouse_methyl/raw/GSE120137/fastq/SRR7872150_2.fastq,1,1985536140,2,GSM3394681,SINGLE,Bisulfite-Seq,RANDOM,SRS3796776,SRX4711078,GSM3394681: GES15-05009-1157; Mus musculus; Bisulfite-Seq,SAMN10085557,PRJNA491712,132390036,mapped
GSE120137,SRR7872151,/data/mouse_methyl/raw/GSE120137/fastq/SRR7872151.fastq,1,5904493900,,GSM3394682,SINGLE,Bisulfite-Seq,RANDOM,SRS3796777,SRX4711079,GSM3394682: GES15-05010-1041; Mus musculus; Bisulfite-Seq,SAMN10085556,PRJNA491712,1679023100,mapped
GSE120137,SRR7872152,/data/mouse_methyl/raw/GSE120137/fastq/SRR7872152_2.fastq,1,1500256840,2,GSM3394682,SINGLE,Bisulfite-Seq,RANDOM,SRS3796777,SRX4711079,GSM3394682: GES15-05010-1041; Mus musculus; Bisulfite-Seq,SAMN10085556,PRJNA491712,100741386,mapped
GSE120137,SRR7872153,/data/mouse_methyl/raw/GSE120137/fastq/SRR7872153.fastq,1,7596326566,,GSM3394683,SINGLE,Bisulfite-Seq,RANDOM,SRS3796778,SRX4711080,GSM3394683: GES15-05011-1199; Mus musculus; Bisulfite-Seq,SAMN10085555,PRJNA491712,2158317400,mapped
GSE120137,SRR7872154,/data/mouse_methyl/raw/GSE120137/fastq/SRR7872154_2.fastq,1,1941207596,2,GSM3394683,SINGLE,Bisulfite-Seq,RANDOM,SRS3796778,SRX4711080,GSM3394683: GES15-05011-1199; Mus musculus; Bisulfite-Seq,SAMN10085555,PRJNA491712,129499044,mapped
GSE120137,SRR7872155,/data/mouse_methyl/raw/GSE120137/fastq/SRR7872155.fastq,1,7127610824,,GSM3394684,SINGLE,Bisulfite-Seq,RANDOM,SRS3796779,SRX4711081,GSM3394684: GES15-05012-1200; Mus musculus; Bisulfite-Seq,SAMN10085554,PRJNA491712,2025537400,mapped
GSE120137,SRR7872156,/data/mouse_methyl/raw/GSE120137/fastq/SRR7872156_2.fastq,1,1819049996,2,GSM3394684,SINGLE,Bisulfite-Seq,RANDOM,SRS3796779,SRX4711081,GSM3394684: GES15-05012-1200; Mus musculus; Bisulfite-Seq,SAMN10085554,PRJNA491712,121532244,mapped
GSE120137,SRR7872157,/data/mouse_methyl/raw/GSE120137/fastq/SRR7872157.fastq,1,7014621506,,GSM3394685,SINGLE,Bisulfite-Seq,RANDOM,SRS3796780,SRX4711082,GSM3394685: GES15-05013-1237; Mus musculus; Bisulfite-Seq,SAMN10085553,PRJNA491712,1993524200,mapped
GSE120137,SRR7872158,/data/mouse_methyl/raw/GSE120137/fastq/SRR7872158_2.fastq,1,1789597852,2,GSM3394685,SINGLE,Bisulfite-Seq,RANDOM,SRS3796780,SRX4711082,GSM3394685: GES15-05013-1237; Mus musculus; Bisulfite-Seq,SAMN10085553,PRJNA491712,119611452,mapped
GSE120137,SRR7872159,/data/mouse_methyl/raw/GSE120137/fastq/SRR7872159.fastq,1,6018550718,,GSM3394686,SINGLE,Bisulfite-Seq,RANDOM,SRS3796781,SRX4711083,GSM3394686: GES15-05014-1268; Mus musculus; Bisulfite-Seq,SAMN10085552,PRJNA491712,1711329700,mapped
GSE120137,SRR7872160,/data/mouse_methyl/raw/GSE120137/fastq/SRR7872160_2.fastq,1,1529978912,2,GSM3394686,SINGLE,Bisulfite-Seq,RANDOM,SRS3796781,SRX4711083,GSM3394686: GES15-05014-1268; Mus musculus; Bisulfite-Seq,SAMN10085552,PRJNA491712,102679782,mapped
GSE120137,SRR7872161,/data/mouse_methyl/raw/GSE120137/fastq/SRR7872161.fastq,1,6093360404,,GSM3394687,SINGLE,Bisulfite-Seq,RANDOM,SRS3796783,SRX4711084,GSM3394687: GES15-05015-698; Mus musculus; Bisulfite-Seq,SAMN10085551,PRJNA491712,1732521200,mapped
GSE120137,SRR7872162,/data/mouse_methyl/raw/GSE120137/fastq/SRR7872162_2.fastq,1,1549475092,2,GSM3394687,SINGLE,Bisulfite-Seq,RANDOM,SRS3796783,SRX4711084,GSM3394687: GES15-05015-698; Mus musculus; Bisulfite-Seq,SAMN10085551,PRJNA491712,103951272,mapped
GSE120137,SRR7872163,/data/mouse_methyl/raw/GSE120137/fastq/SRR7872163.fastq,1,5920265986,,GSM3394688,SINGLE,Bisulfite-Seq,RANDOM,SRS3796782,SRX4711085,GSM3394688: GES15-05016-956; Mus musculus; Bisulfite-Seq,SAMN10085601,PRJNA491712,1683485900,mapped
GSE120137,SRR7872164,/data/mouse_methyl/raw/GSE120137/fastq/SRR7872164_2.fastq,1,1504362616,2,GSM3394688,SINGLE,Bisulfite-Seq,RANDOM,SRS3796782,SRX4711085,GSM3394688: GES15-05016-956; Mus musculus; Bisulfite-Seq,SAMN10085601,PRJNA491712,101009154,mapped
GSE120137,SRR7872165,/data/mouse_methyl/raw/GSE120137/fastq/SRR7872165.fastq,1,6871118334,,GSM3394689,SINGLE,Bisulfite-Seq,RANDOM,SRS3796784,SRX4711086,GSM3394689: GES15-05017-992; Mus musculus; Bisulfite-Seq,SAMN10085600,PRJNA491712,1952857100,mapped
GSE120137,SRR7872166,/data/mouse_methyl/raw/GSE120137/fastq/SRR7872166_2.fastq,1,1752184120,2,GSM3394689,SINGLE,Bisulfite-Seq,RANDOM,SRS3796784,SRX4711086,GSM3394689: GES15-05017-992; Mus musculus; Bisulfite-Seq,SAMN10085600,PRJNA491712,117171426,mapped
GSE120137,SRR7872167,/data/mouse_methyl/raw/GSE120137/fastq/SRR7872167.fastq,1,7538938836,,GSM3394690,SINGLE,Bisulfite-Seq,RANDOM,SRS3796785,SRX4711087,GSM3394690: GES15-05018-995; Mus musculus; Bisulfite-Seq,SAMN10085599,PRJNA491712,2142047300,mapped
GSE120137,SRR7872168,/data/mouse_methyl/raw/GSE120137/fastq/SRR7872168_2.fastq,1,1926239104,2,GSM3394690,SINGLE,Bisulfite-Seq,RANDOM,SRS3796785,SRX4711087,GSM3394690: GES15-05018-995; Mus musculus; Bisulfite-Seq,SAMN10085599,PRJNA491712,128522838,mapped
GSE120137,SRR7872169,/data/mouse_methyl/raw/GSE120137/fastq/SRR7872169.fastq,1,7432380202,,GSM3394691,SINGLE,Bisulfite-Seq,RANDOM,SRS3796786,SRX4711088,GSM3394691: GES15-05019-1103; Mus musculus; Bisulfite-Seq,SAMN10085598,PRJNA491712,2111861100,mapped
GSE120137,SRR7872170,/data/mouse_methyl/raw/GSE120137/fastq/SRR7872170_2.fastq,1,1898467800,2,GSM3394691,SINGLE,Bisulfite-Seq,RANDOM,SRS3796786,SRX4711088,GSM3394691: GES15-05019-1103; Mus musculus; Bisulfite-Seq,SAMN10085598,PRJNA491712,126711666,mapped
GSE120137,SRR7872171,/data/mouse_methyl/raw/GSE120137/fastq/SRR7872171.fastq,1,7975738432,,GSM3394692,SINGLE,Bisulfite-Seq,RANDOM,SRS3796787,SRX4711089,GSM3394692: GES15-05020-1115; Mus musculus; Bisulfite-Seq,SAMN10085597,PRJNA491712,2265790800,mapped
GSE120137,SRR7872172,/data/mouse_methyl/raw/GSE120137/fastq/SRR7872172_2.fastq,1,2040083124,2,GSM3394692,SINGLE,Bisulfite-Seq,RANDOM,SRS3796787,SRX4711089,GSM3394692: GES15-05020-1115; Mus musculus; Bisulfite-Seq,SAMN10085597,PRJNA491712,135947448,mapped
GSE120137,SRR7872173,/data/mouse_methyl/raw/GSE120137/fastq/SRR7872173.fastq,1,7934394514,,GSM3394693,SINGLE,Bisulfite-Seq,RANDOM,SRS3796789,SRX4711090,GSM3394693: GES15-05021-1311; Mus musculus; Bisulfite-Seq,SAMN10085550,PRJNA491712,2254083000,mapped
GSE120137,SRR7872174,/data/mouse_methyl/raw/GSE120137/fastq/SRR7872174_2.fastq,1,2029311948,2,GSM3394693,SINGLE,Bisulfite-Seq,RANDOM,SRS3796789,SRX4711090,GSM3394693: GES15-05021-1311; Mus musculus; Bisulfite-Seq,SAMN10085550,PRJNA491712,135244980,mapped
GSE120137,SRR7872175,/data/mouse_methyl/raw/GSE120137/fastq/SRR7872175.fastq,1,6876265074,,GSM3394694,SINGLE,Bisulfite-Seq,RANDOM,SRS3796788,SRX4711091,GSM3394694: GES15-05022-1010; Mus musculus; Bisulfite-Seq,SAMN10085602,PRJNA491712,1954318500,mapped
GSE120137,SRR7872176,/data/mouse_methyl/raw/GSE120137/fastq/SRR7872176_2.fastq,1,1753528608,2,GSM3394694,SINGLE,Bisulfite-Seq,RANDOM,SRS3796788,SRX4711091,GSM3394694: GES15-05022-1010; Mus musculus; Bisulfite-Seq,SAMN10085602,PRJNA491712,117259110,mapped
GSE120137,SRR7872177,/data/mouse_methyl/raw/GSE120137/fastq/SRR7872177.fastq,1,6868378890,,GSM3394695,SINGLE,Bisulfite-Seq,RANDOM,SRS3796790,SRX4711092,GSM3394695: GES15-05023-1031; Mus musculus; Bisulfite-Seq,SAMN10085596,PRJNA491712,1952083700,mapped
GSE120137,SRR7872178,/data/mouse_methyl/raw/GSE120137/fastq/SRR7872178_2.fastq,1,1751472592,2,GSM3394695,SINGLE,Bisulfite-Seq,RANDOM,SRS3796790,SRX4711092,GSM3394695: GES15-05023-1031; Mus musculus; Bisulfite-Seq,SAMN10085596,PRJNA491712,117125022,mapped
GSE120137,SRR7872179,/data/mouse_methyl/raw/GSE120137/fastq/SRR7872179.fastq,1,6760618172,,GSM3394696,SINGLE,Bisulfite-Seq,RANDOM,SRS3796791,SRX4711093,GSM3394696: GES15-05024-1093; Mus musculus; Bisulfite-Seq,SAMN10085595,PRJNA491712,1921552200,mapped
GSE120137,SRR7872180,/data/mouse_methyl/raw/GSE120137/fastq/SRR7872180_2.fastq,1,1723383612,2,GSM3394696,SINGLE,Bisulfite-Seq,RANDOM,SRS3796791,SRX4711093,GSM3394696: GES15-05024-1093; Mus musculus; Bisulfite-Seq,SAMN10085595,PRJNA491712,115293132,mapped
GSE120137,SRR7872181,/data/mouse_methyl/raw/GSE120137/fastq/SRR7872181.fastq,1,7664929640,,GSM3394697,SINGLE,Bisulfite-Seq,RANDOM,SRS3796792,SRX4711094,GSM3394697: GES15-05025-1077; Mus musculus; Bisulfite-Seq,SAMN10085594,PRJNA491712,2177741500,mapped
GSE120137,SRR7872182,/data/mouse_methyl/raw/GSE120137/fastq/SRR7872182_2.fastq,1,1959077768,2,GSM3394697,SINGLE,Bisulfite-Seq,RANDOM,SRS3796792,SRX4711094,GSM3394697: GES15-05025-1077; Mus musculus; Bisulfite-Seq,SAMN10085594,PRJNA491712,130664490,mapped
GSE120137,SRR7872183,/data/mouse_methyl/raw/GSE120137/fastq/SRR7872183.fastq,1,6820864962,,GSM3394698,SINGLE,Bisulfite-Seq,RANDOM,SRS3796793,SRX4711095,GSM3394698: GES15-05026-1290; Mus musculus; Bisulfite-Seq,SAMN10085593,PRJNA491712,1938611000,mapped
GSE120137,SRR7872184,/data/mouse_methyl/raw/GSE120137/fastq/SRR7872184_2.fastq,1,1739077708,2,GSM3394698,SINGLE,Bisulfite-Seq,RANDOM,SRS3796793,SRX4711095,GSM3394698: GES15-05026-1290; Mus musculus; Bisulfite-Seq,SAMN10085593,PRJNA491712,116316660,mapped
GSE120137,SRR7872185,/data/mouse_methyl/raw/GSE120137/fastq/SRR7872185.fastq,1,8246299942,,GSM3394699,SINGLE,Bisulfite-Seq,RANDOM,SRS3796794,SRX4711096,GSM3394699: GES15-05027-696; Mus musculus; Bisulfite-Seq,SAMN10085592,PRJNA491712,2342427200,mapped
GSE120137,SRR7872186,/data/mouse_methyl/raw/GSE120137/fastq/SRR7872186_2.fastq,1,2110588612,2,GSM3394699,SINGLE,Bisulfite-Seq,RANDOM,SRS3796794,SRX4711096,GSM3394699: GES15-05027-696; Mus musculus; Bisulfite-Seq,SAMN10085592,PRJNA491712,140545632,mapped
GSE120137,SRR7872188,/data/mouse_methyl/raw/GSE120137/fastq/SRR7872188_2.fastq,1,1610862736,2,GSM3394700,SINGLE,Bisulfite-Seq,RANDOM,SRS3796795,SRX4711097,GSM3394700: GES15-05028-957; Mus musculus; Bisulfite-Seq,SAMN10085591,PRJNA491712,107954814,mapped
GSE120137,SRR7872189,/data/mouse_methyl/raw/GSE120137/fastq/SRR7872189.fastq,1,7620705536,,GSM3394701,SINGLE,Bisulfite-Seq,RANDOM,SRS3796796,SRX4711098,GSM3394701: GES15-05029-981; Mus musculus; Bisulfite-Seq,SAMN10085629,PRJNA491712,2165204700,mapped
GSE120137,SRR7872190,/data/mouse_methyl/raw/GSE120137/fastq/SRR7872190_2.fastq,1,1947543912,2,GSM3394701,SINGLE,Bisulfite-Seq,RANDOM,SRS3796796,SRX4711098,GSM3394701: GES15-05029-981; Mus musculus; Bisulfite-Seq,SAMN10085629,PRJNA491712,129912282,mapped
GSE120137,SRR7872191,/data/mouse_methyl/raw/GSE120137/fastq/SRR7872191.fastq,1,7496161510,,GSM3394702,SINGLE,Bisulfite-Seq,RANDOM,SRS3796797,SRX4711099,GSM3394702: GES15-05030-1029; Mus musculus; Bisulfite-Seq,SAMN10085628,PRJNA491712,2129924500,mapped
GSE120137,SRR7872192,/data/mouse_methyl/raw/GSE120137/fastq/SRR7872192_2.fastq,1,1915086128,2,GSM3394702,SINGLE,Bisulfite-Seq,RANDOM,SRS3796797,SRX4711099,GSM3394702: GES15-05030-1029; Mus musculus; Bisulfite-Seq,SAMN10085628,PRJNA491712,127795470,mapped
GSE120137,SRR7872193,/data/mouse_methyl/raw/GSE120137/fastq/SRR7872193.fastq,1,5767520188,,GSM3394703,SINGLE,Bisulfite-Seq,RANDOM,SRS3796798,SRX4711100,GSM3394703: GES15-05031-1070; Mus musculus; Bisulfite-Seq,SAMN10085627,PRJNA491712,1640201600,mapped
GSE120137,SRR7872194,/data/mouse_methyl/raw/GSE120137/fastq/SRR7872194_2.fastq,1,1464541060,2,GSM3394703,SINGLE,Bisulfite-Seq,RANDOM,SRS3796798,SRX4711100,GSM3394703: GES15-05031-1070; Mus musculus; Bisulfite-Seq,SAMN10085627,PRJNA491712,98412096,mapped
GSE120137,SRR7872195,/data/mouse_methyl/raw/GSE120137/fastq/SRR7872195.fastq,1,7673942392,,GSM3394704,SINGLE,Bisulfite-Seq,RANDOM,SRS3796799,SRX4711101,GSM3394704: GES15-05032-1312; Mus musculus; Bisulfite-Seq,SAMN10085626,PRJNA491712,2180287000,mapped
GSE120137,SRR7872196,/data/mouse_methyl/raw/GSE120137/fastq/SRR7872196_2.fastq,1,1961419628,2,GSM3394704,SINGLE,Bisulfite-Seq,RANDOM,SRS3796799,SRX4711101,GSM3394704: GES15-05032-1312; Mus musculus; Bisulfite-Seq,SAMN10085626,PRJNA491712,130817220,mapped
GSE120137,SRR7872197,/data/mouse_methyl/raw/GSE120137/fastq/SRR7872197.fastq,1,7911498048,,GSM3394705,SINGLE,Bisulfite-Seq,RANDOM,SRS3796800,SRX4711102,GSM3394705: GES15-05033-922; Mus musculus; Bisulfite-Seq,SAMN10085625,PRJNA491712,2247583400,mapped
GSE120137,SRR7872198,/data/mouse_methyl/raw/GSE120137/fastq/SRR7872198_2.fastq,1,2023332316,2,GSM3394705,SINGLE,Bisulfite-Seq,RANDOM,SRS3796800,SRX4711102,GSM3394705: GES15-05033-922; Mus musculus; Bisulfite-Seq,SAMN10085625,PRJNA491712,134855004,mapped
GSE120137,SRR7872200,/data/mouse_methyl/raw/GSE120137/fastq/SRR7872200_2.fastq,1,1988783372,2,GSM3394706,SINGLE,Bisulfite-Seq,RANDOM,SRS3796801,SRX4711103,GSM3394706: GES15-05034-953; Mus musculus; Bisulfite-Seq,SAMN10085624,PRJNA491712,132601812,mapped
GSE120137,SRR7872201,/data/mouse_methyl/raw/GSE120137/fastq/SRR7872201.fastq,1,7233845232,,GSM3394707,SINGLE,Bisulfite-Seq,RANDOM,SRS3796802,SRX4711104,GSM3394707: GES15-05035-967; Mus musculus; Bisulfite-Seq,SAMN10085623,PRJNA491712,2055606300,mapped
GSE120137,SRR7872202,/data/mouse_methyl/raw/GSE120137/fastq/SRR7872202_2.fastq,1,1846713384,2,GSM3394707,SINGLE,Bisulfite-Seq,RANDOM,SRS3796802,SRX4711104,GSM3394707: GES15-05035-967; Mus musculus; Bisulfite-Seq,SAMN10085623,PRJNA491712,123336378,mapped
GSE120137,SRR7872203,/data/mouse_methyl/raw/GSE120137/fastq/SRR7872203.fastq,1,5375559222,,GSM3394708,SINGLE,Bisulfite-Seq,RANDOM,SRS3796803,SRX4711105,GSM3394708: GES15-05036-1003; Mus musculus; Bisulfite-Seq,SAMN10085622,PRJNA491712,1529163500,mapped
GSE120137,SRR7872204,/data/mouse_methyl/raw/GSE120137/fastq/SRR7872204_2.fastq,1,1362386008,2,GSM3394708,SINGLE,Bisulfite-Seq,RANDOM,SRS3796803,SRX4711105,GSM3394708: GES15-05036-1003; Mus musculus; Bisulfite-Seq,SAMN10085622,PRJNA491712,91749810,mapped
GSE120137,SRR7872205,/data/mouse_methyl/raw/GSE120137/fastq/SRR7872205.fastq,1,7575892170,,GSM3394709,SINGLE,Bisulfite-Seq,RANDOM,SRS3796804,SRX4711106,GSM3394709: GES15-05037-1020; Mus musculus; Bisulfite-Seq,SAMN10085621,PRJNA491712,2152509300,mapped
GSE120137,SRR7872206,/data/mouse_methyl/raw/GSE120137/fastq/SRR7872206_2.fastq,1,1935864144,2,GSM3394709,SINGLE,Bisulfite-Seq,RANDOM,SRS3796804,SRX4711106,GSM3394709: GES15-05037-1020; Mus musculus; Bisulfite-Seq,SAMN10085621,PRJNA491712,129150558,mapped
GSE120137,SRR7872207,/data/mouse_methyl/raw/GSE120137/fastq/SRR7872207.fastq,1,6984495738,,GSM3394710,SINGLE,Bisulfite-Seq,RANDOM,SRS3796805,SRX4711107,GSM3394710: GES15-05038-1046; Mus musculus; Bisulfite-Seq,SAMN10085620,PRJNA491712,1984968200,mapped
GSE120137,SRR7872208,/data/mouse_methyl/raw/GSE120137/fastq/SRR7872208_2.fastq,1,1781726332,2,GSM3394710,SINGLE,Bisulfite-Seq,RANDOM,SRS3796805,SRX4711107,GSM3394710: GES15-05038-1046; Mus musculus; Bisulfite-Seq,SAMN10085620,PRJNA491712,119098092,mapped
GSE120137,SRR7872209,/data/mouse_methyl/raw/GSE120137/fastq/SRR7872209.fastq,1,6961735314,,GSM3394711,SINGLE,Bisulfite-Seq,RANDOM,SRS3796806,SRX4711108,GSM3394711: GES15-05039-1179; Mus musculus; Bisulfite-Seq,SAMN10085619,PRJNA491712,1978521400,mapped
GSE120137,SRR7872210,/data/mouse_methyl/raw/GSE120137/fastq/SRR7872210_2.fastq,1,1775795276,2,GSM3394711,SINGLE,Bisulfite-Seq,RANDOM,SRS3796806,SRX4711108,GSM3394711: GES15-05039-1179; Mus musculus; Bisulfite-Seq,SAMN10085619,PRJNA491712,118711284,mapped
GSE120137,SRR7872211,/data/mouse_methyl/raw/GSE120137/fastq/SRR7872211.fastq,1,5406652868,,GSM3394712,SINGLE,Bisulfite-Seq,RANDOM,SRS3796807,SRX4711109,GSM3394712: GES15-05040-1306; Mus musculus; Bisulfite-Seq,SAMN10085618,PRJNA491712,1537972600,mapped
GSE120137,SRR7872212,/data/mouse_methyl/raw/GSE120137/fastq/SRR7872212_2.fastq,1,1370490380,2,GSM3394712,SINGLE,Bisulfite-Seq,RANDOM,SRS3796807,SRX4711109,GSM3394712: GES15-05040-1306; Mus musculus; Bisulfite-Seq,SAMN10085618,PRJNA491712,92278356,mapped
GSE120137,SRR7872213,/data/mouse_methyl/raw/GSE120137/fastq/SRR7872213.fastq,1,6733650002,,GSM3394713,SINGLE,Bisulfite-Seq,RANDOM,SRS3796809,SRX4711110,GSM3394713: GES15-05041-958; Mus musculus; Bisulfite-Seq,SAMN10085617,PRJNA491712,1913904100,mapped
GSE120137,SRR7872214,/data/mouse_methyl/raw/GSE120137/fastq/SRR7872214_2.fastq,1,1716347360,2,GSM3394713,SINGLE,Bisulfite-Seq,RANDOM,SRS3796809,SRX4711110,GSM3394713: GES15-05041-958; Mus musculus; Bisulfite-Seq,SAMN10085617,PRJNA491712,114834246,mapped
GSE120137,SRR7872215,/data/mouse_methyl/raw/GSE120137/fastq/SRR7872215.fastq,1,7993141084,,GSM3394714,SINGLE,Bisulfite-Seq,RANDOM,SRS3796808,SRX4711111,GSM3394714: GES15-05042-996; Mus musculus; Bisulfite-Seq,SAMN10085616,PRJNA491712,2270709900,mapped
GSE120137,SRR7872216,/data/mouse_methyl/raw/GSE120137/fastq/SRR7872216_2.fastq,1,2044608696,2,GSM3394714,SINGLE,Bisulfite-Seq,RANDOM,SRS3796808,SRX4711111,GSM3394714: GES15-05042-996; Mus musculus; Bisulfite-Seq,SAMN10085616,PRJNA491712,136242594,mapped
GSE120137,SRR7872217,/data/mouse_methyl/raw/GSE120137/fastq/SRR7872217.fastq,1,6823771222,,GSM3394715,SINGLE,Bisulfite-Seq,RANDOM,SRS3796810,SRX4711112,GSM3394715: GES15-05043-1000; Mus musculus; Bisulfite-Seq,SAMN10085615,PRJNA491712,1939431000,mapped
GSE120137,SRR7872218,/data/mouse_methyl/raw/GSE120137/fastq/SRR7872218_2.fastq,1,1739832108,2,GSM3394715,SINGLE,Bisulfite-Seq,RANDOM,SRS3796810,SRX4711112,GSM3394715: GES15-05043-1000; Mus musculus; Bisulfite-Seq,SAMN10085615,PRJNA491712,116365860,mapped
GSE120137,SRR7872219,/data/mouse_methyl/raw/GSE120137/fastq/SRR7872219.fastq,1,7417432574,,GSM3394716,SINGLE,Bisulfite-Seq,RANDOM,SRS3796811,SRX4711113,GSM3394716: GES15-05044-1162; Mus musculus; Bisulfite-Seq,SAMN10085614,PRJNA491712,2107619500,mapped
GSE120137,SRR7872220,/data/mouse_methyl/raw/GSE120137/fastq/SRR7872220_2.fastq,1,1894565528,2,GSM3394716,SINGLE,Bisulfite-Seq,RANDOM,SRS3796811,SRX4711113,GSM3394716: GES15-05044-1162; Mus musculus; Bisulfite-Seq,SAMN10085614,PRJNA491712,126457170,mapped
GSE120137,SRR7872221,/data/mouse_methyl/raw/GSE120137/fastq/SRR7872221.fastq,1,8967383666,,GSM3394717,SINGLE,Bisulfite-Seq,RANDOM,SRS3796814,SRX4711114,GSM3394717: GES15-05045-1165; Mus musculus; Bisulfite-Seq,SAMN10085613,PRJNA491712,2546709500,mapped
GSE120137,SRR7872222,/data/mouse_methyl/raw/GSE120137/fastq/SRR7872222_2.fastq,1,2298528328,2,GSM3394717,SINGLE,Bisulfite-Seq,RANDOM,SRS3796814,SRX4711114,GSM3394717: GES15-05045-1165; Mus musculus; Bisulfite-Seq,SAMN10085613,PRJNA491712,152802570,mapped
GSE120137,SRR7872223,/data/mouse_methyl/raw/GSE120137/fastq/SRR7872223.fastq,1,8379248860,,GSM3394718,SINGLE,Bisulfite-Seq,RANDOM,SRS3796813,SRX4711115,GSM3394718: GES15-05046-1056; Mus musculus; Bisulfite-Seq,SAMN10085612,PRJNA491712,2380097300,mapped
GSE120137,SRR7872224,/data/mouse_methyl/raw/GSE120137/fastq/SRR7872224_2.fastq,1,2145245104,2,GSM3394718,SINGLE,Bisulfite-Seq,RANDOM,SRS3796813,SRX4711115,GSM3394718: GES15-05046-1056; Mus musculus; Bisulfite-Seq,SAMN10085612,PRJNA491712,142805838,mapped
GSE120137,SRR7872225,/data/mouse_methyl/raw/GSE120137/fastq/SRR7872225.fastq,1,7514210622,,GSM3394719,SINGLE,Bisulfite-Seq,RANDOM,SRS3796812,SRX4711116,GSM3394719: GES15-05047-1156; Mus musculus; Bisulfite-Seq,SAMN10085590,PRJNA491712,2135030300,mapped
GSE120137,SRR7872226,/data/mouse_methyl/raw/GSE120137/fastq/SRR7872226_2.fastq,1,1919783464,2,GSM3394719,SINGLE,Bisulfite-Seq,RANDOM,SRS3796812,SRX4711116,GSM3394719: GES15-05047-1156; Mus musculus; Bisulfite-Seq,SAMN10085590,PRJNA491712,128101818,mapped
GSE120137,SRR7872227,/data/mouse_methyl/raw/GSE120137/fastq/SRR7872227.fastq,1,7546744888,,GSM3394720,SINGLE,Bisulfite-Seq,RANDOM,SRS3796815,SRX4711117,GSM3394720: GES15-05048-745; Mus musculus; Bisulfite-Seq,SAMN10085589,PRJNA491712,2144251400,mapped
GSE120137,SRR7872228,/data/mouse_methyl/raw/GSE120137/fastq/SRR7872228_2.fastq,1,1928266876,2,GSM3394720,SINGLE,Bisulfite-Seq,RANDOM,SRS3796815,SRX4711117,GSM3394720: GES15-05048-745; Mus musculus; Bisulfite-Seq,SAMN10085589,PRJNA491712,128655084,mapped
GSE121141,SRR8032927,/data/mouse_methyl/raw/GSE121141/fastq/SRR8032927_1.fastq;/data/mouse_methyl/raw/GSE121141/fastq/SRR8032927_2.fastq,2,8170660872,1;2,GSM3426754,PAIRED,Bisulfite-Seq,RANDOM,SRS3924414,SRX4865606,GSM3426754: Br0603; Mus musculus; Bisulfite-Seq,SAMN10232533,PRJNA495834,3226386600,mapped
GSE121141,SRR8032928,/data/mouse_methyl/raw/GSE121141/fastq/SRR8032928_1.fastq;/data/mouse_methyl/raw/GSE121141/fastq/SRR8032928_2.fastq,2,8279836680,1;2,GSM3426754,PAIRED,Bisulfite-Seq,RANDOM,SRS3924414,SRX4865606,GSM3426754: Br0603; Mus musculus; Bisulfite-Seq,SAMN10232533,PRJNA495834,3269033400,mapped
GSE121141,SRR8032929,/data/mouse_methyl/raw/GSE121141/fastq/SRR8032929_1.fastq;/data/mouse_methyl/raw/GSE121141/fastq/SRR8032929_2.fastq,2,12333271560,1;2,GSM3426755,PAIRED,Bisulfite-Seq,RANDOM,SRS3924413,SRX4865607,GSM3426755: Br0607; Mus musculus; Bisulfite-Seq,SAMN10232532,PRJNA495834,4852406400,mapped
GSE121141,SRR8032930,/data/mouse_methyl/raw/GSE121141/fastq/SRR8032930_1.fastq;/data/mouse_methyl/raw/GSE121141/fastq/SRR8032930_2.fastq,2,11994691080,1;2,GSM3426755,PAIRED,Bisulfite-Seq,RANDOM,SRS3924413,SRX4865607,GSM3426755: Br0607; Mus musculus; Bisulfite-Seq,SAMN10232532,PRJNA495834,4720148400,mapped
GSE121141,SRR8032932,/data/mouse_methyl/raw/GSE121141/fastq/SRR8032932_1.fastq;/data/mouse_methyl/raw/GSE121141/fastq/SRR8032932_2.fastq,2,22229095944,1;2,GSM3426757,PAIRED,Bisulfite-Seq,RANDOM,SRS3924491,SRX4865528,GSM3426757: Br0609; Mus musculus; Bisulfite-Seq,SAMN10232591,PRJNA495834,8717962800,mapped
GSE121141,SRR8032933,/data/mouse_methyl/raw/GSE121141/fastq/SRR8032933_1.fastq;/data/mouse_methyl/raw/GSE121141/fastq/SRR8032933_2.fastq,2,22492128264,1;2,GSM3426757,PAIRED,Bisulfite-Seq,RANDOM,SRS3924491,SRX4865528,GSM3426757: Br0609; Mus musculus; Bisulfite-Seq,SAMN10232591,PRJNA495834,8820709800,mapped
GSE121141,SRR8032934,/data/mouse_methyl/raw/GSE121141/fastq/SRR8032934_1.fastq;/data/mouse_methyl/raw/GSE121141/fastq/SRR8032934_2.fastq,2,30477651720,1;2,GSM3426758,PAIRED,Bisulfite-Seq,RANDOM,SRS3924357,SRX4865529,GSM3426758: Br0610; Mus musculus; Bisulfite-Seq,SAMN10232590,PRJNA495834,11940054900,mapped
GSE121141,SRR8032935,/data/mouse_methyl/raw/GSE121141/fastq/SRR8032935_1.fastq;/data/mouse_methyl/raw/GSE121141/fastq/SRR8032935_2.fastq,2,15846361608,1;2,GSM3426759,PAIRED,Bisulfite-Seq,RANDOM,SRS3924358,SRX4865530,GSM3426759: Br1203; Mus musculus; Bisulfite-Seq,SAMN10232589,PRJNA495834,6224707200,mapped
GSE121141,SRR8032936,/data/mouse_methyl/raw/GSE121141/fastq/SRR8032936_1.fastq;/data/mouse_methyl/raw/GSE121141/fastq/SRR8032936_2.fastq,2,15519447048,1;2,GSM3426759,PAIRED,Bisulfite-Seq,RANDOM,SRS3924358,SRX4865530,GSM3426759: Br1203; Mus musculus; Bisulfite-Seq,SAMN10232589,PRJNA495834,6097006200,mapped
GSE121141,SRR8032937,/data/mouse_methyl/raw/GSE121141/fastq/SRR8032937_1.fastq;/data/mouse_methyl/raw/GSE121141/fastq/SRR8032937_2.fastq,2,12467574024,1;2,GSM3426760,PAIRED,Bisulfite-Seq,RANDOM,SRS3924360,SRX4865531,GSM3426760: Br1204; Mus musculus; Bisulfite-Seq,SAMN10232588,PRJNA495834,4904868300,mapped
GSE121141,SRR8032938,/data/mouse_methyl/raw/GSE121141/fastq/SRR8032938_1.fastq;/data/mouse_methyl/raw/GSE121141/fastq/SRR8032938_2.fastq,2,13148035848,1;2,GSM3426760,PAIRED,Bisulfite-Seq,RANDOM,SRS3924360,SRX4865531,GSM3426760: Br1204; Mus musculus; Bisulfite-Seq,SAMN10232588,PRJNA495834,5170673700,mapped
GSE121141,SRR8032939,/data/mouse_methyl/raw/GSE121141/fastq/SRR8032939_1.fastq;/data/mouse_methyl/raw/GSE121141/fastq/SRR8032939_2.fastq,2,15856943112,1;2,GSM3426761,PAIRED,Bisulfite-Seq,RANDOM,SRS3924361,SRX4865532,GSM3426761: Br1207; Mus musculus; Bisulfite-Seq,SAMN10232587,PRJNA495834,6228840600,mapped
GSE60012,SRR1534514,/data/mouse_methyl/raw/GSE60012/fastq/SRR1534514_1.fastq;/data/mouse_methyl/raw/GSE60012/fastq/SRR1534514_2.fastq,2,10727309324,1;2,GSM1463666,PAIRED,Bisulfite-Seq,Reduced Representation,SRS672484,SRX667995,GSM1463666: RRBS_12_Mouse_Liver_F_1w_NORMAL; Mus musculus; Bisulfite-Seq,SAMN02950337,PRJNA257275,3135436122,mapped
GSE60012,SRR1534515,/data/mouse_methyl/raw/GSE60012/fastq/SRR1534515_1.fastq;/data/mouse_methyl/raw/GSE60012/fastq/SRR1534515_2.fastq,2,7203897028,1;2,GSM1463667,PAIRED,Bisulfite-Seq,Reduced Representation,SRS672485,SRX667996,GSM1463667: RRBS_15_Mouse_Liver_F_1w_NORMAL; Mus musculus; Bisulfite-Seq,SAMN02950338,PRJNA257275,2109846772,mapped
GSE60012,SRR1534516,/data/mouse_methyl/raw/GSE60012/fastq/SRR1534516_1.fastq;/data/mouse_methyl/raw/GSE60012/fastq/SRR1534516_2.fastq,2,11976744908,1;2,GSM1463668,PAIRED,Bisulfite-Seq,Reduced Representation,SRS672487,SRX667997,GSM1463668: RRBS_16_Mouse_Liver_F_1w_NORMAL; Mus musculus; Bisulfite-Seq,SAMN02950339,PRJNA257275,3499112882,mapped
GSE60012,SRR1534517,/data/mouse_methyl/raw/GSE60012/fastq/SRR1534517_1.fastq;/data/mouse_methyl/raw/GSE60012/fastq/SRR1534517_2.fastq,2,8444706924,1;2,GSM1463669,PAIRED,Bisulfite-Seq,Reduced Representation,SRS672486,SRX667998,GSM1463669: RRBS_17_Mouse_Liver_F_1w_NORMAL; Mus musculus; Bisulfite-Seq,SAMN02950340,PRJNA257275,2471016308,mapped
GSE60012,SRR1534518,/data/mouse_methyl/raw/GSE60012/fastq/SRR1534518_1.fastq;/data/mouse_methyl/raw/GSE60012/fastq/SRR1534518_2.fastq,2,5432942464,1;2,GSM1463670,PAIRED,Bisulfite-Seq,Reduced Representation,SRS672488,SRX667999,GSM1463670: RRBS_18_Mouse_Liver_F_1w_NORMAL; Mus musculus; Bisulfite-Seq,SAMN02950341,PRJNA257275,1591886048,mapped
GSE60012,SRR1534519,/data/mouse_methyl/raw/GSE60012/fastq/SRR1534519_1.fastq;/data/mouse_methyl/raw/GSE60012/fastq/SRR1534519_2.fastq,2,8268536764,1;2,GSM1463671,PAIRED,Bisulfite-Seq,Reduced Representation,SRS672490,SRX668000,GSM1463671: RRBS_22_Mouse_Liver_F_20w_NORMAL; Mus musculus; Bisulfite-Seq,SAMN02950342,PRJNA257275,2433737612,mapped
GSE60012,SRR1534520,/data/mouse_methyl/raw/GSE60012/fastq/SRR1534520_1.fastq;/data/mouse_methyl/raw/GSE60012/fastq/SRR1534520_2.fastq,2,5396933344,1;2,GSM1463672,PAIRED,Bisulfite-Seq,Reduced Representation,SRS672489,SRX668001,GSM1463672: RRBS_25_Mouse_Liver_F_20w_NORMAL; Mus musculus; Bisulfite-Seq,SAMN02950343,PRJNA257275,1590551030,mapped
GSE60012,SRR1534521,/data/mouse_methyl/raw/GSE60012/fastq/SRR1534521_1.fastq;/data/mouse_methyl/raw/GSE60012/fastq/SRR1534521_2.fastq,2,9785648036,1;2,GSM1463673,PAIRED,Bisulfite-Seq,Reduced Representation,SRS672491,SRX668002,GSM1463673: RRBS_27_Mouse_Liver_F_20w_NORMAL; Mus musculus; Bisulfite-Seq,SAMN02950344,PRJNA257275,2877896222,mapped
GSE60012,SRR1534522,/data/mouse_methyl/raw/GSE60012/fastq/SRR1534522_1.fastq;/data/mouse_methyl/raw/GSE60012/fastq/SRR1534522_2.fastq,2,5198990472,1;2,GSM1463674,PAIRED,Bisulfite-Seq,Reduced Representation,SRS672492,SRX668003,GSM1463674: RRBS_30_Mouse_Liver_F_20w_NORMAL; Mus musculus; Bisulfite-Seq,SAMN02950345,PRJNA257275,1532281908,mapped
GSE60012,SRR1534523,/data/mouse_methyl/raw/GSE60012/fastq/SRR1534523_1.fastq;/data/mouse_methyl/raw/GSE60012/fastq/SRR1534523_2.fastq,2,5372956168,1;2,GSM1463675,PAIRED,Bisulfite-Seq,Reduced Representation,SRS672493,SRX668004,GSM1463675: RRBS_32_Mouse_Liver_F_20w_NORMAL; Mus musculus; Bisulfite-Seq,SAMN02950346,PRJNA257275,1583507088,mapped
GSE60012,SRR1534524,/data/mouse_methyl/raw/GSE60012/fastq/SRR1534524_1.fastq;/data/mouse_methyl/raw/GSE60012/fastq/SRR1534524_2.fastq,2,5576021224,1;2,GSM1463676,PAIRED,Bisulfite-Seq,Reduced Representation,SRS672495,SRX668005,GSM1463676: RRBS_33_Mouse_Liver_F_20w_NORMAL; Mus musculus; Bisulfite-Seq,SAMN02950347,PRJNA257275,1643288988,mapped
GSE60012,SRR1534525,/data/mouse_methyl/raw/GSE60012/fastq/SRR1534525_1.fastq;/data/mouse_methyl/raw/GSE60012/fastq/SRR1534525_2.fastq,2,4184886448,1;2,GSM1463677,PAIRED,Bisulfite-Seq,Reduced Representation,SRS672494,SRX668006,GSM1463677: RRBS_36_Mouse_Liver_F_20w_NORMAL; Mus musculus; Bisulfite-Seq,SAMN02950348,PRJNA257275,1226491682,mapped
GSE60012,SRR1534526,/data/mouse_methyl/raw/GSE60012/fastq/SRR1534526_1.fastq;/data/mouse_methyl/raw/GSE60012/fastq/SRR1534526_2.fastq,2,10007142000,1;2,GSM1463678,PAIRED,Bisulfite-Seq,Reduced Representation,SRS672496,SRX668007,GSM1463678: RRBS_37_Mouse_Liver_F_20w_NORMAL; Mus musculus; Bisulfite-Seq,SAMN02950349,PRJNA257275,2913545600,mapped
GSE60012,SRR1534527,/data/mouse_methyl/raw/GSE60012/fastq/SRR1534527_1.fastq;/data/mouse_methyl/raw/GSE60012/fastq/SRR1534527_2.fastq,2,7873038628,1;2,GSM1463679,PAIRED,Bisulfite-Seq,Reduced Representation,SRS672498,SRX668008,GSM1463679: RRBS_39_Mouse_Liver_F_20w_NORMAL; Mus musculus; Bisulfite-Seq,SAMN02950350,PRJNA257275,2294989800,mapped
GSE60012,SRR1534528,/data/mouse_methyl/raw/GSE60012/fastq/SRR1534528_1.fastq;/data/mouse_methyl/raw/GSE60012/fastq/SRR1534528_2.fastq,2,7032833964,1;2,GSM1463680,PAIRED,Bisulfite-Seq,Reduced Representation,SRS672497,SRX668009,GSM1463680: RRBS_41_Mouse_Liver_F_20w_NORMAL; Mus musculus; Bisulfite-Seq,SAMN02950351,PRJNA257275,2051453600,mapped
GSE60012,SRR1534529,/data/mouse_methyl/raw/GSE60012/fastq/SRR1534529_1.fastq;/data/mouse_methyl/raw/GSE60012/fastq/SRR1534529_2.fastq,2,7983792960,1;2,GSM1463681,PAIRED,Bisulfite-Seq,Reduced Representation,SRS672499,SRX668010,GSM1463681: RRBS_43_Mouse_Liver_F_3w_NORMAL; Mus musculus; Bisulfite-Seq,SAMN02950352,PRJNA257275,2336855382,mapped
GSE60012,SRR1534530,/data/mouse_methyl/raw/GSE60012/fastq/SRR1534530_1.fastq;/data/mouse_methyl/raw/GSE60012/fastq/SRR1534530_2.fastq,2,4263509832,1;2,GSM1463682,PAIRED,Bisulfite-Seq,Reduced Representation,SRS672500,SRX668011,GSM1463682: RRBS_44_Mouse_Liver_F_3w_NORMAL; Mus musculus; Bisulfite-Seq,SAMN02950353,PRJNA257275,1249516248,mapped
GSE60012,SRR1534531,/data/mouse_methyl/raw/GSE60012/fastq/SRR1534531_1.fastq;/data/mouse_methyl/raw/GSE60012/fastq/SRR1534531_2.fastq,2,11864025968,1;2,GSM1463683,PAIRED,Bisulfite-Seq,Reduced Representation,SRS672501,SRX668012,GSM1463683: RRBS_45_Mouse_Liver_F_3w_NORMAL; Mus musculus; Bisulfite-Seq,SAMN02950354,PRJNA257275,3466312930,mapped
GSE60012,SRR1534532,/data/mouse_methyl/raw/GSE60012/fastq/SRR1534532_1.fastq;/data/mouse_methyl/raw/GSE60012/fastq/SRR1534532_2.fastq,2,8921355520,1;2,GSM1463684,PAIRED,Bisulfite-Seq,Reduced Representation,SRS672503,SRX668013,GSM1463684: RRBS_46_Mouse_Liver_F_3w_NORMAL; Mus musculus; Bisulfite-Seq,SAMN02950355,PRJNA257275,2609766876,mapped
GSE60012,SRR1534533,/data/mouse_methyl/raw/GSE60012/fastq/SRR1534533_1.fastq;/data/mouse_methyl/raw/GSE60012/fastq/SRR1534533_2.fastq,2,6413340248,1;2,GSM1463685,PAIRED,Bisulfite-Seq,Reduced Representation,SRS672502,SRX668014,GSM1463685: RRBS_56_Mouse_Liver_F_8w_NORMAL; Mus musculus; Bisulfite-Seq,SAMN02950356,PRJNA257275,1878909666,mapped
GSE60012,SRR1534534,/data/mouse_methyl/raw/GSE60012/fastq/SRR1534534_1.fastq;/data/mouse_methyl/raw/GSE60012/fastq/SRR1534534_2.fastq,2,7081102916,1;2,GSM1463686,PAIRED,Bisulfite-Seq,Reduced Representation,SRS672504,SRX668015,GSM1463686: RRBS_57_Mouse_Liver_F_8w_NORMAL; Mus musculus; Bisulfite-Seq,SAMN02950357,PRJNA257275,2074092772,mapped
GSE60012,SRR1534535,/data/mouse_methyl/raw/GSE60012/fastq/SRR1534535_1.fastq;/data/mouse_methyl/raw/GSE60012/fastq/SRR1534535_2.fastq,2,11136177972,1;2,GSM1463687,PAIRED,Bisulfite-Seq,Reduced Representation,SRS672505,SRX668016,GSM1463687: RRBS_58_Mouse_Liver_F_8w_NORMAL; Mus musculus; Bisulfite-Seq,SAMN02950358,PRJNA257275,3254440988,mapped
GSE60012,SRR1534536,/data/mouse_methyl/raw/GSE60012/fastq/SRR1534536_1.fastq;/data/mouse_methyl/raw/GSE60012/fastq/SRR1534536_2.fastq,2,8380717692,1;2,GSM1463688,PAIRED,Bisulfite-Seq,Reduced Representation,SRS672506,SRX668017,GSM1463688: RRBS_59_Mouse_Liver_F_8w_NORMAL; Mus musculus; Bisulfite-Seq,SAMN02950359,PRJNA257275,2452377364,mapped
GSE60012,SRR1534537,/data/mouse_methyl/raw/GSE60012/fastq/SRR1534537_1.fastq;/data/mouse_methyl/raw/GSE60012/fastq/SRR1534537_2.fastq,2,6823724404,1;2,GSM1463689,PAIRED,Bisulfite-Seq,Reduced Representation,SRS672508,SRX668018,GSM1463689: RRBS_60_Mouse_Liver_F_8w_NORMAL; Mus musculus; Bisulfite-Seq,SAMN02950360,PRJNA257275,1999051590,mapped
GSE60012,SRR1534538,/data/mouse_methyl/raw/GSE60012/fastq/SRR1534538_1.fastq;/data/mouse_methyl/raw/GSE60012/fastq/SRR1534538_2.fastq,2,11579792036,1;2,GSM1463690,PAIRED,Bisulfite-Seq,Reduced Representation,SRS672507,SRX668019,GSM1463690: RRBS_13_Mouse_Liver_M_1w_NORMAL; Mus musculus; Bisulfite-Seq,SAMN02950361,PRJNA257275,3383575548,mapped
GSE60012,SRR1534539,/data/mouse_methyl/raw/GSE60012/fastq/SRR1534539_1.fastq;/data/mouse_methyl/raw/GSE60012/fastq/SRR1534539_2.fastq,2,8293837068,1;2,GSM1463691,PAIRED,Bisulfite-Seq,Reduced Representation,SRS672509,SRX668020,GSM1463691: RRBS_14_Mouse_Liver_M_1w_NORMAL; Mus musculus; Bisulfite-Seq,SAMN02950362,PRJNA257275,2427094438,mapped
GSE60012,SRR1534540,/data/mouse_methyl/raw/GSE60012/fastq/SRR1534540_1.fastq;/data/mouse_methyl/raw/GSE60012/fastq/SRR1534540_2.fastq,2,9306312188,1;2,GSM1463692,PAIRED,Bisulfite-Seq,Reduced Representation,SRS672511,SRX668021,GSM1463692: RRBS_19_Mouse_Liver_M_1w_NORMAL; Mus musculus; Bisulfite-Seq,SAMN02950305,PRJNA257275,2721816074,mapped
GSE60012,SRR1534541,/data/mouse_methyl/raw/GSE60012/fastq/SRR1534541_1.fastq;/data/mouse_methyl/raw/GSE60012/fastq/SRR1534541_2.fastq,2,7849457976,1;2,GSM1463693,PAIRED,Bisulfite-Seq,Reduced Representation,SRS672512,SRX668022,GSM1463693: RRBS_20_Mouse_Liver_M_1w_NORMAL; Mus musculus; Bisulfite-Seq,SAMN02950306,PRJNA257275,2297752020,mapped
GSE60012,SRR1534542,/data/mouse_methyl/raw/GSE60012/fastq/SRR1534542_1.fastq;/data/mouse_methyl/raw/GSE60012/fastq/SRR1534542_2.fastq,2,6892537516,1;2,GSM1463694,PAIRED,Bisulfite-Seq,Reduced Representation,SRS672510,SRX668023,GSM1463694: RRBS_21_Mouse_Liver_M_1w_NORMAL; Mus musculus; Bisulfite-Seq,SAMN02950307,PRJNA257275,2019206544,mapped
GSE60012,SRR1534543,/data/mouse_methyl/raw/GSE60012/fastq/SRR1534543_1.fastq;/data/mouse_methyl/raw/GSE60012/fastq/SRR1534543_2.fastq,2,10267001936,1;2,GSM1463695,PAIRED,Bisulfite-Seq,Reduced Representation,SRS672514,SRX668024,GSM1463695: RRBS_23_Mouse_Liver_M_20w_NORMAL; Mus musculus; Bisulfite-Seq,SAMN02950308,PRJNA257275,3018819098,mapped
GSE60012,SRR1534544,/data/mouse_methyl/raw/GSE60012/fastq/SRR1534544_1.fastq;/data/mouse_methyl/raw/GSE60012/fastq/SRR1534544_2.fastq,2,9856423024,1;2,GSM1463696,PAIRED,Bisulfite-Seq,Reduced Representation,SRS672513,SRX668025,GSM1463696: RRBS_24_Mouse_Liver_M_20w_NORMAL; Mus musculus; Bisulfite-Seq,SAMN02950309,PRJNA257275,2898621624,mapped
GSE60012,SRR1534545,/data/mouse_methyl/raw/GSE60012/fastq/SRR1534545_1.fastq;/data/mouse_methyl/raw/GSE60012/fastq/SRR1534545_2.fastq,2,6144836584,1;2,GSM1463697,PAIRED,Bisulfite-Seq,Reduced Representation,SRS672515,SRX668026,GSM1463697: RRBS_26_Mouse_Liver_M_20w_NORMAL; Mus musculus; Bisulfite-Seq,SAMN02950310,PRJNA257275,1810815264,mapped
GSE60012,SRR1534546,/data/mouse_methyl/raw/GSE60012/fastq/SRR1534546_1.fastq;/data/mouse_methyl/raw/GSE60012/fastq/SRR1534546_2.fastq,2,9310455332,1;2,GSM1463698,PAIRED,Bisulfite-Seq,Reduced Representation,SRS672516,SRX668027,GSM1463698: RRBS_28_Mouse_Liver_M_20w_NORMAL; Mus musculus; Bisulfite-Seq,SAMN02950311,PRJNA257275,2738820030,mapped
GSE60012,SRR1534547,/data/mouse_methyl/raw/GSE60012/fastq/SRR1534547_1.fastq;/data/mouse_methyl/raw/GSE60012/fastq/SRR1534547_2.fastq,2,6833071732,1;2,GSM1463699,PAIRED,Bisulfite-Seq,Reduced Representation,SRS672517,SRX668028,GSM1463699: RRBS_29_Mouse_Liver_M_20w_NORMAL; Mus musculus; Bisulfite-Seq,SAMN02950312,PRJNA257275,2013459038,mapped
GSE60012,SRR1534548,/data/mouse_methyl/raw/GSE60012/fastq/SRR1534548_1.fastq;/data/mouse_methyl/raw/GSE60012/fastq/SRR1534548_2.fastq,2,5465306968,1;2,GSM1463700,PAIRED,Bisulfite-Seq,Reduced Representation,SRS672519,SRX668029,GSM1463700: RRBS_31_Mouse_Liver_M_20w_NORMAL; Mus musculus; Bisulfite-Seq,SAMN02950313,PRJNA257275,1610687400,mapped
GSE60012,SRR1534549,/data/mouse_methyl/raw/GSE60012/fastq/SRR1534549_1.fastq;/data/mouse_methyl/raw/GSE60012/fastq/SRR1534549_2.fastq,2,17658041384,1;2,GSM1463701,PAIRED,Bisulfite-Seq,Reduced Representation,SRS672518,SRX668030,GSM1463701: RRBS_34_Mouse_Liver_M_20w_NORMAL; Mus musculus; Bisulfite-Seq,SAMN02950314,PRJNA257275,5152793356,mapped
GSE60012,SRR1534550,/data/mouse_methyl/raw/GSE60012/fastq/SRR1534550_1.fastq;/data/mouse_methyl/raw/GSE60012/fastq/SRR1534550_2.fastq,2,6648759932,1;2,GSM1463702,PAIRED,Bisulfite-Seq,Reduced Representation,SRS672520,SRX668031,GSM1463702: RRBS_35_Mouse_Liver_M_20w_NORMAL; Mus musculus; Bisulfite-Seq,SAMN02950315,PRJNA257275,1947829642,mapped
GSE60012,SRR1534551,/data/mouse_methyl/raw/GSE60012/fastq/SRR1534551_1.fastq;/data/mouse_methyl/raw/GSE60012/fastq/SRR1534551_2.fastq,2,10552369172,1;2,GSM1463703,PAIRED,Bisulfite-Seq,Reduced Representation,SRS672521,SRX668032,GSM1463703: RRBS_38_Mouse_Liver_M_20w_NORMAL; Mus musculus; Bisulfite-Seq,SAMN02950316,PRJNA257275,3071585000,mapped
GSE60012,SRR1534552,/data/mouse_methyl/raw/GSE60012/fastq/SRR1534552_1.fastq;/data/mouse_methyl/raw/GSE60012/fastq/SRR1534552_2.fastq,2,9796266964,1;2,GSM1463704,PAIRED,Bisulfite-Seq,Reduced Representation,SRS672522,SRX668033,GSM1463704: RRBS_40_Mouse_Liver_M_20w_NORMAL; Mus musculus; Bisulfite-Seq,SAMN02950317,PRJNA257275,2852466200,mapped
GSE60012,SRR1534553,/data/mouse_methyl/raw/GSE60012/fastq/SRR1534553_1.fastq;/data/mouse_methyl/raw/GSE60012/fastq/SRR1534553_2.fastq,2,4023502424,1;2,GSM1463705,PAIRED,Bisulfite-Seq,Reduced Representation,SRS672523,SRX668034,GSM1463705: RRBS_42_Mouse_Liver_M_3w_NORMAL; Mus musculus; Bisulfite-Seq,SAMN02950318,PRJNA257275,1179220450,mapped
GSE60012,SRR1534554,/data/mouse_methyl/raw/GSE60012/fastq/SRR1534554_1.fastq;/data/mouse_methyl/raw/GSE60012/fastq/SRR1534554_2.fastq,2,9683269276,1;2,GSM1463706,PAIRED,Bisulfite-Seq,Reduced Representation,SRS672524,SRX668035,GSM1463706: RRBS_47_Mouse_Liver_M_3w_NORMAL; Mus musculus; Bisulfite-Seq,SAMN02950319,PRJNA257275,2831550352,mapped
GSE60012,SRR1534555,/data/mouse_methyl/raw/GSE60012/fastq/SRR1534555_1.fastq;/data/mouse_methyl/raw/GSE60012/fastq/SRR1534555_2.fastq,2,4246041804,1;2,GSM1463707,PAIRED,Bisulfite-Seq,Reduced Representation,SRS672525,SRX668036,GSM1463707: RRBS_48_Mouse_Liver_M_3w_NORMAL; Mus musculus; Bisulfite-Seq,SAMN02950320,PRJNA257275,1244401406,mapped
GSE60012,SRR1534556,/data/mouse_methyl/raw/GSE60012/fastq/SRR1534556_1.fastq;/data/mouse_methyl/raw/GSE60012/fastq/SRR1534556_2.fastq,2,7560508700,1;2,GSM1463708,PAIRED,Bisulfite-Seq,Reduced Representation,SRS672526,SRX668037,GSM1463708: RRBS_49_Mouse_Liver_M_3w_NORMAL; Mus musculus; Bisulfite-Seq,SAMN02950321,PRJNA257275,2213648310,mapped
GSE60012,SRR1534557,/data/mouse_methyl/raw/GSE60012/fastq/SRR1534557_1.fastq;/data/mouse_methyl/raw/GSE60012/fastq/SRR1534557_2.fastq,2,7292641680,1;2,GSM1463709,PAIRED,Bisulfite-Seq,Reduced Representation,SRS672527,SRX668038,GSM1463709: RRBS_50_Mouse_Liver_M_3w_NORMAL; Mus musculus; Bisulfite-Seq,SAMN02950322,PRJNA257275,2135670856,mapped
GSE60012,SRR1534558,/data/mouse_methyl/raw/GSE60012/fastq/SRR1534558_1.fastq;/data/mouse_methyl/raw/GSE60012/fastq/SRR1534558_2.fastq,2,7652436760,1;2,GSM1463710,PAIRED,Bisulfite-Seq,Reduced Representation,SRS672528,SRX668039,GSM1463710: RRBS_51_Mouse_Liver_M_8w_NORMAL; Mus musculus; Bisulfite-Seq,SAMN02950323,PRJNA257275,2240392302,mapped
GSE60012,SRR1534559,/data/mouse_methyl/raw/GSE60012/fastq/SRR1534559_1.fastq;/data/mouse_methyl/raw/GSE60012/fastq/SRR1534559_2.fastq,2,9959531840,1;2,GSM1463711,PAIRED,Bisulfite-Seq,Reduced Representation,SRS672529,SRX668040,GSM1463711: RRBS_52_Mouse_Liver_M_8w_NORMAL; Mus musculus; Bisulfite-Seq,SAMN02950324,PRJNA257275,2911936454,mapped
GSE60012,SRR1534560,/data/mouse_methyl/raw/GSE60012/fastq/SRR1534560_1.fastq;/data/mouse_methyl/raw/GSE60012/fastq/SRR1534560_2.fastq,2,8071821048,1;2,GSM1463712,PAIRED,Bisulfite-Seq,Reduced Representation,SRS672531,SRX668041,GSM1463712: RRBS_53_Mouse_Liver_M_8w_NORMAL; Mus musculus; Bisulfite-Seq,SAMN02950325,PRJNA257275,2362466558,mapped
GSE60012,SRR1534561,/data/mouse_methyl/raw/GSE60012/fastq/SRR1534561_1.fastq;/data/mouse_methyl/raw/GSE60012/fastq/SRR1534561_2.fastq,2,12760502136,1;2,GSM1463713,PAIRED,Bisulfite-Seq,Reduced Representation,SRS672530,SRX668042,GSM1463713: RRBS_54_Mouse_Liver_M_8w_NORMAL; Mus musculus; Bisulfite-Seq,SAMN02950326,PRJNA257275,3727245824,mapped
GSE60012,SRR1534562,/data/mouse_methyl/raw/GSE60012/fastq/SRR1534562_1.fastq;/data/mouse_methyl/raw/GSE60012/fastq/SRR1534562_2.fastq,2,7428472396,1;2,GSM1463714,PAIRED,Bisulfite-Seq,Reduced Representation,SRS672532,SRX668043,GSM1463714: RRBS_55_Mouse_Liver_M_8w_NORMAL; Mus musculus; Bisulfite-Seq,SAMN02950327,PRJNA257275,2175201650,mapped
GSE60012,SRR1534563,/data/mouse_methyl/raw/GSE60012/fastq/SRR1534563_1.fastq;/data/mouse_methyl/raw/GSE60012/fastq/SRR1534563_2.fastq,2,6673300324,1;2,GSM1463715,PAIRED,Bisulfite-Seq,Reduced Representation,SRS672533,SRX668044,GSM1463715: RRBS_1_Mouse_Liver_F_20w_castration; Mus musculus; Bisulfite-Seq,SAMN02950328,PRJNA257275,1946895000,mapped
GSE60012,SRR1534564,/data/mouse_methyl/raw/GSE60012/fastq/SRR1534564_1.fastq;/data/mouse_methyl/raw/GSE60012/fastq/SRR1534564_2.fastq,2,8146936328,1;2,GSM1463716,PAIRED,Bisulfite-Seq,Reduced Representation,SRS672534,SRX668045,GSM1463716: RRBS_2_Mouse_Liver_F_20w_castration; Mus musculus; Bisulfite-Seq,SAMN02950329,PRJNA257275,2374393200,mapped
GSE60012,SRR1534565,/data/mouse_methyl/raw/GSE60012/fastq/SRR1534565_1.fastq;/data/mouse_methyl/raw/GSE60012/fastq/SRR1534565_2.fastq,2,6073782460,1;2,GSM1463717,PAIRED,Bisulfite-Seq,Reduced Representation,SRS672535,SRX668046,GSM1463717: RRBS_3_Mouse_Liver_F_20w_castration; Mus musculus; Bisulfite-Seq,SAMN02950330,PRJNA257275,1772140800,mapped
GSE60012,SRR1534566,/data/mouse_methyl/raw/GSE60012/fastq/SRR1534566_1.fastq;/data/mouse_methyl/raw/GSE60012/fastq/SRR1534566_2.fastq,2,6218734032,1;2,GSM1463718,PAIRED,Bisulfite-Seq,Reduced Representation,SRS672536,SRX668047,GSM1463718: RRBS_100_Mouse_Liver_M_31w_old_castration; Mus musculus; Bisulfite-Seq,SAMN02950331,PRJNA257275,1821949100,mapped
GSE60012,SRR1534567,/data/mouse_methyl/raw/GSE60012/fastq/SRR1534567_1.fastq;/data/mouse_methyl/raw/GSE60012/fastq/SRR1534567_2.fastq,2,6963701400,1;2,GSM1463719,PAIRED,Bisulfite-Seq,Reduced Representation,SRS672537,SRX668048,GSM1463719: RRBS_101_Mouse_Liver_M_28w_old_castration; Mus musculus; Bisulfite-Seq,SAMN02950332,PRJNA257275,2031378800,mapped
GSE60012,SRR1534568,/data/mouse_methyl/raw/GSE60012/fastq/SRR1534568_1.fastq;/data/mouse_methyl/raw/GSE60012/fastq/SRR1534568_2.fastq,2,14693700120,1;2,GSM1463720,PAIRED,Bisulfite-Seq,Reduced Representation,SRS672539,SRX668049,GSM1463720: RRBS_102_Mouse_Liver_M_28w_old_castration; Mus musculus; Bisulfite-Seq,SAMN02950333,PRJNA257275,4272080800,mapped
GSE60012,SRR1534569,/data/mouse_methyl/raw/GSE60012/fastq/SRR1534569_1.fastq;/data/mouse_methyl/raw/GSE60012/fastq/SRR1534569_2.fastq,2,6457035244,1;2,GSM1463721,PAIRED,Bisulfite-Seq,Reduced Representation,SRS672538,SRX668050,GSM1463721: RRBS_103_Mouse_Liver_M_28w_old_castration; Mus musculus; Bisulfite-Seq,SAMN02950334,PRJNA257275,1883878000,mapped
GSE60012,SRR1534570,/data/mouse_methyl/raw/GSE60012/fastq/SRR1534570_1.fastq;/data/mouse_methyl/raw/GSE60012/fastq/SRR1534570_2.fastq,2,7893090024,1;2,GSM1463722,PAIRED,Bisulfite-Seq,Reduced Representation,SRS672540,SRX668051,GSM1463722: RRBS_104_Mouse_Liver_M_28w_old_castration; Mus musculus; Bisulfite-Seq,SAMN02950275,PRJNA257275,2300815800,mapped
GSE60012,SRR1534571,/data/mouse_methyl/raw/GSE60012/fastq/SRR1534571_1.fastq;/data/mouse_methyl/raw/GSE60012/fastq/SRR1534571_2.fastq,2,10109535636,1;2,GSM1463723,PAIRED,Bisulfite-Seq,Reduced Representation,SRS672543,SRX668052,GSM1463723: RRBS_105_Mouse_Liver_M_28w_old_castration; Mus musculus; Bisulfite-Seq,SAMN02950276,PRJNA257275,2943283000,mapped
GSE60012,SRR1534572,/data/mouse_methyl/raw/GSE60012/fastq/SRR1534572_1.fastq;/data/mouse_methyl/raw/GSE60012/fastq/SRR1534572_2.fastq,2,4784912872,1;2,GSM1463724,PAIRED,Bisulfite-Seq,Reduced Representation,SRS672541,SRX668053,GSM1463724: RRBS_96_Mouse_Liver_M_28w_old_castration; Mus musculus; Bisulfite-Seq,SAMN02950277,PRJNA257275,1378204590,mapped
GSE60012,SRR1534573,/data/mouse_methyl/raw/GSE60012/fastq/SRR1534573_1.fastq;/data/mouse_methyl/raw/GSE60012/fastq/SRR1534573_2.fastq,2,5751424716,1;2,GSM1463725,PAIRED,Bisulfite-Seq,Reduced Representation,SRS672542,SRX668054,GSM1463725: RRBS_97_Mouse_Liver_M_28w_old_castration; Mus musculus; Bisulfite-Seq,SAMN02950278,PRJNA257275,1685101372,mapped
GSE60012,SRR1534574,/data/mouse_methyl/raw/GSE60012/fastq/SRR1534574_1.fastq;/data/mouse_methyl/raw/GSE60012/fastq/SRR1534574_2.fastq,2,2285575204,1;2,GSM1463726,PAIRED,Bisulfite-Seq,Reduced Representation,SRS672544,SRX668055,GSM1463726: RRBS_98_Mouse_Liver_M_28w_old_castration; Mus musculus; Bisulfite-Seq,SAMN02950279,PRJNA257275,670430930,mapped
GSE60012,SRR1534575,/data/mouse_methyl/raw/GSE60012/fastq/SRR1534575_1.fastq;/data/mouse_methyl/raw/GSE60012/fastq/SRR1534575_2.fastq,2,2259332212,1;2,GSM1463727,PAIRED,Bisulfite-Seq,Reduced Representation,SRS672545,SRX668056,GSM1463727: RRBS_99_Mouse_Liver_M_31w_old_castration; Mus musculus; Bisulfite-Seq,SAMN02950280,PRJNA257275,662760182,mapped
GSE60012,SRR1534576,/data/mouse_methyl/raw/GSE60012/fastq/SRR1534576_1.fastq;/data/mouse_methyl/raw/GSE60012/fastq/SRR1534576_2.fastq,2,8555974736,1;2,GSM1463728,PAIRED,Bisulfite-Seq,Reduced Representation,SRS672547,SRX668057,GSM1463728: RRBS_106_Mouse_Liver_M_20w_old_castration_control; Mus musculus; Bisulfite-Seq,SAMN02950281,PRJNA257275,2492956400,mapped
GSE60012,SRR1534577,/data/mouse_methyl/raw/GSE60012/fastq/SRR1534577_1.fastq;/data/mouse_methyl/raw/GSE60012/fastq/SRR1534577_2.fastq,2,7748375360,1;2,GSM1463729,PAIRED,Bisulfite-Seq,Reduced Representation,SRS672546,SRX668058,GSM1463729: RRBS_107_Mouse_Liver_M_28w_old_castration_control; Mus musculus; Bisulfite-Seq,SAMN02950282,PRJNA257275,2258825200,mapped
GSE60012,SRR1534578,/data/mouse_methyl/raw/GSE60012/fastq/SRR1534578_1.fastq;/data/mouse_methyl/raw/GSE60012/fastq/SRR1534578_2.fastq,2,5452628424,1;2,GSM1463730,PAIRED,Bisulfite-Seq,Reduced Representation,SRS672548,SRX668059,GSM1463730: RRBS_108_Mouse_Liver_M_28w_old_castration_control; Mus musculus; Bisulfite-Seq,SAMN02950283,PRJNA257275,1591009000,mapped
GSE60012,SRR1534579,/data/mouse_methyl/raw/GSE60012/fastq/SRR1534579_1.fastq;/data/mouse_methyl/raw/GSE60012/fastq/SRR1534579_2.fastq,2,4860601636,1;2,GSM1463731,PAIRED,Bisulfite-Seq,Reduced Representation,SRS672549,SRX668060,GSM1463731: RRBS_109_Mouse_Liver_M_28w_old_castration_control; Mus musculus; Bisulfite-Seq,SAMN02950284,PRJNA257275,1418428400,mapped
GSE60012,SRR1534580,/data/mouse_methyl/raw/GSE60012/fastq/SRR1534580_1.fastq;/data/mouse_methyl/raw/GSE60012/fastq/SRR1534580_2.fastq,2,5987027400,1;2,GSM1463732,PAIRED,Bisulfite-Seq,Reduced Representation,SRS672550,SRX668061,GSM1463732: RRBS_110_Mouse_Liver_M_28w_old_castration_control; Mus musculus; Bisulfite-Seq,SAMN02950285,PRJNA257275,1746845200,mapped
GSE60012,SRR1534581,/data/mouse_methyl/raw/GSE60012/fastq/SRR1534581_1.fastq;/data/mouse_methyl/raw/GSE60012/fastq/SRR1534581_2.fastq,2,4549424380,1;2,GSM1463733,PAIRED,Bisulfite-Seq,Reduced Representation,SRS672551,SRX668062,GSM1463733: RRBS_111_Mouse_Liver_M_28w_old_castration_control; Mus musculus; Bisulfite-Seq,SAMN02950286,PRJNA257275,1310440458,mapped
GSE60012,SRR1534582,/data/mouse_methyl/raw/GSE60012/fastq/SRR1534582_1.fastq;/data/mouse_methyl/raw/GSE60012/fastq/SRR1534582_2.fastq,2,4564097752,1;2,GSM1463734,PAIRED,Bisulfite-Seq,Reduced Representation,SRS672553,SRX668063,GSM1463734: RRBS_112_Mouse_Liver_M_28w_old_castration_control; Mus musculus; Bisulfite-Seq,SAMN02950287,PRJNA257275,1314672964,mapped
GSE60012,SRR1534583,/data/mouse_methyl/raw/GSE60012/fastq/SRR1534583_1.fastq;/data/mouse_methyl/raw/GSE60012/fastq/SRR1534583_2.fastq,2,1290640108,1;2,GSM1463735,PAIRED,Bisulfite-Seq,Reduced Representation,SRS672552,SRX668064,GSM1463735: RRBS_113_Mouse_Liver_M_28w_old_castration_control; Mus musculus; Bisulfite-Seq,SAMN02950288,PRJNA257275,372680304,mapped
GSE60012,SRR1534584,/data/mouse_methyl/raw/GSE60012/fastq/SRR1534584_1.fastq;/data/mouse_methyl/raw/GSE60012/fastq/SRR1534584_2.fastq,2,3047473272,1;2,GSM1463736,PAIRED,Bisulfite-Seq,Reduced Representation,SRS672554,SRX668065,GSM1463736: RRBS_114_Mouse_Liver_M_31w_old_castration_control; Mus musculus; Bisulfite-Seq,SAMN02950289,PRJNA257275,893503570,mapped
GSE60012,SRR1534585,/data/mouse_methyl/raw/GSE60012/fastq/SRR1534585_1.fastq;/data/mouse_methyl/raw/GSE60012/fastq/SRR1534585_2.fastq,2,5366829744,1;2,GSM1463737,PAIRED,Bisulfite-Seq,Reduced Representation,SRS672555,SRX668066,GSM1463737: RRBS_115_Mouse_Liver_M_31w_old_castration_control; Mus musculus; Bisulfite-Seq,SAMN02950290,PRJNA257275,1572533842,mapped
GSE60012,SRR1534586,/data/mouse_methyl/raw/GSE60012/fastq/SRR1534586_1.fastq;/data/mouse_methyl/raw/GSE60012/fastq/SRR1534586_2.fastq,2,9669436568,1;2,GSM1463738,PAIRED,Bisulfite-Seq,Reduced Representation,SRS672556,SRX668067,GSM1463738: RRBS_116_Mouse_Liver_M_20w_testosterone; Mus musculus; Bisulfite-Seq,SAMN02950291,PRJNA257275,2779490306,mapped
GSE60012,SRR1534587,/data/mouse_methyl/raw/GSE60012/fastq/SRR1534587_1.fastq;/data/mouse_methyl/raw/GSE60012/fastq/SRR1534587_2.fastq,2,6629363012,1;2,GSM1463739,PAIRED,Bisulfite-Seq,Reduced Representation,SRS672557,SRX668068,GSM1463739: RRBS_117_Mouse_Liver_M_20w_testosterone; Mus musculus; Bisulfite-Seq,SAMN02950292,PRJNA257275,1908995142,mapped
GSE60012,SRR1534588,/data/mouse_methyl/raw/GSE60012/fastq/SRR1534588_1.fastq;/data/mouse_methyl/raw/GSE60012/fastq/SRR1534588_2.fastq,2,4683874960,1;2,GSM1463740,PAIRED,Bisulfite-Seq,Reduced Representation,SRS672558,SRX668069,GSM1463740: RRBS_118_Mouse_Liver_M_20w_testosterone; Mus musculus; Bisulfite-Seq,SAMN02950293,PRJNA257275,1349136790,mapped
GSE60012,SRR1534589,/data/mouse_methyl/raw/GSE60012/fastq/SRR1534589_1.fastq;/data/mouse_methyl/raw/GSE60012/fastq/SRR1534589_2.fastq,2,12479410960,1;2,GSM1463741,PAIRED,Bisulfite-Seq,Reduced Representation,SRS672559,SRX668070,GSM1463741: RRBS_119_Mouse_Liver_M_20w_testosterone; Mus musculus; Bisulfite-Seq,SAMN02950294,PRJNA257275,3645375830,mapped
GSE60012,SRR1534590,/data/mouse_methyl/raw/GSE60012/fastq/SRR1534590_1.fastq;/data/mouse_methyl/raw/GSE60012/fastq/SRR1534590_2.fastq,2,7868943752,1;2,GSM1463742,PAIRED,Bisulfite-Seq,Reduced Representation,SRS672560,SRX668071,GSM1463742: RRBS_120_Mouse_Liver_F_20w_testosterone_+_castaration; Mus musculus; Bisulfite-Seq,SAMN02950295,PRJNA257275,2293777200,mapped
GSE60012,SRR1534591,/data/mouse_methyl/raw/GSE60012/fastq/SRR1534591_1.fastq;/data/mouse_methyl/raw/GSE60012/fastq/SRR1534591_2.fastq,2,194181644,1;2,GSM1463743,PAIRED,Bisulfite-Seq,Reduced Representation,SRS672561,SRX668072,GSM1463743: RRBS_121_Mouse_Liver_F_20w_testosterone_+_castaration; Mus musculus; Bisulfite-Seq,SAMN02950296,PRJNA257275,57075800,mapped
GSE60012,SRR1534592,/data/mouse_methyl/raw/GSE60012/fastq/SRR1534592_1.fastq;/data/mouse_methyl/raw/GSE60012/fastq/SRR1534592_2.fastq,2,248165192,1;2,GSM1463744,PAIRED,Bisulfite-Seq,Reduced Representation,SRS672562,SRX668073,GSM1463744: RRBS_122_Mouse_Liver_F_20w_testosterone_+_castaration; Mus musculus; Bisulfite-Seq,SAMN02950297,PRJNA257275,72908200,mapped
GSE60012,SRR1534593,/data/mouse_methyl/raw/GSE60012/fastq/SRR1534593_1.fastq;/data/mouse_methyl/raw/GSE60012/fastq/SRR1534593_2.fastq,2,8534161132,1;2,GSM1463745,PAIRED,Bisulfite-Seq,Reduced Representation,SRS672563,SRX668074,GSM1463745: RRBS_123_Mouse_Liver_F_20w_testosterone_+_castaration; Mus musculus; Bisulfite-Seq,SAMN02950298,PRJNA257275,2486638800,mapped
GSE60012,SRR1534594,/data/mouse_methyl/raw/GSE60012/fastq/SRR1534594_1.fastq;/data/mouse_methyl/raw/GSE60012/fastq/SRR1534594_2.fastq,2,7415255864,1;2,GSM1463746,PAIRED,Bisulfite-Seq,Reduced Representation,SRS672564,SRX668075,GSM1463746: RRBS_124_Mouse_Liver_F_20w_testosterone_+_castaration; Mus musculus; Bisulfite-Seq,SAMN02950299,PRJNA257275,2162308800,mapped
GSE60012,SRR1534595,/data/mouse_methyl/raw/GSE60012/fastq/SRR1534595_1.fastq;/data/mouse_methyl/raw/GSE60012/fastq/SRR1534595_2.fastq,2,7921149744,1;2,GSM1463747,PAIRED,Bisulfite-Seq,Reduced Representation,SRS672566,SRX668076,GSM1463747: RRBS_125_Mouse_Liver_F_20w_testosterone_+_castaration; Mus musculus; Bisulfite-Seq,SAMN02950300,PRJNA257275,2308950000,mapped
GSE60012,SRR1534596,/data/mouse_methyl/raw/GSE60012/fastq/SRR1534596_1.fastq;/data/mouse_methyl/raw/GSE60012/fastq/SRR1534596_2.fastq,2,5309858284,1;2,GSM1463748,PAIRED,Bisulfite-Seq,Reduced Representation,SRS672565,SRX668077,GSM1463748: RRBS_126_Mouse_Liver_M_20w_testosterone_control; Mus musculus; Bisulfite-Seq,SAMN02950301,PRJNA257275,1529263220,mapped
GSE60012,SRR1534597,/data/mouse_methyl/raw/GSE60012/fastq/SRR1534597_1.fastq;/data/mouse_methyl/raw/GSE60012/fastq/SRR1534597_2.fastq,2,4801010908,1;2,GSM1463749,PAIRED,Bisulfite-Seq,Reduced Representation,SRS672567,SRX668078,GSM1463749: RRBS_127_Mouse_Liver_M_20w_testosterone_control; Mus musculus; Bisulfite-Seq,SAMN02950302,PRJNA257275,1382847156,mapped
GSE60012,SRR1534598,/data/mouse_methyl/raw/GSE60012/fastq/SRR1534598_1.fastq;/data/mouse_methyl/raw/GSE60012/fastq/SRR1534598_2.fastq,2,14185270312,1;2,GSM1463750,PAIRED,Bisulfite-Seq,Reduced Representation,SRS672568,SRX668079,GSM1463750: RRBS_128_Mouse_Liver_M_20w_testosterone_control; Mus musculus; Bisulfite-Seq,SAMN02950303,PRJNA257275,4141904152,mapped
GSE60012,SRR1534599,/data/mouse_methyl/raw/GSE60012/fastq/SRR1534599_1.fastq;/data/mouse_methyl/raw/GSE60012/fastq/SRR1534599_2.fastq,2,6976422820,1;2,GSM1463751,PAIRED,Bisulfite-Seq,Reduced Representation,SRS672569,SRX668080,GSM1463751: RRBS_129_Mouse_Liver_M_20w_testosterone_control; Mus musculus; Bisulfite-Seq,SAMN02950304,PRJNA257275,2043596226,mapped
GSE60012,SRR1534600,/data/mouse_methyl/raw/GSE60012/fastq/SRR1534600_1.fastq;/data/mouse_methyl/raw/GSE60012/fastq/SRR1534600_2.fastq,2,9613324932,1;2,GSM1463752,PAIRED,Bisulfite-Seq,Reduced Representation,SRS672570,SRX668081,GSM1463752: RRBS_130_Mouse_Liver_F_20w_vehacle_+_castration; Mus musculus; Bisulfite-Seq,SAMN02950335,PRJNA257275,2799399400,mapped
GSE60012,SRR1534601,/data/mouse_methyl/raw/GSE60012/fastq/SRR1534601_1.fastq;/data/mouse_methyl/raw/GSE60012/fastq/SRR1534601_2.fastq,2,8426856480,1;2,GSM1463753,PAIRED,Bisulfite-Seq,Reduced Representation,SRS672571,SRX668082,GSM1463753: RRBS_131_Mouse_Liver_F_20w_vehacle_+_castration; Mus musculus; Bisulfite-Seq,SAMN02950336,PRJNA257275,2455490000,mapped
GSE60012,SRR1534602,/data/mouse_methyl/raw/GSE60012/fastq/SRR1534602_1.fastq;/data/mouse_methyl/raw/GSE60012/fastq/SRR1534602_2.fastq,2,6713359724,1;2,GSM1463754,PAIRED,Bisulfite-Seq,Reduced Representation,SRS672572,SRX668083,GSM1463754: RRBS_132_Mouse_Liver_F_20w_vehacle_+_castration; Mus musculus; Bisulfite-Seq,SAMN02950245,PRJNA257275,1958614000,mapped
GSE60012,SRR1534603,/data/mouse_methyl/raw/GSE60012/fastq/SRR1534603_1.fastq;/data/mouse_methyl/raw/GSE60012/fastq/SRR1534603_2.fastq,2,9921499628,1;2,GSM1463755,PAIRED,Bisulfite-Seq,Reduced Representation,SRS672573,SRX668084,GSM1463755: RRBS_133_Mouse_Liver_F_20w_vehacle_+_castration; Mus musculus; Bisulfite-Seq,SAMN02950246,PRJNA257275,2888773800,mapped
GSE60012,SRR1534604,/data/mouse_methyl/raw/GSE60012/fastq/SRR1534604_1.fastq;/data/mouse_methyl/raw/GSE60012/fastq/SRR1534604_2.fastq,2,8879648252,1;2,GSM1463756,PAIRED,Bisulfite-Seq,Reduced Representation,SRS672574,SRX668085,GSM1463756: RRBS_134_Mouse_Liver_F_20w_vehacle_+_castration; Mus musculus; Bisulfite-Seq,SAMN02950247,PRJNA257275,2586783800,mapped
GSE60012,SRR1534605,/data/mouse_methyl/raw/GSE60012/fastq/SRR1534605_1.fastq;/data/mouse_methyl/raw/GSE60012/fastq/SRR1534605_2.fastq,2,6365857032,1;2,GSM1463757,PAIRED,Bisulfite-Seq,Reduced Representation,SRS672576,SRX668086,GSM1463757: RRBS_135_Mouse_Liver_F_20w_vehacle_+_castration; Mus musculus; Bisulfite-Seq,SAMN02950248,PRJNA257275,1857293400,mapped
GSE60012,SRR1534606,/data/mouse_methyl/raw/GSE60012/fastq/SRR1534606_1.fastq;/data/mouse_methyl/raw/GSE60012/fastq/SRR1534606_2.fastq,2,8824556232,1;2,GSM1463758,PAIRED,Bisulfite-Seq,Reduced Representation,SRS672575,SRX668087,GSM1463758: RRBS_136_Mouse_Liver_M_20w_young_castrated; Mus musculus; Bisulfite-Seq,SAMN02950249,PRJNA257275,2537719738,mapped
GSE60012,SRR1534607,/data/mouse_methyl/raw/GSE60012/fastq/SRR1534607_1.fastq;/data/mouse_methyl/raw/GSE60012/fastq/SRR1534607_2.fastq,2,14500388480,1;2,GSM1463759,PAIRED,Bisulfite-Seq,Reduced Representation,SRS672578,SRX668088,GSM1463759: RRBS_137_Mouse_Liver_M_20w_young_castrated; Mus musculus; Bisulfite-Seq,SAMN02950250,PRJNA257275,4161773074,mapped
GSE60012,SRR1534612,/data/mouse_methyl/raw/GSE60012/fastq/SRR1534612_1.fastq;/data/mouse_methyl/raw/GSE60012/fastq/SRR1534612_2.fastq,2,3813968772,1;2,GSM1463764,PAIRED,Bisulfite-Seq,Reduced Representation,SRS672581,SRX668093,GSM1463764: RRBS_147_Mouse_Liver_M_20w_young_control_castrated; Mus musculus; Bisulfite-Seq,SAMN02950255,PRJNA257275,1098809098,mapped
GSE60012,SRR1534619,/data/mouse_methyl/raw/GSE60012/fastq/SRR1534619_1.fastq;/data/mouse_methyl/raw/GSE60012/fastq/SRR1534619_2.fastq,2,8075933276,1;2,GSM1463771,PAIRED,Bisulfite-Seq,Reduced Representation,SRS672589,SRX668100,GSM1463771: RRBS_72_Mouse_Muscle_F_20w_NORMAL; Mus musculus; Bisulfite-Seq,SAMN02950262,PRJNA257275,2363680982,mapped
GSE60012,SRR1534620,/data/mouse_methyl/raw/GSE60012/fastq/SRR1534620_1.fastq;/data/mouse_methyl/raw/GSE60012/fastq/SRR1534620_2.fastq,2,6895458496,1;2,GSM1463772,PAIRED,Bisulfite-Seq,Reduced Representation,SRS672590,SRX668101,GSM1463772: RRBS_75_Mouse_Muscle_F_20w_NORMAL; Mus musculus; Bisulfite-Seq,SAMN02950263,PRJNA257275,2020055550,mapped
GSE60012,SRR1534622,/data/mouse_methyl/raw/GSE60012/fastq/SRR1534622_1.fastq;/data/mouse_methyl/raw/GSE60012/fastq/SRR1534622_2.fastq,2,1464014760,1;2,GSM1463774,PAIRED,Bisulfite-Seq,Reduced Representation,SRS672592,SRX668103,GSM1463774: RRBS_82_Mouse_Muscle_F_3w_NORMAL; Mus musculus; Bisulfite-Seq,SAMN02950265,PRJNA257275,429916196,mapped
GSE60012,SRR1534623,/data/mouse_methyl/raw/GSE60012/fastq/SRR1534623_1.fastq;/data/mouse_methyl/raw/GSE60012/fastq/SRR1534623_2.fastq,2,3365559400,1;2,GSM1463775,PAIRED,Bisulfite-Seq,Reduced Representation,SRS672593,SRX668104,GSM1463775: RRBS_83_Mouse_Muscle_F_3w_NORMAL; Mus musculus; Bisulfite-Seq,SAMN02950266,PRJNA257275,986626782,mapped
GSE60012,SRR1534624,/data/mouse_methyl/raw/GSE60012/fastq/SRR1534624_1.fastq;/data/mouse_methyl/raw/GSE60012/fastq/SRR1534624_2.fastq,2,5072950512,1;2,GSM1463776,PAIRED,Bisulfite-Seq,Reduced Representation,SRS672594,SRX668105,GSM1463776: RRBS_84_Mouse_Muscle_F_3w_NORMAL; Mus musculus; Bisulfite-Seq,SAMN02950270,PRJNA257275,1486493154,mapped
GSE60012,SRR1534625,/data/mouse_methyl/raw/GSE60012/fastq/SRR1534625_1.fastq;/data/mouse_methyl/raw/GSE60012/fastq/SRR1534625_2.fastq,2,3098175348,1;2,GSM1463777,PAIRED,Bisulfite-Seq,Reduced Representation,SRS672595,SRX668106,GSM1463777: RRBS_85_Mouse_Muscle_F_3w_NORMAL; Mus musculus; Bisulfite-Seq,SAMN02950271,PRJNA257275,908344106,mapped
GSE60012,SRR1534679,/data/mouse_methyl/raw/GSE60012/fastq/SRR1534679.fastq,1,6326413688,,GSM1463836,SINGLE,RNA-Seq,cDNA,SRS672654,SRX668160,GSM1463836: RNA_1_Mouse_Liver_M_20w_NORMAL; Mus musculus; RNA-Seq,SAMN02950207,PRJNA257275,1321708248,mapped
GSE60012,SRR1534680,/data/mouse_methyl/raw/GSE60012/fastq/SRR1534680.fastq,1,5722139738,,GSM1463837,SINGLE,RNA-Seq,cDNA,SRS672648,SRX668161,GSM1463837: RNA_2_Mouse_Liver_M_20w_NORMAL; Mus musculus; RNA-Seq,SAMN02950208,PRJNA257275,1195905222,mapped
GSE60012,SRR1534681,/data/mouse_methyl/raw/GSE60012/fastq/SRR1534681.fastq,1,6714365134,,GSM1463838,SINGLE,RNA-Seq,cDNA,SRS672650,SRX668162,GSM1463838: RNA_3_Mouse_Liver_M_20w_NORMAL; Mus musculus; RNA-Seq,SAMN02950209,PRJNA257275,1402473225,mapped
GSE60012,SRR1534682,/data/mouse_methyl/raw/GSE60012/fastq/SRR1534682.fastq,1,5540364442,,GSM1463839,SINGLE,RNA-Seq,cDNA,SRS672651,SRX668163,GSM1463839: RNA_4_Mouse_Liver_M_20w_NORMAL; Mus musculus; RNA-Seq,SAMN02950210,PRJNA257275,1158061284,mapped
GSE60012,SRR1534683,/data/mouse_methyl/raw/GSE60012/fastq/SRR1534683.fastq,1,5501648592,,GSM1463840,SINGLE,RNA-Seq,cDNA,SRS672652,SRX668164,GSM1463840: RNA_1_Mouse_Liver_F_20w_NORMAL; Mus musculus; RNA-Seq,SAMN02950211,PRJNA257275,1150003488,mapped
GSE60012,SRR1534684,/data/mouse_methyl/raw/GSE60012/fastq/SRR1534684.fastq,1,6598467618,,GSM1463841,SINGLE,RNA-Seq,cDNA,SRS672653,SRX668165,GSM1463841: RNA_2_Mouse_Liver_F_20w_NORMAL; Mus musculus; RNA-Seq,SAMN02950212,PRJNA257275,1378340229,mapped
GSE60012,SRR1534685,/data/mouse_methyl/raw/GSE60012/fastq/SRR1534685.fastq,1,5596745262,,GSM1463842,SINGLE,RNA-Seq,cDNA,SRS672655,SRX668166,GSM1463842: RNA_3_Mouse_Liver_F_20w_NORMAL; Mus musculus; RNA-Seq,SAMN02950213,PRJNA257275,1169800056,mapped
GSE60012,SRR1534686,/data/mouse_methyl/raw/GSE60012/fastq/SRR1534686.fastq,1,5269978026,,GSM1463843,SINGLE,RNA-Seq,cDNA,SRS672656,SRX668167,GSM1463843: RNA_4_Mouse_Liver_F_20w_NORMAL; Mus musculus; RNA-Seq,SAMN02950214,PRJNA257275,1101768300,mapped
GSE80672,SRR3440565,/data/mouse_methyl/raw/GSE80672/fastq/SRR3440565_1.fastq;/data/mouse_methyl/raw/GSE80672/fastq/SRR3440565_2.fastq,2,15618938440,1;2,GSM2132712,PAIRED,Bisulfite-Seq,Reduced Representation,SRS1412222,SRX1727000,GSM2132712: 20D02; Mus musculus; Bisulfite-Seq,SAMN04902251,PRJNA319643,5077961400,mapped
GSE80672,SRR3440566,/data/mouse_methyl/raw/GSE80672/fastq/SRR3440566_1.fastq;/data/mouse_methyl/raw/GSE80672/fastq/SRR3440566_2.fastq,2,17154205400,1;2,GSM2132713,PAIRED,Bisulfite-Seq,Reduced Representation,SRS1412223,SRX1727001,GSM2132713: 20D03; Mus musculus; Bisulfite-Seq,SAMN04902252,PRJNA319643,5574276150,mapped
GSE80672,SRR3440567,/data/mouse_methyl/raw/GSE80672/fastq/SRR3440567_1.fastq;/data/mouse_methyl/raw/GSE80672/fastq/SRR3440567_2.fastq,2,18015741112,1;2,GSM2132714,PAIRED,Bisulfite-Seq,Reduced Representation,SRS1412224,SRX1727002,GSM2132714: 20D04; Mus musculus; Bisulfite-Seq,SAMN04902253,PRJNA319643,5852789850,mapped
GSE80672,SRR3440568,/data/mouse_methyl/raw/GSE80672/fastq/SRR3440568_1.fastq;/data/mouse_methyl/raw/GSE80672/fastq/SRR3440568_2.fastq,2,18685647608,1;2,GSM2132715,PAIRED,Bisulfite-Seq,Reduced Representation,SRS1412225,SRX1727003,GSM2132715: 20D05; Mus musculus; Bisulfite-Seq,SAMN04902254,PRJNA319643,6069354450,mapped
GSE80672,SRR3440569,/data/mouse_methyl/raw/GSE80672/fastq/SRR3440569_1.fastq;/data/mouse_methyl/raw/GSE80672/fastq/SRR3440569_2.fastq,2,15562433912,1;2,GSM2132716,PAIRED,Bisulfite-Seq,Reduced Representation,SRS1412226,SRX1727004,GSM2132716: 20D06; Mus musculus; Bisulfite-Seq,SAMN04902255,PRJNA319643,5059694850,mapped
GSE80672,SRR3440570,/data/mouse_methyl/raw/GSE80672/fastq/SRR3440570_1.fastq;/data/mouse_methyl/raw/GSE80672/fastq/SRR3440570_2.fastq,2,13904395800,1;2,GSM2132717,PAIRED,Bisulfite-Seq,Reduced Representation,SRS1412227,SRX1727005,GSM2132717: 20D07; Mus musculus; Bisulfite-Seq,SAMN04902256,PRJNA319643,4523691150,mapped
GSE80672,SRR3440571,/data/mouse_methyl/raw/GSE80672/fastq/SRR3440571_1.fastq;/data/mouse_methyl/raw/GSE80672/fastq/SRR3440571_2.fastq,2,17950631704,1;2,GSM2132718,PAIRED,Bisulfite-Seq,Reduced Representation,SRS1412228,SRX1727006,GSM2132718: 35D01; Mus musculus; Bisulfite-Seq,SAMN04902257,PRJNA319643,5831741550,mapped
GSE80672,SRR3440572,/data/mouse_methyl/raw/GSE80672/fastq/SRR3440572_1.fastq;/data/mouse_methyl/raw/GSE80672/fastq/SRR3440572_2.fastq,2,15677937896,1;2,GSM2132719,PAIRED,Bisulfite-Seq,Reduced Representation,SRS1412229,SRX1727007,GSM2132719: 35D02; Mus musculus; Bisulfite-Seq,SAMN04902258,PRJNA319643,5097034500,mapped
GSE80672,SRR3440573,/data/mouse_methyl/raw/GSE80672/fastq/SRR3440573_1.fastq;/data/mouse_methyl/raw/GSE80672/fastq/SRR3440573_2.fastq,2,12687315448,1;2,GSM2132720,PAIRED,Bisulfite-Seq,Reduced Representation,SRS1412230,SRX1727008,GSM2132720: 35D04; Mus musculus; Bisulfite-Seq,SAMN04902259,PRJNA319643,4130238450,mapped
GSE80672,SRR3440574,/data/mouse_methyl/raw/GSE80672/fastq/SRR3440574_1.fastq;/data/mouse_methyl/raw/GSE80672/fastq/SRR3440574_2.fastq,2,12680888120,1;2,GSM2132721,PAIRED,Bisulfite-Seq,Reduced Representation,SRS1412231,SRX1727009,GSM2132721: 35D05; Mus musculus; Bisulfite-Seq,SAMN04902260,PRJNA319643,4128160650,mapped
GSE80672,SRR3440575,/data/mouse_methyl/raw/GSE80672/fastq/SRR3440575_1.fastq;/data/mouse_methyl/raw/GSE80672/fastq/SRR3440575_2.fastq,2,14254913928,1;2,GSM2132722,PAIRED,Bisulfite-Seq,Reduced Representation,SRS1412232,SRX1727010,GSM2132722: 35D06; Mus musculus; Bisulfite-Seq,SAMN04902261,PRJNA319643,4637005200,mapped
GSE80672,SRR3440576,/data/mouse_methyl/raw/GSE80672/fastq/SRR3440576_1.fastq;/data/mouse_methyl/raw/GSE80672/fastq/SRR3440576_2.fastq,2,17911678440,1;2,GSM2132723,PAIRED,Bisulfite-Seq,Reduced Representation,SRS1412233,SRX1727011,GSM2132723: 35D07; Mus musculus; Bisulfite-Seq,SAMN04902262,PRJNA319643,5819148900,mapped
GSE80672,SRR3440577,/data/mouse_methyl/raw/GSE80672/fastq/SRR3440577_1.fastq;/data/mouse_methyl/raw/GSE80672/fastq/SRR3440577_2.fastq,2,3951191184,1;2,GSM2132724,PAIRED,Bisulfite-Seq,Reduced Representation,SRS1412234,SRX1727012,GSM2132724: B6_CR1001; Mus musculus; Bisulfite-Seq,SAMN04902263,PRJNA319643,1302657900,mapped
GSE80672,SRR3440578,/data/mouse_methyl/raw/GSE80672/fastq/SRR3440578_1.fastq;/data/mouse_methyl/raw/GSE80672/fastq/SRR3440578_2.fastq,2,5190007624,1;2,GSM2132724,PAIRED,Bisulfite-Seq,Reduced Representation,SRS1412234,SRX1727012,GSM2132724: B6_CR1001; Mus musculus; Bisulfite-Seq,SAMN04902263,PRJNA319643,1706539800,mapped
GSE80672,SRR3440579,/data/mouse_methyl/raw/GSE80672/fastq/SRR3440579_1.fastq;/data/mouse_methyl/raw/GSE80672/fastq/SRR3440579_2.fastq,2,3300360168,1;2,GSM2132725,PAIRED,Bisulfite-Seq,Reduced Representation,SRS1412235,SRX1727013,GSM2132725: B6_CR1002; Mus musculus; Bisulfite-Seq,SAMN04902264,PRJNA319643,1088568750,mapped
GSE80672,SRR3440580,/data/mouse_methyl/raw/GSE80672/fastq/SRR3440580_1.fastq;/data/mouse_methyl/raw/GSE80672/fastq/SRR3440580_2.fastq,2,5233420392,1;2,GSM2132726,PAIRED,Bisulfite-Seq,Reduced Representation,SRS1412236,SRX1727014,GSM2132726: B6_CR1003; Mus musculus; Bisulfite-Seq,SAMN04902265,PRJNA319643,1720574100,mapped
GSE80672,SRR3440581,/data/mouse_methyl/raw/GSE80672/fastq/SRR3440581_1.fastq;/data/mouse_methyl/raw/GSE80672/fastq/SRR3440581_2.fastq,2,7716718232,1;2,GSM2132726,PAIRED,Bisulfite-Seq,Reduced Representation,SRS1412236,SRX1727014,GSM2132726: B6_CR1003; Mus musculus; Bisulfite-Seq,SAMN04902265,PRJNA319643,2523364350,mapped
GSE80672,SRR3440582,/data/mouse_methyl/raw/GSE80672/fastq/SRR3440582_1.fastq;/data/mouse_methyl/raw/GSE80672/fastq/SRR3440582_2.fastq,2,9662283688,1;2,GSM2132727,PAIRED,Bisulfite-Seq,Reduced Representation,SRS1412237,SRX1727015,GSM2132727: B6_CR1004; Mus musculus; Bisulfite-Seq,SAMN04902267,PRJNA319643,3152318700,mapped
GSE80672,SRR3440583,/data/mouse_methyl/raw/GSE80672/fastq/SRR3440583_1.fastq;/data/mouse_methyl/raw/GSE80672/fastq/SRR3440583_2.fastq,2,4074721128,1;2,GSM2132728,PAIRED,Bisulfite-Seq,Reduced Representation,SRS1412238,SRX1727016,GSM2132728: B6_CR1005; Mus musculus; Bisulfite-Seq,SAMN04902268,PRJNA319643,1343292750,mapped
GSE80672,SRR3440584,/data/mouse_methyl/raw/GSE80672/fastq/SRR3440584_1.fastq;/data/mouse_methyl/raw/GSE80672/fastq/SRR3440584_2.fastq,2,5940412088,1;2,GSM2132728,PAIRED,Bisulfite-Seq,Reduced Representation,SRS1412238,SRX1727016,GSM2132728: B6_CR1005; Mus musculus; Bisulfite-Seq,SAMN04902268,PRJNA319643,1949127450,mapped
GSE80672,SRR3440585,/data/mouse_methyl/raw/GSE80672/fastq/SRR3440585_1.fastq;/data/mouse_methyl/raw/GSE80672/fastq/SRR3440585_2.fastq,2,5128483080,1;2,GSM2132729,PAIRED,Bisulfite-Seq,Reduced Representation,SRS1412239,SRX1727017,GSM2132729: B6_CR1801; Mus musculus; Bisulfite-Seq,SAMN04902269,PRJNA319643,1686650400,mapped
GSE80672,SRR3440586,/data/mouse_methyl/raw/GSE80672/fastq/SRR3440586_1.fastq;/data/mouse_methyl/raw/GSE80672/fastq/SRR3440586_2.fastq,2,7656446024,1;2,GSM2132729,PAIRED,Bisulfite-Seq,Reduced Representation,SRS1412239,SRX1727017,GSM2132729: B6_CR1801; Mus musculus; Bisulfite-Seq,SAMN04902269,PRJNA319643,2503879800,mapped
GSE80672,SRR3440587,/data/mouse_methyl/raw/GSE80672/fastq/SRR3440587_1.fastq;/data/mouse_methyl/raw/GSE80672/fastq/SRR3440587_2.fastq,2,6538112760,1;2,GSM2132730,PAIRED,Bisulfite-Seq,Reduced Representation,SRS1412240,SRX1727018,GSM2132730: B6_CR1802; Mus musculus; Bisulfite-Seq,SAMN04902061,PRJNA319643,2142349650,mapped
GSE80672,SRR3440588,/data/mouse_methyl/raw/GSE80672/fastq/SRR3440588_1.fastq;/data/mouse_methyl/raw/GSE80672/fastq/SRR3440588_2.fastq,2,3528870888,1;2,GSM2132731,PAIRED,Bisulfite-Seq,Reduced Representation,SRS1412241,SRX1727019,GSM2132731: B6_CR1803; Mus musculus; Bisulfite-Seq,SAMN04902062,PRJNA319643,1163736750,mapped
GSE80672,SRR3440589,/data/mouse_methyl/raw/GSE80672/fastq/SRR3440589_1.fastq;/data/mouse_methyl/raw/GSE80672/fastq/SRR3440589_2.fastq,2,5076136456,1;2,GSM2132731,PAIRED,Bisulfite-Seq,Reduced Representation,SRS1412241,SRX1727019,GSM2132731: B6_CR1803; Mus musculus; Bisulfite-Seq,SAMN04902062,PRJNA319643,1669728000,mapped
GSE80672,SRR3440590,/data/mouse_methyl/raw/GSE80672/fastq/SRR3440590_1.fastq;/data/mouse_methyl/raw/GSE80672/fastq/SRR3440590_2.fastq,2,2941235544,1;2,GSM2132732,PAIRED,Bisulfite-Seq,Reduced Representation,SRS1412242,SRX1727020,GSM2132732: B6_CR1804; Mus musculus; Bisulfite-Seq,SAMN04902266,PRJNA319643,970435650,mapped
GSE80672,SRR3440591,/data/mouse_methyl/raw/GSE80672/fastq/SRR3440591_1.fastq;/data/mouse_methyl/raw/GSE80672/fastq/SRR3440591_2.fastq,2,3611993760,1;2,GSM2132733,PAIRED,Bisulfite-Seq,Reduced Representation,SRS1412243,SRX1727021,GSM2132733: B6_CR1805; Mus musculus; Bisulfite-Seq,SAMN04902063,PRJNA319643,1191079800,mapped
GSE80672,SRR3440592,/data/mouse_methyl/raw/GSE80672/fastq/SRR3440592_1.fastq;/data/mouse_methyl/raw/GSE80672/fastq/SRR3440592_2.fastq,2,4967787352,1;2,GSM2132733,PAIRED,Bisulfite-Seq,Reduced Representation,SRS1412243,SRX1727021,GSM2132733: B6_CR1805; Mus musculus; Bisulfite-Seq,SAMN04902063,PRJNA319643,1634701350,mapped
GSE80672,SRR3440593,/data/mouse_methyl/raw/GSE80672/fastq/SRR3440593_1.fastq;/data/mouse_methyl/raw/GSE80672/fastq/SRR3440593_2.fastq,2,6141142200,1;2,GSM2132734,PAIRED,Bisulfite-Seq,Reduced Representation,SRS1412244,SRX1727022,GSM2132734: B6_CR2301; Mus musculus; Bisulfite-Seq,SAMN04902064,PRJNA319643,2014018650,mapped
GSE80672,SRR3440594,/data/mouse_methyl/raw/GSE80672/fastq/SRR3440594_1.fastq;/data/mouse_methyl/raw/GSE80672/fastq/SRR3440594_2.fastq,2,6790357080,1;2,GSM2132735,PAIRED,Bisulfite-Seq,Reduced Representation,SRS1412245,SRX1727023,GSM2132735: B6_CR2302; Mus musculus; Bisulfite-Seq,SAMN04902065,PRJNA319643,2223894150,mapped
GSE80672,SRR3440595,/data/mouse_methyl/raw/GSE80672/fastq/SRR3440595_1.fastq;/data/mouse_methyl/raw/GSE80672/fastq/SRR3440595_2.fastq,2,10658346456,1;2,GSM2132735,PAIRED,Bisulfite-Seq,Reduced Representation,SRS1412245,SRX1727023,GSM2132735: B6_CR2302; Mus musculus; Bisulfite-Seq,SAMN04902065,PRJNA319643,3474321750,mapped
GSE80672,SRR3440596,/data/mouse_methyl/raw/GSE80672/fastq/SRR3440596_1.fastq;/data/mouse_methyl/raw/GSE80672/fastq/SRR3440596_2.fastq,2,3146657616,1;2,GSM2132736,PAIRED,Bisulfite-Seq,Reduced Representation,SRS1412246,SRX1727024,GSM2132736: B6_CR2303; Mus musculus; Bisulfite-Seq,SAMN04902066,PRJNA319643,1038008700,mapped
GSE80672,SRR3440597,/data/mouse_methyl/raw/GSE80672/fastq/SRR3440597_1.fastq;/data/mouse_methyl/raw/GSE80672/fastq/SRR3440597_2.fastq,2,4104605088,1;2,GSM2132737,PAIRED,Bisulfite-Seq,Reduced Representation,SRS1412247,SRX1727025,GSM2132737: B6_CR2304; Mus musculus; Bisulfite-Seq,SAMN04902067,PRJNA319643,1353123000,mapped
GSE80672,SRR3440598,/data/mouse_methyl/raw/GSE80672/fastq/SRR3440598_1.fastq;/data/mouse_methyl/raw/GSE80672/fastq/SRR3440598_2.fastq,2,7462050440,1;2,GSM2132738,PAIRED,Bisulfite-Seq,Reduced Representation,SRS1412248,SRX1727026,GSM2132738: B6_CR2305; Mus musculus; Bisulfite-Seq,SAMN04902068,PRJNA319643,2441036400,mapped
GSE80672,SRR3440599,/data/mouse_methyl/raw/GSE80672/fastq/SRR3440599_1.fastq;/data/mouse_methyl/raw/GSE80672/fastq/SRR3440599_2.fastq,2,4624458440,1;2,GSM2132739,PAIRED,Bisulfite-Seq,Reduced Representation,SRS1412249,SRX1727027,GSM2132739: B6_CR2701; Mus musculus; Bisulfite-Seq,SAMN04902069,PRJNA319643,1523711400,mapped
GSE80672,SRR3440600,/data/mouse_methyl/raw/GSE80672/fastq/SRR3440600_1.fastq;/data/mouse_methyl/raw/GSE80672/fastq/SRR3440600_2.fastq,2,4803799544,1;2,GSM2132740,PAIRED,Bisulfite-Seq,Reduced Representation,SRS1412250,SRX1727028,GSM2132740: B6_CR2702; Mus musculus; Bisulfite-Seq,SAMN04902070,PRJNA319643,1581688050,mapped
GSE80672,SRR3440601,/data/mouse_methyl/raw/GSE80672/fastq/SRR3440601_1.fastq;/data/mouse_methyl/raw/GSE80672/fastq/SRR3440601_2.fastq,2,6956341480,1;2,GSM2132740,PAIRED,Bisulfite-Seq,Reduced Representation,SRS1412250,SRX1727028,GSM2132740: B6_CR2702; Mus musculus; Bisulfite-Seq,SAMN04902070,PRJNA319643,2277552900,mapped
GSE80672,SRR3440602,/data/mouse_methyl/raw/GSE80672/fastq/SRR3440602_1.fastq;/data/mouse_methyl/raw/GSE80672/fastq/SRR3440602_2.fastq,2,1540037376,1;2,GSM2132741,PAIRED,Bisulfite-Seq,Reduced Representation,SRS1412251,SRX1727029,GSM2132741: B6_CR2703; Mus musculus; Bisulfite-Seq,SAMN04902071,PRJNA319643,509515200,mapped
GSE80672,SRR3440603,/data/mouse_methyl/raw/GSE80672/fastq/SRR3440603_1.fastq;/data/mouse_methyl/raw/GSE80672/fastq/SRR3440603_2.fastq,2,4602604504,1;2,GSM2132741,PAIRED,Bisulfite-Seq,Reduced Representation,SRS1412251,SRX1727029,GSM2132741: B6_CR2703; Mus musculus; Bisulfite-Seq,SAMN04902071,PRJNA319643,1516646550,mapped
GSE80672,SRR3440604,/data/mouse_methyl/raw/GSE80672/fastq/SRR3440604_1.fastq;/data/mouse_methyl/raw/GSE80672/fastq/SRR3440604_2.fastq,2,4994900264,1;2,GSM2132742,PAIRED,Bisulfite-Seq,Reduced Representation,SRS1412252,SRX1727030,GSM2132742: B6_CR2704; Mus musculus; Bisulfite-Seq,SAMN04902072,PRJNA319643,1643466300,mapped
GSE80672,SRR3440605,/data/mouse_methyl/raw/GSE80672/fastq/SRR3440605_1.fastq;/data/mouse_methyl/raw/GSE80672/fastq/SRR3440605_2.fastq,2,4455695904,1;2,GSM2132743,PAIRED,Bisulfite-Seq,Reduced Representation,SRS1412254,SRX1727031,GSM2132743: B6_CR2705; Mus musculus; Bisulfite-Seq,SAMN04902073,PRJNA319643,1468613400,mapped
GSE80672,SRR3440606,/data/mouse_methyl/raw/GSE80672/fastq/SRR3440606_1.fastq;/data/mouse_methyl/raw/GSE80672/fastq/SRR3440606_2.fastq,2,6470134904,1;2,GSM2132743,PAIRED,Bisulfite-Seq,Reduced Representation,SRS1412254,SRX1727031,GSM2132743: B6_CR2705; Mus musculus; Bisulfite-Seq,SAMN04902073,PRJNA319643,2120374050,mapped
GSE80672,SRR3440607,/data/mouse_methyl/raw/GSE80672/fastq/SRR3440607_1.fastq;/data/mouse_methyl/raw/GSE80672/fastq/SRR3440607_2.fastq,2,6319360888,1;2,GSM2132744,PAIRED,Bisulfite-Seq,Reduced Representation,SRS1412253,SRX1727032,GSM2132744: B6D2F1_2001; Mus musculus; Bisulfite-Seq,SAMN04902074,PRJNA319643,2071632450,mapped
GSE80672,SRR3440608,/data/mouse_methyl/raw/GSE80672/fastq/SRR3440608_1.fastq;/data/mouse_methyl/raw/GSE80672/fastq/SRR3440608_2.fastq,2,9231212376,1;2,GSM2132744,PAIRED,Bisulfite-Seq,Reduced Representation,SRS1412253,SRX1727032,GSM2132744: B6D2F1_2001; Mus musculus; Bisulfite-Seq,SAMN04902074,PRJNA319643,3012963750,mapped
GSE80672,SRR3440609,/data/mouse_methyl/raw/GSE80672/fastq/SRR3440609_1.fastq;/data/mouse_methyl/raw/GSE80672/fastq/SRR3440609_2.fastq,2,4187084544,1;2,GSM2132745,PAIRED,Bisulfite-Seq,Reduced Representation,SRS1412255,SRX1727033,GSM2132745: B6D2F1_2002; Mus musculus; Bisulfite-Seq,SAMN04902075,PRJNA319643,1380254400,mapped
GSE80672,SRR3440610,/data/mouse_methyl/raw/GSE80672/fastq/SRR3440610_1.fastq;/data/mouse_methyl/raw/GSE80672/fastq/SRR3440610_2.fastq,2,6899919080,1;2,GSM2132745,PAIRED,Bisulfite-Seq,Reduced Representation,SRS1412255,SRX1727033,GSM2132745: B6D2F1_2002; Mus musculus; Bisulfite-Seq,SAMN04902075,PRJNA319643,2259312900,mapped
GSE80672,SRR3440611,/data/mouse_methyl/raw/GSE80672/fastq/SRR3440611_1.fastq;/data/mouse_methyl/raw/GSE80672/fastq/SRR3440611_2.fastq,2,5201360776,1;2,GSM2132746,PAIRED,Bisulfite-Seq,Reduced Representation,SRS1412256,SRX1727034,GSM2132746: B6D2F1_2003; Mus musculus; Bisulfite-Seq,SAMN04902076,PRJNA319643,1710210000,mapped
GSE80672,SRR3440612,/data/mouse_methyl/raw/GSE80672/fastq/SRR3440612_1.fastq;/data/mouse_methyl/raw/GSE80672/fastq/SRR3440612_2.fastq,2,6266595736,1;2,GSM2132747,PAIRED,Bisulfite-Seq,Reduced Representation,SRS1412257,SRX1727035,GSM2132747: B6D2F1_2004; Mus musculus; Bisulfite-Seq,SAMN04902077,PRJNA319643,2054574750,mapped
GSE80672,SRR3440613,/data/mouse_methyl/raw/GSE80672/fastq/SRR3440613_1.fastq;/data/mouse_methyl/raw/GSE80672/fastq/SRR3440613_2.fastq,2,5786404920,1;2,GSM2132748,PAIRED,Bisulfite-Seq,Reduced Representation,SRS1412258,SRX1727036,GSM2132748: B6D2F1_2005; Mus musculus; Bisulfite-Seq,SAMN04902078,PRJNA319643,1899340650,mapped
GSE80672,SRR3440614,/data/mouse_methyl/raw/GSE80672/fastq/SRR3440614_1.fastq;/data/mouse_methyl/raw/GSE80672/fastq/SRR3440614_2.fastq,2,8125917048,1;2,GSM2132748,PAIRED,Bisulfite-Seq,Reduced Representation,SRS1412258,SRX1727036,GSM2132748: B6D2F1_2005; Mus musculus; Bisulfite-Seq,SAMN04902078,PRJNA319643,2655648450,mapped
GSE80672,SRR3440615,/data/mouse_methyl/raw/GSE80672/fastq/SRR3440615_1.fastq;/data/mouse_methyl/raw/GSE80672/fastq/SRR3440615_2.fastq,2,5078484760,1;2,GSM2132749,PAIRED,Bisulfite-Seq,Reduced Representation,SRS1412259,SRX1727037,GSM2132749: B6D2F1_2701; Mus musculus; Bisulfite-Seq,SAMN04902079,PRJNA319643,1670487150,mapped
GSE80672,SRR3440616,/data/mouse_methyl/raw/GSE80672/fastq/SRR3440616_1.fastq;/data/mouse_methyl/raw/GSE80672/fastq/SRR3440616_2.fastq,2,6417484824,1;2,GSM2132750,PAIRED,Bisulfite-Seq,Reduced Representation,SRS1412261,SRX1727038,GSM2132750: B6D2F1_2702; Mus musculus; Bisulfite-Seq,SAMN04902080,PRJNA319643,2103353550,mapped
GSE80672,SRR3440617,/data/mouse_methyl/raw/GSE80672/fastq/SRR3440617_1.fastq;/data/mouse_methyl/raw/GSE80672/fastq/SRR3440617_2.fastq,2,2095236984,1;2,GSM2132751,PAIRED,Bisulfite-Seq,Reduced Representation,SRS1412260,SRX1727039,GSM2132751: B6D2F1_2703; Mus musculus; Bisulfite-Seq,SAMN04902081,PRJNA319643,692146650,mapped
GSE80672,SRR3440618,/data/mouse_methyl/raw/GSE80672/fastq/SRR3440618_1.fastq;/data/mouse_methyl/raw/GSE80672/fastq/SRR3440618_2.fastq,2,4961352600,1;2,GSM2132751,PAIRED,Bisulfite-Seq,Reduced Representation,SRS1412260,SRX1727039,GSM2132751: B6D2F1_2703; Mus musculus; Bisulfite-Seq,SAMN04902081,PRJNA319643,1632621150,mapped
GSE80672,SRR3440619,/data/mouse_methyl/raw/GSE80672/fastq/SRR3440619_1.fastq;/data/mouse_methyl/raw/GSE80672/fastq/SRR3440619_2.fastq,2,6709281896,1;2,GSM2132752,PAIRED,Bisulfite-Seq,Reduced Representation,SRS1412262,SRX1727040,GSM2132752: B6D2F1_2704; Mus musculus; Bisulfite-Seq,SAMN04902082,PRJNA319643,2197684500,mapped
GSE80672,SRR3440620,/data/mouse_methyl/raw/GSE80672/fastq/SRR3440620_1.fastq;/data/mouse_methyl/raw/GSE80672/fastq/SRR3440620_2.fastq,2,5019541912,1;2,GSM2132753,PAIRED,Bisulfite-Seq,Reduced Representation,SRS1412263,SRX1727041,GSM2132753: B6D2F1_2705; Mus musculus; Bisulfite-Seq,SAMN04902083,PRJNA319643,1651432350,mapped
GSE80672,SRR3440621,/data/mouse_methyl/raw/GSE80672/fastq/SRR3440621_1.fastq;/data/mouse_methyl/raw/GSE80672/fastq/SRR3440621_2.fastq,2,7552275704,1;2,GSM2132753,PAIRED,Bisulfite-Seq,Reduced Representation,SRS1412263,SRX1727041,GSM2132753: B6D2F1_2705; Mus musculus; Bisulfite-Seq,SAMN04902083,PRJNA319643,2470204050,mapped
GSE80672,SRR3440622,/data/mouse_methyl/raw/GSE80672/fastq/SRR3440622_1.fastq;/data/mouse_methyl/raw/GSE80672/fastq/SRR3440622_2.fastq,2,1546569576,1;2,GSM2132754,PAIRED,Bisulfite-Seq,Reduced Representation,SRS1412264,SRX1727042,GSM2132754: B6D2F1_CR2101; Mus musculus; Bisulfite-Seq,SAMN04902084,PRJNA319643,511663950,mapped
GSE80672,SRR3440623,/data/mouse_methyl/raw/GSE80672/fastq/SRR3440623_1.fastq;/data/mouse_methyl/raw/GSE80672/fastq/SRR3440623_2.fastq,2,4856920584,1;2,GSM2132754,PAIRED,Bisulfite-Seq,Reduced Representation,SRS1412264,SRX1727042,GSM2132754: B6D2F1_CR2101; Mus musculus; Bisulfite-Seq,SAMN04902084,PRJNA319643,1598860800,mapped
GSE80672,SRR3440624,/data/mouse_methyl/raw/GSE80672/fastq/SRR3440624_1.fastq;/data/mouse_methyl/raw/GSE80672/fastq/SRR3440624_2.fastq,2,5256152680,1;2,GSM2132755,PAIRED,Bisulfite-Seq,Reduced Representation,SRS1412265,SRX1727043,GSM2132755: B6D2F1_CR2102; Mus musculus; Bisulfite-Seq,SAMN04902085,PRJNA319643,1727922900,mapped
GSE80672,SRR3440625,/data/mouse_methyl/raw/GSE80672/fastq/SRR3440625_1.fastq;/data/mouse_methyl/raw/GSE80672/fastq/SRR3440625_2.fastq,2,6894890248,1;2,GSM2132756,PAIRED,Bisulfite-Seq,Reduced Representation,SRS1412266,SRX1727044,GSM2132756: B6D2F1_CR2103; Mus musculus; Bisulfite-Seq,SAMN04902086,PRJNA319643,2257687200,mapped
GSE80672,SRR3440626,/data/mouse_methyl/raw/GSE80672/fastq/SRR3440626_1.fastq;/data/mouse_methyl/raw/GSE80672/fastq/SRR3440626_2.fastq,2,9979119128,1;2,GSM2132756,PAIRED,Bisulfite-Seq,Reduced Representation,SRS1412266,SRX1727044,GSM2132756: B6D2F1_CR2103; Mus musculus; Bisulfite-Seq,SAMN04902086,PRJNA319643,3254743950,mapped
GSE80672,SRR3440627,/data/mouse_methyl/raw/GSE80672/fastq/SRR3440627_1.fastq;/data/mouse_methyl/raw/GSE80672/fastq/SRR3440627_2.fastq,2,4858500040,1;2,GSM2132757,PAIRED,Bisulfite-Seq,Reduced Representation,SRS1412267,SRX1727045,GSM2132757: B6D2F1_CR2104; Mus musculus; Bisulfite-Seq,SAMN04902087,PRJNA319643,1599371400,mapped
GSE80672,SRR3440628,/data/mouse_methyl/raw/GSE80672/fastq/SRR3440628_1.fastq;/data/mouse_methyl/raw/GSE80672/fastq/SRR3440628_2.fastq,2,4205348712,1;2,GSM2132758,PAIRED,Bisulfite-Seq,Reduced Representation,SRS1412268,SRX1727046,GSM2132758: B6D2F1_CR2105; Mus musculus; Bisulfite-Seq,SAMN04902088,PRJNA319643,1386262350,mapped
GSE80672,SRR3440629,/data/mouse_methyl/raw/GSE80672/fastq/SRR3440629_1.fastq;/data/mouse_methyl/raw/GSE80672/fastq/SRR3440629_2.fastq,2,3486087600,1;2,GSM2132759,PAIRED,Bisulfite-Seq,Reduced Representation,SRS1412269,SRX1727047,GSM2132759: b6d2f1_CR2106; Mus musculus; Bisulfite-Seq,SAMN04902089,PRJNA319643,1149663300,mapped
GSE80672,SRR3440630,/data/mouse_methyl/raw/GSE80672/fastq/SRR3440630_1.fastq;/data/mouse_methyl/raw/GSE80672/fastq/SRR3440630_2.fastq,2,4184230440,1;2,GSM2132760,PAIRED,Bisulfite-Seq,Reduced Representation,SRS1412271,SRX1727048,GSM2132760: b6d2f1_CR2107; Mus musculus; Bisulfite-Seq,SAMN04902090,PRJNA319643,1379315550,mapped
GSE80672,SRR3440631,/data/mouse_methyl/raw/GSE80672/fastq/SRR3440631_1.fastq;/data/mouse_methyl/raw/GSE80672/fastq/SRR3440631_2.fastq,2,6407311160,1;2,GSM2132760,PAIRED,Bisulfite-Seq,Reduced Representation,SRS1412271,SRX1727048,GSM2132760: b6d2f1_CR2107; Mus musculus; Bisulfite-Seq,SAMN04902090,PRJNA319643,2100064650,mapped
GSE80672,SRR3440632,/data/mouse_methyl/raw/GSE80672/fastq/SRR3440632_1.fastq;/data/mouse_methyl/raw/GSE80672/fastq/SRR3440632_2.fastq,2,5442960472,1;2,GSM2132761,PAIRED,Bisulfite-Seq,Reduced Representation,SRS1412270,SRX1727049,GSM2132761: B6D2F1_CR2701; Mus musculus; Bisulfite-Seq,SAMN04902181,PRJNA319643,1788313350,mapped
GSE80672,SRR3440633,/data/mouse_methyl/raw/GSE80672/fastq/SRR3440633_1.fastq;/data/mouse_methyl/raw/GSE80672/fastq/SRR3440633_2.fastq,2,7943778024,1;2,GSM2132761,PAIRED,Bisulfite-Seq,Reduced Representation,SRS1412270,SRX1727049,GSM2132761: B6D2F1_CR2701; Mus musculus; Bisulfite-Seq,SAMN04902181,PRJNA319643,2596767300,mapped
GSE80672,SRR3440634,/data/mouse_methyl/raw/GSE80672/fastq/SRR3440634_1.fastq;/data/mouse_methyl/raw/GSE80672/fastq/SRR3440634_2.fastq,2,6026913752,1;2,GSM2132762,PAIRED,Bisulfite-Seq,Reduced Representation,SRS1412272,SRX1727050,GSM2132762: B6D2F1_CR2702; Mus musculus; Bisulfite-Seq,SAMN04902182,PRJNA319643,1977091350,mapped
GSE80672,SRR3440635,/data/mouse_methyl/raw/GSE80672/fastq/SRR3440635_1.fastq;/data/mouse_methyl/raw/GSE80672/fastq/SRR3440635_2.fastq,2,4404250440,1;2,GSM2132763,PAIRED,Bisulfite-Seq,Reduced Representation,SRS1412273,SRX1727051,GSM2132763: B6D2F1_CR2703; Mus musculus; Bisulfite-Seq,SAMN04902183,PRJNA319643,1451690550,mapped
GSE80672,SRR3440636,/data/mouse_methyl/raw/GSE80672/fastq/SRR3440636_1.fastq;/data/mouse_methyl/raw/GSE80672/fastq/SRR3440636_2.fastq,2,6490074840,1;2,GSM2132763,PAIRED,Bisulfite-Seq,Reduced Representation,SRS1412273,SRX1727051,GSM2132763: B6D2F1_CR2703; Mus musculus; Bisulfite-Seq,SAMN04902183,PRJNA319643,2126820150,mapped
GSE80672,SRR3440637,/data/mouse_methyl/raw/GSE80672/fastq/SRR3440637_1.fastq;/data/mouse_methyl/raw/GSE80672/fastq/SRR3440637_2.fastq,2,3637778736,1;2,GSM2132764,PAIRED,Bisulfite-Seq,Reduced Representation,SRS1412275,SRX1727052,GSM2132764: B6D2F1_CR2704; Mus musculus; Bisulfite-Seq,SAMN04902184,PRJNA319643,1199561700,mapped
GSE80672,SRR3440638,/data/mouse_methyl/raw/GSE80672/fastq/SRR3440638_1.fastq;/data/mouse_methyl/raw/GSE80672/fastq/SRR3440638_2.fastq,2,5725418152,1;2,GSM2132764,PAIRED,Bisulfite-Seq,Reduced Representation,SRS1412275,SRX1727052,GSM2132764: B6D2F1_CR2704; Mus musculus; Bisulfite-Seq,SAMN04902184,PRJNA319643,1879625100,mapped
GSE80672,SRR3440639,/data/mouse_methyl/raw/GSE80672/fastq/SRR3440639_1.fastq;/data/mouse_methyl/raw/GSE80672/fastq/SRR3440639_2.fastq,2,5390712680,1;2,GSM2132765,PAIRED,Bisulfite-Seq,Reduced Representation,SRS1412274,SRX1727053,GSM2132765: B6D2F1_CR2705; Mus musculus; Bisulfite-Seq,SAMN04902185,PRJNA319643,1771422900,mapped
GSE80672,SRR3440640,/data/mouse_methyl/raw/GSE80672/fastq/SRR3440640_1.fastq;/data/mouse_methyl/raw/GSE80672/fastq/SRR3440640_2.fastq,2,6867699848,1;2,GSM2132766,PAIRED,Bisulfite-Seq,Reduced Representation,SRS1412276,SRX1727054,GSM2132766: DW1; Mus musculus; Bisulfite-Seq,SAMN04902186,PRJNA319643,2248897200,mapped
GSE80672,SRR3440641,/data/mouse_methyl/raw/GSE80672/fastq/SRR3440641_1.fastq;/data/mouse_methyl/raw/GSE80672/fastq/SRR3440641_2.fastq,2,8841657464,1;2,GSM2132766,PAIRED,Bisulfite-Seq,Reduced Representation,SRS1412276,SRX1727054,GSM2132766: DW1; Mus musculus; Bisulfite-Seq,SAMN04902186,PRJNA319643,2887030050,mapped
GSE80672,SRR3440642,/data/mouse_methyl/raw/GSE80672/fastq/SRR3440642_1.fastq;/data/mouse_methyl/raw/GSE80672/fastq/SRR3440642_2.fastq,2,10568679848,1;2,GSM2132767,PAIRED,Bisulfite-Seq,Reduced Representation,SRS1412277,SRX1727055,GSM2132767: DW11; Mus musculus; Bisulfite-Seq,SAMN04902187,PRJNA319643,3445334700,mapped
GSE80672,SRR3440643,/data/mouse_methyl/raw/GSE80672/fastq/SRR3440643_1.fastq;/data/mouse_methyl/raw/GSE80672/fastq/SRR3440643_2.fastq,2,13212761112,1;2,GSM2132768,PAIRED,Bisulfite-Seq,Reduced Representation,SRS1412278,SRX1727056,GSM2132768: DW12; Mus musculus; Bisulfite-Seq,SAMN04902188,PRJNA319643,4300102350,mapped
GSE80672,SRR3440644,/data/mouse_methyl/raw/GSE80672/fastq/SRR3440644_1.fastq;/data/mouse_methyl/raw/GSE80672/fastq/SRR3440644_2.fastq,2,9647391144,1;2,GSM2132769,PAIRED,Bisulfite-Seq,Reduced Representation,SRS1412279,SRX1727057,GSM2132769: DW13; Mus musculus; Bisulfite-Seq,SAMN04902189,PRJNA319643,3147504300,mapped
GSE80672,SRR3440645,/data/mouse_methyl/raw/GSE80672/fastq/SRR3440645_1.fastq;/data/mouse_methyl/raw/GSE80672/fastq/SRR3440645_2.fastq,2,4369697952,1;2,GSM2132770,PAIRED,Bisulfite-Seq,Reduced Representation,SRS1412280,SRX1727058,GSM2132770: DW2; Mus musculus; Bisulfite-Seq,SAMN04902190,PRJNA319643,1440324600,mapped
GSE80672,SRR3440646,/data/mouse_methyl/raw/GSE80672/fastq/SRR3440646_1.fastq;/data/mouse_methyl/raw/GSE80672/fastq/SRR3440646_2.fastq,2,9891092296,1;2,GSM2132771,PAIRED,Bisulfite-Seq,Reduced Representation,SRS1412281,SRX1727059,GSM2132771: DW23; Mus musculus; Bisulfite-Seq,SAMN04902191,PRJNA319643,3226287000,mapped
GSE80672,SRR3440647,/data/mouse_methyl/raw/GSE80672/fastq/SRR3440647_1.fastq;/data/mouse_methyl/raw/GSE80672/fastq/SRR3440647_2.fastq,2,11524079048,1;2,GSM2132772,PAIRED,Bisulfite-Seq,Reduced Representation,SRS1412282,SRX1727060,GSM2132772: DW24; Mus musculus; Bisulfite-Seq,SAMN04902192,PRJNA319643,3754192200,mapped
GSE80672,SRR3440648,/data/mouse_methyl/raw/GSE80672/fastq/SRR3440648_1.fastq;/data/mouse_methyl/raw/GSE80672/fastq/SRR3440648_2.fastq,2,5375519000,1;2,GSM2132773,PAIRED,Bisulfite-Seq,Reduced Representation,SRS1412283,SRX1727061,GSM2132773: DW25; Mus musculus; Bisulfite-Seq,SAMN04902193,PRJNA319643,1766511150,mapped
GSE80672,SRR3440649,/data/mouse_methyl/raw/GSE80672/fastq/SRR3440649_1.fastq;/data/mouse_methyl/raw/GSE80672/fastq/SRR3440649_2.fastq,2,5925577080,1;2,GSM2132774,PAIRED,Bisulfite-Seq,Reduced Representation,SRS1412284,SRX1727062,GSM2132774: DW27; Mus musculus; Bisulfite-Seq,SAMN04902194,PRJNA319643,1944331650,mapped
GSE80672,SRR3440650,/data/mouse_methyl/raw/GSE80672/fastq/SRR3440650_1.fastq;/data/mouse_methyl/raw/GSE80672/fastq/SRR3440650_2.fastq,2,10712466488,1;2,GSM2132775,PAIRED,Bisulfite-Seq,Reduced Representation,SRS1412286,SRX1727063,GSM2132775: DW28; Mus musculus; Bisulfite-Seq,SAMN04902195,PRJNA319643,3491817450,mapped
GSE80672,SRR3440651,/data/mouse_methyl/raw/GSE80672/fastq/SRR3440651_1.fastq;/data/mouse_methyl/raw/GSE80672/fastq/SRR3440651_2.fastq,2,13404782872,1;2,GSM2132776,PAIRED,Bisulfite-Seq,Reduced Representation,SRS1412285,SRX1727064,GSM2132776: DW3; Mus musculus; Bisulfite-Seq,SAMN04902196,PRJNA319643,4362178350,mapped
GSE80672,SRR3440652,/data/mouse_methyl/raw/GSE80672/fastq/SRR3440652_1.fastq;/data/mouse_methyl/raw/GSE80672/fastq/SRR3440652_2.fastq,2,5510759688,1;2,GSM2132777,PAIRED,Bisulfite-Seq,Reduced Representation,SRS1412287,SRX1727065,GSM2132777: DW30; Mus musculus; Bisulfite-Seq,SAMN04902197,PRJNA319643,1810231200,mapped
GSE80672,SRR3440653,/data/mouse_methyl/raw/GSE80672/fastq/SRR3440653_1.fastq;/data/mouse_methyl/raw/GSE80672/fastq/SRR3440653_2.fastq,2,14256098056,1;2,GSM2132778,PAIRED,Bisulfite-Seq,Reduced Representation,SRS1412288,SRX1727066,GSM2132778: DW31; Mus musculus; Bisulfite-Seq,SAMN04902198,PRJNA319643,4637388000,mapped
GSE80672,SRR3440654,/data/mouse_methyl/raw/GSE80672/fastq/SRR3440654_1.fastq;/data/mouse_methyl/raw/GSE80672/fastq/SRR3440654_2.fastq,2,5149057304,1;2,GSM2132779,PAIRED,Bisulfite-Seq,Reduced Representation,SRS1412289,SRX1727067,GSM2132779: DW32; Mus musculus; Bisulfite-Seq,SAMN04902199,PRJNA319643,1693301550,mapped
GSE80672,SRR3440655,/data/mouse_methyl/raw/GSE80672/fastq/SRR3440655_1.fastq;/data/mouse_methyl/raw/GSE80672/fastq/SRR3440655_2.fastq,2,6578396312,1;2,GSM2132779,PAIRED,Bisulfite-Seq,Reduced Representation,SRS1412289,SRX1727067,GSM2132779: DW32; Mus musculus; Bisulfite-Seq,SAMN04902199,PRJNA319643,2155372350,mapped
GSE80672,SRR3440656,/data/mouse_methyl/raw/GSE80672/fastq/SRR3440656_1.fastq;/data/mouse_methyl/raw/GSE80672/fastq/SRR3440656_2.fastq,2,11122463848,1;2,GSM2132780,PAIRED,Bisulfite-Seq,Reduced Representation,SRS1412290,SRX1727068,GSM2132780: DW33; Mus musculus; Bisulfite-Seq,SAMN04902200,PRJNA319643,3624359700,mapped
GSE80672,SRR3440657,/data/mouse_methyl/raw/GSE80672/fastq/SRR3440657_1.fastq;/data/mouse_methyl/raw/GSE80672/fastq/SRR3440657_2.fastq,2,9065691976,1;2,GSM2132781,PAIRED,Bisulfite-Seq,Reduced Representation,SRS1412292,SRX1727069,GSM2132781: DW34; Mus musculus; Bisulfite-Seq,SAMN04902201,PRJNA319643,2959455000,mapped
GSE80672,SRR3440658,/data/mouse_methyl/raw/GSE80672/fastq/SRR3440658_1.fastq;/data/mouse_methyl/raw/GSE80672/fastq/SRR3440658_2.fastq,2,9348867928,1;2,GSM2132782,PAIRED,Bisulfite-Seq,Reduced Representation,SRS1412293,SRX1727070,GSM2132782: DW4; Mus musculus; Bisulfite-Seq,SAMN04902202,PRJNA319643,3050998950,mapped
GSE80672,SRR3440659,/data/mouse_methyl/raw/GSE80672/fastq/SRR3440659_1.fastq;/data/mouse_methyl/raw/GSE80672/fastq/SRR3440659_2.fastq,2,10345584008,1;2,GSM2132783,PAIRED,Bisulfite-Seq,Reduced Representation,SRS1412291,SRX1727071,GSM2132783: DW5; Mus musculus; Bisulfite-Seq,SAMN04902203,PRJNA319643,3373213200,mapped
GSE80672,SRR3440660,/data/mouse_methyl/raw/GSE80672/fastq/SRR3440660_1.fastq;/data/mouse_methyl/raw/GSE80672/fastq/SRR3440660_2.fastq,2,7606808696,1;2,GSM2132784,PAIRED,Bisulfite-Seq,Reduced Representation,SRS1412294,SRX1727072,GSM2132784: DW6; Mus musculus; Bisulfite-Seq,SAMN04902204,PRJNA319643,2487833250,mapped
GSE80672,SRR3440661,/data/mouse_methyl/raw/GSE80672/fastq/SRR3440661_1.fastq;/data/mouse_methyl/raw/GSE80672/fastq/SRR3440661_2.fastq,2,6938270072,1;2,GSM2132785,PAIRED,Bisulfite-Seq,Reduced Representation,SRS1412296,SRX1727073,GSM2132785: DW7; Mus musculus; Bisulfite-Seq,SAMN04902205,PRJNA319643,2271710850,mapped
GSE80672,SRR3440662,/data/mouse_methyl/raw/GSE80672/fastq/SRR3440662_1.fastq;/data/mouse_methyl/raw/GSE80672/fastq/SRR3440662_2.fastq,2,9250790392,1;2,GSM2132786,PAIRED,Bisulfite-Seq,Reduced Representation,SRS1412295,SRX1727074,GSM2132786: DW8; Mus musculus; Bisulfite-Seq,SAMN04902206,PRJNA319643,3019292850,mapped
GSE80672,SRR3440663,/data/mouse_methyl/raw/GSE80672/fastq/SRR3440663_1.fastq;/data/mouse_methyl/raw/GSE80672/fastq/SRR3440663_2.fastq,2,6591608248,1;2,GSM2132787,PAIRED,Bisulfite-Seq,Reduced Representation,SRS1412297,SRX1727075,GSM2132787: DW9; Mus musculus; Bisulfite-Seq,SAMN04902207,PRJNA319643,2159643450,mapped
GSE80672,SRR3440664,/data/mouse_methyl/raw/GSE80672/fastq/SRR3440664_1.fastq;/data/mouse_methyl/raw/GSE80672/fastq/SRR3440664_2.fastq,2,6966709560,1;2,GSM2132788,PAIRED,Bisulfite-Seq,Reduced Representation,SRS1412298,SRX1727076,GSM2132788: GX2455; Mus musculus; Bisulfite-Seq,SAMN04902208,PRJNA319643,2280904650,mapped
GSE80672,SRR3440665,/data/mouse_methyl/raw/GSE80672/fastq/SRR3440665_1.fastq;/data/mouse_methyl/raw/GSE80672/fastq/SRR3440665_2.fastq,2,7856800296,1;2,GSM2132789,PAIRED,Bisulfite-Seq,Reduced Representation,SRS1412299,SRX1727077,GSM2132789: GX2464; Mus musculus; Bisulfite-Seq,SAMN04902209,PRJNA319643,2568649500,mapped
GSE80672,SRR3440666,/data/mouse_methyl/raw/GSE80672/fastq/SRR3440666_1.fastq;/data/mouse_methyl/raw/GSE80672/fastq/SRR3440666_2.fastq,2,8904734552,1;2,GSM2132790,PAIRED,Bisulfite-Seq,Reduced Representation,SRS1412300,SRX1727078,GSM2132790: GX2465; Mus musculus; Bisulfite-Seq,SAMN04902210,PRJNA319643,2907421350,mapped
GSE80672,SRR3440667,/data/mouse_methyl/raw/GSE80672/fastq/SRR3440667_1.fastq;/data/mouse_methyl/raw/GSE80672/fastq/SRR3440667_2.fastq,2,5091460984,1;2,GSM2132791,PAIRED,Bisulfite-Seq,Reduced Representation,SRS1412301,SRX1727079,GSM2132791: GX2466; Mus musculus; Bisulfite-Seq,SAMN04902121,PRJNA319643,1674682050,mapped
GSE80672,SRR3440668,/data/mouse_methyl/raw/GSE80672/fastq/SRR3440668_1.fastq;/data/mouse_methyl/raw/GSE80672/fastq/SRR3440668_2.fastq,2,10302149896,1;2,GSM2132792,PAIRED,Bisulfite-Seq,Reduced Representation,SRS1412302,SRX1727080,GSM2132792: GX2467; Mus musculus; Bisulfite-Seq,SAMN04902122,PRJNA319643,3359172000,mapped
GSE80672,SRR3440669,/data/mouse_methyl/raw/GSE80672/fastq/SRR3440669_1.fastq;/data/mouse_methyl/raw/GSE80672/fastq/SRR3440669_2.fastq,2,7372586600,1;2,GSM2132793,PAIRED,Bisulfite-Seq,Reduced Representation,SRS1412303,SRX1727081,GSM2132793: GX2468; Mus musculus; Bisulfite-Seq,SAMN04902123,PRJNA319643,2412114900,mapped
GSE80672,SRR3440670,/data/mouse_methyl/raw/GSE80672/fastq/SRR3440670_1.fastq;/data/mouse_methyl/raw/GSE80672/fastq/SRR3440670_2.fastq,2,7799267544,1;2,GSM2132794,PAIRED,Bisulfite-Seq,Reduced Representation,SRS1412304,SRX1727082,GSM2132794: GX2470; Mus musculus; Bisulfite-Seq,SAMN04902124,PRJNA319643,2550050550,mapped
GSE80672,SRR3440686,/data/mouse_methyl/raw/GSE80672/fastq/SRR3440686_1.fastq;/data/mouse_methyl/raw/GSE80672/fastq/SRR3440686_2.fastq,2,9088806600,1;2,GSM2132808,PAIRED,Bisulfite-Seq,Reduced Representation,SRS1412318,SRX1727096,GSM2132808: GX2595; Mus musculus; Bisulfite-Seq,SAMN04902138,PRJNA319643,2966927400,mapped
GSE80672,SRR3440687,/data/mouse_methyl/raw/GSE80672/fastq/SRR3440687_1.fastq;/data/mouse_methyl/raw/GSE80672/fastq/SRR3440687_2.fastq,2,3991979928,1;2,GSM2132809,PAIRED,Bisulfite-Seq,Reduced Representation,SRS1412319,SRX1727097,GSM2132809: GX2596; Mus musculus; Bisulfite-Seq,SAMN04902139,PRJNA319643,1316075250,mapped
GSE80672,SRR3440688,/data/mouse_methyl/raw/GSE80672/fastq/SRR3440688_1.fastq;/data/mouse_methyl/raw/GSE80672/fastq/SRR3440688_2.fastq,2,4826990264,1;2,GSM2132809,PAIRED,Bisulfite-Seq,Reduced Representation,SRS1412319,SRX1727097,GSM2132809: GX2596; Mus musculus; Bisulfite-Seq,SAMN04902139,PRJNA319643,1589185050,mapped
GSE80672,SRR3440696,/data/mouse_methyl/raw/GSE80672/fastq/SRR3440696_1.fastq;/data/mouse_methyl/raw/GSE80672/fastq/SRR3440696_2.fastq,2,4927047224,1;2,GSM2132815,PAIRED,Bisulfite-Seq,Reduced Representation,SRS1412325,SRX1727103,GSM2132815: K2; Mus musculus; Bisulfite-Seq,SAMN04902145,PRJNA319643,1621531050,mapped
GSE80672,SRR3440698,/data/mouse_methyl/raw/GSE80672/fastq/SRR3440698_1.fastq;/data/mouse_methyl/raw/GSE80672/fastq/SRR3440698_2.fastq,2,5492896616,1;2,GSM2132816,PAIRED,Bisulfite-Seq,Reduced Representation,SRS1412326,SRX1727104,GSM2132816: K3; Mus musculus; Bisulfite-Seq,SAMN04902146,PRJNA319643,1804456500,mapped
GSE80672,SRR3440700,/data/mouse_methyl/raw/GSE80672/fastq/SRR3440700_1.fastq;/data/mouse_methyl/raw/GSE80672/fastq/SRR3440700_2.fastq,2,4669717464,1;2,GSM2132817,PAIRED,Bisulfite-Seq,Reduced Representation,SRS1412327,SRX1727105,GSM2132817: L1; Mus musculus; Bisulfite-Seq,SAMN04902147,PRJNA319643,1538342550,mapped
GSE80672,SRR3440701,/data/mouse_methyl/raw/GSE80672/fastq/SRR3440701_1.fastq;/data/mouse_methyl/raw/GSE80672/fastq/SRR3440701_2.fastq,2,6280721752,1;2,GSM2132817,PAIRED,Bisulfite-Seq,Reduced Representation,SRS1412327,SRX1727105,GSM2132817: L1; Mus musculus; Bisulfite-Seq,SAMN04902147,PRJNA319643,2059141350,mapped
GSE80672,SRR3440702,/data/mouse_methyl/raw/GSE80672/fastq/SRR3440702_1.fastq;/data/mouse_methyl/raw/GSE80672/fastq/SRR3440702_2.fastq,2,925601544,1;2,GSM2132818,PAIRED,Bisulfite-Seq,Reduced Representation,SRS1412328,SRX1727106,GSM2132818: L2; Mus musculus; Bisulfite-Seq,SAMN04902148,PRJNA319643,307398150,mapped
GSE80672,SRR3440703,/data/mouse_methyl/raw/GSE80672/fastq/SRR3440703_1.fastq;/data/mouse_methyl/raw/GSE80672/fastq/SRR3440703_2.fastq,2,4413729768,1;2,GSM2132818,PAIRED,Bisulfite-Seq,Reduced Representation,SRS1412328,SRX1727106,GSM2132818: L2; Mus musculus; Bisulfite-Seq,SAMN04902148,PRJNA319643,1454808750,mapped
GSE80672,SRR3440713,/data/mouse_methyl/raw/GSE80672/fastq/SRR3440713_1.fastq;/data/mouse_methyl/raw/GSE80672/fastq/SRR3440713_2.fastq,2,6286690648,1;2,GSM2132827,PAIRED,Bisulfite-Seq,Reduced Representation,SRS1412337,SRX1727115,GSM2132827: M0309; Mus musculus; Bisulfite-Seq,SAMN04902276,PRJNA319643,2061070950,mapped
GSE80672,SRR3440715,/data/mouse_methyl/raw/GSE80672/fastq/SRR3440715_1.fastq;/data/mouse_methyl/raw/GSE80672/fastq/SRR3440715_2.fastq,2,5708702088,1;2,GSM2132828,PAIRED,Bisulfite-Seq,Reduced Representation,SRS1412338,SRX1727116,GSM2132828: M0310; Mus musculus; Bisulfite-Seq,SAMN04902277,PRJNA319643,1874221200,mapped
GSE80672,SRR3440716,/data/mouse_methyl/raw/GSE80672/fastq/SRR3440716_1.fastq;/data/mouse_methyl/raw/GSE80672/fastq/SRR3440716_2.fastq,2,4669528152,1;2,GSM2132829,PAIRED,Bisulfite-Seq,Reduced Representation,SRS1412339,SRX1727117,GSM2132829: M0401; Mus musculus; Bisulfite-Seq,SAMN04902278,PRJNA319643,1538281350,mapped
GSE80672,SRR3440717,/data/mouse_methyl/raw/GSE80672/fastq/SRR3440717_1.fastq;/data/mouse_methyl/raw/GSE80672/fastq/SRR3440717_2.fastq,2,5130704248,1;2,GSM2132829,PAIRED,Bisulfite-Seq,Reduced Representation,SRS1412339,SRX1727117,GSM2132829: M0401; Mus musculus; Bisulfite-Seq,SAMN04902278,PRJNA319643,1687368450,mapped
GSE80672,SRR3440718,/data/mouse_methyl/raw/GSE80672/fastq/SRR3440718_1.fastq;/data/mouse_methyl/raw/GSE80672/fastq/SRR3440718_2.fastq,2,5436576296,1;2,GSM2132830,PAIRED,Bisulfite-Seq,Reduced Representation,SRS1412340,SRX1727118,GSM2132830: M0402; Mus musculus; Bisulfite-Seq,SAMN04902279,PRJNA319643,1786249500,mapped
GSE80672,SRR3440721,/data/mouse_methyl/raw/GSE80672/fastq/SRR3440721_1.fastq;/data/mouse_methyl/raw/GSE80672/fastq/SRR3440721_2.fastq,2,9009359592,1;2,GSM2132832,PAIRED,Bisulfite-Seq,Reduced Representation,SRS1412342,SRX1727120,GSM2132832: M0404; Mus musculus; Bisulfite-Seq,SAMN04902281,PRJNA319643,2941244100,mapped
GSE80672,SRR3440724,/data/mouse_methyl/raw/GSE80672/fastq/SRR3440724_1.fastq;/data/mouse_methyl/raw/GSE80672/fastq/SRR3440724_2.fastq,2,8459322392,1;2,GSM2132834,PAIRED,Bisulfite-Seq,Reduced Representation,SRS1412343,SRX1727122,GSM2132834: M0406; Mus musculus; Bisulfite-Seq,SAMN04902283,PRJNA319643,2763430350,mapped
GSE80672,SRR3440728,/data/mouse_methyl/raw/GSE80672/fastq/SRR3440728_1.fastq;/data/mouse_methyl/raw/GSE80672/fastq/SRR3440728_2.fastq,2,6236702072,1;2,GSM2132837,PAIRED,Bisulfite-Seq,Reduced Representation,SRS1412348,SRX1727125,GSM2132837: M0410; Mus musculus; Bisulfite-Seq,SAMN04902286,PRJNA319643,2044910850,mapped
GSE80672,SRR3440729,/data/mouse_methyl/raw/GSE80672/fastq/SRR3440729_1.fastq;/data/mouse_methyl/raw/GSE80672/fastq/SRR3440729_2.fastq,2,6139926520,1;2,GSM2132837,PAIRED,Bisulfite-Seq,Reduced Representation,SRS1412348,SRX1727125,GSM2132837: M0410; Mus musculus; Bisulfite-Seq,SAMN04902286,PRJNA319643,2013625650,mapped
GSE80672,SRR3440731,/data/mouse_methyl/raw/GSE80672/fastq/SRR3440731_1.fastq;/data/mouse_methyl/raw/GSE80672/fastq/SRR3440731_2.fastq,2,9035156136,1;2,GSM2132839,PAIRED,Bisulfite-Seq,Reduced Representation,SRS1412349,SRX1727127,GSM2132839: M0603; Mus musculus; Bisulfite-Seq,SAMN04902288,PRJNA319643,2949583500,mapped
GSE80672,SRR3440732,/data/mouse_methyl/raw/GSE80672/fastq/SRR3440732_1.fastq;/data/mouse_methyl/raw/GSE80672/fastq/SRR3440732_2.fastq,2,10685961416,1;2,GSM2132839,PAIRED,Bisulfite-Seq,Reduced Representation,SRS1412349,SRX1727127,GSM2132839: M0603; Mus musculus; Bisulfite-Seq,SAMN04902288,PRJNA319643,3483249000,mapped
GSE80672,SRR3440733,/data/mouse_methyl/raw/GSE80672/fastq/SRR3440733_1.fastq;/data/mouse_methyl/raw/GSE80672/fastq/SRR3440733_2.fastq,2,9538651816,1;2,GSM2132840,PAIRED,Bisulfite-Seq,Reduced Representation,SRS1412350,SRX1727128,GSM2132840: M0604; Mus musculus; Bisulfite-Seq,SAMN04902289,PRJNA319643,3112351500,mapped
GSE80672,SRR3440737,/data/mouse_methyl/raw/GSE80672/fastq/SRR3440737_1.fastq;/data/mouse_methyl/raw/GSE80672/fastq/SRR3440737_2.fastq,2,8861542648,1;2,GSM2132844,PAIRED,Bisulfite-Seq,Reduced Representation,SRS1412354,SRX1727132,GSM2132844: M0608; Mus musculus; Bisulfite-Seq,SAMN04902293,PRJNA319643,2893458450,mapped
GSE80672,SRR3440738,/data/mouse_methyl/raw/GSE80672/fastq/SRR3440738_1.fastq;/data/mouse_methyl/raw/GSE80672/fastq/SRR3440738_2.fastq,2,8859905656,1;2,GSM2132845,PAIRED,Bisulfite-Seq,Reduced Representation,SRS1412355,SRX1727133,GSM2132845: M0609; Mus musculus; Bisulfite-Seq,SAMN04902294,PRJNA319643,2892929250,mapped
GSE80672,SRR3440739,/data/mouse_methyl/raw/GSE80672/fastq/SRR3440739_1.fastq;/data/mouse_methyl/raw/GSE80672/fastq/SRR3440739_2.fastq,2,10387601528,1;2,GSM2132846,PAIRED,Bisulfite-Seq,Reduced Representation,SRS1412356,SRX1727134,GSM2132846: M0610; Mus musculus; Bisulfite-Seq,SAMN04902295,PRJNA319643,3386796450,mapped
GSE80672,SRR3440740,/data/mouse_methyl/raw/GSE80672/fastq/SRR3440740_1.fastq;/data/mouse_methyl/raw/GSE80672/fastq/SRR3440740_2.fastq,2,9171574456,1;2,GSM2132847,PAIRED,Bisulfite-Seq,Reduced Representation,SRS1412357,SRX1727135,GSM2132847: M0801; Mus musculus; Bisulfite-Seq,SAMN04902296,PRJNA319643,2993684250,mapped
GSE80672,SRR3440742,/data/mouse_methyl/raw/GSE80672/fastq/SRR3440742_1.fastq;/data/mouse_methyl/raw/GSE80672/fastq/SRR3440742_2.fastq,2,8565570968,1;2,GSM2132848,PAIRED,Bisulfite-Seq,Reduced Representation,SRS1412358,SRX1727136,GSM2132848: M0802; Mus musculus; Bisulfite-Seq,SAMN04902297,PRJNA319643,2797777950,mapped
GSE80672,SRR3440743,/data/mouse_methyl/raw/GSE80672/fastq/SRR3440743_1.fastq;/data/mouse_methyl/raw/GSE80672/fastq/SRR3440743_2.fastq,2,9256261880,1;2,GSM2132848,PAIRED,Bisulfite-Seq,Reduced Representation,SRS1412358,SRX1727136,GSM2132848: M0802; Mus musculus; Bisulfite-Seq,SAMN04902297,PRJNA319643,3021061650,mapped
GSE80672,SRR3440744,/data/mouse_methyl/raw/GSE80672/fastq/SRR3440744_1.fastq;/data/mouse_methyl/raw/GSE80672/fastq/SRR3440744_2.fastq,2,8191862584,1;2,GSM2132849,PAIRED,Bisulfite-Seq,Reduced Representation,SRS1412359,SRX1727137,GSM2132849: M0803; Mus musculus; Bisulfite-Seq,SAMN04902298,PRJNA319643,2676967050,mapped
GSE80672,SRR3440745,/data/mouse_methyl/raw/GSE80672/fastq/SRR3440745_1.fastq;/data/mouse_methyl/raw/GSE80672/fastq/SRR3440745_2.fastq,2,7601843896,1;2,GSM2132849,PAIRED,Bisulfite-Seq,Reduced Representation,SRS1412359,SRX1727137,GSM2132849: M0803; Mus musculus; Bisulfite-Seq,SAMN04902298,PRJNA319643,2486228250,mapped
GSE80672,SRR3440746,/data/mouse_methyl/raw/GSE80672/fastq/SRR3440746_1.fastq;/data/mouse_methyl/raw/GSE80672/fastq/SRR3440746_2.fastq,2,8847430088,1;2,GSM2132850,PAIRED,Bisulfite-Seq,Reduced Representation,SRS1412360,SRX1727138,GSM2132850: M0804; Mus musculus; Bisulfite-Seq,SAMN04902299,PRJNA319643,2888896200,mapped
GSE80672,SRR3440748,/data/mouse_methyl/raw/GSE80672/fastq/SRR3440748_1.fastq;/data/mouse_methyl/raw/GSE80672/fastq/SRR3440748_2.fastq,2,279770168,1;2,GSM2132851,PAIRED,Bisulfite-Seq,Reduced Representation,SRS1412362,SRX1727139,GSM2132851: M0805; Mus musculus; Bisulfite-Seq,SAMN04902211,PRJNA319643,93970650,mapped
GSE80672,SRR3440750,/data/mouse_methyl/raw/GSE80672/fastq/SRR3440750_1.fastq;/data/mouse_methyl/raw/GSE80672/fastq/SRR3440750_2.fastq,2,4981780664,1;2,GSM2132852,PAIRED,Bisulfite-Seq,Reduced Representation,SRS1412361,SRX1727140,GSM2132852: M0806; Mus musculus; Bisulfite-Seq,SAMN04902212,PRJNA319643,1639225050,mapped
GSE80672,SRR3440752,/data/mouse_methyl/raw/GSE80672/fastq/SRR3440752_1.fastq;/data/mouse_methyl/raw/GSE80672/fastq/SRR3440752_2.fastq,2,7275701080,1;2,GSM2132853,PAIRED,Bisulfite-Seq,Reduced Representation,SRS1412365,SRX1727141,GSM2132853: M0807; Mus musculus; Bisulfite-Seq,SAMN04902213,PRJNA319643,2380794150,mapped
GSE80672,SRR3440753,/data/mouse_methyl/raw/GSE80672/fastq/SRR3440753_1.fastq;/data/mouse_methyl/raw/GSE80672/fastq/SRR3440753_2.fastq,2,7833985416,1;2,GSM2132853,PAIRED,Bisulfite-Seq,Reduced Representation,SRS1412365,SRX1727141,GSM2132853: M0807; Mus musculus; Bisulfite-Seq,SAMN04902213,PRJNA319643,2561274000,mapped
GSE80672,SRR3440754,/data/mouse_methyl/raw/GSE80672/fastq/SRR3440754_1.fastq;/data/mouse_methyl/raw/GSE80672/fastq/SRR3440754_2.fastq,2,6872662792,1;2,GSM2132854,PAIRED,Bisulfite-Seq,Reduced Representation,SRS1412363,SRX1727142,GSM2132854: M0808; Mus musculus; Bisulfite-Seq,SAMN04902214,PRJNA319643,2250501600,mapped
GSE80672,SRR3440755,/data/mouse_methyl/raw/GSE80672/fastq/SRR3440755_1.fastq;/data/mouse_methyl/raw/GSE80672/fastq/SRR3440755_2.fastq,2,7409645352,1;2,GSM2132854,PAIRED,Bisulfite-Seq,Reduced Representation,SRS1412363,SRX1727142,GSM2132854: M0808; Mus musculus; Bisulfite-Seq,SAMN04902214,PRJNA319643,2424095100,mapped
GSE80672,SRR3440759,/data/mouse_methyl/raw/GSE80672/fastq/SRR3440759_1.fastq;/data/mouse_methyl/raw/GSE80672/fastq/SRR3440759_2.fastq,2,9826926200,1;2,GSM2132857,PAIRED,Bisulfite-Seq,Reduced Representation,SRS1412368,SRX1727145,GSM2132857: M10_7502; Mus musculus; Bisulfite-Seq,SAMN04902217,PRJNA319643,3205543650,mapped
GSE80672,SRR3440760,/data/mouse_methyl/raw/GSE80672/fastq/SRR3440760_1.fastq;/data/mouse_methyl/raw/GSE80672/fastq/SRR3440760_2.fastq,2,5230923608,1;2,GSM2132858,PAIRED,Bisulfite-Seq,Reduced Representation,SRS1412367,SRX1727146,GSM2132858: M10_7504; Mus musculus; Bisulfite-Seq,SAMN04902218,PRJNA319643,1719766950,mapped
GSE80672,SRR3440761,/data/mouse_methyl/raw/GSE80672/fastq/SRR3440761_1.fastq;/data/mouse_methyl/raw/GSE80672/fastq/SRR3440761_2.fastq,2,6420705448,1;2,GSM2132858,PAIRED,Bisulfite-Seq,Reduced Representation,SRS1412367,SRX1727146,GSM2132858: M10_7504; Mus musculus; Bisulfite-Seq,SAMN04902218,PRJNA319643,2104394700,mapped
GSE80672,SRR3440764,/data/mouse_methyl/raw/GSE80672/fastq/SRR3440764_1.fastq;/data/mouse_methyl/raw/GSE80672/fastq/SRR3440764_2.fastq,2,8567944792,1;2,GSM2132861,PAIRED,Bisulfite-Seq,Reduced Representation,SRS1412371,SRX1727149,GSM2132861: M10_7507; Mus musculus; Bisulfite-Seq,SAMN04902221,PRJNA319643,2798545350,mapped
GSE80672,SRR3440766,/data/mouse_methyl/raw/GSE80672/fastq/SRR3440766_1.fastq;/data/mouse_methyl/raw/GSE80672/fastq/SRR3440766_2.fastq,2,7881453544,1;2,GSM2132863,PAIRED,Bisulfite-Seq,Reduced Representation,SRS1412373,SRX1727151,GSM2132863: M10_7509; Mus musculus; Bisulfite-Seq,SAMN04902223,PRJNA319643,2576619300,mapped
GSE80672,SRR3440767,/data/mouse_methyl/raw/GSE80672/fastq/SRR3440767_1.fastq;/data/mouse_methyl/raw/GSE80672/fastq/SRR3440767_2.fastq,2,10980368952,1;2,GSM2132864,PAIRED,Bisulfite-Seq,Reduced Representation,SRS1412374,SRX1727152,GSM2132864: M10_7510; Mus musculus; Bisulfite-Seq,SAMN04902224,PRJNA319643,3578423850,mapped
GSE80672,SRR3440768,/data/mouse_methyl/raw/GSE80672/fastq/SRR3440768_1.fastq;/data/mouse_methyl/raw/GSE80672/fastq/SRR3440768_2.fastq,2,9887622968,1;2,GSM2132865,PAIRED,Bisulfite-Seq,Reduced Representation,SRS1412375,SRX1727153,GSM2132865: M1201; Mus musculus; Bisulfite-Seq,SAMN04902225,PRJNA319643,3225165450,mapped
GSE80672,SRR3440770,/data/mouse_methyl/raw/GSE80672/fastq/SRR3440770_1.fastq;/data/mouse_methyl/raw/GSE80672/fastq/SRR3440770_2.fastq,2,9164846920,1;2,GSM2132867,PAIRED,Bisulfite-Seq,Reduced Representation,SRS1412377,SRX1727155,GSM2132867: M1203; Mus musculus; Bisulfite-Seq,SAMN04902227,PRJNA319643,2991509400,mapped
GSE80672,SRR3440773,/data/mouse_methyl/raw/GSE80672/fastq/SRR3440773_1.fastq;/data/mouse_methyl/raw/GSE80672/fastq/SRR3440773_2.fastq,2,8711701736,1;2,GSM2132869,PAIRED,Bisulfite-Seq,Reduced Representation,SRS1412380,SRX1727157,GSM2132869: M1205; Mus musculus; Bisulfite-Seq,SAMN04902229,PRJNA319643,2845018500,mapped
GSE80672,SRR3440774,/data/mouse_methyl/raw/GSE80672/fastq/SRR3440774_1.fastq;/data/mouse_methyl/raw/GSE80672/fastq/SRR3440774_2.fastq,2,10154402552,1;2,GSM2132870,PAIRED,Bisulfite-Seq,Reduced Representation,SRS1412379,SRX1727158,GSM2132870: M1206; Mus musculus; Bisulfite-Seq,SAMN04902230,PRJNA319643,3311408850,mapped
GSE80672,SRR3440807,/data/mouse_methyl/raw/GSE80672/fastq/SRR3440807_1.fastq;/data/mouse_methyl/raw/GSE80672/fastq/SRR3440807_2.fastq,2,285031480,1;2,GSM2132889,PAIRED,Bisulfite-Seq,Reduced Representation,SRS1412398,SRX1727177,GSM2132889: M2007; Mus musculus; Bisulfite-Seq,SAMN04902159,PRJNA319643,95732250,mapped
GSE80672,SRR3440809,/data/mouse_methyl/raw/GSE80672/fastq/SRR3440809_1.fastq;/data/mouse_methyl/raw/GSE80672/fastq/SRR3440809_2.fastq,2,4222945752,1;2,GSM2132890,PAIRED,Bisulfite-Seq,Reduced Representation,SRS1412400,SRX1727178,GSM2132890: M2008; Mus musculus; Bisulfite-Seq,SAMN04902160,PRJNA319643,1392050850,mapped
GSE80672,SRR3440810,/data/mouse_methyl/raw/GSE80672/fastq/SRR3440810_1.fastq;/data/mouse_methyl/raw/GSE80672/fastq/SRR3440810_2.fastq,2,7367944280,1;2,GSM2132890,PAIRED,Bisulfite-Seq,Reduced Representation,SRS1412400,SRX1727178,GSM2132890: M2008; Mus musculus; Bisulfite-Seq,SAMN04902160,PRJNA319643,2410614150,mapped
GSE80672,SRR3440812,/data/mouse_methyl/raw/GSE80672/fastq/SRR3440812_1.fastq;/data/mouse_methyl/raw/GSE80672/fastq/SRR3440812_2.fastq,2,3232725792,1;2,GSM2132892,PAIRED,Bisulfite-Seq,Reduced Representation,SRS1412401,SRX1727180,GSM2132892: M2010; Mus musculus; Bisulfite-Seq,SAMN04902162,PRJNA319643,1066320600,mapped
GSE80672,SRR3440813,/data/mouse_methyl/raw/GSE80672/fastq/SRR3440813_1.fastq;/data/mouse_methyl/raw/GSE80672/fastq/SRR3440813_2.fastq,2,7083522952,1;2,GSM2132892,PAIRED,Bisulfite-Seq,Reduced Representation,SRS1412401,SRX1727180,GSM2132892: M2010; Mus musculus; Bisulfite-Seq,SAMN04902162,PRJNA319643,2318667600,mapped
GSE80672,SRR3440814,/data/mouse_methyl/raw/GSE80672/fastq/SRR3440814_1.fastq;/data/mouse_methyl/raw/GSE80672/fastq/SRR3440814_2.fastq,2,7190916680,1;2,GSM2132893,PAIRED,Bisulfite-Seq,Reduced Representation,SRS1412402,SRX1727181,GSM2132893: M2201; Mus musculus; Bisulfite-Seq,SAMN04902163,PRJNA319643,2353385400,mapped
GSE80672,SRR3440815,/data/mouse_methyl/raw/GSE80672/fastq/SRR3440815_1.fastq;/data/mouse_methyl/raw/GSE80672/fastq/SRR3440815_2.fastq,2,7534115208,1;2,GSM2132893,PAIRED,Bisulfite-Seq,Reduced Representation,SRS1412402,SRX1727181,GSM2132893: M2201; Mus musculus; Bisulfite-Seq,SAMN04902163,PRJNA319643,2464333200,mapped
GSE80672,SRR3440816,/data/mouse_methyl/raw/GSE80672/fastq/SRR3440816_1.fastq;/data/mouse_methyl/raw/GSE80672/fastq/SRR3440816_2.fastq,2,10173833944,1;2,GSM2132894,PAIRED,Bisulfite-Seq,Reduced Representation,SRS1412403,SRX1727182,GSM2132894: M2202; Mus musculus; Bisulfite-Seq,SAMN04902164,PRJNA319643,3317690550,mapped
GSE80672,SRR3440818,/data/mouse_methyl/raw/GSE80672/fastq/SRR3440818_1.fastq;/data/mouse_methyl/raw/GSE80672/fastq/SRR3440818_2.fastq,2,6791407112,1;2,GSM2132896,PAIRED,Bisulfite-Seq,Reduced Representation,SRS1412406,SRX1727184,GSM2132896: M2204; Mus musculus; Bisulfite-Seq,SAMN04902166,PRJNA319643,2224233600,mapped
GSE80672,SRR3440819,/data/mouse_methyl/raw/GSE80672/fastq/SRR3440819_1.fastq;/data/mouse_methyl/raw/GSE80672/fastq/SRR3440819_2.fastq,2,6348986824,1;2,GSM2132896,PAIRED,Bisulfite-Seq,Reduced Representation,SRS1412406,SRX1727184,GSM2132896: M2204; Mus musculus; Bisulfite-Seq,SAMN04902166,PRJNA319643,2081209800,mapped
GSE80672,SRR3440820,/data/mouse_methyl/raw/GSE80672/fastq/SRR3440820_1.fastq;/data/mouse_methyl/raw/GSE80672/fastq/SRR3440820_2.fastq,2,4531182144,1;2,GSM2132897,PAIRED,Bisulfite-Seq,Reduced Representation,SRS1412407,SRX1727185,GSM2132897: M2205; Mus musculus; Bisulfite-Seq,SAMN04902167,PRJNA319643,1493444400,mapped
GSE80672,SRR3440821,/data/mouse_methyl/raw/GSE80672/fastq/SRR3440821_1.fastq;/data/mouse_methyl/raw/GSE80672/fastq/SRR3440821_2.fastq,2,4484249712,1;2,GSM2132897,PAIRED,Bisulfite-Seq,Reduced Representation,SRS1412407,SRX1727185,GSM2132897: M2205; Mus musculus; Bisulfite-Seq,SAMN04902167,PRJNA319643,1478006100,mapped
GSE80672,SRR3440822,/data/mouse_methyl/raw/GSE80672/fastq/SRR3440822_1.fastq;/data/mouse_methyl/raw/GSE80672/fastq/SRR3440822_2.fastq,2,9680308696,1;2,GSM2132898,PAIRED,Bisulfite-Seq,Reduced Representation,SRS1412408,SRX1727186,GSM2132898: M2206; Mus musculus; Bisulfite-Seq,SAMN04902168,PRJNA319643,3158145750,mapped
GSE80672,SRR3440824,/data/mouse_methyl/raw/GSE80672/fastq/SRR3440824_1.fastq;/data/mouse_methyl/raw/GSE80672/fastq/SRR3440824_2.fastq,2,9056386920,1;2,GSM2132899,PAIRED,Bisulfite-Seq,Reduced Representation,SRS1412409,SRX1727187,GSM2132899: M2208; Mus musculus; Bisulfite-Seq,SAMN04902169,PRJNA319643,2956446900,mapped
GSE80672,SRR3440826,/data/mouse_methyl/raw/GSE80672/fastq/SRR3440826_1.fastq;/data/mouse_methyl/raw/GSE80672/fastq/SRR3440826_2.fastq,2,230052024,1;2,GSM2132900,PAIRED,Bisulfite-Seq,Reduced Representation,SRS1412410,SRX1727188,GSM2132900: M2209; Mus musculus; Bisulfite-Seq,SAMN04902170,PRJNA319643,77323950,mapped
GSE80672,SRR3440828,/data/mouse_methyl/raw/GSE80672/fastq/SRR3440828_1.fastq;/data/mouse_methyl/raw/GSE80672/fastq/SRR3440828_2.fastq,2,7111659448,1;2,GSM2132901,PAIRED,Bisulfite-Seq,Reduced Representation,SRS1412411,SRX1727189,GSM2132901: M2210; Mus musculus; Bisulfite-Seq,SAMN04902171,PRJNA319643,2327763450,mapped
GSE80672,SRR3440829,/data/mouse_methyl/raw/GSE80672/fastq/SRR3440829_1.fastq;/data/mouse_methyl/raw/GSE80672/fastq/SRR3440829_2.fastq,2,8099317784,1;2,GSM2132901,PAIRED,Bisulfite-Seq,Reduced Representation,SRS1412411,SRX1727189,GSM2132901: M2210; Mus musculus; Bisulfite-Seq,SAMN04902171,PRJNA319643,2647049550,mapped
GSE80672,SRR3440830,/data/mouse_methyl/raw/GSE80672/fastq/SRR3440830_1.fastq;/data/mouse_methyl/raw/GSE80672/fastq/SRR3440830_2.fastq,2,6364141064,1;2,GSM2132902,PAIRED,Bisulfite-Seq,Reduced Representation,SRS1412412,SRX1727190,GSM2132902: M2401; Mus musculus; Bisulfite-Seq,SAMN04902172,PRJNA319643,2086108800,mapped
GSE80672,SRR3440831,/data/mouse_methyl/raw/GSE80672/fastq/SRR3440831_1.fastq;/data/mouse_methyl/raw/GSE80672/fastq/SRR3440831_2.fastq,2,6874860760,1;2,GSM2132902,PAIRED,Bisulfite-Seq,Reduced Representation,SRS1412412,SRX1727190,GSM2132902: M2401; Mus musculus; Bisulfite-Seq,SAMN04902172,PRJNA319643,2251212150,mapped
GSE80672,SRR3440832,/data/mouse_methyl/raw/GSE80672/fastq/SRR3440832_1.fastq;/data/mouse_methyl/raw/GSE80672/fastq/SRR3440832_2.fastq,2,11793468632,1;2,GSM2132903,PAIRED,Bisulfite-Seq,Reduced Representation,SRS1412413,SRX1727191,GSM2132903: M2402; Mus musculus; Bisulfite-Seq,SAMN04902173,PRJNA319643,3841279350,mapped
GSE80672,SRR3440833,/data/mouse_methyl/raw/GSE80672/fastq/SRR3440833_1.fastq;/data/mouse_methyl/raw/GSE80672/fastq/SRR3440833_2.fastq,2,5751465720,1;2,GSM2132904,PAIRED,Bisulfite-Seq,Reduced Representation,SRS1412414,SRX1727192,GSM2132904: M2403; Mus musculus; Bisulfite-Seq,SAMN04902174,PRJNA319643,1888045650,mapped
GSE80672,SRR3440834,/data/mouse_methyl/raw/GSE80672/fastq/SRR3440834_1.fastq;/data/mouse_methyl/raw/GSE80672/fastq/SRR3440834_2.fastq,2,8649724328,1;2,GSM2132904,PAIRED,Bisulfite-Seq,Reduced Representation,SRS1412414,SRX1727192,GSM2132904: M2403; Mus musculus; Bisulfite-Seq,SAMN04902174,PRJNA319643,2824982700,mapped
GSE80672,SRR3440835,/data/mouse_methyl/raw/GSE80672/fastq/SRR3440835_1.fastq;/data/mouse_methyl/raw/GSE80672/fastq/SRR3440835_2.fastq,2,5900973944,1;2,GSM2132905,PAIRED,Bisulfite-Seq,Reduced Representation,SRS1412415,SRX1727193,GSM2132905: M2404; Mus musculus; Bisulfite-Seq,SAMN04902175,PRJNA319643,1936378050,mapped
GSE80672,SRR3440840,/data/mouse_methyl/raw/GSE80672/fastq/SRR3440840_1.fastq;/data/mouse_methyl/raw/GSE80672/fastq/SRR3440840_2.fastq,2,6714807672,1;2,GSM2132908,PAIRED,Bisulfite-Seq,Reduced Representation,SRS1412418,SRX1727196,GSM2132908: M2408; Mus musculus; Bisulfite-Seq,SAMN04902178,PRJNA319643,2199470850,mapped
GSE80672,SRR3440841,/data/mouse_methyl/raw/GSE80672/fastq/SRR3440841_1.fastq;/data/mouse_methyl/raw/GSE80672/fastq/SRR3440841_2.fastq,2,7158710904,1;2,GSM2132908,PAIRED,Bisulfite-Seq,Reduced Representation,SRS1412418,SRX1727196,GSM2132908: M2408; Mus musculus; Bisulfite-Seq,SAMN04902178,PRJNA319643,2342974050,mapped
GSE80672,SRR3440842,/data/mouse_methyl/raw/GSE80672/fastq/SRR3440842_1.fastq;/data/mouse_methyl/raw/GSE80672/fastq/SRR3440842_2.fastq,2,4945035576,1;2,GSM2132909,PAIRED,Bisulfite-Seq,Reduced Representation,SRS1412419,SRX1727197,GSM2132909: M2409; Mus musculus; Bisulfite-Seq,SAMN04902092,PRJNA319643,1627346250,mapped
GSE80672,SRR3440843,/data/mouse_methyl/raw/GSE80672/fastq/SRR3440843_1.fastq;/data/mouse_methyl/raw/GSE80672/fastq/SRR3440843_2.fastq,2,4978968824,1;2,GSM2132909,PAIRED,Bisulfite-Seq,Reduced Representation,SRS1412419,SRX1727197,GSM2132909: M2409; Mus musculus; Bisulfite-Seq,SAMN04902092,PRJNA319643,1638316050,mapped
GSE80672,SRR3440844,/data/mouse_methyl/raw/GSE80672/fastq/SRR3440844_1.fastq;/data/mouse_methyl/raw/GSE80672/fastq/SRR3440844_2.fastq,2,10151969800,1;2,GSM2132910,PAIRED,Bisulfite-Seq,Reduced Representation,SRS1412420,SRX1727198,GSM2132910: M2411; Mus musculus; Bisulfite-Seq,SAMN04902093,PRJNA319643,3310622400,mapped
GSE80672,SRR3440847,/data/mouse_methyl/raw/GSE80672/fastq/SRR3440847_1.fastq;/data/mouse_methyl/raw/GSE80672/fastq/SRR3440847_2.fastq,2,12353467912,1;2,GSM2132912,PAIRED,Bisulfite-Seq,Reduced Representation,SRS1412422,SRX1727200,GSM2132912: M2602; Mus musculus; Bisulfite-Seq,SAMN04902179,PRJNA319643,4022313600,mapped
GSE80672,SRR3440848,/data/mouse_methyl/raw/GSE80672/fastq/SRR3440848_1.fastq;/data/mouse_methyl/raw/GSE80672/fastq/SRR3440848_2.fastq,2,5779186936,1;2,GSM2132913,PAIRED,Bisulfite-Seq,Reduced Representation,SRS1412423,SRX1727201,GSM2132913: M2603; Mus musculus; Bisulfite-Seq,SAMN04902180,PRJNA319643,1897007250,mapped
GSE80672,SRR3440849,/data/mouse_methyl/raw/GSE80672/fastq/SRR3440849_1.fastq;/data/mouse_methyl/raw/GSE80672/fastq/SRR3440849_2.fastq,2,5867061112,1;2,GSM2132913,PAIRED,Bisulfite-Seq,Reduced Representation,SRS1412423,SRX1727201,GSM2132913: M2603; Mus musculus; Bisulfite-Seq,SAMN04902180,PRJNA319643,1925414850,mapped
GSE80672,SRR3440850,/data/mouse_methyl/raw/GSE80672/fastq/SRR3440850_1.fastq;/data/mouse_methyl/raw/GSE80672/fastq/SRR3440850_2.fastq,2,5564899672,1;2,GSM2132914,PAIRED,Bisulfite-Seq,Reduced Representation,SRS1412424,SRX1727202,GSM2132914: M2604; Mus musculus; Bisulfite-Seq,SAMN04902091,PRJNA319643,1827733350,mapped
GSE80672,SRR3440851,/data/mouse_methyl/raw/GSE80672/fastq/SRR3440851_1.fastq;/data/mouse_methyl/raw/GSE80672/fastq/SRR3440851_2.fastq,2,9702774184,1;2,GSM2132914,PAIRED,Bisulfite-Seq,Reduced Representation,SRS1412424,SRX1727202,GSM2132914: M2604; Mus musculus; Bisulfite-Seq,SAMN04902091,PRJNA319643,3165408300,mapped
GSE80672,SRR3440852,/data/mouse_methyl/raw/GSE80672/fastq/SRR3440852_1.fastq;/data/mouse_methyl/raw/GSE80672/fastq/SRR3440852_2.fastq,2,6995177816,1;2,GSM2132915,PAIRED,Bisulfite-Seq,Reduced Representation,SRS1412425,SRX1727203,GSM2132915: M2605; Mus musculus; Bisulfite-Seq,SAMN04902096,PRJNA319643,2290107750,mapped
GSE80672,SRR3440853,/data/mouse_methyl/raw/GSE80672/fastq/SRR3440853_1.fastq;/data/mouse_methyl/raw/GSE80672/fastq/SRR3440853_2.fastq,2,8167165720,1;2,GSM2132916,PAIRED,Bisulfite-Seq,Reduced Representation,SRS1412426,SRX1727204,GSM2132916: M2606; Mus musculus; Bisulfite-Seq,SAMN04902097,PRJNA319643,2668983150,mapped
GSE80672,SRR3440855,/data/mouse_methyl/raw/GSE80672/fastq/SRR3440855_1.fastq;/data/mouse_methyl/raw/GSE80672/fastq/SRR3440855_2.fastq,2,5282272632,1;2,GSM2132917,PAIRED,Bisulfite-Seq,Reduced Representation,SRS1412427,SRX1727205,GSM2132917: M2607; Mus musculus; Bisulfite-Seq,SAMN04902098,PRJNA319643,1736366850,mapped
GSE80672,SRR3440856,/data/mouse_methyl/raw/GSE80672/fastq/SRR3440856_1.fastq;/data/mouse_methyl/raw/GSE80672/fastq/SRR3440856_2.fastq,2,5984813640,1;2,GSM2132917,PAIRED,Bisulfite-Seq,Reduced Representation,SRS1412427,SRX1727205,GSM2132917: M2607; Mus musculus; Bisulfite-Seq,SAMN04902098,PRJNA319643,1963481400,mapped
GSE80672,SRR3440857,/data/mouse_methyl/raw/GSE80672/fastq/SRR3440857_1.fastq;/data/mouse_methyl/raw/GSE80672/fastq/SRR3440857_2.fastq,2,5763511160,1;2,GSM2132918,PAIRED,Bisulfite-Seq,Reduced Representation,SRS1412428,SRX1727206,GSM2132918: M2608; Mus musculus; Bisulfite-Seq,SAMN04902099,PRJNA319643,1891939650,mapped
GSE80672,SRR3440858,/data/mouse_methyl/raw/GSE80672/fastq/SRR3440858_1.fastq;/data/mouse_methyl/raw/GSE80672/fastq/SRR3440858_2.fastq,2,6168692200,1;2,GSM2132918,PAIRED,Bisulfite-Seq,Reduced Representation,SRS1412428,SRX1727206,GSM2132918: M2608; Mus musculus; Bisulfite-Seq,SAMN04902099,PRJNA319643,2022924900,mapped
GSE80672,SRR3440859,/data/mouse_methyl/raw/GSE80672/fastq/SRR3440859_1.fastq;/data/mouse_methyl/raw/GSE80672/fastq/SRR3440859_2.fastq,2,5936164168,1;2,GSM2132919,PAIRED,Bisulfite-Seq,Reduced Representation,SRS1412429,SRX1727207,GSM2132919: M2609; Mus musculus; Bisulfite-Seq,SAMN04902100,PRJNA319643,1947754200,mapped
GSE80672,SRR3440860,/data/mouse_methyl/raw/GSE80672/fastq/SRR3440860_1.fastq;/data/mouse_methyl/raw/GSE80672/fastq/SRR3440860_2.fastq,2,8697288040,1;2,GSM2132919,PAIRED,Bisulfite-Seq,Reduced Representation,SRS1412429,SRX1727207,GSM2132919: M2609; Mus musculus; Bisulfite-Seq,SAMN04902100,PRJNA319643,2840358900,mapped
GSE80672,SRR3440861,/data/mouse_methyl/raw/GSE80672/fastq/SRR3440861_1.fastq;/data/mouse_methyl/raw/GSE80672/fastq/SRR3440861_2.fastq,2,8100200312,1;2,GSM2132920,PAIRED,Bisulfite-Seq,Reduced Representation,SRS1412430,SRX1727208,GSM2132920: M2610; Mus musculus; Bisulfite-Seq,SAMN04902095,PRJNA319643,2647334850,mapped
GSE80672,SRR3440863,/data/mouse_methyl/raw/GSE80672/fastq/SRR3440863_1.fastq;/data/mouse_methyl/raw/GSE80672/fastq/SRR3440863_2.fastq,2,217254904,1;2,GSM2132921,PAIRED,Bisulfite-Seq,Reduced Representation,SRS1412431,SRX1727209,GSM2132921: M2801; Mus musculus; Bisulfite-Seq,SAMN04902101,PRJNA319643,73039200,mapped
GSE80672,SRR3440864,/data/mouse_methyl/raw/GSE80672/fastq/SRR3440864_1.fastq;/data/mouse_methyl/raw/GSE80672/fastq/SRR3440864_2.fastq,2,6992856424,1;2,GSM2132921,PAIRED,Bisulfite-Seq,Reduced Representation,SRS1412431,SRX1727209,GSM2132921: M2801; Mus musculus; Bisulfite-Seq,SAMN04902101,PRJNA319643,2289357300,mapped
GSE80672,SRR3440865,/data/mouse_methyl/raw/GSE80672/fastq/SRR3440865_1.fastq;/data/mouse_methyl/raw/GSE80672/fastq/SRR3440865_2.fastq,2,7804703768,1;2,GSM2132922,PAIRED,Bisulfite-Seq,Reduced Representation,SRS1412432,SRX1727210,GSM2132922: M2802; Mus musculus; Bisulfite-Seq,SAMN04902102,PRJNA319643,2551807950,mapped
GSE80672,SRR3440866,/data/mouse_methyl/raw/GSE80672/fastq/SRR3440866_1.fastq;/data/mouse_methyl/raw/GSE80672/fastq/SRR3440866_2.fastq,2,9250230344,1;2,GSM2132922,PAIRED,Bisulfite-Seq,Reduced Representation,SRS1412432,SRX1727210,GSM2132922: M2802; Mus musculus; Bisulfite-Seq,SAMN04902102,PRJNA319643,3019111800,mapped
GSE80672,SRR3440867,/data/mouse_methyl/raw/GSE80672/fastq/SRR3440867_1.fastq;/data/mouse_methyl/raw/GSE80672/fastq/SRR3440867_2.fastq,2,8923839288,1;2,GSM2132923,PAIRED,Bisulfite-Seq,Reduced Representation,SRS1412433,SRX1727211,GSM2132923: M2804; Mus musculus; Bisulfite-Seq,SAMN04902103,PRJNA319643,2913597450,mapped
GSE80672,SRR3440868,/data/mouse_methyl/raw/GSE80672/fastq/SRR3440868_1.fastq;/data/mouse_methyl/raw/GSE80672/fastq/SRR3440868_2.fastq,2,7936835192,1;2,GSM2132923,PAIRED,Bisulfite-Seq,Reduced Representation,SRS1412433,SRX1727211,GSM2132923: M2804; Mus musculus; Bisulfite-Seq,SAMN04902103,PRJNA319643,2594522850,mapped
GSE80672,SRR3440869,/data/mouse_methyl/raw/GSE80672/fastq/SRR3440869_1.fastq;/data/mouse_methyl/raw/GSE80672/fastq/SRR3440869_2.fastq,2,10395135496,1;2,GSM2132924,PAIRED,Bisulfite-Seq,Reduced Representation,SRS1412435,SRX1727212,GSM2132924: M2805; Mus musculus; Bisulfite-Seq,SAMN04902104,PRJNA319643,3389232000,mapped
GSE80672,SRR3440870,/data/mouse_methyl/raw/GSE80672/fastq/SRR3440870_1.fastq;/data/mouse_methyl/raw/GSE80672/fastq/SRR3440870_2.fastq,2,5512996168,1;2,GSM2132925,PAIRED,Bisulfite-Seq,Reduced Representation,SRS1412434,SRX1727213,GSM2132925: M2806; Mus musculus; Bisulfite-Seq,SAMN04902105,PRJNA319643,1810954200,mapped
GSE80672,SRR3440871,/data/mouse_methyl/raw/GSE80672/fastq/SRR3440871_1.fastq;/data/mouse_methyl/raw/GSE80672/fastq/SRR3440871_2.fastq,2,6472161656,1;2,GSM2132925,PAIRED,Bisulfite-Seq,Reduced Representation,SRS1412434,SRX1727213,GSM2132925: M2806; Mus musculus; Bisulfite-Seq,SAMN04902105,PRJNA319643,2121029250,mapped
GSE80672,SRR3440872,/data/mouse_methyl/raw/GSE80672/fastq/SRR3440872_1.fastq;/data/mouse_methyl/raw/GSE80672/fastq/SRR3440872_2.fastq,2,6550275128,1;2,GSM2132926,PAIRED,Bisulfite-Seq,Reduced Representation,SRS1412436,SRX1727214,GSM2132926: M2807; Mus musculus; Bisulfite-Seq,SAMN04902106,PRJNA319643,2146281450,mapped
GSE80672,SRR3440873,/data/mouse_methyl/raw/GSE80672/fastq/SRR3440873_1.fastq;/data/mouse_methyl/raw/GSE80672/fastq/SRR3440873_2.fastq,2,8597433848,1;2,GSM2132926,PAIRED,Bisulfite-Seq,Reduced Representation,SRS1412436,SRX1727214,GSM2132926: M2807; Mus musculus; Bisulfite-Seq,SAMN04902106,PRJNA319643,2808078450,mapped
GSE80672,SRR3440874,/data/mouse_methyl/raw/GSE80672/fastq/SRR3440874_1.fastq;/data/mouse_methyl/raw/GSE80672/fastq/SRR3440874_2.fastq,2,5462439656,1;2,GSM2132927,PAIRED,Bisulfite-Seq,Reduced Representation,SRS1412437,SRX1727215,GSM2132927: M2808; Mus musculus; Bisulfite-Seq,SAMN04902107,PRJNA319643,1794610500,mapped
GSE80672,SRR3440875,/data/mouse_methyl/raw/GSE80672/fastq/SRR3440875_1.fastq;/data/mouse_methyl/raw/GSE80672/fastq/SRR3440875_2.fastq,2,7979416008,1;2,GSM2132927,PAIRED,Bisulfite-Seq,Reduced Representation,SRS1412437,SRX1727215,GSM2132927: M2808; Mus musculus; Bisulfite-Seq,SAMN04902107,PRJNA319643,2608288200,mapped
GSE80672,SRR3440876,/data/mouse_methyl/raw/GSE80672/fastq/SRR3440876_1.fastq;/data/mouse_methyl/raw/GSE80672/fastq/SRR3440876_2.fastq,2,6659150408,1;2,GSM2132928,PAIRED,Bisulfite-Seq,Reduced Representation,SRS1412438,SRX1727216,GSM2132928: M2809; Mus musculus; Bisulfite-Seq,SAMN04902108,PRJNA319643,2181478200,mapped
GSE80672,SRR3440877,/data/mouse_methyl/raw/GSE80672/fastq/SRR3440877_1.fastq;/data/mouse_methyl/raw/GSE80672/fastq/SRR3440877_2.fastq,2,9141800040,1;2,GSM2132928,PAIRED,Bisulfite-Seq,Reduced Representation,SRS1412438,SRX1727216,GSM2132928: M2809; Mus musculus; Bisulfite-Seq,SAMN04902108,PRJNA319643,2984058900,mapped
GSE80672,SRR3440878,/data/mouse_methyl/raw/GSE80672/fastq/SRR3440878_1.fastq;/data/mouse_methyl/raw/GSE80672/fastq/SRR3440878_2.fastq,2,10801333624,1;2,GSM2132929,PAIRED,Bisulfite-Seq,Reduced Representation,SRS1412439,SRX1727217,GSM2132929: M2810; Mus musculus; Bisulfite-Seq,SAMN04902109,PRJNA319643,3520546050,mapped
GSE80672,SRR3440879,/data/mouse_methyl/raw/GSE80672/fastq/SRR3440879_1.fastq;/data/mouse_methyl/raw/GSE80672/fastq/SRR3440879_2.fastq,2,4801752376,1;2,GSM2132930,PAIRED,Bisulfite-Seq,Reduced Representation,SRS1412440,SRX1727218,GSM2132930: M3001; Mus musculus; Bisulfite-Seq,SAMN04902110,PRJNA319643,1581026250,mapped
GSE80672,SRR3440880,/data/mouse_methyl/raw/GSE80672/fastq/SRR3440880_1.fastq;/data/mouse_methyl/raw/GSE80672/fastq/SRR3440880_2.fastq,2,8370864504,1;2,GSM2132930,PAIRED,Bisulfite-Seq,Reduced Representation,SRS1412440,SRX1727218,GSM2132930: M3001; Mus musculus; Bisulfite-Seq,SAMN04902110,PRJNA319643,2734834050,mapped
GSE80672,SRR3440882,/data/mouse_methyl/raw/GSE80672/fastq/SRR3440882_1.fastq;/data/mouse_methyl/raw/GSE80672/fastq/SRR3440882_2.fastq,2,9260138136,1;2,GSM2132932,PAIRED,Bisulfite-Seq,Reduced Representation,SRS1412442,SRX1727220,GSM2132932: M3003; Mus musculus; Bisulfite-Seq,SAMN04902112,PRJNA319643,3022314750,mapped
GSE80672,SRR3440884,/data/mouse_methyl/raw/GSE80672/fastq/SRR3440884_1.fastq;/data/mouse_methyl/raw/GSE80672/fastq/SRR3440884_2.fastq,2,10353900280,1;2,GSM2132933,PAIRED,Bisulfite-Seq,Reduced Representation,SRS1412443,SRX1727221,GSM2132933: M3004; Mus musculus; Bisulfite-Seq,SAMN04902113,PRJNA319643,3375901650,mapped
GSE80672,SRR3440886,/data/mouse_methyl/raw/GSE80672/fastq/SRR3440886_1.fastq;/data/mouse_methyl/raw/GSE80672/fastq/SRR3440886_2.fastq,2,6920040904,1;2,GSM2132934,PAIRED,Bisulfite-Seq,Reduced Representation,SRS1412444,SRX1727222,GSM2132934: M3005; Mus musculus; Bisulfite-Seq,SAMN04902114,PRJNA319643,2265817800,mapped
GSE80672,SRR3440887,/data/mouse_methyl/raw/GSE80672/fastq/SRR3440887_1.fastq;/data/mouse_methyl/raw/GSE80672/fastq/SRR3440887_2.fastq,2,6742080200,1;2,GSM2132934,PAIRED,Bisulfite-Seq,Reduced Representation,SRS1412444,SRX1727222,GSM2132934: M3005; Mus musculus; Bisulfite-Seq,SAMN04902114,PRJNA319643,2208287400,mapped
GSE80672,SRR3440888,/data/mouse_methyl/raw/GSE80672/fastq/SRR3440888_1.fastq;/data/mouse_methyl/raw/GSE80672/fastq/SRR3440888_2.fastq,2,6298115720,1;2,GSM2132935,PAIRED,Bisulfite-Seq,Reduced Representation,SRS1412445,SRX1727223,GSM2132935: M3006; Mus musculus; Bisulfite-Seq,SAMN04902115,PRJNA319643,2064764400,mapped
GSE80672,SRR3440889,/data/mouse_methyl/raw/GSE80672/fastq/SRR3440889_1.fastq;/data/mouse_methyl/raw/GSE80672/fastq/SRR3440889_2.fastq,2,6653088248,1;2,GSM2132935,PAIRED,Bisulfite-Seq,Reduced Representation,SRS1412445,SRX1727223,GSM2132935: M3006; Mus musculus; Bisulfite-Seq,SAMN04902115,PRJNA319643,2179518450,mapped
GSE80672,SRR3440893,/data/mouse_methyl/raw/GSE80672/fastq/SRR3440893_1.fastq;/data/mouse_methyl/raw/GSE80672/fastq/SRR3440893_2.fastq,2,7616932248,1;2,GSM2132938,PAIRED,Bisulfite-Seq,Reduced Representation,SRS1412448,SRX1727226,GSM2132938: M3010; Mus musculus; Bisulfite-Seq,SAMN04902118,PRJNA319643,2491105950,mapped
GSE80672,SRR3440894,/data/mouse_methyl/raw/GSE80672/fastq/SRR3440894_1.fastq;/data/mouse_methyl/raw/GSE80672/fastq/SRR3440894_2.fastq,2,11735279784,1;2,GSM2132939,PAIRED,Bisulfite-Seq,Reduced Representation,SRS1412450,SRX1727227,GSM2132939: M3204; Mus musculus; Bisulfite-Seq,SAMN04902119,PRJNA319643,3822468300,mapped
GSE80672,SRR3440895,/data/mouse_methyl/raw/GSE80672/fastq/SRR3440895_1.fastq;/data/mouse_methyl/raw/GSE80672/fastq/SRR3440895_2.fastq,2,11329022264,1;2,GSM2132939,PAIRED,Bisulfite-Seq,Reduced Representation,SRS1412450,SRX1727227,GSM2132939: M3204; Mus musculus; Bisulfite-Seq,SAMN04902119,PRJNA319643,3691135050,mapped
GSE80672,SRR3440896,/data/mouse_methyl/raw/GSE80672/fastq/SRR3440896_1.fastq;/data/mouse_methyl/raw/GSE80672/fastq/SRR3440896_2.fastq,2,9940438232,1;2,GSM2132940,PAIRED,Bisulfite-Seq,Reduced Representation,SRS1412449,SRX1727228,GSM2132940: M3205; Mus musculus; Bisulfite-Seq,SAMN04902120,PRJNA319643,3242239350,mapped
GSE80672,SRR3440898,/data/mouse_methyl/raw/GSE80672/fastq/SRR3440898_1.fastq;/data/mouse_methyl/raw/GSE80672/fastq/SRR3440898_2.fastq,2,6043668328,1;2,GSM2132941,PAIRED,Bisulfite-Seq,Reduced Representation,SRS1412451,SRX1727229,GSM2132941: M3206; Mus musculus; Bisulfite-Seq,SAMN04902300,PRJNA319643,1982507700,mapped
GSE80672,SRR3440899,/data/mouse_methyl/raw/GSE80672/fastq/SRR3440899_1.fastq;/data/mouse_methyl/raw/GSE80672/fastq/SRR3440899_2.fastq,2,6216470280,1;2,GSM2132941,PAIRED,Bisulfite-Seq,Reduced Representation,SRS1412451,SRX1727229,GSM2132941: M3206; Mus musculus; Bisulfite-Seq,SAMN04902300,PRJNA319643,2038370400,mapped
GSE80672,SRR3440900,/data/mouse_methyl/raw/GSE80672/fastq/SRR3440900_1.fastq;/data/mouse_methyl/raw/GSE80672/fastq/SRR3440900_2.fastq,2,2947115208,1;2,GSM2132942,PAIRED,Bisulfite-Seq,Reduced Representation,SRS1412452,SRX1727230,GSM2132942: M3207; Mus musculus; Bisulfite-Seq,SAMN04902301,PRJNA319643,972369750,mapped
GSE80672,SRR3440901,/data/mouse_methyl/raw/GSE80672/fastq/SRR3440901_1.fastq;/data/mouse_methyl/raw/GSE80672/fastq/SRR3440901_2.fastq,2,5898536552,1;2,GSM2132942,PAIRED,Bisulfite-Seq,Reduced Representation,SRS1412452,SRX1727230,GSM2132942: M3207; Mus musculus; Bisulfite-Seq,SAMN04902301,PRJNA319643,1935590100,mapped
GSE80672,SRR3440902,/data/mouse_methyl/raw/GSE80672/fastq/SRR3440902_1.fastq;/data/mouse_methyl/raw/GSE80672/fastq/SRR3440902_2.fastq,2,9366403416,1;2,GSM2132943,PAIRED,Bisulfite-Seq,Reduced Representation,SRS1412453,SRX1727231,GSM2132943: M3208; Mus musculus; Bisulfite-Seq,SAMN04902302,PRJNA319643,3056667750,mapped
GSE80672,SRR3440904,/data/mouse_methyl/raw/GSE80672/fastq/SRR3440904_1.fastq;/data/mouse_methyl/raw/GSE80672/fastq/SRR3440904_2.fastq,2,5877971608,1;2,GSM2132944,PAIRED,Bisulfite-Seq,Reduced Representation,SRS1412454,SRX1727232,GSM2132944: M3209; Mus musculus; Bisulfite-Seq,SAMN04902303,PRJNA319643,1928941950,mapped
GSE80672,SRR3440905,/data/mouse_methyl/raw/GSE80672/fastq/SRR3440905_1.fastq;/data/mouse_methyl/raw/GSE80672/fastq/SRR3440905_2.fastq,2,6586767336,1;2,GSM2132944,PAIRED,Bisulfite-Seq,Reduced Representation,SRS1412454,SRX1727232,GSM2132944: M3209; Mus musculus; Bisulfite-Seq,SAMN04902303,PRJNA319643,2158078500,mapped
GSE80672,SRR3440907,/data/mouse_methyl/raw/GSE80672/fastq/SRR3440907_1.fastq;/data/mouse_methyl/raw/GSE80672/fastq/SRR3440907_2.fastq,2,7230251352,1;2,GSM2132946,PAIRED,Bisulfite-Seq,Reduced Representation,SRS1412455,SRX1727234,GSM2132946: M3401; Mus musculus; Bisulfite-Seq,SAMN04902305,PRJNA319643,2366101350,mapped
GSE80672,SRR3440908,/data/mouse_methyl/raw/GSE80672/fastq/SRR3440908_1.fastq;/data/mouse_methyl/raw/GSE80672/fastq/SRR3440908_2.fastq,2,9971487256,1;2,GSM2132946,PAIRED,Bisulfite-Seq,Reduced Representation,SRS1412455,SRX1727234,GSM2132946: M3401; Mus musculus; Bisulfite-Seq,SAMN04902305,PRJNA319643,3252276750,mapped
GSE80672,SRR3440909,/data/mouse_methyl/raw/GSE80672/fastq/SRR3440909_1.fastq;/data/mouse_methyl/raw/GSE80672/fastq/SRR3440909_2.fastq,2,5567412696,1;2,GSM2132947,PAIRED,Bisulfite-Seq,Reduced Representation,SRS1412457,SRX1727235,GSM2132947: M3402; Mus musculus; Bisulfite-Seq,SAMN04902306,PRJNA319643,1828545750,mapped
GSE80672,SRR3440910,/data/mouse_methyl/raw/GSE80672/fastq/SRR3440910_1.fastq;/data/mouse_methyl/raw/GSE80672/fastq/SRR3440910_2.fastq,2,8891256744,1;2,GSM2132947,PAIRED,Bisulfite-Seq,Reduced Representation,SRS1412457,SRX1727235,GSM2132947: M3402; Mus musculus; Bisulfite-Seq,SAMN04902306,PRJNA319643,2903064300,mapped
GSE80672,SRR3440911,/data/mouse_methyl/raw/GSE80672/fastq/SRR3440911_1.fastq;/data/mouse_methyl/raw/GSE80672/fastq/SRR3440911_2.fastq,2,9301534824,1;2,GSM2132948,PAIRED,Bisulfite-Seq,Reduced Representation,SRS1412459,SRX1727236,GSM2132948: M3403; Mus musculus; Bisulfite-Seq,SAMN04902307,PRJNA319643,3035697300,mapped
GSE80672,SRR3440912,/data/mouse_methyl/raw/GSE80672/fastq/SRR3440912_1.fastq;/data/mouse_methyl/raw/GSE80672/fastq/SRR3440912_2.fastq,2,9422837416,1;2,GSM2132949,PAIRED,Bisulfite-Seq,Reduced Representation,SRS1412458,SRX1727237,GSM2132949: M3404; Mus musculus; Bisulfite-Seq,SAMN04902308,PRJNA319643,3074911500,mapped
GSE80672,SRR3440913,/data/mouse_methyl/raw/GSE80672/fastq/SRR3440913_1.fastq;/data/mouse_methyl/raw/GSE80672/fastq/SRR3440913_2.fastq,2,14353657768,1;2,GSM2132949,PAIRED,Bisulfite-Seq,Reduced Representation,SRS1412458,SRX1727237,GSM2132949: M3404; Mus musculus; Bisulfite-Seq,SAMN04902308,PRJNA319643,4668926700,mapped
GSE80672,SRR3440915,/data/mouse_methyl/raw/GSE80672/fastq/SRR3440915_1.fastq;/data/mouse_methyl/raw/GSE80672/fastq/SRR3440915_2.fastq,2,9132423528,1;2,GSM2132950,PAIRED,Bisulfite-Seq,Reduced Representation,SRS1412460,SRX1727238,GSM2132950: M3405; Mus musculus; Bisulfite-Seq,SAMN04902309,PRJNA319643,2981027700,mapped
GSE80672,SRR3440916,/data/mouse_methyl/raw/GSE80672/fastq/SRR3440916_1.fastq;/data/mouse_methyl/raw/GSE80672/fastq/SRR3440916_2.fastq,2,11278602168,1;2,GSM2132951,PAIRED,Bisulfite-Seq,Reduced Representation,SRS1412461,SRX1727239,GSM2132951: M3406; Mus musculus; Bisulfite-Seq,SAMN04902310,PRJNA319643,3674835450,mapped
GSE80672,SRR3440917,/data/mouse_methyl/raw/GSE80672/fastq/SRR3440917_1.fastq;/data/mouse_methyl/raw/GSE80672/fastq/SRR3440917_2.fastq,2,205020920,1;2,GSM2132952,PAIRED,Bisulfite-Seq,Reduced Representation,SRS1412463,SRX1727240,GSM2132952: M3408; Mus musculus; Bisulfite-Seq,SAMN04902311,PRJNA319643,68943000,mapped
GSE80672,SRR3440918,/data/mouse_methyl/raw/GSE80672/fastq/SRR3440918_1.fastq;/data/mouse_methyl/raw/GSE80672/fastq/SRR3440918_2.fastq,2,7663395352,1;2,GSM2132952,PAIRED,Bisulfite-Seq,Reduced Representation,SRS1412463,SRX1727240,GSM2132952: M3408; Mus musculus; Bisulfite-Seq,SAMN04902311,PRJNA319643,2506126350,mapped
GSE80672,SRR3440919,/data/mouse_methyl/raw/GSE80672/fastq/SRR3440919_1.fastq;/data/mouse_methyl/raw/GSE80672/fastq/SRR3440919_2.fastq,2,12671738040,1;2,GSM2132953,PAIRED,Bisulfite-Seq,Reduced Representation,SRS1412462,SRX1727241,GSM2132953: M3409; Mus musculus; Bisulfite-Seq,SAMN04902312,PRJNA319643,4125202650,mapped
GSE80672,SRR3440920,/data/mouse_methyl/raw/GSE80672/fastq/SRR3440920_1.fastq;/data/mouse_methyl/raw/GSE80672/fastq/SRR3440920_2.fastq,2,8390069928,1;2,GSM2132954,PAIRED,Bisulfite-Seq,Reduced Representation,SRS1412464,SRX1727242,GSM2132954: M3410; Mus musculus; Bisulfite-Seq,SAMN04902313,PRJNA319643,2741042700,mapped
GSE80672,SRR3440921,/data/mouse_methyl/raw/GSE80672/fastq/SRR3440921_1.fastq;/data/mouse_methyl/raw/GSE80672/fastq/SRR3440921_2.fastq,2,7500364776,1;2,GSM2132954,PAIRED,Bisulfite-Seq,Reduced Representation,SRS1412464,SRX1727242,GSM2132954: M3410; Mus musculus; Bisulfite-Seq,SAMN04902313,PRJNA319643,2453422500,mapped
GSE80672,SRR3440922,/data/mouse_methyl/raw/GSE80672/fastq/SRR3440922_1.fastq;/data/mouse_methyl/raw/GSE80672/fastq/SRR3440922_2.fastq,2,7641961336,1;2,GSM2132955,PAIRED,Bisulfite-Seq,Reduced Representation,SRS1412466,SRX1727243,GSM2132955: M3501; Mus musculus; Bisulfite-Seq,SAMN04902314,PRJNA319643,2499197250,mapped
GSE80672,SRR3440923,/data/mouse_methyl/raw/GSE80672/fastq/SRR3440923_1.fastq;/data/mouse_methyl/raw/GSE80672/fastq/SRR3440923_2.fastq,2,11780131416,1;2,GSM2132955,PAIRED,Bisulfite-Seq,Reduced Representation,SRS1412466,SRX1727243,GSM2132955: M3501; Mus musculus; Bisulfite-Seq,SAMN04902314,PRJNA319643,3836967750,mapped
GSE80672,SRR3440924,/data/mouse_methyl/raw/GSE80672/fastq/SRR3440924_1.fastq;/data/mouse_methyl/raw/GSE80672/fastq/SRR3440924_2.fastq,2,4664044600,1;2,GSM2132956,PAIRED,Bisulfite-Seq,Reduced Representation,SRS1412465,SRX1727244,GSM2132956: M3501R; Mus musculus; Bisulfite-Seq,SAMN04902319,PRJNA319643,1536508650,mapped
GSE80672,SRR3440925,/data/mouse_methyl/raw/GSE80672/fastq/SRR3440925_1.fastq;/data/mouse_methyl/raw/GSE80672/fastq/SRR3440925_2.fastq,2,4642796648,1;2,GSM2132956,PAIRED,Bisulfite-Seq,Reduced Representation,SRS1412465,SRX1727244,GSM2132956: M3501R; Mus musculus; Bisulfite-Seq,SAMN04902319,PRJNA319643,1529639700,mapped
GSE80672,SRR3440926,/data/mouse_methyl/raw/GSE80672/fastq/SRR3440926_1.fastq;/data/mouse_methyl/raw/GSE80672/fastq/SRR3440926_2.fastq,2,9882795976,1;2,GSM2132957,PAIRED,Bisulfite-Seq,Reduced Representation,SRS1412467,SRX1727245,GSM2132957: M3502; Mus musculus; Bisulfite-Seq,SAMN04902320,PRJNA319643,3223605000,mapped
GSE80672,SRR3440927,/data/mouse_methyl/raw/GSE80672/fastq/SRR3440927_1.fastq;/data/mouse_methyl/raw/GSE80672/fastq/SRR3440927_2.fastq,2,9473542872,1;2,GSM2132957,PAIRED,Bisulfite-Seq,Reduced Representation,SRS1412467,SRX1727245,GSM2132957: M3502; Mus musculus; Bisulfite-Seq,SAMN04902320,PRJNA319643,3091303350,mapped
GSE80672,SRR3440928,/data/mouse_methyl/raw/GSE80672/fastq/SRR3440928_1.fastq;/data/mouse_methyl/raw/GSE80672/fastq/SRR3440928_2.fastq,2,3019624680,1;2,GSM2132958,PAIRED,Bisulfite-Seq,Reduced Representation,SRS1412468,SRX1727246,GSM2132958: M3502R; Mus musculus; Bisulfite-Seq,SAMN04902315,PRJNA319643,996221550,mapped
GSE80672,SRR3440929,/data/mouse_methyl/raw/GSE80672/fastq/SRR3440929_1.fastq;/data/mouse_methyl/raw/GSE80672/fastq/SRR3440929_2.fastq,2,7275705256,1;2,GSM2132958,PAIRED,Bisulfite-Seq,Reduced Representation,SRS1412468,SRX1727246,GSM2132958: M3502R; Mus musculus; Bisulfite-Seq,SAMN04902315,PRJNA319643,2380795500,mapped
GSE80672,SRR3440930,/data/mouse_methyl/raw/GSE80672/fastq/SRR3440930_1.fastq;/data/mouse_methyl/raw/GSE80672/fastq/SRR3440930_2.fastq,2,5955028088,1;2,GSM2132959,PAIRED,Bisulfite-Seq,Reduced Representation,SRS1412469,SRX1727247,GSM2132959: M3503; Mus musculus; Bisulfite-Seq,SAMN04902316,PRJNA319643,1953852450,mapped
GSE80672,SRR3440931,/data/mouse_methyl/raw/GSE80672/fastq/SRR3440931_1.fastq;/data/mouse_methyl/raw/GSE80672/fastq/SRR3440931_2.fastq,2,8733633624,1;2,GSM2132959,PAIRED,Bisulfite-Seq,Reduced Representation,SRS1412469,SRX1727247,GSM2132959: M3503; Mus musculus; Bisulfite-Seq,SAMN04902316,PRJNA319643,2852108550,mapped
GSE80672,SRR3440932,/data/mouse_methyl/raw/GSE80672/fastq/SRR3440932_1.fastq;/data/mouse_methyl/raw/GSE80672/fastq/SRR3440932_2.fastq,2,11267190088,1;2,GSM2132960,PAIRED,Bisulfite-Seq,Reduced Representation,SRS1412470,SRX1727248,GSM2132960: M3503R; Mus musculus; Bisulfite-Seq,SAMN04902317,PRJNA319643,3671146200,mapped
GSE80672,SRR3440933,/data/mouse_methyl/raw/GSE80672/fastq/SRR3440933_1.fastq;/data/mouse_methyl/raw/GSE80672/fastq/SRR3440933_2.fastq,2,5800659928,1;2,GSM2132961,PAIRED,Bisulfite-Seq,Reduced Representation,SRS1412471,SRX1727249,GSM2132961: MIPSK1; Mus musculus; Bisulfite-Seq,SAMN04902318,PRJNA319643,1903948950,mapped
GSE80672,SRR3440934,/data/mouse_methyl/raw/GSE80672/fastq/SRR3440934_1.fastq;/data/mouse_methyl/raw/GSE80672/fastq/SRR3440934_2.fastq,2,8506607240,1;2,GSM2132961,PAIRED,Bisulfite-Seq,Reduced Representation,SRS1412471,SRX1727249,GSM2132961: MIPSK1; Mus musculus; Bisulfite-Seq,SAMN04902318,PRJNA319643,2778716400,mapped
GSE80672,SRR3440935,/data/mouse_methyl/raw/GSE80672/fastq/SRR3440935_1.fastq;/data/mouse_methyl/raw/GSE80672/fastq/SRR3440935_2.fastq,2,7656489176,1;2,GSM2132962,PAIRED,Bisulfite-Seq,Reduced Representation,SRS1412472,SRX1727250,GSM2132962: MIPSK2; Mus musculus; Bisulfite-Seq,SAMN04902321,PRJNA319643,2503893750,mapped
GSE80672,SRR3440936,/data/mouse_methyl/raw/GSE80672/fastq/SRR3440936_1.fastq;/data/mouse_methyl/raw/GSE80672/fastq/SRR3440936_2.fastq,2,10472922312,1;2,GSM2132962,PAIRED,Bisulfite-Seq,Reduced Representation,SRS1412472,SRX1727250,GSM2132962: MIPSK2; Mus musculus; Bisulfite-Seq,SAMN04902321,PRJNA319643,3414378600,mapped
GSE80672,SRR3440937,/data/mouse_methyl/raw/GSE80672/fastq/SRR3440937_1.fastq;/data/mouse_methyl/raw/GSE80672/fastq/SRR3440937_2.fastq,2,1252401696,1;2,GSM2132963,PAIRED,Bisulfite-Seq,Reduced Representation,SRS1412473,SRX1727251,GSM2132963: MIPSK3; Mus musculus; Bisulfite-Seq,SAMN04902322,PRJNA319643,414898200,mapped
GSE80672,SRR3440938,/data/mouse_methyl/raw/GSE80672/fastq/SRR3440938_1.fastq;/data/mouse_methyl/raw/GSE80672/fastq/SRR3440938_2.fastq,2,7117755944,1;2,GSM2132963,PAIRED,Bisulfite-Seq,Reduced Representation,SRS1412473,SRX1727251,GSM2132963: MIPSK3; Mus musculus; Bisulfite-Seq,SAMN04902322,PRJNA319643,2329734300,mapped
GSE80672,SRR3440939,/data/mouse_methyl/raw/GSE80672/fastq/SRR3440939_1.fastq;/data/mouse_methyl/raw/GSE80672/fastq/SRR3440939_2.fastq,2,5161440536,1;2,GSM2132964,PAIRED,Bisulfite-Seq,Reduced Representation,SRS1412475,SRX1727252,GSM2132964: MIPSL1; Mus musculus; Bisulfite-Seq,SAMN04902323,PRJNA319643,1697304750,mapped
GSE80672,SRR3440940,/data/mouse_methyl/raw/GSE80672/fastq/SRR3440940_1.fastq;/data/mouse_methyl/raw/GSE80672/fastq/SRR3440940_2.fastq,2,7247857368,1;2,GSM2132964,PAIRED,Bisulfite-Seq,Reduced Representation,SRS1412475,SRX1727252,GSM2132964: MIPSL1; Mus musculus; Bisulfite-Seq,SAMN04902323,PRJNA319643,2371792950,mapped
GSE80672,SRR3440941,/data/mouse_methyl/raw/GSE80672/fastq/SRR3440941_1.fastq;/data/mouse_methyl/raw/GSE80672/fastq/SRR3440941_2.fastq,2,6460827992,1;2,GSM2132965,PAIRED,Bisulfite-Seq,Reduced Representation,SRS1412474,SRX1727253,GSM2132965: MIPSL2; Mus musculus; Bisulfite-Seq,SAMN04902324,PRJNA319643,2117365350,mapped
GSE80672,SRR3440942,/data/mouse_methyl/raw/GSE80672/fastq/SRR3440942_1.fastq;/data/mouse_methyl/raw/GSE80672/fastq/SRR3440942_2.fastq,2,10091603400,1;2,GSM2132965,PAIRED,Bisulfite-Seq,Reduced Representation,SRS1412474,SRX1727253,GSM2132965: MIPSL2; Mus musculus; Bisulfite-Seq,SAMN04902324,PRJNA319643,3291107400,mapped
GSE80672,SRR3440943,/data/mouse_methyl/raw/GSE80672/fastq/SRR3440943_1.fastq;/data/mouse_methyl/raw/GSE80672/fastq/SRR3440943_2.fastq,2,4155627840,1;2,GSM2132966,PAIRED,Bisulfite-Seq,Reduced Representation,SRS1412476,SRX1727254,GSM2132966: MIPSL3; Mus musculus; Bisulfite-Seq,SAMN04902325,PRJNA319643,1369906800,mapped
GSE80672,SRR3440944,/data/mouse_methyl/raw/GSE80672/fastq/SRR3440944_1.fastq;/data/mouse_methyl/raw/GSE80672/fastq/SRR3440944_2.fastq,2,7119312200,1;2,GSM2132966,PAIRED,Bisulfite-Seq,Reduced Representation,SRS1412476,SRX1727254,GSM2132966: MIPSL3; Mus musculus; Bisulfite-Seq,SAMN04902325,PRJNA319643,2330237400,mapped
GSE93957,SRR5195621,/data/mouse_methyl/raw/GSE93957/fastq/SRR5195621_1.fastq;/data/mouse_methyl/raw/GSE93957/fastq/SRR5195621_2.fastq,2,15098690428,1;2,GSM2465615,PAIRED,Bisulfite-Seq,Reduced Representation,SRS1935086,SRX2511223,GSM2465615: Cortex_41wk_M00018359; Mus musculus; Bisulfite-Seq,SAMN06250854,PRJNA362895,3798407648,mapped
GSE93957,SRR5195622,/data/mouse_methyl/raw/GSE93957/fastq/SRR5195622_1.fastq;/data/mouse_methyl/raw/GSE93957/fastq/SRR5195622_2.fastq,2,15335040280,1;2,GSM2465616,PAIRED,Bisulfite-Seq,Reduced Representation,SRS1935087,SRX2511224,GSM2465616: Heart_41wk_M00018359; Mus musculus; Bisulfite-Seq,SAMN06250853,PRJNA362895,3857752552,mapped
GSE93957,SRR5195623,/data/mouse_methyl/raw/GSE93957/fastq/SRR5195623_1.fastq;/data/mouse_methyl/raw/GSE93957/fastq/SRR5195623_2.fastq,2,10967765264,1;2,GSM2465617,PAIRED,Bisulfite-Seq,Reduced Representation,SRS1935088,SRX2511225,GSM2465617: Liver_41wk_M00018359; Mus musculus; Bisulfite-Seq,SAMN06250855,PRJNA362895,2762222584,mapped
GSE93957,SRR5195624,/data/mouse_methyl/raw/GSE93957/fastq/SRR5195624_1.fastq;/data/mouse_methyl/raw/GSE93957/fastq/SRR5195624_2.fastq,2,15239692084,1;2,GSM2465618,PAIRED,Bisulfite-Seq,Reduced Representation,SRS1935089,SRX2511226,GSM2465618: Lung_41wk_M00018359; Mus musculus; Bisulfite-Seq,SAMN06250857,PRJNA362895,3833813768,mapped
GSE93957,SRR5195625,/data/mouse_methyl/raw/GSE93957/fastq/SRR5195625_1.fastq;/data/mouse_methyl/raw/GSE93957/fastq/SRR5195625_2.fastq,2,19162662352,1;2,GSM2465619,PAIRED,Bisulfite-Seq,Reduced Representation,SRS1935090,SRX2511227,GSM2465619: Cortex_41wk_M00018362; Mus musculus; Bisulfite-Seq,SAMN06250856,PRJNA362895,4817758104,mapped
GSE93957,SRR5195626,/data/mouse_methyl/raw/GSE93957/fastq/SRR5195626_1.fastq;/data/mouse_methyl/raw/GSE93957/fastq/SRR5195626_2.fastq,2,17525473580,1;2,GSM2465620,PAIRED,Bisulfite-Seq,Reduced Representation,SRS1935091,SRX2511228,GSM2465620: Heart_41wk_M00018362; Mus musculus; Bisulfite-Seq,SAMN06250859,PRJNA362895,4407095600,mapped
GSE93957,SRR5195627,/data/mouse_methyl/raw/GSE93957/fastq/SRR5195627_1.fastq;/data/mouse_methyl/raw/GSE93957/fastq/SRR5195627_2.fastq,2,6452447736,1;2,GSM2465621,PAIRED,Bisulfite-Seq,Reduced Representation,SRS1935092,SRX2511229,GSM2465621: Liver_41wk_M00018362; Mus musculus; Bisulfite-Seq,SAMN06250858,PRJNA362895,1629643224,mapped
GSE93957,SRR5195628,/data/mouse_methyl/raw/GSE93957/fastq/SRR5195628_1.fastq;/data/mouse_methyl/raw/GSE93957/fastq/SRR5195628_2.fastq,2,14731845644,1;2,GSM2465622,PAIRED,Bisulfite-Seq,Reduced Representation,SRS1935093,SRX2511230,GSM2465622: Lung_41wk_M00018362; Mus musculus; Bisulfite-Seq,SAMN06250860,PRJNA362895,3706376968,mapped
GSE93957,SRR5195629,/data/mouse_methyl/raw/GSE93957/fastq/SRR5195629_1.fastq;/data/mouse_methyl/raw/GSE93957/fastq/SRR5195629_2.fastq,2,17995791784,1;2,GSM2465623,PAIRED,Bisulfite-Seq,Reduced Representation,SRS1935094,SRX2511231,GSM2465623: Cortex_41wk_M00018363; Mus musculus; Bisulfite-Seq,SAMN06250861,PRJNA362895,4525075872,mapped
GSE93957,SRR5195630,/data/mouse_methyl/raw/GSE93957/fastq/SRR5195630_1.fastq;/data/mouse_methyl/raw/GSE93957/fastq/SRR5195630_2.fastq,2,18789291260,1;2,GSM2465624,PAIRED,Bisulfite-Seq,Reduced Representation,SRS1935095,SRX2511232,GSM2465624: Heart_41wk_M00018363; Mus musculus; Bisulfite-Seq,SAMN06250830,PRJNA362895,4724123216,mapped
GSE93957,SRR5195631,/data/mouse_methyl/raw/GSE93957/fastq/SRR5195631_1.fastq;/data/mouse_methyl/raw/GSE93957/fastq/SRR5195631_2.fastq,2,20784437740,1;2,GSM2465625,PAIRED,Bisulfite-Seq,Reduced Representation,SRS1935096,SRX2511233,GSM2465625: Liver_41wk_M00018363; Mus musculus; Bisulfite-Seq,SAMN06250829,PRJNA362895,5224560872,mapped
GSE93957,SRR5195632,/data/mouse_methyl/raw/GSE93957/fastq/SRR5195632_1.fastq;/data/mouse_methyl/raw/GSE93957/fastq/SRR5195632_2.fastq,2,26507370340,1;2,GSM2465626,PAIRED,Bisulfite-Seq,Reduced Representation,SRS1935097,SRX2511234,GSM2465626: Lung_41wk_M00018363; Mus musculus; Bisulfite-Seq,SAMN06250828,PRJNA362895,6660064072,mapped
GSE93957,SRR5195633,/data/mouse_methyl/raw/GSE93957/fastq/SRR5195633_1.fastq;/data/mouse_methyl/raw/GSE93957/fastq/SRR5195633_2.fastq,2,15365709192,1;2,GSM2465627,PAIRED,Bisulfite-Seq,Reduced Representation,SRS1935098,SRX2511235,GSM2465627: Cortex_41wk_M00018381; Mus musculus; Bisulfite-Seq,SAMN06250825,PRJNA362895,3865389336,mapped
GSE93957,SRR5195634,/data/mouse_methyl/raw/GSE93957/fastq/SRR5195634_1.fastq;/data/mouse_methyl/raw/GSE93957/fastq/SRR5195634_2.fastq,2,12255906392,1;2,GSM2465628,PAIRED,Bisulfite-Seq,Reduced Representation,SRS1935099,SRX2511236,GSM2465628: Heart_41wk_M00018381; Mus musculus; Bisulfite-Seq,SAMN06250827,PRJNA362895,3085385680,mapped
GSE93957,SRR5195635,/data/mouse_methyl/raw/GSE93957/fastq/SRR5195635_1.fastq;/data/mouse_methyl/raw/GSE93957/fastq/SRR5195635_2.fastq,2,12580910540,1;2,GSM2465629,PAIRED,Bisulfite-Seq,Reduced Representation,SRS1935100,SRX2511237,GSM2465629: Liver_41wk_M00018381; Mus musculus; Bisulfite-Seq,SAMN06250826,PRJNA362895,3166854792,mapped
GSE93957,SRR5195636,/data/mouse_methyl/raw/GSE93957/fastq/SRR5195636_1.fastq;/data/mouse_methyl/raw/GSE93957/fastq/SRR5195636_2.fastq,2,14866673816,1;2,GSM2465630,PAIRED,Bisulfite-Seq,Reduced Representation,SRS1935101,SRX2511238,GSM2465630: Lung_41wk_M00018381; Mus musculus; Bisulfite-Seq,SAMN06250822,PRJNA362895,3740242720,mapped
GSE93957,SRR5195637,/data/mouse_methyl/raw/GSE93957/fastq/SRR5195637_1.fastq;/data/mouse_methyl/raw/GSE93957/fastq/SRR5195637_2.fastq,2,17555124904,1;2,GSM2465631,PAIRED,Bisulfite-Seq,Reduced Representation,SRS1935102,SRX2511239,GSM2465631: Cortex_27wk_M00018724; Mus musculus; Bisulfite-Seq,SAMN06250821,PRJNA362895,4414573848,mapped
GSE93957,SRR5195638,/data/mouse_methyl/raw/GSE93957/fastq/SRR5195638_1.fastq;/data/mouse_methyl/raw/GSE93957/fastq/SRR5195638_2.fastq,2,11950080508,1;2,GSM2465632,PAIRED,Bisulfite-Seq,Reduced Representation,SRS1935103,SRX2511240,GSM2465632: Heart_27wk_M00018724; Mus musculus; Bisulfite-Seq,SAMN06250823,PRJNA362895,3008672496,mapped
GSE93957,SRR5195639,/data/mouse_methyl/raw/GSE93957/fastq/SRR5195639_1.fastq;/data/mouse_methyl/raw/GSE93957/fastq/SRR5195639_2.fastq,2,17286213932,1;2,GSM2465633,PAIRED,Bisulfite-Seq,Reduced Representation,SRS1935104,SRX2511241,GSM2465633: Liver_27wk_M00018724; Mus musculus; Bisulfite-Seq,SAMN06250824,PRJNA362895,4347103328,mapped
GSE93957,SRR5195640,/data/mouse_methyl/raw/GSE93957/fastq/SRR5195640_1.fastq;/data/mouse_methyl/raw/GSE93957/fastq/SRR5195640_2.fastq,2,14578206072,1;2,GSM2465634,PAIRED,Bisulfite-Seq,Reduced Representation,SRS1935105,SRX2511242,GSM2465634: Lung_27wk_M00018724; Mus musculus; Bisulfite-Seq,SAMN06250820,PRJNA362895,3667888592,mapped
GSE93957,SRR5195641,/data/mouse_methyl/raw/GSE93957/fastq/SRR5195641_1.fastq;/data/mouse_methyl/raw/GSE93957/fastq/SRR5195641_2.fastq,2,18204815276,1;2,GSM2465635,PAIRED,Bisulfite-Seq,Reduced Representation,SRS1935106,SRX2511243,GSM2465635: Cortex_27wk_M00018752; Mus musculus; Bisulfite-Seq,SAMN06250819,PRJNA362895,4577510704,mapped
GSE93957,SRR5195642,/data/mouse_methyl/raw/GSE93957/fastq/SRR5195642_1.fastq;/data/mouse_methyl/raw/GSE93957/fastq/SRR5195642_2.fastq,2,15328349792,1;2,GSM2465636,PAIRED,Bisulfite-Seq,Reduced Representation,SRS1935107,SRX2511244,GSM2465636: Heart_27wk_M00018752; Mus musculus; Bisulfite-Seq,SAMN06250818,PRJNA362895,3855988896,mapped
GSE93957,SRR5195643,/data/mouse_methyl/raw/GSE93957/fastq/SRR5195643_1.fastq;/data/mouse_methyl/raw/GSE93957/fastq/SRR5195643_2.fastq,2,5576801040,1;2,GSM2465637,PAIRED,Bisulfite-Seq,Reduced Representation,SRS1935108,SRX2511245,GSM2465637: Liver_27wk_M00018752; Mus musculus; Bisulfite-Seq,SAMN06250817,PRJNA362895,1409269064,mapped
GSE93957,SRR5195644,/data/mouse_methyl/raw/GSE93957/fastq/SRR5195644_1.fastq;/data/mouse_methyl/raw/GSE93957/fastq/SRR5195644_2.fastq,2,13731843580,1;2,GSM2465638,PAIRED,Bisulfite-Seq,Reduced Representation,SRS1935109,SRX2511246,GSM2465638: Lung_27wk_M00018752; Mus musculus; Bisulfite-Seq,SAMN06250816,PRJNA362895,3455546112,mapped
GSE93957,SRR5195645,/data/mouse_methyl/raw/GSE93957/fastq/SRR5195645_1.fastq;/data/mouse_methyl/raw/GSE93957/fastq/SRR5195645_2.fastq,2,17363776312,1;2,GSM2465639,PAIRED,Bisulfite-Seq,Reduced Representation,SRS1935110,SRX2511247,GSM2465639: Cortex_27wk_M00018754; Mus musculus; Bisulfite-Seq,SAMN06250815,PRJNA362895,4366578936,mapped
GSE93957,SRR5195646,/data/mouse_methyl/raw/GSE93957/fastq/SRR5195646_1.fastq;/data/mouse_methyl/raw/GSE93957/fastq/SRR5195646_2.fastq,2,9847577840,1;2,GSM2465640,PAIRED,Bisulfite-Seq,Reduced Representation,SRS1935111,SRX2511248,GSM2465640: Heart_27wk_M00018754; Mus musculus; Bisulfite-Seq,SAMN06250814,PRJNA362895,2481286608,mapped
GSE93957,SRR5195647,/data/mouse_methyl/raw/GSE93957/fastq/SRR5195647_1.fastq;/data/mouse_methyl/raw/GSE93957/fastq/SRR5195647_2.fastq,2,15842286156,1;2,GSM2465641,PAIRED,Bisulfite-Seq,Reduced Representation,SRS1935112,SRX2511249,GSM2465641: Liver_27wk_M00018754; Mus musculus; Bisulfite-Seq,SAMN06250813,PRJNA362895,3984920008,mapped
GSE93957,SRR5195648,/data/mouse_methyl/raw/GSE93957/fastq/SRR5195648_1.fastq;/data/mouse_methyl/raw/GSE93957/fastq/SRR5195648_2.fastq,2,12745684300,1;2,GSM2465642,PAIRED,Bisulfite-Seq,Reduced Representation,SRS1935113,SRX2511250,GSM2465642: Lung_27wk_M00018754; Mus musculus; Bisulfite-Seq,SAMN06250812,PRJNA362895,3208219464,mapped
GSE93957,SRR5195649,/data/mouse_methyl/raw/GSE93957/fastq/SRR5195649_1.fastq;/data/mouse_methyl/raw/GSE93957/fastq/SRR5195649_2.fastq,2,16867427592,1;2,GSM2465643,PAIRED,Bisulfite-Seq,Reduced Representation,SRS1935114,SRX2511251,GSM2465643: Cortex_27wk_M0112371; Mus musculus; Bisulfite-Seq,SAMN06250811,PRJNA362895,4242041992,mapped
GSE93957,SRR5195650,/data/mouse_methyl/raw/GSE93957/fastq/SRR5195650_1.fastq;/data/mouse_methyl/raw/GSE93957/fastq/SRR5195650_2.fastq,2,18465548400,1;2,GSM2465644,PAIRED,Bisulfite-Seq,Reduced Representation,SRS1935115,SRX2511252,GSM2465644: Heart_27wk_M0112371; Mus musculus; Bisulfite-Seq,SAMN06250810,PRJNA362895,4642902168,mapped
GSE93957,SRR5195651,/data/mouse_methyl/raw/GSE93957/fastq/SRR5195651_1.fastq;/data/mouse_methyl/raw/GSE93957/fastq/SRR5195651_2.fastq,2,7643950228,1;2,GSM2465645,PAIRED,Bisulfite-Seq,Reduced Representation,SRS1935116,SRX2511253,GSM2465645: Liver_27wk_M0112371; Mus musculus; Bisulfite-Seq,SAMN06250809,PRJNA362895,1928517784,mapped
GSE93957,SRR5195652,/data/mouse_methyl/raw/GSE93957/fastq/SRR5195652_1.fastq;/data/mouse_methyl/raw/GSE93957/fastq/SRR5195652_2.fastq,2,10442898196,1;2,GSM2465646,PAIRED,Bisulfite-Seq,Reduced Representation,SRS1935117,SRX2511254,GSM2465646: Lung_27wk_M0112371; Mus musculus; Bisulfite-Seq,SAMN06250808,PRJNA362895,2630562616,mapped
GSE93957,SRR5195653,/data/mouse_methyl/raw/GSE93957/fastq/SRR5195653_1.fastq;/data/mouse_methyl/raw/GSE93957/fastq/SRR5195653_2.fastq,2,10635605800,1;2,GSM2465647,PAIRED,Bisulfite-Seq,Reduced Representation,SRS1935118,SRX2511255,GSM2465647: Cortex_1wk_M01NB; Mus musculus; Bisulfite-Seq,SAMN06250807,PRJNA362895,2678899224,mapped
GSE93957,SRR5195654,/data/mouse_methyl/raw/GSE93957/fastq/SRR5195654_1.fastq;/data/mouse_methyl/raw/GSE93957/fastq/SRR5195654_2.fastq,2,15376668880,1;2,GSM2465648,PAIRED,Bisulfite-Seq,Reduced Representation,SRS1935119,SRX2511256,GSM2465648: Heart_1wk_M01NB; Mus musculus; Bisulfite-Seq,SAMN06250806,PRJNA362895,3868118800,mapped
GSE93957,SRR5195655,/data/mouse_methyl/raw/GSE93957/fastq/SRR5195655_1.fastq;/data/mouse_methyl/raw/GSE93957/fastq/SRR5195655_2.fastq,2,8349597812,1;2,GSM2465649,PAIRED,Bisulfite-Seq,Reduced Representation,SRS1935120,SRX2511257,GSM2465649: Liver_1wk_M01NB; Mus musculus; Bisulfite-Seq,SAMN06250805,PRJNA362895,2105515096,mapped
GSE93957,SRR5195656,/data/mouse_methyl/raw/GSE93957/fastq/SRR5195656_1.fastq;/data/mouse_methyl/raw/GSE93957/fastq/SRR5195656_2.fastq,2,7975862904,1;2,GSM2465650,PAIRED,Bisulfite-Seq,Reduced Representation,SRS1935121,SRX2511258,GSM2465650: Lung_1wk_M01NB; Mus musculus; Bisulfite-Seq,SAMN06250804,PRJNA362895,2011770616,mapped
GSE93957,SRR5195657,/data/mouse_methyl/raw/GSE93957/fastq/SRR5195657_1.fastq;/data/mouse_methyl/raw/GSE93957/fastq/SRR5195657_2.fastq,2,11526589692,1;2,GSM2465651,PAIRED,Bisulfite-Seq,Reduced Representation,SRS1935122,SRX2511259,GSM2465651: Cortex_1wk_M02NB; Mus musculus; Bisulfite-Seq,SAMN06250803,PRJNA362895,2902388320,mapped
GSE93957,SRR5195658,/data/mouse_methyl/raw/GSE93957/fastq/SRR5195658_1.fastq;/data/mouse_methyl/raw/GSE93957/fastq/SRR5195658_2.fastq,2,14262174092,1;2,GSM2465652,PAIRED,Bisulfite-Seq,Reduced Representation,SRS1935123,SRX2511260,GSM2465652: Liver_1wk_M02NB; Mus musculus; Bisulfite-Seq,SAMN06250863,PRJNA362895,3588564808,mapped
GSE93957,SRR5195659,/data/mouse_methyl/raw/GSE93957/fastq/SRR5195659_1.fastq;/data/mouse_methyl/raw/GSE93957/fastq/SRR5195659_2.fastq,2,15666653312,1;2,GSM2465653,PAIRED,Bisulfite-Seq,Reduced Representation,SRS1935124,SRX2511261,GSM2465653: Lung_1wk_M02NB; Mus musculus; Bisulfite-Seq,SAMN06250862,PRJNA362895,3940862960,mapped
GSE93957,SRR5195660,/data/mouse_methyl/raw/GSE93957/fastq/SRR5195660_1.fastq;/data/mouse_methyl/raw/GSE93957/fastq/SRR5195660_2.fastq,2,15868291576,1;2,GSM2465654,PAIRED,Bisulfite-Seq,Reduced Representation,SRS1935125,SRX2511262,GSM2465654: Cortex_1wk_M03NB; Mus musculus; Bisulfite-Seq,SAMN06250802,PRJNA362895,3991435336,mapped
GSE93957,SRR5195661,/data/mouse_methyl/raw/GSE93957/fastq/SRR5195661_1.fastq;/data/mouse_methyl/raw/GSE93957/fastq/SRR5195661_2.fastq,2,14183948020,1;2,GSM2465655,PAIRED,Bisulfite-Seq,Reduced Representation,SRS1935126,SRX2511263,GSM2465655: Heart_1wk_M03NB; Mus musculus; Bisulfite-Seq,SAMN06250852,PRJNA362895,3568943432,mapped
GSE93957,SRR5195662,/data/mouse_methyl/raw/GSE93957/fastq/SRR5195662_1.fastq;/data/mouse_methyl/raw/GSE93957/fastq/SRR5195662_2.fastq,2,29536013452,1;2,GSM2465656,PAIRED,Bisulfite-Seq,Reduced Representation,SRS1935127,SRX2511264,GSM2465656: Lung_1wk_M03NB; Mus musculus; Bisulfite-Seq,SAMN06250851,PRJNA362895,7419802784,mapped
GSE93957,SRR5195663,/data/mouse_methyl/raw/GSE93957/fastq/SRR5195663_1.fastq;/data/mouse_methyl/raw/GSE93957/fastq/SRR5195663_2.fastq,2,16311791532,1;2,GSM2465657,PAIRED,Bisulfite-Seq,Reduced Representation,SRS1935128,SRX2511265,GSM2465657: Cortex_14wk_M0420525; Mus musculus; Bisulfite-Seq,SAMN06250850,PRJNA362895,4102697664,mapped
GSE93957,SRR5195664,/data/mouse_methyl/raw/GSE93957/fastq/SRR5195664_1.fastq;/data/mouse_methyl/raw/GSE93957/fastq/SRR5195664_2.fastq,2,16495169552,1;2,GSM2465658,PAIRED,Bisulfite-Seq,Reduced Representation,SRS1935129,SRX2511266,GSM2465658: Heart_14wk_M0420525; Mus musculus; Bisulfite-Seq,SAMN06250849,PRJNA362895,4148747128,mapped
GSE93957,SRR5195665,/data/mouse_methyl/raw/GSE93957/fastq/SRR5195665_1.fastq;/data/mouse_methyl/raw/GSE93957/fastq/SRR5195665_2.fastq,2,17197854632,1;2,GSM2465659,PAIRED,Bisulfite-Seq,Reduced Representation,SRS1935130,SRX2511267,GSM2465659: Liver_14wk_M0420525; Mus musculus; Bisulfite-Seq,SAMN06250848,PRJNA362895,4324941880,mapped
GSE93957,SRR5195666,/data/mouse_methyl/raw/GSE93957/fastq/SRR5195666_1.fastq;/data/mouse_methyl/raw/GSE93957/fastq/SRR5195666_2.fastq,2,17954848132,1;2,GSM2465660,PAIRED,Bisulfite-Seq,Reduced Representation,SRS1935131,SRX2511268,GSM2465660: Lung_14wk_M0420525; Mus musculus; Bisulfite-Seq,SAMN06250847,PRJNA362895,4514874240,mapped
GSE93957,SRR5195667,/data/mouse_methyl/raw/GSE93957/fastq/SRR5195667_1.fastq;/data/mouse_methyl/raw/GSE93957/fastq/SRR5195667_2.fastq,2,20902480308,1;2,GSM2465661,PAIRED,Bisulfite-Seq,Reduced Representation,SRS1935132,SRX2511269,GSM2465661: Cortex_14wk_M0420527; Mus musculus; Bisulfite-Seq,SAMN06250846,PRJNA362895,5254206648,mapped
GSE93957,SRR5195668,/data/mouse_methyl/raw/GSE93957/fastq/SRR5195668_1.fastq;/data/mouse_methyl/raw/GSE93957/fastq/SRR5195668_2.fastq,2,12765102648,1;2,GSM2465662,PAIRED,Bisulfite-Seq,Reduced Representation,SRS1935133,SRX2511270,GSM2465662: Heart_14wk_M0420527; Mus musculus; Bisulfite-Seq,SAMN06250845,PRJNA362895,3213112344,mapped
GSE93957,SRR5195669,/data/mouse_methyl/raw/GSE93957/fastq/SRR5195669_1.fastq;/data/mouse_methyl/raw/GSE93957/fastq/SRR5195669_2.fastq,2,14297493628,1;2,GSM2465663,PAIRED,Bisulfite-Seq,Reduced Representation,SRS1935134,SRX2511271,GSM2465663: Liver_14wk_M0420527; Mus musculus; Bisulfite-Seq,SAMN06250844,PRJNA362895,3597439176,mapped
GSE93957,SRR5195670,/data/mouse_methyl/raw/GSE93957/fastq/SRR5195670_1.fastq;/data/mouse_methyl/raw/GSE93957/fastq/SRR5195670_2.fastq,2,16945227032,1;2,GSM2465664,PAIRED,Bisulfite-Seq,Reduced Representation,SRS1935135,SRX2511272,GSM2465664: Lung_14wk_M0420527; Mus musculus; Bisulfite-Seq,SAMN06250843,PRJNA362895,4261626128,mapped
GSE93957,SRR5195671,/data/mouse_methyl/raw/GSE93957/fastq/SRR5195671_1.fastq;/data/mouse_methyl/raw/GSE93957/fastq/SRR5195671_2.fastq,2,15758951392,1;2,GSM2465665,PAIRED,Bisulfite-Seq,Reduced Representation,SRS1935136,SRX2511273,GSM2465665: Cortex_1wk_M04NB; Mus musculus; Bisulfite-Seq,SAMN06250842,PRJNA362895,3964003744,mapped
GSE93957,SRR5195672,/data/mouse_methyl/raw/GSE93957/fastq/SRR5195672_1.fastq;/data/mouse_methyl/raw/GSE93957/fastq/SRR5195672_2.fastq,2,20111362200,1;2,GSM2465666,PAIRED,Bisulfite-Seq,Reduced Representation,SRS1935137,SRX2511274,GSM2465666: Heart_1wk_M04NB; Mus musculus; Bisulfite-Seq,SAMN06250841,PRJNA362895,5055737360,mapped
GSE93957,SRR5195673,/data/mouse_methyl/raw/GSE93957/fastq/SRR5195673_1.fastq;/data/mouse_methyl/raw/GSE93957/fastq/SRR5195673_2.fastq,2,13820316308,1;2,GSM2465667,PAIRED,Bisulfite-Seq,Reduced Representation,SRS1935138,SRX2511275,GSM2465667: Liver_1wk_M04NB; Mus musculus; Bisulfite-Seq,SAMN06250840,PRJNA362895,3477730360,mapped
GSE93957,SRR5195674,/data/mouse_methyl/raw/GSE93957/fastq/SRR5195674_1.fastq;/data/mouse_methyl/raw/GSE93957/fastq/SRR5195674_2.fastq,2,29548207592,1;2,GSM2465668,PAIRED,Bisulfite-Seq,Reduced Representation,SRS1935139,SRX2511276,GSM2465668: Lung_1wk_M04NB; Mus musculus; Bisulfite-Seq,SAMN06250839,PRJNA362895,7422853272,mapped
GSE93957,SRR5195675,/data/mouse_methyl/raw/GSE93957/fastq/SRR5195675_1.fastq;/data/mouse_methyl/raw/GSE93957/fastq/SRR5195675_2.fastq,2,20164240192,1;2,GSM2465669,PAIRED,Bisulfite-Seq,Reduced Representation,SRS1935140,SRX2511277,GSM2465669: Cortex_27wk_M0512375; Mus musculus; Bisulfite-Seq,SAMN06250838,PRJNA362895,5068979296,mapped
GSE93957,SRR5195676,/data/mouse_methyl/raw/GSE93957/fastq/SRR5195676_1.fastq;/data/mouse_methyl/raw/GSE93957/fastq/SRR5195676_2.fastq,2,19338116380,1;2,GSM2465670,PAIRED,Bisulfite-Seq,Reduced Representation,SRS1935141,SRX2511278,GSM2465670: Heart_27wk_M0512375; Mus musculus; Bisulfite-Seq,SAMN06250837,PRJNA362895,4861771832,mapped
GSE93957,SRR5195677,/data/mouse_methyl/raw/GSE93957/fastq/SRR5195677_1.fastq;/data/mouse_methyl/raw/GSE93957/fastq/SRR5195677_2.fastq,2,6707672112,1;2,GSM2465671,PAIRED,Bisulfite-Seq,Reduced Representation,SRS1935142,SRX2511279,GSM2465671: Liver_27wk_M0512375; Mus musculus; Bisulfite-Seq,SAMN06250836,PRJNA362895,1693664408,mapped
GSE93957,SRR5195678,/data/mouse_methyl/raw/GSE93957/fastq/SRR5195678_1.fastq;/data/mouse_methyl/raw/GSE93957/fastq/SRR5195678_2.fastq,2,14124232672,1;2,GSM2465672,PAIRED,Bisulfite-Seq,Reduced Representation,SRS1935143,SRX2511280,GSM2465672: Lung_27wk_M0512375; Mus musculus; Bisulfite-Seq,SAMN06250835,PRJNA362895,3553962312,mapped
GSE93957,SRR5195679,/data/mouse_methyl/raw/GSE93957/fastq/SRR5195679_1.fastq;/data/mouse_methyl/raw/GSE93957/fastq/SRR5195679_2.fastq,2,12246151004,1;2,GSM2465673,PAIRED,Bisulfite-Seq,Reduced Representation,SRS1935146,SRX2511281,GSM2465673: Cortex_14wk_M0520522; Mus musculus; Bisulfite-Seq,SAMN06250834,PRJNA362895,3082901240,mapped
