chrom,start,end,cluster_5mb,target_id,model_name,feature_id,selection_count,mean_abs_selector_score,mean_selector_score,mean_feature_rank,mean_train_presence,age_pearson_r,age_pearson_p,missing_fraction,dataset_mean_shift,tissue_mean_shift,confounding_label,interpretation_note
chr6,77975000,77979999,chr6:75000000-79999999,age_weeks,ridge,chr6:77975000-77979999,5,0.5272987670524966,0.5272987670524966,12.2,0.9973675836845086,0.534849,6.336689325107945e-91,0.002461,0.075869,0.080095,candidate_signal,target-associated methylation signal; mechanism not inferred
chr11,96005000,96009999,chr11:95000000-99999999,age_weeks,ridge,chr11:96005000-96009999,5,0.5261828508293338,0.5261828508293338,9.0,1.0,0.527677,2.4755233419599137e-88,0.0,0.036311,0.045686,candidate_signal,target-associated methylation signal; mechanism not inferred
chr1,3670000,3674999,chr1:0-4999999,age_weeks,ridge,chr1:3670000-3674999,5,0.5068484079376796,0.5068484079376796,42.4,0.9991207086271426,0.518636,8.155008376525876e-85,0.00082,0.063972,0.07825,candidate_signal,target-associated methylation signal; mechanism not inferred
chr5,131305000,131309999,chr5:130000000-134999999,age_weeks,ridge,chr5:131305000-131309999,5,0.5031971404287958,0.5031971404287958,22.0,0.9991207086271426,0.507875,7.596344482629917e-81,0.00082,0.078037,0.107406,candidate_signal,target-associated methylation signal; mechanism not inferred
chr17,69435000,69439999,chr17:65000000-69999999,age_weeks,ridge,chr17:69435000-69439999,5,0.5029925695843931,0.5029925695843931,23.4,0.9982468750573659,0.50526,7.727067788857639e-80,0.001641,0.025897,0.039448,candidate_signal,target-associated methylation signal; mechanism not inferred
chr12,61520000,61524999,chr12:60000000-64999999,age_weeks,ridge,chr12:61520000-61524999,5,0.5016849456171073,0.5016849456171073,20.2,0.9982468750573659,0.505065,9.078397512078422e-80,0.001641,0.074301,0.129401,candidate_signal,target-associated methylation signal; mechanism not inferred
chr12,14150000,14154999,chr12:10000000-14999999,age_weeks,ridge,chr12:14150000-14154999,5,0.4964932362384812,0.4964932362384812,71.0,1.0,0.506844,1.5447475836159011e-80,0.0,0.092727,0.107097,candidate_signal,target-associated methylation signal; mechanism not inferred
chr11,33200000,33204999,chr11:30000000-34999999,age_weeks,ridge,chr11:33200000-33204999,5,0.49179535961086485,0.49179535961086485,28.2,1.0,0.488059,5.877012940544696e-74,0.0,0.062952,0.102869,candidate_signal,target-associated methylation signal; mechanism not inferred
chr4,99655000,99659999,chr4:95000000-99999999,age_weeks,ridge,chr4:99655000-99659999,5,0.4878900412926278,0.48789004129262786,30.8,1.0,0.48004,2.8555123433204766e-71,0.0,0.118145,0.197814,candidate_signal,target-associated methylation signal; mechanism not inferred
chr12,20195000,20199999,chr12:20000000-24999999,age_weeks,ridge,chr12:20195000-20199999,5,0.4876878783902292,0.4876878783902291,48.4,0.9982414172542852,0.489653,2.21809995776549e-74,0.001641,0.191233,0.301967,tissue_confounded,target-associated methylation signal; mechanism not inferred
chr15,95525000,95529999,chr15:95000000-99999999,age_weeks,ridge,chr15:95525000-95529999,5,0.4874010949692872,0.4874010949692872,36.4,0.9991261664302235,0.494081,5.822981425483026e-76,0.00082,0.056663,0.099477,candidate_signal,target-associated methylation signal; mechanism not inferred
chr2,147080000,147084999,chr2:145000000-149999999,age_weeks,ridge,chr2:147080000-147084999,5,0.48680041771181093,0.48680041771181093,51.4,1.0,0.487704,7.755111844014594e-74,0.0,0.076722,0.133422,candidate_signal,target-associated methylation signal; mechanism not inferred
chr5,81020000,81024999,chr5:80000000-84999999,age_weeks,ridge,chr5:81020000-81024999,5,0.4867606783906814,0.48676067839068127,33.2,0.9991261664302235,0.490895,7.275920732799376e-75,0.00082,0.069168,0.122354,candidate_signal,target-associated methylation signal; mechanism not inferred
chr17,68000000,68004999,chr17:65000000-69999999,age_weeks,ridge,chr17:68000000-68004999,5,0.4858994595966215,0.4858994595966214,49.2,0.9991207086271426,0.494226,5.190205566603865e-76,0.00082,0.057193,0.080048,candidate_signal,target-associated methylation signal; mechanism not inferred
chr5,120460000,120464999,chr5:120000000-124999999,age_weeks,ridge,chr5:120460000-120464999,5,0.4858178276480663,0.4858178276480663,65.0,0.9973675836845086,0.489844,2.1922143340371114e-74,0.002461,0.268452,0.47247,dataset_confounded,target-associated methylation signal; mechanism not inferred
chr2,180640000,180644999,chr2:180000000-184999999,age_weeks,ridge,chr2:180640000-180644999,5,0.48574126636165643,0.4857412663616564,38.4,0.9964828345085704,0.488254,8.718794979708489e-74,0.003281,0.310404,0.614277,dataset_confounded,target-associated methylation signal; mechanism not inferred
chr5,131535000,131539999,chr5:130000000-134999999,age_weeks,ridge,chr5:131535000-131539999,5,0.48529111748020065,0.48529111748020065,56.6,1.0,0.49104,5.653152794088264e-75,0.0,0.05183,0.063194,candidate_signal,target-associated methylation signal; mechanism not inferred
chr2,63180000,63184999,chr2:60000000-64999999,age_weeks,ridge,chr2:63180000-63184999,5,0.48518023254416087,0.48518023254416087,37.4,0.9973730414875893,0.490431,1.3820475441978894e-74,0.002461,0.098699,0.126878,candidate_signal,target-associated methylation signal; mechanism not inferred
chr4,25795000,25799999,chr4:25000000-29999999,age_weeks,ridge,chr4:25795000-25799999,5,0.4851788287482089,0.4851788287482089,55.0,0.9982523328604467,0.487725,1.0020249965692874e-73,0.001641,0.070555,0.145079,candidate_signal,target-associated methylation signal; mechanism not inferred
chr12,67220000,67224999,chr12:65000000-69999999,age_weeks,ridge,chr12:67220000-67224999,5,0.4845239544533781,0.4845239544533781,38.4,1.0,0.48883,3.2141829219316813e-74,0.0,0.065291,0.107907,candidate_signal,target-associated methylation signal; mechanism not inferred
chr7,70360000,70364999,chr7:70000000-74999999,age_weeks,ridge,chr7:70360000-70364999,5,0.4829217485919937,0.4829217485919937,61.4,1.0,0.492382,1.954509219265992e-75,0.0,0.061252,0.076421,candidate_signal,target-associated methylation signal; mechanism not inferred
chr11,21990000,21994999,chr11:20000000-24999999,age_weeks,ridge,chr11:21990000-21994999,5,0.47974583525894116,0.47974583525894116,56.6,0.9982523328604467,0.476002,7.830131615598726e-70,0.001641,0.072266,0.167404,candidate_signal,target-associated methylation signal; mechanism not inferred
chr2,74655000,74659999,chr2:70000000-74999999,age_weeks,ridge,chr2:74655000-74659999,5,0.4783646237444441,0.4783646237444442,52.8,1.0,0.464088,3.912783405984809e-66,0.0,0.11834,0.232507,candidate_signal,target-associated methylation signal; mechanism not inferred
chr4,36950000,36954999,chr4:35000000-39999999,age_weeks,ridge,chr4:36950000-36954999,5,0.4776762814753595,0.4776762814753595,47.2,0.9991261664302235,0.473065,6.171654453245829e-69,0.00082,0.090966,0.173398,candidate_signal,target-associated methylation signal; mechanism not inferred
chr4,49845000,49849999,chr4:45000000-49999999,age_weeks,ridge,chr4:49845000-49849999,5,0.4763604955042374,0.4763604955042373,85.0,0.9964882923116513,0.482763,6.065597685386183e-72,0.003281,0.072365,0.125133,candidate_signal,target-associated methylation signal; mechanism not inferred
chr14,123625000,123629999,chr14:120000000-124999999,age_weeks,ridge,chr14:123625000-123629999,5,0.4739378650488756,0.4739378650488756,90.4,0.9754673897552527,0.483211,1.0567202429387773e-70,0.02297,0.150059,0.252337,tissue_confounded,target-associated methylation signal; mechanism not inferred
chr1,193035000,193039999,chr1:190000000-194999999,age_weeks,ridge,chr1:193035000-193039999,5,0.47305588387615033,0.47305588387615033,111.4,0.9824250881490135,0.480138,3.67497168763312e-70,0.016407,0.059287,0.095841,candidate_signal,target-associated methylation signal; mechanism not inferred
chr2,109675000,109679999,chr2:105000000-109999999,age_weeks,ridge,chr2:109675000-109679999,5,0.4717212939961546,0.4717212939961546,69.2,0.9991261664302235,0.472774,7.662143669074057e-69,0.00082,0.091088,0.172637,candidate_signal,target-associated methylation signal; mechanism not inferred
chr18,9705000,9709999,chr18:5000000-9999999,age_weeks,ridge,chr18:9705000-9709999,5,0.47041146642230103,0.47041146642230103,128.0,1.0,0.480175,2.577689694951458e-71,0.0,0.054609,0.073122,candidate_signal,target-associated methylation signal; mechanism not inferred
chr1,32170000,32174999,chr1:30000000-34999999,age_weeks,ridge,chr1:32170000-32174999,5,0.4686137688554239,0.468613768855424,71.8,1.0,0.457888,3.284296781271312e-64,0.0,0.150944,0.288723,tissue_confounded,target-associated methylation signal; mechanism not inferred
chr19,17835000,17839999,chr19:15000000-19999999,age_weeks,ridge,chr19:17835000-17839999,5,0.4680685001889479,0.4680685001889479,63.4,1.0,0.472492,8.318505131001617e-69,0.0,0.054649,0.082528,candidate_signal,target-associated methylation signal; mechanism not inferred
chr6,83700000,83704999,chr6:80000000-84999999,age_weeks,ridge,chr6:83700000-83704999,5,0.46558629928174317,0.4655862992817433,78.8,0.9991261664302235,0.466078,1.0460555420738066e-66,0.00082,0.054,0.070616,candidate_signal,target-associated methylation signal; mechanism not inferred
chr3,34650000,34654999,chr3:30000000-34999999,age_weeks,ridge,chr3:34650000-34654999,5,0.4641748706930894,0.4641748706930893,72.2,1.0,0.462682,1.0764517300928105e-65,0.0,0.07103,0.130955,candidate_signal,target-associated methylation signal; mechanism not inferred
chr8,121115000,121119999,chr8:120000000-124999999,age_weeks,ridge,chr8:121115000-121119999,5,0.46324399930892507,0.46324399930892507,79.8,1.0,0.456265,1.0319669780299426e-63,0.0,0.133386,0.24257,candidate_signal,target-associated methylation signal; mechanism not inferred
chr9,8900000,8904999,chr9:5000000-9999999,age_weeks,ridge,chr9:8900000-8904999,5,0.462914549072911,0.462914549072911,70.0,1.0,0.465801,1.1316600068927271e-66,0.0,0.045593,0.087361,candidate_signal,target-associated methylation signal; mechanism not inferred
chr13,72625000,72629999,chr13:70000000-74999999,age_weeks,ridge,chr13:72625000-72629999,5,0.46065834561686236,0.46065834561686236,76.6,1.0,0.457623,3.9615901271406485e-64,0.0,0.078786,0.124617,candidate_signal,target-associated methylation signal; mechanism not inferred
chr8,23665000,23669999,chr8:20000000-24999999,age_weeks,ridge,chr8:23665000-23669999,5,0.4601763591034988,0.4601763591034988,89.2,1.0,0.461028,3.5223911295312777e-65,0.0,0.063567,0.088339,candidate_signal,target-associated methylation signal; mechanism not inferred
chr2,74690000,74694999,chr2:70000000-74999999,age_weeks,ridge,chr2:74690000-74694999,5,0.4597169357511753,0.4597169357511753,78.2,1.0,0.461108,3.3267829710825595e-65,0.0,0.086618,0.166247,candidate_signal,target-associated methylation signal; mechanism not inferred
chr6,64730000,64734999,chr6:60000000-64999999,age_weeks,ridge,chr6:64730000-64734999,5,0.45938173646299985,0.4593817364629998,84.8,0.9973730414875893,0.466245,1.1856134923690403e-66,0.002461,0.038968,0.065587,candidate_signal,target-associated methylation signal; mechanism not inferred
chr18,15755000,15759999,chr18:15000000-19999999,age_weeks,ridge,chr18:15755000-15759999,5,0.45797364290513276,0.45797364290513276,89.8,0.9876953785830771,0.462705,5.753552620463422e-65,0.011485,0.091679,0.131313,candidate_signal,target-associated methylation signal; mechanism not inferred
chr10,103025000,103029999,chr10:100000000-104999999,age_weeks,ridge,chr10:103025000-103029999,5,0.45794889619199586,0.45794889619199586,89.8,0.9991261664302235,0.449344,1.422348908006251e-61,0.00082,0.087612,0.181695,candidate_signal,target-associated methylation signal; mechanism not inferred
chr4,49055000,49059999,chr4:45000000-49999999,age_weeks,ridge,chr4:49055000-49059999,5,0.45782209928386486,0.45782209928386486,125.6,0.9991261664302235,0.465817,1.264469434247725e-66,0.00082,0.045556,0.050686,candidate_signal,target-associated methylation signal; mechanism not inferred
chr2,64095000,64099999,chr2:60000000-64999999,age_weeks,ridge,chr2:64095000-64099999,5,0.45703180023915396,0.45703180023915396,94.2,0.9929765846233023,0.459658,2.425331929695858e-64,0.006563,0.068086,0.128374,candidate_signal,target-associated methylation signal; mechanism not inferred
chr2,149830000,149834999,chr2:145000000-149999999,age_weeks,ridge,chr2:149830000-149834999,5,0.45695633022658344,0.45695633022658344,88.8,1.0,0.452385,1.5531713546848033e-62,0.0,0.100493,0.208078,candidate_signal,target-associated methylation signal; mechanism not inferred
chr8,12385000,12389999,chr8:10000000-14999999,age_weeks,ridge,chr8:12385000-12389999,5,0.45680914259493316,0.45680914259493316,94.4,1.0,0.458052,2.925008390609725e-64,0.0,0.049866,0.052672,candidate_signal,target-associated methylation signal; mechanism not inferred
chr4,25800000,25804999,chr4:25000000-29999999,age_weeks,ridge,chr4:25800000-25804999,5,0.4567888717111269,0.4567888717111269,139.0,0.9973730414875893,0.457096,8.175927072233257e-64,0.002461,0.18439,0.350852,tissue_confounded,target-associated methylation signal; mechanism not inferred
chr18,45555000,45559999,chr18:45000000-49999999,age_weeks,ridge,chr18:45555000-45559999,5,0.4566046547128737,0.4566046547128737,92.4,0.9991207086271426,0.463445,7.022210598837807e-66,0.00082,0.042398,0.062459,candidate_signal,target-associated methylation signal; mechanism not inferred
chr10,114800000,114804999,chr10:110000000-114999999,age_weeks,ridge,chr10:114800000-114804999,5,0.45639809302419865,0.45639809302419865,124.0,0.9991261664302235,0.458064,3.2623836693077525e-64,0.00082,0.112786,0.241212,candidate_signal,target-associated methylation signal; mechanism not inferred
chr9,69765000,69769999,chr9:65000000-69999999,age_weeks,ridge,chr9:69765000-69769999,5,0.45520505313925497,0.4552050531392551,94.8,0.9991261664302235,0.45567,1.7616971138938631e-63,0.00082,0.0838,0.143641,candidate_signal,target-associated methylation signal; mechanism not inferred
chr5,128600000,128604999,chr5:125000000-129999999,age_weeks,ridge,chr5:128600000-128604999,5,0.45492563892078436,0.45492563892078436,93.6,1.0,0.451876,2.211005478521505e-62,0.0,0.072242,0.125134,candidate_signal,target-associated methylation signal; mechanism not inferred
chr18,45560000,45564999,chr18:45000000-49999999,age_weeks,ridge,chr18:45560000-45564999,5,0.45488493794114,0.45488493794114,103.2,0.9991261664302235,0.456733,8.348742246359519e-64,0.00082,0.068295,0.108,candidate_signal,target-associated methylation signal; mechanism not inferred
chr5,132540000,132544999,chr5:130000000-134999999,age_weeks,ridge,chr5:132540000-132544999,5,0.4538878393225397,0.4538878393225397,103.4,1.0,0.459461,1.0765004871545898e-64,0.0,0.033857,0.058161,candidate_signal,target-associated methylation signal; mechanism not inferred
chr1,69105000,69109999,chr1:65000000-69999999,age_weeks,ridge,chr1:69105000-69109999,5,0.4535475655508157,0.4535475655508157,119.6,1.0,0.458806,1.7142685377424286e-64,0.0,0.048539,0.088194,candidate_signal,target-associated methylation signal; mechanism not inferred
chr12,118845000,118849999,chr12:115000000-119999999,age_weeks,ridge,chr12:118845000-118849999,5,0.4528046080069835,0.4528046080069835,99.4,1.0,0.451494,2.881571447550055e-62,0.0,0.054984,0.111818,candidate_signal,target-associated methylation signal; mechanism not inferred
chr10,125965000,125969999,chr10:125000000-129999999,age_weeks,ridge,chr10:125965000-125969999,5,0.45229049612492317,0.45229049612492317,105.0,1.0,0.454242,4.2609159043521495e-63,0.0,0.053099,0.095409,candidate_signal,target-associated methylation signal; mechanism not inferred
chr2,106690000,106694999,chr2:105000000-109999999,age_weeks,ridge,chr2:106690000-106694999,5,0.45185753802729095,0.451857538027291,100.2,1.0,0.452287,1.6626479651244055e-62,0.0,0.060892,0.100212,candidate_signal,target-associated methylation signal; mechanism not inferred
chr6,23245000,23249999,chr6:20000000-24999999,age_weeks,ridge,chr6:23245000-23249999,5,0.4516686905253783,0.4516686905253784,114.4,1.0,0.44104,3.5377101276531167e-59,0.0,0.101191,0.20469,candidate_signal,target-associated methylation signal; mechanism not inferred
chr16,28445000,28449999,chr16:25000000-29999999,age_weeks,ridge,chr16:28445000-28449999,5,0.45136719156866134,0.45136719156866134,151.0,1.0,0.4584,2.2863805850556468e-64,0.0,0.036547,0.047421,candidate_signal,target-associated methylation signal; mechanism not inferred
chr12,5375000,5379999,chr12:5000000-9999999,age_weeks,ridge,chr12:5375000-5379999,5,0.4509447016491504,0.4509447016491504,153.8,0.9991207086271426,0.457371,5.32367969598224e-64,0.00082,0.04948,0.086487,candidate_signal,target-associated methylation signal; mechanism not inferred
chr11,82930000,82934999,chr11:80000000-84999999,age_weeks,ridge,chr11:82930000-82934999,5,0.45074942907509363,0.45074942907509363,148.6,0.9977116974050653,0.421498,1.4768139549918472e-53,0.002461,0.306588,0.517226,dataset_confounded,target-associated methylation signal; mechanism not inferred
chr8,44935000,44939999,chr8:40000000-44999999,age_weeks,ridge,chr8:44935000-44939999,5,0.4506416736274036,0.4506416736274036,154.6,1.0,0.459727,8.911538044749609e-65,0.0,0.045688,0.060945,candidate_signal,target-associated methylation signal; mechanism not inferred
chr14,46385000,46389999,chr14:45000000-49999999,age_weeks,ridge,chr14:46385000-46389999,5,0.45058162025561205,0.45058162025561205,115.0,0.9991261664302235,0.450999,4.547371624796452e-62,0.00082,0.064555,0.079201,candidate_signal,target-associated methylation signal; mechanism not inferred
chr18,64265000,64269999,chr18:60000000-64999999,age_weeks,ridge,chr18:64265000-64269999,5,0.45029033805596763,0.45029033805596763,122.0,1.0,0.451339,3.207339653084509e-62,0.0,0.083655,0.154764,candidate_signal,target-associated methylation signal; mechanism not inferred
chr9,111310000,111314999,chr9:110000000-114999999,age_weeks,ridge,chr9:111310000-111314999,5,0.45010848273584364,0.45010848273584364,145.0,0.9991207086271426,0.448709,2.1983737870903718e-61,0.00082,0.175545,0.376475,tissue_confounded,target-associated methylation signal; mechanism not inferred
chr5,14510000,14514999,chr5:10000000-14999999,age_weeks,ridge,chr5:14510000-14514999,5,0.45010384003615,0.45010384003615,103.8,0.9947242517628556,0.451716,4.913406749331968e-62,0.004922,0.072438,0.109002,candidate_signal,target-associated methylation signal; mechanism not inferred
chr6,77240000,77244999,chr6:75000000-79999999,age_weeks,ridge,chr6:77240000-77244999,5,0.44989393919715115,0.44989393919715115,128.0,0.9991261664302235,0.449354,1.4124128826676308e-61,0.00082,0.076635,0.150327,candidate_signal,target-associated methylation signal; mechanism not inferred
chr11,42420000,42424999,chr11:40000000-44999999,age_weeks,ridge,chr11:42420000-42424999,5,0.4488458592897523,0.4488458592897523,145.0,0.9882653438211577,0.455157,1.2887582147117752e-62,0.012305,0.07617,0.113421,candidate_signal,target-associated methylation signal; mechanism not inferred
chr12,49380000,49384999,chr12:45000000-49999999,age_weeks,ridge,chr12:49380000-49384999,5,0.44772050548438347,0.44772050548438347,118.2,1.0,0.437753,3.1479612768308165e-58,0.0,0.113423,0.238637,candidate_signal,target-associated methylation signal; mechanism not inferred
chr11,93095000,93099999,chr11:90000000-94999999,age_weeks,ridge,chr11:93095000-93099999,5,0.4475058268007287,0.4475058268007287,128.8,1.0,0.448196,2.7919672408009283e-61,0.0,0.083096,0.153952,candidate_signal,target-associated methylation signal; mechanism not inferred
chr4,99650000,99654999,chr4:95000000-99999999,age_weeks,ridge,chr4:99650000-99654999,5,0.4474561915328163,0.44745619153281624,113.4,1.0,0.446287,1.0272894957639304e-60,0.0,0.126552,0.223358,candidate_signal,target-associated methylation signal; mechanism not inferred
chr14,70075000,70079999,chr14:70000000-74999999,age_weeks,ridge,chr14:70075000-70079999,5,0.44681118642113515,0.44681118642113515,142.2,1.0,0.444559,3.3183025355173393e-60,0.0,0.090568,0.163372,candidate_signal,target-associated methylation signal; mechanism not inferred
chr9,4795000,4799999,chr9:0-4999999,age_weeks,ridge,chr9:4795000-4799999,5,0.44668727151209475,0.4466872715120947,143.6,0.9966102739559444,0.450481,9.152768251449008e-62,0.003281,0.067618,0.110579,candidate_signal,target-associated methylation signal; mechanism not inferred
chr8,99415000,99419999,chr8:95000000-99999999,age_weeks,ridge,chr8:99415000-99419999,5,0.4460994952367544,0.44609949523675435,157.8,0.9991261664302235,0.439376,1.1951849491818894e-58,0.00082,0.237162,0.501356,tissue_confounded,target-associated methylation signal; mechanism not inferred
chr2,179440000,179444999,chr2:175000000-179999999,age_weeks,ridge,chr2:179440000-179444999,5,0.4458256920157787,0.44582569201577876,132.4,0.9982414172542852,0.449069,1.9230031440137736e-61,0.001641,0.048045,0.079361,candidate_signal,target-associated methylation signal; mechanism not inferred
chr18,58205000,58209999,chr18:55000000-59999999,age_weeks,ridge,chr18:58205000-58209999,5,0.44457746236863277,0.44457746236863277,162.0,0.9982414172542852,0.444948,3.182581892951913e-60,0.001641,0.088659,0.170487,candidate_signal,target-associated methylation signal; mechanism not inferred
chr9,55545000,55549999,chr9:55000000-59999999,age_weeks,ridge,chr9:55545000-55549999,5,0.4445052637775085,0.4445052637775085,120.8,1.0,0.436844,5.7378704875026645e-58,0.0,0.132666,0.239306,candidate_signal,target-associated methylation signal; mechanism not inferred
chr8,50915000,50919999,chr8:50000000-54999999,age_weeks,ridge,chr8:50915000-50919999,5,0.4442756946214453,0.4442756946214453,150.2,0.9991261664302235,0.4288,1.1894566611747332e-55,0.00082,0.183864,0.379627,tissue_confounded,target-associated methylation signal; mechanism not inferred
chr12,46815000,46819999,chr12:45000000-49999999,age_weeks,ridge,chr12:46815000-46819999,5,0.4436844608041307,0.4436844608041307,143.6,1.0,0.44763,4.112952962131726e-61,0.0,0.051035,0.099244,candidate_signal,target-associated methylation signal; mechanism not inferred
chr4,91370000,91374999,chr4:90000000-94999999,age_weeks,ridge,chr4:91370000-91374999,5,0.4434532734502712,0.4434532734502712,166.6,1.0,0.430541,3.503953562993004e-56,0.0,0.145964,0.298805,tissue_confounded,target-associated methylation signal; mechanism not inferred
chr14,111675000,111679999,chr14:110000000-114999999,age_weeks,ridge,chr14:111675000-111679999,5,0.4428726141416811,0.4428726141416811,129.8,1.0,0.441054,3.5051726660092326e-59,0.0,0.066771,0.119403,candidate_signal,target-associated methylation signal; mechanism not inferred
chr8,102780000,102784999,chr8:100000000-104999999,age_weeks,ridge,chr8:102780000-102784999,5,0.44276730621816374,0.4427673062181638,151.2,0.9982468750573659,0.44329,9.734406212156145e-60,0.001641,0.069621,0.133761,candidate_signal,target-associated methylation signal; mechanism not inferred
chr2,180595000,180599999,chr2:180000000-184999999,age_weeks,ridge,chr2:180595000-180599999,5,0.4425991412538949,0.44259914125389477,164.8,0.9938504181930788,0.444926,5.619504218253584e-60,0.005742,0.122516,0.24109,candidate_signal,target-associated methylation signal; mechanism not inferred
chr3,117360000,117364999,chr3:115000000-119999999,age_weeks,ridge,chr3:117360000-117364999,5,0.44221085855697917,0.4422108585569792,184.6,0.9947351673690171,0.44823,5.357392827341377e-61,0.004922,0.052181,0.072564,candidate_signal,target-associated methylation signal; mechanism not inferred
chr1,15285000,15289999,chr1:15000000-19999999,age_weeks,ridge,chr1:15285000-15289999,5,0.4419532399870846,0.4419532399870845,135.8,0.9991261664302235,0.437518,4.090202510500149e-58,0.00082,0.09499,0.172796,candidate_signal,target-associated methylation signal; mechanism not inferred
chr7,70365000,70369999,chr7:70000000-74999999,age_weeks,ridge,chr7:70365000-70369999,5,0.4410134830975158,0.4410134830975159,171.0,1.0,0.449131,1.4705104340889224e-61,0.0,0.082338,0.092388,candidate_signal,target-associated methylation signal; mechanism not inferred
chr8,89040000,89044999,chr8:85000000-89999999,age_weeks,ridge,chr8:89040000-89044999,5,0.44096697140611063,0.44096697140611063,145.2,1.0,0.43893,1.4435672469352564e-58,0.0,0.064064,0.0991,candidate_signal,target-associated methylation signal; mechanism not inferred
chr12,49385000,49389999,chr12:45000000-49999999,age_weeks,ridge,chr12:49385000-49389999,5,0.43997737351121363,0.43997737351121363,154.0,1.0,0.435833,1.1161840183575902e-57,0.0,0.231565,0.490362,tissue_confounded,target-associated methylation signal; mechanism not inferred
chr17,42315000,42319999,chr17:40000000-44999999,age_weeks,ridge,chr17:42315000-42319999,5,0.4388901925709341,0.438890192570934,178.6,0.9991207086271426,0.433452,5.885536163025171e-57,0.00082,0.138458,0.281887,tissue_confounded,target-associated methylation signal; mechanism not inferred
chr11,16750000,16754999,chr11:15000000-19999999,age_weeks,ridge,chr11:16750000-16754999,5,0.43862226163267704,0.4386222616326771,173.4,0.9991261664302235,0.446583,9.390210993910592e-61,0.00082,0.036031,0.04575,candidate_signal,target-associated methylation signal; mechanism not inferred
chr2,55435000,55439999,chr2:55000000-59999999,age_weeks,ridge,chr2:55435000-55439999,5,0.4383335009409775,0.4383335009409775,156.0,1.0,0.44111,3.3766195957312977e-59,0.0,0.075982,0.150618,candidate_signal,target-associated methylation signal; mechanism not inferred
chr12,18610000,18614999,chr12:15000000-19999999,age_weeks,ridge,chr12:18610000-18614999,5,0.4381426179480816,0.4381426179480816,147.6,0.9982669025124793,0.440238,7.5033290919874315e-59,0.001641,0.08458,0.148169,candidate_signal,target-associated methylation signal; mechanism not inferred
chr1,63270000,63274999,chr1:60000000-64999999,age_weeks,ridge,chr1:63270000-63274999,5,0.437398361343034,0.437398361343034,173.4,0.9982414172542852,0.418107,1.1015589057454055e-52,0.001641,0.147045,0.300912,tissue_confounded,target-associated methylation signal; mechanism not inferred
chr1,119420000,119424999,chr1:115000000-119999999,age_weeks,ridge,chr1:119420000-119424999,5,0.4364553980545033,0.4364553980545033,179.0,1.0,0.44207,1.7746984493144531e-59,0.0,0.052753,0.055492,candidate_signal,target-associated methylation signal; mechanism not inferred
chr4,124880000,124884999,chr4:120000000-124999999,age_weeks,ridge,chr4:124880000-124884999,5,0.436334793735922,0.43633479373592204,162.0,0.9991261664302235,0.431509,2.077292844338795e-56,0.00082,0.074211,0.155309,candidate_signal,target-associated methylation signal; mechanism not inferred
chr8,58910000,58914999,chr8:55000000-59999999,age_weeks,ridge,chr8:58910000-58914999,5,0.43522578181409866,0.43522578181409866,176.4,0.9982523328604467,0.422181,8.733163858113073e-54,0.001641,0.115836,0.235528,candidate_signal,target-associated methylation signal; mechanism not inferred
chr5,71095000,71099999,chr5:70000000-74999999,age_weeks,ridge,chr5:71095000-71099999,5,0.4351831667345175,0.4351831667345175,178.6,0.9945495612403541,0.424932,2.546688204355677e-54,0.005742,0.153189,0.321455,tissue_confounded,target-associated methylation signal; mechanism not inferred
chr3,154325000,154329999,chr3:150000000-154999999,age_weeks,ridge,chr3:154325000-154329999,5,0.4347792444863468,0.4347792444863468,168.4,0.9982523328604467,0.430949,3.308108779962409e-56,0.001641,0.059814,0.109267,candidate_signal,target-associated methylation signal; mechanism not inferred
chr4,76450000,76454999,chr4:75000000-79999999,age_weeks,ridge,chr4:76450000-76454999,5,0.4345907476004075,0.4345907476004075,179.8,1.0,0.443461,6.965728273079965e-60,0.0,0.048648,0.054463,candidate_signal,target-associated methylation signal; mechanism not inferred
chr2,157910000,157914999,chr2:155000000-159999999,age_weeks,ridge,chr2:157910000-157914999,5,0.4336942235772431,0.4336942235772431,185.6,0.9991207086271426,0.435029,2.1013284761253526e-57,0.00082,0.082963,0.11708,candidate_signal,target-associated methylation signal; mechanism not inferred
chr5,101660000,101664999,chr5:100000000-104999999,age_weeks,ridge,chr5:101660000-101664999,5,0.4336039409198017,0.4336039409198018,165.2,1.0,0.435533,1.3593038841518165e-57,0.0,0.034942,0.055007,candidate_signal,target-associated methylation signal; mechanism not inferred
chr3,18295000,18299999,chr3:15000000-19999999,condition_family_multiclass,logistic,chr3:18295000-18299999,5,15.832152774407248,15.832152774407248,3.8,0.9858249051833123,-0.055449,0.05332684098991058,0.003281,0.260796,0.20437,dataset_confounded,target-associated methylation signal; mechanism not inferred
chr5,101660000,101664999,chr5:100000000-104999999,condition_family_multiclass,logistic,chr5:101660000-101664999,5,13.893355873295537,13.893355873295537,10.6,1.0,0.435533,1.3593038841518165e-57,0.0,0.034942,0.055007,candidate_signal,target-associated methylation signal; mechanism not inferred
chr17,36485000,36489999,chr17:35000000-39999999,condition_family_multiclass,logistic,chr17:36485000-36489999,5,13.835884614830519,13.835884614830519,10.2,0.9716498103666245,-0.120705,2.4783560157638176e-05,0.004102,0.263591,0.429689,dataset_confounded,target-associated methylation signal; mechanism not inferred
chr17,34955000,34959999,chr17:30000000-34999999,condition_family_multiclass,logistic,chr17:34955000-34959999,5,13.584878740178919,13.584878740178919,6.0,1.0,0.145056,5.867122856355447e-07,0.035275,0.164272,0.132998,candidate_signal,target-associated methylation signal; mechanism not inferred
chr9,63760000,63764999,chr9:60000000-64999999,condition_family_multiclass,logistic,chr9:63760000-63764999,5,13.507183672789983,13.507183672789983,6.8,0.9787294563843236,-0.11387,6.949511458937981e-05,0.003281,0.291772,0.873013,dataset_confounded,target-associated methylation signal; mechanism not inferred
chr13,111765000,111769999,chr13:110000000-114999999,condition_family_multiclass,logistic,chr13:111765000-111769999,5,13.393989018071196,13.393989018071196,32.0,0.9858249051833123,-0.020138,0.48474401293887975,0.010664,0.216315,0.289823,tissue_confounded,target-associated methylation signal; mechanism not inferred
chr9,119365000,119369999,chr9:115000000-119999999,condition_family_multiclass,logistic,chr9:119365000-119369999,5,13.122472167486555,13.122472167486555,10.8,0.9858249051833123,0.011931,0.6776643961637011,0.002461,0.255878,0.34841,dataset_confounded,target-associated methylation signal; mechanism not inferred
chr9,31960000,31964999,chr9:30000000-34999999,condition_family_multiclass,logistic,chr9:31960000-31964999,5,12.758637694813391,12.758637694813391,10.8,0.9787452591656131,-0.252284,4.1349230446386423e-19,0.002461,0.498073,0.674391,dataset_confounded,target-associated methylation signal; mechanism not inferred
chr6,149185000,149189999,chr6:145000000-149999999,condition_family_multiclass,logistic,chr6:149185000-149189999,5,12.265955915324204,12.265955915324202,23.0,0.9858249051833123,-0.01213,0.672489080321928,0.001641,0.082166,0.10436,candidate_signal,target-associated methylation signal; mechanism not inferred
chr18,11050000,11054999,chr18:10000000-14999999,condition_family_multiclass,logistic,chr18:11050000-11054999,5,12.173998461861213,12.173998461861213,20.6,1.0,0.305403,9.908533106842904e-28,0.0,0.037495,0.061314,candidate_signal,target-associated methylation signal; mechanism not inferred
chr10,37140000,37144999,chr10:35000000-39999999,condition_family_multiclass,logistic,chr10:37140000-37144999,5,12.142007701281697,12.142007701281697,30.2,1.0,0.274942,1.3914011420763608e-22,0.0,0.021061,0.020292,candidate_signal,target-associated methylation signal; mechanism not inferred
chr8,109970000,109974999,chr8:105000000-109999999,condition_family_multiclass,logistic,chr8:109970000-109974999,5,11.965490813113048,11.96549081311305,18.2,0.9787452591656131,-0.020442,0.47671431241549517,0.004102,0.232062,0.377277,tissue_confounded,target-associated methylation signal; mechanism not inferred
chr14,65755000,65759999,chr14:65000000-69999999,condition_family_multiclass,logistic,chr14:65755000-65759999,5,11.965469555944725,11.965469555944725,22.2,0.9929045512010113,0.045554,0.11249673069654786,0.003281,0.241945,0.304478,tissue_confounded,target-associated methylation signal; mechanism not inferred
chr2,170090000,170094999,chr2:170000000-174999999,condition_family_multiclass,logistic,chr2:170090000-170094999,5,11.57255065530094,11.57255065530094,27.6,0.9929203539823008,0.047937,0.09515995583610079,0.004922,0.196675,0.482899,tissue_confounded,target-associated methylation signal; mechanism not inferred
chr9,122630000,122634999,chr9:120000000-124999999,condition_family_multiclass,logistic,chr9:122630000-122634999,5,11.365152843025731,11.365152843025731,31.6,0.9858249051833123,0.044538,0.12044426348003337,0.001641,0.265743,0.497548,dataset_confounded,target-associated methylation signal; mechanism not inferred
chr3,18245000,18249999,chr3:15000000-19999999,condition_family_multiclass,logistic,chr3:18245000-18249999,5,11.354111297801406,11.354111297801406,27.0,0.9716498103666245,-0.031845,0.26776524564973,0.004922,0.346883,0.425402,dataset_confounded,target-associated methylation signal; mechanism not inferred
chr4,83280000,83284999,chr4:80000000-84999999,condition_family_multiclass,logistic,chr4:83280000-83284999,5,10.925140680590534,10.925140680590534,35.0,0.9929045512010113,0.124094,1.4040921132454446e-05,0.00082,0.288851,0.797778,dataset_confounded,target-associated methylation signal; mechanism not inferred
chr15,82470000,82474999,chr15:80000000-84999999,condition_family_multiclass,logistic,chr15:82470000-82474999,5,10.897414371213385,10.897414371213385,69.8,0.9858249051833123,-0.087122,0.0023798429141413044,0.004102,0.186902,0.256999,tissue_confounded,target-associated methylation signal; mechanism not inferred
chr4,134370000,134374999,chr4:130000000-134999999,condition_family_multiclass,logistic,chr4:134370000-134374999,5,10.735305823779822,10.735305823779823,38.2,0.9929203539823008,0.041576,0.14702433520558442,0.00082,0.083257,0.062254,candidate_signal,target-associated methylation signal; mechanism not inferred
chr17,48315000,48319999,chr17:45000000-49999999,condition_family_multiclass,logistic,chr17:48315000-48319999,5,10.694139467239001,10.694139467239001,52.8,0.9929203539823008,0.033839,0.24907668503430214,0.04676,0.170927,0.307695,tissue_confounded,target-associated methylation signal; mechanism not inferred
chr18,58115000,58119999,chr18:55000000-59999999,condition_family_multiclass,logistic,chr18:58115000-58119999,5,10.67658802801093,10.67658802801093,35.6,0.9787452591656131,0.023492,0.413293961791117,0.003281,0.308561,0.48921,dataset_confounded,target-associated methylation signal; mechanism not inferred
chr16,38115000,38119999,chr16:35000000-39999999,condition_family_multiclass,logistic,chr16:38115000-38119999,5,10.550279609827063,10.550279609827063,43.2,0.9858249051833123,-0.040133,0.16279611270651922,0.006563,0.078716,0.510715,tissue_confounded,target-associated methylation signal; mechanism not inferred
chr5,123345000,123349999,chr5:120000000-124999999,condition_family_multiclass,logistic,chr5:123345000-123349999,5,10.516828256464715,10.516828256464715,49.2,0.9858249051833123,0.31826,4.7608463078187416e-30,0.001641,0.060673,0.070986,candidate_signal,target-associated methylation signal; mechanism not inferred
chr10,76565000,76569999,chr10:75000000-79999999,condition_family_multiclass,logistic,chr10:76565000-76569999,5,10.490358621589639,10.490358621589637,44.6,0.9858249051833123,-0.011547,0.6876070782457608,0.003281,0.107371,0.511126,tissue_confounded,target-associated methylation signal; mechanism not inferred
chr3,130045000,130049999,chr3:130000000-134999999,condition_family_multiclass,logistic,chr3:130045000-130049999,5,10.477916764399277,10.477916764399277,42.0,0.9858249051833123,0.012177,0.6715448103993699,0.003281,0.296913,0.33398,dataset_confounded,target-associated methylation signal; mechanism not inferred
chr9,78245000,78249999,chr9:75000000-79999999,condition_family_multiclass,logistic,chr9:78245000-78249999,5,10.397401049334714,10.397401049334714,63.8,0.9858249051833123,-0.129806,5.547684632797932e-06,0.001641,0.19371,0.32584,tissue_confounded,target-associated methylation signal; mechanism not inferred
chr7,130210000,130214999,chr7:130000000-134999999,condition_family_multiclass,logistic,chr7:130210000-130214999,5,10.394454150005888,10.394454150005888,55.6,0.9929203539823008,0.014994,0.6011331949314651,0.00082,0.314589,0.405144,dataset_confounded,target-associated methylation signal; mechanism not inferred
chr5,24550000,24554999,chr5:20000000-24999999,condition_family_multiclass,logistic,chr5:24550000-24554999,5,10.374280838117473,10.374280838117473,109.2,0.9858249051833123,0.308696,2.787380478999899e-28,0.001641,0.389515,0.444167,dataset_confounded,target-associated methylation signal; mechanism not inferred
chr7,103300000,103304999,chr7:100000000-104999999,condition_family_multiclass,logistic,chr7:103300000-103304999,5,10.340214165223424,10.340214165223424,50.6,0.9787452591656131,-0.028848,0.31966012900036533,0.022149,0.255844,0.386887,dataset_confounded,target-associated methylation signal; mechanism not inferred
chr11,107790000,107794999,chr11:105000000-109999999,condition_family_multiclass,logistic,chr11:107790000-107794999,5,10.273496019220504,10.273496019220504,94.0,1.0,0.214014,4.3852249518398615e-14,0.00082,0.024788,0.031793,candidate_signal,target-associated methylation signal; mechanism not inferred
chr19,21010000,21014999,chr19:20000000-24999999,condition_family_multiclass,logistic,chr19:21010000-21014999,5,10.126506284334532,10.126506284334534,60.4,0.9645859671302149,-0.007836,0.7895986779720661,0.04676,0.136722,0.414179,tissue_confounded,target-associated methylation signal; mechanism not inferred
chr4,154300000,154304999,chr4:150000000-154999999,condition_family_multiclass,logistic,chr4:154300000-154304999,5,9.903884785087346,9.903884785087344,73.2,0.9929045512010113,-0.220313,7.441390377396084e-15,0.00082,0.055728,0.151447,candidate_signal,target-associated methylation signal; mechanism not inferred
chr11,60140000,60144999,chr11:60000000-64999999,condition_family_multiclass,logistic,chr11:60140000-60144999,5,9.868333573064703,9.868333573064703,80.8,0.9858249051833123,0.040797,0.15526486590669356,0.003281,0.242614,0.485173,tissue_confounded,target-associated methylation signal; mechanism not inferred
chr8,84780000,84784999,chr8:80000000-84999999,condition_family_multiclass,logistic,chr8:84780000-84784999,5,9.865860257356617,9.865860257356617,58.0,1.0,0.259057,3.825198906908204e-20,0.0,0.287233,0.70477,dataset_confounded,target-associated methylation signal; mechanism not inferred
chr13,59770000,59774999,chr13:55000000-59999999,condition_family_multiclass,logistic,chr13:59770000-59774999,5,9.827611039564385,9.827611039564385,69.0,0.9858249051833123,0.147322,2.438974690988276e-07,0.001641,0.243374,0.269184,tissue_confounded,target-associated methylation signal; mechanism not inferred
chr11,120615000,120619999,chr11:120000000-124999999,condition_family_multiclass,logistic,chr11:120615000-120619999,5,9.719871954750975,9.719871954750975,67.2,1.0,-0.153941,6.610428728162844e-08,0.0,0.203441,0.316987,tissue_confounded,target-associated methylation signal; mechanism not inferred
chr14,65355000,65359999,chr14:65000000-69999999,condition_family_multiclass,logistic,chr14:65355000-65359999,5,9.709412560385456,9.709412560385456,90.8,1.0,0.240141,1.889349378072883e-17,0.0,0.01756,0.016874,candidate_signal,target-associated methylation signal; mechanism not inferred
chr16,78305000,78309999,chr16:75000000-79999999,condition_family_multiclass,logistic,chr16:78305000-78309999,5,9.634667457858303,9.634667457858303,80.0,0.9858249051833123,0.062754,0.028588437460190817,0.001641,0.239043,0.375812,tissue_confounded,target-associated methylation signal; mechanism not inferred
chr3,101820000,101824999,chr3:100000000-104999999,condition_family_multiclass,logistic,chr3:101820000-101824999,5,9.588935309507553,9.588935309507553,72.8,0.9716656131479141,-0.032493,0.2696604480585257,0.051682,0.143952,0.733615,tissue_confounded,target-associated methylation signal; mechanism not inferred
chr8,11220000,11224999,chr8:10000000-14999999,condition_family_multiclass,logistic,chr8:11220000-11224999,5,9.562372657975242,9.562372657975242,105.4,0.9716498103666245,-0.061195,0.03300684606162806,0.004102,0.220672,0.285044,tissue_confounded,target-associated methylation signal; mechanism not inferred
chr10,80600000,80604999,chr10:80000000-84999999,condition_family_multiclass,logistic,chr10:80600000-80604999,5,9.561206356769784,9.561206356769784,140.6,1.0,-0.193303,1.0403862281965447e-11,0.001641,0.129161,0.168068,candidate_signal,target-associated methylation signal; mechanism not inferred
chr5,114245000,114249999,chr5:110000000-114999999,condition_family_multiclass,logistic,chr5:114245000-114249999,5,9.56063158511068,9.560631585110682,93.4,1.0,-0.076615,0.007447220655517914,0.0,0.2487,0.303532,tissue_confounded,target-associated methylation signal; mechanism not inferred
chr5,145215000,145219999,chr5:145000000-149999999,condition_family_multiclass,logistic,chr5:145215000-145219999,5,9.528633779033337,9.528633779033337,80.2,0.9787294563843236,-0.03447,0.23279419568474025,0.015587,0.225261,0.520742,tissue_confounded,target-associated methylation signal; mechanism not inferred
chr4,89270000,89274999,chr4:85000000-89999999,condition_family_multiclass,logistic,chr4:89270000-89274999,5,9.487123879288248,9.487123879288248,88.2,0.9929045512010113,0.267472,2.1248026694755546e-21,0.00082,0.076528,0.289824,tissue_confounded,target-associated methylation signal; mechanism not inferred
chr7,27080000,27084999,chr7:25000000-29999999,condition_family_multiclass,logistic,chr7:27080000-27084999,5,9.413478980628119,9.413478980628119,85.2,0.9858249051833123,0.117358,4.563140391038471e-05,0.014766,0.187962,0.26529,tissue_confounded,target-associated methylation signal; mechanism not inferred
chr16,4880000,4884999,chr16:0-4999999,condition_family_multiclass,logistic,chr16:4880000-4884999,5,9.403855924961885,9.403855924961885,105.2,1.0,0.023951,0.40344845807223634,0.0,0.304087,0.254834,dataset_confounded,target-associated methylation signal; mechanism not inferred
chr12,118845000,118849999,chr12:115000000-119999999,condition_family_multiclass,logistic,chr12:118845000-118849999,5,9.39980561883045,9.399805618830452,101.2,1.0,0.451494,2.881571447550055e-62,0.0,0.054984,0.111818,candidate_signal,target-associated methylation signal; mechanism not inferred
chr16,78330000,78334999,chr16:75000000-79999999,condition_family_multiclass,logistic,chr16:78330000-78334999,5,9.305996966636346,9.305996966636346,101.8,0.9858249051833123,0.099189,0.0005297510617464947,0.001641,0.159344,0.194491,candidate_signal,target-associated methylation signal; mechanism not inferred
chr5,32520000,32524999,chr5:30000000-34999999,condition_family_multiclass,logistic,chr5:32520000-32524999,5,9.280969507364153,9.280969507364153,110.2,1.0,-0.138575,1.5827553629856185e-06,0.02297,0.249394,0.324801,tissue_confounded,target-associated methylation signal; mechanism not inferred
chr2,121805000,121809999,chr2:120000000-124999999,condition_family_multiclass,logistic,chr2:121805000-121809999,5,9.276603607663535,9.276603607663535,104.6,1.0,0.28384,6.002578159343618e-24,0.003281,0.034593,0.035447,candidate_signal,target-associated methylation signal; mechanism not inferred
chr10,39960000,39964999,chr10:35000000-39999999,condition_family_multiclass,logistic,chr10:39960000-39964999,5,9.265808626124478,9.265808626124478,83.2,0.9929045512010113,-0.200187,1.8162747259014691e-12,0.001641,0.137065,0.071944,candidate_signal,target-associated methylation signal; mechanism not inferred
chr10,44365000,44369999,chr10:40000000-44999999,condition_family_multiclass,logistic,chr10:44365000-44369999,5,9.265423115210927,9.26542311521093,110.0,0.9220132743362832,-0.148763,2.1805656187260998e-07,0.013126,0.252866,0.343823,dataset_confounded,target-associated methylation signal; mechanism not inferred
chr10,83715000,83719999,chr10:80000000-84999999,condition_family_multiclass,logistic,chr10:83715000-83719999,5,9.231175115729872,9.231175115729874,85.2,1.0,0.186436,7.04852700965356e-11,0.012305,0.755357,0.927819,dataset_confounded,target-associated methylation signal; mechanism not inferred
chr11,88685000,88689999,chr11:85000000-89999999,condition_family_multiclass,logistic,chr11:88685000-88689999,5,9.222337248669945,9.222337248669945,98.6,0.9858249051833123,-0.024678,0.38989837561377527,0.002461,0.18581,0.41616,tissue_confounded,target-associated methylation signal; mechanism not inferred
chr12,3960000,3964999,chr12:0-4999999,condition_family_multiclass,logistic,chr12:3960000-3964999,5,9.142511642538315,9.142511642538315,162.2,0.9929045512010113,0.078415,0.006179875819128575,0.00082,0.170803,0.238893,candidate_signal,target-associated methylation signal; mechanism not inferred
chr2,165895000,165899999,chr2:165000000-169999999,condition_family_multiclass,logistic,chr2:165895000-165899999,5,9.107103879219297,9.107103879219297,109.0,0.9858249051833123,-0.035163,0.22026822325285136,0.001641,0.288515,0.550853,dataset_confounded,target-associated methylation signal; mechanism not inferred
chr2,31640000,31644999,chr2:30000000-34999999,condition_family_multiclass,logistic,chr2:31640000-31644999,5,9.097955519347279,9.097955519347279,163.2,1.0,0.360255,1.1574320516792113e-38,0.0,0.090235,0.169396,candidate_signal,target-associated methylation signal; mechanism not inferred
chr1,133505000,133509999,chr1:130000000-134999999,condition_family_multiclass,logistic,chr1:133505000-133509999,5,9.071709991983244,9.071709991983244,162.4,0.9787452591656131,-0.153609,7.41699066551091e-08,0.003281,0.361941,0.432473,dataset_confounded,target-associated methylation signal; mechanism not inferred
chr17,26630000,26634999,chr17:25000000-29999999,condition_family_multiclass,logistic,chr17:26630000-26634999,5,9.04028956114051,9.04028956114051,115.4,0.9929045512010113,-0.048737,0.08989050702547134,0.005742,0.281578,0.330111,dataset_confounded,target-associated methylation signal; mechanism not inferred
chr2,151005000,151009999,chr2:150000000-154999999,condition_family_multiclass,logistic,chr2:151005000-151009999,5,9.001829856218695,9.001829856218697,107.4,0.9929045512010113,0.313732,3.3315497460772814e-29,0.001641,0.017059,0.01814,candidate_signal,target-associated methylation signal; mechanism not inferred
chr2,22740000,22744999,chr2:20000000-24999999,condition_family_multiclass,logistic,chr2:22740000-22744999,5,8.973196296091823,8.973196296091825,111.0,0.9929045512010113,0.178055,3.905017861298287e-10,0.00082,0.150749,0.366972,tissue_confounded,target-associated methylation signal; mechanism not inferred
chr9,9235000,9239999,chr9:5000000-9999999,condition_family_multiclass,logistic,chr9:9235000-9239999,5,8.965951555444137,8.965951555444137,104.4,1.0,0.181144,1.8807951029301968e-10,0.0,0.101126,0.137531,candidate_signal,target-associated methylation signal; mechanism not inferred
chr4,128995000,128999999,chr4:125000000-129999999,condition_family_multiclass,logistic,chr4:128995000-128999999,5,8.935822504108083,8.935822504108083,139.2,0.9007427307206068,-0.147409,2.781607395914351e-07,0.012305,0.145478,0.736958,tissue_confounded,target-associated methylation signal; mechanism not inferred
chr6,30955000,30959999,chr6:30000000-34999999,condition_family_multiclass,logistic,chr6:30955000-30959999,5,8.921551218893116,8.921551218893116,129.2,0.9929203539823008,0.283154,7.145603488655277e-24,0.001641,0.036912,0.087246,candidate_signal,target-associated methylation signal; mechanism not inferred
chr10,22970000,22974999,chr10:20000000-24999999,condition_family_multiclass,logistic,chr10:22970000-22974999,5,8.875304098979761,8.875304098979761,138.4,0.9858249051833123,-0.139641,1.2474629497180714e-06,0.018868,0.18856,0.23512,candidate_signal,target-associated methylation signal; mechanism not inferred
chr15,74515000,74519999,chr15:70000000-74999999,condition_family_multiclass,logistic,chr15:74515000-74519999,5,8.86600837891962,8.86600837891962,153.2,1.0,0.331312,1.2851377205661118e-32,0.0,0.046157,0.085548,candidate_signal,target-associated methylation signal; mechanism not inferred
chr8,119615000,119619999,chr8:115000000-119999999,condition_family_multiclass,logistic,chr8:119615000-119619999,5,8.786349474515987,8.786349474515987,125.8,0.9929203539823008,-0.018087,0.5282775194674614,0.00082,0.261826,0.33353,dataset_confounded,target-associated methylation signal; mechanism not inferred
chr15,76720000,76724999,chr15:75000000-79999999,condition_family_multiclass,logistic,chr15:76720000-76724999,5,8.783870447681451,8.783870447681451,135.0,1.0,0.220939,6.221050878248395e-15,0.00082,0.033154,0.060868,candidate_signal,target-associated methylation signal; mechanism not inferred
chr9,59575000,59579999,chr9:55000000-59999999,condition_family_multiclass,logistic,chr9:59575000-59579999,5,8.772429543197424,8.772429543197424,115.4,0.9929045512010113,0.284389,5.3092192123860066e-24,0.004922,0.046896,0.047397,candidate_signal,target-associated methylation signal; mechanism not inferred
chr8,70370000,70374999,chr8:70000000-74999999,condition_family_multiclass,logistic,chr8:70370000-70374999,5,8.7640809612456,8.7640809612456,134.2,1.0,0.331811,1.0233299230666264e-32,0.0,0.037844,0.050951,candidate_signal,target-associated methylation signal; mechanism not inferred
chr2,167695000,167699999,chr2:165000000-169999999,condition_family_multiclass,logistic,chr2:167695000-167699999,5,8.752384619865419,8.752384619865419,163.2,0.9858249051833123,-0.000549,0.9847409547442881,0.001641,0.221838,0.56187,tissue_confounded,target-associated methylation signal; mechanism not inferred
chr13,117175000,117179999,chr13:115000000-119999999,condition_family_multiclass,logistic,chr13:117175000-117179999,5,8.749166394374305,8.749166394374305,133.2,0.9574589127686473,-0.022975,0.42440233369464087,0.006563,0.141719,0.164451,candidate_signal,target-associated methylation signal; mechanism not inferred
chr13,29765000,29769999,chr13:25000000-29999999,condition_family_multiclass,logistic,chr13:29765000-29769999,5,8.717274586431838,8.717274586431838,124.2,0.9716340075853349,0.059739,0.037575221092089016,0.005742,0.064021,0.1533,candidate_signal,target-associated methylation signal; mechanism not inferred
chr4,109420000,109424999,chr4:105000000-109999999,condition_family_multiclass,logistic,chr4:109420000-109424999,5,8.696316124918345,8.696316124918345,181.2,0.9787452591656131,-0.10619,0.00021650544086280555,0.008203,0.252909,0.427448,dataset_confounded,target-associated methylation signal; mechanism not inferred
chr17,53800000,53804999,chr17:50000000-54999999,condition_family_multiclass,logistic,chr17:53800000-53804999,5,8.695951719382654,8.695951719382654,130.6,0.9858249051833123,0.085035,0.003967509884659056,0.059885,0.260799,0.541999,dataset_confounded,target-associated methylation signal; mechanism not inferred
chr3,89140000,89144999,chr3:85000000-89999999,condition_family_multiclass,logistic,chr3:89140000-89144999,5,8.692255827781825,8.692255827781825,152.8,0.9858249051833123,0.007291,0.7994372135825663,0.001641,0.204829,0.447345,tissue_confounded,target-associated methylation signal; mechanism not inferred
chr2,68545000,68549999,chr2:65000000-69999999,condition_family_multiclass,logistic,chr2:68545000-68549999,5,8.687360214994982,8.687360214994982,149.4,0.9929203539823008,-0.051561,0.07565585518694204,0.025431,0.263564,0.264389,dataset_confounded,target-associated methylation signal; mechanism not inferred
chr6,50445000,50449999,chr6:50000000-54999999,condition_family_multiclass,logistic,chr6:50445000-50449999,5,8.677410876411944,8.677410876411944,166.4,0.9929045512010113,-0.033506,0.24261362684920457,0.00082,0.294073,0.31666,dataset_confounded,target-associated methylation signal; mechanism not inferred
chr13,31325000,31329999,chr13:30000000-34999999,condition_family_multiclass,logistic,chr13:31325000-31329999,5,8.659262222153192,8.659262222153192,141.6,0.9574747155499368,-0.105654,0.00022757418598521462,0.004922,0.150677,0.436781,tissue_confounded,target-associated methylation signal; mechanism not inferred
chr4,118360000,118364999,chr4:115000000-119999999,condition_family_multiclass,logistic,chr4:118360000-118364999,5,8.657285248351267,8.657285248351267,141.2,0.9929203539823008,-0.048575,0.09043077993809656,0.002461,0.257999,0.268951,dataset_confounded,target-associated methylation signal; mechanism not inferred
chr15,80245000,80249999,chr15:80000000-84999999,condition_family_multiclass,logistic,chr15:80245000-80249999,5,8.623493799896762,8.623493799896762,139.2,0.9858249051833123,-0.048588,0.0902138083135383,0.001641,0.251369,0.37457,dataset_confounded,target-associated methylation signal; mechanism not inferred
chr1,181190000,181194999,chr1:180000000-184999999,condition_family_multiclass,logistic,chr1:181190000-181194999,5,8.56521385879721,8.56521385879721,138.8,0.9858249051833123,-0.083,0.0055938178395409325,0.086957,0.200754,0.181322,candidate_signal,target-associated methylation signal; mechanism not inferred
chr15,82525000,82529999,chr15:80000000-84999999,condition_family_multiclass,logistic,chr15:82525000-82529999,5,8.56188763639108,8.561887636391079,199.6,0.9787452591656131,0.035743,0.21540506457343403,0.013126,0.239208,0.368346,tissue_confounded,target-associated methylation signal; mechanism not inferred
chr11,59440000,59444999,chr11:55000000-59999999,condition_family_multiclass,logistic,chr11:59440000-59444999,5,8.503589218103302,8.503589218103304,153.0,0.9716498103666245,-0.026345,0.3600586144407063,0.008203,0.339902,0.358712,dataset_confounded,target-associated methylation signal; mechanism not inferred
chr18,12685000,12689999,chr18:10000000-14999999,condition_family_multiclass,logistic,chr18:12685000-12689999,5,8.476991588632135,8.476991588632133,153.4,0.9574747155499368,-0.094776,0.0009877681430047285,0.011485,0.354653,0.354625,dataset_confounded,target-associated methylation signal; mechanism not inferred
chr11,96005000,96009999,chr11:95000000-99999999,condition_family_multiclass,logistic,chr11:96005000-96009999,5,8.451907891294109,8.451907891294109,133.2,1.0,0.527677,2.4755233419599137e-88,0.0,0.036311,0.045686,candidate_signal,target-associated methylation signal; mechanism not inferred
chr10,127575000,127579999,chr10:125000000-129999999,condition_family_multiclass,logistic,chr10:127575000-127579999,5,8.430563771102598,8.430563771102598,137.2,0.9787294563843236,-0.051374,0.07332488362149589,0.002461,0.309995,0.446286,dataset_confounded,target-associated methylation signal; mechanism not inferred
chr11,78495000,78499999,chr11:75000000-79999999,condition_family_multiclass,logistic,chr11:78495000-78499999,5,8.403428907243226,8.403428907243224,149.8,1.0,0.1947,7.054744992148904e-12,0.0,0.070232,0.135564,candidate_signal,target-associated methylation signal; mechanism not inferred
chr19,37690000,37694999,chr19:35000000-39999999,condition_family_multiclass,logistic,chr19:37690000-37694999,5,8.396790121275384,8.396790121275384,141.6,1.0,0.030711,0.28399369758717463,0.0,0.176895,0.499931,tissue_confounded,target-associated methylation signal; mechanism not inferred
chr2,146220000,146224999,chr2:145000000-149999999,condition_family_multiclass,logistic,chr2:146220000-146224999,5,8.395349162705353,8.395349162705353,149.2,1.0,0.191056,1.7466921845589264e-11,0.0,0.038336,0.023654,candidate_signal,target-associated methylation signal; mechanism not inferred
chr6,114040000,114044999,chr6:110000000-114999999,condition_family_multiclass,logistic,chr6:114040000-114044999,5,8.34639986771508,8.34639986771508,159.0,0.9929203539823008,0.340361,2.3312048266003225e-34,0.002461,0.083759,0.112041,candidate_signal,target-associated methylation signal; mechanism not inferred
chr1,181035000,181039999,chr1:180000000-184999999,condition_family_multiclass,logistic,chr1:181035000-181039999,5,8.328889258315638,8.328889258315638,174.6,0.9858249051833123,-0.103228,0.00030964040667181284,0.001641,0.214738,0.547088,tissue_confounded,target-associated methylation signal; mechanism not inferred
chr15,96460000,96464999,chr15:95000000-99999999,condition_family_multiclass,logistic,chr15:96460000-96464999,5,8.327952829845415,8.327952829845415,154.8,1.0,-0.006934,0.8088901963655067,0.0,0.083282,0.095649,candidate_signal,target-associated methylation signal; mechanism not inferred
chr1,186755000,186759999,chr1:185000000-189999999,condition_family_multiclass,logistic,chr1:186755000-186759999,5,8.318124364120072,8.318124364120072,164.2,0.9858249051833123,-0.083685,0.0035237149701911707,0.004102,0.214641,0.362004,tissue_confounded,target-associated methylation signal; mechanism not inferred
chr7,141480000,141484999,chr7:140000000-144999999,condition_family_multiclass,logistic,chr7:141480000-141484999,5,8.29232177729221,8.29232177729221,156.8,1.0,0.049162,0.0864686986659336,0.001641,0.173413,0.375551,tissue_confounded,target-associated methylation signal; mechanism not inferred
chr14,30900000,30904999,chr14:30000000-34999999,condition_family_multiclass,logistic,chr14:30900000-30904999,5,8.270592840743083,8.270592840743083,162.0,0.9858249051833123,-0.032083,0.2649920135920217,0.008203,0.156064,0.187392,candidate_signal,target-associated methylation signal; mechanism not inferred
chr10,127060000,127064999,chr10:125000000-129999999,condition_family_multiclass,logistic,chr10:127060000-127064999,5,8.235763543636676,8.235763543636677,177.8,0.9929203539823008,0.009453,0.7417323353914804,0.00082,0.060624,0.07621,candidate_signal,target-associated methylation signal; mechanism not inferred
chr15,36175000,36179999,chr15:35000000-39999999,condition_family_multiclass,logistic,chr15:36175000-36179999,5,8.230763595400418,8.230763595400418,210.8,0.9858249051833123,-0.023317,0.41695927058398563,0.004102,0.038028,0.103844,candidate_signal,target-associated methylation signal; mechanism not inferred
chr9,21035000,21039999,chr9:20000000-24999999,condition_family_multiclass,logistic,chr9:21035000-21039999,5,8.213396276807057,8.213396276807057,217.0,1.0,0.29375,1.2560431590404827e-25,0.002461,0.194049,0.300378,tissue_confounded,target-associated methylation signal; mechanism not inferred
chr18,4490000,4494999,chr18:0-4999999,condition_family_multiclass,logistic,chr18:4490000-4494999,5,8.203238615959627,8.203238615959627,199.0,0.9787294563843236,-0.144466,5.3580309166494e-07,0.020509,0.12988,0.230716,candidate_signal,target-associated methylation signal; mechanism not inferred
chr6,54070000,54074999,chr6:50000000-54999999,cr_vs_control,logistic,chr6:54070000-54074999,5,0.5331362894735564,-0.5331362894735564,1.8,1.0,-0.121008,2.3274212489746167e-05,0.002461,0.294728,0.456513,dataset_confounded,target-associated methylation signal; mechanism not inferred
chr8,94360000,94364999,chr8:90000000-94999999,cr_vs_control,logistic,chr8:94360000-94364999,5,0.524421598972294,-0.524421598972294,2.4,1.0,-0.146532,3.277119855817081e-07,0.012305,0.351758,0.34301,dataset_confounded,target-associated methylation signal; mechanism not inferred
chr9,67870000,67874999,chr9:65000000-69999999,cr_vs_control,logistic,chr9:67870000-67874999,5,0.5025600222334441,-0.5025600222334441,8.2,1.0,-0.045954,0.11385943715560642,0.027892,0.297772,0.460992,dataset_confounded,target-associated methylation signal; mechanism not inferred
chr3,132520000,132524999,chr3:130000000-134999999,cr_vs_control,logistic,chr3:132520000-132524999,5,0.48881842745302306,-0.4888184274530231,10.4,1.0,-0.119443,3.0377822662784046e-05,0.004922,0.243843,0.229292,candidate_signal,target-associated methylation signal; mechanism not inferred
chr7,42520000,42524999,chr7:40000000-44999999,cr_vs_control,logistic,chr7:42520000-42524999,5,0.4851293255992424,-0.4851293255992425,11.4,1.0,-0.179826,3.6989913932683657e-10,0.018048,0.250879,0.305469,dataset_confounded,target-associated methylation signal; mechanism not inferred
chr19,42175000,42179999,chr19:40000000-44999999,cr_vs_control,logistic,chr19:42175000-42179999,5,0.4839691774825162,-0.4839691774825162,9.6,1.0,-0.184523,9.780008047137073e-11,0.006563,0.254739,0.302965,dataset_confounded,target-associated methylation signal; mechanism not inferred
chr15,27690000,27694999,chr15:25000000-29999999,cr_vs_control,logistic,chr15:27690000-27694999,5,0.4805258594833681,-0.4805258594833681,10.4,1.0,-0.257315,7.16541685754969e-20,0.00082,0.318832,0.367195,dataset_confounded,target-associated methylation signal; mechanism not inferred
chr5,119325000,119329999,chr5:115000000-119999999,cr_vs_control,logistic,chr5:119325000-119329999,5,0.47826557634966865,-0.47826557634966865,12.8,1.0,0.043463,0.12967093514332786,0.001641,0.287567,0.41421,dataset_confounded,target-associated methylation signal; mechanism not inferred
chr9,35135000,35139999,chr9:35000000-39999999,cr_vs_control,logistic,chr9:35135000-35139999,5,0.4710719483541985,-0.4710719483541984,14.0,1.0,-0.079622,0.005744820659857999,0.013946,0.314184,0.40578,dataset_confounded,target-associated methylation signal; mechanism not inferred
chr19,41345000,41349999,chr19:40000000-44999999,cr_vs_control,logistic,chr19:41345000-41349999,5,0.46913075162472706,-0.46913075162472706,25.8,1.0,0.077081,0.007116223980944291,0.00082,0.273095,0.69213,dataset_confounded,target-associated methylation signal; mechanism not inferred
chr15,73175000,73179999,chr15:70000000-74999999,cr_vs_control,logistic,chr15:73175000-73179999,5,0.4689593122742998,-0.4689593122742998,14.8,1.0,-0.018406,0.5220624300330133,0.005742,0.238138,0.301913,tissue_confounded,target-associated methylation signal; mechanism not inferred
chr3,40500000,40504999,chr3:40000000-44999999,cr_vs_control,logistic,chr3:40500000-40504999,5,0.46805180513270334,-0.46805180513270334,20.0,1.0,-0.205097,5.489293584158466e-13,0.004922,0.325443,0.307356,dataset_confounded,target-associated methylation signal; mechanism not inferred
chr7,101680000,101684999,chr7:100000000-104999999,cr_vs_control,logistic,chr7:101680000-101684999,5,0.4659278946976001,-0.4659278946976001,17.8,0.9921568627450981,0.135717,2.179662974653694e-06,0.008203,0.343045,0.790741,dataset_confounded,target-associated methylation signal; mechanism not inferred
chr16,50515000,50519999,chr16:50000000-54999999,cr_vs_control,logistic,chr16:50515000-50519999,5,0.4657906125682622,-0.4657906125682622,21.8,0.9921568627450981,-0.087166,0.002407498941546378,0.007383,0.20351,0.591557,tissue_confounded,target-associated methylation signal; mechanism not inferred
chr10,67815000,67819999,chr10:65000000-69999999,cr_vs_control,logistic,chr10:67815000-67819999,5,0.4614751047514763,-0.4614751047514763,22.2,1.0,-0.031016,0.28120890544692967,0.008203,0.173121,0.479625,tissue_confounded,target-associated methylation signal; mechanism not inferred
chr6,112065000,112069999,chr6:110000000-114999999,cr_vs_control,logistic,chr6:112065000-112069999,5,0.458328817127261,-0.458328817127261,35.4,0.9647058823529411,-0.165964,3.3622588830172495e-08,0.102543,0.255472,0.335196,dataset_confounded,target-associated methylation signal; mechanism not inferred
chr3,159890000,159894999,chr3:155000000-159999999,cr_vs_control,logistic,chr3:159890000-159894999,5,0.4577927733757868,-0.4577927733757868,32.2,1.0,-0.2108,1.1118744196376763e-13,0.002461,0.283646,0.337568,dataset_confounded,target-associated methylation signal; mechanism not inferred
chr15,59705000,59709999,chr15:55000000-59999999,cr_vs_control,logistic,chr15:59705000-59709999,5,0.45702363366409476,-0.45702363366409476,26.6,1.0,-0.054686,0.05804061912773589,0.013946,0.277888,0.358213,dataset_confounded,target-associated methylation signal; mechanism not inferred
chr17,31870000,31874999,chr17:30000000-34999999,cr_vs_control,logistic,chr17:31870000-31874999,5,0.4533277424920133,-0.4533277424920133,41.8,1.0,0.024997,0.38380375639488473,0.002461,0.370839,0.54157,dataset_confounded,target-associated methylation signal; mechanism not inferred
chr9,48745000,48749999,chr9:45000000-49999999,cr_vs_control,logistic,chr9:48745000-48749999,5,0.45068645306651167,-0.45068645306651167,29.8,1.0,0.029056,0.31175812288742255,0.004102,0.363071,0.562697,dataset_confounded,target-associated methylation signal; mechanism not inferred
chr1,58645000,58649999,chr1:55000000-59999999,cr_vs_control,logistic,chr1:58645000-58649999,5,0.45025901980280036,-0.45025901980280036,44.0,1.0,-0.05822,0.042799448570311954,0.006563,0.355529,0.255075,dataset_confounded,target-associated methylation signal; mechanism not inferred
chr9,119025000,119029999,chr9:115000000-119999999,cr_vs_control,logistic,chr9:119025000-119029999,5,0.45016395623605965,-0.45016395623605965,43.0,1.0,-0.302609,2.630612509729422e-26,0.036095,0.368936,0.427104,dataset_confounded,target-associated methylation signal; mechanism not inferred
chr10,41640000,41644999,chr10:40000000-44999999,cr_vs_control,logistic,chr10:41640000-41644999,5,0.44756081642569046,-0.44756081642569046,43.0,1.0,-0.103293,0.00031947965100776463,0.007383,0.306368,0.474103,dataset_confounded,target-associated methylation signal; mechanism not inferred
chr15,97040000,97044999,chr15:95000000-99999999,cr_vs_control,logistic,chr15:97040000-97044999,5,0.4448214996969665,-0.4448214996969665,50.4,1.0,0.071981,0.012190073143558544,0.005742,0.350421,0.591998,dataset_confounded,target-associated methylation signal; mechanism not inferred
chr1,165305000,165309999,chr1:165000000-169999999,cr_vs_control,logistic,chr1:165305000-165309999,5,0.444282560525162,-0.44428256052516213,52.8,1.0,-0.163499,1.0506072306783688e-08,0.006563,0.201643,0.249756,candidate_signal,target-associated methylation signal; mechanism not inferred
chr1,176945000,176949999,chr1:175000000-179999999,cr_vs_control,logistic,chr1:176945000-176949999,5,0.444037450283757,-0.444037450283757,43.2,1.0,-0.231108,3.2195304035238306e-16,0.001641,0.370001,0.497742,dataset_confounded,target-associated methylation signal; mechanism not inferred
chr5,114590000,114594999,chr5:110000000-114999999,cr_vs_control,logistic,chr5:114590000-114594999,5,0.44283976062881436,-0.44283976062881436,46.0,1.0,-0.071951,0.012118662011697716,0.003281,0.302008,0.485486,dataset_confounded,target-associated methylation signal; mechanism not inferred
chr7,44855000,44859999,chr7:40000000-44999999,cr_vs_control,logistic,chr7:44855000-44859999,5,0.4416354118084107,-0.4416354118084107,44.2,1.0,-0.071734,0.012273963005939388,0.00082,0.085216,0.106364,candidate_signal,target-associated methylation signal; mechanism not inferred
chr9,111155000,111159999,chr9:110000000-114999999,cr_vs_control,logistic,chr9:111155000-111159999,5,0.4409702331289866,-0.4409702331289866,44.0,1.0,-0.011272,0.6952775794284618,0.007383,0.364358,0.571244,dataset_confounded,target-associated methylation signal; mechanism not inferred
chr19,46590000,46594999,chr19:45000000-49999999,cr_vs_control,logistic,chr19:46590000-46594999,5,0.4402831068743761,-0.4402831068743761,56.4,0.996078431372549,-0.034899,0.22490750025190814,0.006563,0.481079,0.624345,dataset_confounded,target-associated methylation signal; mechanism not inferred
chr8,46475000,46479999,chr8:45000000-49999999,cr_vs_control,logistic,chr8:46475000-46479999,5,0.43920124662127147,-0.4392012466212716,49.0,1.0,0.099755,0.0005106913512466644,0.007383,0.208268,0.710421,tissue_confounded,target-associated methylation signal; mechanism not inferred
chr8,95105000,95109999,chr8:95000000-99999999,cr_vs_control,logistic,chr8:95105000-95109999,5,0.43785423528399753,-0.43785423528399753,50.0,1.0,-0.202192,1.1025727305268309e-12,0.002461,0.218385,0.266368,tissue_confounded,target-associated methylation signal; mechanism not inferred
chr3,100495000,100499999,chr3:100000000-104999999,cr_vs_control,logistic,chr3:100495000-100499999,5,0.43525277817220054,-0.43525277817220054,61.4,1.0,0.034443,0.22967634685726823,0.00082,0.219196,0.407959,tissue_confounded,target-associated methylation signal; mechanism not inferred
chr18,82460000,82464999,chr18:80000000-84999999,cr_vs_control,logistic,chr18:82460000-82464999,5,0.4340027321038855,-0.4340027321038855,62.2,1.0,-0.169313,3.2404844428316066e-09,0.009844,0.20934,0.318593,tissue_confounded,target-associated methylation signal; mechanism not inferred
chr3,145915000,145919999,chr3:145000000-149999999,cr_vs_control,logistic,chr3:145915000-145919999,5,0.4330889440559922,-0.4330889440559922,64.2,1.0,-0.094622,0.0009923532973717638,0.009024,0.393716,0.36253,dataset_confounded,target-associated methylation signal; mechanism not inferred
chr4,19910000,19914999,chr4:15000000-19999999,cr_vs_control,logistic,chr4:19910000-19914999,5,0.4328125576887607,-0.4328125576887607,56.6,1.0,-0.189073,4.5206222772051404e-11,0.020509,0.313327,0.462362,dataset_confounded,target-associated methylation signal; mechanism not inferred
chr19,37700000,37704999,chr19:35000000-39999999,cr_vs_control,logistic,chr19:37700000-37704999,5,0.4322017814912524,-0.4322017814912524,69.8,1.0,-0.085048,0.0029850085481181923,0.001641,0.223882,0.251718,tissue_confounded,target-associated methylation signal; mechanism not inferred
chr10,67505000,67509999,chr10:65000000-69999999,cr_vs_control,logistic,chr10:67505000-67509999,5,0.4321664298366426,-0.4321664298366426,65.6,1.0,-0.160594,1.917262401384258e-08,0.006563,0.317676,0.342987,dataset_confounded,target-associated methylation signal; mechanism not inferred
chr7,79720000,79724999,chr7:75000000-79999999,cr_vs_control,logistic,chr7:79720000-79724999,5,0.4317708904612134,-0.4317708904612134,109.4,1.0,-0.047122,0.10035937811918354,0.001641,0.393785,0.421629,dataset_confounded,target-associated methylation signal; mechanism not inferred
chr13,24940000,24944999,chr13:20000000-24999999,cr_vs_control,logistic,chr13:24940000-24944999,5,0.43174439661682784,-0.43174439661682784,62.2,1.0,0.038158,0.18379342626718706,0.003281,0.306469,0.429855,dataset_confounded,target-associated methylation signal; mechanism not inferred
chr3,19840000,19844999,chr3:15000000-19999999,cr_vs_control,logistic,chr3:19840000-19844999,5,0.4313381270920312,-0.4313381270920312,95.2,0.996078431372549,-0.15446,1.0194494076515763e-07,0.035275,0.169242,0.229803,candidate_signal,target-associated methylation signal; mechanism not inferred
chr3,121505000,121509999,chr3:120000000-124999999,cr_vs_control,logistic,chr3:121505000-121509999,5,0.4293528749448775,-0.4293528749448775,73.8,1.0,-0.245489,6.2718222431941375e-18,0.015587,0.17494,0.201114,candidate_signal,target-associated methylation signal; mechanism not inferred
chr17,24730000,24734999,chr17:20000000-24999999,cr_vs_control,logistic,chr17:24730000-24734999,5,0.42914990925568286,-0.42914990925568286,106.8,0.996078431372549,-0.147724,3.007022820509198e-07,0.022149,0.151986,0.262876,tissue_confounded,target-associated methylation signal; mechanism not inferred
chr8,22390000,22394999,chr8:20000000-24999999,cr_vs_control,logistic,chr8:22390000-22394999,5,0.4286110509602211,-0.4286110509602211,71.0,1.0,-0.15163,1.0664273615884957e-07,0.001641,0.213913,0.629208,tissue_confounded,target-associated methylation signal; mechanism not inferred
chr4,82620000,82624999,chr4:80000000-84999999,cr_vs_control,logistic,chr4:82620000-82624999,5,0.42742916010271353,-0.42742916010271353,89.6,1.0,-0.026262,0.3601908148875802,0.002461,0.221895,0.337213,tissue_confounded,target-associated methylation signal; mechanism not inferred
chr16,93360000,93364999,chr16:90000000-94999999,cr_vs_control,logistic,chr16:93360000-93364999,5,0.4268581442059004,-0.4268581442059004,74.0,1.0,-0.162075,1.3193310881283276e-08,0.002461,0.235092,0.306371,tissue_confounded,target-associated methylation signal; mechanism not inferred
chr5,140780000,140784999,chr5:140000000-144999999,cr_vs_control,logistic,chr5:140780000-140784999,5,0.4261827072278181,-0.4261827072278181,85.0,1.0,-0.209402,1.6246455407286808e-13,0.002461,0.357528,0.398998,dataset_confounded,target-associated methylation signal; mechanism not inferred
chr12,91415000,91419999,chr12:90000000-94999999,cr_vs_control,logistic,chr12:91415000-91419999,5,0.4261039057000131,-0.4261039057000131,74.2,1.0,-0.144446,4.2287098245194527e-07,0.002461,0.317467,0.436441,dataset_confounded,target-associated methylation signal; mechanism not inferred
chr11,98310000,98314999,chr11:95000000-99999999,cr_vs_control,logistic,chr11:98310000-98314999,5,0.4243326183850239,-0.4243326183850238,84.4,1.0,-0.052389,0.06792625401284515,0.003281,0.181642,0.282334,tissue_confounded,target-associated methylation signal; mechanism not inferred
chr2,167850000,167854999,chr2:165000000-169999999,cr_vs_control,logistic,chr2:167850000-167854999,5,0.42398251671708875,-0.42398251671708875,84.6,1.0,0.096578,0.0007418928950467934,0.001641,0.144134,0.431453,tissue_confounded,target-associated methylation signal; mechanism not inferred
chr11,117250000,117254999,chr11:115000000-119999999,cr_vs_control,logistic,chr11:117250000-117254999,5,0.4237924793815419,-0.4237924793815419,88.6,1.0,-0.150758,1.422735674541532e-07,0.009844,0.312991,0.297454,dataset_confounded,target-associated methylation signal; mechanism not inferred
chr12,25215000,25219999,chr12:25000000-29999999,cr_vs_control,logistic,chr12:25215000-25219999,5,0.4236113951750945,-0.4236113951750945,79.6,1.0,0.01524,0.5953191944492123,0.001641,0.221656,0.296427,tissue_confounded,target-associated methylation signal; mechanism not inferred
chr12,83335000,83339999,chr12:80000000-84999999,cr_vs_control,logistic,chr12:83335000-83339999,5,0.42328620214681206,-0.4232862021468121,100.0,0.9921568627450981,-0.052161,0.08307474751941367,0.093519,0.156706,0.489601,tissue_confounded,target-associated methylation signal; mechanism not inferred
chr17,43550000,43554999,chr17:40000000-44999999,cr_vs_control,logistic,chr17:43550000-43554999,5,0.42304838330516875,-0.42304838330516875,95.4,0.996078431372549,0.04934,0.08702312916762647,0.012305,0.212859,0.639845,tissue_confounded,target-associated methylation signal; mechanism not inferred
chr19,3885000,3889999,chr19:0-4999999,cr_vs_control,logistic,chr19:3885000-3889999,5,0.42211841781134185,-0.42211841781134185,92.2,1.0,-0.222034,6.6736331551225745e-15,0.013126,0.311285,0.305869,dataset_confounded,target-associated methylation signal; mechanism not inferred
chr5,124025000,124029999,chr5:120000000-124999999,cr_vs_control,logistic,chr5:124025000-124029999,5,0.4212347063078231,-0.4212347063078231,88.0,1.0,0.13854,1.2254165604181906e-06,0.001641,0.298441,0.656252,dataset_confounded,target-associated methylation signal; mechanism not inferred
chr19,5645000,5649999,chr19:5000000-9999999,cr_vs_control,logistic,chr19:5645000-5649999,5,0.4208834816442379,-0.4208834816442379,131.0,1.0,-0.033919,0.23705076436303923,0.001641,0.211575,0.208144,candidate_signal,target-associated methylation signal; mechanism not inferred
chr2,60735000,60739999,chr2:60000000-64999999,cr_vs_control,logistic,chr2:60735000-60739999,5,0.42067478429861654,-0.42067478429861643,85.8,1.0,-0.083537,0.0036664854224100125,0.009024,0.165072,0.710566,tissue_confounded,target-associated methylation signal; mechanism not inferred
chr11,113540000,113544999,chr11:110000000-114999999,cr_vs_control,logistic,chr11:113540000-113544999,5,0.41993469410274675,-0.41993469410274675,96.6,1.0,-0.20356,7.383724881347995e-13,0.00082,0.348908,0.371582,dataset_confounded,target-associated methylation signal; mechanism not inferred
chr7,127095000,127099999,chr7:125000000-129999999,cr_vs_control,logistic,chr7:127095000-127099999,5,0.4198840029240274,-0.4198840029240274,91.6,1.0,-0.212562,7.02754575363035e-14,0.003281,0.270294,0.341982,dataset_confounded,target-associated methylation signal; mechanism not inferred
chr4,141870000,141874999,chr4:140000000-144999999,cr_vs_control,logistic,chr4:141870000-141874999,5,0.41927967193985555,-0.41927967193985555,97.0,1.0,-0.10647,0.00019722693504819507,0.00082,0.211276,0.420866,tissue_confounded,target-associated methylation signal; mechanism not inferred
chr6,90615000,90619999,chr6:90000000-94999999,cr_vs_control,logistic,chr6:90615000-90619999,5,0.4191495650629683,-0.4191495650629683,95.2,1.0,0.221403,5.5849539274005095e-15,0.001641,0.257261,0.391704,dataset_confounded,target-associated methylation signal; mechanism not inferred
chr15,100675000,100679999,chr15:100000000-104999999,cr_vs_control,logistic,chr15:100675000-100679999,5,0.41860210217913485,-0.41860210217913485,101.4,1.0,-0.002334,0.9353593796120419,0.007383,0.216383,0.773588,tissue_confounded,target-associated methylation signal; mechanism not inferred
chr13,49215000,49219999,chr13:45000000-49999999,cr_vs_control,logistic,chr13:49215000-49219999,5,0.4177117062104971,-0.4177117062104971,89.6,1.0,-0.120393,2.5040502300626698e-05,0.0,0.127045,0.124753,candidate_signal,target-associated methylation signal; mechanism not inferred
chr1,93800000,93804999,chr1:90000000-94999999,cr_vs_control,logistic,chr1:93800000-93804999,5,0.417495485497103,-0.417495485497103,132.4,1.0,0.004129,0.8855238915702734,0.00082,0.30127,0.28068,dataset_confounded,target-associated methylation signal; mechanism not inferred
chr2,120520000,120524999,chr2:120000000-124999999,cr_vs_control,logistic,chr2:120520000-120524999,5,0.4174087119010417,-0.4174087119010417,117.2,1.0,-0.171761,1.6580248462470103e-09,0.002461,0.345474,0.334415,dataset_confounded,target-associated methylation signal; mechanism not inferred
chr4,45410000,45414999,chr4:45000000-49999999,cr_vs_control,logistic,chr4:45410000-45414999,5,0.41690184865222635,-0.41690184865222635,107.6,1.0,-0.116114,5.380041447889855e-05,0.012305,0.475449,0.500009,dataset_confounded,target-associated methylation signal; mechanism not inferred
chr9,84135000,84139999,chr9:80000000-84999999,cr_vs_control,logistic,chr9:84135000-84139999,5,0.4168926560984335,-0.41689265609843346,116.2,1.0,-0.056351,0.05089415899436053,0.014766,0.270404,0.41433,dataset_confounded,target-associated methylation signal; mechanism not inferred
chr6,88115000,88119999,chr6:85000000-89999999,cr_vs_control,logistic,chr6:88115000-88119999,5,0.41687511839467967,-0.41687511839467967,102.2,1.0,-0.217308,1.746570845265253e-14,0.00082,0.178025,0.475902,tissue_confounded,target-associated methylation signal; mechanism not inferred
chr14,39510000,39514999,chr14:35000000-39999999,cr_vs_control,logistic,chr14:39510000-39514999,5,0.41668969247992454,-0.41668969247992466,116.4,1.0,-0.036043,0.20912182702635926,0.002461,0.235558,0.236836,candidate_signal,target-associated methylation signal; mechanism not inferred
chr13,41660000,41664999,chr13:40000000-44999999,cr_vs_control,logistic,chr13:41660000-41664999,5,0.4155450360261225,-0.4155450360261225,97.0,1.0,-0.199939,2.3347482160201153e-12,0.009024,0.419878,0.642769,dataset_confounded,target-associated methylation signal; mechanism not inferred
chr16,95830000,95834999,chr16:95000000-99999999,cr_vs_control,logistic,chr16:95830000-95834999,5,0.4154552228041835,-0.4154552228041835,125.6,1.0,-0.008035,0.7800703502685208,0.007383,0.271394,0.530031,dataset_confounded,target-associated methylation signal; mechanism not inferred
chr2,167995000,167999999,chr2:165000000-169999999,cr_vs_control,logistic,chr2:167995000-167999999,5,0.41473144140800533,-0.41473144140800533,103.6,1.0,-0.107435,0.00017445462693355525,0.002461,0.265381,0.456369,dataset_confounded,target-associated methylation signal; mechanism not inferred
chr10,20475000,20479999,chr10:20000000-24999999,cr_vs_control,logistic,chr10:20475000-20479999,5,0.41451631202035066,-0.41451631202035066,100.4,1.0,-0.186178,6.370960633036323e-11,0.004922,0.103096,0.31883,tissue_confounded,target-associated methylation signal; mechanism not inferred
chr15,38605000,38609999,chr15:35000000-39999999,cr_vs_control,logistic,chr15:38605000-38609999,5,0.4140112268946953,-0.4140112268946953,110.2,1.0,-0.189753,2.496704452172437e-11,0.001641,0.308857,0.33201,dataset_confounded,target-associated methylation signal; mechanism not inferred
chr9,63755000,63759999,chr9:60000000-64999999,cr_vs_control,logistic,chr9:63755000-63759999,5,0.4138715057047856,-0.41387150570478565,103.2,1.0,-0.151674,1.0448300625472912e-07,0.00082,0.068693,0.146909,candidate_signal,target-associated methylation signal; mechanism not inferred
chr8,33665000,33669999,chr8:30000000-34999999,cr_vs_control,logistic,chr8:33665000-33669999,5,0.4135349416787868,-0.4135349416787868,108.4,1.0,-0.108302,0.0001544073982941954,0.002461,0.307514,0.487506,dataset_confounded,target-associated methylation signal; mechanism not inferred
chr8,122235000,122239999,chr8:120000000-124999999,cr_vs_control,logistic,chr8:122235000-122239999,5,0.4131410716291536,-0.4131410716291536,137.4,1.0,0.044257,0.12326836836931247,0.004102,0.136012,0.357779,tissue_confounded,target-associated methylation signal; mechanism not inferred
chr10,128660000,128664999,chr10:125000000-129999999,cr_vs_control,logistic,chr10:128660000-128664999,5,0.41306478417244535,-0.41306478417244535,106.2,1.0,-0.142185,7.35892618768973e-07,0.013126,0.390359,0.424199,dataset_confounded,target-associated methylation signal; mechanism not inferred
chr13,52820000,52824999,chr13:50000000-54999999,cr_vs_control,logistic,chr13:52820000-52824999,5,0.412907954351986,-0.412907954351986,104.8,1.0,0.011566,0.6876103799220799,0.006563,0.297082,0.629503,dataset_confounded,target-associated methylation signal; mechanism not inferred
chr17,28940000,28944999,chr17:25000000-29999999,cr_vs_control,logistic,chr17:28940000-28944999,5,0.41264480732098735,-0.4126448073209873,121.4,1.0,-0.196934,4.3484275098132645e-12,0.003281,0.261921,0.244622,dataset_confounded,target-associated methylation signal; mechanism not inferred
chr19,18580000,18584999,chr19:15000000-19999999,cr_vs_control,logistic,chr19:18580000-18584999,5,0.4119118342322303,-0.41191183423223043,114.2,0.996078431372549,-0.171636,2.352148908826976e-09,0.019688,0.31623,0.368237,dataset_confounded,target-associated methylation signal; mechanism not inferred
chr17,64605000,64609999,chr17:60000000-64999999,cr_vs_control,logistic,chr17:64605000-64609999,5,0.41186189735686635,-0.41186189735686646,147.8,1.0,-0.019265,0.5042350873995095,0.012305,0.278923,0.354743,dataset_confounded,target-associated methylation signal; mechanism not inferred
chr14,25575000,25579999,chr14:25000000-29999999,cr_vs_control,logistic,chr14:25575000-25579999,5,0.41151662123336397,-0.41151662123336397,112.0,1.0,-0.042902,0.13664825825103138,0.011485,0.343262,0.448367,dataset_confounded,target-associated methylation signal; mechanism not inferred
chr16,87655000,87659999,chr16:85000000-89999999,cr_vs_control,logistic,chr16:87655000-87659999,5,0.4114790575497646,-0.41147905754976455,114.2,1.0,-0.170026,2.389244234939686e-09,0.001641,0.369264,0.439025,dataset_confounded,target-associated methylation signal; mechanism not inferred
chr10,71395000,71399999,chr10:70000000-74999999,cr_vs_control,logistic,chr10:71395000-71399999,5,0.41133408804602023,-0.41133408804602034,128.0,1.0,-0.070737,0.013732830522947614,0.004922,0.241697,0.386175,tissue_confounded,target-associated methylation signal; mechanism not inferred
chr10,60325000,60329999,chr10:60000000-64999999,cr_vs_control,logistic,chr10:60325000-60329999,5,0.4112941006774588,-0.4112941006774588,122.4,1.0,0.029964,0.3097681874118323,0.055783,0.326774,0.380132,dataset_confounded,target-associated methylation signal; mechanism not inferred
chr1,179705000,179709999,chr1:175000000-179999999,cr_vs_control,logistic,chr1:179705000-179709999,5,0.41112833593408393,-0.41112833593408393,115.6,1.0,-0.020228,0.48099274467941605,0.002461,0.424743,0.669311,dataset_confounded,target-associated methylation signal; mechanism not inferred
chr15,12435000,12439999,chr15:10000000-14999999,cr_vs_control,logistic,chr15:12435000-12439999,5,0.4109677632226824,-0.4109677632226824,123.2,1.0,-0.117813,3.814967260117091e-05,0.002461,0.242802,0.393723,tissue_confounded,target-associated methylation signal; mechanism not inferred
chr1,132840000,132844999,chr1:130000000-134999999,cr_vs_control,logistic,chr1:132840000-132844999,5,0.41088096093478843,-0.41088096093478843,137.2,1.0,-0.140995,8.214994536263107e-07,0.004922,0.27035,0.324581,dataset_confounded,target-associated methylation signal; mechanism not inferred
chr4,141860000,141864999,chr4:140000000-144999999,cr_vs_control,logistic,chr4:141860000-141864999,5,0.4106159476299635,-0.41061594762996345,148.2,1.0,-0.218155,1.5182645324126514e-14,0.004102,0.368948,0.504423,dataset_confounded,target-associated methylation signal; mechanism not inferred
chr6,88120000,88124999,chr6:85000000-89999999,cr_vs_control,logistic,chr6:88120000-88124999,5,0.4098878194554348,-0.4098878194554348,125.8,1.0,0.020929,0.46609120518393415,0.003281,0.11633,0.180832,candidate_signal,target-associated methylation signal; mechanism not inferred
chr5,115520000,115524999,chr5:115000000-119999999,cr_vs_control,logistic,chr5:115520000-115524999,5,0.40866871928916293,-0.40866871928916293,120.6,1.0,0.083224,0.003668166717340104,0.001641,0.213143,0.457827,tissue_confounded,target-associated methylation signal; mechanism not inferred
chr8,113460000,113464999,chr8:110000000-114999999,cr_vs_control,logistic,chr8:113460000-113464999,5,0.40840819128258155,-0.40840819128258143,133.0,1.0,-0.208048,3.2816768360318246e-13,0.014766,0.295806,0.36865,dataset_confounded,target-associated methylation signal; mechanism not inferred
chr8,13695000,13699999,chr8:10000000-14999999,cr_vs_control,logistic,chr8:13695000-13699999,5,0.4081702808613554,-0.4081702808613554,126.6,1.0,-0.160357,1.933290600997173e-08,0.004102,0.376004,0.780178,dataset_confounded,target-associated methylation signal; mechanism not inferred
chr3,101520000,101524999,chr3:100000000-104999999,cr_vs_control,logistic,chr3:101520000-101524999,5,0.40807544420959097,-0.4080754442095911,126.8,1.0,-0.218878,1.7550809930474726e-14,0.015587,0.270373,0.341933,dataset_confounded,target-associated methylation signal; mechanism not inferred
chr6,66480000,66484999,chr6:65000000-69999999,cr_vs_control,logistic,chr6:66480000-66484999,5,0.4073758536958233,-0.4073758536958233,146.6,1.0,-0.208902,2.2303111192114982e-13,0.009024,0.296062,0.415062,dataset_confounded,target-associated methylation signal; mechanism not inferred
chr9,114365000,114369999,chr9:110000000-114999999,cr_vs_control,logistic,chr9:114365000-114369999,5,0.4073429511286015,-0.4073429511286015,130.6,1.0,-0.32176,9.26485393611557e-31,0.0,0.201206,0.230056,candidate_signal,target-associated methylation signal; mechanism not inferred
chr17,28870000,28874999,chr17:25000000-29999999,cr_vs_control,logistic,chr17:28870000-28874999,5,0.4061711056808889,-0.406171105680889,139.6,1.0,0.096542,0.0007605213439927506,0.004922,0.261686,0.355578,dataset_confounded,target-associated methylation signal; mechanism not inferred
chr4,99930000,99934999,chr4:95000000-99999999,cr_vs_control,logistic,chr4:99930000-99934999,5,0.40514073960956454,-0.40514073960956465,169.0,1.0,0.047618,0.09710856818387982,0.003281,0.114727,0.135762,candidate_signal,target-associated methylation signal; mechanism not inferred
chr17,23610000,23614999,chr17:20000000-24999999,old_castration_vs_control,logistic,chr17:23610000-23614999,5,0.8323531455064984,-0.8323531455064982,2.8,1.0,-0.252397,4.2578388213894227e-19,0.004102,0.533566,0.64495,dataset_confounded,target-associated methylation signal; mechanism not inferred
chr19,17135000,17139999,chr19:15000000-19999999,old_castration_vs_control,logistic,chr19:17135000-17139999,5,0.7937049538985566,-0.7937049538985566,12.6,0.9,0.101357,0.00041602138973186194,0.008203,0.22811,0.285486,tissue_confounded,target-associated methylation signal; mechanism not inferred
chr12,32470000,32474999,chr12:30000000-34999999,old_castration_vs_control,logistic,chr12:32470000-32474999,5,0.7916903099047803,0.7916903099047803,9.4,1.0,-0.123659,1.567569281138336e-05,0.004922,0.387308,0.46158,dataset_confounded,target-associated methylation signal; mechanism not inferred
chr11,75875000,75879999,chr11:75000000-79999999,old_castration_vs_control,logistic,chr11:75875000-75879999,5,0.7607487494187093,-0.7607487494187093,22.6,0.9,-0.083774,0.0035158044922034178,0.005742,0.384351,0.47059,dataset_confounded,target-associated methylation signal; mechanism not inferred
chr9,41965000,41969999,chr9:40000000-44999999,old_castration_vs_control,logistic,chr9:41965000-41969999,5,0.7486863876421074,-0.7486863876421074,33.4,0.9,0.025479,0.3804635930836236,0.026251,0.417966,0.298202,dataset_confounded,target-associated methylation signal; mechanism not inferred
chr14,47275000,47279999,chr14:45000000-49999999,old_castration_vs_control,logistic,chr14:47275000-47279999,5,0.7406645213553991,0.740664521355399,69.4,1.0,0.182611,1.3337867142358448e-10,0.0,0.019553,0.016796,candidate_signal,target-associated methylation signal; mechanism not inferred
chr7,13030000,13034999,chr7:10000000-14999999,old_castration_vs_control,logistic,chr7:13030000-13034999,5,0.7278379399182695,-0.7278379399182695,62.4,1.0,-0.128743,6.799970215753177e-06,0.004102,0.17939,0.294768,tissue_confounded,target-associated methylation signal; mechanism not inferred
chr16,34315000,34319999,chr16:30000000-34999999,old_castration_vs_control,logistic,chr16:34315000-34319999,5,0.7262020455447773,-0.7262020455447773,80.0,0.95,-0.06143,0.0321960331112685,0.002461,0.290024,0.387007,dataset_confounded,target-associated methylation signal; mechanism not inferred
chr8,120055000,120059999,chr8:120000000-124999999,old_castration_vs_control,logistic,chr8:120055000-120059999,5,0.7216387204522193,0.7216387204522194,79.2,0.95,-0.123404,1.5936619562521205e-05,0.002461,0.237685,0.385008,tissue_confounded,target-associated methylation signal; mechanism not inferred
chr13,61335000,61339999,chr13:60000000-64999999,old_castration_vs_control,logistic,chr13:61335000-61339999,5,0.7200057488330949,0.720005748833095,71.8,0.95,0.073452,0.011053762752227018,0.018868,0.213141,0.269721,tissue_confounded,target-associated methylation signal; mechanism not inferred
chr4,41645000,41649999,chr4:40000000-44999999,old_castration_vs_control,logistic,chr4:41645000-41649999,5,0.7135914742214953,0.7135914742214954,103.6,1.0,-0.109931,0.00012247058556333836,0.002461,0.34746,0.342733,dataset_confounded,target-associated methylation signal; mechanism not inferred
chr5,112375000,112379999,chr5:110000000-114999999,old_castration_vs_control,logistic,chr5:112375000-112379999,5,0.7127552890752826,0.7127552890752826,114.2,1.0,0.015025,0.6021863521662848,0.010664,0.144021,0.343351,tissue_confounded,target-associated methylation signal; mechanism not inferred
chr2,30695000,30699999,chr2:30000000-34999999,old_castration_vs_control,logistic,chr2:30695000-30699999,5,0.7114762164754064,-0.7114762164754064,137.2,1.0,-0.104877,0.0002531928384755702,0.004922,0.314756,0.41859,dataset_confounded,target-associated methylation signal; mechanism not inferred
chr16,77230000,77234999,chr16:75000000-79999999,old_castration_vs_control,logistic,chr16:77230000-77234999,5,0.7104632479025383,0.7104632479025383,76.6,1.0,-0.114277,6.497682391052862e-05,0.002461,0.246199,0.261445,tissue_confounded,target-associated methylation signal; mechanism not inferred
chr4,138905000,138909999,chr4:135000000-139999999,old_castration_vs_control,logistic,chr4:138905000-138909999,5,0.7079439833506054,0.7079439833506053,104.0,1.0,-0.058657,0.043067646508636676,0.02379,0.180611,0.342058,tissue_confounded,target-associated methylation signal; mechanism not inferred
chr10,81045000,81049999,chr10:80000000-84999999,old_castration_vs_control,logistic,chr10:81045000-81049999,5,0.7070811237509484,0.7070811237509484,126.2,1.0,-0.086901,0.0024117105999420553,0.001641,0.201184,0.296194,tissue_confounded,target-associated methylation signal; mechanism not inferred
chr3,53430000,53434999,chr3:50000000-54999999,old_castration_vs_control,logistic,chr3:53430000-53434999,5,0.7067389674358673,0.7067389674358673,97.6,1.0,-0.067782,0.01876119250610159,0.013946,0.253257,0.262304,dataset_confounded,target-associated methylation signal; mechanism not inferred
chr6,5825000,5829999,chr6:5000000-9999999,old_castration_vs_control,logistic,chr6:5825000-5829999,5,0.7063696845512732,0.7063696845512732,102.4,0.95,-0.0709,0.013477759005183226,0.004102,0.082692,0.327128,tissue_confounded,target-associated methylation signal; mechanism not inferred
chr1,191830000,191834999,chr1:190000000-194999999,old_castration_vs_control,logistic,chr1:191830000-191834999,5,0.7057075010306746,0.7057075010306745,118.8,1.0,-0.182904,1.3349173777135526e-10,0.003281,0.398957,0.37624,dataset_confounded,target-associated methylation signal; mechanism not inferred
chr17,55955000,55959999,chr17:55000000-59999999,old_castration_vs_control,logistic,chr17:55955000-55959999,5,0.7055647891299511,0.7055647891299512,146.8,1.0,0.175447,6.950734429195243e-10,0.0,0.191747,0.214798,candidate_signal,target-associated methylation signal; mechanism not inferred
chr16,59600000,59604999,chr16:55000000-59999999,old_castration_vs_control,logistic,chr16:59600000-59604999,5,0.7047851085627099,-0.7047851085627099,170.4,1.0,-0.186149,5.862149711316775e-11,0.00082,0.114226,0.131215,candidate_signal,target-associated methylation signal; mechanism not inferred
chr2,38690000,38694999,chr2:35000000-39999999,old_castration_vs_control,logistic,chr2:38690000-38694999,5,0.7046558436022289,0.704655843602229,84.8,1.0,-0.198515,2.84895848042118e-12,0.002461,0.370047,0.48395,dataset_confounded,target-associated methylation signal; mechanism not inferred
chr8,47250000,47254999,chr8:45000000-49999999,old_castration_vs_control,logistic,chr8:47250000-47254999,5,0.7042760242525832,-0.7042760242525832,99.4,0.9,-0.208603,2.2072772713879428e-13,0.005742,0.6092,0.681174,dataset_confounded,target-associated methylation signal; mechanism not inferred
chr8,79355000,79359999,chr8:75000000-79999999,old_castration_vs_control,logistic,chr8:79355000-79359999,5,0.6939078019721868,0.6939078019721869,118.2,1.0,-0.05689,0.04732274027989403,0.002461,0.19798,0.398454,tissue_confounded,target-associated methylation signal; mechanism not inferred
chr8,70390000,70394999,chr8:70000000-74999999,old_castration_vs_control,logistic,chr8:70390000-70394999,5,0.6929625258552417,0.6929625258552419,119.2,1.0,-0.094444,0.0009713149768092032,0.001641,0.294792,0.357845,dataset_confounded,target-associated methylation signal; mechanism not inferred
chr2,151445000,151449999,chr2:150000000-154999999,old_castration_vs_control,logistic,chr2:151445000-151449999,5,0.6923860899137126,-0.6923860899137126,158.0,1.0,-0.064959,0.024549937916761227,0.017227,0.108661,0.215947,candidate_signal,target-associated methylation signal; mechanism not inferred
chr13,60510000,60514999,chr13:60000000-64999999,old_castration_vs_control,logistic,chr13:60510000-60514999,5,0.6908829468018787,0.6908829468018787,136.6,1.0,0.20454,6.221178029228879e-13,0.004102,0.278691,0.331407,dataset_confounded,target-associated methylation signal; mechanism not inferred
chr7,80085000,80089999,chr7:80000000-84999999,old_castration_vs_control,logistic,chr7:80085000-80089999,5,0.6905498629040364,-0.6905498629040363,172.0,1.0,-0.011704,0.6833607895917858,0.001641,0.202673,0.499262,tissue_confounded,target-associated methylation signal; mechanism not inferred
chr10,61610000,61614999,chr10:60000000-64999999,old_castration_vs_control,logistic,chr10:61610000-61614999,5,0.6896968949051131,0.689696894905113,187.0,1.0,-0.014155,0.6222259076813318,0.004102,0.149679,0.300402,tissue_confounded,target-associated methylation signal; mechanism not inferred
chr16,5085000,5089999,chr16:5000000-9999999,old_castration_vs_control,logistic,chr16:5085000-5089999,5,0.6853325424529642,0.6853325424529642,178.8,1.0,-0.094875,0.0009247206055437931,0.002461,0.27051,0.242188,dataset_confounded,target-associated methylation signal; mechanism not inferred
chr7,83600000,83604999,chr7:80000000-84999999,old_castration_vs_control,logistic,chr7:83600000-83604999,5,0.6852143496979253,0.6852143496979253,195.8,0.95,-0.116776,4.598175639107667e-05,0.005742,0.317199,0.436258,dataset_confounded,target-associated methylation signal; mechanism not inferred
chr2,27800000,27804999,chr2:25000000-29999999,old_castration_vs_control,logistic,chr2:27800000-27804999,5,0.6849451325230291,-0.6849451325230291,138.2,1.0,0.119389,2.9941841527790608e-05,0.002461,0.175934,0.369992,tissue_confounded,target-associated methylation signal; mechanism not inferred
chr8,12215000,12219999,chr8:10000000-14999999,old_castration_vs_control,logistic,chr8:12215000-12219999,5,0.6832680667209439,0.683268066720944,250.4,1.0,-0.067666,0.018234140175473024,0.001641,0.13579,0.224713,candidate_signal,target-associated methylation signal; mechanism not inferred
chr6,82720000,82724999,chr6:80000000-84999999,old_castration_vs_control,logistic,chr6:82720000-82724999,5,0.6827089690115397,0.6827089690115397,176.2,0.9,0.13429,2.685517560141961e-06,0.004922,0.328431,0.697201,dataset_confounded,target-associated methylation signal; mechanism not inferred
chr10,111675000,111679999,chr10:110000000-114999999,old_castration_vs_control,logistic,chr10:111675000-111679999,5,0.673156602760973,0.6731566027609729,184.0,1.0,-0.149661,1.8392727502548616e-07,0.013126,0.337238,0.417131,dataset_confounded,target-associated methylation signal; mechanism not inferred
chr4,132120000,132124999,chr4:130000000-134999999,old_castration_vs_control,logistic,chr4:132120000-132124999,5,0.669579781490045,0.6695797814900449,217.2,1.0,-0.031532,0.2720941617487521,0.003281,0.258014,0.313253,dataset_confounded,target-associated methylation signal; mechanism not inferred
chr14,66560000,66564999,chr14:65000000-69999999,old_castration_vs_control,logistic,chr14:66560000-66564999,5,0.669562998527573,0.6695629985275731,184.2,0.9,-0.035515,0.21701986158072592,0.007383,0.387467,0.296135,dataset_confounded,target-associated methylation signal; mechanism not inferred
chr13,99280000,99284999,chr13:95000000-99999999,old_castration_vs_control,logistic,chr13:99280000-99284999,5,0.6665847361464159,0.6665847361464159,234.6,1.0,-0.121106,2.274474119382896e-05,0.001641,0.300129,0.320849,dataset_confounded,target-associated methylation signal; mechanism not inferred
chr7,61625000,61629999,chr7:60000000-64999999,old_castration_vs_control,logistic,chr7:61625000-61629999,5,0.6661072070234718,0.6661072070234719,265.0,0.85,-0.114383,8.275095974045712e-05,0.032814,0.337784,0.402979,dataset_confounded,target-associated methylation signal; mechanism not inferred
chr5,150185000,150189999,chr5:150000000-154999999,old_castration_vs_control,logistic,chr5:150185000-150189999,5,0.6643088776869372,-0.6643088776869372,270.2,0.95,-0.140629,8.596133376273368e-07,0.003281,0.457023,0.457,dataset_confounded,target-associated methylation signal; mechanism not inferred
chr12,91880000,91884999,chr12:90000000-94999999,old_castration_vs_control,logistic,chr12:91880000-91884999,5,0.6642937856930523,0.6642937856930523,229.4,1.0,-0.020733,0.4704658095351042,0.004102,0.234058,0.469313,tissue_confounded,target-associated methylation signal; mechanism not inferred
chr1,136440000,136444999,chr1:135000000-139999999,old_castration_vs_control,logistic,chr1:136440000-136444999,5,0.6630103627319155,0.6630103627319155,225.0,1.0,-0.034884,0.22433808943486028,0.003281,0.247309,0.284399,tissue_confounded,target-associated methylation signal; mechanism not inferred
chr1,186705000,186709999,chr1:185000000-189999999,old_castration_vs_control,logistic,chr1:186705000-186709999,5,0.6612679801919876,-0.6612679801919876,256.6,1.0,0.271803,4.349534265457684e-22,0.0,0.022274,0.02979,candidate_signal,target-associated methylation signal; mechanism not inferred
chr1,102150000,102154999,chr1:100000000-104999999,old_castration_vs_control,logistic,chr1:102150000-102154999,5,0.661249364014789,0.661249364014789,241.6,1.0,-0.08085,0.00490965228245354,0.008203,0.199604,0.234459,candidate_signal,target-associated methylation signal; mechanism not inferred
chr11,113585000,113589999,chr11:110000000-114999999,old_castration_vs_control,logistic,chr11:113585000-113589999,5,0.6602446596921899,0.6602446596921898,269.0,1.0,-0.114038,6.873587102711274e-05,0.004922,0.270771,0.842297,dataset_confounded,target-associated methylation signal; mechanism not inferred
chr9,64125000,64129999,chr9:60000000-64999999,old_castration_vs_control,logistic,chr9:64125000-64129999,5,0.6585600738732867,0.6585600738732867,228.0,0.95,-0.090183,0.001651460067095512,0.003281,0.309916,0.524229,dataset_confounded,target-associated methylation signal; mechanism not inferred
chr6,36990000,36994999,chr6:35000000-39999999,old_castration_vs_control,logistic,chr6:36990000-36994999,5,0.6526210165753452,0.6526210165753452,256.8,1.0,-0.10232,0.00034799236441538257,0.00082,0.103417,0.207808,candidate_signal,target-associated methylation signal; mechanism not inferred
chr7,126445000,126449999,chr7:125000000-129999999,old_castration_vs_control,logistic,chr7:126445000-126449999,4,0.7350354285976978,-0.7350354285976978,61.0,0.8125,-0.114226,6.873397073277733e-05,0.008203,0.27844,0.278746,dataset_confounded,target-associated methylation signal; mechanism not inferred
chr2,172420000,172424999,chr2:170000000-174999999,old_castration_vs_control,logistic,chr2:172420000-172424999,4,0.7156554676409448,0.7156554676409447,94.75,1.0,0.025554,0.3742728064877437,0.006563,0.24198,0.319201,tissue_confounded,target-associated methylation signal; mechanism not inferred
chr2,150840000,150844999,chr2:150000000-154999999,old_castration_vs_control,logistic,chr2:150840000-150844999,4,0.7098321576827542,-0.7098321576827542,111.75,1.0,-0.181056,1.9864133311362914e-10,0.001641,0.227571,0.443152,tissue_confounded,target-associated methylation signal; mechanism not inferred
chr6,34215000,34219999,chr6:30000000-34999999,old_castration_vs_control,logistic,chr6:34215000-34219999,4,0.704701348057313,0.704701348057313,156.75,0.953125,-0.137659,1.6639709665024184e-06,0.013946,0.321483,0.359724,dataset_confounded,target-associated methylation signal; mechanism not inferred
chr5,53265000,53269999,chr5:50000000-54999999,old_castration_vs_control,logistic,chr5:53265000-53269999,4,0.6979458360229981,0.6979458360229981,168.25,1.0,0.072923,0.010870317473273066,0.0,0.080367,0.066198,candidate_signal,target-associated methylation signal; mechanism not inferred
chr16,93825000,93829999,chr16:90000000-94999999,old_castration_vs_control,logistic,chr16:93825000-93829999,4,0.6955809059921805,0.6955809059921804,111.0,1.0,-0.030671,0.28619996350903426,0.006563,0.216214,0.586618,tissue_confounded,target-associated methylation signal; mechanism not inferred
chr3,6260000,6264999,chr3:5000000-9999999,old_castration_vs_control,logistic,chr3:6260000-6264999,4,0.6940369573879247,0.6940369573879247,187.25,1.0,-0.121218,2.2348358145832707e-05,0.001641,0.189199,0.285823,tissue_confounded,target-associated methylation signal; mechanism not inferred
chr11,52840000,52844999,chr11:50000000-54999999,old_castration_vs_control,logistic,chr11:52840000-52844999,4,0.6934207548937398,0.6934207548937399,128.75,1.0,-0.099032,0.0005551943182892273,0.005742,0.278933,0.476174,dataset_confounded,target-associated methylation signal; mechanism not inferred
chr17,48750000,48754999,chr17:45000000-49999999,old_castration_vs_control,logistic,chr17:48750000-48754999,4,0.6896341826835414,0.6896341826835414,115.75,0.859375,-0.055671,0.053655826780049196,0.013946,0.400887,0.464906,dataset_confounded,target-associated methylation signal; mechanism not inferred
chr12,85290000,85294999,chr12:85000000-89999999,old_castration_vs_control,logistic,chr12:85290000-85294999,4,0.6818470734777846,0.6818470734777847,163.75,1.0,-0.024659,0.39006555855729336,0.001641,0.355785,0.553229,dataset_confounded,target-associated methylation signal; mechanism not inferred
chr19,56895000,56899999,chr19:55000000-59999999,old_castration_vs_control,logistic,chr19:56895000-56899999,4,0.6814615227290539,-0.6814615227290539,154.0,1.0,-0.011168,0.6975817941365624,0.004922,0.252223,0.575621,dataset_confounded,target-associated methylation signal; mechanism not inferred
chr10,110770000,110774999,chr10:110000000-114999999,old_castration_vs_control,logistic,chr10:110770000-110774999,4,0.6789911182579889,0.6789911182579889,183.0,0.859375,-0.147549,3.728483670919051e-07,0.035275,0.305569,0.347041,dataset_confounded,target-associated methylation signal; mechanism not inferred
chr18,5590000,5594999,chr18:5000000-9999999,old_castration_vs_control,logistic,chr18:5590000-5594999,4,0.6784200107913078,0.6784200107913078,184.75,1.0,0.178665,3.3389844196891597e-10,0.0,0.040619,0.089515,candidate_signal,target-associated methylation signal; mechanism not inferred
chr16,61330000,61334999,chr16:60000000-64999999,old_castration_vs_control,logistic,chr16:61330000-61334999,4,0.6773766220846639,0.6773766220846639,243.5,1.0,-0.0705,0.014537282668171624,0.014766,0.354807,0.316089,dataset_confounded,target-associated methylation signal; mechanism not inferred
chr14,33105000,33109999,chr14:30000000-34999999,old_castration_vs_control,logistic,chr14:33105000-33109999,4,0.6767630431849824,0.6767630431849824,238.5,0.859375,-0.030904,0.28255565566894136,0.006563,0.180151,0.496908,tissue_confounded,target-associated methylation signal; mechanism not inferred
chr12,7275000,7279999,chr12:5000000-9999999,old_castration_vs_control,logistic,chr12:7275000-7279999,4,0.6764035109766832,0.6764035109766832,222.25,0.859375,-0.088635,0.002108338745192041,0.014766,0.46441,0.428372,dataset_confounded,target-associated methylation signal; mechanism not inferred
chr6,135725000,135729999,chr6:135000000-139999999,old_castration_vs_control,logistic,chr6:135725000-135729999,4,0.6757762393839224,-0.6757762393839224,167.25,0.9375,-0.088671,0.0020023501709937838,0.005742,0.256358,0.353801,dataset_confounded,target-associated methylation signal; mechanism not inferred
chr10,62265000,62269999,chr10:60000000-64999999,old_castration_vs_control,logistic,chr10:62265000-62269999,4,0.6737440932177056,0.6737440932177056,192.25,1.0,0.080828,0.0049753479311713256,0.010664,0.162805,0.388529,tissue_confounded,target-associated methylation signal; mechanism not inferred
chr7,35890000,35894999,chr7:35000000-39999999,old_castration_vs_control,logistic,chr7:35890000-35894999,4,0.6702384823158984,0.6702384823158984,179.5,0.859375,-0.065442,0.023972163959076535,0.02379,0.450885,0.357327,dataset_confounded,target-associated methylation signal; mechanism not inferred
chr15,85935000,85939999,chr15:85000000-89999999,old_castration_vs_control,logistic,chr15:85935000-85939999,4,0.6699213998270611,0.6699213998270611,161.0,1.0,-0.008774,0.7597616098395252,0.001641,0.157634,0.218103,candidate_signal,target-associated methylation signal; mechanism not inferred
chr7,12235000,12239999,chr7:10000000-14999999,old_castration_vs_control,logistic,chr7:12235000-12239999,4,0.6684352175943642,-0.6684352175943642,190.5,0.953125,-0.144724,4.150187165690907e-07,0.004922,0.237639,0.354085,tissue_confounded,target-associated methylation signal; mechanism not inferred
chr7,122100000,122104999,chr7:120000000-124999999,old_castration_vs_control,logistic,chr7:122100000-122104999,4,0.6679310776252896,-0.6679310776252897,177.75,1.0,-0.116719,4.44089910052936e-05,0.00082,0.132062,0.145505,candidate_signal,target-associated methylation signal; mechanism not inferred
chr11,30120000,30124999,chr11:30000000-34999999,old_castration_vs_control,logistic,chr11:30120000-30124999,4,0.6665306932351667,0.6665306932351667,174.75,1.0,-0.191306,1.7388556668396887e-11,0.002461,0.41907,0.494191,dataset_confounded,target-associated methylation signal; mechanism not inferred
chr12,84855000,84859999,chr12:80000000-84999999,old_castration_vs_control,logistic,chr12:84855000-84859999,4,0.6653721986143064,0.6653721986143064,198.5,1.0,-0.008738,0.7608236188634724,0.002461,0.279555,0.229021,dataset_confounded,target-associated methylation signal; mechanism not inferred
chr17,80135000,80139999,chr17:80000000-84999999,old_castration_vs_control,logistic,chr17:80135000-80139999,4,0.6649306137069163,-0.6649306137069163,292.0,1.0,-0.110401,0.00011598503456481696,0.004102,0.371625,0.330919,dataset_confounded,target-associated methylation signal; mechanism not inferred
chr16,20945000,20949999,chr16:20000000-24999999,old_castration_vs_control,logistic,chr16:20945000-20949999,4,0.6631449842049629,0.6631449842049629,302.0,1.0,-0.109259,0.0001356667158715713,0.003281,0.267012,0.341352,dataset_confounded,target-associated methylation signal; mechanism not inferred
chr15,100525000,100529999,chr15:100000000-104999999,old_castration_vs_control,logistic,chr15:100525000-100529999,4,0.662295564513271,0.6622955645132711,235.5,1.0,-0.010771,0.7076106580856034,0.003281,0.266967,0.392329,dataset_confounded,target-associated methylation signal; mechanism not inferred
chr16,90740000,90744999,chr16:90000000-94999999,old_castration_vs_control,logistic,chr16:90740000-90744999,4,0.6589522566878817,0.6589522566878816,280.25,0.90625,-0.163374,1.4049238273389233e-08,0.022149,0.498202,0.616449,dataset_confounded,target-associated methylation signal; mechanism not inferred
chr17,27350000,27354999,chr17:25000000-29999999,old_castration_vs_control,logistic,chr17:27350000-27354999,4,0.6581243870138459,0.6581243870138459,295.25,0.90625,-0.054407,0.05870294811844983,0.009024,0.309678,0.408985,dataset_confounded,target-associated methylation signal; mechanism not inferred
chr13,4525000,4529999,chr13:0-4999999,old_castration_vs_control,logistic,chr13:4525000-4529999,4,0.6575270895894854,0.6575270895894854,279.75,1.0,-0.126604,9.505866156842526e-06,0.002461,0.233139,0.318449,tissue_confounded,target-associated methylation signal; mechanism not inferred
chr17,28020000,28024999,chr17:25000000-29999999,old_castration_vs_control,logistic,chr17:28020000-28024999,4,0.6555302734162324,0.6555302734162324,235.25,1.0,-0.08901,0.001957574230266055,0.009024,0.317055,0.745517,dataset_confounded,target-associated methylation signal; mechanism not inferred
chr8,12700000,12704999,chr8:10000000-14999999,old_castration_vs_control,logistic,chr8:12700000-12704999,4,0.6553863873654938,-0.6553863873654938,227.5,1.0,-0.154746,5.7776284057890194e-08,0.001641,0.216488,0.341495,tissue_confounded,target-associated methylation signal; mechanism not inferred
chr8,24255000,24259999,chr8:20000000-24999999,old_castration_vs_control,logistic,chr8:24255000-24259999,4,0.6553475294031585,0.6553475294031585,254.25,0.84375,-0.127894,9.708535119541996e-06,0.02461,0.33997,0.40119,dataset_confounded,target-associated methylation signal; mechanism not inferred
chr10,80125000,80129999,chr10:80000000-84999999,old_castration_vs_control,logistic,chr10:80125000-80129999,4,0.6551998442426454,0.6551998442426454,226.75,1.0,-0.089057,0.0018803436529839074,0.002461,0.311349,0.290777,dataset_confounded,target-associated methylation signal; mechanism not inferred
chr7,140150000,140154999,chr7:140000000-144999999,old_castration_vs_control,logistic,chr7:140150000-140154999,4,0.6541950447946557,-0.6541950447946557,281.0,1.0,-0.04039,0.15908858810365556,0.001641,0.197584,0.295324,tissue_confounded,target-associated methylation signal; mechanism not inferred
chr4,97865000,97869999,chr4:95000000-99999999,old_castration_vs_control,logistic,chr4:97865000-97869999,4,0.6510593128475506,0.6510593128475506,267.25,1.0,0.21245,7.080451129537756e-14,0.002461,0.65035,0.844638,dataset_confounded,target-associated methylation signal; mechanism not inferred
chr8,57800000,57804999,chr8:55000000-59999999,old_castration_vs_control,logistic,chr8:57800000-57804999,4,0.6502317970289178,-0.6502317970289178,292.0,0.90625,-0.223613,3.5406572417366165e-15,0.007383,0.476809,0.494348,dataset_confounded,target-associated methylation signal; mechanism not inferred
chr3,99585000,99589999,chr3:95000000-99999999,old_castration_vs_control,logistic,chr3:99585000-99589999,4,0.6470691084298558,0.6470691084298558,264.25,1.0,-0.080285,0.005790597657766578,0.031993,0.221648,0.346778,tissue_confounded,target-associated methylation signal; mechanism not inferred
chr19,5995000,5999999,chr19:5000000-9999999,old_castration_vs_control,logistic,chr19:5995000-5999999,4,0.6459681144069083,0.6459681144069083,289.0,0.953125,-0.108731,0.0001471640323955797,0.004102,0.273181,0.249091,dataset_confounded,target-associated methylation signal; mechanism not inferred
chr17,53525000,53529999,chr17:50000000-54999999,old_castration_vs_control,logistic,chr17:53525000-53529999,4,0.644604186593764,0.6446041865937638,295.25,0.8125,-0.093311,0.0012004383794530869,0.013946,0.342454,0.500523,dataset_confounded,target-associated methylation signal; mechanism not inferred
chr16,81200000,81204999,chr16:80000000-84999999,old_castration_vs_control,logistic,chr16:81200000-81204999,4,0.6379141438553018,-0.6379141438553018,348.25,1.0,0.255029,1.548716413805759e-19,0.00082,0.050892,0.046047,candidate_signal,target-associated methylation signal; mechanism not inferred
chr10,121380000,121384999,chr10:120000000-124999999,old_castration_vs_control,logistic,chr10:121380000-121384999,4,0.632467143165964,0.632467143165964,377.0,1.0,0.060892,0.03359496746358496,0.00082,0.271244,0.302652,dataset_confounded,target-associated methylation signal; mechanism not inferred
chr2,156045000,156049999,chr2:155000000-159999999,old_castration_vs_control,logistic,chr2:156045000-156049999,3,0.736462758925283,0.7364627589252831,99.0,1.0,-0.027131,0.34450295551651333,0.002461,0.19344,0.299931,tissue_confounded,target-associated methylation signal; mechanism not inferred
chr4,64530000,64534999,chr4:60000000-64999999,old_castration_vs_control,logistic,chr4:64530000-64534999,3,0.7308679132326729,0.7308679132326729,107.66666666666667,0.8333333333333334,-0.091386,0.0016226432550304217,0.026251,0.272686,0.30688,dataset_confounded,target-associated methylation signal; mechanism not inferred
chr9,36940000,36944999,chr9:35000000-39999999,old_castration_vs_control,logistic,chr9:36940000-36944999,3,0.7259586221243556,-0.7259586221243556,64.66666666666667,1.0,-0.026655,0.3528371969784431,0.001641,0.270844,0.33332,dataset_confounded,target-associated methylation signal; mechanism not inferred
chr14,11225000,11229999,chr14:10000000-14999999,old_castration_vs_control,logistic,chr14:11225000-11229999,3,0.7204687435045605,-0.7204687435045605,66.66666666666667,1.0,-0.150275,1.4369673428319806e-07,0.004102,0.203345,0.334664,tissue_confounded,target-associated methylation signal; mechanism not inferred
chr18,12710000,12714999,chr18:10000000-14999999,old_castration_vs_control,logistic,chr18:12710000-12714999,3,0.7069661985081256,0.7069661985081256,137.0,1.0,-0.003962,0.890260355101447,0.003281,0.464649,0.459144,dataset_confounded,target-associated methylation signal; mechanism not inferred
chr3,108860000,108864999,chr3:105000000-109999999,old_castration_vs_control,logistic,chr3:108860000-108864999,3,0.7059762003844661,0.7059762003844661,125.0,1.0,-0.048996,0.08753903518998105,0.001641,0.211709,0.299759,tissue_confounded,target-associated methylation signal; mechanism not inferred
chr1,63985000,63989999,chr1:60000000-64999999,old_castration_vs_control,logistic,chr1:63985000-63989999,3,0.7044883164179151,0.7044883164179151,180.66666666666666,0.9583333333333334,-0.156335,4.3707736499423356e-08,0.004102,0.277607,0.399664,dataset_confounded,target-associated methylation signal; mechanism not inferred
chr1,88705000,88709999,chr1:85000000-89999999,old_castration_vs_control,logistic,chr1:88705000-88709999,3,0.7019013072316586,0.7019013072316586,136.33333333333334,0.9583333333333334,0.176142,7.210121041881043e-10,0.009844,0.083462,0.06189,candidate_signal,target-associated methylation signal; mechanism not inferred
chr4,114990000,114994999,chr4:110000000-114999999,old_castration_vs_control,logistic,chr4:114990000-114994999,3,0.7004145318263406,0.7004145318263406,156.33333333333334,0.8333333333333334,-0.065751,0.022569822671343356,0.013126,0.259221,0.402766,dataset_confounded,target-associated methylation signal; mechanism not inferred
chr2,158195000,158199999,chr2:155000000-159999999,old_castration_vs_control,logistic,chr2:158195000-158199999,3,0.7002779243474387,0.7002779243474387,164.33333333333334,0.9166666666666666,-0.149461,1.6997961717552503e-07,0.004922,0.251744,0.325239,dataset_confounded,target-associated methylation signal; mechanism not inferred
chr17,47875000,47879999,chr17:45000000-49999999,old_castration_vs_control,logistic,chr17:47875000-47879999,3,0.6956579139753384,-0.6956579139753383,101.33333333333333,1.0,0.040819,0.1543633836362944,0.0,0.339097,0.566406,dataset_confounded,target-associated methylation signal; mechanism not inferred
chr9,122860000,122864999,chr9:120000000-124999999,sex_binary,logistic,chr9:122860000-122864999,3,0.4252528411139944,-0.4252528411139944,10.666666666666666,0.993344094587229,-0.148694,1.9677878247724758e-07,0.004922,0.404514,0.44418,dataset_confounded,target-associated methylation signal; mechanism not inferred
chr9,63760000,63764999,chr9:60000000-64999999,sex_binary,logistic,chr9:63760000-63764999,3,0.40108174714557693,-0.40108174714557693,90.66666666666667,0.9958311961359332,-0.11387,6.949511458937981e-05,0.003281,0.291772,0.873013,dataset_confounded,target-associated methylation signal; mechanism not inferred
chr6,58675000,58679999,chr6:55000000-59999999,sex_binary,logistic,chr6:58675000-58679999,3,0.39789845059368867,-0.39789845059368867,87.0,0.9966720472936146,-0.166319,5.396366887736088e-09,0.002461,0.198683,0.316457,tissue_confounded,target-associated methylation signal; mechanism not inferred
chr18,81435000,81439999,chr18:80000000-84999999,sex_binary,logistic,chr18:81435000-81439999,3,0.3951647485778718,-0.39516474857787176,47.0,0.9969405137047284,-0.145644,3.420531252750066e-07,0.003281,0.371045,0.427347,dataset_confounded,target-associated methylation signal; mechanism not inferred
chr9,110315000,110319999,chr9:110000000-114999999,sex_binary,logistic,chr9:110315000-110319999,3,0.3937022073910885,-0.3937022073910885,46.0,0.9702222000419548,-0.132963,4.335590822869616e-06,0.027071,0.32539,0.3663,dataset_confounded,target-associated methylation signal; mechanism not inferred
chr9,99690000,99694999,chr9:95000000-99999999,sex_binary,logistic,chr9:99690000-99694999,3,0.39073281648484337,-0.39073281648484337,239.33333333333334,0.9868857517368923,-0.130539,5.6122622121990826e-06,0.013946,0.261594,0.514814,dataset_confounded,target-associated methylation signal; mechanism not inferred
chr12,56900000,56904999,chr12:55000000-59999999,sex_binary,logistic,chr12:56900000-56904999,3,0.389384838623222,-0.389384838623222,86.0,0.9788875142685521,-0.14412,5.404768089340161e-07,0.016407,0.355689,0.487497,dataset_confounded,target-associated methylation signal; mechanism not inferred
chr18,12725000,12729999,chr18:10000000-14999999,sex_binary,logistic,chr18:12725000-12729999,3,0.3891334598895053,-0.3891334598895053,84.33333333333333,0.9969405137047284,-0.152325,9.65642446044272e-08,0.004102,0.350177,0.399465,dataset_confounded,target-associated methylation signal; mechanism not inferred
chr2,168440000,168444999,chr2:165000000-169999999,sex_binary,logistic,chr2:168440000-168444999,3,0.3886403190109487,-0.3886403190109487,139.33333333333334,0.9977813648624098,-0.112624,8.236035735518322e-05,0.001641,0.406475,0.486481,dataset_confounded,target-associated methylation signal; mechanism not inferred
chr13,93580000,93584999,chr13:90000000-94999999,sex_binary,logistic,chr13:93580000-93584999,3,0.38478833438886334,-0.38478833438886334,139.0,0.9955272778004796,-0.147703,2.348206765792941e-07,0.004102,0.306388,0.475836,dataset_confounded,target-associated methylation signal; mechanism not inferred
chr3,22005000,22009999,chr3:20000000-24999999,sex_binary,logistic,chr3:22005000-22009999,3,0.3832816063511802,-0.3832816063511802,137.66666666666666,0.9944534121560241,-0.105113,0.0002480714602050293,0.006563,0.321189,0.261816,dataset_confounded,target-associated methylation signal; mechanism not inferred
chr4,115625000,115629999,chr4:115000000-119999999,sex_binary,logistic,chr4:115625000-115629999,3,0.3827291556016781,-0.3827291556016781,194.0,0.9966720472936146,-0.158602,2.7665848739934428e-08,0.004102,0.231812,0.351997,tissue_confounded,target-associated methylation signal; mechanism not inferred
chr10,84880000,84884999,chr10:80000000-84999999,sex_binary,logistic,chr10:84880000-84884999,3,0.3825111357363011,-0.3825111357363011,108.33333333333333,0.9924677915052079,-0.216868,2.4639078808198626e-14,0.008203,0.317284,0.38413,dataset_confounded,target-associated methylation signal; mechanism not inferred
chr1,133505000,133509999,chr1:130000000-134999999,sex_binary,logistic,chr1:133505000-133509999,3,0.3799852178256838,-0.3799852178256839,166.33333333333334,0.9966720472936146,-0.153609,7.41699066551091e-08,0.003281,0.361941,0.432473,dataset_confounded,target-associated methylation signal; mechanism not inferred
chr11,114350000,114354999,chr11:110000000-114999999,sex_binary,logistic,chr11:114350000-114354999,3,0.37586630794189047,-0.37586630794189047,243.0,0.9889068243120485,-0.134152,2.8561036147317876e-06,0.008203,0.353671,0.328529,dataset_confounded,target-associated methylation signal; mechanism not inferred
chr3,109080000,109084999,chr3:105000000-109999999,sex_binary,logistic,chr3:109080000-109084999,3,0.37407325812035247,-0.37407325812035247,236.0,0.9955627297248194,-0.105687,0.00022384342551190608,0.003281,0.461652,0.424536,dataset_confounded,target-associated methylation signal; mechanism not inferred
chr14,118205000,118209999,chr14:115000000-119999999,sex_binary,logistic,chr14:118205000-118209999,3,0.3737530920263234,-0.3737530920263234,305.3333333333333,0.9830913094166082,-0.137835,1.6957889038550372e-06,0.018048,0.313102,0.278259,dataset_confounded,target-associated methylation signal; mechanism not inferred
chr19,30300000,30304999,chr19:30000000-34999999,sex_binary,logistic,chr19:30300000-30304999,3,0.3725679745083954,-0.3725679745083954,288.0,0.9902137044432777,-0.183712,1.270255068697088e-10,0.009844,0.30791,0.363864,dataset_confounded,target-associated methylation signal; mechanism not inferred
chr13,54730000,54734999,chr13:50000000-54999999,sex_binary,logistic,chr13:54730000-54734999,3,0.37238223971921985,-0.37238223971921985,285.6666666666667,0.9949903449782518,-0.142573,6.36677118996973e-07,0.007383,0.435425,0.502268,dataset_confounded,target-associated methylation signal; mechanism not inferred
chr19,53640000,53644999,chr19:50000000-54999999,sex_binary,logistic,chr19:53640000-53644999,3,0.371820653166339,-0.37182065316633905,304.3333333333333,0.9855788716056629,-0.171949,1.8556111460089447e-09,0.010664,0.40784,0.400785,dataset_confounded,target-associated methylation signal; mechanism not inferred
chr5,77550000,77554999,chr5:75000000-79999999,sex_binary,logistic,chr5:77550000-77554999,3,0.3715276802606738,-0.3715276802606739,317.3333333333333,0.9877975067432532,-0.172375,1.6384331960242286e-09,0.009024,0.417075,0.513088,dataset_confounded,target-associated methylation signal; mechanism not inferred
chr15,101600000,101604999,chr15:100000000-104999999,sex_binary,logistic,chr15:101600000-101604999,3,0.3704104729871802,-0.3704104729871802,352.3333333333333,0.9855788716056629,-0.155546,5.660745958232678e-08,0.010664,0.330538,0.375663,dataset_confounded,target-associated methylation signal; mechanism not inferred
chr18,35685000,35689999,chr18:35000000-39999999,sex_binary,logistic,chr18:35685000-35689999,3,0.370185771902773,-0.370185771902773,371.6666666666667,0.9716946760335535,-0.151746,1.3918354260273736e-07,0.021329,0.321707,0.428446,dataset_confounded,target-associated methylation signal; mechanism not inferred
chr1,143740000,143744999,chr1:140000000-144999999,sex_binary,logistic,chr1:143740000-143744999,3,0.369624293665213,-0.369624293665213,411.0,0.9818406447908042,-0.153044,1.0329677812660607e-07,0.018048,0.374948,0.438268,dataset_confounded,target-associated methylation signal; mechanism not inferred
chr7,97050000,97054999,chr7:95000000-99999999,sex_binary,logistic,chr7:97050000-97054999,2,0.5103807560813032,-0.5103807560813032,1.0,0.9592862982684165,0.012587,0.6647338457495792,0.025431,0.475625,0.384309,dataset_confounded,target-associated methylation signal; mechanism not inferred
chr11,13390000,13394999,chr11:10000000-14999999,sex_binary,logistic,chr11:13390000-13394999,2,0.46718588452019194,-0.46718588452019194,17.0,0.989769820971867,-0.018393,0.5247658486716049,0.017227,0.183174,0.249034,candidate_signal,target-associated methylation signal; mechanism not inferred
chr3,130045000,130049999,chr3:130000000-134999999,sex_binary,logistic,chr3:130045000-130049999,2,0.4596546006180704,-0.4596546006180704,8.0,0.9966720472936146,0.012177,0.6715448103993699,0.003281,0.296913,0.33398,dataset_confounded,target-associated methylation signal; mechanism not inferred
chr3,90870000,90874999,chr3:90000000-94999999,sex_binary,logistic,chr3:90870000-90874999,2,0.4350681612235044,-0.4350681612235044,3.0,0.9974424552429668,-0.146713,2.8308115035433274e-07,0.004102,0.430717,0.588717,dataset_confounded,target-associated methylation signal; mechanism not inferred
chr10,8185000,8189999,chr10:5000000-9999999,sex_binary,logistic,chr10:8185000-8189999,2,0.42217999974427267,-0.42217999974427267,7.0,0.9728563067017852,-0.182995,1.9510324949210392e-10,0.022149,0.224485,0.321127,tissue_confounded,target-associated methylation signal; mechanism not inferred
chr3,14345000,14349999,chr3:10000000-14999999,sex_binary,logistic,chr3:14345000-14349999,2,0.421194226973005,-0.421194226973005,5.5,0.9841553104044993,-0.176804,7.803501930195849e-10,0.021329,0.200716,0.369085,tissue_confounded,target-associated methylation signal; mechanism not inferred
chr10,83090000,83094999,chr10:80000000-84999999,sex_binary,logistic,chr10:83090000-83094999,2,0.4166225420375573,-0.4166225420375573,7.0,0.998081841432225,-0.120569,2.5512557234661045e-05,0.004922,0.289873,0.325253,dataset_confounded,target-associated methylation signal; mechanism not inferred
chr4,63080000,63084999,chr4:60000000-64999999,sex_binary,logistic,chr4:63080000-63084999,2,0.4159466426524491,-0.4159466426524491,281.5,0.9926086779218661,-0.242443,1.4031240838984537e-17,0.011485,0.433623,0.50211,dataset_confounded,target-associated methylation signal; mechanism not inferred
chr17,34820000,34824999,chr17:30000000-34999999,sex_binary,logistic,chr17:34820000-34824999,2,0.41130456399119014,-0.41130456399119014,9.0,0.9842427886144725,-0.092948,0.0012907217067064563,0.018868,0.293181,0.378169,dataset_confounded,target-associated methylation signal; mechanism not inferred
chr7,45790000,45794999,chr7:45000000-49999999,sex_binary,logistic,chr7:45790000-45794999,2,0.41037002881247797,-0.41037002881247797,11.5,0.9987212276214834,-0.062117,0.030246144517480124,0.001641,0.1597,0.273285,tissue_confounded,target-associated methylation signal; mechanism not inferred
chr18,12710000,12714999,chr18:10000000-14999999,sex_binary,logistic,chr18:12710000-12714999,2,0.4077128034027546,-0.4077128034027546,14.5,0.9966720472936146,-0.003962,0.890260355101447,0.003281,0.464649,0.459144,dataset_confounded,target-associated methylation signal; mechanism not inferred
chr4,79415000,79419999,chr4:75000000-79999999,sex_binary,logistic,chr4:79415000-79419999,2,0.4071177670870434,-0.4071177670870434,40.5,0.9528845750702277,0.085846,0.0032431927392143687,0.036916,0.331225,0.360961,dataset_confounded,target-associated methylation signal; mechanism not inferred
chr12,17450000,17454999,chr12:15000000-19999999,sex_binary,logistic,chr12:17450000-17454999,2,0.40650002266862884,-0.40650002266862884,15.0,0.9721469379445484,-0.195295,1.3704616393759502e-11,0.033634,0.304583,0.369381,dataset_confounded,target-associated methylation signal; mechanism not inferred
chr8,47525000,47529999,chr8:45000000-49999999,sex_binary,logistic,chr8:47525000-47529999,2,0.40210730070169926,-0.40210730070169926,12.0,0.998081841432225,-0.138354,1.2795458349106773e-06,0.002461,0.193508,0.325219,tissue_confounded,target-associated methylation signal; mechanism not inferred
chr5,104015000,104019999,chr5:100000000-104999999,sex_binary,logistic,chr5:104015000-104019999,2,0.4003335669317035,-0.4003335669317035,59.0,0.988508544235345,-0.216732,3.2684001070268225e-14,0.016407,0.34843,0.350185,dataset_confounded,target-associated methylation signal; mechanism not inferred
chr4,63130000,63134999,chr4:60000000-64999999,sex_binary,logistic,chr4:63130000-63134999,2,0.39273580528673435,-0.39273580528673435,16.0,0.9841203191205099,-0.160669,2.4382573219878798e-08,0.022149,0.20678,0.270493,tissue_confounded,target-associated methylation signal; mechanism not inferred
chr5,137690000,137694999,chr5:135000000-139999999,sex_binary,logistic,chr5:137690000-137694999,2,0.3925438016886661,-0.3925438016886661,16.5,0.9968205646957031,-0.10983,0.00012505719785200594,0.003281,0.335878,0.445537,dataset_confounded,target-associated methylation signal; mechanism not inferred
chr14,111215000,111219999,chr14:110000000-114999999,sex_binary,logistic,chr14:111215000-111219999,2,0.3907014677487888,-0.3907014677487888,30.0,0.9966720472936146,-0.085477,0.0028423095723191312,0.001641,0.410917,0.485627,dataset_confounded,target-associated methylation signal; mechanism not inferred
chr17,89450000,89454999,chr17:85000000-89999999,sex_binary,logistic,chr17:89450000-89454999,2,0.3905946783594486,-0.3905946783594486,17.0,0.9974599508849613,-0.189739,2.6500491869044606e-11,0.004102,0.425764,0.60574,dataset_confounded,target-associated methylation signal; mechanism not inferred
chr4,150275000,150279999,chr4:150000000-154999999,sex_binary,logistic,chr4:150275000-150279999,2,0.38841101955372737,-0.38841101955372737,19.0,0.9904441984451146,-0.186276,7.061591770995652e-11,0.010664,0.509596,0.571636,dataset_confounded,target-associated methylation signal; mechanism not inferred
chr10,41495000,41499999,chr10:40000000-44999999,sex_binary,logistic,chr10:41495000-41499999,2,0.38823654720729106,-0.38823654720729106,24.5,0.9602435393365653,-0.142172,8.833065124748648e-07,0.027071,0.287718,0.293777,dataset_confounded,target-associated methylation signal; mechanism not inferred
chr10,19235000,19239999,chr10:15000000-19999999,sex_binary,logistic,chr10:19235000-19239999,2,0.3866049851995171,-0.3866049851995171,38.5,0.9966720472936146,-0.047447,0.09817627727496973,0.002461,0.098333,0.175717,candidate_signal,target-associated methylation signal; mechanism not inferred
chr17,53800000,53804999,chr17:50000000-54999999,sex_binary,logistic,chr17:53800000-53804999,2,0.38400063004140117,-0.38400063004140117,115.0,0.9659815102092155,0.085035,0.003967509884659056,0.059885,0.260799,0.541999,dataset_confounded,target-associated methylation signal; mechanism not inferred
chr17,31955000,31959999,chr17:30000000-34999999,sex_binary,logistic,chr17:31955000-31959999,2,0.3835276781202738,-0.3835276781202738,21.0,0.9818077133514016,-0.174953,1.1209384670738336e-09,0.018868,0.244169,0.445828,tissue_confounded,target-associated methylation signal; mechanism not inferred
chr14,20190000,20194999,chr14:20000000-24999999,sex_binary,logistic,chr14:20190000-20194999,2,0.38333751038025776,-0.38333751038025776,29.0,0.9929842475601531,-0.149255,1.85260119056921e-07,0.008203,0.286391,0.395933,dataset_confounded,target-associated methylation signal; mechanism not inferred
chr18,12685000,12689999,chr18:10000000-14999999,sex_binary,logistic,chr18:12685000-12689999,2,0.3818160152338549,-0.3818160152338549,32.0,0.9838764622028426,-0.094776,0.0009877681430047285,0.011485,0.354653,0.354625,dataset_confounded,target-associated methylation signal; mechanism not inferred
chr10,40295000,40299999,chr10:40000000-44999999,sex_binary,logistic,chr10:40295000-40299999,2,0.37838295585642057,-0.37838295585642057,28.5,0.9974424552429668,-0.177124,5.072870691680556e-10,0.003281,0.424142,0.632495,dataset_confounded,target-associated methylation signal; mechanism not inferred
chr7,24565000,24569999,chr7:20000000-24999999,sex_binary,logistic,chr7:24565000-24569999,2,0.37836293548559585,-0.37836293548559585,118.0,0.9987212276214834,-0.190394,2.2589742636636937e-11,0.004102,0.310189,0.384534,dataset_confounded,target-associated methylation signal; mechanism not inferred
chr18,84180000,84184999,chr18:80000000-84999999,sex_binary,logistic,chr18:84180000-84184999,2,0.37712641464274854,-0.37712641464274854,53.5,0.9704493522284181,-0.105538,0.0002782637643925874,0.030353,0.291554,0.347131,dataset_confounded,target-associated methylation signal; mechanism not inferred
chr5,32520000,32524999,chr5:30000000-34999999,sex_binary,logistic,chr5:32520000-32524999,2,0.37710504070193684,-0.37710504070193684,52.0,0.9865728900255755,-0.138575,1.5827553629856185e-06,0.02297,0.249394,0.324801,tissue_confounded,target-associated methylation signal; mechanism not inferred
chr3,121635000,121639999,chr3:120000000-124999999,sex_binary,logistic,chr3:121635000-121639999,2,0.37647559992223123,-0.37647559992223123,30.5,0.9961811785064447,-0.171338,1.876103294570719e-09,0.004102,0.378738,0.456373,dataset_confounded,target-associated methylation signal; mechanism not inferred
chr14,66095000,66099999,chr14:65000000-69999999,sex_binary,logistic,chr14:66095000-66099999,2,0.37595735732239355,-0.37595735732239355,32.5,0.9670843353564658,-0.125372,1.527761417770761e-05,0.029532,0.330245,0.416287,dataset_confounded,target-associated methylation signal; mechanism not inferred
chr2,157655000,157659999,chr2:155000000-159999999,sex_binary,logistic,chr2:157655000-157659999,2,0.3735314217455159,-0.3735314217455159,52.0,0.9927047083979708,0.072309,0.01173062438885077,0.004102,0.227378,0.202332,candidate_signal,target-associated methylation signal; mechanism not inferred
chr3,113235000,113239999,chr3:110000000-114999999,sex_binary,logistic,chr3:113235000-113239999,2,0.3722564246038994,-0.3722564246038994,43.0,0.9886135180873128,-0.171197,2.120677786826071e-09,0.009024,0.30913,0.477004,dataset_confounded,target-associated methylation signal; mechanism not inferred
chr10,50150000,50154999,chr10:50000000-54999999,sex_binary,logistic,chr10:50150000-50154999,2,0.3720500911546478,-0.3720500911546478,57.5,0.9764658714519308,-0.1077,0.0002012317871285051,0.026251,0.320525,0.412294,dataset_confounded,target-associated methylation signal; mechanism not inferred
chr4,50165000,50169999,chr4:50000000-54999999,sex_binary,logistic,chr4:50165000-50169999,2,0.37127788254881466,-0.37127788254881466,67.5,0.9873697369927854,-0.088792,0.0020345652801294157,0.011485,0.100165,0.221186,candidate_signal,target-associated methylation signal; mechanism not inferred
chr4,135880000,135884999,chr4:135000000-139999999,sex_binary,logistic,chr4:135880000-135884999,2,0.3705188153074762,-0.3705188153074762,71.0,0.9974424552429668,-0.201521,1.3410378463874125e-12,0.003281,0.302898,0.41369,dataset_confounded,target-associated methylation signal; mechanism not inferred
chr5,92610000,92614999,chr5:90000000-94999999,sex_binary,logistic,chr5:92610000-92614999,2,0.36903768669312675,-0.36903768669312675,52.0,0.998081841432225,-0.129288,6.10318724912648e-06,0.002461,0.334634,0.314846,dataset_confounded,target-associated methylation signal; mechanism not inferred
chr17,24445000,24449999,chr17:20000000-24999999,sex_binary,logistic,chr17:24445000-24449999,2,0.3689211234784092,-0.3689211234784092,52.0,0.9968030690537084,-0.198025,3.504035120582635e-12,0.005742,0.202895,0.28692,tissue_confounded,target-associated methylation signal; mechanism not inferred
chr9,104265000,104269999,chr9:100000000-104999999,sex_binary,logistic,chr9:104265000-104269999,2,0.368463123092145,-0.368463123092145,67.5,0.9961986741484394,-0.175997,6.547750175371886e-10,0.003281,0.362373,0.413171,dataset_confounded,target-associated methylation signal; mechanism not inferred
chr7,119590000,119594999,chr7:115000000-119999999,sex_binary,logistic,chr7:119590000-119594999,2,0.3679055969377965,-0.3679055969377965,93.0,0.9910835846343728,-0.134616,2.7392567731212875e-06,0.011485,0.323411,0.3487,dataset_confounded,target-associated methylation signal; mechanism not inferred
chr9,15500000,15504999,chr9:15000000-19999999,sex_binary,logistic,chr9:15500000-15504999,2,0.36730539437724263,-0.36730539437724263,52.5,0.9815102874374928,-0.153967,9.419317363782141e-08,0.02379,0.298114,0.344652,dataset_confounded,target-associated methylation signal; mechanism not inferred
chr8,118025000,118029999,chr8:115000000-119999999,sex_binary,logistic,chr8:118025000-118029999,2,0.3672884538418809,-0.3672884538418809,82.0,0.9837454404427488,-0.135893,2.134545673282849e-06,0.009024,0.262643,0.386556,dataset_confounded,target-associated methylation signal; mechanism not inferred
chr7,88780000,88784999,chr7:85000000-89999999,sex_binary,logistic,chr7:88780000-88784999,2,0.367033202796366,-0.367033202796366,67.5,0.9974424552429668,-0.098748,0.0005669920361032048,0.003281,0.331,0.336745,dataset_confounded,target-associated methylation signal; mechanism not inferred
chr7,19015000,19019999,chr7:15000000-19999999,sex_binary,logistic,chr7:19015000-19019999,2,0.3668058443368992,-0.3668058443368992,95.5,0.995393274915098,-0.076439,0.007710457616004087,0.004102,0.364288,0.481616,dataset_confounded,target-associated methylation signal; mechanism not inferred
chr3,18195000,18199999,chr3:15000000-19999999,sex_binary,logistic,chr3:18195000-18199999,2,0.36641445383864835,-0.36641445383864835,58.0,0.9968030690537084,-0.182681,1.456152258680596e-10,0.004922,0.271463,0.334017,dataset_confounded,target-associated methylation signal; mechanism not inferred
chr12,110390000,110394999,chr12:110000000-114999999,sex_binary,logistic,chr12:110390000-110394999,2,0.3663942907868909,-0.3663942907868909,84.5,0.9847700306066831,-0.109562,0.00013589938861377688,0.009024,0.417748,0.411795,dataset_confounded,target-associated methylation signal; mechanism not inferred
chr16,70330000,70334999,chr16:70000000-74999999,sex_binary,logistic,chr16:70330000-70334999,2,0.3658761609554708,-0.3658761609554708,239.5,0.9399815521361787,-0.186994,1.2107016943198452e-10,0.042658,0.335517,0.444266,dataset_confounded,target-associated methylation signal; mechanism not inferred
chr7,14595000,14599999,chr7:10000000-14999999,sex_binary,logistic,chr7:14595000-14599999,2,0.36512519647559516,-0.36512519647559516,256.0,0.9900161418808435,-0.179543,3.119132007414946e-10,0.006563,0.293153,0.354292,dataset_confounded,target-associated methylation signal; mechanism not inferred
chr10,75500000,75504999,chr10:75000000-79999999,sex_binary,logistic,chr10:75500000-75504999,2,0.3650787049060298,-0.3650787049060298,65.0,0.9929667519181586,-0.116581,4.873711479396568e-05,0.009024,0.327928,0.314443,dataset_confounded,target-associated methylation signal; mechanism not inferred
chr1,55325000,55329999,chr1:55000000-59999999,sex_binary,logistic,chr1:55325000-55329999,2,0.36492169905731675,-0.36492169905731675,150.0,0.9866078813095647,-0.065664,0.023264537747118744,0.020509,0.265101,0.445075,dataset_confounded,target-associated methylation signal; mechanism not inferred
chr7,75865000,75869999,chr7:75000000-79999999,sex_binary,logistic,chr7:75865000-75869999,2,0.3647506837619052,-0.3647506837619052,66.0,0.998081841432225,-0.056964,0.047125423278656105,0.003281,0.240252,0.206411,candidate_signal,target-associated methylation signal; mechanism not inferred
chr7,127650000,127654999,chr7:125000000-129999999,sex_binary,logistic,chr7:127650000-127654999,2,0.3643047310990306,-0.3643047310990306,73.5,0.9987212276214834,-0.142367,6.201929083797887e-07,0.002461,0.341715,0.376243,dataset_confounded,target-associated methylation signal; mechanism not inferred
chr5,33125000,33129999,chr5:30000000-34999999,sex_binary,logistic,chr5:33125000-33129999,2,0.3640737831628378,-0.3640737831628378,66.5,0.998081841432225,-0.123003,1.726339046456709e-05,0.004102,0.396831,0.422909,dataset_confounded,target-associated methylation signal; mechanism not inferred
chr10,94690000,94694999,chr10:90000000-94999999,sex_binary,logistic,chr10:94690000-94694999,2,0.3639726937824942,-0.3639726937824942,100.0,0.9987212276214834,-0.118211,3.589442854392198e-05,0.002461,0.258184,0.261851,dataset_confounded,target-associated methylation signal; mechanism not inferred
chr1,181190000,181194999,chr1:180000000-184999999,sex_binary,logistic,chr1:181190000-181194999,2,0.36391625746528533,-0.36391625746528533,134.0,0.9391272902603665,-0.083,0.0055938178395409325,0.086957,0.200754,0.181322,candidate_signal,target-associated methylation signal; mechanism not inferred
chr3,95415000,95419999,chr3:95000000-99999999,sex_binary,logistic,chr3:95415000-95419999,2,0.36307127824411095,-0.36307127824411095,75.5,0.9993606138107417,-0.112247,8.644813825316966e-05,0.00082,0.197783,0.226797,candidate_signal,target-associated methylation signal; mechanism not inferred
chr9,31960000,31964999,chr9:30000000-34999999,sex_binary,logistic,chr9:31960000-31964999,2,0.36267664182561343,-0.36267664182561343,82.5,0.998081841432225,-0.252284,4.1349230446386423e-19,0.002461,0.498073,0.674391,dataset_confounded,target-associated methylation signal; mechanism not inferred
chr1,58080000,58084999,chr1:55000000-59999999,sex_binary,logistic,chr1:58080000-58084999,2,0.3623982165202656,-0.3623982165202656,137.0,0.993344094587229,-0.072076,0.011970607846979897,0.003281,0.318658,0.322887,dataset_confounded,target-associated methylation signal; mechanism not inferred
chr13,9880000,9884999,chr13:5000000-9999999,sex_binary,logistic,chr13:9880000-9884999,2,0.3622370389980839,-0.3622370389980839,81.5,0.9438119504777901,-0.180386,5.145896012706505e-10,0.040197,0.38355,0.494035,dataset_confounded,target-associated methylation signal; mechanism not inferred
chr1,56050000,56054999,chr1:55000000-59999999,sex_binary,logistic,chr1:56050000-56054999,2,0.3620647503748904,-0.3620647503748904,119.5,0.9900161418808435,-0.12259,1.872568233819345e-05,0.005742,0.350655,0.413756,dataset_confounded,target-associated methylation signal; mechanism not inferred
chr8,111110000,111114999,chr8:110000000-114999999,sex_binary,logistic,chr8:111110000-111114999,2,0.36166488558940096,-0.36166488558940096,86.0,0.9936761206753955,-0.138771,1.2243542510496542e-06,0.004922,0.202095,0.313772,tissue_confounded,target-associated methylation signal; mechanism not inferred
chr18,9320000,9324999,chr18:5000000-9999999,sex_binary,logistic,chr18:9320000-9324999,2,0.3610063519705219,-0.3610063519705219,94.5,0.9847072183837844,-0.147641,3.346028326257873e-07,0.028712,0.325574,0.371567,dataset_confounded,target-associated methylation signal; mechanism not inferred
chr13,106270000,106274999,chr13:105000000-109999999,sex_binary,logistic,chr13:106270000-106274999,2,0.36080863553967635,-0.36080863553967635,136.0,0.9839996226573309,-0.098918,0.000600338335706176,0.015587,0.298108,0.283962,dataset_confounded,target-associated methylation signal; mechanism not inferred
chr18,76145000,76149999,chr18:75000000-79999999,sex_binary,logistic,chr18:76145000-76149999,2,0.3604551019883204,-0.3604551019883204,124.0,0.9987212276214834,-0.083615,0.0035242403592506046,0.002461,0.276923,0.465054,dataset_confounded,target-associated methylation signal; mechanism not inferred
chr1,161470000,161474999,chr1:160000000-164999999,sex_binary,logistic,chr1:161470000-161474999,2,0.3602583216530536,-0.3602583216530536,161.5,0.9966720472936146,-0.091115,0.001462917009285701,0.001641,0.319981,0.477726,dataset_confounded,target-associated methylation signal; mechanism not inferred
chr17,63280000,63284999,chr17:60000000-64999999,sex_binary,logistic,chr17:63280000-63284999,2,0.36005559284641353,-0.36005559284641353,140.5,0.9717281246069347,-0.161273,2.4379795104857416e-08,0.029532,0.31377,0.365641,dataset_confounded,target-associated methylation signal; mechanism not inferred
chr7,131250000,131254999,chr7:130000000-134999999,sex_binary,logistic,chr7:131250000-131254999,2,0.3599235448990061,-0.3599235448990061,167.5,0.9916801182340362,-0.13264,3.5306766681786926e-06,0.004102,0.276409,0.330188,dataset_confounded,target-associated methylation signal; mechanism not inferred
chr6,117245000,117249999,chr6:115000000-119999999,sex_binary,logistic,chr6:117245000-117249999,2,0.35981039410584387,-0.35981039410584387,106.5,0.9797845809316589,-0.176469,7.878220469248257e-10,0.018048,0.322888,0.353008,dataset_confounded,target-associated methylation signal; mechanism not inferred
chr13,59370000,59374999,chr13:55000000-59999999,sex_binary,logistic,chr13:59370000-59374999,2,0.3597834060594654,-0.3597834060594654,156.0,0.9866881891744581,-0.138331,1.350968529895157e-06,0.006563,0.367722,0.4803,dataset_confounded,target-associated methylation signal; mechanism not inferred
chr8,11730000,11734999,chr8:10000000-14999999,sex_binary,logistic,chr8:11730000-11734999,2,0.359596030225958,-0.359596030225958,109.0,0.998081841432225,-0.152974,8.299998439260894e-08,0.002461,0.267813,0.369813,dataset_confounded,target-associated methylation signal; mechanism not inferred
chr12,82775000,82779999,chr12:80000000-84999999,sex_binary,logistic,chr12:82775000-82779999,2,0.35955287512198286,-0.35955287512198286,103.5,0.998081841432225,-0.190116,2.3283636211815394e-11,0.002461,0.467879,0.532144,dataset_confounded,target-associated methylation signal; mechanism not inferred
chr7,94630000,94634999,chr7:90000000-94999999,sex_binary,logistic,chr7:94630000-94634999,2,0.35936747939972863,-0.35936747939972863,130.0,0.9835159242152409,-0.157524,4.1259298449581836e-08,0.015587,0.498816,0.50769,dataset_confounded,target-associated methylation signal; mechanism not inferred
chr15,19770000,19774999,chr15:15000000-19999999,sex_binary,logistic,chr15:19770000-19774999,2,0.3592132763134539,-0.3592132763134539,189.5,0.9733763783489162,-0.166393,6.407781673485197e-09,0.013126,0.463269,0.491235,dataset_confounded,target-associated methylation signal; mechanism not inferred
chr8,119535000,119539999,chr8:115000000-119999999,sex_binary,logistic,chr8:119535000-119539999,2,0.35909385289155765,-0.35909385289155765,206.5,0.993344094587229,-0.144996,3.859547369970305e-07,0.003281,0.311305,0.375309,dataset_confounded,target-associated methylation signal; mechanism not inferred
chr12,28430000,28434999,chr12:25000000-29999999,sex_binary,logistic,chr12:28430000-28434999,2,0.3589403282276259,-0.3589403282276259,170.0,0.9856635990105237,-0.104301,0.00028367647645514526,0.009844,0.488736,0.441279,dataset_confounded,target-associated methylation signal; mechanism not inferred
chr16,91865000,91869999,chr16:90000000-94999999,tissue_multiclass,logistic,chr16:91865000-91869999,5,1993.9296855037937,1993.9296855037937,1.0,0.9983235097193409,-0.1982,3.0257309823633542e-12,0.001641,0.511117,0.668137,dataset_confounded,target-associated methylation signal; mechanism not inferred
chr4,11145000,11149999,chr4:10000000-14999999,tissue_multiclass,logistic,chr4:11145000-11149999,5,1872.5720016798616,1872.5720016798616,2.6,0.9966472389607823,-0.11584,5.181193197187358e-05,0.003281,0.520253,0.86639,dataset_confounded,target-associated methylation signal; mechanism not inferred
chr10,127080000,127084999,chr10:125000000-129999999,tissue_multiclass,logistic,chr10:127080000-127084999,5,1798.484959678571,1798.484959678571,3.4,1.0,0.161199,1.518921007461941e-08,0.0,0.48236,0.750164,dataset_confounded,target-associated methylation signal; mechanism not inferred
chr10,127075000,127079999,chr10:125000000-129999999,tissue_multiclass,logistic,chr10:127075000-127079999,5,1725.3062186618795,1725.3062186618797,6.8,0.9974853743400617,0.201714,1.2486276498542976e-12,0.002461,0.608952,0.753101,dataset_confounded,target-associated methylation signal; mechanism not inferred
chr17,32395000,32399999,chr17:30000000-34999999,tissue_multiclass,logistic,chr17:32395000-32399999,5,1720.3634262993,1720.3634262993,6.8,0.9966472389607823,0.230845,3.6831463722339876e-16,0.003281,0.681967,0.862912,dataset_confounded,target-associated methylation signal; mechanism not inferred
chr2,169825000,169829999,chr2:165000000-169999999,tissue_multiclass,logistic,chr2:169825000-169829999,5,1715.5402620871148,1715.5402620871148,6.2,0.9983235097193409,0.087009,0.0023814553057986527,0.001641,0.373006,0.665986,dataset_confounded,target-associated methylation signal; mechanism not inferred
chr2,24385000,24389999,chr2:20000000-24999999,tissue_multiclass,logistic,chr2:24385000-24389999,5,1667.8924539503946,1667.8924539503946,8.4,0.9983235097193409,-0.175966,6.384106802588804e-10,0.001641,0.595471,0.79368,dataset_confounded,target-associated methylation signal; mechanism not inferred
chr15,103025000,103029999,chr15:100000000-104999999,tissue_multiclass,logistic,chr15:103025000-103029999,5,1657.2966320974526,1657.2966320974526,9.2,0.9991618646207208,0.098272,0.0005936753808424342,0.00082,0.253161,0.533062,dataset_confounded,target-associated methylation signal; mechanism not inferred
chr4,117300000,117304999,chr4:115000000-119999999,tissue_multiclass,logistic,chr4:117300000-117304999,5,1643.21636331453,1643.21636331453,9.8,0.9991616450986204,0.181405,1.8001956464044663e-10,0.00082,0.588096,0.798552,dataset_confounded,target-associated methylation signal; mechanism not inferred
chr4,140495000,140499999,chr4:140000000-144999999,tissue_multiclass,logistic,chr4:140495000-140499999,5,1606.3333241818304,1606.3333241818304,12.8,0.9983235097193409,0.054635,0.05672521550037353,0.001641,0.359229,0.718372,dataset_confounded,target-associated methylation signal; mechanism not inferred
chr4,117315000,117319999,chr4:115000000-119999999,tissue_multiclass,logistic,chr4:117315000-117319999,5,1592.5467561988964,1592.5467561988964,13.0,0.9983235097193409,0.206557,3.411517684655879e-13,0.001641,0.488079,0.737352,dataset_confounded,target-associated methylation signal; mechanism not inferred
chr8,48240000,48244999,chr8:45000000-49999999,tissue_multiclass,logistic,chr8:48240000-48244999,5,1590.2773602883294,1590.2773602883294,13.8,0.9974853743400617,-0.034922,0.22365168709361985,0.002461,0.238136,0.583158,tissue_confounded,target-associated methylation signal; mechanism not inferred
chr10,126980000,126984999,chr10:125000000-129999999,tissue_multiclass,logistic,chr10:126980000-126984999,5,1580.5770259665253,1580.5770259665253,15.8,0.9974853743400617,0.189734,2.5556919548999442e-11,0.002461,0.419328,0.491012,dataset_confounded,target-associated methylation signal; mechanism not inferred
chr1,34120000,34124999,chr1:30000000-34999999,tissue_multiclass,logistic,chr1:34120000-34124999,5,1572.0550404619753,1572.0550404619753,14.2,1.0,0.176472,5.511671178136205e-10,0.0,0.519781,0.729817,dataset_confounded,target-associated methylation signal; mechanism not inferred
chr5,29470000,29474999,chr5:25000000-29999999,tissue_multiclass,logistic,chr5:29470000-29474999,5,1567.6453088675516,1567.6453088675516,18.8,0.9991616450986204,0.145087,3.6716724097762236e-07,0.00082,0.30565,0.757585,dataset_confounded,target-associated methylation signal; mechanism not inferred
chr17,37005000,37009999,chr17:35000000-39999999,tissue_multiclass,logistic,chr17:37005000-37009999,5,1563.311361831084,1563.311361831084,14.4,0.9958088840594026,-0.179067,3.308667291011658e-10,0.004102,0.629595,0.819874,dataset_confounded,target-associated methylation signal; mechanism not inferred
chr19,44835000,44839999,chr19:40000000-44999999,tissue_multiclass,logistic,chr19:44835000-44839999,5,1547.3816102787669,1547.381610278767,17.8,0.9991616450986204,0.080963,0.004693921636893713,0.00082,0.134694,0.301774,tissue_confounded,target-associated methylation signal; mechanism not inferred
chr10,127090000,127094999,chr10:125000000-129999999,tissue_multiclass,logistic,chr10:127090000-127094999,5,1526.0790706322066,1526.0790706322064,18.8,0.9991618646207208,0.245371,3.695947734850062e-18,0.00082,0.691152,0.826617,dataset_confounded,target-associated methylation signal; mechanism not inferred
chr7,127295000,127299999,chr7:125000000-129999999,tissue_multiclass,logistic,chr7:127295000-127299999,5,1522.5410592822418,1522.5410592822418,17.4,0.9974853743400617,-0.183228,1.2156110562446822e-10,0.002461,0.531598,0.773269,dataset_confounded,target-associated methylation signal; mechanism not inferred
chr3,35730000,35734999,chr3:35000000-39999999,tissue_multiclass,logistic,chr3:35730000-35734999,5,1517.0923727416643,1517.0923727416643,18.6,0.9891029229367667,-0.185334,8.826377767662746e-11,0.010664,0.655786,0.874985,dataset_confounded,target-associated methylation signal; mechanism not inferred
chr18,5425000,5429999,chr18:5000000-9999999,tissue_multiclass,logistic,chr18:5425000-5429999,5,1502.2651016096606,1502.2651016096606,22.6,0.9966470194386821,0.215044,3.540721710018984e-14,0.003281,0.594442,0.802552,dataset_confounded,target-associated methylation signal; mechanism not inferred
chr4,133870000,133874999,chr4:130000000-134999999,tissue_multiclass,logistic,chr4:133870000-133874999,5,1498.9223484985625,1498.9223484985623,21.0,0.9974851548179613,-0.175253,7.61829639549571e-10,0.002461,0.526326,0.763402,dataset_confounded,target-associated methylation signal; mechanism not inferred
chr2,30740000,30744999,chr2:30000000-34999999,tissue_multiclass,logistic,chr2:30740000-30744999,5,1472.9978839549626,1472.9978839549626,22.0,0.9907800717837268,0.141846,7.42176786663563e-07,0.009024,0.523708,0.829976,dataset_confounded,target-associated methylation signal; mechanism not inferred
chr2,32740000,32744999,chr2:30000000-34999999,tissue_multiclass,logistic,chr2:32740000-32744999,5,1465.7429533436475,1465.7429533436475,25.6,0.9974853743400617,0.242068,1.1271572067906872e-17,0.002461,0.582906,0.825579,dataset_confounded,target-associated methylation signal; mechanism not inferred
chr5,117240000,117244999,chr5:115000000-119999999,tissue_multiclass,logistic,chr5:117240000-117244999,5,1461.125056456746,1461.125056456746,24.4,1.0,0.145264,3.512849695307837e-07,0.0,0.439931,0.855445,dataset_confounded,target-associated methylation signal; mechanism not inferred
chr17,84115000,84119999,chr17:80000000-84999999,tissue_multiclass,logistic,chr17:84115000-84119999,5,1458.1239606338945,1458.1239606338945,26.0,0.9983235097193409,-0.187807,4.005567875375544e-11,0.001641,0.610025,0.763241,dataset_confounded,target-associated methylation signal; mechanism not inferred
chr3,68690000,68694999,chr3:65000000-69999999,tissue_multiclass,logistic,chr3:68690000-68694999,5,1452.830054832631,1452.830054832631,26.2,0.9974853743400617,-0.1675,4.191070820201768e-09,0.002461,0.596512,0.786891,dataset_confounded,target-associated methylation signal; mechanism not inferred
chr7,126365000,126369999,chr7:125000000-129999999,tissue_multiclass,logistic,chr7:126365000-126369999,5,1433.9075621131285,1433.9075621131285,27.0,0.9815594850011525,-0.168221,4.748907820240527e-09,0.018048,0.58345,0.719116,dataset_confounded,target-associated methylation signal; mechanism not inferred
chr1,159670000,159674999,chr1:155000000-159999999,tissue_multiclass,logistic,chr1:159670000-159674999,5,1433.347244742191,1433.3472447421907,28.6,0.9983237292414413,0.076074,0.007930425974342568,0.001641,0.338851,0.782539,dataset_confounded,target-associated methylation signal; mechanism not inferred
chr10,22690000,22694999,chr10:20000000-24999999,tissue_multiclass,logistic,chr10:22690000-22694999,5,1407.4590073181548,1407.4590073181546,30.8,0.9991618646207208,-0.213841,4.600980020257624e-14,0.00082,0.468919,0.565033,dataset_confounded,target-associated methylation signal; mechanism not inferred
chr16,92605000,92609999,chr16:90000000-94999999,tissue_multiclass,logistic,chr16:92605000-92609999,5,1401.8673954634007,1401.8673954634007,31.2,0.9983235097193409,0.223034,3.4892649175994755e-15,0.001641,0.599984,0.788185,dataset_confounded,target-associated methylation signal; mechanism not inferred
chr8,8985000,8989999,chr8:5000000-9999999,tissue_multiclass,logistic,chr8:8985000-8989999,5,1397.2151087711684,1397.2151087711684,31.2,0.9865878582326275,-0.196652,5.945558325996569e-12,0.013126,0.619492,0.753602,dataset_confounded,target-associated methylation signal; mechanism not inferred
chr3,130575000,130579999,chr3:130000000-134999999,tissue_multiclass,logistic,chr3:130575000-130579999,5,1358.3678745724244,1358.3678745724244,35.2,0.9983235097193409,0.115439,5.425431212646019e-05,0.001641,0.309665,0.602708,dataset_confounded,target-associated methylation signal; mechanism not inferred
chr11,101160000,101164999,chr11:100000000-104999999,tissue_multiclass,logistic,chr11:101160000-101164999,5,1357.2764653409663,1357.2764653409663,35.8,1.0,-0.141497,7.043185986578687e-07,0.0,0.575971,0.783572,dataset_confounded,target-associated methylation signal; mechanism not inferred
chr2,74730000,74734999,chr2:70000000-74999999,tissue_multiclass,logistic,chr2:74730000-74734999,5,1356.8155814281406,1356.8155814281408,42.0,1.0,0.038424,0.18002593112695245,0.0,0.224642,0.382119,tissue_confounded,target-associated methylation signal; mechanism not inferred
chr3,83010000,83014999,chr3:80000000-84999999,tissue_multiclass,logistic,chr3:83010000-83014999,5,1355.829968648592,1355.8299686485918,36.4,0.9991618646207208,0.207021,2.9477449294206197e-13,0.00082,0.385747,0.658174,dataset_confounded,target-associated methylation signal; mechanism not inferred
chr11,80505000,80509999,chr11:80000000-84999999,tissue_multiclass,logistic,chr11:80505000-80509999,5,1340.7022697900984,1340.7022697900984,38.0,0.9983235097193409,-0.119811,2.7835134567497133e-05,0.001641,0.427044,0.864631,dataset_confounded,target-associated methylation signal; mechanism not inferred
chr2,148035000,148039999,chr2:145000000-149999999,tissue_multiclass,logistic,chr2:148035000-148039999,5,1335.5103588297438,1335.5103588297438,41.0,0.9991618646207208,0.1965,4.569770210703874e-12,0.00082,0.278814,0.68536,dataset_confounded,target-associated methylation signal; mechanism not inferred
chr5,115720000,115724999,chr5:115000000-119999999,tissue_multiclass,logistic,chr5:115720000-115724999,5,1314.559550053623,1314.559550053623,41.8,0.9958088840594026,-0.171021,2.0113815432105146e-09,0.004102,0.59682,0.722619,dataset_confounded,target-associated methylation signal; mechanism not inferred
chr15,79950000,79954999,chr15:75000000-79999999,tissue_multiclass,logistic,chr15:79950000-79954999,5,1306.0775487050666,1306.0775487050669,42.0,0.9974853743400617,0.17234,1.4589396434662761e-09,0.002461,0.472556,0.594052,dataset_confounded,target-associated methylation signal; mechanism not inferred
chr11,34780000,34784999,chr11:30000000-34999999,tissue_multiclass,logistic,chr11:34780000-34784999,5,1300.5681187358127,1300.5681187358127,41.8,0.9941323937787437,-0.183473,1.2305605363017807e-10,0.005742,0.565584,0.848406,dataset_confounded,target-associated methylation signal; mechanism not inferred
chr5,121825000,121829999,chr5:120000000-124999999,tissue_multiclass,logistic,chr5:121825000-121829999,5,1296.1560777599984,1296.1560777599984,43.6,1.0,0.170626,2.0326983954969e-09,0.0,0.350489,0.845682,dataset_confounded,target-associated methylation signal; mechanism not inferred
chr10,70080000,70084999,chr10:70000000-74999999,tissue_multiclass,logistic,chr10:70080000-70084999,5,1295.1100202029288,1295.1100202029288,43.0,0.9983235097193409,0.099957,0.0004790475891982772,0.001641,0.349481,0.742835,dataset_confounded,target-associated methylation signal; mechanism not inferred
chr15,82205000,82209999,chr15:80000000-84999999,tissue_multiclass,logistic,chr15:82205000-82209999,5,1275.467487750541,1275.4674877505413,46.2,0.9991618646207208,0.256145,1.0643470919517539e-19,0.00082,0.465846,0.597596,dataset_confounded,target-associated methylation signal; mechanism not inferred
chr5,136810000,136814999,chr5:135000000-139999999,tissue_multiclass,logistic,chr5:136810000-136814999,5,1273.1728852766562,1273.1728852766562,46.2,0.9983235097193409,0.10125,0.0004037644561916131,0.001641,0.325471,0.643849,dataset_confounded,target-associated methylation signal; mechanism not inferred
chr1,161395000,161399999,chr1:160000000-164999999,tissue_multiclass,logistic,chr1:161395000-161399999,5,1272.2051742359351,1272.2051742359351,46.6,0.9983235097193409,-0.211772,8.329653208393681e-14,0.001641,0.45255,0.730944,dataset_confounded,target-associated methylation signal; mechanism not inferred
chr7,113670000,113674999,chr7:110000000-114999999,tissue_multiclass,logistic,chr7:113670000-113674999,5,1270.9182290102306,1270.9182290102306,46.0,0.9983235097193409,0.086435,0.0025456233950950954,0.001641,0.321598,0.662387,dataset_confounded,target-associated methylation signal; mechanism not inferred
chr17,43240000,43244999,chr17:40000000-44999999,tissue_multiclass,logistic,chr17:43240000-43244999,5,1260.1826469284204,1260.1826469284206,50.0,0.9958088840594026,0.165453,6.675935060891378e-09,0.004102,0.483916,0.683279,dataset_confounded,target-associated methylation signal; mechanism not inferred
chr12,102365000,102369999,chr12:100000000-104999999,tissue_multiclass,logistic,chr12:102365000-102369999,5,1256.4675677069106,1256.4675677069106,50.0,0.9983235097193409,-0.211743,8.395639947689853e-14,0.001641,0.532644,0.726858,dataset_confounded,target-associated methylation signal; mechanism not inferred
chr11,11525000,11529999,chr11:10000000-14999999,tissue_multiclass,logistic,chr11:11525000-11529999,5,1256.2273904977324,1256.2273904977324,51.4,0.9983235097193409,-0.181087,1.9718873702739398e-10,0.001641,0.448694,0.681089,dataset_confounded,target-associated methylation signal; mechanism not inferred
chr11,117535000,117539999,chr11:115000000-119999999,tissue_multiclass,logistic,chr11:117535000-117539999,5,1253.8443783078587,1253.844378307859,50.4,0.9941328328229444,0.058135,0.04301999418904855,0.005742,0.463995,0.700482,dataset_confounded,target-associated methylation signal; mechanism not inferred
chr13,110475000,110479999,chr13:110000000-114999999,tissue_multiclass,logistic,chr13:110475000-110479999,5,1247.817672520619,1247.817672520619,52.2,0.9865882972768283,-0.160738,2.0732248829286184e-08,0.013126,0.629866,0.771623,dataset_confounded,target-associated methylation signal; mechanism not inferred
chr7,45240000,45244999,chr7:45000000-49999999,tissue_multiclass,logistic,chr7:45240000-45244999,5,1243.982591049625,1243.982591049625,54.0,0.9991618646207208,0.214962,3.369683487756197e-14,0.00082,0.460432,0.599823,dataset_confounded,target-associated methylation signal; mechanism not inferred
chr6,140665000,140669999,chr6:140000000-144999999,tissue_multiclass,logistic,chr6:140665000-140669999,5,1242.977695310316,1242.977695310316,53.8,0.9974853743400617,0.083446,0.0035916553890846725,0.002461,0.452845,0.694556,dataset_confounded,target-associated methylation signal; mechanism not inferred
chr8,34740000,34744999,chr8:30000000-34999999,tissue_multiclass,logistic,chr8:34740000-34744999,5,1240.321996208831,1240.321996208831,56.2,0.9983235097193409,-0.186455,5.546627838893287e-11,0.001641,0.606773,0.753765,dataset_confounded,target-associated methylation signal; mechanism not inferred
chr10,6975000,6979999,chr10:5000000-9999999,tissue_multiclass,logistic,chr10:6975000-6979999,5,1236.827295477991,1236.827295477991,55.2,0.9983235097193409,-0.176897,5.169944992416336e-10,0.001641,0.469921,0.73992,dataset_confounded,target-associated methylation signal; mechanism not inferred
chr2,62575000,62579999,chr2:60000000-64999999,tissue_multiclass,logistic,chr2:62575000-62579999,5,1227.2248360864883,1227.2248360864885,57.6,0.9983235097193409,-0.182131,1.5456715358172197e-10,0.001641,0.475873,0.669708,dataset_confounded,target-associated methylation signal; mechanism not inferred
chr8,103805000,103809999,chr8:100000000-104999999,tissue_multiclass,logistic,chr8:103805000-103809999,5,1222.0576393759097,1222.0576393759097,59.0,0.9974853743400617,0.069817,0.014889574962912952,0.002461,0.291987,0.657809,dataset_confounded,target-associated methylation signal; mechanism not inferred
chr14,7850000,7854999,chr14:5000000-9999999,tissue_multiclass,logistic,chr14:7850000-7854999,5,1219.602552311503,1219.602552311503,60.4,0.9681475627558804,0.215478,7.137495392340689e-14,0.031173,0.576565,0.744926,dataset_confounded,target-associated methylation signal; mechanism not inferred
chr7,110295000,110299999,chr7:110000000-114999999,tissue_multiclass,logistic,chr7:110295000-110299999,5,1218.4648957512159,1218.4648957512159,59.0,0.9983235097193409,0.174988,7.958742485076178e-10,0.001641,0.355454,0.786062,dataset_confounded,target-associated methylation signal; mechanism not inferred
chr19,59470000,59474999,chr19:55000000-59999999,tissue_multiclass,logistic,chr19:59470000-59474999,5,1216.0756527960998,1216.0756527960998,62.8,0.9974853743400617,0.053029,0.06451549030567219,0.002461,0.194709,0.44244,tissue_confounded,target-associated methylation signal; mechanism not inferred
chr19,7420000,7424999,chr19:5000000-9999999,tissue_multiclass,logistic,chr19:7420000-7424999,5,1215.42762835668,1215.4276283566803,60.6,0.9991618646207208,0.222076,4.48575662714731e-15,0.00082,0.475375,0.728333,dataset_confounded,target-associated methylation signal; mechanism not inferred
chr10,5200000,5204999,chr10:5000000-9999999,tissue_multiclass,logistic,chr10:5200000-5204999,5,1215.3485082408174,1215.3485082408174,61.0,0.9983235097193409,-0.120912,2.3444542788968897e-05,0.001641,0.427427,0.736319,dataset_confounded,target-associated methylation signal; mechanism not inferred
chr16,76000000,76004999,chr16:75000000-79999999,tissue_multiclass,logistic,chr16:76000000-76004999,5,1214.8054554089929,1214.8054554089927,62.6,0.9664706334310207,-0.172119,2.7119884723981023e-09,0.032814,0.60336,0.801901,dataset_confounded,target-associated methylation signal; mechanism not inferred
chr15,25605000,25609999,chr15:25000000-29999999,tissue_multiclass,logistic,chr15:25605000-25609999,5,1214.3853479224867,1214.3853479224867,63.0,0.9983235097193409,0.184694,8.44391081814925e-11,0.001641,0.313266,0.628074,dataset_confounded,target-associated methylation signal; mechanism not inferred
chr11,95895000,95899999,chr11:95000000-99999999,tissue_multiclass,logistic,chr11:95895000-95899999,5,1185.9995253904472,1185.9995253904472,67.4,0.9958091035815031,-0.180337,2.4695344700621196e-10,0.004102,0.547701,0.763051,dataset_confounded,target-associated methylation signal; mechanism not inferred
chr8,117525000,117529999,chr8:115000000-119999999,tissue_multiclass,logistic,chr8:117525000-117529999,5,1181.1216786874193,1181.1216786874193,70.6,0.9991618646207208,-0.214966,3.365605920142476e-14,0.00082,0.55267,0.699145,dataset_confounded,target-associated methylation signal; mechanism not inferred
chr7,25700000,25704999,chr7:25000000-29999999,tissue_multiclass,logistic,chr7:25700000-25704999,5,1169.6704296333842,1169.6704296333842,70.8,0.9882647875574874,0.231043,4.583775926377776e-16,0.011485,0.514186,0.740117,dataset_confounded,target-associated methylation signal; mechanism not inferred
chr10,7045000,7049999,chr10:5000000-9999999,tissue_multiclass,logistic,chr10:7045000-7049999,5,1166.4237962088707,1166.4237962088707,73.6,0.9991618646207208,0.075138,0.008707637621186664,0.00082,0.432256,0.674363,dataset_confounded,target-associated methylation signal; mechanism not inferred
chr4,151585000,151589999,chr4:150000000-154999999,tissue_multiclass,logistic,chr4:151585000-151589999,5,1164.8528379169966,1164.8528379169966,73.8,0.9949707486801234,0.064862,0.02387980967310266,0.004922,0.299471,0.651378,dataset_confounded,target-associated methylation signal; mechanism not inferred
chr10,118085000,118089999,chr10:115000000-119999999,tissue_multiclass,logistic,chr10:118085000-118089999,5,1162.9504950669955,1162.9504950669957,72.8,0.9564119112691671,-0.189394,6.931261070061252e-11,0.042658,0.61095,0.785064,dataset_confounded,target-associated methylation signal; mechanism not inferred
chr4,82685000,82689999,chr4:80000000-84999999,tissue_multiclass,logistic,chr4:82685000-82689999,5,1158.922422930591,1158.922422930591,74.2,0.9958091035815031,-0.189618,2.7294438984245405e-11,0.004102,0.490666,0.672651,dataset_confounded,target-associated methylation signal; mechanism not inferred
chr8,120045000,120049999,chr8:120000000-124999999,tissue_multiclass,logistic,chr8:120045000-120049999,5,1157.2288461939065,1157.2288461939065,75.4,0.9941323937787437,-0.203837,7.81529625607151e-13,0.005742,0.605094,0.701174,dataset_confounded,target-associated methylation signal; mechanism not inferred
chr7,4725000,4729999,chr7:0-4999999,tissue_multiclass,logistic,chr7:4725000-4729999,5,1155.2197988253502,1155.2197988253502,76.4,0.9974853743400617,-0.194012,8.890156829517982e-12,0.002461,0.444497,0.793278,dataset_confounded,target-associated methylation signal; mechanism not inferred
chr3,106460000,106464999,chr3:105000000-109999999,tissue_multiclass,logistic,chr3:106460000-106464999,5,1154.6533637920832,1154.6533637920832,76.2,0.973176814075757,-0.196753,8.500970831645888e-12,0.028712,0.644287,0.869613,dataset_confounded,target-associated methylation signal; mechanism not inferred
chr13,24500000,24504999,chr13:20000000-24999999,tissue_multiclass,logistic,chr13:24500000-24504999,5,1147.4876701322823,1147.4876701322823,79.0,0.9991618646207208,-0.189212,2.7961535346549502e-11,0.00082,0.58019,0.789393,dataset_confounded,target-associated methylation signal; mechanism not inferred
chr2,71735000,71739999,chr2:70000000-74999999,tissue_multiclass,logistic,chr2:71735000-71739999,5,1147.2049504583297,1147.2049504583297,79.6,0.9924561230201852,-0.192482,1.4887079222454568e-11,0.008203,0.637199,0.804639,dataset_confounded,target-associated methylation signal; mechanism not inferred
chr1,193140000,193144999,chr1:190000000-194999999,tissue_multiclass,logistic,chr1:193140000-193144999,5,1142.7023749493887,1142.7023749493887,81.4,0.9865882972768283,-0.15868,3.188338559347304e-08,0.013946,0.57896,0.703107,dataset_confounded,target-associated methylation signal; mechanism not inferred
chr18,70805000,70809999,chr18:70000000-74999999,tissue_multiclass,logistic,chr18:70805000-70809999,5,1140.9872910498418,1140.9872910498418,80.8,0.9706626274600195,0.210409,2.7070875517894126e-13,0.030353,0.643443,0.728904,dataset_confounded,target-associated methylation signal; mechanism not inferred
chr9,56085000,56089999,chr9:55000000-59999999,tissue_multiclass,logistic,chr9:56085000-56089999,5,1137.9659005728456,1137.9659005728456,81.6,0.9983235097193409,-0.191042,1.8207447057327356e-11,0.001641,0.460604,0.601206,dataset_confounded,target-associated methylation signal; mechanism not inferred
chr7,127135000,127139999,chr7:125000000-129999999,tissue_multiclass,logistic,chr7:127135000-127139999,5,1137.8724656814302,1137.8724656814302,80.6,0.9723384591743773,-0.17973,4.549291078193003e-10,0.027071,0.638969,0.811977,dataset_confounded,target-associated methylation signal; mechanism not inferred
chr6,50805000,50809999,chr6:50000000-54999999,tissue_multiclass,logistic,chr6:50805000-50809999,5,1134.023726121742,1134.0237261217417,82.4,0.9974853743400617,0.096632,0.0007405462396257379,0.002461,0.360138,0.555851,dataset_confounded,target-associated methylation signal; mechanism not inferred
chr5,134220000,134224999,chr5:130000000-134999999,tissue_multiclass,logistic,chr5:134220000-134224999,5,1129.3174765644096,1129.3174765644098,82.4,0.9983237292414413,0.251722,4.817798287275873e-19,0.001641,0.499886,0.649739,dataset_confounded,target-associated methylation signal; mechanism not inferred
chr4,135895000,135899999,chr4:135000000-139999999,tissue_multiclass,logistic,chr4:135895000-135899999,5,1126.7668349426986,1126.7668349426986,85.0,0.9974853743400617,-0.181457,1.8403089663603043e-10,0.002461,0.340468,0.498184,dataset_confounded,target-associated methylation signal; mechanism not inferred
chr4,154515000,154519999,chr4:150000000-154999999,tissue_multiclass,logistic,chr4:154515000-154519999,5,1122.6755829389808,1122.675582938981,86.2,0.9974853743400617,-0.236166,7.107153241097868e-17,0.002461,0.498943,0.731919,dataset_confounded,target-associated methylation signal; mechanism not inferred
chr5,33505000,33509999,chr5:30000000-34999999,tissue_multiclass,logistic,chr5:33505000-33509999,5,1119.4110158837705,1119.4110158837705,87.0,0.9966472389607823,-0.089509,0.00178973115369938,0.003281,0.248321,0.538327,tissue_confounded,target-associated methylation signal; mechanism not inferred
chr11,94490000,94494999,chr11:90000000-94999999,tissue_multiclass,logistic,chr11:94490000-94494999,5,1117.0490172269758,1117.0490172269758,90.2,0.9991616450986204,-0.003766,0.8955469713129175,0.00082,0.424354,0.782029,dataset_confounded,target-associated methylation signal; mechanism not inferred
chr11,97500000,97504999,chr11:95000000-99999999,tissue_multiclass,logistic,chr11:97500000-97504999,5,1116.095696555,1116.095696555,89.4,1.0,0.084885,0.0030170340286258257,0.0,0.260818,0.569278,dataset_confounded,target-associated methylation signal; mechanism not inferred
chr18,59060000,59064999,chr18:55000000-59999999,tissue_multiclass,logistic,chr18:59060000-59064999,5,1114.2266506561755,1114.2266506561755,90.6,0.9983235097193409,0.048639,0.08987242819838916,0.001641,0.257859,0.64086,dataset_confounded,target-associated methylation signal; mechanism not inferred
chr10,81360000,81364999,chr10:80000000-84999999,tissue_multiclass,logistic,chr10:81360000-81364999,5,1111.591284253652,1111.5912842536522,90.2,0.9991618646207208,0.13587,1.9448240568681863e-06,0.00082,0.412319,0.558852,dataset_confounded,target-associated methylation signal; mechanism not inferred
chr6,52170000,52174999,chr6:50000000-54999999,tissue_multiclass,logistic,chr6:52170000-52174999,5,1104.8140985474777,1104.8140985474777,90.0,0.9974853743400617,0.220038,8.465512260292072e-15,0.002461,0.606338,0.863255,dataset_confounded,target-associated methylation signal; mechanism not inferred
chr7,46540000,46544999,chr7:45000000-49999999,tissue_multiclass,logistic,chr7:46540000-46544999,5,1099.2075439083433,1099.2075439083433,94.6,0.9932938193552635,-0.101121,0.0004245267853786455,0.006563,0.493391,0.839783,dataset_confounded,target-associated methylation signal; mechanism not inferred
chr7,83650000,83654999,chr7:80000000-84999999,tissue_multiclass,logistic,chr7:83650000-83654999,5,1098.030099964446,1098.030099964446,95.6,0.9974853743400617,-0.176521,5.722388661323167e-10,0.002461,0.561382,0.783091,dataset_confounded,target-associated methylation signal; mechanism not inferred
chr3,122510000,122514999,chr3:120000000-124999999,tissue_multiclass,logistic,chr3:122510000-122514999,5,1097.9358357243898,1097.9358357243898,96.4,0.9983235097193409,0.136686,1.7018970777340642e-06,0.001641,0.382911,0.780862,dataset_confounded,target-associated methylation signal; mechanism not inferred
chr3,96685000,96689999,chr3:95000000-99999999,tissue_multiclass,logistic,chr3:96685000-96689999,5,1096.6255233498443,1096.6255233498443,95.8,0.9983235097193409,-0.161145,1.5782594717322215e-08,0.001641,0.44558,0.615222,dataset_confounded,target-associated methylation signal; mechanism not inferred
chr10,127325000,127329999,chr10:125000000-129999999,tissue_multiclass,logistic,chr10:127325000-127329999,5,1092.4085748387715,1092.4085748387718,97.2,1.0,0.228486,6.676272988182309e-16,0.0,0.47901,0.562966,dataset_confounded,target-associated methylation signal; mechanism not inferred
chr5,122650000,122654999,chr5:120000000-124999999,tissue_multiclass,logistic,chr5:122650000-122654999,5,1088.5075494769367,1088.5075494769364,99.6,0.9974851548179613,-0.135137,2.2534071149975457e-06,0.002461,0.598453,0.800437,dataset_confounded,target-associated methylation signal; mechanism not inferred
chr5,65860000,65864999,chr5:65000000-69999999,tissue_multiclass,logistic,chr5:65860000-65864999,5,1087.696279218871,1087.696279218871,98.6,0.9874264326561077,-0.164679,9.056704212163203e-09,0.012305,0.571627,0.846599,dataset_confounded,target-associated methylation signal; mechanism not inferred
chr5,122675000,122679999,chr5:120000000-124999999,tissue_multiclass,logistic,chr5:122675000-122679999,5,1086.5099977938403,1086.5099977938403,97.2,0.9136645921828179,-0.172398,6.782570986648356e-09,0.084495,0.605878,0.845964,dataset_confounded,target-associated methylation signal; mechanism not inferred
chr11,61145000,61149999,chr11:60000000-64999999,tissue_multiclass,logistic,chr11:61145000-61149999,5,1083.5633982338964,1083.5633982338961,101.2,1.0,0.181072,1.9125429488005076e-10,0.0,0.468866,0.577455,dataset_confounded,target-associated methylation signal; mechanism not inferred
